seed,epoch,mean_f,best_f,p_left,p_right,occupied_basins,unique_left,unique_right,mean_f_left,mean_f_right,spread_left,spread_right
42,0,0.7616021633148193,0.00020824636158067733,0.49444580078125,0.50555419921875,2,1327,1137,0.7463897466659546,0.7764802575111389,0.7188590168952942,0.6498392224311829
42,20,0.5840457081794739,0.00020824636158067733,0.5533447265625,0.4466552734375,2,1318,1086,0.532774031162262,0.6475642919540405,0.6556704640388489,0.5958355069160461
42,40,0.4381215274333954,0.00020824636158067733,0.6319580078125,0.3680419921875,2,1269,957,0.38704708218574524,0.5258204936981201,0.5904026031494141,0.5349676609039307
42,60,0.33385229110717773,0.00020824636158067733,0.70196533203125,0.29803466796875,2,1190,820,0.290496826171875,0.4359680712223053,0.5300876498222351,0.4714439809322357
42,80,0.2717786133289337,0.00020824636158067733,0.75244140625,0.24755859375,2,1103,692,0.2330271303653717,0.38956165313720703,0.48158925771713257,0.42207154631614685
42,100,0.23227015137672424,0.00020824636158067733,0.7926025390625,0.2073974609375,2,1030,595,0.19776234030723572,0.36414724588394165,0.44463151693344116,0.3802068531513214
42,120,0.20571954548358917,0.00020824636158067733,0.823974609375,0.176025390625,2,969,524,0.17523889243602753,0.34839949011802673,0.4182487428188324,0.3514055013656616
42,140,0.18515805900096893,0.00020824636158067733,0.8538818359375,0.1461181640625,2,928,455,0.1586274653673172,0.3401969373226166,0.3978353440761566,0.32814300060272217
42,160,0.16912497580051422,0.00020824636158067733,0.87567138671875,0.12432861328125,2,880,416,0.14549505710601807,0.33555522561073303,0.3811427056789398,0.3135376274585724
42,180,0.15596598386764526,0.00020824636158067733,0.89697265625,0.10302734375,2,847,380,0.13561685383319855,0.33312880992889404,0.3681485056877136,0.3033176362514496
42,200,0.14593511819839478,0.00020824636158067733,0.91058349609375,0.08941650390625,2,830,358,0.1277114748954773,0.33151760697364807,0.35730060935020447,0.29637807607650757
42,220,0.13668541610240936,0.00020824636158067733,0.9222412109375,0.0777587890625,2,806,331,0.12061383575201035,0.3272988200187683,0.34715068340301514,0.286122590303421
42,240,0.12811367213726044,0.00020824636158067733,0.9329833984375,0.0670166015625,2,786,320,0.11394274234771729,0.32539668679237366,0.3374748229980469,0.2813433110713959
42,260,0.12296736240386963,0.00020824636158067733,0.93695068359375,0.06304931640625,2,770,298,0.10943123698234558,0.3241223990917206,0.3306644558906555,0.27723127603530884
42,280,0.11911585927009583,0.00020824636158067733,0.94085693359375,0.05914306640625,2,765,284,0.10643703490495682,0.320812463760376,0.3260363042354584,0.2739388644695282
42,300,0.11535665392875671,0.00020824636158067733,0.9443359375,0.0556640625,2,749,282,0.10335496068000793,0.31896451115608215,0.32131344079971313,0.27260535955429077
42,320,0.1126878410577774,0.00020824636158067733,0.94549560546875,0.05450439453125,2,746,281,0.10100726783275604,0.3153124451637268,0.31763267517089844,0.27119818329811096
42,340,0.11118427664041519,0.00020824636158067733,0.94580078125,0.05419921875,2,738,272,0.09964082390069962,0.31262296438217163,0.31540271639823914,0.2717131972312927
42,360,0.10913923382759094,0.00020824636158067733,0.947021484375,0.052978515625,2,732,275,0.09785998612642288,0.3107622563838959,0.31259995698928833,0.27426081895828247
42,380,0.10781514644622803,0.00020824636158067733,0.9473876953125,0.0526123046875,2,732,272,0.09671927243471146,0.30761808156967163,0.31070566177368164,0.27457740902900696
42,400,0.1069357693195343,0.00020824636158067733,0.94769287109375,0.05230712890625,2,728,267,0.0959826186299324,0.30538320541381836,0.3095606863498688,0.2781452536582947
42,420,0.10733815282583237,0.00020824636158067733,0.94610595703125,0.05389404296875,2,731,286,0.0960395485162735,0.30568432807922363,0.30956903100013733,0.2826858460903168
42,440,0.10758503526449203,0.00020824636158067733,0.94500732421875,0.05499267578125,2,737,279,0.09604443609714508,0.30590134859085083,0.30942124128341675,0.2876228094100952
42,460,0.10642990469932556,0.00020824636158067733,0.94512939453125,0.05487060546875,2,728,285,0.0949031412601471,0.30497458577156067,0.3077954351902008,0.29127562046051025
42,480,0.10656214505434036,0.00020824636158067733,0.94378662109375,0.05621337890625,2,728,290,0.09477068483829498,0.3045331835746765,0.30757179856300354,0.2934104800224304
42,500,0.10680652409791946,0.00020824636158067733,0.94281005859375,0.05718994140625,2,730,297,0.09487240016460419,0.3035474419593811,0.3075906038284302,0.2957168221473694
42,520,0.10682466626167297,0.00020824636158067733,0.94171142578125,0.05828857421875,2,731,295,0.09465119987726212,0.3034994602203369,0.30737000703811646,0.29990479350090027
42,540,0.1078227311372757,0.00020824636158067733,0.93988037109375,0.06011962890625,2,739,302,0.09529752284288406,0.3036355674266815,0.30816730856895447,0.3006270229816437
42,560,0.1078910231590271,0.00020824636158067733,0.93914794921875,0.06085205078125,2,735,313,0.09507772326469421,0.30564242601394653,0.30799829959869385,0.3051280975341797
42,580,0.10810054838657379,0.00020824636158067733,0.937255859375,0.062744140625,2,733,322,0.09478489309549332,0.3070063292980194,0.3075938820838928,0.30938440561294556
42,600,0.10897139459848404,0.00020824636158067733,0.93487548828125,0.06512451171875,2,736,345,0.09501367807388306,0.30933722853660583,0.30786994099617004,0.3140919804573059
42,620,0.10904597491025925,0.00020824636158067733,0.93310546875,0.06689453125,2,744,348,0.09468075633049011,0.3094252347946167,0.307394415140152,0.3173002004623413
42,640,0.10978443175554276,0.00020824636158067733,0.930908203125,0.069091796875,2,743,372,0.09469963610172272,0.31302934885025024,0.30744054913520813,0.3232405483722687
42,660,0.11009588092565536,0.00020824636158067733,0.92913818359375,0.07086181640625,2,735,389,0.09453678131103516,0.31410637497901917,0.3072219789028168,0.32697394490242004
42,680,0.110215924680233,0.00020824636158067733,0.92840576171875,0.07159423828125,2,737,380,0.0946396216750145,0.3122033476829529,0.3072737455368042,0.32660457491874695
42,700,0.11008365452289581,0.00020824636158067733,0.9276123046875,0.0723876953125,2,736,387,0.09420479834079742,0.3135632276535034,0.3066420257091522,0.3294571340084076
42,720,0.1101563349366188,0.00020824636158067733,0.92742919921875,0.07257080078125,2,738,402,0.09400419890880585,0.3165748417377472,0.30637678503990173,0.33372002840042114
42,740,0.11067616194486618,0.00020824636158067733,0.92706298828125,0.07293701171875,2,737,398,0.09459738433361053,0.3150446116924286,0.30721986293792725,0.33294227719306946
42,760,0.11105351895093918,0.00020824636158067733,0.92572021484375,0.07427978515625,2,740,402,0.09458596259355545,0.3162821829319,0.30715295672416687,0.33503228425979614
42,780,0.1111908107995987,0.00020824636158067733,0.9254150390625,0.0745849609375,2,740,397,0.09474048018455505,0.31529873609542847,0.3075156509876251,0.33470848202705383
42,800,0.11065270751714706,0.00020824636158067733,0.92596435546875,0.07403564453125,2,739,402,0.09413637220859528,0.31722256541252136,0.3065507113933563,0.33655688166618347
42,820,0.11038011312484741,0.00020824636158067733,0.92584228515625,0.07415771484375,2,733,410,0.09396561980247498,0.3153111934661865,0.30627501010894775,0.3346671164035797
42,840,0.11119809746742249,0.00020824636158067733,0.92523193359375,0.07476806640625,2,743,413,0.09460686892271042,0.3165094554424286,0.3073832094669342,0.3367363214492798
42,860,0.11123926937580109,0.00020824636158067733,0.92462158203125,0.07537841796875,2,738,417,0.09454011917114258,0.31607764959335327,0.3071795403957367,0.33641567826271057
42,880,0.11092613637447357,0.00020824636158067733,0.92474365234375,0.07525634765625,2,733,399,0.09439698606729507,0.3140348494052887,0.3070463538169861,0.33349233865737915
42,900,0.11182299256324768,0.00020824636158067733,0.92401123046875,0.07598876953125,2,734,405,0.0949803963303566,0.31662628054618835,0.30780458450317383,0.33609524369239807
42,920,0.11195074766874313,0.00020824636158067733,0.9227294921875,0.0772705078125,2,735,416,0.09496613591909409,0.3147734999656677,0.30789363384246826,0.3348221480846405
42,940,0.11165285110473633,0.00020824636158067733,0.923583984375,0.076416015625,2,735,418,0.09458042681217194,0.317994624376297,0.30735865235328674,0.33874210715293884
42,960,0.11213360726833344,0.00020824636158067733,0.9217529296875,0.0782470703125,2,729,418,0.09468815475702286,0.3176417648792267,0.3074415624141693,0.33866429328918457
42,980,0.11140670627355576,0.00020824636158067733,0.92205810546875,0.07794189453125,2,734,418,0.0940771996974945,0.31641605496406555,0.3064885139465332,0.33685827255249023
42,1000,0.11144204437732697,0.00020824636158067733,0.9219970703125,0.0780029296875,2,737,427,0.093967005610466,0.31799760460853577,0.30641305446624756,0.3388608396053314
42,1020,0.11206218600273132,0.00020824636158067733,0.92108154296875,0.07891845703125,2,733,416,0.09462609142065048,0.31556427478790283,0.3073766827583313,0.3362727165222168
42,1040,0.11212024837732315,0.00020824636158067733,0.92108154296875,0.07891845703125,2,733,435,0.09445878118276596,0.31825265288352966,0.3071528673171997,0.33961236476898193
42,1060,0.11194799095392227,0.00020824636158067733,0.9205322265625,0.0794677734375,2,736,419,0.09429272264242172,0.3164616525173187,0.3068878650665283,0.33779340982437134
42,1080,0.11238448321819305,0.00020824636158067733,0.9202880859375,0.0797119140625,2,744,433,0.09452987462282181,0.31851908564567566,0.3073110580444336,0.34037548303604126
42,1100,0.11182904988527298,0.00020824636158067733,0.91900634765625,0.08099365234375,2,731,418,0.09397796541452408,0.31437885761260986,0.3063954710960388,0.3350101709365845
42,1120,0.11306500434875488,0.00020824636158067733,0.91845703125,0.08154296875,2,741,433,0.09489161521196365,0.31776031851768494,0.3077148199081421,0.3385713994503021
42,1140,0.11236238479614258,0.00020824636158067733,0.91827392578125,0.08172607421875,2,736,434,0.09423115104436874,0.3160848021507263,0.3067784011363983,0.33694544434547424
42,1160,0.11193852126598358,0.00020824636158067733,0.91815185546875,0.08184814453125,2,733,433,0.0936368778347969,0.317241907119751,0.30578720569610596,0.33813366293907166
42,1180,0.11154910922050476,0.00020824636158067733,0.9178466796875,0.0821533203125,2,734,436,0.09344011545181274,0.313869446516037,0.3055301308631897,0.3346007168292999
42,1200,0.11179020255804062,0.00020824636158067733,0.91778564453125,0.08221435546875,2,737,423,0.09366024285554886,0.31418082118034363,0.30580949783325195,0.3341563045978546
42,1220,0.11262241005897522,0.00020824636158067733,0.916748046875,0.083251953125,2,741,436,0.0942193940281868,0.3152714967727661,0.3067936301231384,0.33593687415122986
42,1240,0.11268387734889984,0.00020824636158067733,0.91607666015625,0.08392333984375,2,734,420,0.0942104235291481,0.31433340907096863,0.3067491054534912,0.3352588415145874
42,1260,0.11234224587678909,0.00020824636158067733,0.91644287109375,0.08355712890625,2,740,437,0.09383334964513779,0.31534528732299805,0.3061641454696655,0.33609887957572937
42,1280,0.11285228282213211,0.00020824636158067733,0.9154052734375,0.0845947265625,2,740,425,0.09422227740287781,0.3144487738609314,0.30674120783805847,0.3355739712715149
42,1300,0.11252328753471375,0.00020824636158067733,0.91522216796875,0.08477783203125,2,737,419,0.09384762495756149,0.3141372501850128,0.3061237335205078,0.33506545424461365
42,1320,0.11252375692129135,0.00020824636158067733,0.9146728515625,0.0853271484375,2,736,427,0.09371747821569443,0.3141193985939026,0.30594122409820557,0.3349709212779999
42,1340,0.11296816170215607,0.00020824636158067733,0.9140625,0.0859375,2,737,438,0.0939844399690628,0.31488582491874695,0.3064408302307129,0.33672410249710083
42,1360,0.1134670078754425,0.00020824636158067733,0.9129638671875,0.0870361328125,2,734,440,0.09404788911342621,0.3171633780002594,0.30649664998054504,0.3391452431678772
42,1380,0.1130150631070137,0.00020824636158067733,0.9124755859375,0.0875244140625,2,740,438,0.09390247613191605,0.31227099895477295,0.30623167753219604,0.3333326280117035
42,1400,0.11316395550966263,0.00020824636158067733,0.91265869140625,0.08734130859375,2,742,439,0.0937722697854042,0.31579428911209106,0.3060322105884552,0.3375970125198364
42,1420,0.11290113627910614,0.00020824636158067733,0.91168212890625,0.08831787109375,2,740,434,0.09353035688400269,0.3128605782985687,0.30559781193733215,0.333697646856308
42,1440,0.11320926994085312,0.00020824636158067733,0.91131591796875,0.08868408203125,2,738,449,0.09378783404827118,0.31278350949287415,0.3060227036476135,0.33392614126205444
42,1460,0.11365719139575958,0.00020824636158067733,0.9111328125,0.0888671875,2,744,454,0.0938844308257103,0.31638234853744507,0.3061898648738861,0.33809134364128113
42,1480,0.11356857419013977,0.00020824636158067733,0.91070556640625,0.08929443359375,2,734,451,0.09399136155843735,0.31323474645614624,0.3063806891441345,0.3345705270767212
42,1500,0.11332046240568161,0.00020824636158067733,0.9112548828125,0.0887451171875,2,734,443,0.09393090754747391,0.31241679191589355,0.3062330186367035,0.3331727385520935
42,1520,0.1129101812839508,0.00020824636158067733,0.91058349609375,0.08941650390625,2,736,449,0.09339818358421326,0.3116128742694855,0.3053719103336334,0.3324665427207947
42,1540,0.1135023757815361,0.00020824636158067733,0.91009521484375,0.08990478515625,2,732,445,0.09385369718074799,0.31240352988243103,0.30605340003967285,0.3328239619731903
42,1560,0.11369465291500092,0.00020824636158067733,0.90960693359375,0.09039306640625,2,736,447,0.09404598921537399,0.31141501665115356,0.3063993453979492,0.3317100405693054
42,1580,0.11432002484798431,0.00020824636158067733,0.90850830078125,0.09149169921875,2,740,458,0.09429701417684555,0.313147634267807,0.30678290128707886,0.33367034792900085
42,1600,0.1133478432893753,0.00020824636158067733,0.9090576171875,0.0909423828125,2,740,451,0.09351427853107452,0.31160369515419006,0.30554741621017456,0.3321950137615204
42,1620,0.11351562291383743,0.00020824636158067733,0.907958984375,0.092041015625,2,741,447,0.09369336068630219,0.3090565800666809,0.30585455894470215,0.3288786709308624
42,1640,0.11319835484027863,0.00020824636158067733,0.90814208984375,0.09185791015625,2,738,446,0.09341520071029663,0.30878207087516785,0.30542269349098206,0.3282496929168701
42,1660,0.11309584975242615,0.00020824636158067733,0.9093017578125,0.0906982421875,2,741,439,0.09344355762004852,0.3101215064525604,0.3055477440357208,0.3293468654155731
42,1680,0.11341299116611481,0.00020824636158067733,0.90771484375,0.09228515625,2,739,449,0.0935317799448967,0.30896419286727905,0.3057178854942322,0.3282630741596222
42,1700,0.1143987849354744,0.00020824636158067733,0.90606689453125,0.09393310546875,2,733,463,0.09404467791318893,0.31073182821273804,0.3064614534378052,0.3309481143951416
42,1720,0.11340725421905518,0.00020824636158067733,0.90631103515625,0.09368896484375,2,737,459,0.0929344967007637,0.31145286560058594,0.30467668175697327,0.3314058184623718
42,1740,0.11377077549695969,0.00020824636158067733,0.90570068359375,0.09429931640625,2,738,459,0.09337954223155975,0.3096189498901367,0.3054165542125702,0.3296213746070862
42,1760,0.11354531347751617,0.00020824636158067733,0.90545654296875,0.09454345703125,2,741,454,0.0932614803314209,0.3078065514564514,0.3052336871623993,0.3269948661327362
42,1780,0.11403297632932663,0.00020824636158067733,0.90496826171875,0.09503173828125,2,744,466,0.09340269863605499,0.3104909360408783,0.3054247796535492,0.330120712518692
42,1800,0.11377552151679993,0.00020824636158067733,0.90679931640625,0.09320068359375,2,747,464,0.09367521107196808,0.30934199690818787,0.30595099925994873,0.32882216572761536
42,1820,0.11362158507108688,0.00020824636158067733,0.9058837890625,0.0941162109375,2,746,463,0.09327349066734314,0.309475302696228,0.30521565675735474,0.3287374973297119
42,1840,0.11357760429382324,0.00020824636158067733,0.9053955078125,0.0946044921875,2,740,458,0.09335900843143463,0.3070760667324066,0.30541810393333435,0.3257542848587036
42,1860,0.11409474164247513,0.00020824636158067733,0.90380859375,0.09619140625,2,743,459,0.09344199299812317,0.30814656615257263,0.3055514395236969,0.3273191452026367
42,1880,0.11503654718399048,0.00020824636158067733,0.90179443359375,0.09820556640625,2,739,464,0.09383972734212875,0.3096809387207031,0.3061369061470032,0.3292977809906006
42,1900,0.11482623219490051,0.00020824636158067733,0.901611328125,0.098388671875,2,742,469,0.09361852705478668,0.3091687262058258,0.3057781159877777,0.3288143575191498
42,1920,0.11494828015565872,0.00020824636158067733,0.9017333984375,0.0982666015625,2,743,474,0.0935608297586441,0.3112080693244934,0.30567097663879395,0.3311070203781128
42,1940,0.11441749334335327,0.00020824636158067733,0.9012451171875,0.0987548828125,2,738,461,0.09331338107585907,0.3070153295993805,0.30535247921943665,0.3260681927204132
42,1960,0.11462147533893585,0.00020824636158067733,0.90179443359375,0.09820556640625,2,741,484,0.09327758848667145,0.31061649322509766,0.30529099702835083,0.3305172026157379
42,1980,0.11379969120025635,0.00020824636158067733,0.901611328125,0.098388671875,2,733,468,0.09263937920331955,0.30770790576934814,0.3042425215244293,0.326585978269577
42,2000,0.11428903788328171,0.00020824636158067733,0.90093994140625,0.09906005859375,2,739,471,0.0930689200758934,0.3072836697101593,0.3049403727054596,0.3261260986328125
43,0,0.6960572004318237,0.00020824636158067733,0.4755859375,0.5244140625,2,1331,1142,0.6155489683151245,0.7690693140029907,0.7225677967071533,0.6648993492126465
43,20,0.5189520716667175,0.00020824636158067733,0.54937744140625,0.45062255859375,2,1308,1091,0.441632479429245,0.6132162809371948,0.6444877982139587,0.5930694937705994
43,40,0.382241427898407,0.00020824636158067733,0.63262939453125,0.36737060546875,2,1233,962,0.3166825771331787,0.4951368272304535,0.5611785650253296,0.5196859836578369
43,60,0.29647669196128845,0.00020824636158067733,0.7054443359375,0.2945556640625,2,1119,825,0.24311265349388123,0.4242805242538452,0.4905204176902771,0.4609230160713196
43,80,0.24796025454998016,0.00020824636158067733,0.76104736328125,0.23895263671875,2,1044,695,0.20586012303829193,0.38204625248908997,0.4473675787448883,0.413782000541687
43,100,0.21795162558555603,0.00020824636158067733,0.8076171875,0.1923828125,2,985,608,0.18357467651367188,0.36226481199264526,0.4231007695198059,0.3808637857437134
43,120,0.19567032158374786,0.00020824636158067733,0.84112548828125,0.15887451171875,2,959,531,0.16708305478096008,0.3470192551612854,0.4053364396095276,0.3533945083618164
43,140,0.17889970541000366,0.00020824636158067733,0.85833740234375,0.14166259765625,2,918,487,0.15245623886585236,0.33912137150764465,0.3884183466434479,0.3346520960330963
43,160,0.16565853357315063,0.00020824636158067733,0.8751220703125,0.1248779296875,2,889,446,0.14176303148269653,0.3331139385700226,0.3756069242954254,0.3208231031894684
43,180,0.15491145849227905,0.00020824636158067733,0.8875732421875,0.1124267578125,2,855,411,0.13319848477840424,0.3263283371925354,0.3644850254058838,0.3086203634738922
43,200,0.14539401233196259,0.00020824636158067733,0.89581298828125,0.10418701171875,2,824,396,0.1251082867383957,0.3198132812976837,0.35333484411239624,0.29731667041778564
43,220,0.1378115713596344,0.00020824636158067733,0.9031982421875,0.0968017578125,2,808,360,0.11875172704458237,0.3156472146511078,0.34433677792549133,0.29087692499160767
43,240,0.1322353631258011,0.00020824636158067733,0.90777587890625,0.09222412109375,2,786,349,0.11403080821037292,0.31142541766166687,0.337348610162735,0.28569114208221436
43,260,0.12761205434799194,0.00020824636158067733,0.90997314453125,0.09002685546875,2,764,345,0.10972987860441208,0.3083615005016327,0.3308890759944916,0.28424009680747986
43,280,0.12404773384332657,0.00020824636158067733,0.91168212890625,0.08831787109375,2,757,339,0.10647229850292206,0.3054742217063904,0.3259001076221466,0.2829107940196991
43,300,0.12153153866529465,0.00020824636158067733,0.91278076171875,0.08721923828125,2,742,328,0.10409747064113617,0.30398526787757874,0.322347491979599,0.2842246890068054
43,320,0.11999879032373428,0.00020824636158067733,0.9130859375,0.0869140625,2,742,332,0.10264189541339874,0.30234381556510925,0.3199548125267029,0.28498533368110657
43,340,0.1188187450170517,0.00020824636158067733,0.91339111328125,0.08660888671875,2,738,328,0.1014680340886116,0.3018020689487457,0.3181067705154419,0.2876894474029541
43,360,0.11803771555423737,0.00020824636158067733,0.9122314453125,0.0877685546875,2,733,334,0.10037976503372192,0.3015672564506531,0.3161812424659729,0.28991958498954773
43,380,0.11626532673835754,0.00020824636158067733,0.9146728515625,0.0853271484375,2,730,339,0.0989680290222168,0.3016853928565979,0.31434327363967896,0.29295018315315247
43,400,0.11734899878501892,0.00020824636158067733,0.9111328125,0.0888671875,2,727,355,0.09925029426813126,0.3029104471206665,0.3143197000026703,0.29571855068206787
43,420,0.11606505513191223,0.00020824636158067733,0.91229248046875,0.08770751953125,2,736,350,0.09822197258472443,0.301660418510437,0.3129209280014038,0.29764917492866516
43,440,0.11513607203960419,0.00020824636158067733,0.9124755859375,0.0875244140625,2,724,355,0.09738637506961823,0.30018350481987,0.3115623891353607,0.2983151078224182
43,460,0.11529825627803802,0.00020824636158067733,0.912353515625,0.087646484375,2,727,365,0.09742356091737747,0.3013644516468048,0.31167373061180115,0.3014383316040039
43,480,0.11515947431325912,0.00020824636158067733,0.91156005859375,0.08843994140625,2,723,374,0.09692789614200592,0.30307430028915405,0.31069856882095337,0.30453094840049744
43,500,0.11480093747377396,0.00020824636158067733,0.910400390625,0.089599609375,2,717,377,0.09621348977088928,0.3036636710166931,0.3096841275691986,0.30760619044303894
43,520,0.11517911404371262,0.00020824636158067733,0.90899658203125,0.09100341796875,2,718,376,0.09635470807552338,0.3032085597515106,0.3098788261413574,0.30943500995635986
43,540,0.11374137550592422,0.00020824636158067733,0.90948486328125,0.09051513671875,2,712,379,0.09489593654870987,0.30309805274009705,0.3077804744243622,0.31112903356552124
43,560,0.11436695605516434,0.00020824636158067733,0.90850830078125,0.09149169921875,2,713,393,0.09512083232402802,0.30548015236854553,0.30786991119384766,0.31458497047424316
43,580,0.11353399604558945,0.00020824636158067733,0.9095458984375,0.0904541015625,2,709,395,0.09448834508657455,0.3050442039966583,0.3069480359554291,0.3155515193939209
43,600,0.11309546232223511,0.00020824636158067733,0.91033935546875,0.08966064453125,2,714,393,0.09413837641477585,0.30556994676589966,0.3063572943210602,0.31700399518013
43,620,0.1138901636004448,0.00020824636158067733,0.9097900390625,0.0902099609375,2,718,396,0.09483499079942703,0.30606627464294434,0.3073388636112213,0.3186209797859192
43,640,0.11315653473138809,0.00020824636158067733,0.9107666015625,0.0892333984375,2,718,395,0.0942852795124054,0.305767297744751,0.30654922127723694,0.3191695511341095
43,660,0.11302484571933746,0.00020824636158067733,0.91162109375,0.08837890625,2,723,406,0.09423395991325378,0.30685120820999146,0.30654242634773254,0.3213137686252594
43,680,0.11419828236103058,0.00020824636158067733,0.91015625,0.08984375,2,728,417,0.09487798064947128,0.30992135405540466,0.3074106276035309,0.3259968161582947
43,700,0.11349397897720337,0.00020824636158067733,0.909423828125,0.090576171875,2,731,415,0.09411749988794327,0.30804237723350525,0.3063575327396393,0.3242917060852051
43,720,0.11342866718769073,0.00020824636158067733,0.9105224609375,0.0894775390625,2,731,420,0.09426554292440414,0.30843228101730347,0.3067035377025604,0.3251363933086395
43,740,0.11376417428255081,0.00020824636158067733,0.909912109375,0.090087890625,2,727,425,0.09427647292613983,0.31059530377388,0.30654314160346985,0.3279693126678467
43,760,0.11405770480632782,0.00020824636158067733,0.91021728515625,0.08978271484375,2,736,419,0.09469194710254669,0.3103877902030945,0.3071019649505615,0.327644020318985
43,780,0.11300475150346756,0.00020824636158067733,0.9111328125,0.0888671875,2,732,420,0.09367824345827103,0.3111545145511627,0.3058389127254486,0.3289981782436371
43,800,0.11394212394952774,0.00020824636158067733,0.91162109375,0.08837890625,2,735,413,0.09503025561571121,0.30901649594306946,0.30799445509910583,0.3258431553840637
43,820,0.11508824676275253,0.00020824636158067733,0.90985107421875,0.09014892578125,2,738,425,0.09553658217191696,0.3124183118343353,0.3085819482803345,0.3311743140220642
43,840,0.11377136409282684,0.00020824636158067733,0.91204833984375,0.08795166015625,2,743,414,0.09489580243825912,0.30950865149497986,0.30775922536849976,0.3271285891532898
43,860,0.11457551270723343,0.00020824636158067733,0.91143798828125,0.08856201171875,2,750,427,0.09534666687250137,0.3124696612358093,0.3083651065826416,0.3311266005039215
43,880,0.11512530595064163,0.00020824636158067733,0.91107177734375,0.08892822265625,2,757,419,0.09602973610162735,0.31075990200042725,0.30954509973526,0.3291340172290802
43,900,0.11407981812953949,0.00020824636158067733,0.91143798828125,0.08856201171875,2,754,421,0.09503903239965439,0.3100384473800659,0.3079923689365387,0.3280734419822693
43,920,0.11418604850769043,0.00020824636158067733,0.91180419921875,0.08819580078125,2,752,420,0.09538145363330841,0.30859559774398804,0.3085457384586334,0.32579347491264343
43,940,0.11394820362329483,0.00020824636158067733,0.9130859375,0.0869140625,2,752,415,0.09539363533258438,0.3088754713535309,0.3086210787296295,0.3258614242076874
43,960,0.11435540020465851,0.00020824636158067733,0.91229248046875,0.08770751953125,2,755,420,0.09559539705514908,0.3094882667064667,0.30889081954956055,0.3266085684299469
43,980,0.11499007791280746,0.00020824636158067733,0.91015625,0.08984375,2,748,430,0.09572873264551163,0.3101160526275635,0.30903515219688416,0.32791078090667725
43,1000,0.11285944283008575,0.00020824636158067733,0.91302490234375,0.08697509765625,2,748,412,0.09444761276245117,0.30613836646080017,0.3071485459804535,0.3215318024158478
43,1020,0.11392560601234436,0.00020824636158067733,0.9114990234375,0.0885009765625,2,752,421,0.09515991806983948,0.30719929933547974,0.30825075507164,0.3231006860733032
43,1040,0.11491388082504272,0.00020824636158067733,0.91082763671875,0.08917236328125,2,754,422,0.09584107249975204,0.3097279965877533,0.3093520998954773,0.3269558250904083
43,1060,0.114476278424263,0.00020824636158067733,0.91082763671875,0.08917236328125,2,751,428,0.09549571573734283,0.3083481788635254,0.3087610602378845,0.32521170377731323
43,1080,0.11370210349559784,0.00020824636158067733,0.9110107421875,0.0889892578125,2,747,420,0.09456438571214676,0.30962082743644714,0.3073216676712036,0.3271222710609436
43,1100,0.11348376423120499,0.00020824636158067733,0.91131591796875,0.08868408203125,2,746,424,0.09438998252153397,0.3096912205219269,0.30699607729911804,0.32741931080818176
43,1120,0.11356589943170547,0.00020824636158067733,0.91162109375,0.08837890625,2,752,415,0.09477511048316956,0.30739137530326843,0.3076833188533783,0.3239533305168152
43,1140,0.11401212215423584,0.00020824636158067733,0.90936279296875,0.09063720703125,2,747,437,0.09460599720478058,0.30871352553367615,0.3073127567768097,0.3264305293560028
43,1160,0.11425520479679108,0.00020824636158067733,0.90985107421875,0.09014892578125,2,746,434,0.09481596946716309,0.31045061349868774,0.3076241910457611,0.32884329557418823
43,1180,0.11435000598430634,0.00020824636158067733,0.9100341796875,0.0899658203125,2,744,429,0.09507861733436584,0.30928653478622437,0.3081474304199219,0.3270300030708313
43,1200,0.11472875624895096,0.00020824636158067733,0.9090576171875,0.0909423828125,2,741,444,0.09505178779363632,0.31141915917396545,0.30802151560783386,0.33036139607429504
43,1220,0.11402018368244171,0.00020824636158067733,0.90899658203125,0.09100341796875,2,734,438,0.09451165050268173,0.30888307094573975,0.30721715092658997,0.32704174518585205
43,1240,0.11383825540542603,0.00020824636158067733,0.90911865234375,0.09088134765625,2,736,440,0.09432573616504669,0.3090290427207947,0.3069418966770172,0.32716670632362366
43,1260,0.11389917135238647,0.00020824636158067733,0.9091796875,0.0908203125,2,739,428,0.0945282131433487,0.30781689286231995,0.3071582317352295,0.32490435242652893
43,1280,0.1139640063047409,0.00020824636158067733,0.90899658203125,0.09100341796875,2,739,435,0.0944601371884346,0.3087802827358246,0.30716174840927124,0.3269503116607666
43,1300,0.11248701065778732,0.00020824636158067733,0.91070556640625,0.08929443359375,2,740,416,0.09370457381010056,0.30404743552207947,0.30600181221961975,0.3194512724876404
43,1320,0.11390311270952225,0.00020824636158067733,0.90869140625,0.09130859375,2,738,423,0.0944504365324974,0.307493656873703,0.3070792555809021,0.32522061467170715
43,1340,0.11390779167413712,0.00020824636158067733,0.90814208984375,0.09185791015625,2,732,433,0.0944804698228836,0.30597370862960815,0.30717241764068604,0.3228873610496521
43,1360,0.11398673802614212,0.00020824636158067733,0.9075927734375,0.0924072265625,2,729,433,0.09441547095775604,0.3062092959880829,0.3069992661476135,0.32319289445877075
43,1380,0.1126403734087944,0.00020824636158067733,0.90869140625,0.09130859375,2,729,423,0.0933825746178627,0.3042914569377899,0.3054412305355072,0.32010605931282043
43,1400,0.11377591639757156,0.00020824636158067733,0.907470703125,0.092529296875,2,733,425,0.09418454021215439,0.3059161901473999,0.3065873384475708,0.3223227858543396
43,1420,0.11347422748804092,0.00020824636158067733,0.907958984375,0.092041015625,2,731,426,0.09396589547395706,0.30591851472854614,0.30639392137527466,0.32273656129837036
43,1440,0.11469211429357529,0.00020824636158067733,0.9063720703125,0.0936279296875,2,738,436,0.09488382935523987,0.30644768476486206,0.3077394962310791,0.3234935402870178
43,1460,0.11396434158086777,0.00020824636158067733,0.90606689453125,0.09393310546875,2,730,440,0.0940607413649559,0.3059520125389099,0.3064393103122711,0.32253938913345337
43,1480,0.11405458301305771,0.00020824636158067733,0.9049072265625,0.0950927734375,2,735,429,0.09401493519544601,0.30475282669067383,0.30636271834373474,0.32093313336372375
43,1500,0.11411704868078232,0.00020824636158067733,0.90447998046875,0.09552001953125,2,727,443,0.09376739710569382,0.30680814385414124,0.30595794320106506,0.3240237534046173
43,1520,0.11441545933485031,0.00020824636158067733,0.90240478515625,0.09759521484375,2,725,434,0.09379219263792038,0.3051066994667053,0.3061055541038513,0.32155683636665344
43,1540,0.11426081508398056,0.00020824636158067733,0.90289306640625,0.09710693359375,2,732,431,0.09379168599843979,0.30458125472068787,0.3059670627117157,0.3201817274093628
43,1560,0.1148541197180748,0.00020824636158067733,0.90118408203125,0.09881591796875,2,734,433,0.09401090443134308,0.30494070053100586,0.3063202202320099,0.321392297744751
43,1580,0.1148034930229187,0.00020824636158067733,0.90179443359375,0.09820556640625,2,730,446,0.0938795879483223,0.30694180727005005,0.30620333552360535,0.3246602714061737
43,1600,0.11353994905948639,0.00020824636158067733,0.90264892578125,0.09735107421875,2,725,432,0.09311529994010925,0.3029193878173828,0.3049028813838959,0.3179190456867218
43,1620,0.11446405947208405,0.00020824636158067733,0.9012451171875,0.0987548828125,2,729,438,0.09371701627969742,0.30380332469940186,0.30596619844436646,0.3192068636417389
43,1640,0.11508043110370636,0.00020824636158067733,0.8992919921875,0.1007080078125,2,734,456,0.0937071442604065,0.30593743920326233,0.30588841438293457,0.32283395528793335
43,1660,0.11375678330659866,0.00020824636158067733,0.90142822265625,0.09857177734375,2,726,431,0.09308910369873047,0.30276045203208923,0.3049563467502594,0.3180236220359802
43,1680,0.1133941113948822,0.00020824636158067733,0.90234375,0.09765625,2,718,434,0.09295966476202011,0.30220845341682434,0.3047250807285309,0.31600499153137207
43,1700,0.11519800871610641,0.00020824636158067733,0.89886474609375,0.10113525390625,2,725,455,0.09367601573467255,0.3064801096916199,0.30585983395576477,0.3236616849899292
43,1720,0.1149093508720398,0.00020824636158067733,0.90032958984375,0.09967041015625,2,728,454,0.09381961077451706,0.30541446805000305,0.3061080574989319,0.3222479224205017
43,1740,0.1145392507314682,0.00020824636158067733,0.89947509765625,0.10052490234375,2,722,447,0.0932542234659195,0.3049930930137634,0.30527323484420776,0.3218883275985718
43,1760,0.11562584340572357,0.00020824636158067733,0.89691162109375,0.10308837890625,2,731,461,0.0936499685049057,0.30682507157325745,0.3058049976825714,0.32438844442367554
43,1780,0.11506295949220657,0.00020824636158067733,0.89837646484375,0.10162353515625,2,720,458,0.09347858279943466,0.30587396025657654,0.3055911958217621,0.32305094599723816
43,1800,0.11489167809486389,0.00020824636158067733,0.89959716796875,0.10040283203125,2,722,443,0.09387293457984924,0.30321699380874634,0.3062452971935272,0.3182893991470337
43,1820,0.11500434577465057,0.00020824636158067733,0.89892578125,0.10107421875,2,723,451,0.09354941546916962,0.30581843852996826,0.30560198426246643,0.3224509358406067
43,1840,0.11465158313512802,0.00020824636158067733,0.899169921875,0.100830078125,2,720,453,0.09334839135408401,0.3046264946460724,0.30534082651138306,0.3208076059818268
43,1860,0.11556831002235413,0.00020824636158067733,0.89666748046875,0.10333251953125,2,724,454,0.09373586624860764,0.305019348859787,0.3060854375362396,0.32200801372528076
43,1880,0.11569564789533615,0.00020824636158067733,0.89697265625,0.10302734375,2,725,459,0.09378264099359512,0.3064737319946289,0.3060472011566162,0.3236931264400482
43,1900,0.11523168534040451,0.00020824636158067733,0.89788818359375,0.10211181640625,2,725,461,0.09350010007619858,0.3063216507434845,0.30557844042778015,0.32333382964134216
43,1920,0.11408340185880661,0.00020824636158067733,0.8983154296875,0.1016845703125,2,724,448,0.09267855435609818,0.3031810522079468,0.3042793571949005,0.3188497722148895
43,1940,0.11367040872573853,0.00020824636158067733,0.89776611328125,0.10223388671875,2,715,449,0.09197870641946793,0.30415597558021545,0.3031476140022278,0.32065123319625854
43,1960,0.11472483724355698,0.00020824636158067733,0.89697265625,0.10302734375,2,715,450,0.09301122277975082,0.30376702547073364,0.304718941450119,0.3200944662094116
43,1980,0.11446978896856308,0.00020824636158067733,0.89715576171875,0.10284423828125,2,720,448,0.09299342334270477,0.30181774497032166,0.3048194348812103,0.31675511598587036
43,2000,0.11613146960735321,0.00020824636158067733,0.89569091796875,0.10430908203125,2,727,462,0.09418680518865585,0.30456793308258057,0.3067556619644165,0.3212447762489319
44,0,0.7800021767616272,0.00020824636158067733,0.47039794921875,0.52960205078125,2,1321,1144,0.6747490763664246,0.8734890818595886,0.691622793674469,0.6733536124229431
44,20,0.548308253288269,0.00020824636158067733,0.552978515625,0.447021484375,2,1299,1084,0.46723270416259766,0.6486009955406189,0.6209535598754883,0.5886608958244324
44,40,0.38049453496932983,0.00020824636158067733,0.636474609375,0.363525390625,2,1202,945,0.3152417540550232,0.4947417080402374,0.5440301299095154,0.5060341954231262
44,60,0.282981812953949,0.00020824636158067733,0.71173095703125,0.28826904296875,2,1089,777,0.23150226473808289,0.41008391976356506,0.47973161935806274,0.438252329826355
44,80,0.23168393969535828,0.00020824636158067733,0.77191162109375,0.22808837890625,2,994,626,0.19226299226284027,0.365094929933548,0.4383757710456848,0.3828951418399811
44,100,0.20135071873664856,0.00020824636158067733,0.82183837890625,0.17816162109375,2,946,519,0.16959519684314728,0.34783515334129333,0.4110127091407776,0.344073623418808
44,120,0.17896360158920288,0.00020824636158067733,0.86785888671875,0.13214111328125,2,898,425,0.15414421260356903,0.3419690430164337,0.3917004466056824,0.3184312582015991
44,140,0.16024577617645264,0.00020824636158067733,0.90472412109375,0.09527587890625,2,868,364,0.14097285270690918,0.3432582914829254,0.37466365098953247,0.3053185045719147
44,160,0.14599263668060303,0.00020824636158067733,0.92816162109375,0.07183837890625,2,829,312,0.13083668053150177,0.34180954098701477,0.36122825741767883,0.2898269593715668
44,180,0.1338130235671997,0.00020824636158067733,0.94427490234375,0.05572509765625,2,805,262,0.12166023254394531,0.33974483609199524,0.3485235869884491,0.27440693974494934
44,200,0.12607218325138092,0.00020824636158067733,0.95184326171875,0.04815673828125,2,792,243,0.11524704098701477,0.3400369882583618,0.3393234610557556,0.26443585753440857
44,220,0.11899493634700775,0.00020824636158067733,0.95928955078125,0.04071044921875,2,771,228,0.10943909734487534,0.34416627883911133,0.3307396471500397,0.2599615454673767
44,240,0.11426647007465363,0.00020824636158067733,0.962646484375,0.037353515625,2,752,208,0.10536118596792221,0.34376636147499084,0.32446858286857605,0.25462910532951355
44,260,0.1108742505311966,0.00020824636158067733,0.96478271484375,0.03521728515625,2,737,195,0.10228075832128525,0.346294105052948,0.3196641802787781,0.25420984625816345
44,280,0.10818948596715927,0.00020824636158067733,0.96630859375,0.03369140625,2,728,198,0.0997762456536293,0.34949085116386414,0.3157595098018646,0.25570473074913025
44,300,0.10620448738336563,0.00020824636158067733,0.9681396484375,0.0318603515625,2,723,196,0.09812534600496292,0.35170483589172363,0.31315770745277405,0.25720199942588806
44,320,0.10500957071781158,0.00020824636158067733,0.9686279296875,0.0313720703125,2,720,198,0.09702035784721375,0.3516804873943329,0.31136178970336914,0.259791761636734
44,340,0.10467210412025452,0.00020824636158067733,0.96771240234375,0.03228759765625,2,718,198,0.09647943824529648,0.3502197861671448,0.3103351593017578,0.26246631145477295
44,360,0.10374194383621216,0.00020824636158067733,0.9686279296875,0.0313720703125,2,724,207,0.09578929096460342,0.3492836356163025,0.30932849645614624,0.26540082693099976
44,380,0.10430469363927841,0.00020824636158067733,0.9669189453125,0.0330810546875,2,723,221,0.09594818949699402,0.3485551178455353,0.30943745374679565,0.2700248062610626
44,400,0.10339123010635376,0.00020824636158067733,0.96746826171875,0.03253173828125,2,721,221,0.09527840465307236,0.344660222530365,0.30852848291397095,0.2712841331958771
44,420,0.10421795397996902,0.00020824636158067733,0.96514892578125,0.03485107421875,2,722,234,0.09564270824193954,0.34169629216194153,0.30905628204345703,0.2760448455810547
44,440,0.10396498441696167,0.00020824636158067733,0.96478271484375,0.03521728515625,2,726,235,0.09542451798915863,0.3379325270652771,0.3086242377758026,0.27944907546043396
44,460,0.10331955552101135,0.00020824636158067733,0.96429443359375,0.03570556640625,2,726,243,0.09467850625514984,0.33668696880340576,0.30752477049827576,0.28422611951828003
44,480,0.10472521930932999,0.00020824636158067733,0.9605712890625,0.0394287109375,2,720,264,0.09538393467664719,0.33229976892471313,0.3085489869117737,0.2895573675632477
44,500,0.10484322905540466,0.00020824636158067733,0.9593505859375,0.0406494140625,2,726,268,0.0953294038772583,0.32937487959861755,0.30862608551979065,0.2965456545352936
44,520,0.10563328117132187,0.00020824636158067733,0.95709228515625,0.04290771484375,2,731,278,0.09561292827129364,0.32914575934410095,0.3090387284755707,0.3055480420589447
44,540,0.10699955374002457,0.00020824636158067733,0.95281982421875,0.04718017578125,2,726,306,0.09615486115217209,0.3260118067264557,0.30964893102645874,0.310687392950058
44,560,0.10760466009378433,0.00020824636158067733,0.9510498046875,0.0489501953125,2,731,323,0.09628686308860779,0.3274972438812256,0.3098742663860321,0.31902846693992615
44,580,0.107143834233284,0.00020824636158067733,0.94915771484375,0.05084228515625,2,729,320,0.09549370408058167,0.32463622093200684,0.3087617754936218,0.3223484456539154
44,600,0.10702841728925705,0.00020824636158067733,0.94732666015625,0.05267333984375,2,727,329,0.09525416791439056,0.3187876343727112,0.30829235911369324,0.3217592239379883
44,620,0.10677982866764069,0.00020824636158067733,0.94635009765625,0.05364990234375,2,729,330,0.09475608915090561,0.3188713788986206,0.3076804280281067,0.3254900574684143
44,640,0.10889126360416412,0.00020824636158067733,0.9423828125,0.0576171875,2,734,338,0.09580334275960922,0.322956383228302,0.3091734051704407,0.33265939354896545
44,660,0.10848978906869888,0.00020824636158067733,0.942138671875,0.057861328125,2,738,358,0.09542953968048096,0.3211458921432495,0.3087390959262848,0.3341827690601349
44,680,0.10886849462985992,0.00020824636158067733,0.94036865234375,0.05963134765625,2,734,365,0.09530821442604065,0.3227100968360901,0.3085571825504303,0.3387712240219116
44,700,0.1103149950504303,0.00020824636158067733,0.93792724609375,0.06207275390625,2,737,378,0.09611484408378601,0.324880987405777,0.30967977643013,0.34301772713661194
44,720,0.10972723364830017,0.00020824636158067733,0.9381103515625,0.0618896484375,2,740,376,0.09547986090183258,0.3256860375404358,0.308811217546463,0.3454512357711792
44,740,0.10904110968112946,0.00020824636158067733,0.93719482421875,0.06280517578125,2,735,368,0.09464962035417557,0.32379457354545593,0.3075047433376312,0.3446720242500305
44,760,0.10856864601373672,0.00020824636158067733,0.93707275390625,0.06292724609375,2,737,368,0.09417623281478882,0.3228915333747864,0.3067714273929596,0.34409192204475403
44,780,0.10921033471822739,0.00020824636158067733,0.93634033203125,0.06365966796875,2,741,382,0.09471333026885986,0.322439968585968,0.3075772225856781,0.3441925644874573
44,800,0.11062480509281158,0.00020824636158067733,0.93438720703125,0.06561279296875,2,746,392,0.09545636177062988,0.32663771510124207,0.3086995780467987,0.3493987023830414
44,820,0.109491266310215,0.00020824636158067733,0.93414306640625,0.06585693359375,2,740,389,0.09431871026754379,0.3247053027153015,0.3069303333759308,0.3476063013076782
44,840,0.10917292535305023,0.00020824636158067733,0.934326171875,0.065673828125,2,735,383,0.09407438337802887,0.3239763677120209,0.30650895833969116,0.3470779359340668
44,860,0.1090751364827156,0.00020824636158067733,0.93402099609375,0.06597900390625,2,735,392,0.09386979788541794,0.3243270814418793,0.3062024414539337,0.3475998044013977
44,880,0.11037652939558029,0.00020824636158067733,0.93218994140625,0.06781005859375,2,739,394,0.09469025582075119,0.326016902923584,0.30746185779571533,0.3496960401535034
44,900,0.10993150621652603,0.00020824636158067733,0.93212890625,0.06787109375,2,739,391,0.0944630354642868,0.32237258553504944,0.3071137070655823,0.3458497226238251
44,920,0.11020562052726746,0.00020824636158067733,0.93072509765625,0.06927490234375,2,739,401,0.09439375251531601,0.3226418197154999,0.3068532347679138,0.345709890127182
44,940,0.10953307151794434,0.00020824636158067733,0.9315185546875,0.0684814453125,2,739,399,0.09386210888624191,0.32269734144210815,0.306208074092865,0.34630313515663147
44,960,0.11022642254829407,0.00020824636158067733,0.9293212890625,0.0706787109375,2,740,400,0.09398704022169113,0.3237506151199341,0.3063701391220093,0.34730079770088196
44,980,0.10992568731307983,0.00020824636158067733,0.9295654296875,0.0704345703125,2,738,407,0.09377551078796387,0.3230687081813812,0.3060898780822754,0.34658682346343994
44,1000,0.11022424697875977,0.00020824636158067733,0.92864990234375,0.07135009765625,2,735,403,0.09392278641462326,0.32239431142807007,0.3062315881252289,0.3453301191329956
44,1020,0.11045612394809723,0.00020824636158067733,0.92694091796875,0.07305908203125,2,735,420,0.09359101206064224,0.32443317770957947,0.30581536889076233,0.3478623628616333
44,1040,0.10976441204547882,0.00020824636158067733,0.92767333984375,0.07232666015625,2,733,417,0.09318818151950836,0.3223739564418793,0.305143266916275,0.3455655872821808
44,1060,0.11008930206298828,0.00020824636158067733,0.927490234375,0.072509765625,2,739,415,0.0934753492474556,0.3226025402545929,0.3055470287799835,0.3453468084335327
44,1080,0.10965915024280548,0.00020824636158067733,0.9267578125,0.0732421875,2,737,405,0.09300852566957474,0.320345014333725,0.3048148453235626,0.34328484535217285
44,1100,0.11038510501384735,0.00020824636158067733,0.92559814453125,0.07440185546875,2,735,419,0.09352132678031921,0.32017946243286133,0.3055811822414398,0.34298449754714966
44,1120,0.11111495643854141,0.00020824636158067733,0.9248046875,0.0751953125,2,736,416,0.09402931481599808,0.3212461471557617,0.30642062425613403,0.3446654975414276
44,1140,0.11022273451089859,0.00020824636158067733,0.9254150390625,0.0745849609375,2,732,419,0.09346376359462738,0.3181602954864502,0.30551043152809143,0.34042972326278687
44,1160,0.1095103770494461,0.00020824636158067733,0.92559814453125,0.07440185546875,2,738,415,0.09282868355512619,0.31703951954841614,0.30444788932800293,0.33862191438674927
44,1180,0.1100102961063385,0.00020824636158067733,0.9251708984375,0.0748291015625,2,741,412,0.09329783171415329,0.3166394829750061,0.30525270104408264,0.3382317125797272
44,1200,0.11049041897058487,0.00020824636158067733,0.92486572265625,0.07513427734375,2,741,425,0.09344135969877243,0.3203558921813965,0.3055551052093506,0.34271588921546936
44,1220,0.11072219908237457,0.00020824636158067733,0.92291259765625,0.07708740234375,2,737,418,0.09358307719230652,0.31591683626174927,0.3056560456752777,0.3371807038784027
44,1240,0.11098792403936386,0.00020824636158067733,0.92205810546875,0.07794189453125,2,737,435,0.09340284764766693,0.31902068853378296,0.3054374158382416,0.34081146121025085
44,1260,0.11126327514648438,0.00020824636158067733,0.92156982421875,0.07843017578125,2,739,429,0.09376447647809982,0.3168775737285614,0.30595284700393677,0.3385952413082123
44,1280,0.11111530661582947,0.00020824636158067733,0.9193115234375,0.0806884765625,2,736,423,0.09322673827409744,0.3149259388446808,0.30511268973350525,0.33652305603027344
44,1300,0.11113409698009491,0.00020824636158067733,0.92022705078125,0.07977294921875,2,734,437,0.09320530295372009,0.31795310974121094,0.30509671568870544,0.339811235666275
44,1320,0.11060085147619247,0.00020824636158067733,0.92041015625,0.07958984375,2,739,428,0.09288625419139862,0.3154599368572235,0.3045691251754761,0.33656570315361023
44,1340,0.11049437522888184,0.00020824636158067733,0.9200439453125,0.0799560546875,2,740,429,0.09273315221071243,0.3148703873157501,0.30440452694892883,0.3356374204158783
44,1360,0.11162959784269333,0.00020824636158067733,0.91845703125,0.08154296875,2,740,436,0.0936553105711937,0.3140823245048523,0.3058691918849945,0.33498236536979675
44,1380,0.11139322072267532,0.00020824636158067733,0.91802978515625,0.08197021484375,2,739,438,0.09322074800729752,0.31491658091545105,0.30518561601638794,0.33618149161338806
44,1400,0.11223694682121277,0.00020824636158067733,0.91717529296875,0.08282470703125,2,743,443,0.09401912242174149,0.31397563219070435,0.30638325214385986,0.33524084091186523
44,1420,0.1115027666091919,0.00020824636158067733,0.9168701171875,0.0831298828125,2,736,435,0.09333013743162155,0.3119354546070099,0.3052889406681061,0.33264046907424927
44,1440,0.11135078221559525,0.00020824636158067733,0.91656494140625,0.08343505859375,2,732,442,0.09296447783708572,0.31333106756210327,0.30472689867019653,0.3343138098716736
44,1460,0.11155654489994049,0.00020824636158067733,0.915771484375,0.084228515625,2,732,444,0.09308488667011261,0.31238916516304016,0.30492138862609863,0.33331117033958435
44,1480,0.11184234917163849,0.00020824636158067733,0.91497802734375,0.08502197265625,2,737,439,0.09341062605381012,0.3101983070373535,0.3054032623767853,0.3304675221443176
44,1500,0.11235141009092331,0.00020824636158067733,0.9139404296875,0.0860595703125,2,738,440,0.09356828778982162,0.3118254542350769,0.30564939975738525,0.33211350440979004
44,1520,0.11192593723535538,0.00020824636158067733,0.9136962890625,0.0863037109375,2,736,439,0.09324296563863754,0.3097223937511444,0.3051774203777313,0.3294241428375244
44,1540,0.11191432923078537,0.00020824636158067733,0.91326904296875,0.08673095703125,2,738,454,0.09291712194681168,0.31195324659347534,0.3045739531517029,0.3319095969200134
44,1560,0.11184892803430557,0.00020824636158067733,0.9117431640625,0.0882568359375,2,736,443,0.09270807355642319,0.3095846474170685,0.30431127548217773,0.3296752870082855
44,1580,0.11237452179193497,0.00020824636158067733,0.9110107421875,0.0889892578125,2,736,452,0.09304697811603546,0.31023672223091125,0.30484989285469055,0.33032822608947754
44,1600,0.11165274679660797,0.00020824636158067733,0.9114990234375,0.0885009765625,2,733,440,0.09264127165079117,0.3074578046798706,0.3042325973510742,0.32607409358024597
44,1620,0.11247482150793076,0.00020824636158067733,0.90997314453125,0.09002685546875,2,736,454,0.09310517460107803,0.3082592785358429,0.3049865961074829,0.3274798095226288
44,1640,0.11281173676252365,0.00020824636158067733,0.90887451171875,0.09112548828125,2,733,451,0.09320041537284851,0.3084127902984619,0.30504921078681946,0.32772547006607056
44,1660,0.1116972267627716,0.00020824636158067733,0.90966796875,0.09033203125,2,735,453,0.09227830916643143,0.3072509467601776,0.30366161465644836,0.3260962665081024
44,1680,0.11261553317308426,0.00020824636158067733,0.9078369140625,0.0921630859375,2,736,456,0.09277494996786118,0.30805182456970215,0.3044191300868988,0.32752272486686707
44,1700,0.1126071959733963,0.00020824636158067733,0.90777587890625,0.09222412109375,2,737,454,0.09277188032865524,0.307849258184433,0.3045005202293396,0.32701635360717773
44,1720,0.11239030212163925,0.00020824636158067733,0.90655517578125,0.09344482421875,2,742,449,0.09239575266838074,0.30636751651763916,0.30382248759269714,0.3244883120059967
44,1740,0.11370046436786652,0.00020824636158067733,0.90447998046875,0.09552001953125,2,740,465,0.09318798780441284,0.30793333053588867,0.30508580803871155,0.32701414823532104
44,1760,0.11277909576892853,0.00020824636158067733,0.9052734375,0.0947265625,2,745,452,0.09266865253448486,0.30496859550476074,0.3042614161968231,0.3231368064880371
44,1780,0.11316923797130585,0.00020824636158067733,0.90411376953125,0.09588623046875,2,742,456,0.09277824312448502,0.30543652176856995,0.30443698167800903,0.3240084648132324
44,1800,0.11355032026767731,0.00020824636158067733,0.9034423828125,0.0965576171875,2,740,456,0.09304467588663101,0.3054114878177643,0.3048119843006134,0.3239494860172272
44,1820,0.11347398906946182,0.00020824636158067733,0.90362548828125,0.09637451171875,2,744,454,0.09297636151313782,0.305663526058197,0.3047473728656769,0.3241491913795471
44,1840,0.11312103271484375,0.00020824636158067733,0.90313720703125,0.09686279296875,2,748,453,0.09254001826047897,0.3050159513950348,0.3039831519126892,0.32317399978637695
44,1860,0.1131567731499672,0.00020824636158067733,0.90313720703125,0.09686279296875,2,738,452,0.0927591621875763,0.3033415973186493,0.30438920855522156,0.3204614222049713
44,1880,0.11332368105649948,0.00020824636158067733,0.90264892578125,0.09735107421875,2,739,464,0.09275054186582565,0.3040798008441925,0.3044186234474182,0.321801096200943
44,1900,0.11284681409597397,0.00020824636158067733,0.90234375,0.09765625,2,736,462,0.09211985021829605,0.30436381697654724,0.3033970892429352,0.3224964737892151
44,1920,0.113802969455719,0.00020824636158067733,0.9012451171875,0.0987548828125,2,742,465,0.0928339883685112,0.3051675856113434,0.30450427532196045,0.3237086534500122
44,1940,0.11323291063308716,0.00020824636158067733,0.901611328125,0.098388671875,2,738,457,0.0925198346376419,0.30304276943206787,0.304036408662796,0.3206391930580139
44,1960,0.11387939751148224,0.00020824636158067733,0.90057373046875,0.09942626953125,2,741,463,0.09280375391244888,0.3047764003276825,0.3044421970844269,0.32315921783447266
44,1980,0.1133478581905365,0.00020824636158067733,0.89990234375,0.10009765625,2,732,457,0.09219005703926086,0.3035615384578705,0.3034239709377289,0.32122355699539185
44,2000,0.11357536911964417,0.00020824636158067733,0.89990234375,0.10009765625,2,742,463,0.09240514039993286,0.303900808095932,0.3038376569747925,0.3218000829219818
45,0,0.8382323980331421,0.00020824636158067733,0.37762451171875,0.62237548828125,2,1281,1132,0.9312098622322083,0.7818184494972229,0.7110745906829834,0.712488055229187
45,20,0.6701372861862183,0.00020824636158067733,0.4931640625,0.5068359375,2,1316,1109,0.6812186241149902,0.6593547463417053,0.705711841583252,0.6512178182601929
45,40,0.5160603523254395,0.00020824636158067733,0.6046142578125,0.3953857421875,2,1314,1032,0.48988500237464905,0.5560871362686157,0.6519675850868225,0.5851853489875793
45,60,0.3900016248226166,0.00020824636158067733,0.69989013671875,0.30010986328125,2,1257,902,0.3506776690483093,0.48170945048332214,0.5801242589950562,0.5237906575202942
45,80,0.3025568425655365,0.00020824636158067733,0.77777099609375,0.22222900390625,2,1182,757,0.26426538825035095,0.43657156825065613,0.5133456587791443,0.47310778498649597
45,100,0.24782592058181763,0.00020824636158067733,0.83050537109375,0.16949462890625,2,1081,645,0.21450422704219818,0.4110983610153198,0.46236810088157654,0.4324358403682709
45,120,0.2124735713005066,0.00020824636158067733,0.86627197265625,0.13372802734375,2,1010,548,0.18455645442008972,0.39331695437431335,0.4270678758621216,0.4024848937988281
45,140,0.18698441982269287,0.00020824636158067733,0.885986328125,0.114013671875,2,945,488,0.16237773001194,0.3781997859477997,0.39953410625457764,0.3757055699825287
45,160,0.16798050701618195,0.00020824636158067733,0.90020751953125,0.09979248046875,2,894,444,0.14566490054130554,0.36928510665893555,0.37864378094673157,0.3549273908138275
45,180,0.15590639412403107,0.00020824636158067733,0.90802001953125,0.09197998046875,2,863,412,0.13509607315063477,0.3613443672657013,0.3656562864780426,0.3405807316303253
45,200,0.1461784690618515,0.00020824636158067733,0.91619873046875,0.08380126953125,2,848,396,0.12696799635887146,0.35620665550231934,0.3553059995174408,0.32957836985588074
45,220,0.1391523778438568,0.00020824636158067733,0.9189453125,0.0810546875,2,814,378,0.1207650750875473,0.34761548042297363,0.34688642621040344,0.3199441134929657
45,240,0.13320104777812958,0.00020824636158067733,0.92095947265625,0.07904052734375,2,789,377,0.11530017852783203,0.34177732467651367,0.3391546607017517,0.3122076094150543
45,260,0.1283554583787918,0.00020824636158067733,0.92279052734375,0.07720947265625,2,782,360,0.11100196838378906,0.3357604742050171,0.33286312222480774,0.30557990074157715
45,280,0.12409692257642746,0.00020824636158067733,0.9259033203125,0.0740966796875,2,772,352,0.10741489380598068,0.33255356550216675,0.3275419771671295,0.3016708791255951
45,300,0.12219316512346268,0.00020824636158067733,0.92523193359375,0.07476806640625,2,760,347,0.10561630874872208,0.3273267149925232,0.3247693181037903,0.29929205775260925
45,320,0.12044145911931992,0.00020824636158067733,0.923583984375,0.076416015625,2,753,359,0.10348356515169144,0.3253990411758423,0.32158687710762024,0.30160757899284363
45,340,0.1195950135588646,0.00020824636158067733,0.92034912109375,0.07965087890625,2,747,352,0.10223793238401413,0.32015252113342285,0.31952810287475586,0.30052438378334045
45,360,0.11765789240598679,0.00020824636158067733,0.92120361328125,0.07879638671875,2,735,361,0.10049790143966675,0.31827422976493835,0.31682783365249634,0.3020089864730835
45,380,0.11552700400352478,0.00020824636158067733,0.9224853515625,0.0775146484375,2,731,353,0.09858037531375885,0.3172054886817932,0.313771516084671,0.30350881814956665
45,400,0.11435753107070923,0.00020824636158067733,0.92218017578125,0.07781982421875,2,731,356,0.09722046554088593,0.31743523478507996,0.311533659696579,0.30705714225769043
45,420,0.1139802411198616,0.00020824636158067733,0.9210205078125,0.0789794921875,2,730,360,0.0965973362326622,0.316691130399704,0.3105071187019348,0.30998286604881287
45,440,0.11352914571762085,0.00020824636158067733,0.9207763671875,0.0792236328125,2,722,366,0.09603467583656311,0.3168584108352661,0.30963337421417236,0.3136290907859802
45,460,0.11365572363138199,0.00020824636158067733,0.9202880859375,0.0797119140625,2,721,380,0.09592636674642563,0.3183442950248718,0.30935797095298767,0.3185064196586609
45,480,0.11185286194086075,0.00020824636158067733,0.92303466796875,0.07696533203125,2,723,377,0.09455562382936478,0.3192962110042572,0.30722758173942566,0.3219532072544098
45,500,0.11219491064548492,0.00020824636158067733,0.92193603515625,0.07806396484375,2,723,376,0.09466183185577393,0.31926077604293823,0.30735480785369873,0.32468223571777344
45,520,0.11184273660182953,0.00020824636158067733,0.923095703125,0.076904296875,2,725,376,0.09455853700637817,0.3193081021308899,0.3071931004524231,0.32725226879119873
45,540,0.11146137863397598,0.00020824636158067733,0.923583984375,0.076416015625,2,723,385,0.0941496267914772,0.3206958770751953,0.30656200647354126,0.3312424421310425
45,560,0.11090756207704544,0.00020824636158067733,0.92431640625,0.07568359375,2,722,389,0.0935555100440979,0.3228265345096588,0.3055313527584076,0.33470529317855835
45,580,0.11102442443370819,0.00020824636158067733,0.9246826171875,0.0753173828125,2,722,394,0.09352023154497147,0.3259257376194,0.3054317533969879,0.3384383022785187
45,600,0.11100930720567703,0.00020824636158067733,0.92431640625,0.07568359375,2,718,404,0.09331952780485153,0.3270525634288788,0.3051793575286865,0.3421042561531067
45,620,0.1106831282377243,0.00020824636158067733,0.9244384765625,0.0755615234375,2,719,405,0.09291540086269379,0.3280581831932068,0.3045952618122101,0.3447810411453247
45,640,0.11066834628582001,0.00020824636158067733,0.92559814453125,0.07440185546875,2,716,406,0.09316462278366089,0.3284239172935486,0.3049725592136383,0.34638872742652893
45,660,0.11132659018039703,0.00020824636158067733,0.925537109375,0.074462890625,2,720,412,0.0937240794301033,0.33011725544929504,0.3058239221572876,0.34926435351371765
45,680,0.11155028641223907,0.00020824636158067733,0.9251708984375,0.0748291015625,2,728,412,0.09394414722919464,0.3292286992073059,0.3063388168811798,0.35062098503112793
45,700,0.11147525906562805,0.00020824636158067733,0.9261474609375,0.0738525390625,2,731,412,0.09389488399028778,0.3319419026374817,0.30622151494026184,0.35375460982322693
45,720,0.11049773544073105,0.00020824636158067733,0.9278564453125,0.0721435546875,2,733,406,0.09346921741962433,0.3295057415962219,0.3054908514022827,0.35150399804115295
45,740,0.11109477281570435,0.00020824636158067733,0.92730712890625,0.07269287109375,2,732,396,0.09407306462526321,0.32823216915130615,0.3065069019794464,0.3515731692314148
45,760,0.11066238582134247,0.00020824636158067733,0.9285888671875,0.0714111328125,2,732,404,0.09385009109973907,0.3292798101902008,0.30610084533691406,0.35251280665397644
45,780,0.1108652874827385,0.00020824636158067733,0.9283447265625,0.0716552734375,2,729,422,0.09388568252325058,0.33084800839424133,0.3061869740486145,0.35486122965812683
45,800,0.11038031429052353,0.00020824636158067733,0.9288330078125,0.0711669921875,2,727,404,0.0935705304145813,0.32977262139320374,0.3056655526161194,0.3541610538959503
45,820,0.11085516959428787,0.00020824636158067733,0.9276123046875,0.0723876953125,2,731,408,0.09378650039434433,0.32958167791366577,0.30606669187545776,0.354731023311615
45,840,0.10999883711338043,0.00020824636158067733,0.9296875,0.0703125,2,730,407,0.0933632031083107,0.32995888590812683,0.30529463291168213,0.3540579080581665
45,860,0.10924860835075378,0.00020824636158067733,0.93035888671875,0.06964111328125,2,729,395,0.09296104311943054,0.32683971524238586,0.30463653802871704,0.3502064049243927
45,880,0.11045754700899124,0.00020824636158067733,0.9293212890625,0.0706787109375,2,734,408,0.09394414722919464,0.3275846540927887,0.3062480390071869,0.3521425724029541
45,900,0.10983746498823166,0.00020824636158067733,0.92962646484375,0.07037353515625,2,726,415,0.09329318255186081,0.3283855617046356,0.3052101135253906,0.3530232608318329
45,920,0.10980470478534698,0.00020824636158067733,0.92987060546875,0.07012939453125,2,728,409,0.09339778125286102,0.3273499608039856,0.30534183979034424,0.3516215682029724
45,940,0.11031259596347809,0.00020824636158067733,0.92950439453125,0.07049560546875,2,735,409,0.09387300908565521,0.3270731270313263,0.3061806261539459,0.35180148482322693
45,960,0.10991598665714264,0.00020824636158067733,0.92999267578125,0.07000732421875,2,729,417,0.09349297732114792,0.3280829191207886,0.3055000603199005,0.352446585893631
45,980,0.10986272990703583,0.00020824636158067733,0.92913818359375,0.07086181640625,2,731,404,0.09325805306434631,0.3275826871395111,0.30523914098739624,0.35294389724731445
45,1000,0.11004039645195007,0.00020824636158067733,0.929931640625,0.070068359375,2,732,418,0.09356895834207535,0.32864558696746826,0.30564525723457336,0.35299620032310486
45,1020,0.11048229783773422,0.00020824636158067733,0.92767333984375,0.07232666015625,2,736,410,0.0935143306851387,0.3281162679195404,0.30560407042503357,0.3531038165092468
45,1040,0.11106526851654053,0.00020824636158067733,0.92620849609375,0.07379150390625,2,732,427,0.09355036169290543,0.3309071362018585,0.30569931864738464,0.356838583946228
45,1060,0.11115458607673645,0.00020824636158067733,0.9261474609375,0.0738525390625,2,735,430,0.09365877509117126,0.33056092262268066,0.30578160285949707,0.3564651608467102
45,1080,0.1107921451330185,0.00020824636158067733,0.92626953125,0.07373046875,2,739,429,0.09334319829940796,0.33000171184539795,0.3053036332130432,0.35568657517433167
45,1100,0.10998775064945221,0.00020824636158067733,0.9266357421875,0.0733642578125,2,734,414,0.09287595003843307,0.32612016797065735,0.30451473593711853,0.3504282534122467
45,1120,0.11069489270448685,0.00020824636158067733,0.92608642578125,0.07391357421875,2,736,419,0.09329056739807129,0.32875916361808777,0.305210143327713,0.3534070551395416
45,1140,0.11070120334625244,0.00020824636158067733,0.92547607421875,0.07452392578125,2,734,422,0.09320419281721115,0.3279880881309509,0.3051079511642456,0.3531012535095215
45,1160,0.11043830960988998,0.00020824636158067733,0.92529296875,0.07470703125,2,732,428,0.09282346814870834,0.32860928773880005,0.30450281500816345,0.3541206419467926
45,1180,0.1102358028292656,0.00020824636158067733,0.9248046875,0.0751953125,2,730,427,0.09265734255313873,0.32642799615859985,0.30420681834220886,0.3512985110282898
45,1200,0.11085022240877151,0.00020824636158067733,0.92474365234375,0.07525634765625,2,732,427,0.0933113843202591,0.3263661563396454,0.305245965719223,0.35086604952812195
45,1220,0.10988286882638931,0.00020824636158067733,0.926025390625,0.073974609375,2,729,424,0.0926998034119606,0.32498303055763245,0.30423375964164734,0.3482811450958252
45,1240,0.10957403481006622,0.00020824636158067733,0.9256591796875,0.0743408203125,2,728,408,0.0925111472606659,0.32203352451324463,0.304022878408432,0.3450300097465515
45,1260,0.11076929420232773,0.00020824636158067733,0.92352294921875,0.07647705078125,2,729,429,0.09312835335731506,0.3237980306148529,0.30499157309532166,0.3472858965396881
45,1280,0.11061940342187881,0.00020824636158067733,0.92352294921875,0.07647705078125,2,733,422,0.0930854082107544,0.3223567605018616,0.3048996329307556,0.3455178439617157
45,1300,0.11020823568105698,0.00020824636158067733,0.92315673828125,0.07684326171875,2,727,428,0.0925167128443718,0.3227452039718628,0.3039364516735077,0.3460153341293335
45,1320,0.11046502739191055,0.00020824636158067733,0.92254638671875,0.07745361328125,2,728,436,0.09266675263643265,0.3224596381187439,0.3042899966239929,0.34614041447639465
45,1340,0.11126884818077087,0.00020824636158067733,0.92181396484375,0.07818603515625,2,725,441,0.0933348685503006,0.3227105438709259,0.30528485774993896,0.346133828163147
45,1360,0.1117759719491005,0.00020824636158067733,0.9207763671875,0.0792236328125,2,730,432,0.09376044571399689,0.32116129994392395,0.30604833364486694,0.3446696698665619
45,1380,0.11104804277420044,0.00020824636158067733,0.921142578125,0.078857421875,2,725,435,0.09307389706373215,0.32100608944892883,0.30488869547843933,0.34381338953971863
45,1400,0.11110414564609528,0.00020824636158067733,0.92034912109375,0.07965087890625,2,722,428,0.09302431344985962,0.3200126886367798,0.30485981702804565,0.34253501892089844
45,1420,0.1111835390329361,0.00020824636158067733,0.91937255859375,0.08062744140625,2,726,427,0.09286663681268692,0.3200460374355316,0.30454596877098083,0.34191253781318665
45,1440,0.11126827448606491,0.00020824636158067733,0.918212890625,0.081787109375,2,724,432,0.09277026355266571,0.31894299387931824,0.30442503094673157,0.3402562141418457
45,1460,0.11152709275484085,0.00020824636158067733,0.91839599609375,0.08160400390625,2,724,443,0.09292121976613998,0.3209233283996582,0.3046466112136841,0.34303611516952515
45,1480,0.11217401176691055,0.00020824636158067733,0.9158935546875,0.0841064453125,2,728,447,0.09290947020053864,0.3219590187072754,0.30465278029441833,0.3448881506919861
45,1500,0.11108288913965225,0.00020824636158067733,0.91851806640625,0.08148193359375,2,729,436,0.09256482869386673,0.31983068585395813,0.30409297347068787,0.3421037197113037
45,1520,0.11276758462190628,0.00020824636158067733,0.91461181640625,0.08538818359375,2,733,451,0.09325650334358215,0.32175517082214355,0.3051329553127289,0.344776451587677
45,1540,0.11184969544410706,0.00020824636158067733,0.91534423828125,0.08465576171875,2,727,442,0.0924730896949768,0.3213600218296051,0.3040344715118408,0.34488987922668457
45,1560,0.11200954020023346,0.00020824636158067733,0.9151611328125,0.0848388671875,2,727,436,0.0928594246506691,0.31858280301094055,0.304571270942688,0.3407896161079407
45,1580,0.11227860301733017,0.00020824636158067733,0.91455078125,0.08544921875,2,730,448,0.09291965514421463,0.31947460770606995,0.3046667277812958,0.34188100695610046
45,1600,0.11175200343132019,0.00020824636158067733,0.91436767578125,0.08563232421875,2,725,433,0.09254138916730881,0.3168797492980957,0.3040677011013031,0.3385203182697296
45,1620,0.11163172870874405,0.00020824636158067733,0.914794921875,0.085205078125,2,725,438,0.09260381013154984,0.31592294573783875,0.3041699528694153,0.3369550406932831
45,1640,0.11167933791875839,0.00020824636158067733,0.91455078125,0.08544921875,2,730,445,0.09247564524412155,0.31721365451812744,0.30395421385765076,0.338914155960083
45,1660,0.1118701919913292,0.00020824636158067733,0.913330078125,0.086669921875,2,727,448,0.09244616329669952,0.31656119227409363,0.30392390489578247,0.33841949701309204
45,1680,0.11176513135433197,0.00020824636158067733,0.91357421875,0.08642578125,2,727,436,0.09252824634313583,0.3151109218597412,0.30400291085243225,0.33639171719551086
45,1700,0.11256294697523117,0.00020824636158067733,0.9122314453125,0.0877685546875,2,730,452,0.09285876154899597,0.31736043095588684,0.3046218752861023,0.3396058678627014
45,1720,0.11166168749332428,0.00020824636158067733,0.913330078125,0.086669921875,2,726,445,0.09216660261154175,0.31710144877433777,0.303455650806427,0.3385428488254547
45,1740,0.11312156915664673,0.00020824636158067733,0.9112548828125,0.0887451171875,2,730,442,0.09322016686201096,0.3174736797809601,0.30522260069847107,0.3399064540863037
45,1760,0.11260710656642914,0.00020824636158067733,0.91015625,0.08984375,2,726,444,0.09250743687152863,0.3162253499031067,0.30398616194725037,0.3383648097515106
45,1780,0.11229287087917328,0.00020824636158067733,0.9105224609375,0.0894775390625,2,724,442,0.09230995178222656,0.31563878059387207,0.3037168085575104,0.337510883808136
45,1800,0.11273258924484253,0.00020824636158067733,0.9111328125,0.0888671875,2,726,456,0.09273283183574677,0.3177851438522339,0.30436474084854126,0.3401240408420563
45,1820,0.11133627593517303,0.00020824636158067733,0.91192626953125,0.08807373046875,2,724,440,0.09181191772222519,0.3134937882423401,0.3028578460216522,0.3340315818786621
45,1840,0.11225181072950363,0.00020824636158067733,0.9102783203125,0.0897216796875,2,724,442,0.0923876017332077,0.3137856721878052,0.3038618564605713,0.33471372723579407
45,1860,0.11267310380935669,0.00020824636158067733,0.90948486328125,0.09051513671875,2,719,446,0.09266529977321625,0.31370893120765686,0.30422407388687134,0.3342311680316925
45,1880,0.11274956166744232,0.00020824636158067733,0.90887451171875,0.09112548828125,2,718,449,0.092522032558918,0.3144964277744293,0.30407723784446716,0.33559542894363403
45,1900,0.11365099996328354,0.00020824636158067733,0.907470703125,0.092529296875,2,716,453,0.09310860186815262,0.31511804461479187,0.30501022934913635,0.33641213178634644
45,1920,0.11340511590242386,0.00020824636158067733,0.9075927734375,0.0924072265625,2,721,458,0.09283049404621124,0.3154822289943695,0.3045074939727783,0.33730146288871765
45,1940,0.11161524057388306,0.00020824636158067733,0.90936279296875,0.09063720703125,2,718,444,0.0917116105556488,0.31130844354629517,0.30275440216064453,0.33047425746917725
45,1960,0.11224843561649323,0.00020824636158067733,0.908203125,0.091796875,2,717,450,0.0921037569642067,0.3115520179271698,0.3033606708049774,0.33072277903556824
45,1980,0.1133088767528534,0.00020824636158067733,0.90692138671875,0.09307861328125,2,718,451,0.09297630935907364,0.3114214539527893,0.3047572076320648,0.3309759199619293
45,2000,0.11288337409496307,0.00020824636158067733,0.90655517578125,0.09344482421875,2,718,461,0.09237399697303772,0.3118550777435303,0.3036790192127228,0.3318972587585449
46,0,0.7060337066650391,0.00020824636158067733,0.58880615234375,0.41119384765625,2,1341,1094,0.7434523701667786,0.6524525284767151,0.7082312703132629,0.6192954182624817
46,20,0.49049147963523865,0.00020824636158067733,0.63970947265625,0.36029052734375,2,1310,957,0.4849439263343811,0.5003413558006287,0.6266303062438965,0.5279360413551331
46,40,0.33685627579689026,0.00020824636158067733,0.70404052734375,0.29595947265625,2,1201,781,0.30751198530197144,0.406661719083786,0.5355309844017029,0.44574981927871704
46,60,0.24942462146282196,0.00020824636158067733,0.7755126953125,0.2244873046875,2,1066,610,0.21720844507217407,0.36071839928627014,0.4641859531402588,0.3831004798412323
46,80,0.20410363376140594,0.00020824636158067733,0.834228515625,0.165771484375,2,967,492,0.1766139715909958,0.34244251251220703,0.42019179463386536,0.3417541980743408
46,100,0.1789260059595108,0.00020824636158067733,0.8660888671875,0.1339111328125,2,905,419,0.1547972410917282,0.33498233556747437,0.3929516673088074,0.3136589527130127
46,120,0.16044950485229492,0.00020824636158067733,0.89422607421875,0.10577392578125,2,850,370,0.14033222198486328,0.3305237591266632,0.3741806447505951,0.2947181165218353
46,140,0.14734011888504028,0.00020824636158067733,0.91119384765625,0.08880615234375,2,818,329,0.1296314001083374,0.3290400207042694,0.35970309376716614,0.28219008445739746
46,160,0.1359531134366989,0.00020824636158067733,0.92828369140625,0.07171630859375,2,794,295,0.12097268551588058,0.3298570513725281,0.3476221263408661,0.27402034401893616
46,180,0.12918013334274292,0.00020824636158067733,0.93463134765625,0.06536865234375,2,782,278,0.11506634950637817,0.33097702264785767,0.33900490403175354,0.26852357387542725
46,200,0.12175210565328598,0.00020824636158067733,0.9444580078125,0.0555419921875,2,759,258,0.10943414270877838,0.3312113285064697,0.3307130038738251,0.26211830973625183
46,220,0.11799592524766922,0.00020824636158067733,0.9468994140625,0.0531005859375,2,746,248,0.10600721836090088,0.3317808210849762,0.3253105878829956,0.25856056809425354
46,240,0.11384601145982742,0.00020824636158067733,0.95037841796875,0.04962158203125,2,726,230,0.10240086913108826,0.33304959535598755,0.31972500681877136,0.2538239359855652
46,260,0.11063256114721298,0.00020824636158067733,0.95416259765625,0.04583740234375,2,723,225,0.09998340159654617,0.3323081433773041,0.3159267008304596,0.24873387813568115
46,280,0.1098775789141655,0.00020824636158067733,0.95343017578125,0.04656982421875,2,722,226,0.09901195019483566,0.3323310315608978,0.314198762178421,0.25053641200065613
46,300,0.11008879542350769,0.00020824636158067733,0.95074462890625,0.04925537109375,2,712,238,0.09870190918445587,0.3298826515674591,0.3137036859989166,0.2509595453739166
46,320,0.108503058552742,0.00020824636158067733,0.95306396484375,0.04693603515625,2,707,232,0.09762468934059143,0.32939478754997253,0.31216341257095337,0.2502557039260864
46,340,0.10888605564832687,0.00020824636158067733,0.9510498046875,0.0489501953125,2,709,239,0.09759514778852463,0.3282565474510193,0.3118109703063965,0.2521417737007141
46,360,0.10794336348772049,0.00020824636158067733,0.95172119140625,0.04827880859375,2,708,242,0.09678646177053452,0.3278794288635254,0.31076791882514954,0.2537004053592682
46,380,0.10896074771881104,0.00020824636158067733,0.94976806640625,0.05023193359375,2,710,255,0.09747802466154099,0.32607215642929077,0.3118550181388855,0.25801852345466614
46,400,0.10963088274002075,0.00020824636158067733,0.94744873046875,0.05255126953125,2,709,261,0.09777656942605972,0.3233528137207031,0.3123307526111603,0.2596440315246582
46,420,0.1107449010014534,0.00020824636158067733,0.94354248046875,0.05645751953125,2,713,275,0.09799966216087341,0.3237486779689789,0.3126983940601349,0.2632298469543457
46,440,0.11088386178016663,0.00020824636158067733,0.94219970703125,0.05780029296875,2,709,278,0.09780555218458176,0.32407253980636597,0.3125367760658264,0.26883164048194885
46,460,0.11179648339748383,0.00020824636158067733,0.93817138671875,0.06182861328125,2,710,299,0.09789545089006424,0.32272714376449585,0.3124328851699829,0.273237019777298
46,480,0.11182628571987152,0.00020824636158067733,0.9373779296875,0.0626220703125,2,709,310,0.09795010834932327,0.31953635811805725,0.3128173053264618,0.2769915461540222
46,500,0.11297845840454102,0.00020824636158067733,0.93316650390625,0.06683349609375,2,713,325,0.09828431904315948,0.31814613938331604,0.3131452798843384,0.28099188208580017
46,520,0.11347835510969162,0.00020824636158067733,0.92987060546875,0.07012939453125,2,715,340,0.09821795672178268,0.3158215582370758,0.313215434551239,0.28501489758491516
46,540,0.1149020567536354,0.00020824636158067733,0.925048828125,0.074951171875,2,708,348,0.09864594042301178,0.3155354857444763,0.3138594627380371,0.29185983538627625
46,560,0.11434999108314514,0.00020824636158067733,0.923583984375,0.076416015625,2,709,360,0.09792740643024445,0.31283771991729736,0.3128012716770172,0.2938636243343353
46,580,0.11370351910591125,0.00020824636158067733,0.92327880859375,0.07672119140625,2,710,365,0.09722644090652466,0.3119921088218689,0.3115638196468353,0.29641908407211304
46,600,0.11394879221916199,0.00020824636158067733,0.921875,0.078125,2,707,374,0.09744201600551605,0.30872878432273865,0.3120182752609253,0.2995467782020569
46,620,0.11447982490062714,0.00020824636158067733,0.9195556640625,0.0804443359375,2,713,380,0.09747832268476486,0.30882319808006287,0.3120586574077606,0.3045514225959778
46,640,0.11488385498523712,0.00020824636158067733,0.9171142578125,0.0828857421875,2,713,387,0.09759950637817383,0.30613183975219727,0.3121950030326843,0.30559617280960083
46,660,0.11509733647108078,0.00020824636158067733,0.9166259765625,0.0833740234375,2,714,400,0.09755060821771622,0.30800861120224,0.3121810853481293,0.3114917576313019
46,680,0.11522093415260315,0.00020824636158067733,0.91534423828125,0.08465576171875,2,713,405,0.09744851291179657,0.30738604068756104,0.3119942247867584,0.3135911226272583
46,700,0.11513505131006241,0.00020824636158067733,0.91424560546875,0.08575439453125,2,718,408,0.09695577621459961,0.30894824862480164,0.311166912317276,0.3171525001525879
46,720,0.11429107189178467,0.00020824636158067733,0.91552734375,0.08447265625,2,714,414,0.09635757654905319,0.308657169342041,0.3102352023124695,0.3181043863296509
46,740,0.11329708993434906,0.00020824636158067733,0.91534423828125,0.08465576171875,2,705,409,0.09522154927253723,0.30873966217041016,0.30839425325393677,0.3187205195426941
46,760,0.11467870324850082,0.00020824636158067733,0.91241455078125,0.08758544921875,2,716,414,0.0960095152258873,0.3091634511947632,0.30972757935523987,0.3209407329559326
46,780,0.11398791521787643,0.00020824636158067733,0.91192626953125,0.08807373046875,2,716,405,0.0951695665717125,0.30883532762527466,0.30828869342803955,0.3207789361476898
46,800,0.11405981332063675,0.00020824636158067733,0.91229248046875,0.08770751953125,2,717,419,0.09522534906864166,0.3099671006202698,0.3084579110145569,0.3235246539115906
46,820,0.11442636698484421,0.00020824636158067733,0.91064453125,0.08935546875,2,718,437,0.0951734185218811,0.31063809990882874,0.30836960673332214,0.32534316182136536
46,840,0.1143081784248352,0.00020824636158067733,0.9097900390625,0.0902099609375,2,709,437,0.09505455940961838,0.3084857761859894,0.3081076145172119,0.32283633947372437
46,860,0.11415489763021469,0.00020824636158067733,0.91046142578125,0.08953857421875,2,714,431,0.09487684816122055,0.3101811707019806,0.3079215884208679,0.32571956515312195
46,880,0.11351250857114792,0.00020824636158067733,0.9105224609375,0.0894775390625,2,712,438,0.09432653337717056,0.308748722076416,0.3070038855075836,0.3239576518535614
46,900,0.11366529762744904,0.00020824636158067733,0.91046142578125,0.08953857421875,2,710,437,0.09437680244445801,0.30979791283607483,0.3070339262485504,0.3258068263530731
46,920,0.11356210708618164,0.00020824636158067733,0.9095458984375,0.0904541015625,2,712,435,0.09430936723947525,0.3071548044681549,0.30692189931869507,0.3225375711917877
46,940,0.1139715164899826,0.00020824636158067733,0.90789794921875,0.09210205078125,2,713,453,0.09427106380462646,0.3081691265106201,0.3066190779209137,0.32377249002456665
46,960,0.11317458003759384,0.00020824636158067733,0.90838623046875,0.09161376953125,2,717,432,0.093578040599823,0.3074820041656494,0.3056556284427643,0.323212593793869
46,980,0.11332565546035767,0.00020824636158067733,0.90753173828125,0.09246826171875,2,710,444,0.09344937652349472,0.3084019124507904,0.3054564297199249,0.3248753249645233
46,1000,0.11323008686304092,0.00020824636158067733,0.907470703125,0.092529296875,2,714,441,0.09336017072200775,0.30810195207595825,0.30535829067230225,0.3251812756061554
46,1020,0.11317546665668488,0.00020824636158067733,0.906982421875,0.093017578125,2,713,443,0.09333902597427368,0.30659380555152893,0.3052045404911041,0.32321518659591675
46,1040,0.11228466778993607,0.00020824636158067733,0.9083251953125,0.0916748046875,2,710,441,0.09260546416044235,0.3072686195373535,0.30413374304771423,0.32375648617744446
46,1060,0.1133015975356102,0.00020824636158067733,0.90655517578125,0.09344482421875,2,708,450,0.09319218248128891,0.30839306116104126,0.3051299750804901,0.3257945477962494
46,1080,0.11296039819717407,0.00020824636158067733,0.90655517578125,0.09344482421875,2,710,455,0.0929798036813736,0.3068021833896637,0.3047478497028351,0.3237471878528595
46,1100,0.11231819540262222,0.00020824636158067733,0.9073486328125,0.0926513671875,2,712,456,0.0924856960773468,0.3065407872200012,0.3039517104625702,0.3229954242706299
46,1120,0.11341168731451035,0.00020824636158067733,0.90557861328125,0.09442138671875,2,714,449,0.09335919469594955,0.30573150515556335,0.3052751421928406,0.32259100675582886
46,1140,0.11344216763973236,0.00020824636158067733,0.9053955078125,0.0946044921875,2,714,451,0.09332592785358429,0.3059609830379486,0.305293470621109,0.3228803873062134
46,1160,0.1136246770620346,0.00020824636158067733,0.9041748046875,0.0958251953125,2,713,457,0.09320306032896042,0.3063163757324219,0.3050788640975952,0.3233410120010376
46,1180,0.11442446708679199,0.00020824636158067733,0.90234375,0.09765625,2,715,459,0.0935106948018074,0.30766764283180237,0.30555805563926697,0.3255753815174103
46,1200,0.11396760493516922,0.00020824636158067733,0.90228271484375,0.09771728515625,2,711,454,0.09302081167697906,0.3073820173740387,0.30480167269706726,0.32514914870262146
46,1220,0.1138937696814537,0.00020824636158067733,0.9019775390625,0.0980224609375,2,705,455,0.09300803393125534,0.3060789108276367,0.304869681596756,0.32361292839050293
46,1240,0.11298654973506927,0.00020824636158067733,0.90313720703125,0.09686279296875,2,708,454,0.09234432876110077,0.3054521381855011,0.3036898374557495,0.3225666880607605
46,1260,0.11318901181221008,0.00020824636158067733,0.90240478515625,0.09759521484375,2,708,460,0.09239578992128372,0.30545157194137573,0.30380943417549133,0.32272252440452576
46,1280,0.1135721430182457,0.00020824636158067733,0.9019775390625,0.0980224609375,2,707,453,0.09286852180957794,0.3040814995765686,0.30441051721572876,0.3203105926513672
46,1300,0.11313743889331818,0.00020824636158067733,0.902099609375,0.097900390625,2,708,455,0.0923955887556076,0.3042624890804291,0.3037627935409546,0.3207712471485138
46,1320,0.1130363941192627,0.00020824636158067733,0.90228271484375,0.09771728515625,2,708,455,0.09237440675497055,0.3038211464881897,0.3038268983364105,0.32035529613494873
46,1340,0.11306501924991608,0.00020824636158067733,0.901611328125,0.098388671875,2,706,461,0.0922519862651825,0.30379098653793335,0.3036009669303894,0.3205204904079437
46,1360,0.11336040496826172,0.00020824636158067733,0.90106201171875,0.09893798828125,2,709,460,0.09238669276237488,0.30437520146369934,0.3038269877433777,0.32174956798553467
46,1380,0.11282270401716232,0.00020824636158067733,0.901123046875,0.098876953125,2,708,458,0.0919155478477478,0.30336177349090576,0.30302664637565613,0.3199338912963867
46,1400,0.11353130638599396,0.00020824636158067733,0.90020751953125,0.09979248046875,2,708,460,0.09247543662786484,0.30347204208374023,0.3039723336696625,0.3199743628501892
46,1420,0.1139620915055275,0.00020824636158067733,0.8995361328125,0.1004638671875,2,707,465,0.0928242951631546,0.3032262921333313,0.30451539158821106,0.3201347887516022
46,1440,0.11338558048009872,0.00020824636158067733,0.8997802734375,0.1002197265625,2,710,460,0.09226079285144806,0.3030455410480499,0.3035653531551361,0.3197322189807892
46,1460,0.11365292966365814,0.00020824636158067733,0.8995361328125,0.1004638671875,2,710,464,0.09246952086687088,0.30332547426223755,0.3039209246635437,0.3202165961265564
46,1480,0.11371123790740967,0.00020824636158067733,0.899658203125,0.100341796875,2,713,461,0.09262727946043015,0.3027486503124237,0.3041883707046509,0.31940534710884094
46,1500,0.11370741575956345,0.00020824636158067733,0.89862060546875,0.10137939453125,2,710,458,0.09238795936107635,0.3026815950870514,0.303768515586853,0.31921833753585815
46,1520,0.11286909878253937,0.00020824636158067733,0.899658203125,0.100341796875,2,714,459,0.09177631884813309,0.30198559165000916,0.30273208022117615,0.3181401789188385
46,1540,0.11294617503881454,0.00020824636158067733,0.8983154296875,0.1016845703125,2,708,457,0.09146512299776077,0.30271705985069275,0.3023313283920288,0.3194347321987152
46,1560,0.11382123827934265,0.00020824636158067733,0.89739990234375,0.10260009765625,2,712,458,0.09233212471008301,0.30177757143974304,0.3037049174308777,0.3181549310684204
46,1580,0.11336292326450348,0.00020824636158067733,0.8975830078125,0.1024169921875,2,714,459,0.09178534895181656,0.3024689555168152,0.30285099148750305,0.31915587186813354
46,1600,0.11313455551862717,0.00020824636158067733,0.89764404296875,0.10235595703125,2,716,459,0.09167049825191498,0.30137062072753906,0.3026302456855774,0.31740912795066833
46,1620,0.11297430098056793,0.00020824636158067733,0.89752197265625,0.10247802734375,2,711,446,0.09156352281570435,0.3004940152168274,0.3025117814540863,0.31603631377220154
46,1640,0.11337076872587204,0.00020824636158067733,0.89697265625,0.10302734375,2,715,462,0.09172999858856201,0.3017788231372833,0.30267032980918884,0.31765466928482056
46,1660,0.11324352025985718,0.00020824636158067733,0.89617919921875,0.10382080078125,2,715,467,0.09143563359975815,0.30148881673812866,0.30221065878868103,0.3175754249095917
46,1680,0.11345040798187256,0.00020824636158067733,0.8961181640625,0.1038818359375,2,718,460,0.09162924438714981,0.30168670415878296,0.30261072516441345,0.3180549740791321
46,1700,0.1138952299952507,0.00020824636158067733,0.89593505859375,0.10406494140625,2,722,458,0.0922580286860466,0.30017831921577454,0.3036229610443115,0.31587132811546326
46,1720,0.1133885607123375,0.00020824636158067733,0.89581298828125,0.10418701171875,2,716,457,0.09171686321496964,0.2997244894504547,0.30274349451065063,0.3151214122772217
46,1740,0.11234953999519348,0.00020824636158067733,0.89617919921875,0.10382080078125,2,719,461,0.09074261039495468,0.2988600730895996,0.3010597825050354,0.3132360577583313
46,1760,0.11391296237707138,0.00020824636158067733,0.8948974609375,0.1051025390625,2,719,457,0.09212062507867813,0.2994641959667206,0.30339616537094116,0.31475672125816345
46,1780,0.11341613531112671,0.00020824636158067733,0.8955078125,0.1044921875,2,720,460,0.09161821007728577,0.30022644996643066,0.30258941650390625,0.315976083278656
46,1800,0.11281660944223404,0.00020824636158067733,0.8955078125,0.1044921875,2,720,451,0.09089973568916321,0.3006463348865509,0.3013991415500641,0.316558301448822
46,1820,0.11417580395936966,0.00020824636158067733,0.8944091796875,0.1055908203125,2,723,461,0.09220843017101288,0.3002508580684662,0.3034924864768982,0.31603676080703735
46,1840,0.114113949239254,0.00020824636158067733,0.8936767578125,0.1063232421875,2,724,465,0.09196753054857254,0.3002608120441437,0.3030824661254883,0.31612852215766907
46,1860,0.11435312032699585,0.00020824636158067733,0.893310546875,0.106689453125,2,722,464,0.09207183867692947,0.30091428756713867,0.3033687472343445,0.3171450197696686
46,1880,0.11296428740024567,0.00020824636158067733,0.89520263671875,0.10479736328125,2,721,453,0.09124698489904404,0.29847830533981323,0.3019818961620331,0.3130866587162018
46,1900,0.11439745873212814,0.00020824636158067733,0.89208984375,0.10791015625,2,720,469,0.091878741979599,0.30055904388427734,0.3029729425907135,0.3166434168815613
46,1920,0.11344613134860992,0.00020824636158067733,0.89312744140625,0.10687255859375,2,717,460,0.0912589430809021,0.29886314272880554,0.30189570784568787,0.3137112557888031
46,1940,0.114081472158432,0.00020824636158067733,0.89215087890625,0.10784912109375,2,721,465,0.09169032424688339,0.29930579662323,0.30262303352355957,0.314728707075119
46,1960,0.11379706114530563,0.00020824636158067733,0.89227294921875,0.10772705078125,2,720,455,0.09149011969566345,0.29855915904045105,0.3023686110973358,0.31334760785102844
46,1980,0.11400812864303589,0.00020824636158067733,0.8919677734375,0.1080322265625,2,728,464,0.09153657406568527,0.29954445362091064,0.30241164565086365,0.31501883268356323
46,2000,0.11342184990644455,0.00020824636158067733,0.89227294921875,0.10772705078125,2,725,462,0.09101588279008865,0.2990041673183441,0.3015565574169159,0.31410688161849976
47,0,0.7132543325424194,0.00020824636158067733,0.54058837890625,0.45941162109375,2,1332,1135,0.6208370327949524,0.822001576423645,0.7235851883888245,0.7076432704925537
47,20,0.5100861191749573,0.00020824636158067733,0.62298583984375,0.37701416015625,2,1305,1092,0.4249640703201294,0.6507436633110046,0.6351559162139893,0.627817690372467
47,40,0.36531099677085876,0.00020824636158067733,0.70074462890625,0.29925537109375,2,1231,990,0.29555797576904297,0.5286465883255005,0.543443500995636,0.5477821230888367
47,60,0.28210049867630005,0.00020824636158067733,0.76678466796875,0.23321533203125,2,1105,820,0.23051324486732483,0.4517131447792053,0.47661131620407104,0.4809109568595886
47,80,0.23542213439941406,0.00020824636158067733,0.80999755859375,0.19000244140625,2,1017,700,0.19521275162696838,0.4068383574485779,0.4337075650691986,0.43156343698501587
47,100,0.20740622282028198,0.00020824636158067733,0.839599609375,0.160400390625,2,951,602,0.17444472014904022,0.3799399137496948,0.4097534120082855,0.396569162607193
47,120,0.1871509999036789,0.00020824636158067733,0.858154296875,0.141845703125,2,906,549,0.15807999670505524,0.36302801966667175,0.39167138934135437,0.3708358108997345
47,140,0.1710549294948578,0.00020824636158067733,0.87060546875,0.12939453125,2,872,501,0.14482378959655762,0.3475458323955536,0.3768009841442108,0.3482784926891327
47,160,0.15928402543067932,0.00020824636158067733,0.874755859375,0.125244140625,2,831,468,0.1339542716741562,0.3361973166465759,0.36395663022994995,0.3320743441581726
47,180,0.14881615340709686,0.00020824636158067733,0.88037109375,0.11962890625,2,802,442,0.12491415441036224,0.3247154951095581,0.35241472721099854,0.31678858399391174
47,200,0.14207012951374054,0.00020824636158067733,0.88262939453125,0.11737060546875,2,787,420,0.11881013214588165,0.31698575615882874,0.34425088763237,0.3073636293411255
47,220,0.13534893095493317,0.00020824636158067733,0.88580322265625,0.11419677734375,2,746,401,0.11275042593479156,0.31064146757125854,0.3354817032814026,0.29980066418647766
47,240,0.13053087890148163,0.00020824636158067733,0.8890380859375,0.1109619140625,2,734,384,0.10846328735351562,0.3073386251926422,0.32917800545692444,0.2960800230503082
47,260,0.12785901129245758,0.00020824636158067733,0.888916015625,0.111083984375,2,718,390,0.10577947646379471,0.3045439124107361,0.3248010575771332,0.29346463084220886
47,280,0.12432065606117249,0.00020824636158067733,0.89373779296875,0.10626220703125,2,709,369,0.10311120748519897,0.3027067184448242,0.3209194242954254,0.2914063036441803
47,300,0.12260732054710388,0.00020824636158067733,0.8941650390625,0.1058349609375,2,696,368,0.10144348442554474,0.30141371488571167,0.3180914521217346,0.2902646064758301
47,320,0.12009142339229584,0.00020824636158067733,0.89678955078125,0.10321044921875,2,688,356,0.09929130971431732,0.30082225799560547,0.31491774320602417,0.29006630182266235
47,340,0.11971870064735413,0.00020824636158067733,0.89593505859375,0.10406494140625,2,686,364,0.09879167377948761,0.29988765716552734,0.3139157295227051,0.29013052582740784
47,360,0.11978981643915176,0.00020824636158067733,0.8968505859375,0.1031494140625,2,680,365,0.09893798828125,0.3010898232460022,0.31417781114578247,0.29229024052619934
47,380,0.11816343665122986,0.00020824636158067733,0.898193359375,0.101806640625,2,680,365,0.09755749255418777,0.29996034502983093,0.3118937611579895,0.29128459095954895
47,400,0.11800996214151382,0.00020824636158067733,0.8997802734375,0.1002197265625,2,682,367,0.09771260619163513,0.3002412021160126,0.31223729252815247,0.292490154504776
47,420,0.11731358617544174,0.00020824636158067733,0.9005126953125,0.0994873046875,2,685,368,0.09723889082670212,0.299020379781723,0.3116382658481598,0.2925317585468292
47,440,0.11715981364250183,0.00020824636158067733,0.8983154296875,0.1016845703125,2,677,365,0.09675116837024689,0.29745662212371826,0.31055518984794617,0.2913847267627716
47,460,0.11676817387342453,0.00020824636158067733,0.90093994140625,0.09906005859375,2,687,362,0.09689029306173325,0.29755523800849915,0.31084445118904114,0.2921809256076813
47,480,0.11594250798225403,0.00020824636158067733,0.90216064453125,0.09783935546875,2,680,367,0.09624381363391876,0.29758086800575256,0.3099232316017151,0.29265666007995605
47,500,0.11617595702409744,0.00020824636158067733,0.90234375,0.09765625,2,680,368,0.09660837054252625,0.29698044061660767,0.31046733260154724,0.2928890585899353
47,520,0.11613351106643677,0.00020824636158067733,0.90289306640625,0.09710693359375,2,680,367,0.09660710394382477,0.2976885735988617,0.31049031019210815,0.2937951683998108
47,540,0.11630464345216751,0.00020824636158067733,0.9022216796875,0.0977783203125,2,681,371,0.0965842753648758,0.29826870560646057,0.31038719415664673,0.2948257625102997
47,560,0.11621440201997757,0.00020824636158067733,0.90155029296875,0.09844970703125,2,684,370,0.09645044058561325,0.29720231890678406,0.31026962399482727,0.294551819562912
47,580,0.1162324994802475,0.00020824636158067733,0.90216064453125,0.09783935546875,2,685,367,0.09672559797763824,0.29610249400138855,0.31066662073135376,0.29394474625587463
47,600,0.11513160914182663,0.00020824636158067733,0.905029296875,0.094970703125,2,682,365,0.0963294506072998,0.2943078875541687,0.31020480394363403,0.2926585376262665
47,620,0.11683478206396103,0.00020824636158067733,0.9014892578125,0.0985107421875,2,693,374,0.09723512828350067,0.2961947023868561,0.3115786612033844,0.295541375875473
47,640,0.11682397127151489,0.00020824636158067733,0.90130615234375,0.09869384765625,2,689,385,0.09701424837112427,0.2977330684661865,0.3113037943840027,0.2980455160140991
47,660,0.11587804555892944,0.00020824636158067733,0.902099609375,0.097900390625,2,692,383,0.09621334075927734,0.2970777153968811,0.30996695160865784,0.29764848947525024
47,680,0.11521564424037933,0.00020824636158067733,0.902587890625,0.097412109375,2,688,387,0.09585081040859222,0.2946436107158661,0.30934104323387146,0.2962948679924011
47,700,0.11533604562282562,0.00020824636158067733,0.9012451171875,0.0987548828125,2,688,390,0.09546946734189987,0.2966400384902954,0.30882176756858826,0.299918532371521
47,720,0.11593465507030487,0.00020824636158067733,0.90069580078125,0.09930419921875,2,697,407,0.09595079720020294,0.29718947410583496,0.3096390664577484,0.3018795847892761
47,740,0.1158994734287262,0.00020824636158067733,0.89990234375,0.10009765625,2,699,402,0.09579425305128098,0.2966502606868744,0.3093283772468567,0.30173739790916443
47,760,0.11558352410793304,0.00020824636158067733,0.8995361328125,0.1004638671875,2,700,404,0.09531432390213013,0.2970704436302185,0.30854544043540955,0.30299821496009827
47,780,0.11629622429609299,0.00020824636158067733,0.8983154296875,0.1016845703125,2,700,413,0.09549540281295776,0.300057590007782,0.30883511900901794,0.3080791234970093
47,800,0.11594908684492111,0.00020824636158067733,0.89898681640625,0.10101318359375,2,708,418,0.09544692933559418,0.2984120547771454,0.3087383508682251,0.3064330518245697
47,820,0.1154073178768158,0.00020824636158067733,0.89886474609375,0.10113525390625,2,703,413,0.09476883709430695,0.29883694648742676,0.30762162804603577,0.3076992630958557
47,840,0.11496609449386597,0.00020824636158067733,0.8985595703125,0.1014404296875,2,697,427,0.0940212607383728,0.3004953861236572,0.3064301609992981,0.3105805814266205
47,860,0.11591136455535889,0.00020824636158067733,0.8970947265625,0.1029052734375,2,701,426,0.09487352520227432,0.29931238293647766,0.30777737498283386,0.31021958589553833
47,880,0.11612796783447266,0.00020824636158067733,0.89739990234375,0.10260009765625,2,698,435,0.09500483423471451,0.30088314414024353,0.3080495297908783,0.3127679228782654
47,900,0.11536406725645065,0.00020824636158067733,0.8980712890625,0.1019287109375,2,699,423,0.09458285570144653,0.29846271872520447,0.3073992133140564,0.30915379524230957
47,920,0.11576927453279495,0.00020824636158067733,0.8974609375,0.1025390625,2,699,430,0.09466233104467392,0.30050528049468994,0.3075024485588074,0.3125413656234741
47,940,0.11525479704141617,0.00020824636158067733,0.897705078125,0.102294921875,2,701,432,0.09415100514888763,0.30045437812805176,0.30669739842414856,0.3125355541706085
47,960,0.11487078666687012,0.00020824636158067733,0.89764404296875,0.10235595703125,2,697,428,0.0938374325633049,0.2993296682834625,0.30614665150642395,0.3109005391597748
47,980,0.11503155529499054,0.00020824636158067733,0.8974609375,0.1025390625,2,693,430,0.09387437999248505,0.300207257270813,0.30628007650375366,0.3127562999725342
47,1000,0.11604175716638565,0.00020824636158067733,0.89715576171875,0.10284423828125,2,703,441,0.09481815993785858,0.3011844754219055,0.30775904655456543,0.31400975584983826
47,1020,0.116038478910923,0.00020824636158067733,0.8951416015625,0.1048583984375,2,697,436,0.09449512511491776,0.29994693398475647,0.30707645416259766,0.3126055896282196
47,1040,0.11482171714305878,0.00020824636158067733,0.8970947265625,0.1029052734375,2,694,438,0.09362268447875977,0.2996280789375305,0.30583465099334717,0.3123036026954651
47,1060,0.11447671055793762,0.00020824636158067733,0.89642333984375,0.10357666015625,2,693,439,0.09309560060501099,0.29952356219291687,0.3049930930137634,0.3122307360172272
47,1080,0.11553669720888138,0.00020824636158067733,0.895263671875,0.104736328125,2,693,444,0.0938381552696228,0.30101123452186584,0.30619096755981445,0.3144930601119995
47,1100,0.11529763787984848,0.00020824636158067733,0.89605712890625,0.10394287109375,2,699,446,0.09395786374807358,0.2992607355117798,0.30633434653282166,0.311735063791275
47,1120,0.11594487726688385,0.00020824636158067733,0.89556884765625,0.10443115234375,2,699,447,0.09443684667348862,0.3003910183906555,0.30718091130256653,0.31319504976272583
47,1140,0.11474791169166565,0.00020824636158067733,0.89569091796875,0.10430908203125,2,695,449,0.09317512810230255,0.2999911606311798,0.30517059564590454,0.3127238154411316
47,1160,0.11494851112365723,0.00020824636158067733,0.895263671875,0.104736328125,2,702,436,0.09360339492559433,0.29740211367607117,0.30585625767707825,0.30935221910476685
47,1180,0.11488699913024902,0.00020824636158067733,0.8953857421875,0.1046142578125,2,699,443,0.09335371851921082,0.2991887927055359,0.30545684695243835,0.31186172366142273
47,1200,0.11497719585895538,0.00020824636158067733,0.895263671875,0.104736328125,2,699,442,0.09338423609733582,0.2995491325855255,0.3054264783859253,0.31258702278137207
47,1220,0.11482863128185272,0.00020824636158067733,0.89520263671875,0.10479736328125,2,699,441,0.09330619871616364,0.2986781895160675,0.3053857088088989,0.31164848804473877
47,1240,0.1145993024110794,0.00020824636158067733,0.8956298828125,0.1043701171875,2,702,441,0.09317293763160706,0.2984650731086731,0.3051564395427704,0.311244398355484
47,1260,0.11488854885101318,0.00020824636158067733,0.89495849609375,0.10504150390625,2,700,442,0.09341192990541458,0.2978704273700714,0.30547967553138733,0.3100720942020416
47,1280,0.11502714455127716,0.00020824636158067733,0.894287109375,0.105712890625,2,698,443,0.09340076893568039,0.2979773283004761,0.30554285645484924,0.31066206097602844
47,1300,0.11503513157367706,0.00020824636158067733,0.89361572265625,0.10638427734375,2,700,439,0.09307332336902618,0.2995118796825409,0.30495867133140564,0.31307244300842285
47,1320,0.11439018696546555,0.00020824636158067733,0.89398193359375,0.10601806640625,2,700,444,0.09274131804704666,0.2969411015510559,0.30445730686187744,0.3092349171638489
47,1340,0.11529882252216339,0.00020824636158067733,0.89337158203125,0.10662841796875,2,707,442,0.0934615507721901,0.29825934767723083,0.3056122064590454,0.3112422525882721
47,1360,0.1148444265127182,0.00020824636158067733,0.8936767578125,0.1063232421875,2,705,444,0.09306948632001877,0.297868937253952,0.3049931228160858,0.31076371669769287
47,1380,0.11453619599342346,0.00020824636158067733,0.89337158203125,0.10662841796875,2,701,448,0.0928240567445755,0.2964484393596649,0.30460384488105774,0.3087727427482605
47,1400,0.11410989612340927,0.00020824636158067733,0.89398193359375,0.10601806640625,2,702,451,0.09247829020023346,0.29651525616645813,0.30406007170677185,0.3086215853691101
47,1420,0.11503282189369202,0.00020824636158067733,0.89398193359375,0.10601806640625,2,706,444,0.0935269296169281,0.29637810587882996,0.3057306110858917,0.30830201506614685
47,1440,0.11488467454910278,0.00020824636158067733,0.89337158203125,0.10662841796875,2,707,446,0.09319505095481873,0.2966081500053406,0.30517491698265076,0.3087891638278961
47,1460,0.11522883921861649,0.00020824636158067733,0.89306640625,0.10693359375,2,710,453,0.09351636469364166,0.29656267166137695,0.3056819438934326,0.30892592668533325
47,1480,0.11454270035028458,0.00020824636158067733,0.8934326171875,0.1065673828125,2,702,442,0.09301302582025528,0.2950417697429657,0.30491286516189575,0.3063109219074249
47,1500,0.11523038148880005,0.00020824636158067733,0.89227294921875,0.10772705078125,2,706,446,0.09351369738578796,0.2951035499572754,0.3056817948818207,0.3067862093448639
47,1520,0.11472418159246445,0.00020824636158067733,0.8924560546875,0.1075439453125,2,703,447,0.09293444454669952,0.29554691910743713,0.30475518107414246,0.30756592750549316
47,1540,0.1146559864282608,0.00020824636158067733,0.89276123046875,0.10723876953125,2,704,450,0.09291334450244904,0.29566314816474915,0.30476492643356323,0.3076476454734802
47,1560,0.11480916291475296,0.00020824636158067733,0.8922119140625,0.1077880859375,2,707,438,0.09301924705505371,0.29517433047294617,0.30489489436149597,0.30727091431617737
47,1580,0.11374261975288391,0.00020824636158067733,0.89337158203125,0.10662841796875,2,703,438,0.09222137928009033,0.29405534267425537,0.3036303222179413,0.3054278492927551
47,1600,0.11485350877046585,0.00020824636158067733,0.89276123046875,0.10723876953125,2,706,437,0.09326858818531036,0.2945476174354553,0.3053410053253174,0.3061227798461914
47,1620,0.11467265337705612,0.00020824636158067733,0.8922119140625,0.1077880859375,2,706,441,0.09293920546770096,0.29457059502601624,0.30477291345596313,0.30592167377471924
47,1640,0.11476226896047592,0.00020824636158067733,0.89178466796875,0.10821533203125,2,709,446,0.09295124560594559,0.29450345039367676,0.3047463297843933,0.30578556656837463
47,1660,0.11451803892850876,0.00020824636158067733,0.8916015625,0.1083984375,2,705,444,0.09268876910209656,0.2940687835216522,0.3043725788593292,0.305241197347641
47,1680,0.11442433297634125,0.00020824636158067733,0.89178466796875,0.10821533203125,2,710,452,0.09244406968355179,0.2955600321292877,0.30395424365997314,0.3073613941669464
47,1700,0.11474032700061798,0.00020824636158067733,0.8916015625,0.1083984375,2,710,439,0.09292842447757721,0.2941480875015259,0.30479198694229126,0.30586907267570496
47,1720,0.11444894969463348,0.00020824636158067733,0.8916015625,0.1083984375,2,705,443,0.09262969344854355,0.29391732811927795,0.30422765016555786,0.3052414059638977
47,1740,0.11432188004255295,0.00020824636158067733,0.891845703125,0.108154296875,2,707,439,0.09265176206827164,0.2930147349834442,0.3043578267097473,0.3037351965904236
47,1760,0.11505413800477982,0.00020824636158067733,0.89202880859375,0.10797119140625,2,714,445,0.0933443084359169,0.29441478848457336,0.3053945004940033,0.30589041113853455
47,1780,0.11430840939283371,0.00020824636158067733,0.89129638671875,0.10870361328125,2,703,448,0.0923125222325325,0.294659823179245,0.3036978840827942,0.3063510060310364
47,1800,0.11503224819898605,0.00020824636158067733,0.89111328125,0.10888671875,2,709,442,0.0932021364569664,0.2936866581439972,0.30517902970314026,0.3051930367946625
47,1820,0.11503490060567856,0.00020824636158067733,0.8917236328125,0.1082763671875,2,708,448,0.0931287482380867,0.2954457104206085,0.3050236999988556,0.3073607087135315
47,1840,0.11392070353031158,0.00020824636158067733,0.89178466796875,0.10821533203125,2,703,442,0.09223978966474533,0.292589396238327,0.3036510944366455,0.3030606806278229
47,1860,0.11510859429836273,0.00020824636158067733,0.89129638671875,0.10870361328125,2,712,449,0.09316952526569366,0.29499420523643494,0.305187851190567,0.3068544268608093
47,1880,0.11419789493083954,0.00020824636158067733,0.89154052734375,0.10845947265625,2,708,441,0.09237980097532272,0.2935434877872467,0.3038995563983917,0.30488526821136475
47,1900,0.11495349556207657,0.00020824636158067733,0.89117431640625,0.10882568359375,2,708,440,0.09309069067239761,0.29398810863494873,0.3050142526626587,0.30562078952789307
47,1920,0.11382047832012177,0.00020824636158067733,0.89129638671875,0.10870361328125,2,705,447,0.09188904613256454,0.2936435043811798,0.3030841052532196,0.3049127757549286
47,1940,0.11365615576505661,0.00020824636158067733,0.89202880859375,0.10797119140625,2,710,433,0.09209354966878891,0.29180049896240234,0.303422749042511,0.3018113374710083
47,1960,0.11389394104480743,0.00020824636158067733,0.89190673828125,0.10809326171875,2,713,437,0.09242825210094452,0.2910131514072418,0.30396729707717896,0.30068323016166687
47,1980,0.11410041153430939,0.00020824636158067733,0.891357421875,0.108642578125,2,708,443,0.09233096241950989,0.292707622051239,0.3038322627544403,0.30364951491355896
47,2000,0.11396881937980652,0.00020824636158067733,0.89141845703125,0.10858154296875,2,711,437,0.09229043871164322,0.29194116592407227,0.30374443531036377,0.30253899097442627
48,0,0.8664990067481995,0.00020824636158067733,0.6500244140625,0.3499755859375,2,1340,1085,0.7984694242477417,0.9928531646728516,0.7597692608833313,0.7218818068504333
48,20,0.652830958366394,0.00020824636158067733,0.70098876953125,0.29901123046875,2,1335,1051,0.5959005951881409,0.7862962484359741,0.6959161758422852,0.6429994106292725
48,40,0.46989479660987854,0.00020824636158067733,0.74102783203125,0.25897216796875,2,1294,942,0.42290669679641724,0.604347288608551,0.6189725399017334,0.5604066252708435
48,60,0.3420880436897278,0.00020824636158067733,0.78271484375,0.21728515625,2,1220,767,0.30744466185569763,0.46688205003738403,0.5469650030136108,0.47614046931266785
48,80,0.26685547828674316,0.00020824636158067733,0.82171630859375,0.17828369140625,2,1126,590,0.24014602601528168,0.38996028900146484,0.48942750692367554,0.40374407172203064
48,100,0.22401709854602814,0.00020824636158067733,0.85491943359375,0.14508056640625,2,1046,475,0.20157702267169952,0.3562503755092621,0.44771695137023926,0.35022640228271484
48,120,0.19835761189460754,0.00020824636158067733,0.88006591796875,0.11993408203125,2,994,389,0.17918242514133453,0.33906346559524536,0.42084482312202454,0.3093917667865753
48,140,0.1798510104417801,0.00020824636158067733,0.89801025390625,0.10198974609375,2,946,329,0.16262362897396088,0.3315364420413971,0.4006459712982178,0.28349700570106506
48,160,0.16535703837871552,0.00020824636158067733,0.91497802734375,0.08502197265625,2,908,292,0.15054713189601898,0.32473641633987427,0.3860533833503723,0.26068559288978577
48,180,0.15400125086307526,0.00020824636158067733,0.9246826171875,0.0753173828125,2,881,258,0.14031027257442474,0.32208752632141113,0.37331581115722656,0.2458793818950653
48,200,0.14447109401226044,0.00020824636158067733,0.93414306640625,0.06585693359375,2,851,231,0.13218238949775696,0.31877952814102173,0.3629564344882965,0.23277287185192108
48,220,0.1348825842142105,0.00020824636158067733,0.9451904296875,0.0548095703125,2,830,207,0.12436509132385254,0.3162567913532257,0.3522464334964752,0.2186950445175171
48,240,0.12732109427452087,0.00020824636158067733,0.95074462890625,0.04925537109375,2,808,186,0.11761549860239029,0.31466180086135864,0.34256184101104736,0.20740355551242828
48,260,0.12219685316085815,0.00020824636158067733,0.9537353515625,0.0462646484375,2,787,182,0.1128925308585167,0.31400319933891296,0.3357822299003601,0.20307326316833496
48,280,0.11889451742172241,0.00020824636158067733,0.95391845703125,0.04608154296875,2,771,180,0.10944849997758865,0.3144332766532898,0.33045724034309387,0.20139740407466888
48,300,0.11524729430675507,0.00020824636158067733,0.95709228515625,0.04290771484375,2,762,174,0.10633295029401779,0.31408917903900146,0.32579299807548523,0.19701050221920013
48,320,0.11243781447410583,0.00020824636158067733,0.9588623046875,0.0411376953125,2,740,166,0.10379286855459213,0.31393930315971375,0.32190072536468506,0.19523246586322784
48,340,0.11045017838478088,0.00020824636158067733,0.95928955078125,0.04071044921875,2,736,165,0.10183002054691315,0.31357306241989136,0.31881067156791687,0.19459334015846252
48,360,0.10967765748500824,0.00020824636158067733,0.95916748046875,0.04083251953125,2,735,164,0.10098256915807724,0.31392771005630493,0.31732499599456787,0.19522331655025482
48,380,0.10699938982725143,0.00020824636158067733,0.96197509765625,0.03802490234375,2,725,162,0.09878554195165634,0.3147980272769928,0.31414130330085754,0.1941053718328476
48,400,0.10701335221529007,0.00020824636158067733,0.9610595703125,0.0389404296875,2,727,164,0.09863890707492828,0.3136967718601227,0.31355875730514526,0.1940353810787201
48,420,0.10504096001386642,0.00020824636158067733,0.96405029296875,0.03594970703125,2,715,159,0.09717422723770142,0.31600043177604675,0.31141164898872375,0.19517455995082855
48,440,0.10535940527915955,0.00020824636158067733,0.9625244140625,0.0374755859375,2,722,163,0.09722287952899933,0.3143382668495178,0.31146538257598877,0.1967787891626358
48,460,0.10623133182525635,0.00020824636158067733,0.960693359375,0.039306640625,2,725,170,0.09782524406909943,0.31168487668037415,0.31238237023353577,0.19985894858837128
48,480,0.10825293511152267,0.00020824636158067733,0.95660400390625,0.04339599609375,2,727,179,0.09920350462198257,0.30773496627807617,0.3145323693752289,0.20554512739181519
48,500,0.10770852863788605,0.00020824636158067733,0.9564208984375,0.0435791015625,2,722,185,0.0986657366156578,0.3061690032482147,0.3138006925582886,0.2087903916835785
48,520,0.10786275565624237,0.00020824636158067733,0.95440673828125,0.04559326171875,2,719,193,0.09855538606643677,0.3026945888996124,0.3135894238948822,0.2114046961069107
48,540,0.1079108864068985,0.00020824636158067733,0.953857421875,0.046142578125,2,724,191,0.09856415539979935,0.3011263310909271,0.3135456144809723,0.2131873369216919
48,560,0.10903027653694153,0.00020824636158067733,0.951416015625,0.048583984375,2,722,197,0.0992065966129303,0.3014066815376282,0.3144511580467224,0.22047509253025055
48,580,0.11038605123758316,0.00020824636158067733,0.94842529296875,0.05157470703125,2,727,214,0.10015007853507996,0.29861894249916077,0.31610384583473206,0.22593660652637482
48,600,0.10878316313028336,0.00020824636158067733,0.9478759765625,0.0521240234375,2,714,218,0.09853328764438629,0.2951774597167969,0.3134205639362335,0.22720655798912048
48,620,0.11010810732841492,0.00020824636158067733,0.9434814453125,0.0565185546875,2,724,234,0.0990092009305954,0.295385479927063,0.31431084871292114,0.23679634928703308
48,640,0.11074385046958923,0.00020824636158067733,0.9403076171875,0.0596923828125,2,724,242,0.09908796846866608,0.29435357451438904,0.3144569993019104,0.24410845339298248
48,660,0.11120837926864624,0.00020824636158067733,0.93792724609375,0.06207275390625,2,727,247,0.09920080751180649,0.29264435172080994,0.3147440552711487,0.2502501308917999
48,680,0.11178973317146301,0.00020824636158067733,0.93499755859375,0.06500244140625,2,730,251,0.09942637383937836,0.2896248400211334,0.3150128424167633,0.25524377822875977
48,700,0.11276362836360931,0.00020824636158067733,0.93231201171875,0.06768798828125,2,734,255,0.0999835878610611,0.2887917459011078,0.3158426284790039,0.2596396207809448
48,720,0.11364052444696426,0.00020824636158067733,0.93194580078125,0.06805419921875,2,737,278,0.10073544085025787,0.2903650104999542,0.31703484058380127,0.2646283209323883
48,740,0.1116812527179718,0.00020824636158067733,0.932373046875,0.067626953125,2,728,273,0.09885364025831223,0.28853559494018555,0.31421926617622375,0.26552876830101013
48,760,0.11375433951616287,0.00020824636158067733,0.9283447265625,0.0716552734375,2,732,285,0.1001434251666069,0.29009342193603516,0.31610241532325745,0.27194008231163025
48,780,0.11394710838794708,0.00020824636158067733,0.92681884765625,0.07318115234375,2,736,294,0.10010658204555511,0.289233535528183,0.3162379264831543,0.2750205397605896
48,800,0.11369924247264862,0.00020824636158067733,0.92523193359375,0.07476806640625,2,736,295,0.09950850903987885,0.2893051505088806,0.31517475843429565,0.27729591727256775
48,820,0.11343346536159515,0.00020824636158067733,0.92437744140625,0.07562255859375,2,731,304,0.09904539585113525,0.2893068492412567,0.3143901228904724,0.27884525060653687
48,840,0.11387957632541656,0.00020824636158067733,0.9227294921875,0.0772705078125,2,734,312,0.09913800656795502,0.2899168133735657,0.3145850896835327,0.2818474769592285
48,860,0.114508256316185,0.00020824636158067733,0.9200439453125,0.0799560546875,2,738,317,0.09917441010475159,0.2909528613090515,0.3146747648715973,0.2857052683830261
48,880,0.11415141075849533,0.00020824636158067733,0.91925048828125,0.08074951171875,2,734,323,0.09871283918619156,0.28990378975868225,0.3139481246471405,0.2869611978530884
48,900,0.11458688974380493,0.00020824636158067733,0.91912841796875,0.08087158203125,2,730,340,0.09897616505622864,0.29200711846351624,0.3143363893032074,0.28995198011398315
48,920,0.11414523422718048,0.00020824636158067733,0.91839599609375,0.08160400390625,2,732,340,0.09839670360088348,0.2913838028907776,0.3134904205799103,0.2908303141593933
48,940,0.11517642438411713,0.00020824636158067733,0.91619873046875,0.08380126953125,2,732,348,0.09907174110412598,0.2912488877773285,0.31450366973876953,0.2930840253829956
48,960,0.11496465653181076,0.00020824636158067733,0.91571044921875,0.08428955078125,2,730,349,0.09859217703342438,0.2928331792354584,0.313641756772995,0.29467150568962097
48,980,0.11442658305168152,0.00020824636158067733,0.91485595703125,0.08514404296875,2,727,352,0.09787892550230026,0.2922278344631195,0.31258007884025574,0.2951818108558655
48,1000,0.11524906754493713,0.00020824636158067733,0.91387939453125,0.08612060546875,2,731,358,0.09840470552444458,0.29399508237838745,0.3134142756462097,0.29839053750038147
48,1020,0.11531300097703934,0.00020824636158067733,0.912353515625,0.087646484375,2,732,369,0.09809383004903793,0.29455554485321045,0.3129654824733734,0.3002207279205322
48,1040,0.11486923694610596,0.00020824636158067733,0.91192626953125,0.08807373046875,2,733,366,0.097550168633461,0.2941931188106537,0.3120550215244293,0.29999351501464844
48,1060,0.1150832399725914,0.00020824636158067733,0.91192626953125,0.08807373046875,2,734,382,0.09760653227567673,0.2960391938686371,0.3122744858264923,0.3026513159275055
48,1080,0.11513848602771759,0.00020824636158067733,0.90966796875,0.09033203125,2,735,382,0.09730563312768936,0.2947201132774353,0.31169238686561584,0.3020378053188324
48,1100,0.11512608081102371,0.00020824636158067733,0.90838623046875,0.09161376953125,2,733,390,0.09696466475725174,0.29520365595817566,0.31119418144226074,0.3030891418457031
48,1120,0.11547913402318954,0.00020824636158067733,0.9083251953125,0.0916748046875,2,736,390,0.09720670431852341,0.29652464389801025,0.31147608160972595,0.30400869250297546
48,1140,0.11579834669828415,0.00020824636158067733,0.90679931640625,0.09320068359375,2,738,401,0.09719397872686386,0.296810120344162,0.311473548412323,0.30531421303749084
48,1160,0.11534955352544785,0.00020824636158067733,0.90753173828125,0.09246826171875,2,742,393,0.0968615934252739,0.29680001735687256,0.3110509216785431,0.30588608980178833
48,1180,0.11613272875547409,0.00020824636158067733,0.90618896484375,0.09381103515625,2,746,410,0.09706816077232361,0.3002912402153015,0.31126224994659424,0.3099094331264496
48,1200,0.11590109765529633,0.00020824636158067733,0.9049072265625,0.0950927734375,2,742,406,0.0967598706483841,0.2980498969554901,0.31083351373672485,0.30904096364974976
48,1220,0.11543910950422287,0.00020824636158067733,0.90594482421875,0.09405517578125,2,738,409,0.09649550914764404,0.29790496826171875,0.3104093670845032,0.3080478310585022
48,1240,0.11516189575195312,0.00020824636158067733,0.90618896484375,0.09381103515625,2,738,395,0.09639197587966919,0.29647424817085266,0.3102802634239197,0.3072979748249054
48,1260,0.11463978886604309,0.00020824636158067733,0.90606689453125,0.09393310546875,2,736,405,0.09571189433336258,0.2972157299518585,0.30909380316734314,0.3076881766319275
48,1280,0.11483185738325119,0.00020824636158067733,0.90478515625,0.09521484375,2,734,410,0.09566187113523483,0.29699593782424927,0.30912622809410095,0.3079891800880432
48,1300,0.11499635130167007,0.00020824636158067733,0.9058837890625,0.0941162109375,2,740,409,0.09606233984231949,0.2972392737865448,0.3097279965877533,0.30850040912628174
48,1320,0.11548202484846115,0.00020824636158067733,0.9041748046875,0.0958251953125,2,740,410,0.09598349779844284,0.2994635999202728,0.3096112310886383,0.31112807989120483
48,1340,0.11633513122797012,0.00020824636158067733,0.9024658203125,0.0975341796875,2,744,421,0.09656141698360443,0.29929766058921814,0.3104926347732544,0.3109123706817627
48,1360,0.1146719753742218,0.00020824636158067733,0.904052734375,0.095947265625,2,741,418,0.09513695538043976,0.2987385392189026,0.30826184153556824,0.31059959530830383
48,1380,0.11515012383460999,0.00020824636158067733,0.90240478515625,0.09759521484375,2,737,413,0.09539160877466202,0.2978452742099762,0.3086729943752289,0.310577392578125
48,1400,0.11439468711614609,0.00020824636158067733,0.9034423828125,0.0965576171875,2,738,417,0.09490115195512772,0.29678621888160706,0.3078937828540802,0.3089732229709625
48,1420,0.11434374749660492,0.00020824636158067733,0.90277099609375,0.09722900390625,2,737,419,0.09472254663705826,0.2965266704559326,0.3076033592224121,0.30890974402427673
48,1440,0.11495278775691986,0.00020824636158067733,0.902099609375,0.097900390625,2,740,417,0.09492436051368713,0.29950395226478577,0.30789145827293396,0.3123708963394165
48,1460,0.11532825231552124,0.00020824636158067733,0.90142822265625,0.09857177734375,2,737,428,0.09535089880228043,0.2980189025402069,0.30861496925354004,0.3112623691558838
48,1480,0.11508136987686157,0.00020824636158067733,0.9007568359375,0.0992431640625,2,743,427,0.09495029598474503,0.29779621958732605,0.30787163972854614,0.31068313121795654
48,1500,0.11507714539766312,0.00020824636158067733,0.90087890625,0.09912109375,2,742,427,0.0948835089802742,0.2986103892326355,0.30782750248908997,0.3114255368709564
48,1520,0.11488074064254761,0.00020824636158067733,0.90142822265625,0.09857177734375,2,745,429,0.09485569596290588,0.2980075478553772,0.3078051507472992,0.3105539083480835
48,1540,0.11437827348709106,0.00020824636158067733,0.90155029296875,0.09844970703125,2,741,423,0.09436056017875671,0.29768985509872437,0.30688831210136414,0.3102104365825653
48,1560,0.1143534928560257,0.00020824636158067733,0.90106201171875,0.09893798828125,2,739,425,0.09431108087301254,0.2968865633010864,0.3069124221801758,0.3098623752593994
48,1580,0.11408928036689758,0.00020824636158067733,0.90283203125,0.09716796875,2,738,423,0.0943097323179245,0.29787012934684753,0.30696237087249756,0.3103836178779602
48,1600,0.114250048995018,0.00020824636158067733,0.90142822265625,0.09857177734375,2,744,426,0.09427646547555923,0.29690635204315186,0.3068745732307434,0.30979907512664795
48,1620,0.11541521549224854,0.00020824636158067733,0.8980712890625,0.1019287109375,2,745,424,0.09476581960916519,0.2973524034023285,0.30762118101119995,0.3110845983028412
48,1640,0.11461618542671204,0.00020824636158067733,0.8988037109375,0.1011962890625,2,745,418,0.09410624951124191,0.29678091406822205,0.3065344989299774,0.30989736318588257
48,1660,0.1142687201499939,0.00020824636158067733,0.900146484375,0.099853515625,2,741,429,0.0939330905675888,0.29758772253990173,0.3062577247619629,0.3101145625114441
48,1680,0.11431385576725006,0.00020824636158067733,0.90087890625,0.09912109375,2,744,431,0.09403471648693085,0.2986242473125458,0.3064223825931549,0.3112761080265045
48,1700,0.11536291241645813,0.00020824636158067733,0.89849853515625,0.10150146484375,2,743,436,0.09465460479259491,0.29867446422576904,0.3073577284812927,0.31195950508117676
48,1720,0.11462630331516266,0.00020824636158067733,0.89874267578125,0.10125732421875,2,739,436,0.09386344999074936,0.298913836479187,0.30614855885505676,0.31216931343078613
48,1740,0.11460597068071365,0.00020824636158067733,0.89935302734375,0.10064697265625,2,743,436,0.09394184499979019,0.29925480484962463,0.3063354790210724,0.3124006688594818
48,1760,0.11450546979904175,0.00020824636158067733,0.90045166015625,0.09954833984375,2,744,434,0.09414484351873398,0.2986747920513153,0.3066593408584595,0.31157827377319336
48,1780,0.11448067426681519,0.00020824636158067733,0.89947509765625,0.10052490234375,2,743,430,0.09400519728660583,0.29769089818000793,0.3064548373222351,0.3108660876750946
48,1800,0.11409205943346024,0.00020824636158067733,0.89990234375,0.10009765625,2,744,415,0.09390456974506378,0.29558265209198,0.3062135875225067,0.30844202637672424
48,1820,0.1141466274857521,0.00020824636158067733,0.89862060546875,0.10137939453125,2,735,430,0.09357897937297821,0.29645705223083496,0.3056613504886627,0.30919480323791504
48,1840,0.11488988995552063,0.00020824636158067733,0.89776611328125,0.10223388671875,2,735,426,0.09417825192213058,0.29676902294158936,0.3067054748535156,0.30994030833244324
48,1860,0.11514919251203537,0.00020824636158067733,0.8970947265625,0.1029052734375,2,740,440,0.09409772604703903,0.29866909980773926,0.3065459132194519,0.31248676776885986
48,1880,0.11438345164060593,0.00020824636158067733,0.89794921875,0.10205078125,2,727,428,0.09364787489175797,0.29683664441108704,0.30584198236465454,0.3099737763404846
48,1900,0.11477015167474747,0.00020824636158067733,0.89727783203125,0.10272216796875,2,734,436,0.09374929964542389,0.2983872890472412,0.3059628903865814,0.3113579750061035
48,1920,0.11530400067567825,0.00020824636158067733,0.896484375,0.103515625,2,741,437,0.09423565864562988,0.2977639138698578,0.30673718452453613,0.31082883477211
48,1940,0.11460742354393005,0.00020824636158067733,0.8970947265625,0.1029052734375,2,734,434,0.09367934614419937,0.2970515489578247,0.30582156777381897,0.30961576104164124
48,1960,0.11538329720497131,0.00020824636158067733,0.89666748046875,0.10333251953125,2,736,446,0.09418276697397232,0.2993508279323578,0.30656760931015015,0.311926007270813
48,1980,0.11512470990419388,0.00020824636158067733,0.89617919921875,0.10382080078125,2,735,441,0.09399393945932388,0.2975251376628876,0.3063177168369293,0.3106500208377838
48,2000,0.11463584005832672,0.00020824636158067733,0.8966064453125,0.1033935546875,2,737,433,0.09369883686304092,0.29619690775871277,0.30589255690574646,0.3091861307621002
49,0,0.8177340626716614,0.00020824636158067733,0.5762939453125,0.4237060546875,2,1338,1115,0.679446816444397,1.0058221817016602,0.7231155633926392,0.6196210384368896
49,20,0.6046572327613831,0.00020824636158067733,0.63134765625,0.36865234375,2,1327,1057,0.5107561945915222,0.7654705047607422,0.6502811312675476,0.5714554786682129
49,40,0.4270591139793396,0.00020824636158067733,0.6915283203125,0.3084716796875,2,1261,940,0.3588580787181854,0.5799514055252075,0.5704479217529297,0.5115243196487427
49,60,0.30602195858955383,0.00020824636158067733,0.7393798828125,0.2606201171875,2,1139,792,0.2544405162334442,0.4523586332798004,0.49757277965545654,0.44954338669776917
49,80,0.23906481266021729,0.00020824636158067733,0.78326416015625,0.21673583984375,2,1031,648,0.20010104775428772,0.37987640500068665,0.4468456506729126,0.3946932554244995
49,100,0.2019127458333969,0.00020824636158067733,0.82696533203125,0.17303466796875,2,954,525,0.1713254153728485,0.34809547662734985,0.4137219488620758,0.35162776708602905
49,120,0.17961132526397705,0.00020824636158067733,0.85675048828125,0.14324951171875,2,894,449,0.1532977670431137,0.33698800206184387,0.3909186124801636,0.32179105281829834
49,140,0.16164208948612213,0.00020824636158067733,0.8914794921875,0.1085205078125,2,860,372,0.14042823016643524,0.33591052889823914,0.3743002414703369,0.30234652757644653
49,160,0.1484050154685974,0.00020824636158067733,0.91204833984375,0.08795166015625,2,835,322,0.13030092418193817,0.33614224195480347,0.36060577630996704,0.2857198119163513
49,180,0.13522201776504517,0.00020824636158067733,0.93682861328125,0.06317138671875,2,803,257,0.12157004326581955,0.33767998218536377,0.3485541343688965,0.2685328722000122
49,200,0.12664195895195007,0.00020824636158067733,0.94757080078125,0.05242919921875,2,784,230,0.11495403945446014,0.33788180351257324,0.3388422727584839,0.2558991312980652
49,220,0.12049584090709686,0.00020824636158067733,0.95501708984375,0.04498291015625,2,771,213,0.11016561836004257,0.33981314301490784,0.33171287178993225,0.25054189562797546
49,240,0.11500106751918793,0.00020824636158067733,0.9615478515625,0.0384521484375,2,761,194,0.10601700842380524,0.3396594226360321,0.3253431022167206,0.24556471407413483
49,260,0.11071949452161789,0.00020824636158067733,0.9652099609375,0.0347900390625,2,746,170,0.10240312665700912,0.341447651386261,0.31968700885772705,0.23656021058559418
49,280,0.1071607694029808,0.00020824636158067733,0.96868896484375,0.03131103515625,2,729,158,0.09952937811613083,0.3432577848434448,0.3151983916759491,0.2352411299943924
49,300,0.1054757609963417,0.00020824636158067733,0.96954345703125,0.03045654296875,2,724,163,0.09793328493833542,0.34558022022247314,0.3126172721385956,0.2341986745595932
49,320,0.10437339544296265,0.00020824636158067733,0.970458984375,0.029541015625,2,725,155,0.09699746966362,0.3466813266277313,0.3111116886138916,0.23185406625270844
49,340,0.10261467844247818,0.00020824636158067733,0.97235107421875,0.02764892578125,2,714,154,0.09566493332386017,0.34702160954475403,0.30905821919441223,0.2292131930589676
49,360,0.1021469384431839,0.00020824636158067733,0.97235107421875,0.02764892578125,2,723,154,0.09526200592517853,0.3442744314670563,0.30837196111679077,0.2253316342830658
49,380,0.10177796334028244,0.00020824636158067733,0.971923828125,0.028076171875,2,716,152,0.09472943097352982,0.3457798361778259,0.30744683742523193,0.226793110370636
49,400,0.10184461623430252,0.00020824636158067733,0.97186279296875,0.02813720703125,2,717,149,0.09478024393320084,0.3458489179611206,0.30747464299201965,0.2263324111700058
49,420,0.10215692222118378,0.00020824636158067733,0.97149658203125,0.02850341796875,2,715,153,0.09509995579719543,0.342682808637619,0.3080807626247406,0.2239229381084442
49,440,0.10090485960245132,0.00020824636158067733,0.9737548828125,0.0262451171875,2,718,140,0.09448897838592529,0.3389488756656647,0.3070937693119049,0.2147418111562729
49,460,0.10008666664361954,0.00020824636158067733,0.9755859375,0.0244140625,2,724,136,0.09401551634073257,0.3426905870437622,0.30639463663101196,0.21828590333461761
49,480,0.1014171913266182,0.00020824636158067733,0.9737548828125,0.0262451171875,2,723,146,0.09501372277736664,0.3390011787414551,0.30778300762176514,0.2180040329694748
49,500,0.10144440829753876,0.00020824636158067733,0.97406005859375,0.02593994140625,2,728,150,0.09504956752061844,0.34157484769821167,0.3080977499485016,0.22034098207950592
49,520,0.10114231705665588,0.00020824636158067733,0.975341796875,0.024658203125,2,722,145,0.09508620202541351,0.3406881093978882,0.30805885791778564,0.21882478892803192
49,540,0.10147644579410553,0.00020824636158067733,0.9747314453125,0.0252685546875,2,728,147,0.09528546780347824,0.3402928113937378,0.30839237570762634,0.21807093918323517
49,560,0.10138894617557526,0.00020824636158067733,0.97467041015625,0.02532958984375,2,727,142,0.09530196338891983,0.3356136679649353,0.308566153049469,0.21465156972408295
49,580,0.10197269916534424,0.00020824636158067733,0.9736328125,0.0263671875,2,734,143,0.09579205513000488,0.3301984667778015,0.3091835677623749,0.20820213854312897
49,600,0.10211977362632751,0.00020824636158067733,0.97320556640625,0.02679443359375,2,732,144,0.09592100232839584,0.3272661566734314,0.30916205048561096,0.20375029742717743
49,620,0.10185733437538147,0.00020824636158067733,0.9742431640625,0.0257568359375,2,732,143,0.09595861285924911,0.32497459650039673,0.3094056248664856,0.20112037658691406
49,640,0.10276885330677032,0.00020824636158067733,0.97265625,0.02734375,2,736,149,0.09650832414627075,0.3254648745059967,0.31044724583625793,0.20751048624515533
49,660,0.10297074913978577,0.00020824636158067733,0.97271728515625,0.02728271484375,2,736,148,0.0968785434961319,0.320176899433136,0.3109888732433319,0.2012655884027481
49,680,0.10320556163787842,0.00020824636158067733,0.97222900390625,0.02777099609375,2,741,146,0.09712012112140656,0.31624966859817505,0.3113895058631897,0.19669322669506073
49,700,0.10491316020488739,0.00020824636158067733,0.96929931640625,0.03070068359375,2,739,155,0.09822362661361694,0.3161192238330841,0.31304556131362915,0.20109042525291443
49,720,0.10406450927257538,0.00020824636158067733,0.97119140625,0.02880859375,2,739,150,0.0978303924202919,0.31422853469848633,0.3125082850456238,0.19868482649326324
49,740,0.10483384877443314,0.00020824636158067733,0.9693603515625,0.0306396484375,2,741,152,0.09830503910779953,0.3113887310028076,0.3131906986236572,0.1947447955608368
49,760,0.10646408796310425,0.00020824636158067733,0.965576171875,0.034423828125,2,742,166,0.09911714494228363,0.31254327297210693,0.31441551446914673,0.2026568502187729
49,780,0.10649685561656952,0.00020824636158067733,0.96533203125,0.03466796875,2,747,162,0.09918561577796936,0.31007882952690125,0.31468185782432556,0.2004435509443283
49,800,0.10605594515800476,0.00020824636158067733,0.96484375,0.03515625,2,744,161,0.09868325293064117,0.30839523673057556,0.31377866864204407,0.19979853928089142
49,820,0.10496880114078522,0.00020824636158067733,0.9666748046875,0.0333251953125,2,743,161,0.09794222563505173,0.308790922164917,0.3126770853996277,0.19905990362167358
49,840,0.10650843381881714,0.00020824636158067733,0.96490478515625,0.03509521484375,2,753,167,0.09917627274990082,0.30809807777404785,0.3145594894886017,0.20260559022426605
49,860,0.10776745527982712,0.00020824636158067733,0.96368408203125,0.03631591796875,2,753,179,0.10023412108421326,0.30767327547073364,0.3162810206413269,0.2082359343767166
49,880,0.1085868626832962,0.00020824636158067733,0.960205078125,0.039794921875,2,749,189,0.10041825473308563,0.30568575859069824,0.3164137601852417,0.2112886756658554
49,900,0.10899058729410172,0.00020824636158067733,0.95904541015625,0.04095458984375,2,752,188,0.1005210429430008,0.3073245882987976,0.31657499074935913,0.2170894593000412
49,920,0.10914121568202972,0.00020824636158067733,0.95855712890625,0.04144287109375,2,758,193,0.10061222314834595,0.3064133822917938,0.31683915853500366,0.21934299170970917
49,940,0.10849852859973907,0.00020824636158067733,0.95867919921875,0.04132080078125,2,751,197,0.09997424483299255,0.30626940727233887,0.31597891449928284,0.22113464772701263
49,960,0.10874193906784058,0.00020824636158067733,0.9576416015625,0.0423583984375,2,754,204,0.10004836320877075,0.3052869439125061,0.316176176071167,0.2238396406173706
49,980,0.10737335681915283,0.00020824636158067733,0.959228515625,0.040771484375,2,754,198,0.09894530475139618,0.30565953254699707,0.3143291473388672,0.2242361158132553
49,1000,0.10808472335338593,0.00020824636158067733,0.95562744140625,0.04437255859375,2,745,213,0.09894922375679016,0.3048311173915863,0.3144451975822449,0.2279338240623474
49,1020,0.10942702740430832,0.00020824636158067733,0.950927734375,0.049072265625,2,746,219,0.09959382563829422,0.2999759614467621,0.31544190645217896,0.2299209088087082
49,1040,0.10925187170505524,0.00020824636158067733,0.95098876953125,0.04901123046875,2,745,225,0.09970249980688095,0.29454314708709717,0.31559455394744873,0.23031096160411835
49,1060,0.11006400734186172,0.00020824636158067733,0.947998046875,0.052001953125,2,754,234,0.09999637305736542,0.293597549200058,0.31599727272987366,0.235170379281044
49,1080,0.11073629558086395,0.00020824636158067733,0.9442138671875,0.0557861328125,2,747,245,0.09987862408161163,0.2945088744163513,0.31564003229141235,0.24188604950904846
49,1100,0.11054135859012604,0.00020824636158067733,0.9437255859375,0.0562744140625,2,750,250,0.09964239597320557,0.2933175265789032,0.3154110610485077,0.2451847344636917
49,1120,0.11013245582580566,0.00020824636158067733,0.941162109375,0.058837890625,2,743,249,0.09886659681797028,0.29033926129341125,0.314325213432312,0.24787268042564392
49,1140,0.11150870472192764,0.00020824636158067733,0.93853759765625,0.06146240234375,2,749,262,0.09976675361394882,0.29080936312675476,0.31565535068511963,0.25267162919044495
49,1160,0.11097452789545059,0.00020824636158067733,0.937744140625,0.062255859375,2,745,257,0.09907212853431702,0.29025736451148987,0.314592182636261,0.2545863389968872
49,1180,0.11218852549791336,0.00020824636158067733,0.9339599609375,0.0660400390625,2,745,278,0.0995723083615303,0.2906111180782318,0.3153062164783478,0.26034221053123474
49,1200,0.1134791374206543,0.00020824636158067733,0.928955078125,0.071044921875,2,744,292,0.09993558377027512,0.29056933522224426,0.3157820999622345,0.2641902565956116
49,1220,0.11300090700387955,0.00020824636158067733,0.9285888671875,0.0714111328125,2,742,297,0.09920796006917953,0.2923564910888672,0.3147396743297577,0.26921677589416504
49,1240,0.11407609283924103,0.00020824636158067733,0.92620849609375,0.07379150390625,2,745,309,0.09979239851236343,0.29336079955101013,0.3155811131000519,0.2757997512817383
49,1260,0.11539984494447708,0.00020824636158067733,0.9215087890625,0.0784912109375,2,751,332,0.10021264851093292,0.29370155930519104,0.31618890166282654,0.2818230986595154
49,1280,0.11485398560762405,0.00020824636158067733,0.919921875,0.080078125,2,747,332,0.0993744432926178,0.29267987608909607,0.3149844706058502,0.28437289595603943
49,1300,0.1147516667842865,0.00020824636158067733,0.91845703125,0.08154296875,2,745,333,0.09887941926717758,0.293528288602829,0.31424832344055176,0.2881290912628174
49,1320,0.11620953679084778,0.00020824636158067733,0.914306640625,0.085693359375,2,748,357,0.09948941320180893,0.2946050465106964,0.31513234972953796,0.29354801774024963
49,1340,0.11525896191596985,0.00020824636158067733,0.9140625,0.0859375,2,741,361,0.09833464026451111,0.29527223110198975,0.3133549392223358,0.2952437102794647
49,1360,0.11621131002902985,0.00020824636158067733,0.91070556640625,0.08929443359375,2,746,366,0.09868373721837997,0.2949734330177307,0.3137868046760559,0.296354204416275
49,1380,0.11642663180828094,0.00020824636158067733,0.90936279296875,0.09063720703125,2,746,380,0.09855669736862183,0.2957155704498291,0.3136679530143738,0.298184335231781
49,1400,0.11606165766716003,0.00020824636158067733,0.90728759765625,0.09271240234375,2,734,383,0.09778088331222534,0.29495811462402344,0.3125047981739044,0.2989891469478607
49,1420,0.1165042296051979,0.00020824636158067733,0.90728759765625,0.09271240234375,2,740,391,0.0977993831038475,0.29955074191093445,0.31251728534698486,0.30466994643211365
49,1440,0.11584273725748062,0.00020824636158067733,0.90545654296875,0.09454345703125,2,739,384,0.0970580130815506,0.295746773481369,0.3113473355770111,0.30110806226730347
49,1460,0.11588577926158905,0.00020824636158067733,0.9056396484375,0.0943603515625,2,739,392,0.09689943492412567,0.2981105148792267,0.310940682888031,0.3035152852535248
49,1480,0.11597264558076859,0.00020824636158067733,0.904052734375,0.095947265625,2,737,391,0.09665874391794205,0.2979559004306793,0.3106232285499573,0.3035247027873993
49,1500,0.11598916351795197,0.00020824636158067733,0.9041748046875,0.0958251953125,2,744,393,0.09672759473323822,0.2977350056171417,0.310809463262558,0.30252039432525635
49,1520,0.1157134473323822,0.00020824636158067733,0.90423583984375,0.09576416015625,2,729,398,0.0963626429438591,0.29843002557754517,0.3102990388870239,0.3048371970653534
49,1540,0.1152263879776001,0.00020824636158067733,0.903564453125,0.096435546875,2,730,395,0.09585411846637726,0.2967371344566345,0.3094920217990875,0.3022821843624115
49,1560,0.11523061245679855,0.00020824636158067733,0.90350341796875,0.09649658203125,2,731,399,0.09576301276683807,0.2975069284439087,0.3092617094516754,0.3025728762149811
49,1580,0.11546257883310318,0.00020824636158067733,0.9019775390625,0.0980224609375,2,731,405,0.09569108486175537,0.2973948121070862,0.309140145778656,0.3023760914802551
49,1600,0.1166519969701767,0.00020824636158067733,0.89794921875,0.10205078125,2,735,405,0.09615210443735123,0.297031432390213,0.30980050563812256,0.30448341369628906
49,1620,0.1164550706744194,0.00020824636158067733,0.9000244140625,0.0999755859375,2,736,407,0.09623845666646957,0.29845383763313293,0.310041218996048,0.30631598830223083
49,1640,0.11559946835041046,0.00020824636158067733,0.89990234375,0.10009765625,2,730,408,0.0953650027513504,0.2975122332572937,0.30865615606307983,0.3052753210067749
49,1660,0.11555726826190948,0.00020824636158067733,0.8997802734375,0.1002197265625,2,728,412,0.09529998898506165,0.2974287271499634,0.3086519241333008,0.3058856129646301
49,1680,0.11621510237455368,0.00020824636158067733,0.89813232421875,0.10186767578125,2,726,417,0.09553911536931992,0.2985081076622009,0.30882570147514343,0.3076726496219635
49,1700,0.11519163101911545,0.00020824636158067733,0.900390625,0.099609375,2,730,415,0.09497550874948502,0.2979294955730438,0.3079476058483124,0.30566248297691345
49,1720,0.11460332572460175,0.00020824636158067733,0.9017333984375,0.0982666015625,2,733,406,0.09465547651052475,0.29765263199806213,0.3074909448623657,0.3044430613517761
49,1740,0.11553488671779633,0.00020824636158067733,0.8994140625,0.1005859375,2,725,427,0.09501367807388306,0.2990303337574005,0.3080497086048126,0.3075747787952423
49,1760,0.11456933617591858,0.00020824636158067733,0.90032958984375,0.09967041015625,2,732,408,0.09440605342388153,0.29670560359954834,0.30710217356681824,0.3047572076320648
49,1780,0.11495216190814972,0.00020824636158067733,0.90032958984375,0.09967041015625,2,732,410,0.09484053403139114,0.2966219484806061,0.30783259868621826,0.3056430518627167
49,1800,0.11471317708492279,0.00020824636158067733,0.8995361328125,0.1004638671875,2,731,411,0.09439051896333694,0.2966787815093994,0.30707165598869324,0.3057238757610321
49,1820,0.11513729393482208,0.00020824636158067733,0.89886474609375,0.10113525390625,2,732,418,0.0945989191532135,0.2976771891117096,0.30741381645202637,0.3071959614753723
49,1840,0.11511997133493423,0.00020824636158067733,0.8992919921875,0.1007080078125,2,734,416,0.09464374929666519,0.29796648025512695,0.3074810802936554,0.3073562979698181
49,1860,0.11478861421346664,0.00020824636158067733,0.90032958984375,0.09967041015625,2,734,419,0.09438526630401611,0.2990933954715729,0.307010293006897,0.3091426193714142
49,1880,0.1152048110961914,0.00020824636158067733,0.9007568359375,0.0992431640625,2,731,429,0.09484520554542542,0.29999396204948425,0.3077661693096161,0.3102003037929535
49,1900,0.11428384482860565,0.00020824636158067733,0.90118408203125,0.09881591796875,2,732,420,0.0940043032169342,0.2992297112941742,0.30643782019615173,0.30922654271125793
49,1920,0.1147693544626236,0.00020824636158067733,0.8983154296875,0.1016845703125,2,726,416,0.09421849250793457,0.29632267355918884,0.3068176507949829,0.3059990704059601
49,1940,0.11508376896381378,0.00020824636158067733,0.89825439453125,0.10174560546875,2,734,416,0.09434673190116882,0.29815933108329773,0.30705147981643677,0.3083156645298004
49,1960,0.11437394469976425,0.00020824636158067733,0.90032958984375,0.09967041015625,2,730,424,0.09393435716629028,0.2990061342716217,0.30638137459754944,0.30927547812461853
49,1980,0.11574456095695496,0.00020824636158067733,0.89752197265625,0.10247802734375,2,732,431,0.09461728483438492,0.3007812798023224,0.30723729729652405,0.31220126152038574
49,2000,0.11445366591215134,0.00020824636158067733,0.90032958984375,0.09967041015625,2,730,425,0.09416888654232025,0.2976875305175781,0.3067038655281067,0.3073652386665344
50,0,0.8590648174285889,0.00020824636158067733,0.778564453125,0.221435546875,2,1335,959,0.9044234156608582,0.6995844841003418,0.7381370663642883,0.6700583696365356
50,20,0.6452512145042419,0.00020824636158067733,0.7998046875,0.2001953125,2,1333,900,0.6471273899078369,0.6377561092376709,0.6771996021270752,0.6115842461585999
50,40,0.4451630413532257,0.00020824636158067733,0.8275146484375,0.1724853515625,2,1287,759,0.4324062764644623,0.5063643455505371,0.5962459444999695,0.5179407000541687
50,60,0.30370742082595825,0.00020824636158067733,0.8541259765625,0.1458740234375,2,1175,585,0.28496053814888,0.4134746789932251,0.5154634118080139,0.42940855026245117
50,80,0.22499559819698334,0.00020824636158067733,0.881103515625,0.118896484375,2,1050,444,0.20570045709609985,0.36798572540283203,0.4518295228481293,0.3562047481536865
50,100,0.18624939024448395,0.00020824636158067733,0.903076171875,0.096923828125,2,959,355,0.16798673570156097,0.3564094007015228,0.4094677269458771,0.3152633011341095
50,120,0.16288357973098755,0.00020824636158067733,0.927978515625,0.072021484375,2,895,288,0.14800255000591278,0.3546220064163208,0.38361483812332153,0.2909768223762512
50,140,0.14724142849445343,0.00020824636158067733,0.941650390625,0.058349609375,2,851,241,0.13450896739959717,0.35271885991096497,0.36547648906707764,0.2729507088661194
50,160,0.13502103090286255,0.00020824636158067733,0.95452880859375,0.04547119140625,2,819,208,0.12470600754022598,0.3515534996986389,0.35235264897346497,0.26240283250808716
50,180,0.12546192109584808,0.00020824636158067733,0.96435546875,0.03564453125,2,801,180,0.11726116389036179,0.3473316431045532,0.34194517135620117,0.2500360310077667
50,200,0.11698625981807709,0.00020824636158067733,0.970703125,0.029296875,2,781,159,0.11007265746593475,0.3460572063922882,0.3316314220428467,0.23732183873653412
50,220,0.11239224672317505,0.00020824636158067733,0.9718017578125,0.0281982421875,2,753,150,0.10555850714445114,0.34790465235710144,0.32464683055877686,0.23199540376663208
50,240,0.10846665501594543,0.00020824636158067733,0.9744873046875,0.0255126953125,2,744,144,0.10221546143293381,0.34723830223083496,0.31959429383277893,0.22849875688552856
50,260,0.10516196489334106,0.00020824636158067733,0.97564697265625,0.02435302734375,2,735,134,0.09913022071123123,0.3468097150325775,0.31462377309799194,0.22312866151332855
50,280,0.10340823978185654,0.00020824636158067733,0.9755859375,0.0244140625,2,714,137,0.09731612354516983,0.3468492031097412,0.3114587664604187,0.22026506066322327
50,300,0.10183624923229218,0.00020824636158067733,0.97662353515625,0.02337646484375,2,708,130,0.09600379317998886,0.3455045521259308,0.30961543321609497,0.21503351628780365
50,320,0.10192669928073883,0.00020824636158067733,0.97589111328125,0.02410888671875,2,709,135,0.09592877328395844,0.3447134792804718,0.30932262539863586,0.21527688205242157
50,340,0.10074686259031296,0.00020824636158067733,0.9766845703125,0.0233154296875,2,706,130,0.0948905423283577,0.3460680842399597,0.30769625306129456,0.21389342844486237
50,360,0.09913618117570877,0.00020824636158067733,0.9786376953125,0.0213623046875,2,703,119,0.09369777888059616,0.3482775092124939,0.3057928681373596,0.2144574671983719
50,380,0.09783843159675598,0.00020824636158067733,0.980224609375,0.019775390625,2,698,117,0.09271629899740219,0.351732075214386,0.30415117740631104,0.2157379388809204
50,400,0.0976460874080658,0.00020824636158067733,0.98028564453125,0.01971435546875,2,700,114,0.09253663569688797,0.3517111539840698,0.30378392338752747,0.2150566577911377
50,420,0.09659841656684875,0.00020824636158067733,0.98138427734375,0.01861572265625,2,701,114,0.0917586013674736,0.3517434895038605,0.30268892645835876,0.21321068704128265
50,440,0.09693560749292374,0.00020824636158067733,0.98126220703125,0.01873779296875,2,698,112,0.09205050766468048,0.3527587354183197,0.3030725121498108,0.21469010412693024
50,460,0.09651871770620346,0.00020824636158067733,0.98175048828125,0.01824951171875,2,697,109,0.09180182963609695,0.3502683937549591,0.30264121294021606,0.2117815464735031
50,480,0.09797009825706482,0.00020824636158067733,0.9803466796875,0.0196533203125,2,694,118,0.09289483726024628,0.3511340022087097,0.30420395731925964,0.21730093657970428
50,500,0.09754974395036697,0.00020824636158067733,0.9803466796875,0.0196533203125,2,698,118,0.09243329614400864,0.3527689278125763,0.3036588132381439,0.21803511679172516
50,520,0.09821569174528122,0.00020824636158067733,0.97998046875,0.02001953125,2,699,122,0.09307863563299179,0.34968101978302,0.30460381507873535,0.2186284363269806
50,540,0.09912316501140594,0.00020824636158067733,0.97821044921875,0.02178955078125,2,698,130,0.09353736788034439,0.3498891592025757,0.30509334802627563,0.2211763709783554
50,560,0.0998382493853569,0.00020824636158067733,0.97808837890625,0.02191162109375,2,698,131,0.0942639634013176,0.3486631214618683,0.3064364194869995,0.22192992269992828
50,580,0.09855016320943832,0.00020824636158067733,0.98016357421875,0.01983642578125,2,698,123,0.09348491579294205,0.34883609414100647,0.30535888671875,0.21830971539020538
50,600,0.0976715013384819,0.00020824636158067733,0.98101806640625,0.01898193359375,2,697,114,0.09285084903240204,0.3468111753463745,0.3044551908969879,0.2133200764656067
50,620,0.09841153770685196,0.00020824636158067733,0.98004150390625,0.01995849609375,2,695,122,0.09342078119516373,0.343476802110672,0.305257111787796,0.21416553854942322
50,640,0.0989534854888916,0.00020824636158067733,0.97906494140625,0.02093505859375,2,698,130,0.09374744445085526,0.34242305159568787,0.3056866526603699,0.21427175402641296
50,660,0.09792497009038925,0.00020824636158067733,0.98004150390625,0.01995849609375,2,694,128,0.0929432064294815,0.34254956245422363,0.30463463068008423,0.21254858374595642
50,680,0.09853088110685349,0.00020824636158067733,0.97967529296875,0.02032470703125,2,699,126,0.09348460286855698,0.34176838397979736,0.3053782284259796,0.21315725147724152
50,700,0.09811188280582428,0.00020824636158067733,0.97998046875,0.02001953125,2,704,125,0.09314893186092377,0.3410540521144867,0.3049437999725342,0.21212142705917358
50,720,0.09949924051761627,0.00020824636158067733,0.97802734375,0.02197265625,2,706,137,0.09411918371915817,0.33897221088409424,0.30631503462791443,0.21427559852600098
50,740,0.1005633994936943,0.00020824636158067733,0.97705078125,0.02294921875,2,708,138,0.09498951584100723,0.3378680944442749,0.3077564239501953,0.2169998735189438
50,760,0.0996176153421402,0.00020824636158067733,0.9774169921875,0.0225830078125,2,701,137,0.0941145196557045,0.33779728412628174,0.30638399720191956,0.21528342366218567
50,780,0.10022179037332535,0.00020824636158067733,0.97576904296875,0.02423095703125,2,701,145,0.0943961963057518,0.3348163366317749,0.3068118989467621,0.21641947329044342
50,800,0.1021442711353302,0.00020824636158067733,0.9732666015625,0.0267333984375,2,707,155,0.09585759043693542,0.33101943135261536,0.3091098964214325,0.21616555750370026
50,820,0.10037890821695328,0.00020824636158067733,0.97552490234375,0.02447509765625,2,707,148,0.09456083923578262,0.33227500319480896,0.307233601808548,0.21820083260536194
50,840,0.10179458558559418,0.00020824636158067733,0.97265625,0.02734375,2,706,164,0.09544596076011658,0.327623575925827,0.30851471424102783,0.21871139109134674
50,860,0.1044834703207016,0.00020824636158067733,0.96600341796875,0.03399658203125,2,707,184,0.09674765169620514,0.3242948055267334,0.3105994760990143,0.22301436960697174
50,880,0.10649671405553818,0.00020824636158067733,0.96148681640625,0.03851318359375,2,720,192,0.09793858230113983,0.320151686668396,0.3126116096973419,0.22541391849517822
50,900,0.10810474306344986,0.00020824636158067733,0.955078125,0.044921875,2,723,216,0.09851526468992233,0.31198573112487793,0.3133194148540497,0.22574326395988464
50,920,0.10886622965335846,0.00020824636158067733,0.94989013671875,0.05010986328125,2,721,225,0.09853536635637283,0.3046998381614685,0.3135732114315033,0.22847212851047516
50,940,0.11045659333467484,0.00020824636158067733,0.94329833984375,0.05670166015625,2,726,246,0.09903145581483841,0.30052706599235535,0.31441837549209595,0.23529615998268127
50,960,0.11081170290708542,0.00020824636158067733,0.93988037109375,0.06011962890625,2,724,265,0.09899994730949402,0.29547056555747986,0.3144837021827698,0.24055594205856323
50,980,0.11182861775159836,0.00020824636158067733,0.93328857421875,0.06671142578125,2,717,277,0.09881869703531265,0.2938365042209625,0.314057320356369,0.24836915731430054
50,1000,0.11399205774068832,0.00020824636158067733,0.9261474609375,0.0738525390625,2,730,298,0.10004965960979462,0.28883659839630127,0.31603047251701355,0.25219497084617615
50,1020,0.1139349639415741,0.00020824636158067733,0.92193603515625,0.07806396484375,2,727,307,0.09926643967628479,0.2871703505516052,0.31492894887924194,0.25711607933044434
50,1040,0.1144036278128624,0.00020824636158067733,0.920654296875,0.079345703125,2,734,310,0.09967294335365295,0.28532472252845764,0.31552207469940186,0.25821107625961304
50,1060,0.11535222828388214,0.00020824636158067733,0.91571044921875,0.08428955078125,2,733,334,0.09969422221183777,0.2854587435722351,0.3155808746814728,0.2648372948169708
50,1080,0.11672291159629822,0.00020824636158067733,0.90850830078125,0.09149169921875,2,729,342,0.09988656640052795,0.2839069664478302,0.3158029317855835,0.2683977484703064
50,1100,0.11824607104063034,0.00020824636158067733,0.90093994140625,0.09906005859375,2,726,365,0.09989972412586212,0.28510409593582153,0.31584641337394714,0.27582016587257385
50,1120,0.1173652783036232,0.00020824636158067733,0.90118408203125,0.09881591796875,2,728,371,0.09896227717399597,0.28519755601882935,0.31439247727394104,0.2778805196285248
50,1140,0.11750869452953339,0.00020824636158067733,0.89886474609375,0.10113525390625,2,733,381,0.09862342476844788,0.285356342792511,0.3138614892959595,0.2820960581302643
50,1160,0.117621049284935,0.00020824636158067733,0.89898681640625,0.10101318359375,2,735,388,0.0987231656908989,0.2858065366744995,0.3141448497772217,0.2849673628807068
50,1180,0.1162472739815712,0.00020824636158067733,0.89703369140625,0.10296630859375,2,725,385,0.09690000116825104,0.2847990393638611,0.3112007677555084,0.2851039171218872
50,1200,0.11638801544904709,0.00020824636158067733,0.8974609375,0.1025390625,2,729,397,0.0970899760723114,0.285291850566864,0.31141355633735657,0.2864159941673279
50,1220,0.11649131774902344,0.00020824636158067733,0.895263671875,0.104736328125,2,730,391,0.09666398912668228,0.28597089648246765,0.31068989634513855,0.2883281111717224
50,1240,0.11659670621156693,0.00020824636158067733,0.89453125,0.10546875,2,732,400,0.09650660306215286,0.2869906723499298,0.3104252219200134,0.29082757234573364
50,1260,0.11601492017507553,0.00020824636158067733,0.89404296875,0.10595703125,2,727,400,0.09569577127695084,0.28746357560157776,0.3091481626033783,0.2919568717479706
50,1280,0.11555981636047363,0.00020824636158067733,0.8948974609375,0.1051025390625,2,725,395,0.0953676849603653,0.2874860465526581,0.3086228668689728,0.2923802137374878
50,1300,0.11618759483098984,0.00020824636158067733,0.89324951171875,0.10675048828125,2,727,411,0.09553640335798264,0.2889891564846039,0.30889269709587097,0.29543551802635193
50,1320,0.11639254540205002,0.00020824636158067733,0.89312744140625,0.10687255859375,2,731,415,0.0955662950873375,0.2904362380504608,0.30896005034446716,0.298054575920105
50,1340,0.11572447419166565,0.00020824636158067733,0.89398193359375,0.10601806640625,2,735,413,0.09498673677444458,0.2905922830104828,0.30808255076408386,0.29778823256492615
50,1360,0.11603914201259613,0.00020824636158067733,0.8931884765625,0.1068115234375,2,733,416,0.09503035992383957,0.29172059893608093,0.30817657709121704,0.3002382814884186
50,1380,0.1154746264219284,0.00020824636158067733,0.894775390625,0.105224609375,2,736,417,0.09482212364673615,0.2910926342010498,0.3077985644340515,0.29934728145599365
50,1400,0.11534571647644043,0.00020824636158067733,0.89251708984375,0.10748291015625,2,739,419,0.09415153414011002,0.2913382053375244,0.3066558241844177,0.2999255955219269
50,1420,0.11578642576932907,0.00020824636158067733,0.89178466796875,0.10821533203125,2,736,429,0.09439908713102341,0.29203590750694275,0.30708232522010803,0.30092987418174744
50,1440,0.11494511365890503,0.00020824636158067733,0.8934326171875,0.1065673828125,2,734,420,0.0937514454126358,0.2926272749900818,0.3061060905456543,0.3015980124473572
50,1460,0.11482375115156174,0.00020824636158067733,0.89239501953125,0.10760498046875,2,735,428,0.09342527389526367,0.2922865152359009,0.3055405020713806,0.301706463098526
50,1480,0.11518196016550064,0.00020824636158067733,0.8924560546875,0.1075439453125,2,733,435,0.09379112720489502,0.2926943004131317,0.30607062578201294,0.30246424674987793
50,1500,0.11520610749721527,0.00020824636158067733,0.89190673828125,0.10809326171875,2,739,432,0.09361278265714645,0.2933785319328308,0.3058083951473236,0.3034537136554718
50,1520,0.11537128686904907,0.00020824636158067733,0.8919677734375,0.1080322265625,2,738,436,0.09376660734415054,0.2937502861022949,0.30608758330345154,0.3042711317539215
50,1540,0.11541847884654999,0.00020824636158067733,0.89178466796875,0.10821533203125,2,737,440,0.09377583861351013,0.2937719225883484,0.3061061501502991,0.3044850826263428
50,1560,0.11531804502010345,0.00020824636158067733,0.8919677734375,0.1080322265625,2,738,438,0.09374500811100006,0.2934359014034271,0.3060445785522461,0.30397850275039673
50,1580,0.11624576896429062,0.00020824636158067733,0.8900146484375,0.1099853515625,2,736,438,0.09425777196884155,0.29417529702186584,0.30683183670043945,0.30551427602767944
50,1600,0.1154128685593605,0.00020824636158067733,0.89208984375,0.10791015625,2,739,439,0.09383484721183777,0.29379767179489136,0.30614057183265686,0.30505669116973877
50,1620,0.11438819020986557,0.00020824636158067733,0.89300537109375,0.10699462890625,2,739,439,0.09295038133859634,0.293313592672348,0.30477842688560486,0.3042782247066498
50,1640,0.11464334279298782,0.00020824636158067733,0.892578125,0.107421875,2,738,432,0.09313348680734634,0.29337063431739807,0.3050549030303955,0.3040708601474762
50,1660,0.11518204212188721,0.00020824636158067733,0.89208984375,0.10791015625,2,735,442,0.09350298345088959,0.294402152299881,0.305630087852478,0.30605244636535645
50,1680,0.11523091048002243,0.00020824636158067733,0.8919677734375,0.1080322265625,2,737,442,0.09356745332479477,0.2940952181816101,0.3056909739971161,0.3056289851665497
50,1700,0.11503207683563232,0.00020824636158067733,0.89190673828125,0.10809326171875,2,735,441,0.09343475103378296,0.2932374179363251,0.30542895197868347,0.30435582995414734
50,1720,0.11517634987831116,0.00020824636158067733,0.8914794921875,0.1085205078125,2,734,440,0.09342167526483536,0.29388782382011414,0.30552801489830017,0.30545440316200256
50,1740,0.1144922599196434,0.00020824636158067733,0.89239501953125,0.10760498046875,2,742,441,0.09287219494581223,0.29379281401634216,0.30468881130218506,0.3048182725906372
50,1760,0.11486880481243134,0.00020824636158067733,0.89208984375,0.10791015625,2,736,441,0.09320681542158127,0.2939479649066925,0.30513522028923035,0.30540427565574646
50,1780,0.11500649899244308,0.00020824636158067733,0.89202880859375,0.10797119140625,2,740,446,0.09333062916994095,0.29408663511276245,0.30531150102615356,0.30565521121025085
50,1800,0.1151483878493309,0.00020824636158067733,0.89080810546875,0.10919189453125,2,736,454,0.09302208572626114,0.29565897583961487,0.3048778474330902,0.30851539969444275
50,1820,0.11429653316736221,0.00020824636158067733,0.89404296875,0.10595703125,2,745,438,0.09298146516084671,0.2941485345363617,0.304797887802124,0.30607423186302185
50,1840,0.11470549553632736,0.00020824636158067733,0.89111328125,0.10888671875,2,742,447,0.09262721240520477,0.29539093375205994,0.30424225330352783,0.30784231424331665
50,1860,0.11537161469459534,0.00020824636158067733,0.8917236328125,0.1082763671875,2,741,450,0.09358155727386475,0.2948263883590698,0.3056609034538269,0.3071555197238922
50,1880,0.11393903195858002,0.00020824636158067733,0.89453125,0.10546875,2,740,438,0.09273404628038406,0.2937885522842407,0.3044126629829407,0.3050355911254883
50,1900,0.11468187719583511,0.00020824636158067733,0.89190673828125,0.10809326171875,2,738,449,0.0929386094212532,0.2940915822982788,0.3047100007534027,0.30551260709762573
50,1920,0.11505594849586487,0.00020824636158067733,0.89154052734375,0.10845947265625,2,740,447,0.09312444925308228,0.29533371329307556,0.30503955483436584,0.30800074338912964
50,1940,0.11511914432048798,0.00020824636158067733,0.89105224609375,0.10894775390625,2,741,448,0.09306062012910843,0.29552939534187317,0.30491364002227783,0.30824634432792664
50,1960,0.11439491808414459,0.00020824636158067733,0.8914794921875,0.1085205078125,2,736,444,0.09251401573419571,0.2941431403160095,0.3039872646331787,0.3060074746608734
50,1980,0.11470465362071991,0.00020824636158067733,0.89263916015625,0.10736083984375,2,742,441,0.09309426695108414,0.29438164830207825,0.30497410893440247,0.30637800693511963
50,2000,0.11523275077342987,0.00020824636158067733,0.8912353515625,0.1087646484375,2,743,451,0.09333602339029312,0.29465824365615845,0.3053124248981476,0.30700457096099854
51,0,0.8036784529685974,0.00020824636158067733,0.57659912109375,0.42340087890625,2,1292,1076,0.6153594851493835,1.0601364374160767,0.6150924563407898,0.570644199848175
51,20,0.5827661156654358,0.00020824636158067733,0.6463623046875,0.3536376953125,2,1250,1005,0.4607425630092621,0.8057950139045715,0.5701396465301514,0.5210573077201843
51,40,0.4217067360877991,0.00020824636158067733,0.6998291015625,0.3001708984375,2,1187,888,0.34467920660972595,0.6012914776802063,0.5249379873275757,0.46743953227996826
51,60,0.31198444962501526,0.00020824636158067733,0.73895263671875,0.26104736328125,2,1107,746,0.261780709028244,0.4540972113609314,0.48054632544517517,0.41238293051719666
51,80,0.23987771570682526,0.00020824636158067733,0.78082275390625,0.21917724609375,2,1007,599,0.20403766632080078,0.36755844950675964,0.43920302391052246,0.3594425320625305
51,100,0.1987970769405365,0.00020824636158067733,0.81536865234375,0.18463134765625,2,920,492,0.16993097960948944,0.3262755572795868,0.40818020701408386,0.31973984837532043
51,120,0.17330805957317352,0.00020824636158067733,0.8443603515625,0.1556396484375,2,860,410,0.14877615869045258,0.3063960671424866,0.3846237361431122,0.2893970012664795
51,140,0.15887410938739777,0.00020824636158067733,0.86175537109375,0.13824462890625,2,822,367,0.13611020147800446,0.30077415704727173,0.36854085326194763,0.27016523480415344
51,160,0.14725758135318756,0.00020824636158067733,0.88323974609375,0.11676025390625,2,783,313,0.12750345468521118,0.2966887652873993,0.3569166362285614,0.2519931495189667
51,180,0.140449658036232,0.00020824636158067733,0.89178466796875,0.10821533203125,2,764,293,0.12145492434501648,0.29698219895362854,0.3481982946395874,0.24147939682006836
51,200,0.1330379694700241,0.00020824636158067733,0.90740966796875,0.09259033203125,2,755,269,0.11606729030609131,0.29935505986213684,0.3405243456363678,0.23306037485599518
51,220,0.12742142379283905,0.00020824636158067733,0.9176025390625,0.0823974609375,2,744,247,0.11198631674051285,0.29931139945983887,0.33437612652778625,0.22423401474952698
51,240,0.1220734640955925,0.00020824636158067733,0.92913818359375,0.07086181640625,2,731,230,0.10851966589689255,0.2997906506061554,0.32930678129196167,0.21646586060523987
51,260,0.12046181410551071,0.00020824636158067733,0.92950439453125,0.07049560546875,2,724,224,0.1068718358874321,0.29964953660964966,0.32639622688293457,0.2142011672258377
51,280,0.11719737946987152,0.00020824636158067733,0.93634033203125,0.06365966796875,2,715,213,0.10467077791690826,0.30144524574279785,0.3230990469455719,0.21039341390132904
51,300,0.11524698883295059,0.00020824636158067733,0.9388427734375,0.0611572265625,2,714,210,0.10308009386062622,0.30202463269233704,0.3206903636455536,0.21013349294662476
51,320,0.11437242478132248,0.00020824636158067733,0.9393310546875,0.0606689453125,2,708,208,0.10226297378540039,0.3018619120121002,0.31927067041397095,0.20992609858512878
51,340,0.11322775483131409,0.00020824636158067733,0.94024658203125,0.05975341796875,2,706,206,0.10132644325494766,0.30050018429756165,0.3177705407142639,0.20796015858650208
51,360,0.11148558557033539,0.00020824636158067733,0.9443359375,0.0556640625,2,701,199,0.10050501674413681,0.2977699041366577,0.3166748285293579,0.20522640645503998
51,380,0.11041522771120071,0.00020824636158067733,0.9461669921875,0.0538330078125,2,707,197,0.09974202513694763,0.29800671339035034,0.3154665529727936,0.2058628797531128
51,400,0.11086080968379974,0.00020824636158067733,0.9423828125,0.0576171875,2,703,204,0.09945563226938248,0.29740291833877563,0.3148283362388611,0.20698828995227814
51,420,0.11076304316520691,0.00020824636158067733,0.9423828125,0.0576171875,2,703,207,0.09939327836036682,0.29672613739967346,0.31479454040527344,0.2096634954214096
51,440,0.11108916997909546,0.00020824636158067733,0.94268798828125,0.05731201171875,2,713,210,0.09989644587039948,0.29519087076187134,0.31557247042655945,0.21177801489830017
51,460,0.11037692427635193,0.00020824636158067733,0.9432373046875,0.0567626953125,2,705,215,0.0992976650595665,0.294483482837677,0.31477752327919006,0.21352723240852356
51,480,0.11106801778078079,0.00020824636158067733,0.94091796875,0.05908203125,2,709,219,0.09976813942193985,0.2910252809524536,0.31545308232307434,0.21599654853343964
51,500,0.11115552484989166,0.00020824636158067733,0.9400634765625,0.0599365234375,2,709,221,0.09967663884162903,0.29119375348091125,0.3151234984397888,0.21874578297138214
51,520,0.11064348369836807,0.00020824636158067733,0.94036865234375,0.05963134765625,2,707,218,0.09925002604722977,0.2903148829936981,0.3147137761116028,0.22021634876728058
51,540,0.11114553362131119,0.00020824636158067733,0.93914794921875,0.06085205078125,2,715,226,0.09969177097082138,0.2879149615764618,0.3154017925262451,0.22486437857151031
51,560,0.11294440180063248,0.00020824636158067733,0.93438720703125,0.06561279296875,2,720,243,0.10069401562213898,0.287401407957077,0.31678566336631775,0.23173126578330994
51,580,0.11289671808481216,0.00020824636158067733,0.934326171875,0.065673828125,2,717,242,0.10069365054368973,0.286506712436676,0.3168093264102936,0.23438714444637299
51,600,0.11250399053096771,0.00020824636158067733,0.93408203125,0.06591796875,2,714,241,0.10028589516878128,0.2856387197971344,0.3163495659828186,0.23774884641170502
51,620,0.11341338604688644,0.00020824636158067733,0.93109130859375,0.06890869140625,2,715,253,0.10077662765979767,0.2841605842113495,0.3169949948787689,0.24316006898880005
51,640,0.11395779252052307,0.00020824636158067733,0.92926025390625,0.07073974609375,2,719,257,0.10104231536388397,0.2836197316646576,0.3174651563167572,0.246453657746315
51,660,0.11418633908033371,0.00020824636158067733,0.928466796875,0.071533203125,2,715,259,0.10119588673114777,0.282796174287796,0.3177165389060974,0.24948859214782715
51,680,0.1128021627664566,0.00020824636158067733,0.92999267578125,0.07000732421875,2,722,253,0.10011695325374603,0.2813151180744171,0.3161509335041046,0.24823546409606934
51,700,0.11368324607610703,0.00020824636158067733,0.9273681640625,0.0726318359375,2,722,268,0.10055135190486908,0.28135231137275696,0.3167312741279602,0.2521161139011383
51,720,0.11402279883623123,0.00020824636158067733,0.9263916015625,0.0736083984375,2,728,271,0.10073532909154892,0.28125104308128357,0.3170599043369293,0.2555207908153534
51,740,0.11374958604574203,0.00020824636158067733,0.92626953125,0.07373046875,2,726,281,0.10042770206928253,0.28111135959625244,0.3165658414363861,0.2573419511318207
51,760,0.11394155025482178,0.00020824636158067733,0.92529296875,0.07470703125,2,725,280,0.10043155401945114,0.2812712788581848,0.3165799677371979,0.26048147678375244
51,780,0.11486887186765671,0.00020824636158067733,0.92364501953125,0.07635498046875,2,731,286,0.10110180079936981,0.2814054489135742,0.3177071511745453,0.26314976811408997
51,800,0.11420485377311707,0.00020824636158067733,0.92279052734375,0.07720947265625,2,735,291,0.10020064562559128,0.2815801501274109,0.3163672983646393,0.26469624042510986
51,820,0.11560361832380295,0.00020824636158067733,0.9195556640625,0.0804443359375,2,739,299,0.10105563700199127,0.28190094232559204,0.3175960183143616,0.26784783601760864
51,840,0.11452822387218475,0.00020824636158067733,0.9207763671875,0.0792236328125,2,731,300,0.10006245970726013,0.28265655040740967,0.3161890506744385,0.2683863043785095
51,860,0.11544150859117508,0.00020824636158067733,0.91815185546875,0.08184814453125,2,736,310,0.10043741762638092,0.28375348448753357,0.31667855381965637,0.2720414996147156
51,880,0.1161084920167923,0.00020824636158067733,0.9151611328125,0.0848388671875,2,742,322,0.10055337101221085,0.2839024066925049,0.3167519271373749,0.27523645758628845
51,900,0.115899458527565,0.00020824636158067733,0.9141845703125,0.0858154296875,2,745,322,0.1001458540558815,0.28372135758399963,0.3161553740501404,0.2761867344379425
51,920,0.11562389135360718,0.00020824636158067733,0.9144287109375,0.0855712890625,2,744,327,0.09983710944652557,0.2843238115310669,0.3157708942890167,0.27790898084640503
51,940,0.11497265100479126,0.00020824636158067733,0.913818359375,0.086181640625,2,740,327,0.09904775023460388,0.28383076190948486,0.31449875235557556,0.2788688838481903
51,960,0.11481031030416489,0.00020824636158067733,0.91326904296875,0.08673095703125,2,738,331,0.09874334186315536,0.28399401903152466,0.31394121050834656,0.2788991332054138
51,980,0.11499573290348053,0.00020824636158067733,0.91253662109375,0.08746337890625,2,740,336,0.09875155240297318,0.2844770550727844,0.3140009939670563,0.28147560358047485
51,1000,0.11483567953109741,0.00020824636158067733,0.911376953125,0.088623046875,2,738,334,0.09832021594047546,0.28467661142349243,0.3132544755935669,0.2819271385669708
51,1020,0.11551491916179657,0.00020824636158067733,0.90899658203125,0.09100341796875,2,737,341,0.09843524545431137,0.2861170172691345,0.3134344220161438,0.28487628698349
51,1040,0.11539298295974731,0.00020824636158067733,0.9080810546875,0.0919189453125,2,735,347,0.09805456548929214,0.2866817116737366,0.31292277574539185,0.2859383523464203
51,1060,0.11501553654670715,0.00020824636158067733,0.90789794921875,0.09210205078125,2,733,355,0.09758492559194565,0.28683826327323914,0.3121843934059143,0.2856055796146393
51,1080,0.11493910849094391,0.00020824636158067733,0.90704345703125,0.09295654296875,2,732,351,0.09730536490678787,0.2870040237903595,0.3116331696510315,0.28680112957954407
51,1100,0.11546256393194199,0.00020824636158067733,0.90582275390625,0.09417724609375,2,735,354,0.09763451665639877,0.2869376242160797,0.3120325803756714,0.2879302203655243
51,1120,0.11559313535690308,0.00020824636158067733,0.90447998046875,0.09552001953125,2,728,359,0.09740164875984192,0.2878485321998596,0.3117082715034485,0.28909602761268616
51,1140,0.11552445590496063,0.00020824636158067733,0.903076171875,0.096923828125,2,730,367,0.09703973680734634,0.2877536416053772,0.31129881739616394,0.29052525758743286
51,1160,0.11609403789043427,0.00020824636158067733,0.90185546875,0.09814453125,2,730,372,0.09726257622241974,0.2891373336315155,0.311667263507843,0.2921072244644165
51,1180,0.11591333150863647,0.00020824636158067733,0.9014892578125,0.0985107421875,2,735,378,0.09701257199048996,0.28887739777565,0.31121504306793213,0.2934342324733734
51,1200,0.1156311109662056,0.00020824636158067733,0.902099609375,0.097900390625,2,732,382,0.09669797122478485,0.29008975625038147,0.3107694387435913,0.29420703649520874
51,1220,0.11468903720378876,0.00020824636158067733,0.90252685546875,0.09747314453125,2,724,370,0.09591434895992279,0.28852829337120056,0.3095579445362091,0.29288023710250854
51,1240,0.1156466081738472,0.00020824636158067733,0.90087890625,0.09912109375,2,729,386,0.0964452400803566,0.29016152024269104,0.31037431955337524,0.2948954105377197
51,1260,0.11525188386440277,0.00020824636158067733,0.902099609375,0.097900390625,2,733,377,0.09631192684173584,0.28977349400520325,0.3102116584777832,0.2954886853694916
51,1280,0.11579310148954391,0.00020824636158067733,0.9007568359375,0.0992431640625,2,728,390,0.09649486094713211,0.29094892740249634,0.310350626707077,0.29583093523979187
51,1300,0.11488719284534454,0.00020824636158067733,0.90032958984375,0.09967041015625,2,731,388,0.09548603743314743,0.2901391386985779,0.30888524651527405,0.2964838147163391
51,1320,0.11487218737602234,0.00020824636158067733,0.899658203125,0.100341796875,2,725,383,0.0952594205737114,0.29071900248527527,0.30845189094543457,0.29636868834495544
51,1340,0.11426655948162079,0.00020824636158067733,0.9005126953125,0.0994873046875,2,726,392,0.09489530324935913,0.2896060645580292,0.307950496673584,0.29593542218208313
51,1360,0.11494848132133484,0.00020824636158067733,0.89990234375,0.10009765625,2,734,400,0.09537099301815033,0.2909550070762634,0.3085993230342865,0.2963595390319824
51,1380,0.11563284695148468,0.00020824636158067733,0.89837646484375,0.10162353515625,2,738,403,0.09575977921485901,0.2913154065608978,0.30920523405075073,0.2986259162425995
51,1400,0.11514753848314285,0.00020824636158067733,0.8997802734375,0.1002197265625,2,733,398,0.09555809944868088,0.29102301597595215,0.30889949202537537,0.29811421036720276
51,1420,0.11502646654844284,0.00020824636158067733,0.89947509765625,0.10052490234375,2,740,399,0.09528432041406631,0.2916748821735382,0.3084869682788849,0.29828378558158875
51,1440,0.11519555747509003,0.00020824636158067733,0.89892578125,0.10107421875,2,733,406,0.09534213691949844,0.29176631569862366,0.3085533082485199,0.2998400628566742
51,1460,0.11505188047885895,0.00020824636158067733,0.898193359375,0.101806640625,2,732,409,0.09498471021652222,0.292095422744751,0.30799275636672974,0.3005962073802948
51,1480,0.11573635041713715,0.00020824636158067733,0.8966064453125,0.1033935546875,2,730,418,0.09522499144077301,0.2936064600944519,0.30839863419532776,0.30214306712150574
51,1500,0.1150275319814682,0.00020824636158067733,0.900146484375,0.099853515625,2,735,403,0.09535619616508484,0.2923581302165985,0.3086179494857788,0.29995444416999817
51,1520,0.1149277538061142,0.00020824636158067733,0.89862060546875,0.10137939453125,2,726,409,0.0948294997215271,0.2930774390697479,0.3078031539916992,0.3007615804672241
51,1540,0.11527562141418457,0.00020824636158067733,0.89727783203125,0.10272216796875,2,730,412,0.09489846229553223,0.293270081281662,0.3078937828540802,0.3017424941062927
51,1560,0.1146228089928627,0.00020824636158067733,0.89862060546875,0.10137939453125,2,730,408,0.09456232935190201,0.29243752360343933,0.30737319588661194,0.30096033215522766
51,1580,0.11501046270132065,0.00020824636158067733,0.896240234375,0.103759765625,2,733,414,0.09447784721851349,0.2923639714717865,0.30715179443359375,0.3013828992843628
51,1600,0.11509128659963608,0.00020824636158067733,0.89776611328125,0.10223388671875,2,732,416,0.0948837623000145,0.2925434112548828,0.30783313512802124,0.3009710907936096
51,1620,0.1153612956404686,0.00020824636158067733,0.89654541015625,0.10345458984375,2,732,410,0.09486597776412964,0.29297542572021484,0.30776429176330566,0.30183669924736023
51,1640,0.11562741547822952,0.00020824636158067733,0.89569091796875,0.10430908203125,2,726,414,0.09489259123802185,0.2936752736568451,0.30777111649513245,0.3027172386646271
51,1660,0.11539074778556824,0.00020824636158067733,0.89520263671875,0.10479736328125,2,731,421,0.09454042464494705,0.29349881410598755,0.3072342574596405,0.3028266131877899
51,1680,0.11499200016260147,0.00020824636158067733,0.8968505859375,0.1031494140625,2,735,415,0.09445258229970932,0.293575644493103,0.30711275339126587,0.3023456931114197
51,1700,0.11510027199983597,0.00020824636158067733,0.89654541015625,0.10345458984375,2,731,416,0.09461276978254318,0.2926466166973114,0.30740752816200256,0.30225101113319397
51,1720,0.11458822339773178,0.00020824636158067733,0.89752197265625,0.10247802734375,2,729,417,0.09411720931529999,0.2938772737979889,0.3066578805446625,0.30310770869255066
51,1740,0.11441852897405624,0.00020824636158067733,0.8973388671875,0.1026611328125,2,731,419,0.09393256902694702,0.2934819161891937,0.30637258291244507,0.30292820930480957
51,1760,0.1146722286939621,0.00020824636158067733,0.896728515625,0.103271484375,2,729,418,0.09412801265716553,0.29306209087371826,0.3067128658294678,0.30248329043388367
51,1780,0.11491244286298752,0.00020824636158067733,0.89569091796875,0.10430908203125,2,732,420,0.09417198598384857,0.2930084764957428,0.30669838190078735,0.3022550344467163
51,1800,0.11492512375116348,0.00020824636158067733,0.89471435546875,0.10528564453125,2,735,421,0.09397599846124649,0.29295027256011963,0.3064197897911072,0.3026641607284546
51,1820,0.11495967954397202,0.00020824636158067733,0.8956298828125,0.1043701171875,2,728,417,0.09427745640277863,0.2924398183822632,0.3068908154964447,0.301933228969574
51,1840,0.11560723185539246,0.00020824636158067733,0.8951416015625,0.1048583984375,2,731,415,0.0948081836104393,0.2931618392467499,0.30767253041267395,0.3026750683784485
51,1860,0.11421370506286621,0.00020824636158067733,0.89654541015625,0.10345458984375,2,732,413,0.09370367228984833,0.2919551730155945,0.30598753690719604,0.30127018690109253
51,1880,0.11517959833145142,0.00020824636158067733,0.8958740234375,0.1041259765625,2,732,421,0.09455883502960205,0.2925955057144165,0.30736252665519714,0.3025524318218231
51,1900,0.1148492693901062,0.00020824636158067733,0.89544677734375,0.10455322265625,2,743,415,0.09413924068212509,0.29222041368484497,0.30658861994743347,0.30165132880210876
51,1920,0.11451421678066254,0.00020824636158067733,0.89617919921875,0.10382080078125,2,741,421,0.09391389042139053,0.29233574867248535,0.3062715530395508,0.3019551932811737
51,1940,0.11473271995782852,0.00020824636158067733,0.89495849609375,0.10504150390625,2,734,421,0.09388286620378494,0.29237449169158936,0.3062152862548828,0.30262234807014465
51,1960,0.11570500582456589,0.00020824636158067733,0.89447021484375,0.10552978515625,2,742,428,0.09462329745292664,0.29439350962638855,0.30739259719848633,0.30521783232688904
51,1980,0.11390496790409088,0.00020824636158067733,0.89556884765625,0.10443115234375,2,731,423,0.09301970899105072,0.29301053285598755,0.3048924207687378,0.30243420600891113
51,2000,0.11433117091655731,0.00020824636158067733,0.8956298828125,0.1043701171875,2,735,413,0.09357473999261856,0.2924480736255646,0.30575454235076904,0.30191296339035034
