seed,epoch,mean_f,best_f,p_0,p_1,p_2,p_3,occupied_basins,unique_0,unique_1,unique_2,unique_3,mean_f_0,mean_f_1,mean_f_2,mean_f_3,spread_0,spread_1,spread_2,spread_3
42,0,0.31506842374801636,0.00020824636158067733,0.26251220703125,0.3232421875,0.21771240234375,0.196533203125,4,687,645,591,541,0.19591394066810608,0.2826805114746094,0.38364851474761963,0.4515233337879181,0.44065195322036743,0.41879308223724365,0.4110913574695587,0.3790701627731323
42,20,0.27415579557418823,0.00020824636158067733,0.35968017578125,0.313232421875,0.20147705078125,0.1256103515625,4,692,624,580,476,0.18511593341827393,0.2639356255531311,0.3552877604961395,0.42446932196617126,0.4289008378982544,0.4039994478225708,0.3925014138221741,0.34849855303764343
42,40,0.23777063190937042,0.00020824636158067733,0.48919677734375,0.28167724609375,0.16644287109375,0.06268310546875,4,686,588,538,320,0.17555825412273407,0.24790962040424347,0.33350375294685364,0.42353159189224243,0.41703999042510986,0.38169676065444946,0.3623228967189789,0.2969111204147339
42,60,0.20632469654083252,0.00020824636158067733,0.62823486328125,0.2286376953125,0.1202392578125,0.02288818359375,4,676,512,445,160,0.16336235404014587,0.23669324815273285,0.32672956585884094,0.44966602325439453,0.39920786023139954,0.34768146276474,0.33099207282066345,0.22899790108203888
42,80,0.17867279052734375,0.00020824636158067733,0.75933837890625,0.1612548828125,0.07293701171875,0.0064697265625,3,658,405,333,63,0.149681955575943,0.23644880950450897,0.3249066472053528,0.4926438331604004,0.3791027367115021,0.30644819140434265,0.2904917597770691,0.16856469213962555
42,100,0.1482982039451599,0.00020824636158067733,0.87933349609375,0.08526611328125,0.0347900390625,0.0006103515625,3,636,272,201,9,0.13138261437416077,0.24611616134643555,0.32945558428764343,0.5274469256401062,0.35103726387023926,0.2550860643386841,0.24890832602977753,0.1251405030488968
42,120,0.11822406202554703,0.00020824636158067733,0.9473876953125,0.0389404296875,0.013671875,0.0,3,596,162,104,0,0.10931109637022018,0.25569862127304077,0.3442888557910919,nan,0.3152763247489929,0.20356842875480652,0.20472383499145508,nan
42,140,0.09344860911369324,0.00020824636158067733,0.97613525390625,0.01861572265625,0.0052490234375,0.0,2,555,100,53,0,0.08886906504631042,0.26239752769470215,0.3459033668041229,nan,0.2827557921409607,0.17002667486667633,0.16881656646728516,nan
42,160,0.07406136393547058,0.00020824636158067733,0.98931884765625,0.008544921875,0.00213623046875,0.0,1,517,58,24,0,0.07180457562208176,0.26766228675842285,0.3448146879673004,nan,0.2569964528083801,0.14321191608905792,0.11562258005142212,nan
42,180,0.05976346880197525,0.00020824636158067733,0.9949951171875,0.003662109375,0.0013427734375,0.0,1,469,35,15,0,0.05860041826963425,0.27145636081695557,0.344239205121994,nan,0.23521696031093597,0.1264922171831131,0.08694157749414444,nan
42,200,0.04929962009191513,0.00020824636158067733,0.99847412109375,0.00091552734375,0.0006103515625,0.0,1,433,11,9,0,0.04890003427863121,0.2867971956729889,0.3467305302619934,nan,0.21545498073101044,0.08208491653203964,0.07581297308206558,nan
42,220,0.041783407330513,0.00020824636158067733,0.9996337890625,6.103515625e-05,0.00030517578125,0.0,1,385,1,4,0,0.04167192056775093,0.27596837282180786,0.36014166474342346,nan,0.19912615418434143,0.0,0.07481755316257477,nan
42,240,0.036672551184892654,0.00020824636158067733,0.99993896484375,0.0,6.103515625e-05,0.0,1,361,0,1,0,0.03665286302566528,nan,0.359308660030365,nan,0.1885540783405304,nan,0.0,nan
42,260,0.032861627638339996,0.00020824636158067733,1.0,0.0,0.0,0.0,1,335,0,0,0,0.032861627638339996,nan,nan,nan,0.17818300426006317,nan,nan,nan
42,280,0.030202465131878853,0.00020824636158067733,1.0,0.0,0.0,0.0,1,314,0,0,0,0.030202465131878853,nan,nan,nan,0.17034895718097687,nan,nan,nan
42,300,0.028295401483774185,0.00020824636158067733,1.0,0.0,0.0,0.0,1,293,0,0,0,0.028295401483774185,nan,nan,nan,0.16483479738235474,nan,nan,nan
42,320,0.026886381208896637,0.00020824636158067733,1.0,0.0,0.0,0.0,1,285,0,0,0,0.026886381208896637,nan,nan,nan,0.16092342138290405,nan,nan,nan
42,340,0.025880280882120132,0.00020824636158067733,1.0,0.0,0.0,0.0,1,283,0,0,0,0.025880280882120132,nan,nan,nan,0.1591530293226242,nan,nan,nan
42,360,0.02503270097076893,0.00020824636158067733,1.0,0.0,0.0,0.0,1,276,0,0,0,0.02503270097076893,nan,nan,nan,0.1569167822599411,nan,nan,nan
42,380,0.02428370527923107,0.00020824636158067733,1.0,0.0,0.0,0.0,1,261,0,0,0,0.02428370527923107,nan,nan,nan,0.15230202674865723,nan,nan,nan
42,400,0.023721804842352867,0.00020824636158067733,1.0,0.0,0.0,0.0,1,269,0,0,0,0.023721804842352867,nan,nan,nan,0.152414932847023,nan,nan,nan
42,420,0.023254571482539177,0.00020824636158067733,1.0,0.0,0.0,0.0,1,260,0,0,0,0.023254571482539177,nan,nan,nan,0.1498715579509735,nan,nan,nan
42,440,0.022858617827296257,0.00020824636158067733,1.0,0.0,0.0,0.0,1,260,0,0,0,0.022858617827296257,nan,nan,nan,0.14914391934871674,nan,nan,nan
42,460,0.022519810125231743,0.00020824636158067733,1.0,0.0,0.0,0.0,1,255,0,0,0,0.022519810125231743,nan,nan,nan,0.14911465346813202,nan,nan,nan
42,480,0.02215883880853653,0.00020824636158067733,1.0,0.0,0.0,0.0,1,251,0,0,0,0.02215883880853653,nan,nan,nan,0.14756463468074799,nan,nan,nan
42,500,0.021933354437351227,0.00020824636158067733,1.0,0.0,0.0,0.0,1,251,0,0,0,0.021933354437351227,nan,nan,nan,0.14720600843429565,nan,nan,nan
42,520,0.021734310314059258,0.00020824636158067733,1.0,0.0,0.0,0.0,1,248,0,0,0,0.021734310314059258,nan,nan,nan,0.14626342058181763,nan,nan,nan
42,540,0.021567856892943382,0.00020824636158067733,1.0,0.0,0.0,0.0,1,246,0,0,0,0.021567856892943382,nan,nan,nan,0.144544318318367,nan,nan,nan
42,560,0.021382182836532593,0.00020824636158067733,1.0,0.0,0.0,0.0,1,246,0,0,0,0.021382182836532593,nan,nan,nan,0.14468565583229065,nan,nan,nan
42,580,0.02126138284802437,0.00020824636158067733,1.0,0.0,0.0,0.0,1,241,0,0,0,0.02126138284802437,nan,nan,nan,0.14471648633480072,nan,nan,nan
42,600,0.021113283932209015,0.00020824636158067733,1.0,0.0,0.0,0.0,1,238,0,0,0,0.021113283932209015,nan,nan,nan,0.14345265924930573,nan,nan,nan
42,620,0.02101963385939598,0.00020824636158067733,1.0,0.0,0.0,0.0,1,238,0,0,0,0.02101963385939598,nan,nan,nan,0.14320901036262512,nan,nan,nan
42,640,0.020914949476718903,0.00020824636158067733,1.0,0.0,0.0,0.0,1,238,0,0,0,0.020914949476718903,nan,nan,nan,0.14363685250282288,nan,nan,nan
42,660,0.02082012966275215,0.00020824636158067733,1.0,0.0,0.0,0.0,1,235,0,0,0,0.02082012966275215,nan,nan,nan,0.14290814101696014,nan,nan,nan
42,680,0.02075047604739666,0.00020824636158067733,1.0,0.0,0.0,0.0,1,234,0,0,0,0.02075047604739666,nan,nan,nan,0.14206692576408386,nan,nan,nan
42,700,0.02077976055443287,0.00020824636158067733,1.0,0.0,0.0,0.0,1,229,0,0,0,0.02077976055443287,nan,nan,nan,0.1417340189218521,nan,nan,nan
42,720,0.0206308476626873,0.00020824636158067733,1.0,0.0,0.0,0.0,1,233,0,0,0,0.0206308476626873,nan,nan,nan,0.14218267798423767,nan,nan,nan
42,740,0.020612187683582306,0.00020824636158067733,1.0,0.0,0.0,0.0,1,235,0,0,0,0.020612187683582306,nan,nan,nan,0.14196768403053284,nan,nan,nan
42,760,0.020599886775016785,0.00020824636158067733,1.0,0.0,0.0,0.0,1,227,0,0,0,0.020599886775016785,nan,nan,nan,0.14041949808597565,nan,nan,nan
42,780,0.020481832325458527,0.00020824636158067733,1.0,0.0,0.0,0.0,1,234,0,0,0,0.020481832325458527,nan,nan,nan,0.14099402725696564,nan,nan,nan
42,800,0.020443953573703766,0.00020824636158067733,1.0,0.0,0.0,0.0,1,229,0,0,0,0.020443953573703766,nan,nan,nan,0.1404827982187271,nan,nan,nan
42,820,0.020385030657052994,0.00020824636158067733,1.0,0.0,0.0,0.0,1,239,0,0,0,0.020385030657052994,nan,nan,nan,0.14209850132465363,nan,nan,nan
42,840,0.02040841616690159,0.00020824636158067733,1.0,0.0,0.0,0.0,1,237,0,0,0,0.02040841616690159,nan,nan,nan,0.1421475112438202,nan,nan,nan
42,860,0.02030663564801216,0.00020824636158067733,1.0,0.0,0.0,0.0,1,232,0,0,0,0.02030663564801216,nan,nan,nan,0.14062264561653137,nan,nan,nan
42,880,0.020288635045289993,0.00020824636158067733,1.0,0.0,0.0,0.0,1,234,0,0,0,0.020288635045289993,nan,nan,nan,0.14078357815742493,nan,nan,nan
42,900,0.02034725435078144,0.00020824636158067733,1.0,0.0,0.0,0.0,1,234,0,0,0,0.02034725435078144,nan,nan,nan,0.14183677732944489,nan,nan,nan
42,920,0.02033759467303753,0.00020824636158067733,1.0,0.0,0.0,0.0,1,240,0,0,0,0.02033759467303753,nan,nan,nan,0.1415703445672989,nan,nan,nan
42,940,0.02015136182308197,0.00020824636158067733,1.0,0.0,0.0,0.0,1,234,0,0,0,0.02015136182308197,nan,nan,nan,0.14047670364379883,nan,nan,nan
42,960,0.020156241953372955,0.00020824636158067733,1.0,0.0,0.0,0.0,1,231,0,0,0,0.020156241953372955,nan,nan,nan,0.14018124341964722,nan,nan,nan
42,980,0.020166514441370964,0.00020824636158067733,1.0,0.0,0.0,0.0,1,234,0,0,0,0.020166514441370964,nan,nan,nan,0.1412092000246048,nan,nan,nan
42,1000,0.02010723017156124,0.00020824636158067733,1.0,0.0,0.0,0.0,1,231,0,0,0,0.02010723017156124,nan,nan,nan,0.14064745604991913,nan,nan,nan
42,1020,0.020107485353946686,0.00020824636158067733,1.0,0.0,0.0,0.0,1,227,0,0,0,0.020107485353946686,nan,nan,nan,0.14034409821033478,nan,nan,nan
42,1040,0.020126095041632652,0.00020824636158067733,1.0,0.0,0.0,0.0,1,231,0,0,0,0.020126095041632652,nan,nan,nan,0.14102937281131744,nan,nan,nan
42,1060,0.02016559988260269,0.00020824636158067733,1.0,0.0,0.0,0.0,1,226,0,0,0,0.02016559988260269,nan,nan,nan,0.1392504870891571,nan,nan,nan
42,1080,0.020102808251976967,0.00020824636158067733,1.0,0.0,0.0,0.0,1,226,0,0,0,0.020102808251976967,nan,nan,nan,0.139450341463089,nan,nan,nan
42,1100,0.020029546692967415,0.00020824636158067733,1.0,0.0,0.0,0.0,1,229,0,0,0,0.020029546692967415,nan,nan,nan,0.13959555327892303,nan,nan,nan
42,1120,0.02011094242334366,0.00020824636158067733,1.0,0.0,0.0,0.0,1,230,0,0,0,0.02011094242334366,nan,nan,nan,0.1399606466293335,nan,nan,nan
42,1140,0.020051153376698494,0.00020824636158067733,1.0,0.0,0.0,0.0,1,229,0,0,0,0.020051153376698494,nan,nan,nan,0.13900043070316315,nan,nan,nan
42,1160,0.020029140636324883,0.00020824636158067733,1.0,0.0,0.0,0.0,1,230,0,0,0,0.020029140636324883,nan,nan,nan,0.13926009833812714,nan,nan,nan
42,1180,0.02007332071661949,0.00020824636158067733,1.0,0.0,0.0,0.0,1,230,0,0,0,0.02007332071661949,nan,nan,nan,0.14018848538398743,nan,nan,nan
42,1200,0.020033054053783417,0.00020824636158067733,1.0,0.0,0.0,0.0,1,234,0,0,0,0.020033054053783417,nan,nan,nan,0.14056959748268127,nan,nan,nan
42,1220,0.02001388743519783,0.00020824636158067733,1.0,0.0,0.0,0.0,1,230,0,0,0,0.02001388743519783,nan,nan,nan,0.13978014886379242,nan,nan,nan
42,1240,0.0200163796544075,0.00020824636158067733,1.0,0.0,0.0,0.0,1,229,0,0,0,0.0200163796544075,nan,nan,nan,0.13913027942180634,nan,nan,nan
42,1260,0.01997962035238743,0.00020824636158067733,1.0,0.0,0.0,0.0,1,225,0,0,0,0.01997962035238743,nan,nan,nan,0.13937416672706604,nan,nan,nan
42,1280,0.02000463381409645,0.00020824636158067733,1.0,0.0,0.0,0.0,1,235,0,0,0,0.02000463381409645,nan,nan,nan,0.14038927853107452,nan,nan,nan
42,1300,0.019964469596743584,0.00020824636158067733,1.0,0.0,0.0,0.0,1,229,0,0,0,0.019964469596743584,nan,nan,nan,0.14009606838226318,nan,nan,nan
42,1320,0.019946472719311714,0.00020824636158067733,1.0,0.0,0.0,0.0,1,230,0,0,0,0.019946472719311714,nan,nan,nan,0.1394909769296646,nan,nan,nan
42,1340,0.01990833878517151,0.00020824636158067733,1.0,0.0,0.0,0.0,1,230,0,0,0,0.01990833878517151,nan,nan,nan,0.13958163559436798,nan,nan,nan
42,1360,0.020002193748950958,0.00020824636158067733,1.0,0.0,0.0,0.0,1,227,0,0,0,0.020002193748950958,nan,nan,nan,0.13944299519062042,nan,nan,nan
42,1380,0.020000973716378212,0.00020824636158067733,1.0,0.0,0.0,0.0,1,224,0,0,0,0.020000973716378212,nan,nan,nan,0.13868765532970428,nan,nan,nan
42,1400,0.01992613635957241,0.00020824636158067733,1.0,0.0,0.0,0.0,1,228,0,0,0,0.01992613635957241,nan,nan,nan,0.13950271904468536,nan,nan,nan
42,1420,0.019934523850679398,0.00020824636158067733,1.0,0.0,0.0,0.0,1,228,0,0,0,0.019934523850679398,nan,nan,nan,0.13887034356594086,nan,nan,nan
42,1440,0.01988973282277584,0.00020824636158067733,1.0,0.0,0.0,0.0,1,224,0,0,0,0.01988973282277584,nan,nan,nan,0.13920548558235168,nan,nan,nan
42,1460,0.01993391290307045,0.00020824636158067733,1.0,0.0,0.0,0.0,1,231,0,0,0,0.01993391290307045,nan,nan,nan,0.14050881564617157,nan,nan,nan
42,1480,0.01992465928196907,0.00020824636158067733,1.0,0.0,0.0,0.0,1,232,0,0,0,0.01992465928196907,nan,nan,nan,0.14020316302776337,nan,nan,nan
42,1500,0.019900815561413765,0.00020824636158067733,1.0,0.0,0.0,0.0,1,223,0,0,0,0.019900815561413765,nan,nan,nan,0.13880963623523712,nan,nan,nan
42,1520,0.01988052949309349,0.00020824636158067733,1.0,0.0,0.0,0.0,1,226,0,0,0,0.01988052949309349,nan,nan,nan,0.13897356390953064,nan,nan,nan
42,1540,0.019861260429024696,0.00020824636158067733,1.0,0.0,0.0,0.0,1,225,0,0,0,0.019861260429024696,nan,nan,nan,0.13961318135261536,nan,nan,nan
42,1560,0.01986664906144142,0.00020824636158067733,1.0,0.0,0.0,0.0,1,229,0,0,0,0.01986664906144142,nan,nan,nan,0.13961642980575562,nan,nan,nan
42,1580,0.020013531669974327,0.00020824636158067733,1.0,0.0,0.0,0.0,1,232,0,0,0,0.020013531669974327,nan,nan,nan,0.14042577147483826,nan,nan,nan
42,1600,0.019859736785292625,0.00020824636158067733,1.0,0.0,0.0,0.0,1,231,0,0,0,0.019859736785292625,nan,nan,nan,0.139916330575943,nan,nan,nan
42,1620,0.01985744759440422,0.00020824636158067733,1.0,0.0,0.0,0.0,1,229,0,0,0,0.01985744759440422,nan,nan,nan,0.139308363199234,nan,nan,nan
42,1640,0.019868887960910797,0.00020824636158067733,1.0,0.0,0.0,0.0,1,228,0,0,0,0.019868887960910797,nan,nan,nan,0.13987892866134644,nan,nan,nan
42,1660,0.01984570361673832,0.00020824636158067733,1.0,0.0,0.0,0.0,1,228,0,0,0,0.01984570361673832,nan,nan,nan,0.13909904658794403,nan,nan,nan
42,1680,0.01985892280936241,0.00020824636158067733,1.0,0.0,0.0,0.0,1,229,0,0,0,0.01985892280936241,nan,nan,nan,0.13927751779556274,nan,nan,nan
42,1700,0.019908441230654716,0.00020824636158067733,1.0,0.0,0.0,0.0,1,225,0,0,0,0.019908441230654716,nan,nan,nan,0.1382865607738495,nan,nan,nan
42,1720,0.019819417968392372,0.00020824636158067733,1.0,0.0,0.0,0.0,1,227,0,0,0,0.019819417968392372,nan,nan,nan,0.13902245461940765,nan,nan,nan
42,1740,0.01993391290307045,0.00020824636158067733,1.0,0.0,0.0,0.0,1,231,0,0,0,0.01993391290307045,nan,nan,nan,0.14055120944976807,nan,nan,nan
42,1760,0.019820332527160645,0.00020824636158067733,1.0,0.0,0.0,0.0,1,224,0,0,0,0.019820332527160645,nan,nan,nan,0.13939929008483887,nan,nan,nan
42,1780,0.019875243306159973,0.00020824636158067733,1.0,0.0,0.0,0.0,1,223,0,0,0,0.019875243306159973,nan,nan,nan,0.1382092982530594,nan,nan,nan
42,1800,0.019945811480283737,0.00020824636158067733,1.0,0.0,0.0,0.0,1,226,0,0,0,0.019945811480283737,nan,nan,nan,0.13787482678890228,nan,nan,nan
42,1820,0.019826840609312057,0.00020824636158067733,1.0,0.0,0.0,0.0,1,224,0,0,0,0.019826840609312057,nan,nan,nan,0.13890911638736725,nan,nan,nan
42,1840,0.019820434972643852,0.00020824636158067733,1.0,0.0,0.0,0.0,1,228,0,0,0,0.019820434972643852,nan,nan,nan,0.1394784152507782,nan,nan,nan
42,1860,0.019811995327472687,0.00020824636158067733,1.0,0.0,0.0,0.0,1,228,0,0,0,0.019811995327472687,nan,nan,nan,0.13899166882038116,nan,nan,nan
42,1880,0.019904019311070442,0.00020824636158067733,1.0,0.0,0.0,0.0,1,229,0,0,0,0.019904019311070442,nan,nan,nan,0.13885560631752014,nan,nan,nan
42,1900,0.019837113097310066,0.00020824636158067733,1.0,0.0,0.0,0.0,1,231,0,0,0,0.019837113097310066,nan,nan,nan,0.13964584469795227,nan,nan,nan
42,1920,0.019844533875584602,0.00020824636158067733,1.0,0.0,0.0,0.0,1,231,0,0,0,0.019844533875584602,nan,nan,nan,0.1400311142206192,nan,nan,nan
42,1940,0.02003701962530613,0.00020824636158067733,1.0,0.0,0.0,0.0,1,237,0,0,0,0.02003701962530613,nan,nan,nan,0.14100433886051178,nan,nan,nan
42,1960,0.019801827147603035,0.00020824636158067733,1.0,0.0,0.0,0.0,1,227,0,0,0,0.019801827147603035,nan,nan,nan,0.1393055021762848,nan,nan,nan
42,1980,0.01985856704413891,0.00020824636158067733,1.0,0.0,0.0,0.0,1,225,0,0,0,0.01985856704413891,nan,nan,nan,0.13863210380077362,nan,nan,nan
42,2000,0.019795220345258713,0.00020824636158067733,1.0,0.0,0.0,0.0,1,226,0,0,0,0.019795220345258713,nan,nan,nan,0.138969287276268,nan,nan,nan
43,0,0.3134934902191162,0.00020824636158067733,0.2996826171875,0.34796142578125,0.16009521484375,0.1922607421875,4,696,648,585,544,0.20625579357147217,0.29177549481391907,0.3805381655693054,0.46412619948387146,0.43900159001350403,0.42340269684791565,0.4110771417617798,0.3836030960083008
43,20,0.27064359188079834,0.00020824636158067733,0.398681640625,0.34002685546875,0.134521484375,0.12677001953125,4,697,640,563,492,0.19233158230781555,0.27050524950027466,0.35311299562454224,0.4297875463962555,0.4226617217063904,0.410738080739975,0.3912082016468048,0.35732322931289673
43,40,0.23330415785312653,0.00020824636158067733,0.53253173828125,0.2989501953125,0.099609375,0.06890869140625,4,690,603,486,361,0.17964628338813782,0.25039437413215637,0.3383951783180237,0.42192092537879944,0.40338924527168274,0.3851938247680664,0.35926875472068787,0.3155176639556885
43,60,0.19940568506717682,0.00020824636158067733,0.6715087890625,0.2347412109375,0.06805419921875,0.02569580078125,4,674,540,385,190,0.16337664425373077,0.2358277440071106,0.341626912355423,0.43155691027641296,0.38125109672546387,0.35101544857025146,0.330585777759552,0.2535698711872101
43,80,0.16753984987735748,0.00020824636158067733,0.79119873046875,0.15447998046875,0.04498291015625,0.00933837890625,3,653,428,294,85,0.1420823186635971,0.2310667484998703,0.33434614539146423,0.47004491090774536,0.360098659992218,0.3075507581233978,0.29739418625831604,0.19320914149284363
43,100,0.13778920471668243,0.00020824636158067733,0.8878173828125,0.08245849609375,0.0277099609375,0.00201416015625,3,626,301,208,25,0.1215110570192337,0.23681552708148956,0.33803629875183105,0.5040122270584106,0.33424535393714905,0.26478567719459534,0.27390050888061523,0.1392221450805664
43,120,0.10841802507638931,0.00020824636158067733,0.951904296875,0.0350341796875,0.012939453125,0.0001220703125,3,601,164,126,2,0.10024682432413101,0.24688930809497833,0.3303820490837097,0.5580175518989563,0.3004053831100464,0.21439550817012787,0.23224860429763794,0.08414503186941147
43,140,0.08444426208734512,0.00020824636158067733,0.9781494140625,0.0150146484375,0.0068359375,0.0,2,542,86,71,0,0.07996056228876114,0.2635209560394287,0.3326828181743622,nan,0.2699199616909027,0.16510069370269775,0.19364655017852783,nan
43,160,0.06667036563158035,0.00020824636158067733,0.9925537109375,0.00396728515625,0.00347900390625,0.0,1,499,39,39,0,0.06496910750865936,0.26603659987449646,0.32468855381011963,nan,0.24349012970924377,0.13018284738063812,0.14107604324817657,nan
43,180,0.05314062908291817,0.00020824636158067733,0.99713134765625,0.00140380859375,0.00146484375,0.0,1,446,14,20,0,0.05240737646818161,0.28864428400993347,0.3265792429447174,nan,0.22012722492218018,0.11846189200878143,0.11971388757228851,nan
43,200,0.043377071619033813,0.00020824636158067733,0.99920654296875,6.103515625e-05,0.000732421875,0.0,1,408,1,11,0,0.043144259601831436,0.28846320509910583,0.340566486120224,nan,0.2019394040107727,0.0,0.0911412388086319,nan
43,220,0.036796510219573975,0.00020824636158067733,0.9998779296875,0.0,0.0001220703125,0.0,1,374,0,2,0,0.03676064312458038,nan,0.33057063817977905,nan,0.18590982258319855,nan,0.020408153533935547,nan
43,240,0.03215401619672775,0.00020824636158067733,0.99993896484375,0.0,6.103515625e-05,0.0,1,331,0,1,0,0.0321337915956974,nan,0.3634735941886902,nan,0.1746545284986496,nan,0.0,nan
43,260,0.028821609914302826,0.00020824636158067733,1.0,0.0,0.0,0.0,1,310,0,0,0,0.028821609914302826,nan,nan,nan,0.1665457785129547,nan,nan,nan
43,280,0.026493731886148453,0.00020824636158067733,1.0,0.0,0.0,0.0,1,290,0,0,0,0.026493731886148453,nan,nan,nan,0.16063222289085388,nan,nan,nan
43,300,0.02497881092131138,0.00020824636158067733,1.0,0.0,0.0,0.0,1,278,0,0,0,0.02497881092131138,nan,nan,nan,0.15670965611934662,nan,nan,nan
43,320,0.023767104372382164,0.00020824636158067733,1.0,0.0,0.0,0.0,1,263,0,0,0,0.023767104372382164,nan,nan,nan,0.15108826756477356,nan,nan,nan
43,340,0.023025278002023697,0.00020824636158067733,1.0,0.0,0.0,0.0,1,258,0,0,0,0.023025278002023697,nan,nan,nan,0.14813503623008728,nan,nan,nan
43,360,0.022396571934223175,0.00020824636158067733,1.0,0.0,0.0,0.0,1,256,0,0,0,0.022396571934223175,nan,nan,nan,0.1473681479692459,nan,nan,nan
43,380,0.02195938676595688,0.00020824636158067733,1.0,0.0,0.0,0.0,1,247,0,0,0,0.02195938676595688,nan,nan,nan,0.1466289907693863,nan,nan,nan
43,400,0.021666843444108963,0.00020824636158067733,1.0,0.0,0.0,0.0,1,247,0,0,0,0.021666843444108963,nan,nan,nan,0.14615577459335327,nan,nan,nan
43,420,0.021509693935513496,0.00020824636158067733,1.0,0.0,0.0,0.0,1,245,0,0,0,0.021509693935513496,nan,nan,nan,0.14530853927135468,nan,nan,nan
43,440,0.02122838795185089,0.00020824636158067733,1.0,0.0,0.0,0.0,1,243,0,0,0,0.02122838795185089,nan,nan,nan,0.14383451640605927,nan,nan,nan
43,460,0.021101132035255432,0.00020824636158067733,1.0,0.0,0.0,0.0,1,241,0,0,0,0.021101132035255432,nan,nan,nan,0.14327169954776764,nan,nan,nan
43,480,0.02094738744199276,0.00020824636158067733,1.0,0.0,0.0,0.0,1,240,0,0,0,0.02094738744199276,nan,nan,nan,0.142558291554451,nan,nan,nan
43,500,0.020845146849751472,0.00020824636158067733,1.0,0.0,0.0,0.0,1,237,0,0,0,0.020845146849751472,nan,nan,nan,0.14229924976825714,nan,nan,nan
43,520,0.020723380148410797,0.00020824636158067733,1.0,0.0,0.0,0.0,1,235,0,0,0,0.020723380148410797,nan,nan,nan,0.14182662963867188,nan,nan,nan
43,540,0.02065957523882389,0.00020824636158067733,1.0,0.0,0.0,0.0,1,235,0,0,0,0.02065957523882389,nan,nan,nan,0.14129099249839783,nan,nan,nan
43,560,0.020570144057273865,0.00020824636158067733,1.0,0.0,0.0,0.0,1,236,0,0,0,0.020570144057273865,nan,nan,nan,0.14206548035144806,nan,nan,nan
43,580,0.020488493144512177,0.00020824636158067733,1.0,0.0,0.0,0.0,1,235,0,0,0,0.020488493144512177,nan,nan,nan,0.14191973209381104,nan,nan,nan
43,600,0.02043231390416622,0.00020824636158067733,1.0,0.0,0.0,0.0,1,236,0,0,0,0.02043231390416622,nan,nan,nan,0.14106379449367523,nan,nan,nan
43,620,0.02037796378135681,0.00020824636158067733,1.0,0.0,0.0,0.0,1,232,0,0,0,0.02037796378135681,nan,nan,nan,0.1410263478755951,nan,nan,nan
43,640,0.020387673750519753,0.00020824636158067733,1.0,0.0,0.0,0.0,1,230,0,0,0,0.020387673750519753,nan,nan,nan,0.14047645032405853,nan,nan,nan
43,660,0.02028624527156353,0.00020824636158067733,1.0,0.0,0.0,0.0,1,231,0,0,0,0.02028624527156353,nan,nan,nan,0.14129739999771118,nan,nan,nan
43,680,0.020301446318626404,0.00020824636158067733,1.0,0.0,0.0,0.0,1,230,0,0,0,0.020301446318626404,nan,nan,nan,0.1411963850259781,nan,nan,nan
43,700,0.020211050286889076,0.00020824636158067733,1.0,0.0,0.0,0.0,1,232,0,0,0,0.020211050286889076,nan,nan,nan,0.14114642143249512,nan,nan,nan
43,720,0.020244911313056946,0.00020824636158067733,1.0,0.0,0.0,0.0,1,233,0,0,0,0.020244911313056946,nan,nan,nan,0.14139176905155182,nan,nan,nan
43,740,0.020160971209406853,0.00020824636158067733,1.0,0.0,0.0,0.0,1,230,0,0,0,0.020160971209406853,nan,nan,nan,0.14109604060649872,nan,nan,nan
43,760,0.02010219916701317,0.00020824636158067733,1.0,0.0,0.0,0.0,1,228,0,0,0,0.02010219916701317,nan,nan,nan,0.14020463824272156,nan,nan,nan
43,780,0.02011129818856716,0.00020824636158067733,1.0,0.0,0.0,0.0,1,232,0,0,0,0.02011129818856716,nan,nan,nan,0.14037591218948364,nan,nan,nan
43,800,0.02008679136633873,0.00020824636158067733,1.0,0.0,0.0,0.0,1,229,0,0,0,0.02008679136633873,nan,nan,nan,0.1403864473104477,nan,nan,nan
43,820,0.020064881071448326,0.00020824636158067733,1.0,0.0,0.0,0.0,1,230,0,0,0,0.020064881071448326,nan,nan,nan,0.13982658088207245,nan,nan,nan
43,840,0.020063914358615875,0.00020824636158067733,1.0,0.0,0.0,0.0,1,230,0,0,0,0.020063914358615875,nan,nan,nan,0.14091770350933075,nan,nan,nan
43,860,0.02004317007958889,0.00020824636158067733,1.0,0.0,0.0,0.0,1,232,0,0,0,0.02004317007958889,nan,nan,nan,0.14069445431232452,nan,nan,nan
43,880,0.019989585503935814,0.00020824636158067733,1.0,0.0,0.0,0.0,1,230,0,0,0,0.019989585503935814,nan,nan,nan,0.13987943530082703,nan,nan,nan
43,900,0.019978400319814682,0.00020824636158067733,1.0,0.0,0.0,0.0,1,228,0,0,0,0.019978400319814682,nan,nan,nan,0.13985450565814972,nan,nan,nan
43,920,0.019984550774097443,0.00020824636158067733,1.0,0.0,0.0,0.0,1,231,0,0,0,0.019984550774097443,nan,nan,nan,0.14000588655471802,nan,nan,nan
43,940,0.02002878300845623,0.00020824636158067733,1.0,0.0,0.0,0.0,1,232,0,0,0,0.02002878300845623,nan,nan,nan,0.14069922268390656,nan,nan,nan
43,960,0.020030714571475983,0.00020824636158067733,1.0,0.0,0.0,0.0,1,227,0,0,0,0.020030714571475983,nan,nan,nan,0.14021846652030945,nan,nan,nan
43,980,0.020056238397955894,0.00020824636158067733,1.0,0.0,0.0,0.0,1,232,0,0,0,0.020056238397955894,nan,nan,nan,0.140456423163414,nan,nan,nan
43,1000,0.01997245103120804,0.00020824636158067733,1.0,0.0,0.0,0.0,1,225,0,0,0,0.01997245103120804,nan,nan,nan,0.1390254944562912,nan,nan,nan
43,1020,0.019931625574827194,0.00020824636158067733,1.0,0.0,0.0,0.0,1,226,0,0,0,0.019931625574827194,nan,nan,nan,0.13916213810443878,nan,nan,nan
43,1040,0.01994260773062706,0.00020824636158067733,1.0,0.0,0.0,0.0,1,228,0,0,0,0.01994260773062706,nan,nan,nan,0.13947691023349762,nan,nan,nan
43,1060,0.019923744723200798,0.00020824636158067733,1.0,0.0,0.0,0.0,1,230,0,0,0,0.019923744723200798,nan,nan,nan,0.1393493264913559,nan,nan,nan
43,1080,0.019911542534828186,0.00020824636158067733,1.0,0.0,0.0,0.0,1,229,0,0,0,0.019911542534828186,nan,nan,nan,0.13911809027194977,nan,nan,nan
43,1100,0.019941488280892372,0.00020824636158067733,1.0,0.0,0.0,0.0,1,226,0,0,0,0.019941488280892372,nan,nan,nan,0.13882604241371155,nan,nan,nan
43,1120,0.019964469596743584,0.00020824636158067733,1.0,0.0,0.0,0.0,1,230,0,0,0,0.019964469596743584,nan,nan,nan,0.13876381516456604,nan,nan,nan
43,1140,0.019897563382983208,0.00020824636158067733,1.0,0.0,0.0,0.0,1,228,0,0,0,0.019897563382983208,nan,nan,nan,0.13990682363510132,nan,nan,nan
43,1160,0.019939810037612915,0.00020824636158067733,1.0,0.0,0.0,0.0,1,227,0,0,0,0.019939810037612915,nan,nan,nan,0.13913019001483917,nan,nan,nan
43,1180,0.01988927461206913,0.00020824636158067733,1.0,0.0,0.0,0.0,1,232,0,0,0,0.01988927461206913,nan,nan,nan,0.13992105424404144,nan,nan,nan
43,1200,0.01989344134926796,0.00020824636158067733,1.0,0.0,0.0,0.0,1,229,0,0,0,0.01989344134926796,nan,nan,nan,0.1399788111448288,nan,nan,nan
43,1220,0.019877173006534576,0.00020824636158067733,1.0,0.0,0.0,0.0,1,224,0,0,0,0.019877173006534576,nan,nan,nan,0.13868901133537292,nan,nan,nan
43,1240,0.01989690214395523,0.00020824636158067733,1.0,0.0,0.0,0.0,1,227,0,0,0,0.01989690214395523,nan,nan,nan,0.1386532187461853,nan,nan,nan
43,1260,0.019866395741701126,0.00020824636158067733,1.0,0.0,0.0,0.0,1,226,0,0,0,0.019866395741701126,nan,nan,nan,0.13913239538669586,nan,nan,nan
43,1280,0.01990356296300888,0.00020824636158067733,1.0,0.0,0.0,0.0,1,223,0,0,0,0.01990356296300888,nan,nan,nan,0.13841186463832855,nan,nan,nan
43,1300,0.01991332322359085,0.00020824636158067733,1.0,0.0,0.0,0.0,1,222,0,0,0,0.01991332322359085,nan,nan,nan,0.1383553445339203,nan,nan,nan
43,1320,0.01983548514544964,0.00020824636158067733,1.0,0.0,0.0,0.0,1,227,0,0,0,0.01983548514544964,nan,nan,nan,0.13893331587314606,nan,nan,nan
43,1340,0.01984921097755432,0.00020824636158067733,1.0,0.0,0.0,0.0,1,231,0,0,0,0.01984921097755432,nan,nan,nan,0.13957716524600983,nan,nan,nan
43,1360,0.019859176129102707,0.00020824636158067733,1.0,0.0,0.0,0.0,1,228,0,0,0,0.019859176129102707,nan,nan,nan,0.1394839882850647,nan,nan,nan
43,1380,0.019817588850855827,0.00020824636158067733,1.0,0.0,0.0,0.0,1,228,0,0,0,0.019817588850855827,nan,nan,nan,0.139593705534935,nan,nan,nan
43,1400,0.019906459376215935,0.00020824636158067733,1.0,0.0,0.0,0.0,1,226,0,0,0,0.019906459376215935,nan,nan,nan,0.13890808820724487,nan,nan,nan
43,1420,0.019849974662065506,0.00020824636158067733,1.0,0.0,0.0,0.0,1,226,0,0,0,0.019849974662065506,nan,nan,nan,0.139751598238945,nan,nan,nan
43,1440,0.019894611090421677,0.00020824636158067733,1.0,0.0,0.0,0.0,1,225,0,0,0,0.019894611090421677,nan,nan,nan,0.13978904485702515,nan,nan,nan
43,1460,0.01986822485923767,0.00020824636158067733,1.0,0.0,0.0,0.0,1,226,0,0,0,0.01986822485923767,nan,nan,nan,0.14003890752792358,nan,nan,nan
43,1480,0.01982053555548191,0.00020824636158067733,1.0,0.0,0.0,0.0,1,230,0,0,0,0.01982053555548191,nan,nan,nan,0.13985787332057953,nan,nan,nan
43,1500,0.019808437675237656,0.00020824636158067733,1.0,0.0,0.0,0.0,1,226,0,0,0,0.019808437675237656,nan,nan,nan,0.1392882615327835,nan,nan,nan
43,1520,0.01984366960823536,0.00020824636158067733,1.0,0.0,0.0,0.0,1,230,0,0,0,0.01984366960823536,nan,nan,nan,0.1388535499572754,nan,nan,nan
43,1540,0.019818808883428574,0.00020824636158067733,1.0,0.0,0.0,0.0,1,228,0,0,0,0.019818808883428574,nan,nan,nan,0.13913308084011078,nan,nan,nan
43,1560,0.01979491300880909,0.00020824636158067733,1.0,0.0,0.0,0.0,1,226,0,0,0,0.01979491300880909,nan,nan,nan,0.13923345506191254,nan,nan,nan
43,1580,0.019799791276454926,0.00020824636158067733,1.0,0.0,0.0,0.0,1,227,0,0,0,0.019799791276454926,nan,nan,nan,0.13989189267158508,nan,nan,nan
43,1600,0.01978881098330021,0.00020824636158067733,1.0,0.0,0.0,0.0,1,228,0,0,0,0.01978881098330021,nan,nan,nan,0.13961820304393768,nan,nan,nan
43,1620,0.019805286079645157,0.00020824636158067733,1.0,0.0,0.0,0.0,1,225,0,0,0,0.019805286079645157,nan,nan,nan,0.1389058530330658,nan,nan,nan
43,1640,0.019834719598293304,0.00020824636158067733,1.0,0.0,0.0,0.0,1,226,0,0,0,0.019834719598293304,nan,nan,nan,0.140154168009758,nan,nan,nan
43,1660,0.019810114055871964,0.00020824636158067733,1.0,0.0,0.0,0.0,1,224,0,0,0,0.019810114055871964,nan,nan,nan,0.13868603110313416,nan,nan,nan
43,1680,0.019855976104736328,0.00020824636158067733,1.0,0.0,0.0,0.0,1,227,0,0,0,0.019855976104736328,nan,nan,nan,0.1390341818332672,nan,nan,nan
43,1700,0.019766848534345627,0.00020824636158067733,1.0,0.0,0.0,0.0,1,225,0,0,0,0.019766848534345627,nan,nan,nan,0.13919678330421448,nan,nan,nan
43,1720,0.019855618476867676,0.00020824636158067733,1.0,0.0,0.0,0.0,1,224,0,0,0,0.019855618476867676,nan,nan,nan,0.13870348036289215,nan,nan,nan
43,1740,0.019843416288495064,0.00020824636158067733,1.0,0.0,0.0,0.0,1,223,0,0,0,0.019843416288495064,nan,nan,nan,0.13827136158943176,nan,nan,nan
43,1760,0.01987854763865471,0.00020824636158067733,1.0,0.0,0.0,0.0,1,221,0,0,0,0.01987854763865471,nan,nan,nan,0.13843418657779694,nan,nan,nan
43,1780,0.019766898825764656,0.00020824636158067733,1.0,0.0,0.0,0.0,1,227,0,0,0,0.019766898825764656,nan,nan,nan,0.13932058215141296,nan,nan,nan
43,1800,0.019855262711644173,0.00020824636158067733,1.0,0.0,0.0,0.0,1,223,0,0,0,0.019855262711644173,nan,nan,nan,0.13840630650520325,nan,nan,nan
43,1820,0.0198435690253973,0.00020824636158067733,1.0,0.0,0.0,0.0,1,221,0,0,0,0.0198435690253973,nan,nan,nan,0.13829268515110016,nan,nan,nan
43,1840,0.01979384571313858,0.00020824636158067733,1.0,0.0,0.0,0.0,1,224,0,0,0,0.01979384571313858,nan,nan,nan,0.13853298127651215,nan,nan,nan
43,1860,0.019793540239334106,0.00020824636158067733,1.0,0.0,0.0,0.0,1,224,0,0,0,0.019793540239334106,nan,nan,nan,0.13884516060352325,nan,nan,nan
43,1880,0.019794762134552002,0.00020824636158067733,1.0,0.0,0.0,0.0,1,227,0,0,0,0.019794762134552002,nan,nan,nan,0.1389514058828354,nan,nan,nan
43,1900,0.01980558969080448,0.00020824636158067733,1.0,0.0,0.0,0.0,1,226,0,0,0,0.01980558969080448,nan,nan,nan,0.13959485292434692,nan,nan,nan
43,1920,0.01977340690791607,0.00020824636158067733,1.0,0.0,0.0,0.0,1,228,0,0,0,0.01977340690791607,nan,nan,nan,0.13927295804023743,nan,nan,nan
43,1940,0.019762985408306122,0.00020824636158067733,1.0,0.0,0.0,0.0,1,225,0,0,0,0.019762985408306122,nan,nan,nan,0.13895535469055176,nan,nan,nan
43,1960,0.01977894827723503,0.00020824636158067733,1.0,0.0,0.0,0.0,1,224,0,0,0,0.01977894827723503,nan,nan,nan,0.13845638930797577,nan,nan,nan
43,1980,0.019798826426267624,0.00020824636158067733,1.0,0.0,0.0,0.0,1,221,0,0,0,0.019798826426267624,nan,nan,nan,0.13864471018314362,nan,nan,nan
43,2000,0.019754746928811073,0.00020824636158067733,1.0,0.0,0.0,0.0,1,224,0,0,0,0.019754746928811073,nan,nan,nan,0.13931649923324585,nan,nan,nan
44,0,0.319011926651001,0.00020824636158067733,0.26080322265625,0.30792236328125,0.19317626953125,0.23809814453125,4,691,645,581,548,0.19051411747932434,0.28957679867744446,0.3670494258403778,0.45885613560676575,0.4352598786354065,0.42441868782043457,0.40296074748039246,0.383247435092926
44,20,0.2682660222053528,0.00020824636158067733,0.37579345703125,0.31097412109375,0.16510009765625,0.14813232421875,4,689,625,547,487,0.17835474014282227,0.2619991898536682,0.34465545415878296,0.42437639832496643,0.42197173833847046,0.40204253792762756,0.37603744864463806,0.34954461455345154
44,40,0.2249499410390854,0.00020824636158067733,0.52587890625,0.28375244140625,0.12066650390625,0.0697021484375,4,678,577,448,321,0.16403883695602417,0.24342435598373413,0.33270740509033203,0.4227484464645386,0.4034637212753296,0.3717901408672333,0.3336859941482544,0.29073694348335266
44,60,0.1869373917579651,0.00020824636158067733,0.700439453125,0.21014404296875,0.07049560546875,0.0189208984375,4,655,480,322,135,0.15019287168979645,0.23372410237789154,0.34127575159072876,0.4525265097618103,0.3819982409477234,0.3258853554725647,0.2939693033695221,0.21571995317935944
44,80,0.14844493567943573,0.00020824636158067733,0.874267578125,0.0970458984375,0.02642822265625,0.00225830078125,3,635,313,183,30,0.13127070665359497,0.24284327030181885,0.3403250277042389,0.4951045513153076,0.35136255621910095,0.2706241011619568,0.2560451030731201,0.1443222612142563
44,100,0.10912701487541199,0.00020824636158067733,0.96905517578125,0.02239990234375,0.0084228515625,0.0001220703125,2,601,126,82,2,0.10348746925592422,0.2624998688697815,0.34311971068382263,0.5892544984817505,0.3047938048839569,0.20202210545539856,0.1985878050327301,0.06453630328178406
44,120,0.08115454763174057,0.00020824636158067733,0.99365234375,0.00390625,0.00244140625,0.0,1,547,33,31,0,0.07967217266559601,0.2962203621864319,0.3403790593147278,nan,0.266482412815094,0.16272380948066711,0.13294708728790283,nan
44,140,0.06211050599813461,0.00020824636158067733,0.9986572265625,0.00018310546875,0.00115966796875,0.0,1,479,3,14,0,0.06173687428236008,0.2962377071380615,0.346901535987854,nan,0.23575806617736816,0.0333263985812664,0.09515462815761566,nan
44,160,0.050418268889188766,0.00020824636158067733,0.99969482421875,0.0,0.00030517578125,0.0,1,417,0,4,0,0.050321679562330246,nan,0.3668055534362793,nan,0.21428710222244263,nan,0.08867575228214264,nan
44,180,0.04283514618873596,0.00020824636158067733,0.99993896484375,0.0,6.103515625e-05,0.0,1,383,0,1,0,0.04281572625041008,nan,0.36097463965415955,nan,0.2010824829339981,nan,0.0,nan
44,200,0.03763721138238907,0.00020824636158067733,1.0,0.0,0.0,0.0,1,352,0,0,0,0.03763721138238907,nan,nan,nan,0.19002196192741394,nan,nan,nan
44,220,0.033984508365392685,0.00020824636158067733,1.0,0.0,0.0,0.0,1,322,0,0,0,0.033984508365392685,nan,nan,nan,0.1797841340303421,nan,nan,nan
44,240,0.031213292852044106,0.00020824636158067733,1.0,0.0,0.0,0.0,1,299,0,0,0,0.031213292852044106,nan,nan,nan,0.172405406832695,nan,nan,nan
44,260,0.029060155153274536,0.00020824636158067733,1.0,0.0,0.0,0.0,1,294,0,0,0,0.029060155153274536,nan,nan,nan,0.16782067716121674,nan,nan,nan
44,280,0.027454838156700134,0.00020824636158067733,1.0,0.0,0.0,0.0,1,284,0,0,0,0.027454838156700134,nan,nan,nan,0.1630929559469223,nan,nan,nan
44,300,0.02617175132036209,0.00020824636158067733,1.0,0.0,0.0,0.0,1,269,0,0,0,0.02617175132036209,nan,nan,nan,0.15957249701023102,nan,nan,nan
44,320,0.02530953288078308,0.00020824636158067733,1.0,0.0,0.0,0.0,1,270,0,0,0,0.02530953288078308,nan,nan,nan,0.15813300013542175,nan,nan,nan
44,340,0.024380000308156013,0.00020824636158067733,1.0,0.0,0.0,0.0,1,263,0,0,0,0.024380000308156013,nan,nan,nan,0.155030757188797,nan,nan,nan
44,360,0.023725567385554314,0.00020824636158067733,1.0,0.0,0.0,0.0,1,253,0,0,0,0.023725567385554314,nan,nan,nan,0.15216349065303802,nan,nan,nan
44,380,0.023254165425896645,0.00020824636158067733,1.0,0.0,0.0,0.0,1,247,0,0,0,0.023254165425896645,nan,nan,nan,0.14977742731571198,nan,nan,nan
44,400,0.022793693467974663,0.00020824636158067733,1.0,0.0,0.0,0.0,1,248,0,0,0,0.022793693467974663,nan,nan,nan,0.1490994393825531,nan,nan,nan
44,420,0.022399265319108963,0.00020824636158067733,1.0,0.0,0.0,0.0,1,243,0,0,0,0.022399265319108963,nan,nan,nan,0.14804422855377197,nan,nan,nan
44,440,0.022088980302214622,0.00020824636158067733,1.0,0.0,0.0,0.0,1,241,0,0,0,0.022088980302214622,nan,nan,nan,0.1461225152015686,nan,nan,nan
44,460,0.02181870862841606,0.00020824636158067733,1.0,0.0,0.0,0.0,1,235,0,0,0,0.02181870862841606,nan,nan,nan,0.14567023515701294,nan,nan,nan
44,480,0.021652355790138245,0.00020824636158067733,1.0,0.0,0.0,0.0,1,239,0,0,0,0.021652355790138245,nan,nan,nan,0.1458195447921753,nan,nan,nan
44,500,0.021485747769474983,0.00020824636158067733,1.0,0.0,0.0,0.0,1,239,0,0,0,0.021485747769474983,nan,nan,nan,0.14557690918445587,nan,nan,nan
44,520,0.021269062533974648,0.00020824636158067733,1.0,0.0,0.0,0.0,1,231,0,0,0,0.021269062533974648,nan,nan,nan,0.1435318887233734,nan,nan,nan
44,540,0.02124582789838314,0.00020824636158067733,1.0,0.0,0.0,0.0,1,237,0,0,0,0.02124582789838314,nan,nan,nan,0.14465630054473877,nan,nan,nan
44,560,0.021018920466303825,0.00020824636158067733,1.0,0.0,0.0,0.0,1,239,0,0,0,0.021018920466303825,nan,nan,nan,0.1434483528137207,nan,nan,nan
44,580,0.021015971899032593,0.00020824636158067733,1.0,0.0,0.0,0.0,1,238,0,0,0,0.021015971899032593,nan,nan,nan,0.14422082901000977,nan,nan,nan
44,600,0.020861925557255745,0.00020824636158067733,1.0,0.0,0.0,0.0,1,231,0,0,0,0.020861925557255745,nan,nan,nan,0.14223599433898926,nan,nan,nan
44,620,0.02075500413775444,0.00020824636158067733,1.0,0.0,0.0,0.0,1,230,0,0,0,0.02075500413775444,nan,nan,nan,0.14191748201847076,nan,nan,nan
44,640,0.020743004977703094,0.00020824636158067733,1.0,0.0,0.0,0.0,1,230,0,0,0,0.020743004977703094,nan,nan,nan,0.1420568972826004,nan,nan,nan
44,660,0.020616969093680382,0.00020824636158067733,1.0,0.0,0.0,0.0,1,226,0,0,0,0.020616969093680382,nan,nan,nan,0.14142835140228271,nan,nan,nan
44,680,0.02057751640677452,0.00020824636158067733,1.0,0.0,0.0,0.0,1,229,0,0,0,0.02057751640677452,nan,nan,nan,0.14144179224967957,nan,nan,nan
44,700,0.020547470077872276,0.00020824636158067733,1.0,0.0,0.0,0.0,1,230,0,0,0,0.020547470077872276,nan,nan,nan,0.14161944389343262,nan,nan,nan
44,720,0.020473798736929893,0.00020824636158067733,1.0,0.0,0.0,0.0,1,234,0,0,0,0.020473798736929893,nan,nan,nan,0.141738623380661,nan,nan,nan
44,740,0.020435668528079987,0.00020824636158067733,1.0,0.0,0.0,0.0,1,226,0,0,0,0.020435668528079987,nan,nan,nan,0.14057444036006927,nan,nan,nan
44,760,0.020424585789442062,0.00020824636158067733,1.0,0.0,0.0,0.0,1,229,0,0,0,0.020424585789442062,nan,nan,nan,0.14189697802066803,nan,nan,nan
44,780,0.02034013718366623,0.00020824636158067733,1.0,0.0,0.0,0.0,1,232,0,0,0,0.02034013718366623,nan,nan,nan,0.14088313281536102,nan,nan,nan
44,800,0.0203042421489954,0.00020824636158067733,1.0,0.0,0.0,0.0,1,230,0,0,0,0.0203042421489954,nan,nan,nan,0.1406441330909729,nan,nan,nan
44,820,0.02027343213558197,0.00020824636158067733,1.0,0.0,0.0,0.0,1,226,0,0,0,0.02027343213558197,nan,nan,nan,0.14014893770217896,nan,nan,nan
44,840,0.020246436819434166,0.00020824636158067733,1.0,0.0,0.0,0.0,1,227,0,0,0,0.020246436819434166,nan,nan,nan,0.140176922082901,nan,nan,nan
44,860,0.020284617319703102,0.00020824636158067733,1.0,0.0,0.0,0.0,1,234,0,0,0,0.020284617319703102,nan,nan,nan,0.14139598608016968,nan,nan,nan
44,880,0.02018618956208229,0.00020824636158067733,1.0,0.0,0.0,0.0,1,227,0,0,0,0.02018618956208229,nan,nan,nan,0.14070597290992737,nan,nan,nan
44,900,0.020232606679201126,0.00020824636158067733,1.0,0.0,0.0,0.0,1,233,0,0,0,0.020232606679201126,nan,nan,nan,0.14148816466331482,nan,nan,nan
44,920,0.02021084725856781,0.00020824636158067733,1.0,0.0,0.0,0.0,1,234,0,0,0,0.02021084725856781,nan,nan,nan,0.1414462924003601,nan,nan,nan
44,940,0.02014668472111225,0.00020824636158067733,1.0,0.0,0.0,0.0,1,230,0,0,0,0.02014668472111225,nan,nan,nan,0.14044271409511566,nan,nan,nan
44,960,0.020122891291975975,0.00020824636158067733,1.0,0.0,0.0,0.0,1,234,0,0,0,0.020122891291975975,nan,nan,nan,0.14029790461063385,nan,nan,nan
44,980,0.02009752206504345,0.00020824636158067733,1.0,0.0,0.0,0.0,1,224,0,0,0,0.02009752206504345,nan,nan,nan,0.1394723802804947,nan,nan,nan
44,1000,0.020072150975465775,0.00020824636158067733,1.0,0.0,0.0,0.0,1,229,0,0,0,0.020072150975465775,nan,nan,nan,0.13990472257137299,nan,nan,nan
44,1020,0.020083488896489143,0.00020824636158067733,1.0,0.0,0.0,0.0,1,229,0,0,0,0.020083488896489143,nan,nan,nan,0.14045147597789764,nan,nan,nan
44,1040,0.02002832666039467,0.00020824636158067733,1.0,0.0,0.0,0.0,1,231,0,0,0,0.02002832666039467,nan,nan,nan,0.14023196697235107,nan,nan,nan
44,1060,0.02003280073404312,0.00020824636158067733,1.0,0.0,0.0,0.0,1,232,0,0,0,0.02003280073404312,nan,nan,nan,0.14038628339767456,nan,nan,nan
44,1080,0.02006371133029461,0.00020824636158067733,1.0,0.0,0.0,0.0,1,232,0,0,0,0.02006371133029461,nan,nan,nan,0.14083696901798248,nan,nan,nan
44,1100,0.020044900476932526,0.00020824636158067733,1.0,0.0,0.0,0.0,1,232,0,0,0,0.020044900476932526,nan,nan,nan,0.14042912423610687,nan,nan,nan
44,1120,0.020021919161081314,0.00020824636158067733,1.0,0.0,0.0,0.0,1,231,0,0,0,0.020021919161081314,nan,nan,nan,0.14058171212673187,nan,nan,nan
44,1140,0.019960450008511543,0.00020824636158067733,1.0,0.0,0.0,0.0,1,228,0,0,0,0.019960450008511543,nan,nan,nan,0.13964195549488068,nan,nan,nan
44,1160,0.020015057176351547,0.00020824636158067733,1.0,0.0,0.0,0.0,1,225,0,0,0,0.020015057176351547,nan,nan,nan,0.13896748423576355,nan,nan,nan
44,1180,0.02000361680984497,0.00020824636158067733,1.0,0.0,0.0,0.0,1,223,0,0,0,0.02000361680984497,nan,nan,nan,0.1392311453819275,nan,nan,nan
44,1200,0.019965995103120804,0.00020824636158067733,1.0,0.0,0.0,0.0,1,222,0,0,0,0.019965995103120804,nan,nan,nan,0.139082670211792,nan,nan,nan
44,1220,0.019992737099528313,0.00020824636158067733,1.0,0.0,0.0,0.0,1,223,0,0,0,0.019992737099528313,nan,nan,nan,0.1393686830997467,nan,nan,nan
44,1240,0.019956182688474655,0.00020824636158067733,1.0,0.0,0.0,0.0,1,223,0,0,0,0.019956182688474655,nan,nan,nan,0.13938292860984802,nan,nan,nan
44,1260,0.01993904821574688,0.00020824636158067733,1.0,0.0,0.0,0.0,1,222,0,0,0,0.01993904821574688,nan,nan,nan,0.13943612575531006,nan,nan,nan
44,1280,0.0199529267847538,0.00020824636158067733,1.0,0.0,0.0,0.0,1,231,0,0,0,0.0199529267847538,nan,nan,nan,0.14044347405433655,nan,nan,nan
44,1300,0.019928831607103348,0.00020824636158067733,1.0,0.0,0.0,0.0,1,225,0,0,0,0.019928831607103348,nan,nan,nan,0.13962207734584808,nan,nan,nan
44,1320,0.019954299554228783,0.00020824636158067733,1.0,0.0,0.0,0.0,1,229,0,0,0,0.019954299554228783,nan,nan,nan,0.14033961296081543,nan,nan,nan
44,1340,0.019923491403460503,0.00020824636158067733,1.0,0.0,0.0,0.0,1,224,0,0,0,0.019923491403460503,nan,nan,nan,0.1400279551744461,nan,nan,nan
44,1360,0.020012158900499344,0.00020824636158067733,1.0,0.0,0.0,0.0,1,229,0,0,0,0.020012158900499344,nan,nan,nan,0.14117062091827393,nan,nan,nan
44,1380,0.01988520845770836,0.00020824636158067733,1.0,0.0,0.0,0.0,1,228,0,0,0,0.01988520845770836,nan,nan,nan,0.13936930894851685,nan,nan,nan
44,1400,0.019930506125092506,0.00020824636158067733,1.0,0.0,0.0,0.0,1,228,0,0,0,0.019930506125092506,nan,nan,nan,0.13923592865467072,nan,nan,nan
44,1420,0.019884545356035233,0.00020824636158067733,1.0,0.0,0.0,0.0,1,226,0,0,0,0.019884545356035233,nan,nan,nan,0.14017267525196075,nan,nan,nan
44,1440,0.01988627389073372,0.00020824636158067733,1.0,0.0,0.0,0.0,1,229,0,0,0,0.01988627389073372,nan,nan,nan,0.13994289934635162,nan,nan,nan
44,1460,0.019878344610333443,0.00020824636158067733,1.0,0.0,0.0,0.0,1,227,0,0,0,0.019878344610333443,nan,nan,nan,0.13943815231323242,nan,nan,nan
44,1480,0.019870107993483543,0.00020824636158067733,1.0,0.0,0.0,0.0,1,224,0,0,0,0.019870107993483543,nan,nan,nan,0.1393466591835022,nan,nan,nan
44,1500,0.019889988005161285,0.00020824636158067733,1.0,0.0,0.0,0.0,1,222,0,0,0,0.019889988005161285,nan,nan,nan,0.13906791806221008,nan,nan,nan
44,1520,0.01989344321191311,0.00020824636158067733,1.0,0.0,0.0,0.0,1,226,0,0,0,0.01989344321191311,nan,nan,nan,0.13951322436332703,nan,nan,nan
44,1540,0.019872600212693214,0.00020824636158067733,1.0,0.0,0.0,0.0,1,228,0,0,0,0.019872600212693214,nan,nan,nan,0.13983094692230225,nan,nan,nan
44,1560,0.01986044831573963,0.00020824636158067733,1.0,0.0,0.0,0.0,1,225,0,0,0,0.01986044831573963,nan,nan,nan,0.13967297971248627,nan,nan,nan
44,1580,0.019837722182273865,0.00020824636158067733,1.0,0.0,0.0,0.0,1,222,0,0,0,0.019837722182273865,nan,nan,nan,0.1396769881248474,nan,nan,nan
44,1600,0.01988724246621132,0.00020824636158067733,1.0,0.0,0.0,0.0,1,224,0,0,0,0.01988724246621132,nan,nan,nan,0.1395130157470703,nan,nan,nan
44,1620,0.019867515191435814,0.00020824636158067733,1.0,0.0,0.0,0.0,1,223,0,0,0,0.019867515191435814,nan,nan,nan,0.1390077918767929,nan,nan,nan
44,1640,0.019816165789961815,0.00020824636158067733,1.0,0.0,0.0,0.0,1,222,0,0,0,0.019816165789961815,nan,nan,nan,0.1389886736869812,nan,nan,nan
44,1660,0.019848957657814026,0.00020824636158067733,1.0,0.0,0.0,0.0,1,224,0,0,0,0.019848957657814026,nan,nan,nan,0.13934457302093506,nan,nan,nan
44,1680,0.019888613373041153,0.00020824636158067733,1.0,0.0,0.0,0.0,1,229,0,0,0,0.019888613373041153,nan,nan,nan,0.14031092822551727,nan,nan,nan
44,1700,0.01990457810461521,0.00020824636158067733,1.0,0.0,0.0,0.0,1,233,0,0,0,0.01990457810461521,nan,nan,nan,0.1405820995569229,nan,nan,nan
44,1720,0.0198185034096241,0.00020824636158067733,1.0,0.0,0.0,0.0,1,227,0,0,0,0.0198185034096241,nan,nan,nan,0.13959042727947235,nan,nan,nan
44,1740,0.019881904125213623,0.00020824636158067733,1.0,0.0,0.0,0.0,1,229,0,0,0,0.019881904125213623,nan,nan,nan,0.14016428589820862,nan,nan,nan
44,1760,0.01978769339621067,0.00020824636158067733,1.0,0.0,0.0,0.0,1,225,0,0,0,0.01978769339621067,nan,nan,nan,0.13923941552639008,nan,nan,nan
44,1780,0.019841738045215607,0.00020824636158067733,1.0,0.0,0.0,0.0,1,219,0,0,0,0.019841738045215607,nan,nan,nan,0.13881152868270874,nan,nan,nan
44,1800,0.019911188632249832,0.00020824636158067733,1.0,0.0,0.0,0.0,1,227,0,0,0,0.019911188632249832,nan,nan,nan,0.13913707435131073,nan,nan,nan
44,1820,0.01977437362074852,0.00020824636158067733,1.0,0.0,0.0,0.0,1,222,0,0,0,0.01977437362074852,nan,nan,nan,0.13918520510196686,nan,nan,nan
44,1840,0.01979806460440159,0.00020824636158067733,1.0,0.0,0.0,0.0,1,225,0,0,0,0.01979806460440159,nan,nan,nan,0.13926413655281067,nan,nan,nan
44,1860,0.019825927913188934,0.00020824636158067733,1.0,0.0,0.0,0.0,1,219,0,0,0,0.019825927913188934,nan,nan,nan,0.13918611407279968,nan,nan,nan
44,1880,0.01986929401755333,0.00020824636158067733,1.0,0.0,0.0,0.0,1,225,0,0,0,0.01986929401755333,nan,nan,nan,0.13971230387687683,nan,nan,nan
44,1900,0.019796233624219894,0.00020824636158067733,1.0,0.0,0.0,0.0,1,226,0,0,0,0.019796233624219894,nan,nan,nan,0.1393212527036667,nan,nan,nan
44,1920,0.01983548514544964,0.00020824636158067733,1.0,0.0,0.0,0.0,1,225,0,0,0,0.01983548514544964,nan,nan,nan,0.1391817033290863,nan,nan,nan
44,1940,0.01983599364757538,0.00020824636158067733,1.0,0.0,0.0,0.0,1,222,0,0,0,0.01983599364757538,nan,nan,nan,0.13892066478729248,nan,nan,nan
44,1960,0.01984727941453457,0.00020824636158067733,1.0,0.0,0.0,0.0,1,222,0,0,0,0.01984727941453457,nan,nan,nan,0.1388915479183197,nan,nan,nan
44,1980,0.019772998988628387,0.00020824636158067733,1.0,0.0,0.0,0.0,1,225,0,0,0,0.019772998988628387,nan,nan,nan,0.13893446326255798,nan,nan,nan
44,2000,0.019798828288912773,0.00020824636158067733,1.0,0.0,0.0,0.0,1,226,0,0,0,0.019798828288912773,nan,nan,nan,0.13932204246520996,nan,nan,nan
45,0,0.3392329812049866,0.00020824636158067733,0.1544189453125,0.4361572265625,0.20623779296875,0.20318603515625,4,646,644,586,537,0.19194060564041138,0.3101060688495636,0.3857438266277313,0.46648746728897095,0.4267357885837555,0.4103533923625946,0.40487104654312134,0.38744068145751953
45,20,0.2954932451248169,0.00020824636158067733,0.26409912109375,0.38885498046875,0.21112060546875,0.13592529296875,4,658,627,577,488,0.1939985305070877,0.27837905287742615,0.3627944588661194,0.43712207674980164,0.42566874623298645,0.39789262413978577,0.3926216959953308,0.3655122220516205
45,40,0.2585291564464569,0.00020824636158067733,0.42889404296875,0.30126953125,0.1956787109375,0.07415771484375,4,675,598,552,373,0.18696431815624237,0.2658555507659912,0.34012681245803833,0.42735278606414795,0.4203489422798157,0.383632630109787,0.3725689649581909,0.3270907700061798
45,60,0.2164844572544098,0.00020824636158067733,0.62664794921875,0.18194580078125,0.1591796875,0.0322265625,4,673,502,490,222,0.16767117381095886,0.25268805027008057,0.32139819860458374,0.4430527985095978,0.39748600125312805,0.3494194447994232,0.3417128026485443,0.26993414759635925
45,80,0.1747533679008484,0.00020824636158067733,0.81390380859375,0.071533203125,0.10614013671875,0.0084228515625,3,652,316,390,84,0.14682969450950623,0.2573498487472534,0.3096882104873657,0.471181720495224,0.36709436774253845,0.3005238473415375,0.2982424199581146,0.21308308839797974
45,100,0.1357465237379074,0.00020824636158067733,0.926513671875,0.01922607421875,0.0535888671875,0.00067138671875,3,614,140,250,11,0.12264059484004974,0.27580440044403076,0.30688169598579407,0.5514671802520752,0.32703039050102234,0.2444910705089569,0.24806202948093414,0.08010033518075943
45,120,0.10301488637924194,0.00020824636158067733,0.97479248046875,0.0028076171875,0.02239990234375,0.0,2,559,31,139,0,0.09780913591384888,0.3057747781276703,0.30414316058158875,nan,0.29026028513908386,0.18624664843082428,0.19344398379325867,nan
45,140,0.07776409387588501,0.00020824636158067733,0.98992919921875,0.00018310546875,0.0098876953125,0.0,1,498,3,76,0,0.07537966966629028,0.2951270639896393,0.31246086955070496,nan,0.25864195823669434,0.05090687796473503,0.15399831533432007,nan
45,160,0.059956230223178864,0.00020824636158067733,0.9959716796875,0.0,0.0040283203125,0.0,1,444,0,37,0,0.058909736573696136,nan,0.3186942934989929,nan,0.23216745257377625,nan,0.11782010644674301,nan
45,180,0.04803263023495674,0.00020824636158067733,0.99853515625,0.0,0.00146484375,0.0,1,400,0,16,0,0.047627463936805725,nan,0.32421910762786865,nan,0.21122868359088898,nan,0.0847444087266922,nan
45,200,0.04029352590441704,0.00020824636158067733,0.9993896484375,0.0,0.0006103515625,0.0,1,362,0,9,0,0.04010429605841637,nan,0.3501458168029785,nan,0.19552111625671387,nan,0.07592275738716125,nan
45,220,0.034920863807201385,0.00020824636158067733,0.9998779296875,0.0,0.0001220703125,0.0,1,335,0,2,0,0.03488294035196304,nan,0.3455643951892853,nan,0.1835777461528778,nan,0.04563401639461517,nan
45,240,0.03130796179175377,0.00020824636158067733,1.0,0.0,0.0,0.0,1,311,0,0,0,0.03130796179175377,nan,nan,nan,0.1745826154947281,nan,nan,nan
45,260,0.028806611895561218,0.00020824636158067733,1.0,0.0,0.0,0.0,1,295,0,0,0,0.028806611895561218,nan,nan,nan,0.16707280278205872,nan,nan,nan
45,280,0.0269930437207222,0.00020824636158067733,1.0,0.0,0.0,0.0,1,274,0,0,0,0.0269930437207222,nan,nan,nan,0.1611226350069046,nan,nan,nan
45,300,0.025770816951990128,0.00020824636158067733,1.0,0.0,0.0,0.0,1,270,0,0,0,0.025770816951990128,nan,nan,nan,0.1587361842393875,nan,nan,nan
45,320,0.0247526653110981,0.00020824636158067733,1.0,0.0,0.0,0.0,1,263,0,0,0,0.0247526653110981,nan,nan,nan,0.1560574769973755,nan,nan,nan
45,340,0.02404063194990158,0.00020824636158067733,1.0,0.0,0.0,0.0,1,260,0,0,0,0.02404063194990158,nan,nan,nan,0.15415692329406738,nan,nan,nan
45,360,0.023452498018741608,0.00020824636158067733,1.0,0.0,0.0,0.0,1,251,0,0,0,0.023452498018741608,nan,nan,nan,0.1516566425561905,nan,nan,nan
45,380,0.022949526086449623,0.00020824636158067733,1.0,0.0,0.0,0.0,1,243,0,0,0,0.022949526086449623,nan,nan,nan,0.14853431284427643,nan,nan,nan
45,400,0.022523725405335426,0.00020824636158067733,1.0,0.0,0.0,0.0,1,246,0,0,0,0.022523725405335426,nan,nan,nan,0.14808250963687897,nan,nan,nan
45,420,0.02223479561507702,0.00020824636158067733,1.0,0.0,0.0,0.0,1,241,0,0,0,0.02223479561507702,nan,nan,nan,0.14696456491947174,nan,nan,nan
45,440,0.021931223571300507,0.00020824636158067733,1.0,0.0,0.0,0.0,1,243,0,0,0,0.021931223571300507,nan,nan,nan,0.14683328568935394,nan,nan,nan
45,460,0.021735887974500656,0.00020824636158067733,1.0,0.0,0.0,0.0,1,237,0,0,0,0.021735887974500656,nan,nan,nan,0.1457381248474121,nan,nan,nan
45,480,0.0215582475066185,0.00020824636158067733,1.0,0.0,0.0,0.0,1,236,0,0,0,0.0215582475066185,nan,nan,nan,0.14377720654010773,nan,nan,nan
45,500,0.02133917063474655,0.00020824636158067733,1.0,0.0,0.0,0.0,1,236,0,0,0,0.02133917063474655,nan,nan,nan,0.14454375207424164,nan,nan,nan
45,520,0.021232759580016136,0.00020824636158067733,1.0,0.0,0.0,0.0,1,236,0,0,0,0.021232759580016136,nan,nan,nan,0.14443722367286682,nan,nan,nan
45,540,0.021057356148958206,0.00020824636158067733,1.0,0.0,0.0,0.0,1,234,0,0,0,0.021057356148958206,nan,nan,nan,0.14337506890296936,nan,nan,nan
45,560,0.02100997045636177,0.00020824636158067733,1.0,0.0,0.0,0.0,1,233,0,0,0,0.02100997045636177,nan,nan,nan,0.14244019985198975,nan,nan,nan
45,580,0.020905138924717903,0.00020824636158067733,1.0,0.0,0.0,0.0,1,230,0,0,0,0.020905138924717903,nan,nan,nan,0.141888827085495,nan,nan,nan
45,600,0.020817536860704422,0.00020824636158067733,1.0,0.0,0.0,0.0,1,233,0,0,0,0.020817536860704422,nan,nan,nan,0.1420353502035141,nan,nan,nan
45,620,0.020795319229364395,0.00020824636158067733,1.0,0.0,0.0,0.0,1,225,0,0,0,0.020795319229364395,nan,nan,nan,0.14160513877868652,nan,nan,nan
45,640,0.020676657557487488,0.00020824636158067733,1.0,0.0,0.0,0.0,1,235,0,0,0,0.020676657557487488,nan,nan,nan,0.14193393290042877,nan,nan,nan
45,660,0.020596427842974663,0.00020824636158067733,1.0,0.0,0.0,0.0,1,234,0,0,0,0.020596427842974663,nan,nan,nan,0.14161357283592224,nan,nan,nan
45,680,0.02052169293165207,0.00020824636158067733,1.0,0.0,0.0,0.0,1,234,0,0,0,0.02052169293165207,nan,nan,nan,0.14186598360538483,nan,nan,nan
45,700,0.02046775072813034,0.00020824636158067733,1.0,0.0,0.0,0.0,1,232,0,0,0,0.02046775072813034,nan,nan,nan,0.1416754573583603,nan,nan,nan
45,720,0.020447006449103355,0.00020824636158067733,1.0,0.0,0.0,0.0,1,232,0,0,0,0.020447006449103355,nan,nan,nan,0.1411941647529602,nan,nan,nan
45,740,0.02037089690566063,0.00020824636158067733,1.0,0.0,0.0,0.0,1,233,0,0,0,0.02037089690566063,nan,nan,nan,0.1411517858505249,nan,nan,nan
45,760,0.020374862477183342,0.00020824636158067733,1.0,0.0,0.0,0.0,1,232,0,0,0,0.020374862477183342,nan,nan,nan,0.14099852740764618,nan,nan,nan
45,780,0.020329764112830162,0.00020824636158067733,1.0,0.0,0.0,0.0,1,231,0,0,0,0.020329764112830162,nan,nan,nan,0.14072385430335999,nan,nan,nan
45,800,0.020254315808415413,0.00020824636158067733,1.0,0.0,0.0,0.0,1,227,0,0,0,0.020254315808415413,nan,nan,nan,0.14052636921405792,nan,nan,nan
45,820,0.020251724869012833,0.00020824636158067733,1.0,0.0,0.0,0.0,1,227,0,0,0,0.020251724869012833,nan,nan,nan,0.14064715802669525,nan,nan,nan
45,840,0.02021603286266327,0.00020824636158067733,1.0,0.0,0.0,0.0,1,230,0,0,0,0.02021603286266327,nan,nan,nan,0.14102928340435028,nan,nan,nan
45,860,0.02022472769021988,0.00020824636158067733,1.0,0.0,0.0,0.0,1,223,0,0,0,0.02022472769021988,nan,nan,nan,0.14009803533554077,nan,nan,nan
45,880,0.020156243816018105,0.00020824636158067733,1.0,0.0,0.0,0.0,1,229,0,0,0,0.020156243816018105,nan,nan,nan,0.14092189073562622,nan,nan,nan
45,900,0.020145108923316002,0.00020824636158067733,1.0,0.0,0.0,0.0,1,230,0,0,0,0.020145108923316002,nan,nan,nan,0.14072875678539276,nan,nan,nan
45,920,0.02010885812342167,0.00020824636158067733,1.0,0.0,0.0,0.0,1,226,0,0,0,0.02010885812342167,nan,nan,nan,0.14041712880134583,nan,nan,nan
45,940,0.020253654569387436,0.00020824636158067733,1.0,0.0,0.0,0.0,1,228,0,0,0,0.020253654569387436,nan,nan,nan,0.13970142602920532,nan,nan,nan
45,960,0.020084861665964127,0.00020824636158067733,1.0,0.0,0.0,0.0,1,230,0,0,0,0.020084861665964127,nan,nan,nan,0.1401611864566803,nan,nan,nan
45,980,0.020132144913077354,0.00020824636158067733,1.0,0.0,0.0,0.0,1,227,0,0,0,0.020132144913077354,nan,nan,nan,0.14014646410942078,nan,nan,nan
45,1000,0.0200483575463295,0.00020824636158067733,1.0,0.0,0.0,0.0,1,228,0,0,0,0.0200483575463295,nan,nan,nan,0.13984397053718567,nan,nan,nan
45,1020,0.020049376413226128,0.00020824636158067733,1.0,0.0,0.0,0.0,1,230,0,0,0,0.020049376413226128,nan,nan,nan,0.1403142809867859,nan,nan,nan
45,1040,0.02006376162171364,0.00020824636158067733,1.0,0.0,0.0,0.0,1,233,0,0,0,0.02006376162171364,nan,nan,nan,0.14045119285583496,nan,nan,nan
45,1060,0.020057152956724167,0.00020824636158067733,1.0,0.0,0.0,0.0,1,228,0,0,0,0.020057152956724167,nan,nan,nan,0.14037467539310455,nan,nan,nan
45,1080,0.019999245181679726,0.00020824636158067733,1.0,0.0,0.0,0.0,1,232,0,0,0,0.019999245181679726,nan,nan,nan,0.14003106951713562,nan,nan,nan
45,1100,0.020133670419454575,0.00020824636158067733,1.0,0.0,0.0,0.0,1,222,0,0,0,0.020133670419454575,nan,nan,nan,0.13926567137241364,nan,nan,nan
45,1120,0.019987652078270912,0.00020824636158067733,1.0,0.0,0.0,0.0,1,228,0,0,0,0.019987652078270912,nan,nan,nan,0.13942061364650726,nan,nan,nan
45,1140,0.02001958154141903,0.00020824636158067733,1.0,0.0,0.0,0.0,1,228,0,0,0,0.02001958154141903,nan,nan,nan,0.13990963995456696,nan,nan,nan
45,1160,0.020019784569740295,0.00020824636158067733,1.0,0.0,0.0,0.0,1,232,0,0,0,0.020019784569740295,nan,nan,nan,0.1407225877046585,nan,nan,nan
45,1180,0.020004533231258392,0.00020824636158067733,1.0,0.0,0.0,0.0,1,226,0,0,0,0.020004533231258392,nan,nan,nan,0.13996344804763794,nan,nan,nan
45,1200,0.01996573992073536,0.00020824636158067733,1.0,0.0,0.0,0.0,1,227,0,0,0,0.01996573992073536,nan,nan,nan,0.139749675989151,nan,nan,nan
45,1220,0.01995491236448288,0.00020824636158067733,1.0,0.0,0.0,0.0,1,231,0,0,0,0.01995491236448288,nan,nan,nan,0.14062410593032837,nan,nan,nan
45,1240,0.01991281472146511,0.00020824636158067733,1.0,0.0,0.0,0.0,1,221,0,0,0,0.01991281472146511,nan,nan,nan,0.13958019018173218,nan,nan,nan
45,1260,0.01998007856309414,0.00020824636158067733,1.0,0.0,0.0,0.0,1,223,0,0,0,0.01998007856309414,nan,nan,nan,0.13931186497211456,nan,nan,nan
45,1280,0.01997240073978901,0.00020824636158067733,1.0,0.0,0.0,0.0,1,223,0,0,0,0.01997240073978901,nan,nan,nan,0.13917553424835205,nan,nan,nan
45,1300,0.019914695993065834,0.00020824636158067733,1.0,0.0,0.0,0.0,1,226,0,0,0,0.019914695993065834,nan,nan,nan,0.13986854255199432,nan,nan,nan
45,1320,0.01994575932621956,0.00020824636158067733,1.0,0.0,0.0,0.0,1,231,0,0,0,0.01994575932621956,nan,nan,nan,0.14069020748138428,nan,nan,nan
45,1340,0.01993386261165142,0.00020824636158067733,1.0,0.0,0.0,0.0,1,224,0,0,0,0.01993386261165142,nan,nan,nan,0.1397765725851059,nan,nan,nan
45,1360,0.019908899441361427,0.00020824636158067733,1.0,0.0,0.0,0.0,1,228,0,0,0,0.019908899441361427,nan,nan,nan,0.13951444625854492,nan,nan,nan
45,1380,0.01986263319849968,0.00020824636158067733,1.0,0.0,0.0,0.0,1,226,0,0,0,0.01986263319849968,nan,nan,nan,0.13948702812194824,nan,nan,nan
45,1400,0.01993330381810665,0.00020824636158067733,1.0,0.0,0.0,0.0,1,225,0,0,0,0.01993330381810665,nan,nan,nan,0.13861262798309326,nan,nan,nan
45,1420,0.019901221618056297,0.00020824636158067733,1.0,0.0,0.0,0.0,1,225,0,0,0,0.019901221618056297,nan,nan,nan,0.13916201889514923,nan,nan,nan
45,1440,0.0198686346411705,0.00020824636158067733,1.0,0.0,0.0,0.0,1,229,0,0,0,0.0198686346411705,nan,nan,nan,0.13996237516403198,nan,nan,nan
45,1460,0.01987081952393055,0.00020824636158067733,1.0,0.0,0.0,0.0,1,223,0,0,0,0.01987081952393055,nan,nan,nan,0.13920126855373383,nan,nan,nan
45,1480,0.019897205755114555,0.00020824636158067733,1.0,0.0,0.0,0.0,1,225,0,0,0,0.019897205755114555,nan,nan,nan,0.14000697433948517,nan,nan,nan
45,1500,0.01983741857111454,0.00020824636158067733,1.0,0.0,0.0,0.0,1,224,0,0,0,0.01983741857111454,nan,nan,nan,0.13953304290771484,nan,nan,nan
45,1520,0.019821707159280777,0.00020824636158067733,1.0,0.0,0.0,0.0,1,227,0,0,0,0.019821707159280777,nan,nan,nan,0.13954885303974152,nan,nan,nan
45,1540,0.019938133656978607,0.00020824636158067733,1.0,0.0,0.0,0.0,1,223,0,0,0,0.019938133656978607,nan,nan,nan,0.1385887861251831,nan,nan,nan
45,1560,0.019829943776130676,0.00020824636158067733,1.0,0.0,0.0,0.0,1,225,0,0,0,0.019829943776130676,nan,nan,nan,0.13923726975917816,nan,nan,nan
45,1580,0.01987234503030777,0.00020824636158067733,1.0,0.0,0.0,0.0,1,222,0,0,0,0.01987234503030777,nan,nan,nan,0.13890457153320312,nan,nan,nan
45,1600,0.019819773733615875,0.00020824636158067733,1.0,0.0,0.0,0.0,1,224,0,0,0,0.019819773733615875,nan,nan,nan,0.13929136097431183,nan,nan,nan
45,1620,0.019895020872354507,0.00020824636158067733,1.0,0.0,0.0,0.0,1,222,0,0,0,0.019895020872354507,nan,nan,nan,0.1383735090494156,nan,nan,nan
45,1640,0.019860297441482544,0.00020824636158067733,1.0,0.0,0.0,0.0,1,220,0,0,0,0.019860297441482544,nan,nan,nan,0.13847433030605316,nan,nan,nan
45,1660,0.019842451438307762,0.00020824636158067733,1.0,0.0,0.0,0.0,1,224,0,0,0,0.019842451438307762,nan,nan,nan,0.13931386172771454,nan,nan,nan
45,1680,0.01983029767870903,0.00020824636158067733,1.0,0.0,0.0,0.0,1,223,0,0,0,0.01983029767870903,nan,nan,nan,0.13971562683582306,nan,nan,nan
45,1700,0.01982160657644272,0.00020824636158067733,1.0,0.0,0.0,0.0,1,222,0,0,0,0.01982160657644272,nan,nan,nan,0.1393730491399765,nan,nan,nan
45,1720,0.019882971420884132,0.00020824636158067733,1.0,0.0,0.0,0.0,1,218,0,0,0,0.019882971420884132,nan,nan,nan,0.13850675523281097,nan,nan,nan
45,1740,0.019853990525007248,0.00020824636158067733,1.0,0.0,0.0,0.0,1,224,0,0,0,0.019853990525007248,nan,nan,nan,0.13905130326747894,nan,nan,nan
45,1760,0.01986105740070343,0.00020824636158067733,1.0,0.0,0.0,0.0,1,223,0,0,0,0.01986105740070343,nan,nan,nan,0.1383754312992096,nan,nan,nan
45,1780,0.019843364134430885,0.00020824636158067733,1.0,0.0,0.0,0.0,1,227,0,0,0,0.019843364134430885,nan,nan,nan,0.13870573043823242,nan,nan,nan
45,1800,0.019788457080721855,0.00020824636158067733,1.0,0.0,0.0,0.0,1,227,0,0,0,0.019788457080721855,nan,nan,nan,0.13928933441638947,nan,nan,nan
45,1820,0.019812555983662605,0.00020824636158067733,1.0,0.0,0.0,0.0,1,224,0,0,0,0.019812555983662605,nan,nan,nan,0.1390220671892166,nan,nan,nan
45,1840,0.0198102667927742,0.00020824636158067733,1.0,0.0,0.0,0.0,1,223,0,0,0,0.0198102667927742,nan,nan,nan,0.1389821171760559,nan,nan,nan
45,1860,0.01983701065182686,0.00020824636158067733,1.0,0.0,0.0,0.0,1,224,0,0,0,0.01983701065182686,nan,nan,nan,0.13930630683898926,nan,nan,nan
45,1880,0.01978149078786373,0.00020824636158067733,1.0,0.0,0.0,0.0,1,230,0,0,0,0.01978149078786373,nan,nan,nan,0.13945050537586212,nan,nan,nan
45,1900,0.019767815247178078,0.00020824636158067733,1.0,0.0,0.0,0.0,1,225,0,0,0,0.019767815247178078,nan,nan,nan,0.1392652839422226,nan,nan,nan
45,1920,0.01982058770954609,0.00020824636158067733,1.0,0.0,0.0,0.0,1,228,0,0,0,0.01982058770954609,nan,nan,nan,0.139206200838089,nan,nan,nan
45,1940,0.0197979137301445,0.00020824636158067733,1.0,0.0,0.0,0.0,1,226,0,0,0,0.0197979137301445,nan,nan,nan,0.13912031054496765,nan,nan,nan
45,1960,0.019810369238257408,0.00020824636158067733,1.0,0.0,0.0,0.0,1,226,0,0,0,0.019810369238257408,nan,nan,nan,0.13944804668426514,nan,nan,nan
45,1980,0.019801117479801178,0.00020824636158067733,1.0,0.0,0.0,0.0,1,222,0,0,0,0.019801117479801178,nan,nan,nan,0.13886424899101257,nan,nan,nan
45,2000,0.019814688712358475,0.00020824636158067733,1.0,0.0,0.0,0.0,1,233,0,0,0,0.019814688712358475,nan,nan,nan,0.13984982669353485,nan,nan,nan
46,0,0.30071061849594116,0.00020824636158067733,0.3060302734375,0.30035400390625,0.26641845703125,0.127197265625,4,700,644,593,498,0.19904209673404694,0.2817809581756592,0.37435483932495117,0.4357691705226898,0.4435431659221649,0.4174197316169739,0.39945417642593384,0.3682839572429657
46,20,0.2522159218788147,0.00020824636158067733,0.44036865234375,0.2843017578125,0.2186279296875,0.05670166015625,4,695,619,561,327,0.18258720636367798,0.25651493668556213,0.341294527053833,0.42796090245246887,0.4266863167285919,0.39265474677085876,0.3703913688659668,0.31254228949546814
46,40,0.20788219571113586,0.00020824636158067733,0.61126708984375,0.23065185546875,0.14166259765625,0.01641845703125,4,683,531,451,133,0.1626785695552826,0.23637603223323822,0.32769784331321716,0.45674464106559753,0.4022309184074402,0.34730401635169983,0.32709598541259766,0.23673662543296814
46,60,0.16549052298069,0.00020824636158067733,0.8011474609375,0.13970947265625,0.05633544921875,0.0028076171875,3,656,395,278,32,0.14133304357528687,0.23171383142471313,0.32773908972740173,0.5078935027122498,0.3708595335483551,0.28827860951423645,0.2723638415336609,0.14728569984436035
46,80,0.12431006133556366,0.00020824636158067733,0.9368896484375,0.0484619140625,0.0145263671875,0.0001220703125,3,614,203,113,2,0.11500513553619385,0.24095569550991058,0.3314456045627594,0.5821741819381714,0.3212892711162567,0.22296220064163208,0.20986469089984894,0.08414503186941147
46,100,0.09092649817466736,0.00020824636158067733,0.9783935546875,0.01666259765625,0.00494384765625,0.0,2,558,92,52,0,0.08677838742733002,0.25966256856918335,0.3431425392627716,nan,0.27835315465927124,0.16296999156475067,0.17120622098445892,nan
46,120,0.06712663918733597,0.00020824636158067733,0.99395751953125,0.00439453125,0.00164794921875,0.0,1,495,40,21,0,0.06579355150461197,0.2671063244342804,0.33789780735969543,nan,0.24504970014095306,0.12888069450855255,0.11381123214960098,nan
46,140,0.05117809772491455,0.00020824636158067733,0.99871826171875,0.0006103515625,0.00067138671875,0.0,1,442,9,11,0,0.050836335867643356,0.29770931601524353,0.3354549705982208,nan,0.21875104308128357,0.10744854807853699,0.08780825138092041,nan
46,160,0.04117392376065254,0.00020824636158067733,0.99969482421875,0.0,0.00030517578125,0.0,1,388,0,4,0,0.04107731208205223,nan,0.3576427102088928,nan,0.197048619389534,nan,0.07481756061315536,nan
46,180,0.03519037738442421,0.00020824636158067733,0.9998779296875,0.0,0.0001220703125,0.0,1,350,0,2,0,0.03515060245990753,nan,0.36097463965415955,nan,0.1839233934879303,nan,0.040816307067871094,nan
46,200,0.0314050167798996,0.00020824636158067733,1.0,0.0,0.0,0.0,1,322,0,0,0,0.0314050167798996,nan,nan,nan,0.17427508533000946,nan,nan,nan
46,220,0.028880532830953598,0.00020824636158067733,1.0,0.0,0.0,0.0,1,304,0,0,0,0.028880532830953598,nan,nan,nan,0.1675124168395996,nan,nan,nan
46,240,0.027065036818385124,0.00020824636158067733,1.0,0.0,0.0,0.0,1,294,0,0,0,0.027065036818385124,nan,nan,nan,0.1634216606616974,nan,nan,nan
46,260,0.02568855695426464,0.00020824636158067733,1.0,0.0,0.0,0.0,1,277,0,0,0,0.02568855695426464,nan,nan,nan,0.1577482521533966,nan,nan,nan
46,280,0.024743719026446342,0.00020824636158067733,1.0,0.0,0.0,0.0,1,265,0,0,0,0.024743719026446342,nan,nan,nan,0.1541534811258316,nan,nan,nan
46,300,0.023914191871881485,0.00020824636158067733,1.0,0.0,0.0,0.0,1,264,0,0,0,0.023914191871881485,nan,nan,nan,0.15264686942100525,nan,nan,nan
46,320,0.023226406425237656,0.00020824636158067733,1.0,0.0,0.0,0.0,1,258,0,0,0,0.023226406425237656,nan,nan,nan,0.15088017284870148,nan,nan,nan
46,340,0.02274153009057045,0.00020824636158067733,1.0,0.0,0.0,0.0,1,258,0,0,0,0.02274153009057045,nan,nan,nan,0.14928269386291504,nan,nan,nan
46,360,0.02243887260556221,0.00020824636158067733,1.0,0.0,0.0,0.0,1,250,0,0,0,0.02243887260556221,nan,nan,nan,0.1483326405286789,nan,nan,nan
46,380,0.022030716761946678,0.00020824636158067733,1.0,0.0,0.0,0.0,1,254,0,0,0,0.022030716761946678,nan,nan,nan,0.14708790183067322,nan,nan,nan
46,400,0.02171875350177288,0.00020824636158067733,1.0,0.0,0.0,0.0,1,250,0,0,0,0.02171875350177288,nan,nan,nan,0.14619414508342743,nan,nan,nan
46,420,0.021513253450393677,0.00020824636158067733,1.0,0.0,0.0,0.0,1,244,0,0,0,0.021513253450393677,nan,nan,nan,0.1444132924079895,nan,nan,nan
46,440,0.02140536718070507,0.00020824636158067733,1.0,0.0,0.0,0.0,1,244,0,0,0,0.02140536718070507,nan,nan,nan,0.14510799944400787,nan,nan,nan
46,460,0.021271858364343643,0.00020824636158067733,1.0,0.0,0.0,0.0,1,237,0,0,0,0.021271858364343643,nan,nan,nan,0.1429978311061859,nan,nan,nan
46,480,0.021062593907117844,0.00020824636158067733,1.0,0.0,0.0,0.0,1,241,0,0,0,0.021062593907117844,nan,nan,nan,0.14328539371490479,nan,nan,nan
46,500,0.020924966782331467,0.00020824636158067733,1.0,0.0,0.0,0.0,1,240,0,0,0,0.020924966782331467,nan,nan,nan,0.14365443587303162,nan,nan,nan
46,520,0.020842451602220535,0.00020824636158067733,1.0,0.0,0.0,0.0,1,237,0,0,0,0.020842451602220535,nan,nan,nan,0.143564373254776,nan,nan,nan
46,540,0.020700298249721527,0.00020824636158067733,1.0,0.0,0.0,0.0,1,232,0,0,0,0.020700298249721527,nan,nan,nan,0.14227837324142456,nan,nan,nan
46,560,0.020640455186367035,0.00020824636158067733,1.0,0.0,0.0,0.0,1,236,0,0,0,0.020640455186367035,nan,nan,nan,0.14186209440231323,nan,nan,nan
46,580,0.020608732476830482,0.00020824636158067733,1.0,0.0,0.0,0.0,1,230,0,0,0,0.020608732476830482,nan,nan,nan,0.14102216064929962,nan,nan,nan
46,600,0.020534757524728775,0.00020824636158067733,1.0,0.0,0.0,0.0,1,235,0,0,0,0.020534757524728775,nan,nan,nan,0.14141273498535156,nan,nan,nan
46,620,0.020487729460000992,0.00020824636158067733,1.0,0.0,0.0,0.0,1,238,0,0,0,0.020487729460000992,nan,nan,nan,0.14259885251522064,nan,nan,nan
46,640,0.020390722900629044,0.00020824636158067733,1.0,0.0,0.0,0.0,1,236,0,0,0,0.020390722900629044,nan,nan,nan,0.14148207008838654,nan,nan,nan
46,660,0.02033957839012146,0.00020824636158067733,1.0,0.0,0.0,0.0,1,232,0,0,0,0.02033957839012146,nan,nan,nan,0.14070875942707062,nan,nan,nan
46,680,0.02034872956573963,0.00020824636158067733,1.0,0.0,0.0,0.0,1,235,0,0,0,0.02034872956573963,nan,nan,nan,0.14102555811405182,nan,nan,nan
46,700,0.020288076251745224,0.00020824636158067733,1.0,0.0,0.0,0.0,1,237,0,0,0,0.020288076251745224,nan,nan,nan,0.1414806991815567,nan,nan,nan
46,720,0.020350966602563858,0.00020824636158067733,1.0,0.0,0.0,0.0,1,232,0,0,0,0.020350966602563858,nan,nan,nan,0.1402425765991211,nan,nan,nan
46,740,0.020267024636268616,0.00020824636158067733,1.0,0.0,0.0,0.0,1,231,0,0,0,0.020267024636268616,nan,nan,nan,0.1406242698431015,nan,nan,nan
46,760,0.02018923871219158,0.00020824636158067733,1.0,0.0,0.0,0.0,1,234,0,0,0,0.02018923871219158,nan,nan,nan,0.14118584990501404,nan,nan,nan
46,780,0.020158175379037857,0.00020824636158067733,1.0,0.0,0.0,0.0,1,233,0,0,0,0.020158175379037857,nan,nan,nan,0.14076457917690277,nan,nan,nan
46,800,0.020107638090848923,0.00020824636158067733,1.0,0.0,0.0,0.0,1,229,0,0,0,0.020107638090848923,nan,nan,nan,0.14009706676006317,nan,nan,nan
46,820,0.020118266344070435,0.00020824636158067733,1.0,0.0,0.0,0.0,1,231,0,0,0,0.020118266344070435,nan,nan,nan,0.14032238721847534,nan,nan,nan
46,840,0.02009548619389534,0.00020824636158067733,1.0,0.0,0.0,0.0,1,234,0,0,0,0.02009548619389534,nan,nan,nan,0.14053130149841309,nan,nan,nan
46,860,0.02007296495139599,0.00020824636158067733,1.0,0.0,0.0,0.0,1,231,0,0,0,0.02007296495139599,nan,nan,nan,0.14007391035556793,nan,nan,nan
46,880,0.020037325099110603,0.00020824636158067733,1.0,0.0,0.0,0.0,1,228,0,0,0,0.020037325099110603,nan,nan,nan,0.14031758904457092,nan,nan,nan
46,900,0.020068541169166565,0.00020824636158067733,1.0,0.0,0.0,0.0,1,233,0,0,0,0.020068541169166565,nan,nan,nan,0.14029227197170258,nan,nan,nan
46,920,0.020032139495015144,0.00020824636158067733,1.0,0.0,0.0,0.0,1,225,0,0,0,0.020032139495015144,nan,nan,nan,0.13960087299346924,nan,nan,nan
46,940,0.020035546272993088,0.00020824636158067733,1.0,0.0,0.0,0.0,1,232,0,0,0,0.020035546272993088,nan,nan,nan,0.140032097697258,nan,nan,nan
46,960,0.020015615969896317,0.00020824636158067733,1.0,0.0,0.0,0.0,1,232,0,0,0,0.020015615969896317,nan,nan,nan,0.14007814228534698,nan,nan,nan
46,980,0.020025072619318962,0.00020824636158067733,1.0,0.0,0.0,0.0,1,229,0,0,0,0.020025072619318962,nan,nan,nan,0.13875819742679596,nan,nan,nan
46,1000,0.01997443474829197,0.00020824636158067733,1.0,0.0,0.0,0.0,1,230,0,0,0,0.01997443474829197,nan,nan,nan,0.13955487310886383,nan,nan,nan
46,1020,0.020017292350530624,0.00020824636158067733,1.0,0.0,0.0,0.0,1,229,0,0,0,0.020017292350530624,nan,nan,nan,0.13913221657276154,nan,nan,nan
46,1040,0.01999395526945591,0.00020824636158067733,1.0,0.0,0.0,0.0,1,230,0,0,0,0.01999395526945591,nan,nan,nan,0.13906119763851166,nan,nan,nan
46,1060,0.020018616691231728,0.00020824636158067733,1.0,0.0,0.0,0.0,1,231,0,0,0,0.020018616691231728,nan,nan,nan,0.13875386118888855,nan,nan,nan
46,1080,0.019930914044380188,0.00020824636158067733,1.0,0.0,0.0,0.0,1,231,0,0,0,0.019930914044380188,nan,nan,nan,0.13991113007068634,nan,nan,nan
46,1100,0.019920848309993744,0.00020824636158067733,1.0,0.0,0.0,0.0,1,229,0,0,0,0.019920848309993744,nan,nan,nan,0.13935121893882751,nan,nan,nan
46,1120,0.019941437989473343,0.00020824636158067733,1.0,0.0,0.0,0.0,1,233,0,0,0,0.019941437989473343,nan,nan,nan,0.14041076600551605,nan,nan,nan
46,1140,0.019978856667876244,0.00020824636158067733,1.0,0.0,0.0,0.0,1,232,0,0,0,0.019978856667876244,nan,nan,nan,0.14087019860744476,nan,nan,nan
46,1160,0.019990041851997375,0.00020824636158067733,1.0,0.0,0.0,0.0,1,229,0,0,0,0.019990041851997375,nan,nan,nan,0.14035676419734955,nan,nan,nan
46,1180,0.01993335410952568,0.00020824636158067733,1.0,0.0,0.0,0.0,1,232,0,0,0,0.01993335410952568,nan,nan,nan,0.13921260833740234,nan,nan,nan
46,1200,0.01990315690636635,0.00020824636158067733,1.0,0.0,0.0,0.0,1,228,0,0,0,0.01990315690636635,nan,nan,nan,0.1391259729862213,nan,nan,nan
46,1220,0.019905900582671165,0.00020824636158067733,1.0,0.0,0.0,0.0,1,233,0,0,0,0.019905900582671165,nan,nan,nan,0.1401791125535965,nan,nan,nan
46,1240,0.01987341232597828,0.00020824636158067733,1.0,0.0,0.0,0.0,1,227,0,0,0,0.01987341232597828,nan,nan,nan,0.13985379040241241,nan,nan,nan
46,1260,0.019863802939653397,0.00020824636158067733,1.0,0.0,0.0,0.0,1,234,0,0,0,0.019863802939653397,nan,nan,nan,0.13951735198497772,nan,nan,nan
46,1280,0.019869904965162277,0.00020824636158067733,1.0,0.0,0.0,0.0,1,231,0,0,0,0.019869904965162277,nan,nan,nan,0.13947993516921997,nan,nan,nan
46,1300,0.019861971959471703,0.00020824636158067733,1.0,0.0,0.0,0.0,1,224,0,0,0,0.019861971959471703,nan,nan,nan,0.13896077871322632,nan,nan,nan
46,1320,0.0198657363653183,0.00020824636158067733,1.0,0.0,0.0,0.0,1,226,0,0,0,0.0198657363653183,nan,nan,nan,0.13950903713703156,nan,nan,nan
46,1340,0.019850431010127068,0.00020824636158067733,1.0,0.0,0.0,0.0,1,230,0,0,0,0.019850431010127068,nan,nan,nan,0.13967393338680267,nan,nan,nan
46,1360,0.01985124684870243,0.00020824636158067733,1.0,0.0,0.0,0.0,1,230,0,0,0,0.01985124684870243,nan,nan,nan,0.13944284617900848,nan,nan,nan
46,1380,0.019833551719784737,0.00020824636158067733,1.0,0.0,0.0,0.0,1,230,0,0,0,0.019833551719784737,nan,nan,nan,0.1393071711063385,nan,nan,nan
46,1400,0.019897764548659325,0.00020824636158067733,1.0,0.0,0.0,0.0,1,232,0,0,0,0.019897764548659325,nan,nan,nan,0.14036723971366882,nan,nan,nan
46,1420,0.019880782812833786,0.00020824636158067733,1.0,0.0,0.0,0.0,1,228,0,0,0,0.019880782812833786,nan,nan,nan,0.13989312946796417,nan,nan,nan
46,1440,0.019875753670930862,0.00020824636158067733,1.0,0.0,0.0,0.0,1,224,0,0,0,0.019875753670930862,nan,nan,nan,0.13882789015769958,nan,nan,nan
46,1460,0.019821148365736008,0.00020824636158067733,1.0,0.0,0.0,0.0,1,229,0,0,0,0.019821148365736008,nan,nan,nan,0.13924281299114227,nan,nan,nan
46,1480,0.019830653443932533,0.00020824636158067733,1.0,0.0,0.0,0.0,1,234,0,0,0,0.019830653443932533,nan,nan,nan,0.13949061930179596,nan,nan,nan
46,1500,0.01981377601623535,0.00020824636158067733,1.0,0.0,0.0,0.0,1,225,0,0,0,0.01981377601623535,nan,nan,nan,0.13886982202529907,nan,nan,nan
46,1520,0.0198467206209898,0.00020824636158067733,1.0,0.0,0.0,0.0,1,227,0,0,0,0.0198467206209898,nan,nan,nan,0.13982512056827545,nan,nan,nan
46,1540,0.019838891923427582,0.00020824636158067733,1.0,0.0,0.0,0.0,1,222,0,0,0,0.019838891923427582,nan,nan,nan,0.13891959190368652,nan,nan,nan
46,1560,0.019792523235082626,0.00020824636158067733,1.0,0.0,0.0,0.0,1,228,0,0,0,0.019792523235082626,nan,nan,nan,0.13969305157661438,nan,nan,nan
46,1580,0.01982831582427025,0.00020824636158067733,1.0,0.0,0.0,0.0,1,228,0,0,0,0.01982831582427025,nan,nan,nan,0.13987334072589874,nan,nan,nan
46,1600,0.019816622138023376,0.00020824636158067733,1.0,0.0,0.0,0.0,1,226,0,0,0,0.019816622138023376,nan,nan,nan,0.13962985575199127,nan,nan,nan
46,1620,0.019842449575662613,0.00020824636158067733,1.0,0.0,0.0,0.0,1,226,0,0,0,0.019842449575662613,nan,nan,nan,0.13950107991695404,nan,nan,nan
46,1640,0.019812555983662605,0.00020824636158067733,1.0,0.0,0.0,0.0,1,226,0,0,0,0.019812555983662605,nan,nan,nan,0.13869032263755798,nan,nan,nan
46,1660,0.019773662090301514,0.00020824636158067733,1.0,0.0,0.0,0.0,1,226,0,0,0,0.019773662090301514,nan,nan,nan,0.13892695307731628,nan,nan,nan
46,1680,0.01982206478714943,0.00020824636158067733,1.0,0.0,0.0,0.0,1,226,0,0,0,0.01982206478714943,nan,nan,nan,0.13963067531585693,nan,nan,nan
46,1700,0.019787389785051346,0.00020824636158067733,1.0,0.0,0.0,0.0,1,225,0,0,0,0.019787389785051346,nan,nan,nan,0.1390370875597,nan,nan,nan
46,1720,0.019795523956418037,0.00020824636158067733,1.0,0.0,0.0,0.0,1,227,0,0,0,0.019795523956418037,nan,nan,nan,0.13905632495880127,nan,nan,nan
46,1740,0.01977238990366459,0.00020824636158067733,1.0,0.0,0.0,0.0,1,224,0,0,0,0.01977238990366459,nan,nan,nan,0.13893048465251923,nan,nan,nan
46,1760,0.019803911447525024,0.00020824636158067733,1.0,0.0,0.0,0.0,1,223,0,0,0,0.019803911447525024,nan,nan,nan,0.13869255781173706,nan,nan,nan
46,1780,0.019785964861512184,0.00020824636158067733,1.0,0.0,0.0,0.0,1,231,0,0,0,0.019785964861512184,nan,nan,nan,0.13982297480106354,nan,nan,nan
46,1800,0.019770151004195213,0.00020824636158067733,1.0,0.0,0.0,0.0,1,226,0,0,0,0.019770151004195213,nan,nan,nan,0.13909149169921875,nan,nan,nan
46,1820,0.019776813685894012,0.00020824636158067733,1.0,0.0,0.0,0.0,1,226,0,0,0,0.019776813685894012,nan,nan,nan,0.13938714563846588,nan,nan,nan
46,1840,0.019811639562249184,0.00020824636158067733,1.0,0.0,0.0,0.0,1,229,0,0,0,0.019811639562249184,nan,nan,nan,0.139618918299675,nan,nan,nan
46,1860,0.019797708839178085,0.00020824636158067733,1.0,0.0,0.0,0.0,1,228,0,0,0,0.019797708839178085,nan,nan,nan,0.1393660306930542,nan,nan,nan
46,1880,0.019800454378128052,0.00020824636158067733,1.0,0.0,0.0,0.0,1,229,0,0,0,0.019800454378128052,nan,nan,nan,0.13947048783302307,nan,nan,nan
46,1900,0.019847482442855835,0.00020824636158067733,1.0,0.0,0.0,0.0,1,233,0,0,0,0.019847482442855835,nan,nan,nan,0.14016278088092804,nan,nan,nan
46,1920,0.019765831530094147,0.00020824636158067733,1.0,0.0,0.0,0.0,1,227,0,0,0,0.019765831530094147,nan,nan,nan,0.13944488763809204,nan,nan,nan
46,1940,0.019806403666734695,0.00020824636158067733,1.0,0.0,0.0,0.0,1,226,0,0,0,0.019806403666734695,nan,nan,nan,0.13931067287921906,nan,nan,nan
46,1960,0.019830960780382156,0.00020824636158067733,1.0,0.0,0.0,0.0,1,230,0,0,0,0.019830960780382156,nan,nan,nan,0.1393958181142807,nan,nan,nan
46,1980,0.01981179229915142,0.00020824636158067733,1.0,0.0,0.0,0.0,1,231,0,0,0,0.01981179229915142,nan,nan,nan,0.1400243639945984,nan,nan,nan
46,2000,0.019747326150536537,0.00020824636158067733,1.0,0.0,0.0,0.0,1,226,0,0,0,0.019747326150536537,nan,nan,nan,0.13907171785831451,nan,nan,nan
47,0,0.3152732253074646,0.00020824636158067733,0.34246826171875,0.3037109375,0.18170166015625,0.172119140625,4,698,644,585,540,0.20985594391822815,0.3003511130809784,0.3891136646270752,0.4734029471874237,0.4417111277580261,0.4298342168331146,0.4128992557525635,0.3897148072719574
47,20,0.265200674533844,0.00020824636158067733,0.47174072265625,0.2706298828125,0.1549072265625,0.10272216796875,4,697,633,570,490,0.1936522275209427,0.2734287977218628,0.3568503260612488,0.4338918924331665,0.4244803190231323,0.40665754675865173,0.3928559124469757,0.36576876044273376
47,40,0.2253064215183258,0.00020824636158067733,0.62969970703125,0.20562744140625,0.1151123046875,0.049560546875,4,695,576,508,346,0.17827901244163513,0.2558501064777374,0.3405801057815552,0.4283527433872223,0.40149086713790894,0.37511658668518066,0.363990843296051,0.32958418130874634
47,60,0.18962708115577698,0.00020824636158067733,0.7862548828125,0.12164306640625,0.0748291015625,0.01727294921875,4,676,449,400,169,0.1613348424434662,0.25080156326293945,0.3299896717071533,0.4385870099067688,0.37518489360809326,0.3353276550769806,0.3257424831390381,0.27194347977638245
47,80,0.15522241592407227,0.00020824636158067733,0.8895263671875,0.05694580078125,0.048583984375,0.00494384765625,3,652,292,298,59,0.1383066177368164,0.24775932729244232,0.3241296112537384,0.47304779291152954,0.3458230495452881,0.28618213534355164,0.29204776883125305,0.21151059865951538
47,100,0.12423451989889145,0.00020824636158067733,0.9425048828125,0.02691650390625,0.02978515625,0.00079345703125,3,617,171,205,11,0.1138591468334198,0.2596108615398407,0.3189719319343567,0.5460673570632935,0.3148179054260254,0.2460341602563858,0.25387781858444214,0.13921380043029785
47,120,0.09810344874858856,0.00020824636158067733,0.972412109375,0.011474609375,0.01611328125,0.0,3,573,87,128,0,0.09245076030492783,0.26697832345962524,0.3189750611782074,nan,0.2828528881072998,0.19714075326919556,0.21604780852794647,nan
47,140,0.07637829333543777,0.00020824636158067733,0.98809814453125,0.00299072265625,0.0089111328125,0.0,1,533,30,78,0,0.07354505360126495,0.28926214575767517,0.3190913796424866,nan,0.25738275051116943,0.16318880021572113,0.17237488925457,nan
47,160,0.059220246970653534,0.00020824636158067733,0.99639892578125,0.0003662109375,0.00323486328125,0.0,1,488,6,37,0,0.05830644816160202,0.2686103284358978,0.31698352098464966,nan,0.23323661088943481,0.06699901819229126,0.13333967328071594,nan
47,180,0.04692511260509491,0.00020824636158067733,0.9990234375,0.0,0.0009765625,0.0,1,424,0,15,0,0.04664911702275276,nan,0.3292691111564636,nan,0.20901255309581757,nan,0.10552102327346802,nan
47,200,0.03914756700396538,0.00020824636158067733,0.9998779296875,0.0,0.0001220703125,0.0,1,370,0,2,0,0.03911229968070984,nan,0.328071653842926,nan,0.1914546638727188,nan,0.04563407227396965,nan
47,220,0.03390876203775406,0.00020824636158067733,0.99993896484375,0.0,6.103515625e-05,0.0,1,331,0,1,0,0.033888187259435654,nan,0.3709704875946045,nan,0.18059667944908142,nan,0.0,nan
47,240,0.030483920127153397,0.00020824636158067733,1.0,0.0,0.0,0.0,1,308,0,0,0,0.030483920127153397,nan,nan,nan,0.17149193584918976,nan,nan,nan
47,260,0.028281673789024353,0.00020824636158067733,1.0,0.0,0.0,0.0,1,288,0,0,0,0.028281673789024353,nan,nan,nan,0.16490112245082855,nan,nan,nan
47,280,0.02665540762245655,0.00020824636158067733,1.0,0.0,0.0,0.0,1,270,0,0,0,0.02665540762245655,nan,nan,nan,0.15993934869766235,nan,nan,nan
47,300,0.025584686547517776,0.00020824636158067733,1.0,0.0,0.0,0.0,1,262,0,0,0,0.025584686547517776,nan,nan,nan,0.15522333979606628,nan,nan,nan
47,320,0.02461463399231434,0.00020824636158067733,1.0,0.0,0.0,0.0,1,253,0,0,0,0.02461463399231434,nan,nan,nan,0.15428698062896729,nan,nan,nan
47,340,0.02398780547082424,0.00020824636158067733,1.0,0.0,0.0,0.0,1,254,0,0,0,0.02398780547082424,nan,nan,nan,0.15254539251327515,nan,nan,nan
47,360,0.023299261927604675,0.00020824636158067733,1.0,0.0,0.0,0.0,1,253,0,0,0,0.023299261927604675,nan,nan,nan,0.15169571340084076,nan,nan,nan
47,380,0.022838130593299866,0.00020824636158067733,1.0,0.0,0.0,0.0,1,248,0,0,0,0.022838130593299866,nan,nan,nan,0.14909496903419495,nan,nan,nan
47,400,0.022414619103074074,0.00020824636158067733,1.0,0.0,0.0,0.0,1,245,0,0,0,0.022414619103074074,nan,nan,nan,0.14788910746574402,nan,nan,nan
47,420,0.0220506452023983,0.00020824636158067733,1.0,0.0,0.0,0.0,1,239,0,0,0,0.0220506452023983,nan,nan,nan,0.14693529903888702,nan,nan,nan
47,440,0.021914036944508553,0.00020824636158067733,1.0,0.0,0.0,0.0,1,240,0,0,0,0.021914036944508553,nan,nan,nan,0.14509759843349457,nan,nan,nan
47,460,0.021545689553022385,0.00020824636158067733,1.0,0.0,0.0,0.0,1,237,0,0,0,0.021545689553022385,nan,nan,nan,0.14440394937992096,nan,nan,nan
47,480,0.021404758095741272,0.00020824636158067733,1.0,0.0,0.0,0.0,1,235,0,0,0,0.021404758095741272,nan,nan,nan,0.14466612040996552,nan,nan,nan
47,500,0.021191732957959175,0.00020824636158067733,1.0,0.0,0.0,0.0,1,236,0,0,0,0.021191732957959175,nan,nan,nan,0.14399029314517975,nan,nan,nan
47,520,0.021057458594441414,0.00020824636158067733,1.0,0.0,0.0,0.0,1,233,0,0,0,0.021057458594441414,nan,nan,nan,0.14330384135246277,nan,nan,nan
47,540,0.020952370017766953,0.00020824636158067733,1.0,0.0,0.0,0.0,1,232,0,0,0,0.020952370017766953,nan,nan,nan,0.14269602298736572,nan,nan,nan
47,560,0.020851347595453262,0.00020824636158067733,1.0,0.0,0.0,0.0,1,231,0,0,0,0.020851347595453262,nan,nan,nan,0.142733633518219,nan,nan,nan
47,580,0.02073654904961586,0.00020824636158067733,1.0,0.0,0.0,0.0,1,234,0,0,0,0.02073654904961586,nan,nan,nan,0.14296290278434753,nan,nan,nan
47,600,0.020675791427493095,0.00020824636158067733,1.0,0.0,0.0,0.0,1,231,0,0,0,0.020675791427493095,nan,nan,nan,0.14179378747940063,nan,nan,nan
47,620,0.02058168314397335,0.00020824636158067733,1.0,0.0,0.0,0.0,1,230,0,0,0,0.02058168314397335,nan,nan,nan,0.14162039756774902,nan,nan,nan
47,640,0.02053770422935486,0.00020824636158067733,1.0,0.0,0.0,0.0,1,233,0,0,0,0.02053770422935486,nan,nan,nan,0.14232094585895538,nan,nan,nan
47,660,0.020471258088946342,0.00020824636158067733,1.0,0.0,0.0,0.0,1,231,0,0,0,0.020471258088946342,nan,nan,nan,0.14213500916957855,nan,nan,nan
47,680,0.020582905039191246,0.00020824636158067733,1.0,0.0,0.0,0.0,1,224,0,0,0,0.020582905039191246,nan,nan,nan,0.14000973105430603,nan,nan,nan
47,700,0.020497897639870644,0.00020824636158067733,1.0,0.0,0.0,0.0,1,229,0,0,0,0.020497897639870644,nan,nan,nan,0.14038501679897308,nan,nan,nan
47,720,0.02033805288374424,0.00020824636158067733,1.0,0.0,0.0,0.0,1,231,0,0,0,0.02033805288374424,nan,nan,nan,0.14084047079086304,nan,nan,nan
47,740,0.020284466445446014,0.00020824636158067733,1.0,0.0,0.0,0.0,1,229,0,0,0,0.020284466445446014,nan,nan,nan,0.14112277328968048,nan,nan,nan
47,760,0.020261434838175774,0.00020824636158067733,1.0,0.0,0.0,0.0,1,227,0,0,0,0.020261434838175774,nan,nan,nan,0.14105747640132904,nan,nan,nan
47,780,0.02028532885015011,0.00020824636158067733,1.0,0.0,0.0,0.0,1,234,0,0,0,0.02028532885015011,nan,nan,nan,0.1420537382364273,nan,nan,nan
47,800,0.020203474909067154,0.00020824636158067733,1.0,0.0,0.0,0.0,1,232,0,0,0,0.020203474909067154,nan,nan,nan,0.14104428887367249,nan,nan,nan
47,820,0.020191730931401253,0.00020824636158067733,1.0,0.0,0.0,0.0,1,229,0,0,0,0.020191730931401253,nan,nan,nan,0.1407185196876526,nan,nan,nan
47,840,0.020163308829069138,0.00020824636158067733,1.0,0.0,0.0,0.0,1,232,0,0,0,0.020163308829069138,nan,nan,nan,0.14043383300304413,nan,nan,nan
47,860,0.020131535828113556,0.00020824636158067733,1.0,0.0,0.0,0.0,1,233,0,0,0,0.020131535828113556,nan,nan,nan,0.14065615832805634,nan,nan,nan
47,880,0.02010311372578144,0.00020824636158067733,1.0,0.0,0.0,0.0,1,233,0,0,0,0.02010311372578144,nan,nan,nan,0.14024247229099274,nan,nan,nan
47,900,0.020052220672369003,0.00020824636158067733,1.0,0.0,0.0,0.0,1,229,0,0,0,0.020052220672369003,nan,nan,nan,0.1402587890625,nan,nan,nan
47,920,0.020082522183656693,0.00020824636158067733,1.0,0.0,0.0,0.0,1,226,0,0,0,0.020082522183656693,nan,nan,nan,0.1396930068731308,nan,nan,nan
47,940,0.020046882331371307,0.00020824636158067733,1.0,0.0,0.0,0.0,1,225,0,0,0,0.020046882331371307,nan,nan,nan,0.13968998193740845,nan,nan,nan
47,960,0.02002929151058197,0.00020824636158067733,1.0,0.0,0.0,0.0,1,227,0,0,0,0.02002929151058197,nan,nan,nan,0.1401291936635971,nan,nan,nan
47,980,0.02006767876446247,0.00020824636158067733,1.0,0.0,0.0,0.0,1,228,0,0,0,0.02006767876446247,nan,nan,nan,0.13909409940242767,nan,nan,nan
47,1000,0.02000311017036438,0.00020824636158067733,1.0,0.0,0.0,0.0,1,228,0,0,0,0.02000311017036438,nan,nan,nan,0.1396578699350357,nan,nan,nan
47,1020,0.020022021606564522,0.00020824636158067733,1.0,0.0,0.0,0.0,1,227,0,0,0,0.020022021606564522,nan,nan,nan,0.13956975936889648,nan,nan,nan
47,1040,0.019988110288977623,0.00020824636158067733,1.0,0.0,0.0,0.0,1,231,0,0,0,0.019988110288977623,nan,nan,nan,0.13953731954097748,nan,nan,nan
47,1060,0.019962128251791,0.00020824636158067733,1.0,0.0,0.0,0.0,1,232,0,0,0,0.019962128251791,nan,nan,nan,0.1401003748178482,nan,nan,nan
47,1080,0.019979367032647133,0.00020824636158067733,1.0,0.0,0.0,0.0,1,228,0,0,0,0.019979367032647133,nan,nan,nan,0.13939492404460907,nan,nan,nan
47,1100,0.0199738759547472,0.00020824636158067733,1.0,0.0,0.0,0.0,1,228,0,0,0,0.0199738759547472,nan,nan,nan,0.1402050405740738,nan,nan,nan
47,1120,0.01995130069553852,0.00020824636158067733,1.0,0.0,0.0,0.0,1,229,0,0,0,0.01995130069553852,nan,nan,nan,0.1392357498407364,nan,nan,nan
47,1140,0.019920846447348595,0.00020824636158067733,1.0,0.0,0.0,0.0,1,224,0,0,0,0.019920846447348595,nan,nan,nan,0.14012566208839417,nan,nan,nan
47,1160,0.019932692870497704,0.00020824636158067733,1.0,0.0,0.0,0.0,1,226,0,0,0,0.019932692870497704,nan,nan,nan,0.13969875872135162,nan,nan,nan
47,1180,0.019935185089707375,0.00020824636158067733,1.0,0.0,0.0,0.0,1,227,0,0,0,0.019935185089707375,nan,nan,nan,0.13901212811470032,nan,nan,nan
47,1200,0.01996924728155136,0.00020824636158067733,1.0,0.0,0.0,0.0,1,223,0,0,0,0.01996924728155136,nan,nan,nan,0.13902120292186737,nan,nan,nan
47,1220,0.01993549056351185,0.00020824636158067733,1.0,0.0,0.0,0.0,1,222,0,0,0,0.01993549056351185,nan,nan,nan,0.13873951137065887,nan,nan,nan
47,1240,0.01987753063440323,0.00020824636158067733,1.0,0.0,0.0,0.0,1,222,0,0,0,0.01987753063440323,nan,nan,nan,0.13902923464775085,nan,nan,nan
47,1260,0.01987534575164318,0.00020824636158067733,1.0,0.0,0.0,0.0,1,226,0,0,0,0.01987534575164318,nan,nan,nan,0.13949835300445557,nan,nan,nan
47,1280,0.019904017448425293,0.00020824636158067733,1.0,0.0,0.0,0.0,1,223,0,0,0,0.019904017448425293,nan,nan,nan,0.13887669146060944,nan,nan,nan
47,1300,0.01991754211485386,0.00020824636158067733,1.0,0.0,0.0,0.0,1,225,0,0,0,0.01991754211485386,nan,nan,nan,0.13857030868530273,nan,nan,nan
47,1320,0.01988876610994339,0.00020824636158067733,1.0,0.0,0.0,0.0,1,223,0,0,0,0.01988876610994339,nan,nan,nan,0.13891854882240295,nan,nan,nan
47,1340,0.01987747848033905,0.00020824636158067733,1.0,0.0,0.0,0.0,1,227,0,0,0,0.01987747848033905,nan,nan,nan,0.13928186893463135,nan,nan,nan
47,1360,0.01988149620592594,0.00020824636158067733,1.0,0.0,0.0,0.0,1,224,0,0,0,0.01988149620592594,nan,nan,nan,0.13861685991287231,nan,nan,nan
47,1380,0.01988418959081173,0.00020824636158067733,1.0,0.0,0.0,0.0,1,225,0,0,0,0.01988418959081173,nan,nan,nan,0.13870811462402344,nan,nan,nan
47,1400,0.019838228821754456,0.00020824636158067733,1.0,0.0,0.0,0.0,1,227,0,0,0,0.019838228821754456,nan,nan,nan,0.13965120911598206,nan,nan,nan
47,1420,0.01985546573996544,0.00020824636158067733,1.0,0.0,0.0,0.0,1,228,0,0,0,0.01985546573996544,nan,nan,nan,0.14006885886192322,nan,nan,nan
47,1440,0.019836196675896645,0.00020824636158067733,1.0,0.0,0.0,0.0,1,224,0,0,0,0.019836196675896645,nan,nan,nan,0.13972537219524384,nan,nan,nan
47,1460,0.019826484844088554,0.00020824636158067733,1.0,0.0,0.0,0.0,1,222,0,0,0,0.019826484844088554,nan,nan,nan,0.1392177939414978,nan,nan,nan
47,1480,0.01988612301647663,0.00020824636158067733,1.0,0.0,0.0,0.0,1,227,0,0,0,0.01988612301647663,nan,nan,nan,0.1388767510652542,nan,nan,nan
47,1500,0.019857244566082954,0.00020824636158067733,1.0,0.0,0.0,0.0,1,224,0,0,0,0.019857244566082954,nan,nan,nan,0.13889974355697632,nan,nan,nan
47,1520,0.019809909164905548,0.00020824636158067733,1.0,0.0,0.0,0.0,1,225,0,0,0,0.019809909164905548,nan,nan,nan,0.1390092968940735,nan,nan,nan
47,1540,0.019981807097792625,0.00020824636158067733,1.0,0.0,0.0,0.0,1,231,0,0,0,0.019981807097792625,nan,nan,nan,0.14066176116466522,nan,nan,nan
47,1560,0.01986100524663925,0.00020824636158067733,1.0,0.0,0.0,0.0,1,228,0,0,0,0.01986100524663925,nan,nan,nan,0.14043189585208893,nan,nan,nan
47,1580,0.019856838509440422,0.00020824636158067733,1.0,0.0,0.0,0.0,1,227,0,0,0,0.019856838509440422,nan,nan,nan,0.14037734270095825,nan,nan,nan
47,1600,0.01982780732214451,0.00020824636158067733,1.0,0.0,0.0,0.0,1,224,0,0,0,0.01982780732214451,nan,nan,nan,0.13914597034454346,nan,nan,nan
47,1620,0.019815757870674133,0.00020824636158067733,1.0,0.0,0.0,0.0,1,225,0,0,0,0.019815757870674133,nan,nan,nan,0.1397303193807602,nan,nan,nan
47,1640,0.019826585426926613,0.00020824636158067733,1.0,0.0,0.0,0.0,1,228,0,0,0,0.019826585426926613,nan,nan,nan,0.13936534523963928,nan,nan,nan
47,1660,0.0197759997099638,0.00020824636158067733,1.0,0.0,0.0,0.0,1,224,0,0,0,0.0197759997099638,nan,nan,nan,0.13953322172164917,nan,nan,nan
47,1680,0.019836602732539177,0.00020824636158067733,1.0,0.0,0.0,0.0,1,226,0,0,0,0.019836602732539177,nan,nan,nan,0.13889729976654053,nan,nan,nan
47,1700,0.019775746390223503,0.00020824636158067733,1.0,0.0,0.0,0.0,1,225,0,0,0,0.019775746390223503,nan,nan,nan,0.13909552991390228,nan,nan,nan
47,1720,0.01978515088558197,0.00020824636158067733,1.0,0.0,0.0,0.0,1,227,0,0,0,0.01978515088558197,nan,nan,nan,0.13953886926174164,nan,nan,nan
47,1740,0.01977396570146084,0.00020824636158067733,1.0,0.0,0.0,0.0,1,224,0,0,0,0.01977396570146084,nan,nan,nan,0.13952521979808807,nan,nan,nan
47,1760,0.019789474084973335,0.00020824636158067733,1.0,0.0,0.0,0.0,1,230,0,0,0,0.019789474084973335,nan,nan,nan,0.13955773413181305,nan,nan,nan
47,1780,0.01977945677936077,0.00020824636158067733,1.0,0.0,0.0,0.0,1,224,0,0,0,0.01977945677936077,nan,nan,nan,0.1389465183019638,nan,nan,nan
47,1800,0.019853075966238976,0.00020824636158067733,1.0,0.0,0.0,0.0,1,226,0,0,0,0.019853075966238976,nan,nan,nan,0.1383320540189743,nan,nan,nan
47,1820,0.019761255010962486,0.00020824636158067733,1.0,0.0,0.0,0.0,1,225,0,0,0,0.019761255010962486,nan,nan,nan,0.13909128308296204,nan,nan,nan
47,1840,0.01976867765188217,0.00020824636158067733,1.0,0.0,0.0,0.0,1,225,0,0,0,0.01976867765188217,nan,nan,nan,0.13950662314891815,nan,nan,nan
47,1860,0.019799387082457542,0.00020824636158067733,1.0,0.0,0.0,0.0,1,230,0,0,0,0.019799387082457542,nan,nan,nan,0.13997775316238403,nan,nan,nan
47,1880,0.019766492769122124,0.00020824636158067733,1.0,0.0,0.0,0.0,1,222,0,0,0,0.019766492769122124,nan,nan,nan,0.138631671667099,nan,nan,nan
47,1900,0.019750170409679413,0.00020824636158067733,1.0,0.0,0.0,0.0,1,223,0,0,0,0.019750170409679413,nan,nan,nan,0.13885478675365448,nan,nan,nan
47,1920,0.019786780700087547,0.00020824636158067733,1.0,0.0,0.0,0.0,1,227,0,0,0,0.019786780700087547,nan,nan,nan,0.13893775641918182,nan,nan,nan
47,1940,0.019797861576080322,0.00020824636158067733,1.0,0.0,0.0,0.0,1,228,0,0,0,0.019797861576080322,nan,nan,nan,0.13931339979171753,nan,nan,nan
47,1960,0.019770611077547073,0.00020824636158067733,1.0,0.0,0.0,0.0,1,226,0,0,0,0.019770611077547073,nan,nan,nan,0.13879789412021637,nan,nan,nan
47,1980,0.01982918009161949,0.00020824636158067733,1.0,0.0,0.0,0.0,1,230,0,0,0,0.01982918009161949,nan,nan,nan,0.1390463262796402,nan,nan,nan
47,2000,0.01984000951051712,0.00020824636158067733,1.0,0.0,0.0,0.0,1,222,0,0,0,0.01984000951051712,nan,nan,nan,0.13840720057487488,nan,nan,nan
48,0,0.3238520324230194,0.00020824636158067733,0.3463134765625,0.1900634765625,0.28607177734375,0.17755126953125,4,698,619,592,516,0.21184121072292328,0.2888585329055786,0.3948711156845093,0.4653620421886444,0.4462812542915344,0.4299543499946594,0.41155827045440674,0.3809433877468109
48,20,0.277769535779953,0.00020824636158067733,0.4544677734375,0.17547607421875,0.253173828125,0.11688232421875,4,697,595,589,481,0.19312532246112823,0.26949188113212585,0.36307191848754883,0.43454480171203613,0.43013349175453186,0.4045012295246124,0.39689159393310547,0.3555057942867279
48,40,0.23539353907108307,0.00020824636158067733,0.58441162109375,0.152099609375,0.1993408203125,0.06414794921875,4,690,524,552,344,0.17514589428901672,0.25456973910331726,0.3353310227394104,0.4282464385032654,0.40880683064460754,0.36566463112831116,0.36733514070510864,0.3082996606826782
48,60,0.19827081263065338,0.00020824636158067733,0.72625732421875,0.11456298828125,0.13922119140625,0.01995849609375,4,671,419,465,153,0.15862593054771423,0.2522382140159607,0.32407820224761963,0.45353376865386963,0.3854098916053772,0.326933354139328,0.33239564299583435,0.23721203207969666
48,80,0.16157007217407227,0.00020824636158067733,0.8673095703125,0.0595703125,0.07098388671875,0.00213623046875,3,650,266,323,27,0.1418314278125763,0.25526317954063416,0.31374719738960266,0.5061224699020386,0.3599780201911926,0.2688109278678894,0.281534343957901,0.12105833739042282
48,100,0.12824580073356628,0.00020824636158067733,0.94415283203125,0.02178955078125,0.0340576171875,0.0,3,626,114,187,0,0.11816397309303284,0.26940715312957764,0.31742343306541443,nan,0.3224647343158722,0.19532763957977295,0.22800080478191376,nan
48,120,0.10162585973739624,0.00020824636158067733,0.9727783203125,0.00897216796875,0.01824951171875,0.0,2,575,61,122,0,0.0958605483174324,0.2768353819847107,0.3228020966053009,nan,0.29212355613708496,0.14184865355491638,0.18727494776248932,nan
48,140,0.081088125705719,0.00020824636158067733,0.98675537109375,0.003662109375,0.00958251953125,0.0,1,528,37,80,0,0.07806121557950974,0.26320981979370117,0.32318252325057983,nan,0.26694315671920776,0.11994221806526184,0.16329386830329895,nan
48,160,0.06559544056653976,0.00020824636158067733,0.9935302734375,0.0018310546875,0.004638671875,0.0,1,486,20,46,0,0.06397514045238495,0.27619048953056335,0.3295074701309204,nan,0.24396729469299316,0.10115718096494675,0.13624638319015503,nan
48,180,0.05424588918685913,0.00020824636158067733,0.997314453125,0.00054931640625,0.00213623046875,0.0,1,443,9,26,0,0.053502850234508514,0.27124813199043274,0.34533828496932983,nan,0.22393357753753662,0.09599096328020096,0.12484128028154373,nan
48,200,0.04584610462188721,0.00020824636158067733,0.998779296875,0.00042724609375,0.00079345703125,0.0,1,417,6,12,0,0.04550327733159065,0.2904861271381378,0.345660537481308,nan,0.20969142019748688,0.08919565379619598,0.0789312869310379,nan
48,220,0.03966723009943962,0.00020824636158067733,0.9996337890625,0.00018310546875,0.00018310546875,0.0,1,387,3,3,0,0.03956509009003639,0.29457172751426697,0.3423713147640228,nan,0.19650352001190186,0.09811022132635117,0.027210891246795654,nan
48,240,0.03522138670086861,0.00020824636158067733,0.9998779296875,6.103515625e-05,6.103515625e-05,0.0,1,347,1,1,0,0.03518380597233772,0.3101207911968231,0.37596839666366577,nan,0.18430429697036743,0.0,0.0,nan
48,260,0.03210276737809181,0.00020824636158067733,1.0,0.0,0.0,0.0,1,333,0,0,0,0.03210276737809181,nan,nan,nan,0.17672212421894073,nan,nan,nan
48,280,0.029708538204431534,0.00020824636158067733,1.0,0.0,0.0,0.0,1,314,0,0,0,0.029708538204431534,nan,nan,nan,0.17023353278636932,nan,nan,nan
48,300,0.027981657534837723,0.00020824636158067733,1.0,0.0,0.0,0.0,1,295,0,0,0,0.027981657534837723,nan,nan,nan,0.16363345086574554,nan,nan,nan
48,320,0.02669547125697136,0.00020824636158067733,1.0,0.0,0.0,0.0,1,283,0,0,0,0.02669547125697136,nan,nan,nan,0.1596101075410843,nan,nan,nan
48,340,0.02561524324119091,0.00020824636158067733,1.0,0.0,0.0,0.0,1,276,0,0,0,0.02561524324119091,nan,nan,nan,0.15728038549423218,nan,nan,nan
48,360,0.02474392205476761,0.00020824636158067733,1.0,0.0,0.0,0.0,1,273,0,0,0,0.02474392205476761,nan,nan,nan,0.15505348145961761,nan,nan,nan
48,380,0.024131588637828827,0.00020824636158067733,1.0,0.0,0.0,0.0,1,272,0,0,0,0.024131588637828827,nan,nan,nan,0.15429557859897614,nan,nan,nan
48,400,0.023502729833126068,0.00020824636158067733,1.0,0.0,0.0,0.0,1,261,0,0,0,0.023502729833126068,nan,nan,nan,0.15158846974372864,nan,nan,nan
48,420,0.023119335994124413,0.00020824636158067733,1.0,0.0,0.0,0.0,1,259,0,0,0,0.023119335994124413,nan,nan,nan,0.1503094732761383,nan,nan,nan
48,440,0.02270101197063923,0.00020824636158067733,1.0,0.0,0.0,0.0,1,261,0,0,0,0.02270101197063923,nan,nan,nan,0.14994756877422333,nan,nan,nan
48,460,0.022390522062778473,0.00020824636158067733,1.0,0.0,0.0,0.0,1,257,0,0,0,0.022390522062778473,nan,nan,nan,0.14815612137317657,nan,nan,nan
48,480,0.022109825164079666,0.00020824636158067733,1.0,0.0,0.0,0.0,1,257,0,0,0,0.022109825164079666,nan,nan,nan,0.14717255532741547,nan,nan,nan
48,500,0.02198139950633049,0.00020824636158067733,1.0,0.0,0.0,0.0,1,244,0,0,0,0.02198139950633049,nan,nan,nan,0.14499548077583313,nan,nan,nan
48,520,0.021662065759301186,0.00020824636158067733,1.0,0.0,0.0,0.0,1,249,0,0,0,0.021662065759301186,nan,nan,nan,0.14539168775081635,nan,nan,nan
48,540,0.021507609635591507,0.00020824636158067733,1.0,0.0,0.0,0.0,1,242,0,0,0,0.021507609635591507,nan,nan,nan,0.14472778141498566,nan,nan,nan
48,560,0.02144283801317215,0.00020824636158067733,1.0,0.0,0.0,0.0,1,234,0,0,0,0.02144283801317215,nan,nan,nan,0.1433059126138687,nan,nan,nan
48,580,0.021210238337516785,0.00020824636158067733,1.0,0.0,0.0,0.0,1,235,0,0,0,0.021210238337516785,nan,nan,nan,0.14334145188331604,nan,nan,nan
48,600,0.02115822583436966,0.00020824636158067733,1.0,0.0,0.0,0.0,1,236,0,0,0,0.02115822583436966,nan,nan,nan,0.1431576907634735,nan,nan,nan
48,620,0.0210268534719944,0.00020824636158067733,1.0,0.0,0.0,0.0,1,234,0,0,0,0.0210268534719944,nan,nan,nan,0.14292310178279877,nan,nan,nan
48,640,0.020947538316249847,0.00020824636158067733,1.0,0.0,0.0,0.0,1,229,0,0,0,0.020947538316249847,nan,nan,nan,0.14271876215934753,nan,nan,nan
48,660,0.020850688219070435,0.00020824636158067733,1.0,0.0,0.0,0.0,1,234,0,0,0,0.020850688219070435,nan,nan,nan,0.14287471771240234,nan,nan,nan
48,680,0.020787237212061882,0.00020824636158067733,1.0,0.0,0.0,0.0,1,235,0,0,0,0.020787237212061882,nan,nan,nan,0.14261814951896667,nan,nan,nan
48,700,0.020708534866571426,0.00020824636158067733,1.0,0.0,0.0,0.0,1,234,0,0,0,0.020708534866571426,nan,nan,nan,0.14227712154388428,nan,nan,nan
48,720,0.020681232213974,0.00020824636158067733,1.0,0.0,0.0,0.0,1,230,0,0,0,0.020681232213974,nan,nan,nan,0.14256300032138824,nan,nan,nan
48,740,0.020617477595806122,0.00020824636158067733,1.0,0.0,0.0,0.0,1,234,0,0,0,0.020617477595806122,nan,nan,nan,0.14282441139221191,nan,nan,nan
48,760,0.02056119404733181,0.00020824636158067733,1.0,0.0,0.0,0.0,1,233,0,0,0,0.02056119404733181,nan,nan,nan,0.1425836980342865,nan,nan,nan
48,780,0.020481526851654053,0.00020824636158067733,1.0,0.0,0.0,0.0,1,232,0,0,0,0.020481526851654053,nan,nan,nan,0.14174425601959229,nan,nan,nan
48,800,0.020466934889554977,0.00020824636158067733,1.0,0.0,0.0,0.0,1,233,0,0,0,0.020466934889554977,nan,nan,nan,0.14096283912658691,nan,nan,nan
48,820,0.02043861895799637,0.00020824636158067733,1.0,0.0,0.0,0.0,1,236,0,0,0,0.02043861895799637,nan,nan,nan,0.1413043588399887,nan,nan,nan
48,840,0.020424380898475647,0.00020824636158067733,1.0,0.0,0.0,0.0,1,233,0,0,0,0.020424380898475647,nan,nan,nan,0.14124953746795654,nan,nan,nan
48,860,0.020372219383716583,0.00020824636158067733,1.0,0.0,0.0,0.0,1,227,0,0,0,0.020372219383716583,nan,nan,nan,0.14071869850158691,nan,nan,nan
48,880,0.02034979686141014,0.00020824636158067733,1.0,0.0,0.0,0.0,1,231,0,0,0,0.02034979686141014,nan,nan,nan,0.14099304378032684,nan,nan,nan
48,900,0.020318172872066498,0.00020824636158067733,1.0,0.0,0.0,0.0,1,229,0,0,0,0.020318172872066498,nan,nan,nan,0.14015430212020874,nan,nan,nan
48,920,0.02028166875243187,0.00020824636158067733,1.0,0.0,0.0,0.0,1,231,0,0,0,0.02028166875243187,nan,nan,nan,0.14131960272789001,nan,nan,nan
48,940,0.02024679258465767,0.00020824636158067733,1.0,0.0,0.0,0.0,1,232,0,0,0,0.02024679258465767,nan,nan,nan,0.1408933848142624,nan,nan,nan
48,960,0.020207593217492104,0.00020824636158067733,1.0,0.0,0.0,0.0,1,229,0,0,0,0.020207593217492104,nan,nan,nan,0.14078333973884583,nan,nan,nan
48,980,0.020206423476338387,0.00020824636158067733,1.0,0.0,0.0,0.0,1,231,0,0,0,0.020206423476338387,nan,nan,nan,0.14039507508277893,nan,nan,nan
48,1000,0.020175613462924957,0.00020824636158067733,1.0,0.0,0.0,0.0,1,229,0,0,0,0.020175613462924957,nan,nan,nan,0.1404431015253067,nan,nan,nan
48,1020,0.0201656986027956,0.00020824636158067733,1.0,0.0,0.0,0.0,1,229,0,0,0,0.0201656986027956,nan,nan,nan,0.1408090889453888,nan,nan,nan
48,1040,0.02009747177362442,0.00020824636158067733,1.0,0.0,0.0,0.0,1,228,0,0,0,0.02009747177362442,nan,nan,nan,0.1402006894350052,nan,nan,nan
48,1060,0.020115874707698822,0.00020824636158067733,1.0,0.0,0.0,0.0,1,230,0,0,0,0.020115874707698822,nan,nan,nan,0.1397458016872406,nan,nan,nan
48,1080,0.020100470632314682,0.00020824636158067733,1.0,0.0,0.0,0.0,1,226,0,0,0,0.020100470632314682,nan,nan,nan,0.1396244764328003,nan,nan,nan
48,1100,0.020123858004808426,0.00020824636158067733,1.0,0.0,0.0,0.0,1,225,0,0,0,0.020123858004808426,nan,nan,nan,0.13961787521839142,nan,nan,nan
48,1120,0.020082879811525345,0.00020824636158067733,1.0,0.0,0.0,0.0,1,227,0,0,0,0.020082879811525345,nan,nan,nan,0.14022603631019592,nan,nan,nan
48,1140,0.020072558894753456,0.00020824636158067733,1.0,0.0,0.0,0.0,1,226,0,0,0,0.020072558894753456,nan,nan,nan,0.14047542214393616,nan,nan,nan
48,1160,0.020054001361131668,0.00020824636158067733,1.0,0.0,0.0,0.0,1,225,0,0,0,0.020054001361131668,nan,nan,nan,0.13931314647197723,nan,nan,nan
48,1180,0.02003086917102337,0.00020824636158067733,1.0,0.0,0.0,0.0,1,227,0,0,0,0.02003086917102337,nan,nan,nan,0.14012089371681213,nan,nan,nan
48,1200,0.02008562535047531,0.00020824636158067733,1.0,0.0,0.0,0.0,1,228,0,0,0,0.02008562535047531,nan,nan,nan,0.14045682549476624,nan,nan,nan
48,1220,0.020029902458190918,0.00020824636158067733,1.0,0.0,0.0,0.0,1,226,0,0,0,0.020029902458190918,nan,nan,nan,0.1398373246192932,nan,nan,nan
48,1240,0.019994262605905533,0.00020824636158067733,1.0,0.0,0.0,0.0,1,233,0,0,0,0.019994262605905533,nan,nan,nan,0.14015081524848938,nan,nan,nan
48,1260,0.020009007304906845,0.00020824636158067733,1.0,0.0,0.0,0.0,1,224,0,0,0,0.020009007304906845,nan,nan,nan,0.1391129195690155,nan,nan,nan
48,1280,0.02000204101204872,0.00020824636158067733,1.0,0.0,0.0,0.0,1,229,0,0,0,0.02000204101204872,nan,nan,nan,0.1403643637895584,nan,nan,nan
48,1300,0.01998978666961193,0.00020824636158067733,1.0,0.0,0.0,0.0,1,227,0,0,0,0.01998978666961193,nan,nan,nan,0.1401035040616989,nan,nan,nan
48,1320,0.019954301416873932,0.00020824636158067733,1.0,0.0,0.0,0.0,1,226,0,0,0,0.019954301416873932,nan,nan,nan,0.13910053670406342,nan,nan,nan
48,1340,0.019956843927502632,0.00020824636158067733,1.0,0.0,0.0,0.0,1,222,0,0,0,0.019956843927502632,nan,nan,nan,0.13888423144817352,nan,nan,nan
48,1360,0.019925981760025024,0.00020824636158067733,1.0,0.0,0.0,0.0,1,224,0,0,0,0.019925981760025024,nan,nan,nan,0.1396603137254715,nan,nan,nan
48,1380,0.019925525411963463,0.00020824636158067733,1.0,0.0,0.0,0.0,1,226,0,0,0,0.019925525411963463,nan,nan,nan,0.13978217542171478,nan,nan,nan
48,1400,0.019970417022705078,0.00020824636158067733,1.0,0.0,0.0,0.0,1,225,0,0,0,0.019970417022705078,nan,nan,nan,0.13944174349308014,nan,nan,nan
48,1420,0.01995943672955036,0.00020824636158067733,1.0,0.0,0.0,0.0,1,223,0,0,0,0.01995943672955036,nan,nan,nan,0.1398371160030365,nan,nan,nan
48,1440,0.01991190016269684,0.00020824636158067733,1.0,0.0,0.0,0.0,1,224,0,0,0,0.01991190016269684,nan,nan,nan,0.13964684307575226,nan,nan,nan
48,1460,0.019913677126169205,0.00020824636158067733,1.0,0.0,0.0,0.0,1,225,0,0,0,0.019913677126169205,nan,nan,nan,0.13963596522808075,nan,nan,nan
48,1480,0.019907983019948006,0.00020824636158067733,1.0,0.0,0.0,0.0,1,224,0,0,0,0.019907983019948006,nan,nan,nan,0.13915541768074036,nan,nan,nan
48,1500,0.019912000745534897,0.00020824636158067733,1.0,0.0,0.0,0.0,1,229,0,0,0,0.019912000745534897,nan,nan,nan,0.13997657597064972,nan,nan,nan
48,1520,0.019895479083061218,0.00020824636158067733,1.0,0.0,0.0,0.0,1,228,0,0,0,0.019895479083061218,nan,nan,nan,0.13972780108451843,nan,nan,nan
48,1540,0.01996985822916031,0.00020824636158067733,1.0,0.0,0.0,0.0,1,225,0,0,0,0.01996985822916031,nan,nan,nan,0.13953347504138947,nan,nan,nan
48,1560,0.019935032352805138,0.00020824636158067733,1.0,0.0,0.0,0.0,1,225,0,0,0,0.019935032352805138,nan,nan,nan,0.13981294631958008,nan,nan,nan
48,1580,0.01987178437411785,0.00020824636158067733,1.0,0.0,0.0,0.0,1,225,0,0,0,0.01987178437411785,nan,nan,nan,0.139380544424057,nan,nan,nan
48,1600,0.01989440992474556,0.00020824636158067733,1.0,0.0,0.0,0.0,1,224,0,0,0,0.01989440992474556,nan,nan,nan,0.1391642689704895,nan,nan,nan
48,1620,0.01989029161632061,0.00020824636158067733,1.0,0.0,0.0,0.0,1,224,0,0,0,0.01989029161632061,nan,nan,nan,0.13950912654399872,nan,nan,nan
48,1640,0.01989024132490158,0.00020824636158067733,1.0,0.0,0.0,0.0,1,225,0,0,0,0.01989024132490158,nan,nan,nan,0.13979795575141907,nan,nan,nan
48,1660,0.019952014088630676,0.00020824636158067733,1.0,0.0,0.0,0.0,1,228,0,0,0,0.019952014088630676,nan,nan,nan,0.1404559165239334,nan,nan,nan
48,1680,0.019856177270412445,0.00020824636158067733,1.0,0.0,0.0,0.0,1,223,0,0,0,0.019856177270412445,nan,nan,nan,0.13918302953243256,nan,nan,nan
48,1700,0.01990874670445919,0.00020824636158067733,1.0,0.0,0.0,0.0,1,225,0,0,0,0.01990874670445919,nan,nan,nan,0.13825666904449463,nan,nan,nan
48,1720,0.01991901732981205,0.00020824636158067733,1.0,0.0,0.0,0.0,1,222,0,0,0,0.01991901732981205,nan,nan,nan,0.13984332978725433,nan,nan,nan
48,1740,0.019841788336634636,0.00020824636158067733,1.0,0.0,0.0,0.0,1,223,0,0,0,0.019841788336634636,nan,nan,nan,0.139421746134758,nan,nan,nan
48,1760,0.019855158403515816,0.00020824636158067733,1.0,0.0,0.0,0.0,1,225,0,0,0,0.019855158403515816,nan,nan,nan,0.13960000872612,nan,nan,nan
48,1780,0.01987331174314022,0.00020824636158067733,1.0,0.0,0.0,0.0,1,223,0,0,0,0.01987331174314022,nan,nan,nan,0.13921760022640228,nan,nan,nan
48,1800,0.019805384799838066,0.00020824636158067733,1.0,0.0,0.0,0.0,1,223,0,0,0,0.019805384799838066,nan,nan,nan,0.13898642361164093,nan,nan,nan
48,1820,0.019896291196346283,0.00020824636158067733,1.0,0.0,0.0,0.0,1,227,0,0,0,0.019896291196346283,nan,nan,nan,0.1397916078567505,nan,nan,nan
48,1840,0.01981225050985813,0.00020824636158067733,1.0,0.0,0.0,0.0,1,224,0,0,0,0.01981225050985813,nan,nan,nan,0.13899309933185577,nan,nan,nan
48,1860,0.01979186199605465,0.00020824636158067733,1.0,0.0,0.0,0.0,1,222,0,0,0,0.01979186199605465,nan,nan,nan,0.1387016475200653,nan,nan,nan
48,1880,0.019853686913847923,0.00020824636158067733,1.0,0.0,0.0,0.0,1,224,0,0,0,0.019853686913847923,nan,nan,nan,0.13971547782421112,nan,nan,nan
48,1900,0.019864564761519432,0.00020824636158067733,1.0,0.0,0.0,0.0,1,225,0,0,0,0.019864564761519432,nan,nan,nan,0.1398981362581253,nan,nan,nan
48,1920,0.019816521555185318,0.00020824636158067733,1.0,0.0,0.0,0.0,1,222,0,0,0,0.019816521555185318,nan,nan,nan,0.13917745649814606,nan,nan,nan
48,1940,0.01986675336956978,0.00020824636158067733,1.0,0.0,0.0,0.0,1,224,0,0,0,0.01986675336956978,nan,nan,nan,0.1399044543504715,nan,nan,nan
48,1960,0.019902188330888748,0.00020824636158067733,1.0,0.0,0.0,0.0,1,227,0,0,0,0.019902188330888748,nan,nan,nan,0.13949087262153625,nan,nan,nan
48,1980,0.01984311267733574,0.00020824636158067733,1.0,0.0,0.0,0.0,1,224,0,0,0,0.01984311267733574,nan,nan,nan,0.13935774564743042,nan,nan,nan
48,2000,0.019805895164608955,0.00020824636158067733,1.0,0.0,0.0,0.0,1,220,0,0,0,0.019805895164608955,nan,nan,nan,0.1387917548418045,nan,nan,nan
49,0,0.3266095817089081,0.00020824636158067733,0.3424072265625,0.19195556640625,0.2198486328125,0.24578857421875,4,699,618,591,545,0.21550236642360687,0.28231704235076904,0.3891638517379761,0.46003177762031555,0.4450817406177521,0.4139275550842285,0.4193696677684784,0.3780082166194916
49,20,0.277789831161499,0.00020824636158067733,0.4403076171875,0.2003173828125,0.1954345703125,0.1639404296875,4,696,598,581,502,0.19184370338916779,0.2690199315547943,0.3573036789894104,0.42454901337623596,0.42841798067092896,0.3971032202243805,0.39585962891578674,0.35233625769615173
49,40,0.23384687304496765,0.00020824636158067733,0.56744384765625,0.19000244140625,0.15289306640625,0.08966064453125,4,686,561,521,375,0.17200839519500732,0.24884478747844696,0.3361303210258484,0.4190094769001007,0.40942126512527466,0.36626455187797546,0.35997816920280457,0.3077967166900635
49,60,0.19234420359134674,0.00020824636158067733,0.71746826171875,0.1575927734375,0.09503173828125,0.0299072265625,4,669,476,395,195,0.15206557512283325,0.24105003476142883,0.33657994866371155,0.4436536133289337,0.38442888855934143,0.33400121331214905,0.316586434841156,0.24749596416950226
49,80,0.14796540141105652,0.00020824636158067733,0.872314453125,0.08843994140625,0.03485107421875,0.00439453125,3,637,317,220,43,0.12945207953453064,0.23982802033424377,0.33378660678863525,0.5004605054855347,0.3504796028137207,0.27654385566711426,0.2646797001361847,0.1512564718723297
49,100,0.10848002135753632,0.00020824636158067733,0.9654541015625,0.0245361328125,0.009765625,0.000244140625,2,594,131,93,4,0.10214368253946304,0.2653488218784332,0.3293159008026123,0.5667639374732971,0.3004682958126068,0.21298840641975403,0.20974212884902954,0.08034703135490417
49,120,0.07943642884492874,0.00020824636158067733,0.98895263671875,0.00689697265625,0.004150390625,0.0,1,539,53,48,0,0.07695351541042328,0.2774648070335388,0.3419874608516693,nan,0.263349711894989,0.14612038433551788,0.17341434955596924,nan
49,140,0.060021936893463135,0.00020824636158067733,0.99658203125,0.001953125,0.00146484375,0.0,1,484,22,19,0,0.059184420853853226,0.2838296890258789,0.33140361309051514,nan,0.23403003811836243,0.12924890220165253,0.12061648815870285,nan
49,160,0.04773099347949028,0.00020824636158067733,0.9989013671875,0.0003662109375,0.000732421875,0.0,1,432,5,9,0,0.04741957411170006,0.29207277297973633,0.3502846658229828,nan,0.21136705577373505,0.07199323922395706,0.08791053295135498,nan
49,180,0.04002046957612038,0.00020824636158067733,0.99981689453125,6.103515625e-05,0.0001220703125,0.0,1,391,1,2,0,0.03996753692626953,0.2951270639896393,0.3459808826446533,nan,0.1946803778409958,0.0,0.02886148728430271,nan
49,200,0.03488272801041603,0.00020824636158067733,0.99993896484375,0.0,6.103515625e-05,0.0,1,355,0,1,0,0.03486292436718941,nan,0.359308660030365,nan,0.18240010738372803,nan,0.0,nan
49,220,0.031378380954265594,0.00020824636158067733,0.99993896484375,0.0,6.103515625e-05,0.0,1,322,0,1,0,0.03135836496949196,nan,0.359308660030365,nan,0.17371520400047302,nan,0.0,nan
49,240,0.028925834223628044,0.00020824636158067733,1.0,0.0,0.0,0.0,1,304,0,0,0,0.028925834223628044,nan,nan,nan,0.16733404994010925,nan,nan,nan
49,260,0.02712477557361126,0.00020824636158067733,1.0,0.0,0.0,0.0,1,290,0,0,0,0.02712477557361126,nan,nan,nan,0.1616097092628479,nan,nan,nan
49,280,0.02582608163356781,0.00020824636158067733,1.0,0.0,0.0,0.0,1,277,0,0,0,0.02582608163356781,nan,nan,nan,0.15841130912303925,nan,nan,nan
49,300,0.0247875414788723,0.00020824636158067733,1.0,0.0,0.0,0.0,1,271,0,0,0,0.0247875414788723,nan,nan,nan,0.1552344411611557,nan,nan,nan
49,320,0.024011600762605667,0.00020824636158067733,1.0,0.0,0.0,0.0,1,267,0,0,0,0.024011600762605667,nan,nan,nan,0.1536773294210434,nan,nan,nan
49,340,0.023403894156217575,0.00020824636158067733,1.0,0.0,0.0,0.0,1,264,0,0,0,0.023403894156217575,nan,nan,nan,0.15155592560768127,nan,nan,nan
49,360,0.02292054519057274,0.00020824636158067733,1.0,0.0,0.0,0.0,1,259,0,0,0,0.02292054519057274,nan,nan,nan,0.14978988468647003,nan,nan,nan
49,380,0.022461241111159325,0.00020824636158067733,1.0,0.0,0.0,0.0,1,256,0,0,0,0.022461241111159325,nan,nan,nan,0.14843767881393433,nan,nan,nan
49,400,0.022128790616989136,0.00020824636158067733,1.0,0.0,0.0,0.0,1,253,0,0,0,0.022128790616989136,nan,nan,nan,0.14668335020542145,nan,nan,nan
49,420,0.02191729098558426,0.00020824636158067733,1.0,0.0,0.0,0.0,1,248,0,0,0,0.02191729098558426,nan,nan,nan,0.14541763067245483,nan,nan,nan
49,440,0.02161823958158493,0.00020824636158067733,1.0,0.0,0.0,0.0,1,247,0,0,0,0.02161823958158493,nan,nan,nan,0.1451135277748108,nan,nan,nan
49,460,0.02148737572133541,0.00020824636158067733,1.0,0.0,0.0,0.0,1,240,0,0,0,0.02148737572133541,nan,nan,nan,0.14355674386024475,nan,nan,nan
49,480,0.021242979913949966,0.00020824636158067733,1.0,0.0,0.0,0.0,1,244,0,0,0,0.021242979913949966,nan,nan,nan,0.14371319115161896,nan,nan,nan
49,500,0.021084049716591835,0.00020824636158067733,1.0,0.0,0.0,0.0,1,236,0,0,0,0.021084049716591835,nan,nan,nan,0.143123060464859,nan,nan,nan
49,520,0.02094530314207077,0.00020824636158067733,1.0,0.0,0.0,0.0,1,242,0,0,0,0.02094530314207077,nan,nan,nan,0.14372938871383667,nan,nan,nan
49,540,0.020847942680120468,0.00020824636158067733,1.0,0.0,0.0,0.0,1,239,0,0,0,0.020847942680120468,nan,nan,nan,0.14235252141952515,nan,nan,nan
49,560,0.02074320986866951,0.00020824636158067733,1.0,0.0,0.0,0.0,1,238,0,0,0,0.02074320986866951,nan,nan,nan,0.14223818480968475,nan,nan,nan
49,580,0.02071554958820343,0.00020824636158067733,1.0,0.0,0.0,0.0,1,235,0,0,0,0.02071554958820343,nan,nan,nan,0.14203214645385742,nan,nan,nan
49,600,0.02058682031929493,0.00020824636158067733,1.0,0.0,0.0,0.0,1,235,0,0,0,0.02058682031929493,nan,nan,nan,0.14155475795269012,nan,nan,nan
49,620,0.02055250108242035,0.00020824636158067733,1.0,0.0,0.0,0.0,1,236,0,0,0,0.02055250108242035,nan,nan,nan,0.14244064688682556,nan,nan,nan
49,640,0.02048269659280777,0.00020824636158067733,1.0,0.0,0.0,0.0,1,231,0,0,0,0.02048269659280777,nan,nan,nan,0.1409430056810379,nan,nan,nan
49,660,0.020417772233486176,0.00020824636158067733,1.0,0.0,0.0,0.0,1,230,0,0,0,0.020417772233486176,nan,nan,nan,0.14143335819244385,nan,nan,nan
49,680,0.020450260490179062,0.00020824636158067733,1.0,0.0,0.0,0.0,1,234,0,0,0,0.020450260490179062,nan,nan,nan,0.1425299495458603,nan,nan,nan
49,700,0.020351780578494072,0.00020824636158067733,1.0,0.0,0.0,0.0,1,230,0,0,0,0.020351780578494072,nan,nan,nan,0.14147360622882843,nan,nan,nan
49,720,0.020309224724769592,0.00020824636158067733,1.0,0.0,0.0,0.0,1,233,0,0,0,0.020309224724769592,nan,nan,nan,0.1414177566766739,nan,nan,nan
49,740,0.02028837986290455,0.00020824636158067733,1.0,0.0,0.0,0.0,1,233,0,0,0,0.02028837986290455,nan,nan,nan,0.14061148464679718,nan,nan,nan
49,760,0.020224472507834435,0.00020824636158067733,1.0,0.0,0.0,0.0,1,232,0,0,0,0.020224472507834435,nan,nan,nan,0.14066782593727112,nan,nan,nan
49,780,0.02025909721851349,0.00020824636158067733,1.0,0.0,0.0,0.0,1,235,0,0,0,0.02025909721851349,nan,nan,nan,0.14140918850898743,nan,nan,nan
49,800,0.02021898329257965,0.00020824636158067733,1.0,0.0,0.0,0.0,1,232,0,0,0,0.02021898329257965,nan,nan,nan,0.1412276029586792,nan,nan,nan
49,820,0.020148565992712975,0.00020824636158067733,1.0,0.0,0.0,0.0,1,228,0,0,0,0.020148565992712975,nan,nan,nan,0.14008167386054993,nan,nan,nan
49,840,0.020246591418981552,0.00020824636158067733,1.0,0.0,0.0,0.0,1,226,0,0,0,0.020246591418981552,nan,nan,nan,0.13914914429187775,nan,nan,nan
49,860,0.02012975513935089,0.00020824636158067733,1.0,0.0,0.0,0.0,1,230,0,0,0,0.02012975513935089,nan,nan,nan,0.1397014856338501,nan,nan,nan
49,880,0.020197831094264984,0.00020824636158067733,1.0,0.0,0.0,0.0,1,224,0,0,0,0.020197831094264984,nan,nan,nan,0.1392224282026291,nan,nan,nan
49,900,0.02009757235646248,0.00020824636158067733,1.0,0.0,0.0,0.0,1,230,0,0,0,0.02009757235646248,nan,nan,nan,0.1398935467004776,nan,nan,nan
49,920,0.020072607323527336,0.00020824636158067733,1.0,0.0,0.0,0.0,1,232,0,0,0,0.020072607323527336,nan,nan,nan,0.14061182737350464,nan,nan,nan
49,940,0.02004307135939598,0.00020824636158067733,1.0,0.0,0.0,0.0,1,235,0,0,0,0.02004307135939598,nan,nan,nan,0.14006225764751434,nan,nan,nan
49,960,0.020009415224194527,0.00020824636158067733,1.0,0.0,0.0,0.0,1,235,0,0,0,0.020009415224194527,nan,nan,nan,0.1398194134235382,nan,nan,nan
49,980,0.020024463534355164,0.00020824636158067733,1.0,0.0,0.0,0.0,1,232,0,0,0,0.020024463534355164,nan,nan,nan,0.14044491946697235,nan,nan,nan
49,1000,0.020017802715301514,0.00020824636158067733,1.0,0.0,0.0,0.0,1,234,0,0,0,0.020017802715301514,nan,nan,nan,0.14042451977729797,nan,nan,nan
49,1020,0.020022226497530937,0.00020824636158067733,1.0,0.0,0.0,0.0,1,229,0,0,0,0.020022226497530937,nan,nan,nan,0.13995319604873657,nan,nan,nan
49,1040,0.020003465935587883,0.00020824636158067733,1.0,0.0,0.0,0.0,1,232,0,0,0,0.020003465935587883,nan,nan,nan,0.1397399604320526,nan,nan,nan
49,1060,0.020023446530103683,0.00020824636158067733,1.0,0.0,0.0,0.0,1,228,0,0,0,0.020023446530103683,nan,nan,nan,0.1391822248697281,nan,nan,nan
49,1080,0.019939914345741272,0.00020824636158067733,1.0,0.0,0.0,0.0,1,234,0,0,0,0.019939914345741272,nan,nan,nan,0.13974595069885254,nan,nan,nan
49,1100,0.019962335005402565,0.00020824636158067733,1.0,0.0,0.0,0.0,1,232,0,0,0,0.019962335005402565,nan,nan,nan,0.13978885114192963,nan,nan,nan
49,1120,0.02000768482685089,0.00020824636158067733,1.0,0.0,0.0,0.0,1,231,0,0,0,0.02000768482685089,nan,nan,nan,0.13917794823646545,nan,nan,nan
49,1140,0.01996716484427452,0.00020824636158067733,1.0,0.0,0.0,0.0,1,228,0,0,0,0.01996716484427452,nan,nan,nan,0.13908739387989044,nan,nan,nan
49,1160,0.019938793033361435,0.00020824636158067733,1.0,0.0,0.0,0.0,1,228,0,0,0,0.019938793033361435,nan,nan,nan,0.13978040218353271,nan,nan,nan
49,1180,0.01994662545621395,0.00020824636158067733,1.0,0.0,0.0,0.0,1,227,0,0,0,0.01994662545621395,nan,nan,nan,0.1393052637577057,nan,nan,nan
49,1200,0.019922323524951935,0.00020824636158067733,1.0,0.0,0.0,0.0,1,229,0,0,0,0.019922323524951935,nan,nan,nan,0.13926208019256592,nan,nan,nan
49,1220,0.019936557859182358,0.00020824636158067733,1.0,0.0,0.0,0.0,1,228,0,0,0,0.019936557859182358,nan,nan,nan,0.1402035802602768,nan,nan,nan
49,1240,0.019934777170419693,0.00020824636158067733,1.0,0.0,0.0,0.0,1,229,0,0,0,0.019934777170419693,nan,nan,nan,0.1393856257200241,nan,nan,nan
49,1260,0.019926542416214943,0.00020824636158067733,1.0,0.0,0.0,0.0,1,227,0,0,0,0.019926542416214943,nan,nan,nan,0.1391005665063858,nan,nan,nan
49,1280,0.019877785816788673,0.00020824636158067733,1.0,0.0,0.0,0.0,1,229,0,0,0,0.019877785816788673,nan,nan,nan,0.1393967568874359,nan,nan,nan
49,1300,0.019889019429683685,0.00020824636158067733,1.0,0.0,0.0,0.0,1,228,0,0,0,0.019889019429683685,nan,nan,nan,0.1398899406194687,nan,nan,nan
49,1320,0.019896239042282104,0.00020824636158067733,1.0,0.0,0.0,0.0,1,226,0,0,0,0.019896239042282104,nan,nan,nan,0.1396784782409668,nan,nan,nan
49,1340,0.01987381838262081,0.00020824636158067733,1.0,0.0,0.0,0.0,1,226,0,0,0,0.01987381838262081,nan,nan,nan,0.13955339789390564,nan,nan,nan
49,1360,0.019892174750566483,0.00020824636158067733,1.0,0.0,0.0,0.0,1,224,0,0,0,0.019892174750566483,nan,nan,nan,0.13922299444675446,nan,nan,nan
49,1380,0.019901679828763008,0.00020824636158067733,1.0,0.0,0.0,0.0,1,227,0,0,0,0.019901679828763008,nan,nan,nan,0.1401277333498001,nan,nan,nan
49,1400,0.019899189472198486,0.00020824636158067733,1.0,0.0,0.0,0.0,1,223,0,0,0,0.019899189472198486,nan,nan,nan,0.13931399583816528,nan,nan,nan
49,1420,0.01993492990732193,0.00020824636158067733,1.0,0.0,0.0,0.0,1,229,0,0,0,0.01993492990732193,nan,nan,nan,0.1399267464876175,nan,nan,nan
49,1440,0.019860398024320602,0.00020824636158067733,1.0,0.0,0.0,0.0,1,226,0,0,0,0.019860398024320602,nan,nan,nan,0.13951033353805542,nan,nan,nan
49,1460,0.01990356296300888,0.00020824636158067733,1.0,0.0,0.0,0.0,1,228,0,0,0,0.01990356296300888,nan,nan,nan,0.1394292414188385,nan,nan,nan
49,1480,0.01995125040411949,0.00020824636158067733,1.0,0.0,0.0,0.0,1,228,0,0,0,0.01995125040411949,nan,nan,nan,0.13950808346271515,nan,nan,nan
49,1500,0.019935287535190582,0.00020824636158067733,1.0,0.0,0.0,0.0,1,227,0,0,0,0.019935287535190582,nan,nan,nan,0.1397402137517929,nan,nan,nan
49,1520,0.019867055118083954,0.00020824636158067733,1.0,0.0,0.0,0.0,1,227,0,0,0,0.019867055118083954,nan,nan,nan,0.13965733349323273,nan,nan,nan
49,1540,0.019855668768286705,0.00020824636158067733,1.0,0.0,0.0,0.0,1,224,0,0,0,0.019855668768286705,nan,nan,nan,0.13848483562469482,nan,nan,nan
49,1560,0.01991947554051876,0.00020824636158067733,1.0,0.0,0.0,0.0,1,227,0,0,0,0.01991947554051876,nan,nan,nan,0.1398395299911499,nan,nan,nan
49,1580,0.019932135939598083,0.00020824636158067733,1.0,0.0,0.0,0.0,1,228,0,0,0,0.019932135939598083,nan,nan,nan,0.1392773538827896,nan,nan,nan
49,1600,0.019838178530335426,0.00020824636158067733,1.0,0.0,0.0,0.0,1,222,0,0,0,0.019838178530335426,nan,nan,nan,0.1386341154575348,nan,nan,nan
49,1620,0.019868481904268265,0.00020824636158067733,1.0,0.0,0.0,0.0,1,226,0,0,0,0.019868481904268265,nan,nan,nan,0.13892436027526855,nan,nan,nan
49,1640,0.019816165789961815,0.00020824636158067733,1.0,0.0,0.0,0.0,1,227,0,0,0,0.019816165789961815,nan,nan,nan,0.13937963545322418,nan,nan,nan
49,1660,0.01982094533741474,0.00020824636158067733,1.0,0.0,0.0,0.0,1,227,0,0,0,0.01982094533741474,nan,nan,nan,0.1393153816461563,nan,nan,nan
49,1680,0.019804878160357475,0.00020824636158067733,1.0,0.0,0.0,0.0,1,226,0,0,0,0.019804878160357475,nan,nan,nan,0.1389264464378357,nan,nan,nan
49,1700,0.01984102465212345,0.00020824636158067733,1.0,0.0,0.0,0.0,1,228,0,0,0,0.01984102465212345,nan,nan,nan,0.139585480093956,nan,nan,nan
49,1720,0.01983380690217018,0.00020824636158067733,1.0,0.0,0.0,0.0,1,229,0,0,0,0.01983380690217018,nan,nan,nan,0.13993273675441742,nan,nan,nan
49,1740,0.019856125116348267,0.00020824636158067733,1.0,0.0,0.0,0.0,1,228,0,0,0,0.019856125116348267,nan,nan,nan,0.13988777995109558,nan,nan,nan
49,1760,0.019812503829598427,0.00020824636158067733,1.0,0.0,0.0,0.0,1,226,0,0,0,0.019812503829598427,nan,nan,nan,0.13925205171108246,nan,nan,nan
49,1780,0.019816113635897636,0.00020824636158067733,1.0,0.0,0.0,0.0,1,223,0,0,0,0.019816113635897636,nan,nan,nan,0.13940121233463287,nan,nan,nan
49,1800,0.01981591060757637,0.00020824636158067733,1.0,0.0,0.0,0.0,1,225,0,0,0,0.01981591060757637,nan,nan,nan,0.13887043297290802,nan,nan,nan
49,1820,0.019775135442614555,0.00020824636158067733,1.0,0.0,0.0,0.0,1,229,0,0,0,0.019775135442614555,nan,nan,nan,0.13944606482982635,nan,nan,nan
49,1840,0.019852720201015472,0.00020824636158067733,1.0,0.0,0.0,0.0,1,224,0,0,0,0.019852720201015472,nan,nan,nan,0.13827215135097504,nan,nan,nan
49,1860,0.01980609819293022,0.00020824636158067733,1.0,0.0,0.0,0.0,1,224,0,0,0,0.01980609819293022,nan,nan,nan,0.13893486559391022,nan,nan,nan
49,1880,0.01978250965476036,0.00020824636158067733,1.0,0.0,0.0,0.0,1,227,0,0,0,0.01978250965476036,nan,nan,nan,0.13921323418617249,nan,nan,nan
49,1900,0.019803758710622787,0.00020824636158067733,1.0,0.0,0.0,0.0,1,224,0,0,0,0.019803758710622787,nan,nan,nan,0.1397698074579239,nan,nan,nan
49,1920,0.019770560786128044,0.00020824636158067733,1.0,0.0,0.0,0.0,1,224,0,0,0,0.019770560786128044,nan,nan,nan,0.1393444687128067,nan,nan,nan
49,1940,0.019781339913606644,0.00020824636158067733,1.0,0.0,0.0,0.0,1,224,0,0,0,0.019781339913606644,nan,nan,nan,0.13921530544757843,nan,nan,nan
49,1960,0.01978825218975544,0.00020824636158067733,1.0,0.0,0.0,0.0,1,231,0,0,0,0.01978825218975544,nan,nan,nan,0.1398569792509079,nan,nan,nan
49,1980,0.019817283377051353,0.00020824636158067733,1.0,0.0,0.0,0.0,1,225,0,0,0,0.019817283377051353,nan,nan,nan,0.1394209861755371,nan,nan,nan
49,2000,0.01979750581085682,0.00020824636158067733,1.0,0.0,0.0,0.0,1,226,0,0,0,0.01979750581085682,nan,nan,nan,0.13956913352012634,nan,nan,nan
50,0,0.3135272264480591,0.00020824636158067733,0.35595703125,0.1644287109375,0.40765380859375,0.07196044921875,4,693,580,594,427,0.1979534775018692,0.2814353406429291,0.4034694731235504,0.44902947545051575,0.4423416256904602,0.400543212890625,0.39433804154396057,0.3626345098018646
50,20,0.26668182015419006,0.00020824636158067733,0.47589111328125,0.13250732421875,0.3404541015625,0.0511474609375,4,692,530,591,348,0.1797260195016861,0.26894110441207886,0.36163944005966187,0.4378219246864319,0.4215404987335205,0.38409245014190674,0.38433024287223816,0.3316122889518738
50,40,0.2209392488002777,0.00020824636158067733,0.63726806640625,0.091064453125,0.24725341796875,0.0244140625,4,686,414,538,209,0.1639382690191269,0.26301297545433044,0.3313237130641937,0.4339546263217926,0.39956775307655334,0.3448038697242737,0.3501584827899933,0.2777799665927887
50,60,0.1764717400074005,0.00020824636158067733,0.80859375,0.04779052734375,0.1375732421875,0.00604248046875,3,664,275,420,66,0.1444541960954666,0.27297791838645935,0.31823471188545227,0.4701122045516968,0.3697962164878845,0.30800101161003113,0.3005186915397644,0.19821403920650482
50,80,0.13383910059928894,0.00020824636158067733,0.93182373046875,0.019775390625,0.047607421875,0.00079345703125,3,623,132,238,10,0.12073267996311188,0.28760960698127747,0.3196820020675659,0.5427995324134827,0.3294230103492737,0.24590188264846802,0.24697721004486084,0.11372542381286621
50,100,0.10099005699157715,0.00020824636158067733,0.982177734375,0.00445556640625,0.01336669921875,0.0,2,567,45,105,0,0.09698383510112762,0.30438119173049927,0.3275676667690277,nan,0.28580695390701294,0.18391308188438416,0.1971185952425003,nan
50,120,0.07558055222034454,0.00020824636158067733,0.9923095703125,0.0018310546875,0.005859375,0.0,1,526,21,61,0,0.07361443340778351,0.31092602014541626,0.3350045382976532,nan,0.25861698389053345,0.15109394490718842,0.16879144310951233,nan
50,140,0.05836406722664833,0.00020824636158067733,0.99786376953125,0.00030517578125,0.0018310546875,0.0,1,476,4,23,0,0.05776077136397362,0.3227822184562683,0.34306538105010986,nan,0.23047098517417908,0.03650723397731781,0.14134608209133148,nan
50,160,0.04668130725622177,0.00020824636158067733,0.99920654296875,0.0,0.00079345703125,0.0,1,420,0,12,0,0.04643865302205086,nan,0.3522602915763855,nan,0.20844006538391113,nan,0.10318166762590408,nan
50,180,0.039360903203487396,0.00020824636158067733,0.99981689453125,0.0,0.00018310546875,0.0,1,374,0,3,0,0.03930312395095825,nan,0.35486605763435364,nan,0.19274909794330597,nan,0.054421767592430115,nan
50,200,0.034409090876579285,0.00020824636158067733,0.99993896484375,0.0,6.103515625e-05,0.0,1,338,0,1,0,0.034389153122901917,nan,0.36097463965415955,nan,0.1809498518705368,nan,0.0,nan
50,220,0.03129631653428078,0.00020824636158067733,1.0,0.0,0.0,0.0,1,311,0,0,0,0.03129631653428078,nan,nan,nan,0.1716255247592926,nan,nan,nan
50,240,0.029017653316259384,0.00020824636158067733,1.0,0.0,0.0,0.0,1,306,0,0,0,0.029017653316259384,nan,nan,nan,0.16576224565505981,nan,nan,nan
50,260,0.027403181418776512,0.00020824636158067733,1.0,0.0,0.0,0.0,1,282,0,0,0,0.027403181418776512,nan,nan,nan,0.16138312220573425,nan,nan,nan
50,280,0.02603580243885517,0.00020824636158067733,1.0,0.0,0.0,0.0,1,279,0,0,0,0.02603580243885517,nan,nan,nan,0.15964363515377045,nan,nan,nan
50,300,0.025116844102740288,0.00020824636158067733,1.0,0.0,0.0,0.0,1,271,0,0,0,0.025116844102740288,nan,nan,nan,0.15594136714935303,nan,nan,nan
50,320,0.024259809404611588,0.00020824636158067733,1.0,0.0,0.0,0.0,1,271,0,0,0,0.024259809404611588,nan,nan,nan,0.15457874536514282,nan,nan,nan
50,340,0.023565415292978287,0.00020824636158067733,1.0,0.0,0.0,0.0,1,262,0,0,0,0.023565415292978287,nan,nan,nan,0.15183599293231964,nan,nan,nan
50,360,0.022998176515102386,0.00020824636158067733,1.0,0.0,0.0,0.0,1,256,0,0,0,0.022998176515102386,nan,nan,nan,0.1504889875650406,nan,nan,nan
50,380,0.022591855376958847,0.00020824636158067733,1.0,0.0,0.0,0.0,1,253,0,0,0,0.022591855376958847,nan,nan,nan,0.1490929126739502,nan,nan,nan
50,400,0.022196050733327866,0.00020824636158067733,1.0,0.0,0.0,0.0,1,251,0,0,0,0.022196050733327866,nan,nan,nan,0.14717449247837067,nan,nan,nan
50,420,0.0219162218272686,0.00020824636158067733,1.0,0.0,0.0,0.0,1,245,0,0,0,0.0219162218272686,nan,nan,nan,0.14604321122169495,nan,nan,nan
50,440,0.021620476618409157,0.00020824636158067733,1.0,0.0,0.0,0.0,1,239,0,0,0,0.021620476618409157,nan,nan,nan,0.1445818692445755,nan,nan,nan
50,460,0.021384214982390404,0.00020824636158067733,1.0,0.0,0.0,0.0,1,243,0,0,0,0.021384214982390404,nan,nan,nan,0.14385201036930084,nan,nan,nan
50,480,0.021283654496073723,0.00020824636158067733,1.0,0.0,0.0,0.0,1,240,0,0,0,0.021283654496073723,nan,nan,nan,0.14445501565933228,nan,nan,nan
50,500,0.021047798916697502,0.00020824636158067733,1.0,0.0,0.0,0.0,1,234,0,0,0,0.021047798916697502,nan,nan,nan,0.1425594687461853,nan,nan,nan
50,520,0.020958570763468742,0.00020824636158067733,1.0,0.0,0.0,0.0,1,234,0,0,0,0.020958570763468742,nan,nan,nan,0.14289912581443787,nan,nan,nan
50,540,0.020809097215533257,0.00020824636158067733,1.0,0.0,0.0,0.0,1,239,0,0,0,0.020809097215533257,nan,nan,nan,0.14237205684185028,nan,nan,nan
50,560,0.02078896574676037,0.00020824636158067733,1.0,0.0,0.0,0.0,1,234,0,0,0,0.02078896574676037,nan,nan,nan,0.14157052338123322,nan,nan,nan
50,580,0.020720837637782097,0.00020824636158067733,1.0,0.0,0.0,0.0,1,237,0,0,0,0.020720837637782097,nan,nan,nan,0.1420617550611496,nan,nan,nan
50,600,0.020584480836987495,0.00020824636158067733,1.0,0.0,0.0,0.0,1,238,0,0,0,0.020584480836987495,nan,nan,nan,0.14203520119190216,nan,nan,nan
50,620,0.02060003951191902,0.00020824636158067733,1.0,0.0,0.0,0.0,1,231,0,0,0,0.02060003951191902,nan,nan,nan,0.14040306210517883,nan,nan,nan
50,640,0.020449191331863403,0.00020824636158067733,1.0,0.0,0.0,0.0,1,235,0,0,0,0.020449191331863403,nan,nan,nan,0.14165158569812775,nan,nan,nan
50,660,0.02041039988398552,0.00020824636158067733,1.0,0.0,0.0,0.0,1,232,0,0,0,0.02041039988398552,nan,nan,nan,0.141953244805336,nan,nan,nan
50,680,0.02035711705684662,0.00020824636158067733,1.0,0.0,0.0,0.0,1,230,0,0,0,0.02035711705684662,nan,nan,nan,0.14059239625930786,nan,nan,nan
50,700,0.020381316542625427,0.00020824636158067733,1.0,0.0,0.0,0.0,1,229,0,0,0,0.020381316542625427,nan,nan,nan,0.14106401801109314,nan,nan,nan
50,720,0.020294683054089546,0.00020824636158067733,1.0,0.0,0.0,0.0,1,230,0,0,0,0.020294683054089546,nan,nan,nan,0.14116230607032776,nan,nan,nan
50,740,0.020247654989361763,0.00020824636158067733,1.0,0.0,0.0,0.0,1,231,0,0,0,0.020247654989361763,nan,nan,nan,0.14028184115886688,nan,nan,nan
50,760,0.02023901417851448,0.00020824636158067733,1.0,0.0,0.0,0.0,1,234,0,0,0,0.02023901417851448,nan,nan,nan,0.1411471962928772,nan,nan,nan
50,780,0.020195646211504936,0.00020824636158067733,1.0,0.0,0.0,0.0,1,231,0,0,0,0.020195646211504936,nan,nan,nan,0.14092952013015747,nan,nan,nan
50,800,0.020181510597467422,0.00020824636158067733,1.0,0.0,0.0,0.0,1,230,0,0,0,0.020181510597467422,nan,nan,nan,0.14081299304962158,nan,nan,nan
50,820,0.02017907053232193,0.00020824636158067733,1.0,0.0,0.0,0.0,1,227,0,0,0,0.02017907053232193,nan,nan,nan,0.1393537074327469,nan,nan,nan
50,840,0.020250758156180382,0.00020824636158067733,1.0,0.0,0.0,0.0,1,232,0,0,0,0.020250758156180382,nan,nan,nan,0.1398191750049591,nan,nan,nan
50,860,0.02012772113084793,0.00020824636158067733,1.0,0.0,0.0,0.0,1,232,0,0,0,0.02012772113084793,nan,nan,nan,0.1397666186094284,nan,nan,nan
50,880,0.020050494000315666,0.00020824636158067733,1.0,0.0,0.0,0.0,1,232,0,0,0,0.020050494000315666,nan,nan,nan,0.1399867981672287,nan,nan,nan
50,900,0.0200534425675869,0.00020824636158067733,1.0,0.0,0.0,0.0,1,229,0,0,0,0.0200534425675869,nan,nan,nan,0.14018873870372772,nan,nan,nan
50,920,0.020048663020133972,0.00020824636158067733,1.0,0.0,0.0,0.0,1,232,0,0,0,0.020048663020133972,nan,nan,nan,0.14080479741096497,nan,nan,nan
50,940,0.020189696922898293,0.00020824636158067733,1.0,0.0,0.0,0.0,1,233,0,0,0,0.020189696922898293,nan,nan,nan,0.14130815863609314,nan,nan,nan
50,960,0.01998668909072876,0.00020824636158067733,1.0,0.0,0.0,0.0,1,226,0,0,0,0.01998668909072876,nan,nan,nan,0.13991670310497284,nan,nan,nan
50,980,0.02000717632472515,0.00020824636158067733,1.0,0.0,0.0,0.0,1,227,0,0,0,0.02000717632472515,nan,nan,nan,0.1395099014043808,nan,nan,nan
50,1000,0.019983381032943726,0.00020824636158067733,1.0,0.0,0.0,0.0,1,231,0,0,0,0.019983381032943726,nan,nan,nan,0.14019624888896942,nan,nan,nan
50,1020,0.019969910383224487,0.00020824636158067733,1.0,0.0,0.0,0.0,1,223,0,0,0,0.019969910383224487,nan,nan,nan,0.1396615207195282,nan,nan,nan
50,1040,0.020025987178087234,0.00020824636158067733,1.0,0.0,0.0,0.0,1,224,0,0,0,0.020025987178087234,nan,nan,nan,0.13877101242542267,nan,nan,nan
50,1060,0.01996259018778801,0.00020824636158067733,1.0,0.0,0.0,0.0,1,229,0,0,0,0.01996259018778801,nan,nan,nan,0.13911713659763336,nan,nan,nan
50,1080,0.019976671785116196,0.00020824636158067733,1.0,0.0,0.0,0.0,1,222,0,0,0,0.019976671785116196,nan,nan,nan,0.13864561915397644,nan,nan,nan
50,1100,0.019926642999053,0.00020824636158067733,1.0,0.0,0.0,0.0,1,229,0,0,0,0.019926642999053,nan,nan,nan,0.1401863545179367,nan,nan,nan
50,1120,0.019965842366218567,0.00020824636158067733,1.0,0.0,0.0,0.0,1,222,0,0,0,0.019965842366218567,nan,nan,nan,0.13861235976219177,nan,nan,nan
50,1140,0.019919220358133316,0.00020824636158067733,1.0,0.0,0.0,0.0,1,228,0,0,0,0.019919220358133316,nan,nan,nan,0.13929259777069092,nan,nan,nan
50,1160,0.019916221499443054,0.00020824636158067733,1.0,0.0,0.0,0.0,1,225,0,0,0,0.019916221499443054,nan,nan,nan,0.13949880003929138,nan,nan,nan
50,1180,0.019971180707216263,0.00020824636158067733,1.0,0.0,0.0,0.0,1,228,0,0,0,0.019971180707216263,nan,nan,nan,0.1396568864583969,nan,nan,nan
50,1200,0.019934676587581635,0.00020824636158067733,1.0,0.0,0.0,0.0,1,227,0,0,0,0.019934676587581635,nan,nan,nan,0.13903836905956268,nan,nan,nan
50,1220,0.019877329468727112,0.00020824636158067733,1.0,0.0,0.0,0.0,1,227,0,0,0,0.019877329468727112,nan,nan,nan,0.13939021527767181,nan,nan,nan
50,1240,0.019908443093299866,0.00020824636158067733,1.0,0.0,0.0,0.0,1,226,0,0,0,0.019908443093299866,nan,nan,nan,0.1391163319349289,nan,nan,nan
50,1260,0.019873615354299545,0.00020824636158067733,1.0,0.0,0.0,0.0,1,228,0,0,0,0.019873615354299545,nan,nan,nan,0.13922391831874847,nan,nan,nan
50,1280,0.019867513328790665,0.00020824636158067733,1.0,0.0,0.0,0.0,1,230,0,0,0,0.019867513328790665,nan,nan,nan,0.13921548426151276,nan,nan,nan
50,1300,0.019860193133354187,0.00020824636158067733,1.0,0.0,0.0,0.0,1,227,0,0,0,0.019860193133354187,nan,nan,nan,0.1394193321466446,nan,nan,nan
50,1320,0.019891967996954918,0.00020824636158067733,1.0,0.0,0.0,0.0,1,229,0,0,0,0.019891967996954918,nan,nan,nan,0.14004391431808472,nan,nan,nan
50,1340,0.019932439550757408,0.00020824636158067733,1.0,0.0,0.0,0.0,1,231,0,0,0,0.019932439550757408,nan,nan,nan,0.1396605521440506,nan,nan,nan
50,1360,0.019878802821040154,0.00020824636158067733,1.0,0.0,0.0,0.0,1,231,0,0,0,0.019878802821040154,nan,nan,nan,0.13893474638462067,nan,nan,nan
50,1380,0.019936302676796913,0.00020824636158067733,1.0,0.0,0.0,0.0,1,230,0,0,0,0.019936302676796913,nan,nan,nan,0.14057140052318573,nan,nan,nan
50,1400,0.01985388994216919,0.00020824636158067733,1.0,0.0,0.0,0.0,1,230,0,0,0,0.01985388994216919,nan,nan,nan,0.1400344967842102,nan,nan,nan
50,1420,0.019820231944322586,0.00020824636158067733,1.0,0.0,0.0,0.0,1,229,0,0,0,0.019820231944322586,nan,nan,nan,0.13958394527435303,nan,nan,nan
50,1440,0.01986822485923767,0.00020824636158067733,1.0,0.0,0.0,0.0,1,231,0,0,0,0.01986822485923767,nan,nan,nan,0.14020612835884094,nan,nan,nan
50,1460,0.01985078677535057,0.00020824636158067733,1.0,0.0,0.0,0.0,1,232,0,0,0,0.01985078677535057,nan,nan,nan,0.1397053301334381,nan,nan,nan
50,1480,0.019956182688474655,0.00020824636158067733,1.0,0.0,0.0,0.0,1,228,0,0,0,0.019956182688474655,nan,nan,nan,0.13866400718688965,nan,nan,nan
50,1500,0.01989384926855564,0.00020824636158067733,1.0,0.0,0.0,0.0,1,231,0,0,0,0.01989384926855564,nan,nan,nan,0.13904684782028198,nan,nan,nan
50,1520,0.01995496265590191,0.00020824636158067733,1.0,0.0,0.0,0.0,1,226,0,0,0,0.01995496265590191,nan,nan,nan,0.13856784999370575,nan,nan,nan
50,1540,0.019854245707392693,0.00020824636158067733,1.0,0.0,0.0,0.0,1,229,0,0,0,0.019854245707392693,nan,nan,nan,0.13932688534259796,nan,nan,nan
50,1560,0.01991342380642891,0.00020824636158067733,1.0,0.0,0.0,0.0,1,227,0,0,0,0.01991342380642891,nan,nan,nan,0.13983608782291412,nan,nan,nan
50,1580,0.019840620458126068,0.00020824636158067733,1.0,0.0,0.0,0.0,1,228,0,0,0,0.019840620458126068,nan,nan,nan,0.13889457285404205,nan,nan,nan
50,1600,0.01987753063440323,0.00020824636158067733,1.0,0.0,0.0,0.0,1,227,0,0,0,0.01987753063440323,nan,nan,nan,0.13851597905158997,nan,nan,nan
50,1620,0.019864413887262344,0.00020824636158067733,1.0,0.0,0.0,0.0,1,228,0,0,0,0.019864413887262344,nan,nan,nan,0.13856370747089386,nan,nan,nan
50,1640,0.0198286734521389,0.00020824636158067733,1.0,0.0,0.0,0.0,1,230,0,0,0,0.0198286734521389,nan,nan,nan,0.13925886154174805,nan,nan,nan
50,1660,0.01986359991133213,0.00020824636158067733,1.0,0.0,0.0,0.0,1,226,0,0,0,0.01986359991133213,nan,nan,nan,0.1383858621120453,nan,nan,nan
50,1680,0.019867107272148132,0.00020824636158067733,1.0,0.0,0.0,0.0,1,227,0,0,0,0.019867107272148132,nan,nan,nan,0.14000654220581055,nan,nan,nan
50,1700,0.019818909466266632,0.00020824636158067733,1.0,0.0,0.0,0.0,1,231,0,0,0,0.019818909466266632,nan,nan,nan,0.13973665237426758,nan,nan,nan
50,1720,0.019840873777866364,0.00020824636158067733,1.0,0.0,0.0,0.0,1,229,0,0,0,0.019840873777866364,nan,nan,nan,0.13879363238811493,nan,nan,nan
50,1740,0.019794048741459846,0.00020824636158067733,1.0,0.0,0.0,0.0,1,231,0,0,0,0.019794048741459846,nan,nan,nan,0.13928431272506714,nan,nan,nan
50,1760,0.019837364554405212,0.00020824636158067733,1.0,0.0,0.0,0.0,1,228,0,0,0,0.019837364554405212,nan,nan,nan,0.1388818621635437,nan,nan,nan
50,1780,0.019822774454951286,0.00020824636158067733,1.0,0.0,0.0,0.0,1,230,0,0,0,0.019822774454951286,nan,nan,nan,0.1390175074338913,nan,nan,nan
50,1800,0.019821401685476303,0.00020824636158067733,1.0,0.0,0.0,0.0,1,229,0,0,0,0.019821401685476303,nan,nan,nan,0.1389940232038498,nan,nan,nan
50,1820,0.019834009930491447,0.00020824636158067733,1.0,0.0,0.0,0.0,1,227,0,0,0,0.019834009930491447,nan,nan,nan,0.13881175220012665,nan,nan,nan
50,1840,0.019790489226579666,0.00020824636158067733,1.0,0.0,0.0,0.0,1,229,0,0,0,0.019790489226579666,nan,nan,nan,0.13932961225509644,nan,nan,nan
50,1860,0.019812148064374924,0.00020824636158067733,1.0,0.0,0.0,0.0,1,230,0,0,0,0.019812148064374924,nan,nan,nan,0.1392473578453064,nan,nan,nan
50,1880,0.019777169451117516,0.00020824636158067733,1.0,0.0,0.0,0.0,1,227,0,0,0,0.019777169451117516,nan,nan,nan,0.139483243227005,nan,nan,nan
50,1900,0.019811589270830154,0.00020824636158067733,1.0,0.0,0.0,0.0,1,228,0,0,0,0.019811589270830154,nan,nan,nan,0.1396472454071045,nan,nan,nan
50,1920,0.01983329840004444,0.00020824636158067733,1.0,0.0,0.0,0.0,1,229,0,0,0,0.01983329840004444,nan,nan,nan,0.13957451283931732,nan,nan,nan
50,1940,0.019836144521832466,0.00020824636158067733,1.0,0.0,0.0,0.0,1,225,0,0,0,0.019836144521832466,nan,nan,nan,0.14005742967128754,nan,nan,nan
50,1960,0.019860144704580307,0.00020824636158067733,1.0,0.0,0.0,0.0,1,234,0,0,0,0.019860144704580307,nan,nan,nan,0.1403237134218216,nan,nan,nan
50,1980,0.019792981445789337,0.00020824636158067733,1.0,0.0,0.0,0.0,1,225,0,0,0,0.019792981445789337,nan,nan,nan,0.1395057737827301,nan,nan,nan
50,2000,0.019808132201433182,0.00020824636158067733,1.0,0.0,0.0,0.0,1,227,0,0,0,0.019808132201433182,nan,nan,nan,0.13926206529140472,nan,nan,nan
51,0,0.3220728039741516,0.00020824636158067733,0.318603515625,0.16583251953125,0.24090576171875,0.274658203125,4,671,580,573,544,0.19604873657226562,0.28522101044654846,0.36266690492630005,0.4549054801464081,0.41776224970817566,0.39489126205444336,0.3999888300895691,0.38012734055519104
51,20,0.27811339497566223,0.00020824636158067733,0.43731689453125,0.1722412109375,0.2119140625,0.17852783203125,4,667,559,548,500,0.1823243945837021,0.2751011252403259,0.34877634048461914,0.43178418278694153,0.40685081481933594,0.3837132751941681,0.3824574053287506,0.36126551032066345
51,40,0.23521409928798676,0.00020824636158067733,0.5594482421875,0.1693115234375,0.17462158203125,0.09661865234375,4,668,572,512,416,0.16285012662410736,0.2614133059978485,0.3360123932361603,0.42613494396209717,0.3908264935016632,0.37696149945259094,0.35626158118247986,0.32896262407302856
51,60,0.19410328567028046,0.00020824636158067733,0.68450927734375,0.15289306640625,0.12310791015625,0.03948974609375,4,654,518,437,242,0.1449846625328064,0.24704726040363312,0.3241696059703827,0.43505680561065674,0.3738241493701935,0.34971433877944946,0.31781044602394104,0.27723878622055054
51,80,0.15594948828220367,0.00020824636158067733,0.80181884765625,0.126953125,0.06317138671875,0.008056640625,3,629,433,284,74,0.12756502628326416,0.22982212901115417,0.3266330361366272,0.47847995162010193,0.35308027267456055,0.308147132396698,0.27494749426841736,0.19085830450057983
51,100,0.12027212232351303,0.00020824636158067733,0.89874267578125,0.083740234375,0.01727294921875,0.000244140625,3,596,270,120,4,0.10698973387479782,0.21706856787204742,0.33559650182724,0.5807164311408997,0.3202238976955414,0.23951812088489532,0.2180849313735962,0.053022000938653946
51,120,0.09341239184141159,0.00020824636158067733,0.9573974609375,0.03924560546875,0.00335693359375,0.0,2,539,133,35,0,0.08698543161153793,0.22768107056617737,0.3566582500934601,nan,0.2830295264720917,0.17500030994415283,0.1304054856300354,nan
51,140,0.07290063798427582,0.00020824636158067733,0.98040771484375,0.0184326171875,0.00115966796875,0.0,2,492,79,15,0,0.06943509727716446,0.23839573562145233,0.3722418546676636,nan,0.25448721647262573,0.13599146902561188,0.10953855514526367,nan
51,160,0.057704173028469086,0.00020824636158067733,0.99310302734375,0.00665283203125,0.000244140625,0.0,1,443,38,4,0,0.05630747601389885,0.2541196942329407,0.3867972493171692,nan,0.22847649455070496,0.10225754231214523,0.10406163334846497,nan
51,180,0.04640555381774902,0.00020824636158067733,0.99822998046875,0.00177001953125,0.0,0.0,1,400,18,0,0,0.046019844710826874,0.2639331519603729,nan,nan,0.20835165679454803,0.08683010935783386,nan,nan
51,200,0.038882944732904434,0.00020824636158067733,0.99957275390625,0.00042724609375,0.0,0.0,1,374,7,0,0,0.038778506219387054,0.28322726488113403,nan,nan,0.19252724945545197,0.07512592524290085,nan,nan
51,220,0.03383900225162506,0.00020824636158067733,0.99993896484375,6.103515625e-05,0.0,0.0,1,334,1,0,0,0.03382320702075958,0.29262810945510864,nan,nan,0.17896120250225067,0.0,nan,nan
51,240,0.03063034452497959,0.00020824636158067733,1.0,0.0,0.0,0.0,1,319,0,0,0,0.03063034452497959,nan,nan,nan,0.17212967574596405,nan,nan,nan
51,260,0.02842041850090027,0.00020824636158067733,1.0,0.0,0.0,0.0,1,300,0,0,0,0.02842041850090027,nan,nan,nan,0.16723673045635223,nan,nan,nan
51,280,0.026850232854485512,0.00020824636158067733,1.0,0.0,0.0,0.0,1,285,0,0,0,0.026850232854485512,nan,nan,nan,0.1613764464855194,nan,nan,nan
51,300,0.025624139234423637,0.00020824636158067733,1.0,0.0,0.0,0.0,1,279,0,0,0,0.025624139234423637,nan,nan,nan,0.15834563970565796,nan,nan,nan
51,320,0.024660896509885788,0.00020824636158067733,1.0,0.0,0.0,0.0,1,265,0,0,0,0.024660896509885788,nan,nan,nan,0.15443043410778046,nan,nan,nan
51,340,0.02399660274386406,0.00020824636158067733,1.0,0.0,0.0,0.0,1,260,0,0,0,0.02399660274386406,nan,nan,nan,0.15227451920509338,nan,nan,nan
51,360,0.023625662550330162,0.00020824636158067733,1.0,0.0,0.0,0.0,1,255,0,0,0,0.023625662550330162,nan,nan,nan,0.15116973221302032,nan,nan,nan
51,380,0.023050088435411453,0.00020824636158067733,1.0,0.0,0.0,0.0,1,249,0,0,0,0.023050088435411453,nan,nan,nan,0.14875680208206177,nan,nan,nan
51,400,0.022564705461263657,0.00020824636158067733,1.0,0.0,0.0,0.0,1,248,0,0,0,0.022564705461263657,nan,nan,nan,0.1478617936372757,nan,nan,nan
51,420,0.022252894937992096,0.00020824636158067733,1.0,0.0,0.0,0.0,1,245,0,0,0,0.022252894937992096,nan,nan,nan,0.14634986221790314,nan,nan,nan
51,440,0.021921459585428238,0.00020824636158067733,1.0,0.0,0.0,0.0,1,247,0,0,0,0.021921459585428238,nan,nan,nan,0.14613758027553558,nan,nan,nan
51,460,0.02169668860733509,0.00020824636158067733,1.0,0.0,0.0,0.0,1,245,0,0,0,0.02169668860733509,nan,nan,nan,0.14527131617069244,nan,nan,nan
51,480,0.021564554423093796,0.00020824636158067733,1.0,0.0,0.0,0.0,1,244,0,0,0,0.021564554423093796,nan,nan,nan,0.14474192261695862,nan,nan,nan
51,500,0.02134283445775509,0.00020824636158067733,1.0,0.0,0.0,0.0,1,240,0,0,0,0.02134283445775509,nan,nan,nan,0.1436927616596222,nan,nan,nan
51,520,0.021188732236623764,0.00020824636158067733,1.0,0.0,0.0,0.0,1,243,0,0,0,0.021188732236623764,nan,nan,nan,0.1440146267414093,nan,nan,nan
51,540,0.02104281634092331,0.00020824636158067733,1.0,0.0,0.0,0.0,1,238,0,0,0,0.02104281634092331,nan,nan,nan,0.14335639774799347,nan,nan,nan
51,560,0.0209627915173769,0.00020824636158067733,1.0,0.0,0.0,0.0,1,239,0,0,0,0.0209627915173769,nan,nan,nan,0.14349548518657684,nan,nan,nan
51,580,0.020839296281337738,0.00020824636158067733,1.0,0.0,0.0,0.0,1,234,0,0,0,0.020839296281337738,nan,nan,nan,0.14284275472164154,nan,nan,nan
51,600,0.020772594958543777,0.00020824636158067733,1.0,0.0,0.0,0.0,1,233,0,0,0,0.020772594958543777,nan,nan,nan,0.14232876896858215,nan,nan,nan
51,620,0.02074214071035385,0.00020824636158067733,1.0,0.0,0.0,0.0,1,233,0,0,0,0.02074214071035385,nan,nan,nan,0.14165765047073364,nan,nan,nan
51,640,0.020650116726756096,0.00020824636158067733,1.0,0.0,0.0,0.0,1,235,0,0,0,0.020650116726756096,nan,nan,nan,0.14271144568920135,nan,nan,nan
51,660,0.020574109628796577,0.00020824636158067733,1.0,0.0,0.0,0.0,1,232,0,0,0,0.020574109628796577,nan,nan,nan,0.14127711951732635,nan,nan,nan
51,680,0.0205328781157732,0.00020824636158067733,1.0,0.0,0.0,0.0,1,229,0,0,0,0.0205328781157732,nan,nan,nan,0.14036262035369873,nan,nan,nan
51,700,0.020508166402578354,0.00020824636158067733,1.0,0.0,0.0,0.0,1,231,0,0,0,0.020508166402578354,nan,nan,nan,0.1402461975812912,nan,nan,nan
51,720,0.020425651222467422,0.00020824636158067733,1.0,0.0,0.0,0.0,1,228,0,0,0,0.020425651222467422,nan,nan,nan,0.14069636166095734,nan,nan,nan
51,740,0.020375318825244904,0.00020824636158067733,1.0,0.0,0.0,0.0,1,228,0,0,0,0.020375318825244904,nan,nan,nan,0.14112888276576996,nan,nan,nan
51,760,0.020409483462572098,0.00020824636158067733,1.0,0.0,0.0,0.0,1,235,0,0,0,0.020409483462572098,nan,nan,nan,0.14240039885044098,nan,nan,nan
51,780,0.0202903114259243,0.00020824636158067733,1.0,0.0,0.0,0.0,1,233,0,0,0,0.0202903114259243,nan,nan,nan,0.14113937318325043,nan,nan,nan
51,800,0.020292090252041817,0.00020824636158067733,1.0,0.0,0.0,0.0,1,232,0,0,0,0.020292090252041817,nan,nan,nan,0.14084947109222412,nan,nan,nan
51,820,0.020278720185160637,0.00020824636158067733,1.0,0.0,0.0,0.0,1,230,0,0,0,0.020278720185160637,nan,nan,nan,0.14097577333450317,nan,nan,nan
51,840,0.02023916505277157,0.00020824636158067733,1.0,0.0,0.0,0.0,1,232,0,0,0,0.02023916505277157,nan,nan,nan,0.1402500569820404,nan,nan,nan
51,860,0.02021542191505432,0.00020824636158067733,1.0,0.0,0.0,0.0,1,229,0,0,0,0.02021542191505432,nan,nan,nan,0.13996830582618713,nan,nan,nan
51,880,0.020156802609562874,0.00020824636158067733,1.0,0.0,0.0,0.0,1,226,0,0,0,0.020156802609562874,nan,nan,nan,0.14026421308517456,nan,nan,nan
51,900,0.020162394270300865,0.00020824636158067733,1.0,0.0,0.0,0.0,1,230,0,0,0,0.020162394270300865,nan,nan,nan,0.13994663953781128,nan,nan,nan
51,920,0.0201431754976511,0.00020824636158067733,1.0,0.0,0.0,0.0,1,231,0,0,0,0.0201431754976511,nan,nan,nan,0.14021480083465576,nan,nan,nan
51,940,0.0201133843511343,0.00020824636158067733,1.0,0.0,0.0,0.0,1,230,0,0,0,0.0201133843511343,nan,nan,nan,0.14011768996715546,nan,nan,nan
51,960,0.02009502984583378,0.00020824636158067733,1.0,0.0,0.0,0.0,1,232,0,0,0,0.02009502984583378,nan,nan,nan,0.1406850963830948,nan,nan,nan
51,980,0.020083388313651085,0.00020824636158067733,1.0,0.0,0.0,0.0,1,231,0,0,0,0.020083388313651085,nan,nan,nan,0.14052455127239227,nan,nan,nan
51,1000,0.02005389891564846,0.00020824636158067733,1.0,0.0,0.0,0.0,1,230,0,0,0,0.02005389891564846,nan,nan,nan,0.14021393656730652,nan,nan,nan
51,1020,0.020061373710632324,0.00020824636158067733,1.0,0.0,0.0,0.0,1,230,0,0,0,0.020061373710632324,nan,nan,nan,0.1394565850496292,nan,nan,nan
51,1040,0.02007037214934826,0.00020824636158067733,1.0,0.0,0.0,0.0,1,227,0,0,0,0.02007037214934826,nan,nan,nan,0.1393459588289261,nan,nan,nan
51,1060,0.019990703091025352,0.00020824636158067733,1.0,0.0,0.0,0.0,1,234,0,0,0,0.019990703091025352,nan,nan,nan,0.1397913545370102,nan,nan,nan
51,1080,0.020041953772306442,0.00020824636158067733,1.0,0.0,0.0,0.0,1,228,0,0,0,0.020041953772306442,nan,nan,nan,0.1402314156293869,nan,nan,nan
51,1100,0.020069660618901253,0.00020824636158067733,1.0,0.0,0.0,0.0,1,233,0,0,0,0.020069660618901253,nan,nan,nan,0.14112907648086548,nan,nan,nan
51,1120,0.019992992281913757,0.00020824636158067733,1.0,0.0,0.0,0.0,1,230,0,0,0,0.019992992281913757,nan,nan,nan,0.14059579372406006,nan,nan,nan
51,1140,0.019998988136649132,0.00020824636158067733,1.0,0.0,0.0,0.0,1,227,0,0,0,0.019998988136649132,nan,nan,nan,0.13980497419834137,nan,nan,nan
51,1160,0.0200071781873703,0.00020824636158067733,1.0,0.0,0.0,0.0,1,231,0,0,0,0.0200071781873703,nan,nan,nan,0.13992446660995483,nan,nan,nan
51,1180,0.019960859790444374,0.00020824636158067733,1.0,0.0,0.0,0.0,1,233,0,0,0,0.019960859790444374,nan,nan,nan,0.14010462164878845,nan,nan,nan
51,1200,0.019949624314904213,0.00020824636158067733,1.0,0.0,0.0,0.0,1,230,0,0,0,0.019949624314904213,nan,nan,nan,0.139542356133461,nan,nan,nan
51,1220,0.0199836865067482,0.00020824636158067733,1.0,0.0,0.0,0.0,1,228,0,0,0,0.0199836865067482,nan,nan,nan,0.13868321478366852,nan,nan,nan
51,1240,0.019948504865169525,0.00020824636158067733,1.0,0.0,0.0,0.0,1,227,0,0,0,0.019948504865169525,nan,nan,nan,0.13937439024448395,nan,nan,nan
51,1260,0.019911186769604683,0.00020824636158067733,1.0,0.0,0.0,0.0,1,229,0,0,0,0.019911186769604683,nan,nan,nan,0.13953611254692078,nan,nan,nan
51,1280,0.019924253225326538,0.00020824636158067733,1.0,0.0,0.0,0.0,1,231,0,0,0,0.019924253225326538,nan,nan,nan,0.13980333507061005,nan,nan,nan
51,1300,0.019925016909837723,0.00020824636158067733,1.0,0.0,0.0,0.0,1,227,0,0,0,0.019925016909837723,nan,nan,nan,0.1396106481552124,nan,nan,nan
51,1320,0.01997946761548519,0.00020824636158067733,1.0,0.0,0.0,0.0,1,225,0,0,0,0.01997946761548519,nan,nan,nan,0.13874375820159912,nan,nan,nan
51,1340,0.019925067201256752,0.00020824636158067733,1.0,0.0,0.0,0.0,1,226,0,0,0,0.019925067201256752,nan,nan,nan,0.13959456980228424,nan,nan,nan
51,1360,0.019903864711523056,0.00020824636158067733,1.0,0.0,0.0,0.0,1,229,0,0,0,0.019903864711523056,nan,nan,nan,0.14007145166397095,nan,nan,nan
51,1380,0.019898731261491776,0.00020824636158067733,1.0,0.0,0.0,0.0,1,226,0,0,0,0.019898731261491776,nan,nan,nan,0.14025016129016876,nan,nan,nan
51,1400,0.01987636275589466,0.00020824636158067733,1.0,0.0,0.0,0.0,1,225,0,0,0,0.01987636275589466,nan,nan,nan,0.13960526883602142,nan,nan,nan
51,1420,0.019875193014740944,0.00020824636158067733,1.0,0.0,0.0,0.0,1,222,0,0,0,0.019875193014740944,nan,nan,nan,0.13925643265247345,nan,nan,nan
51,1440,0.019907373934984207,0.00020824636158067733,1.0,0.0,0.0,0.0,1,229,0,0,0,0.019907373934984207,nan,nan,nan,0.1395902782678604,nan,nan,nan
51,1460,0.019899901002645493,0.00020824636158067733,1.0,0.0,0.0,0.0,1,223,0,0,0,0.019899901002645493,nan,nan,nan,0.140401229262352,nan,nan,nan
51,1480,0.019876006990671158,0.00020824636158067733,1.0,0.0,0.0,0.0,1,224,0,0,0,0.019876006990671158,nan,nan,nan,0.13997666537761688,nan,nan,nan
51,1500,0.019871633499860764,0.00020824636158067733,1.0,0.0,0.0,0.0,1,227,0,0,0,0.019871633499860764,nan,nan,nan,0.1392245888710022,nan,nan,nan
51,1520,0.01985323056578636,0.00020824636158067733,1.0,0.0,0.0,0.0,1,223,0,0,0,0.01985323056578636,nan,nan,nan,0.13898149132728577,nan,nan,nan
51,1540,0.019866295158863068,0.00020824636158067733,1.0,0.0,0.0,0.0,1,223,0,0,0,0.019866295158863068,nan,nan,nan,0.1389641910791397,nan,nan,nan
51,1560,0.019879411906003952,0.00020824636158067733,1.0,0.0,0.0,0.0,1,224,0,0,0,0.019879411906003952,nan,nan,nan,0.13942790031433105,nan,nan,nan
51,1580,0.019888054579496384,0.00020824636158067733,1.0,0.0,0.0,0.0,1,228,0,0,0,0.019888054579496384,nan,nan,nan,0.13963592052459717,nan,nan,nan
51,1600,0.01985327899456024,0.00020824636158067733,1.0,0.0,0.0,0.0,1,226,0,0,0,0.01985327899456024,nan,nan,nan,0.13996970653533936,nan,nan,nan
51,1620,0.019876817241311073,0.00020824636158067733,1.0,0.0,0.0,0.0,1,228,0,0,0,0.019876817241311073,nan,nan,nan,0.1396762579679489,nan,nan,nan
51,1640,0.01981285959482193,0.00020824636158067733,1.0,0.0,0.0,0.0,1,223,0,0,0,0.01981285959482193,nan,nan,nan,0.13909518718719482,nan,nan,nan
51,1660,0.019835839048027992,0.00020824636158067733,1.0,0.0,0.0,0.0,1,225,0,0,0,0.019835839048027992,nan,nan,nan,0.13979004323482513,nan,nan,nan
51,1680,0.019849924370646477,0.00020824636158067733,1.0,0.0,0.0,0.0,1,226,0,0,0,0.019849924370646477,nan,nan,nan,0.13969863951206207,nan,nan,nan
51,1700,0.01986319199204445,0.00020824636158067733,1.0,0.0,0.0,0.0,1,232,0,0,0,0.01986319199204445,nan,nan,nan,0.14000527560710907,nan,nan,nan
51,1720,0.019857242703437805,0.00020824636158067733,1.0,0.0,0.0,0.0,1,229,0,0,0,0.019857242703437805,nan,nan,nan,0.1395414173603058,nan,nan,nan
51,1740,0.01980258896946907,0.00020824636158067733,1.0,0.0,0.0,0.0,1,228,0,0,0,0.01980258896946907,nan,nan,nan,0.13972198963165283,nan,nan,nan
51,1760,0.019844381138682365,0.00020824636158067733,1.0,0.0,0.0,0.0,1,228,0,0,0,0.019844381138682365,nan,nan,nan,0.1400042623281479,nan,nan,nan
51,1780,0.01985139772295952,0.00020824636158067733,1.0,0.0,0.0,0.0,1,229,0,0,0,0.01985139772295952,nan,nan,nan,0.13990099728107452,nan,nan,nan
51,1800,0.019878344610333443,0.00020824636158067733,1.0,0.0,0.0,0.0,1,226,0,0,0,0.019878344610333443,nan,nan,nan,0.1393905133008957,nan,nan,nan
51,1820,0.01980157382786274,0.00020824636158067733,1.0,0.0,0.0,0.0,1,224,0,0,0,0.01980157382786274,nan,nan,nan,0.13902613520622253,nan,nan,nan
51,1840,0.019876208156347275,0.00020824636158067733,1.0,0.0,0.0,0.0,1,231,0,0,0,0.019876208156347275,nan,nan,nan,0.1397283524274826,nan,nan,nan
51,1860,0.01989339478313923,0.00020824636158067733,1.0,0.0,0.0,0.0,1,229,0,0,0,0.01989339478313923,nan,nan,nan,0.13937319815158844,nan,nan,nan
51,1880,0.019879411906003952,0.00020824636158067733,1.0,0.0,0.0,0.0,1,233,0,0,0,0.019879411906003952,nan,nan,nan,0.14032109081745148,nan,nan,nan
51,1900,0.019849516451358795,0.00020824636158067733,1.0,0.0,0.0,0.0,1,222,0,0,0,0.019849516451358795,nan,nan,nan,0.13895846903324127,nan,nan,nan
51,1920,0.019815199077129364,0.00020824636158067733,1.0,0.0,0.0,0.0,1,227,0,0,0,0.019815199077129364,nan,nan,nan,0.13955044746398926,nan,nan,nan
51,1940,0.019910983741283417,0.00020824636158067733,1.0,0.0,0.0,0.0,1,226,0,0,0,0.019910983741283417,nan,nan,nan,0.13883069157600403,nan,nan,nan
51,1960,0.019798370078206062,0.00020824636158067733,1.0,0.0,0.0,0.0,1,228,0,0,0,0.019798370078206062,nan,nan,nan,0.1399247795343399,nan,nan,nan
51,1980,0.01979130320250988,0.00020824636158067733,1.0,0.0,0.0,0.0,1,228,0,0,0,0.01979130320250988,nan,nan,nan,0.13983887434005737,nan,nan,nan
51,2000,0.01982114650309086,0.00020824636158067733,1.0,0.0,0.0,0.0,1,231,0,0,0,0.01982114650309086,nan,nan,nan,0.1398313343524933,nan,nan,nan
