seed,epoch,mean_f,best_f,p_0,p_1,p_2,p_3,occupied_basins,unique_0,unique_1,unique_2,unique_3,mean_f_0,mean_f_1,mean_f_2,mean_f_3,spread_0,spread_1,spread_2,spread_3
42,0,0.31506842374801636,0.00020824636158067733,0.26251220703125,0.3232421875,0.21771240234375,0.196533203125,4,687,645,591,541,0.19591394066810608,0.2826805114746094,0.38364851474761963,0.4515233337879181,0.44065195322036743,0.41879308223724365,0.4110913574695587,0.3790701627731323
42,20,0.29831117391586304,0.00020824636158067733,0.30084228515625,0.27484130859375,0.2208251953125,0.2034912109375,4,686,623,587,538,0.18383024632930756,0.2708366811275482,0.35769975185394287,0.4402206242084503,0.4287140369415283,0.41109833121299744,0.394719660282135,0.3710230588912964
42,40,0.29176196455955505,0.00020824636158067733,0.310546875,0.27447509765625,0.22259521484375,0.1923828125,4,684,622,578,533,0.17880438268184662,0.2684607207775116,0.3518373370170593,0.43783384561538696,0.42194411158561707,0.40972989797592163,0.38912907242774963,0.3695186376571655
42,60,0.2947937846183777,0.00020824636158067733,0.30670166015625,0.2728271484375,0.221923828125,0.19854736328125,4,686,624,582,535,0.18010109663009644,0.2712152600288391,0.35293546319007874,0.4393753111362457,0.42358455061912537,0.4127159118652344,0.39038607478141785,0.37063485383987427
42,80,0.2943112850189209,0.00020824636158067733,0.30767822265625,0.275634765625,0.22161865234375,0.195068359375,4,688,629,579,535,0.1803971529006958,0.27155590057373047,0.3531985282897949,0.43923771381378174,0.4241451621055603,0.4130881130695343,0.3905497193336487,0.37088847160339355
42,100,0.2944847047328949,0.00020824636158067733,0.3067626953125,0.272705078125,0.2235107421875,0.197021484375,4,688,627,585,535,0.17995992302894592,0.2711997330188751,0.3528765141963959,0.43878692388534546,0.4234834909439087,0.41249707341194153,0.38998347520828247,0.37036266922950745
42,120,0.29532453417778015,0.00020824636158067733,0.307373046875,0.2723388671875,0.22247314453125,0.19781494140625,4,685,629,582,539,0.18065513670444489,0.2721153795719147,0.35370877385139465,0.4397934377193451,0.4243209958076477,0.413596510887146,0.39107877016067505,0.3710018992424011
42,140,0.29392603039741516,0.00020824636158067733,0.3082275390625,0.27325439453125,0.2232666015625,0.19525146484375,4,684,625,580,536,0.18049269914627075,0.2709912657737732,0.3530835211277008,0.4374455511569977,0.424148291349411,0.4119504988193512,0.3901933431625366,0.3690154552459717
42,160,0.29442042112350464,0.00020824636158067733,0.307373046875,0.274658203125,0.22314453125,0.19482421875,4,687,628,580,535,0.180690199136734,0.27144855260849,0.3536319434642792,0.4384182095527649,0.424319326877594,0.4130091965198517,0.39103013277053833,0.36956986784935
42,180,0.2930673062801361,0.00020824636158067733,0.3140869140625,0.27130126953125,0.221435546875,0.19317626953125,4,689,628,583,534,0.1819109320640564,0.26991820335388184,0.35321322083473206,0.4373641312122345,0.425765722990036,0.4107476770877838,0.39063388109207153,0.36881062388420105
42,200,0.2943873107433319,0.00020824636158067733,0.31097412109375,0.27081298828125,0.2213134765625,0.1968994140625,4,689,632,583,537,0.18186382949352264,0.2702917754650116,0.35360315442085266,0.438684344291687,0.42583173513412476,0.41126424074172974,0.39089298248291016,0.37027427554130554
42,220,0.2941547632217407,0.00020824636158067733,0.3096923828125,0.2738037109375,0.2220458984375,0.1944580078125,4,687,636,583,536,0.18134844303131104,0.27079737186431885,0.3531775176525116,0.4393010139465332,0.42504066228866577,0.4121147096157074,0.3904828429222107,0.37089553475379944
42,240,0.29384326934814453,0.00020824636158067733,0.31170654296875,0.27325439453125,0.2213134765625,0.1937255859375,4,691,639,585,540,0.18150140345096588,0.27073025703430176,0.35300445556640625,0.43961799144744873,0.42508113384246826,0.41186103224754333,0.39028090238571167,0.3715142607688904
42,260,0.2938227355480194,0.00020824636158067733,0.316162109375,0.270263671875,0.21893310546875,0.19464111328125,4,693,639,585,545,0.18190103769302368,0.27068260312080383,0.3535083532333374,0.44061699509620667,0.42563143372535706,0.4116648733615875,0.3909737467765808,0.3726222515106201
42,280,0.2942464053630829,0.00020824636158067733,0.3167724609375,0.26971435546875,0.21905517578125,0.1944580078125,4,693,643,587,542,0.18233497440814972,0.27097928524017334,0.3541549742221832,0.44133564829826355,0.42605867981910706,0.4122357666492462,0.39169690012931824,0.37335535883903503
42,300,0.2949964106082916,0.00020824636158067733,0.3155517578125,0.271484375,0.21728515625,0.1956787109375,4,697,639,586,543,0.18289679288864136,0.2723607122898102,0.3533281981945038,0.4424005150794983,0.42658504843711853,0.41383224725723267,0.39072561264038086,0.37462830543518066
42,320,0.2938898801803589,0.00020824636158067733,0.3182373046875,0.2696533203125,0.22039794921875,0.19171142578125,4,695,638,583,541,0.1829317808151245,0.27122288942337036,0.3541785180568695,0.44065091013908386,0.4263281226158142,0.41205859184265137,0.39159590005874634,0.37356966733932495
42,340,0.2952066659927368,0.00020824636158067733,0.31964111328125,0.26812744140625,0.2197265625,0.1925048828125,4,697,642,588,547,0.18407949805259705,0.27227702736854553,0.35463765263557434,0.4438278377056122,0.4276295602321625,0.4137737452983856,0.3922072947025299,0.3769667446613312
42,360,0.29549166560173035,0.00020824636158067733,0.31536865234375,0.270263671875,0.21929931640625,0.195068359375,4,696,643,590,545,0.18382488191127777,0.271158367395401,0.3552417457103729,0.44256553053855896,0.42692244052886963,0.412092387676239,0.39298155903816223,0.37558475136756897
42,380,0.29539695382118225,0.00020824636158067733,0.32000732421875,0.2672119140625,0.22137451171875,0.19140625,4,697,644,592,542,0.18479405343532562,0.27123963832855225,0.3564741313457489,0.44339585304260254,0.4282800257205963,0.412067711353302,0.3945544362068176,0.37703368067741394
42,400,0.29530462622642517,0.00020824636158067733,0.3209228515625,0.26611328125,0.22064208984375,0.19232177734375,4,698,641,590,542,0.18460427224636078,0.2707553207874298,0.35684075951576233,0.4433986246585846,0.4279358386993408,0.41172510385513306,0.39516860246658325,0.3769339621067047
42,420,0.29551512002944946,0.00020824636158067733,0.32080078125,0.26702880859375,0.21905517578125,0.193115234375,4,700,640,590,541,0.18546636402606964,0.27085331082344055,0.35673609375953674,0.4429832398891449,0.42854273319244385,0.4114965796470642,0.39506906270980835,0.37648817896842957
42,440,0.29536208510398865,0.00020824636158067733,0.31878662109375,0.26904296875,0.22125244140625,0.19091796875,4,700,642,591,544,0.18495064973831177,0.2703116834163666,0.35740455985069275,0.4431234300136566,0.4278734028339386,0.41096732020378113,0.39591479301452637,0.37677642703056335
42,460,0.2951427400112152,0.00020824636158067733,0.3194580078125,0.2705078125,0.219970703125,0.1900634765625,4,700,642,594,541,0.18489675223827362,0.27033066749572754,0.3579384684562683,0.4430806338787079,0.4277624785900116,0.4112878441810608,0.39654481410980225,0.37654733657836914
42,480,0.29515761137008667,0.00020824636158067733,0.3212890625,0.269287109375,0.2191162109375,0.1903076171875,4,700,645,596,539,0.18494826555252075,0.2706124782562256,0.35833385586738586,0.44321176409721375,0.428040474653244,0.4113461375236511,0.39699670672416687,0.37662461400032043
42,500,0.2949051558971405,0.00020824636158067733,0.320556640625,0.26898193359375,0.22100830078125,0.189453125,4,700,642,594,543,0.184590682387352,0.2700417637825012,0.357869029045105,0.4434078633785248,0.4275563359260559,0.41076192259788513,0.3963363766670227,0.3771880269050598
42,520,0.2944500148296356,0.00020824636158067733,0.3232421875,0.26708984375,0.2205810546875,0.1890869140625,4,699,643,594,543,0.184502512216568,0.27056023478507996,0.35736164450645447,0.4427588880062103,0.4273650348186493,0.41122761368751526,0.3959330916404724,0.37632641196250916
42,540,0.2944265902042389,0.00020824636158067733,0.32354736328125,0.26898193359375,0.2174072265625,0.1900634765625,4,699,643,594,544,0.1849028617143631,0.2703790068626404,0.3575240671634674,0.44272780418395996,0.4280005991458893,0.4110994338989258,0.39598292112350464,0.37594494223594666
42,560,0.29435670375823975,0.00020824636158067733,0.32196044921875,0.27056884765625,0.2191162109375,0.1883544921875,4,700,645,595,540,0.18451282382011414,0.2703174650669098,0.3576572835445404,0.4430098235607147,0.42723387479782104,0.41110554337501526,0.39615267515182495,0.3763531744480133
42,580,0.2945871353149414,0.00020824636158067733,0.32098388671875,0.269287109375,0.220703125,0.18902587890625,4,700,645,592,543,0.18422770500183105,0.26992127299308777,0.358157753944397,0.442903071641922,0.4269184470176697,0.41042181849479675,0.3967016041278839,0.37621212005615234
42,600,0.2947542667388916,0.00020824636158067733,0.32012939453125,0.2694091796875,0.2205810546875,0.18988037109375,4,700,643,593,543,0.1836918294429779,0.2700765132904053,0.35794803500175476,0.44360268115997314,0.42638757824897766,0.4106895327568054,0.3964395821094513,0.37695813179016113
42,620,0.2940545082092285,0.00020824636158067733,0.321044921875,0.27099609375,0.219482421875,0.1884765625,4,700,646,593,547,0.18344369530677795,0.26995208859443665,0.35774990916252136,0.4429467022418976,0.4259513318538666,0.41071778535842896,0.3961111009120941,0.3763423264026642
42,640,0.2940625548362732,0.00020824636158067733,0.32080078125,0.27044677734375,0.22003173828125,0.188720703125,4,700,644,592,546,0.18312732875347137,0.2701599895954132,0.35748276114463806,0.4429492652416229,0.42560186982154846,0.41093218326568604,0.3958324193954468,0.37632331252098083
42,660,0.29434409737586975,0.00020824636158067733,0.3211669921875,0.27056884765625,0.2183837890625,0.18988037109375,4,700,646,590,547,0.1837107390165329,0.2696368396282196,0.3576093912124634,0.4439156651496887,0.4263591468334198,0.4101063013076782,0.396008163690567,0.3774110972881317
42,680,0.2937912046909332,0.00020824636158067733,0.32159423828125,0.26873779296875,0.2213134765625,0.1883544921875,4,701,645,591,546,0.1830119490623474,0.26969513297080994,0.3571949005126953,0.44281548261642456,0.4253488779067993,0.41010913252830505,0.39557167887687683,0.37629538774490356
42,700,0.2937574088573456,0.00020824636158067733,0.32257080078125,0.26861572265625,0.220458984375,0.1883544921875,4,700,645,596,547,0.1831715852022171,0.2698332369327545,0.35714080929756165,0.44307535886764526,0.42586565017700195,0.4103735089302063,0.39532434940338135,0.37645161151885986
42,720,0.29355573654174805,0.00020824636158067733,0.32244873046875,0.26995849609375,0.2191162109375,0.1884765625,4,699,645,593,546,0.18321672081947327,0.26866114139556885,0.35758575797080994,0.443543404340744,0.42588818073272705,0.40889066457748413,0.39581775665283203,0.37722113728523254
42,740,0.29359114170074463,0.00020824636158067733,0.3214111328125,0.2686767578125,0.2220458984375,0.1878662109375,4,699,646,592,542,0.18263712525367737,0.2685083746910095,0.35766738653182983,0.44355496764183044,0.42502108216285706,0.4087553918361664,0.3959462642669678,0.37722647190093994
42,760,0.2939453721046448,0.00020824636158067733,0.3212890625,0.26751708984375,0.2218017578125,0.18939208984375,4,699,647,595,544,0.18255120515823364,0.268673837184906,0.35764217376708984,0.44401606917381287,0.42504939436912537,0.4091666638851166,0.39574405550956726,0.377667635679245
42,780,0.29396042227745056,0.00020824636158067733,0.32000732421875,0.26983642578125,0.22039794921875,0.18975830078125,4,700,645,593,542,0.1826457381248474,0.2688426673412323,0.3575342297554016,0.4435596168041229,0.4250949025154114,0.40925416350364685,0.39564868807792664,0.3771260678768158
42,800,0.2932852506637573,0.00020824636158067733,0.321044921875,0.2708740234375,0.22027587890625,0.18780517578125,4,701,644,592,544,0.18229317665100098,0.2686084806919098,0.35747623443603516,0.4433238208293915,0.4245765805244446,0.4089260995388031,0.39575937390327454,0.3770314157009125
42,820,0.29311227798461914,0.00020824636158067733,0.3218994140625,0.26922607421875,0.22125244140625,0.1876220703125,4,701,644,591,544,0.18181851506233215,0.2689966559410095,0.35743167996406555,0.44281283020973206,0.4241253435611725,0.4095217287540436,0.39573776721954346,0.3764013648033142
42,840,0.2931988537311554,0.00020824636158067733,0.32177734375,0.269287109375,0.2210693359375,0.1878662109375,4,701,643,590,544,0.18177050352096558,0.26893100142478943,0.3575264811515808,0.44314220547676086,0.4239172041416168,0.4094531536102295,0.39569684863090515,0.37663161754608154
42,860,0.2935400605201721,0.00020824636158067733,0.3201904296875,0.26983642578125,0.2210693359375,0.18890380859375,4,702,643,590,543,0.18180829286575317,0.2690815329551697,0.3572022318840027,0.44335973262786865,0.42396554350852966,0.4096609354019165,0.3952958881855011,0.37685009837150574
42,880,0.29289281368255615,0.00020824636158067733,0.32171630859375,0.2718505859375,0.22125244140625,0.1851806640625,4,701,645,590,543,0.1818469762802124,0.2696670591831207,0.35741424560546875,0.4428201913833618,0.42416107654571533,0.41024163365364075,0.39547693729400635,0.37622687220573425
42,900,0.2928234338760376,0.00020824636158067733,0.32379150390625,0.26953125,0.22027587890625,0.1864013671875,4,699,644,590,543,0.1822889894247055,0.26901301741600037,0.35694417357444763,0.4434848725795746,0.4247286021709442,0.4092268645763397,0.39501431584358215,0.37695831060409546
42,920,0.29282116889953613,0.00020824636158067733,0.3232421875,0.267578125,0.2218017578125,0.1873779296875,4,701,641,589,542,0.18219418823719025,0.268506795167923,0.35651788115501404,0.44298452138900757,0.4246003031730652,0.4088229238986969,0.3946147561073303,0.37649649381637573
42,940,0.29278239607810974,0.00020824636158067733,0.322265625,0.269775390625,0.2213134765625,0.1866455078125,4,700,643,592,546,0.181972473859787,0.2688257694244385,0.35691121220588684,0.4426952004432678,0.42442786693573,0.4091451168060303,0.3948887884616852,0.37615537643432617
42,960,0.29273030161857605,0.00020824636158067733,0.3212890625,0.2716064453125,0.220703125,0.1864013671875,4,701,644,589,545,0.1814594864845276,0.26962903141975403,0.3567354679107666,0.4423987865447998,0.42361992597579956,0.4101780652999878,0.3947709798812866,0.3757680058479309
42,980,0.2925144135951996,0.00020824636158067733,0.322265625,0.2716064453125,0.22088623046875,0.18524169921875,4,701,644,590,544,0.18177494406700134,0.2691383957862854,0.3573072552680969,0.4421823024749756,0.42417335510253906,0.40942156314849854,0.39535707235336304,0.3754934072494507
42,1000,0.29336875677108765,0.00020824636158067733,0.32220458984375,0.26751708984375,0.2220458984375,0.188232421875,4,700,643,591,546,0.1816679686307907,0.2691539525985718,0.35748323798179626,0.4433535635471344,0.42424899339675903,0.40950807929039,0.39562124013900757,0.3767111003398895
42,1020,0.2924611568450928,0.00020824636158067733,0.32269287109375,0.26983642578125,0.22113037109375,0.18634033203125,4,701,646,592,546,0.18155835568904877,0.26890861988067627,0.3568701148033142,0.4421877861022949,0.42382779717445374,0.40921685099601746,0.39500686526298523,0.3754250705242157
42,1040,0.292730450630188,0.00020824636158067733,0.3214111328125,0.2698974609375,0.22235107421875,0.18634033203125,4,699,643,592,546,0.18187247216701508,0.26865023374557495,0.3567211627960205,0.44246581196784973,0.42434489727020264,0.40878409147262573,0.3947848081588745,0.3757278621196747
42,1060,0.292911171913147,0.00020824636158067733,0.319580078125,0.27020263671875,0.22406005859375,0.1861572265625,4,700,644,593,542,0.18119676411151886,0.2689002752304077,0.3572412431240082,0.4421168863773346,0.42342886328697205,0.40933552384376526,0.39542531967163086,0.3754209578037262
42,1080,0.2927064001560211,0.00020824636158067733,0.32269287109375,0.26708984375,0.2230224609375,0.18719482421875,4,700,644,589,543,0.18109308183193207,0.2688671946525574,0.356825590133667,0.442732036113739,0.4232494831085205,0.4092073142528534,0.3949143588542938,0.37616270780563354
42,1100,0.29275673627853394,0.00020824636158067733,0.32147216796875,0.26898193359375,0.22296142578125,0.18658447265625,4,699,645,589,544,0.18177251517772675,0.26845085620880127,0.3568192422389984,0.4424622654914856,0.4242539703845978,0.408671498298645,0.394912451505661,0.3757835924625397
42,1120,0.2926121950149536,0.00020824636158067733,0.32110595703125,0.2685546875,0.22320556640625,0.1871337890625,4,701,644,592,542,0.18133801221847534,0.2685011625289917,0.35661715269088745,0.4418082535266876,0.423611581325531,0.4086088538169861,0.39475083351135254,0.3749426305294037
42,1140,0.2923978567123413,0.00020824636158067733,0.3221435546875,0.27008056640625,0.2200927734375,0.18768310546875,4,701,645,590,542,0.1812344193458557,0.2686431407928467,0.35680827498435974,0.441851943731308,0.4235195815563202,0.4087401330471039,0.39496779441833496,0.37498652935028076
42,1160,0.2934578061103821,0.00020824636158067733,0.3193359375,0.2696533203125,0.22149658203125,0.18951416015625,4,699,645,593,544,0.18116846680641174,0.2688572108745575,0.35776934027671814,0.44250670075416565,0.42373529076576233,0.40894514322280884,0.39604970812797546,0.3755447268486023
42,1180,0.29240113496780396,0.00020824636158067733,0.3212890625,0.27008056640625,0.22210693359375,0.1865234375,4,701,645,591,541,0.18102766573429108,0.2686161994934082,0.35691311955451965,0.44186416268348694,0.42348724603652954,0.40871375799179077,0.3951243758201599,0.3749382495880127
42,1200,0.29262396693229675,0.00020824636158067733,0.32073974609375,0.268798828125,0.2239990234375,0.18646240234375,4,702,646,593,542,0.181059792637825,0.26830747723579407,0.356986939907074,0.44226306676864624,0.423441082239151,0.4083739221096039,0.3951537609100342,0.37550634145736694
42,1220,0.2923513650894165,0.00020824636158067733,0.3209228515625,0.269287109375,0.2227783203125,0.18701171875,4,700,647,593,544,0.18068379163742065,0.2685075104236603,0.356814444065094,0.44152146577835083,0.4229961037635803,0.40861114859580994,0.3949436545372009,0.3745213747024536
42,1240,0.29284098744392395,0.00020824636158067733,0.32183837890625,0.2667236328125,0.22296142578125,0.1884765625,4,701,646,594,546,0.18087084591388702,0.2688734531402588,0.35689449310302734,0.44218358397483826,0.42329275608062744,0.40895336866378784,0.39507779479026794,0.3751515746116638
42,1260,0.2922821044921875,0.00020824636158067733,0.32269287109375,0.26708984375,0.22332763671875,0.1868896484375,4,701,645,592,540,0.18091002106666565,0.26813626289367676,0.35678553581237793,0.44201070070266724,0.42343011498451233,0.4081403911113739,0.39493435621261597,0.3751649558544159
42,1280,0.29217076301574707,0.00020824636158067733,0.32244873046875,0.26885986328125,0.221923828125,0.186767578125,4,700,645,594,539,0.18085604906082153,0.26828616857528687,0.3568996787071228,0.4418219327926636,0.42316603660583496,0.4084717631340027,0.3950987458229065,0.3748704195022583
42,1300,0.29251331090927124,0.00020824636158067733,0.3203125,0.27044677734375,0.22247314453125,0.186767578125,4,700,643,591,545,0.1807483285665512,0.268592894077301,0.35712823271751404,0.4418638050556183,0.4230990409851074,0.4088330566883087,0.39536136388778687,0.37477099895477295
42,1320,0.29202646017074585,0.00020824636158067733,0.323486328125,0.269287109375,0.219970703125,0.187255859375,4,701,647,591,544,0.18128563463687897,0.2683064639568329,0.35639688372612,0.4418269991874695,0.42395591735839844,0.4081813395023346,0.3944280743598938,0.37479498982429504
42,1340,0.2922489047050476,0.00020824636158067733,0.322021484375,0.26824951171875,0.22283935546875,0.1868896484375,4,699,644,594,541,0.18080823123455048,0.26833197474479675,0.3567708730697632,0.44166305661201477,0.42301586270332336,0.4082859754562378,0.39500483870506287,0.3746958076953888
42,1360,0.2924126386642456,0.00020824636158067733,0.3199462890625,0.27056884765625,0.2237548828125,0.18572998046875,4,699,646,594,545,0.18096719682216644,0.2686167359352112,0.35724908113479614,0.44094812870025635,0.42319488525390625,0.4088590443134308,0.39524194598197937,0.37387627363204956
42,1380,0.2923235595226288,0.00020824636158067733,0.3216552734375,0.26824951171875,0.22320556640625,0.1868896484375,4,699,643,596,544,0.18063890933990479,0.268264502286911,0.35707181692123413,0.4417465627193451,0.42289289832115173,0.40842512249946594,0.3952716290950775,0.3747588098049164
42,1400,0.2918493151664734,0.00020824636158067733,0.3226318359375,0.26824951171875,0.22430419921875,0.184814453125,4,699,647,596,542,0.18059027194976807,0.2680937349796295,0.3571731746196747,0.44127312302589417,0.42284995317459106,0.40825217962265015,0.3954432010650635,0.37432530522346497
42,1420,0.29254189133644104,0.00020824636158067733,0.3204345703125,0.27001953125,0.22222900390625,0.18731689453125,4,699,646,595,545,0.1809403896331787,0.2684108316898346,0.3569503426551819,0.4418259561061859,0.4232109785079956,0.40865328907966614,0.3950268626213074,0.37472015619277954
42,1440,0.29237768054008484,0.00020824636158067733,0.32147216796875,0.2684326171875,0.22247314453125,0.1876220703125,4,700,646,594,547,0.18067415058612823,0.26845216751098633,0.3568153381347656,0.4415942430496216,0.42294615507125854,0.40850186347961426,0.39493638277053833,0.37455061078071594
42,1460,0.2915341258049011,0.00020824636158067733,0.32135009765625,0.272216796875,0.22259521484375,0.183837890625,4,701,647,595,543,0.1807863712310791,0.268653005361557,0.35660409927368164,0.44021493196487427,0.4230217933654785,0.4086809456348419,0.39457517862319946,0.3729114234447479
42,1480,0.29233232140541077,0.00020824636158067733,0.32135009765625,0.26702880859375,0.22369384765625,0.18792724609375,4,700,646,596,545,0.1803213655948639,0.26789817214012146,0.35700055956840515,0.44161057472229004,0.42246899008750916,0.40772733092308044,0.39501217007637024,0.37463584542274475
42,1500,0.2917483150959015,0.00020824636158067733,0.32135009765625,0.26953125,0.22320556640625,0.1859130859375,4,700,646,594,542,0.1804870367050171,0.26824888586997986,0.35609689354896545,0.44087544083595276,0.42266398668289185,0.40842217206954956,0.39404919743537903,0.37379658222198486
42,1520,0.2924923598766327,0.00020824636158067733,0.3212890625,0.266845703125,0.2236328125,0.188232421875,4,701,645,594,542,0.18043692409992218,0.2683175206184387,0.3568112254142761,0.44161278009414673,0.4227463901042938,0.40830621123313904,0.39497798681259155,0.3744272291660309
42,1540,0.2920602262020111,0.00020824636158067733,0.320556640625,0.2685546875,0.224365234375,0.1865234375,4,701,645,596,544,0.1805659383535385,0.26733991503715515,0.3569650948047638,0.44119200110435486,0.42286935448646545,0.40726858377456665,0.3950022757053375,0.37418702244758606
42,1560,0.2924984395503998,0.00020824636158067733,0.32012939453125,0.26947021484375,0.2235107421875,0.1868896484375,4,701,645,596,546,0.18059542775154114,0.26805490255355835,0.35742703080177307,0.44177374243736267,0.42301487922668457,0.4081547260284424,0.3955930173397064,0.3747749924659729
42,1580,0.29194268584251404,0.00020824636158067733,0.32183837890625,0.26971435546875,0.2227783203125,0.1856689453125,4,698,646,595,546,0.18065014481544495,0.26842865347862244,0.357072114944458,0.44086816906929016,0.4230494797229767,0.40834668278694153,0.39529719948768616,0.37363001704216003
42,1600,0.29226386547088623,0.00020824636158067733,0.32049560546875,0.26983642578125,0.2225341796875,0.1871337890625,4,701,645,593,544,0.18073353171348572,0.26860520243644714,0.35642629861831665,0.44109103083610535,0.4229773283004761,0.4087221026420593,0.3945082724094391,0.37383896112442017
42,1620,0.29182398319244385,0.00020824636158067733,0.32177734375,0.26885986328125,0.22369384765625,0.1856689453125,4,700,647,594,541,0.18075641989707947,0.2679283618927002,0.3567546308040619,0.44068577885627747,0.4232468605041504,0.4076974391937256,0.3948768377304077,0.37346169352531433
42,1640,0.29186806082725525,0.00020824636158067733,0.32061767578125,0.26971435546875,0.2237548828125,0.1859130859375,4,702,647,593,542,0.18058361113071442,0.2678494155406952,0.35655903816223145,0.4407710134983063,0.422851026058197,0.407772421836853,0.39456528425216675,0.3735154867172241
42,1660,0.29240792989730835,0.00020824636158067733,0.3212890625,0.26788330078125,0.22259521484375,0.188232421875,4,700,647,591,543,0.18073301017284393,0.2681489884853363,0.3568263053894043,0.44136887788772583,0.42310166358947754,0.4080805778503418,0.39481064677238464,0.37406033277511597
42,1680,0.29163041710853577,0.00020824636158067733,0.32183837890625,0.27142333984375,0.22161865234375,0.18511962890625,4,699,646,593,543,0.1809784173965454,0.2683601975440979,0.3565203845500946,0.44043856859207153,0.4234846830368042,0.4083789885044098,0.3945252299308777,0.37314701080322266
42,1700,0.29223787784576416,0.00020824636158067733,0.3203125,0.26904296875,0.2237548828125,0.1868896484375,4,701,644,594,544,0.18072181940078735,0.2680162489414215,0.3567214906215668,0.44103214144706726,0.42290326952934265,0.40794023871421814,0.3947264552116394,0.3736902177333832
42,1720,0.2916167378425598,0.00020824636158067733,0.32208251953125,0.26959228515625,0.223388671875,0.1849365234375,4,701,647,594,542,0.1807924509048462,0.26800432801246643,0.35683971643447876,0.44026345014572144,0.4232369363307953,0.4079582691192627,0.3948630392551422,0.37290501594543457
42,1740,0.29238569736480713,0.00020824636158067733,0.31951904296875,0.27099609375,0.2218017578125,0.18768310546875,4,698,646,590,545,0.18069416284561157,0.26826077699661255,0.3569815754890442,0.4410289525985718,0.42305120825767517,0.40822815895080566,0.394962877035141,0.3737174868583679
42,1760,0.2915439307689667,0.00020824636158067733,0.32293701171875,0.26873779296875,0.22259521484375,0.18572998046875,4,701,646,593,543,0.18049269914627075,0.26789841055870056,0.35677242279052734,0.4406714141368866,0.42297279834747314,0.40782880783081055,0.39486345648765564,0.37333211302757263
42,1780,0.2923917770385742,0.00020824636158067733,0.32098388671875,0.26953125,0.2230224609375,0.18646240234375,4,699,646,595,548,0.1808360517024994,0.26863744854927063,0.3573105037212372,0.44111764430999756,0.4232061803340912,0.40857499837875366,0.3954820930957794,0.37368229031562805
42,1800,0.29202836751937866,0.00020824636158067733,0.3214111328125,0.270263671875,0.22247314453125,0.18585205078125,4,701,647,592,546,0.18060922622680664,0.2682678997516632,0.3574294447898865,0.4409799575805664,0.42303165793418884,0.4082825183868408,0.39563143253326416,0.3736700117588043
42,1820,0.29175928235054016,0.00020824636158067733,0.322509765625,0.269775390625,0.2216796875,0.18603515625,4,701,646,593,542,0.18139693140983582,0.26828035712242126,0.35607415437698364,0.4404929280281067,0.4239361882209778,0.4081876277923584,0.39390280842781067,0.37309327721595764
42,1840,0.29178568720817566,0.00020824636158067733,0.32025146484375,0.2711181640625,0.22265625,0.18597412109375,4,702,647,590,547,0.18028567731380463,0.26803529262542725,0.3567984700202942,0.4405788481235504,0.42258527874946594,0.40786322951316833,0.39476945996284485,0.37331923842430115
42,1860,0.2923596203327179,0.00020824636158067733,0.3209228515625,0.267822265625,0.2236328125,0.1876220703125,4,702,646,593,545,0.18063436448574066,0.2682427167892456,0.3568735718727112,0.44099265336990356,0.42305728793144226,0.4079681932926178,0.39483925700187683,0.3736153244972229
42,1880,0.29203808307647705,0.00020824636158067733,0.3218994140625,0.26995849609375,0.222900390625,0.18524169921875,4,702,647,593,544,0.180812269449234,0.26828786730766296,0.35736826062202454,0.4413186013698578,0.42340558767318726,0.40862321853637695,0.3954947590827942,0.374016672372818
42,1900,0.292702317237854,0.00020824636158067733,0.3197021484375,0.26904296875,0.22412109375,0.1871337890625,4,700,645,591,542,0.1808745115995407,0.2690124809741974,0.356880247592926,0.4409467875957489,0.42334792017936707,0.4091183841228485,0.39480850100517273,0.37349534034729004
42,1920,0.2917431592941284,0.00020824636158067733,0.32208251953125,0.27001953125,0.2227783203125,0.18511962890625,4,701,647,594,540,0.18102136254310608,0.26816967129707336,0.3569502532482147,0.44029659032821655,0.42358118295669556,0.4081784188747406,0.3949022591114044,0.37292224168777466
42,1940,0.2921167016029358,0.00020824636158067733,0.32086181640625,0.26959228515625,0.2227783203125,0.186767578125,4,701,647,594,547,0.18090035021305084,0.26845958828926086,0.3563840389251709,0.4406728744506836,0.4232415556907654,0.4084571599960327,0.39431115984916687,0.3732759654521942
42,1960,0.29187965393066406,0.00020824636158067733,0.32098388671875,0.27105712890625,0.22247314453125,0.18548583984375,4,700,646,594,547,0.18103119730949402,0.268596351146698,0.3564126789569855,0.440326452255249,0.4234228730201721,0.4086560308933258,0.39431628584861755,0.3730378746986389
42,1980,0.2919310927391052,0.00020824636158067733,0.32098388671875,0.26959228515625,0.2225341796875,0.1868896484375,4,702,648,593,544,0.1807345300912857,0.26810163259506226,0.3564525544643402,0.4404589831829071,0.42316633462905884,0.40780138969421387,0.39428430795669556,0.3729928135871887
42,2000,0.29181164503097534,0.00020824636158067733,0.32196044921875,0.26922607421875,0.22235107421875,0.18646240234375,4,700,647,593,547,0.1807577908039093,0.26830944418907166,0.3561323881149292,0.44079917669296265,0.42317524552345276,0.40834546089172363,0.3940042555332184,0.3735713064670563
43,0,0.3134934902191162,0.00020824636158067733,0.2996826171875,0.34796142578125,0.16009521484375,0.1922607421875,4,696,648,585,544,0.20625579357147217,0.29177549481391907,0.3805381655693054,0.46412619948387146,0.43900159001350403,0.42340269684791565,0.4110771417617798,0.3836030960083008
43,20,0.2991180717945099,0.00020824636158067733,0.30987548828125,0.2813720703125,0.206787109375,0.20196533203125,4,696,635,589,535,0.1850760579109192,0.27178946137428284,0.36499643325805664,0.44471487402915955,0.42942094802856445,0.41385599970817566,0.4010797142982483,0.3755960762500763
43,40,0.2953229248523712,0.00020824636158067733,0.30859375,0.26715087890625,0.2230224609375,0.20123291015625,4,694,632,581,526,0.18129460513591766,0.2701886296272278,0.35520339012145996,0.437190443277359,0.4250553250312805,0.41159939765930176,0.3923780024051666,0.36925581097602844
43,60,0.29477930068969727,0.00020824636158067733,0.31121826171875,0.267333984375,0.21820068359375,0.2032470703125,4,692,631,578,531,0.18150077760219574,0.2704976797103882,0.3524012565612793,0.4383116364479065,0.4253687858581543,0.4121488332748413,0.3892562985420227,0.3706376254558563
43,80,0.29508355259895325,0.00020824636158067733,0.309326171875,0.26947021484375,0.21990966796875,0.2012939453125,4,692,630,584,527,0.1819663941860199,0.2698495090007782,0.3542114794254303,0.43809372186660767,0.4261423945426941,0.4113735556602478,0.3909779191017151,0.37063711881637573
43,100,0.2952629327774048,0.00020824636158067733,0.30902099609375,0.2696533203125,0.21844482421875,0.202880859375,4,694,632,581,528,0.1816961020231247,0.2697465717792511,0.3541594445705414,0.438743531703949,0.42576566338539124,0.411155104637146,0.39111340045928955,0.3712231516838074
43,120,0.29573631286621094,0.00020824636158067733,0.30889892578125,0.26904296875,0.21923828125,0.20281982421875,4,694,637,576,534,0.18179233372211456,0.2703186571598053,0.3540688157081604,0.43993765115737915,0.425840824842453,0.4118419289588928,0.39118853211402893,0.37268754839897156
43,140,0.2960999608039856,0.00020824636158067733,0.30645751953125,0.27020263671875,0.22015380859375,0.20318603515625,4,692,636,584,533,0.18200530111789703,0.2703700065612793,0.3543042242527008,0.43933621048927307,0.4261036217212677,0.4119797945022583,0.39121195673942566,0.3717637360095978
43,160,0.2953159511089325,0.00020824636158067733,0.309326171875,0.2720947265625,0.21826171875,0.2003173828125,4,694,633,582,533,0.18233522772789001,0.2715494632720947,0.3539845943450928,0.4381367564201355,0.4265415072441101,0.41303107142448425,0.391164094209671,0.37043604254722595
43,180,0.29580792784690857,0.00020824636158067733,0.30517578125,0.2733154296875,0.2188720703125,0.20263671875,4,693,631,581,536,0.1814267337322235,0.27076414227485657,0.3546570837497711,0.4382835030555725,0.4251951575279236,0.4121110439300537,0.39196327328681946,0.37032267451286316
43,200,0.2944822907447815,0.00020824636158067733,0.3134765625,0.26898193359375,0.2213134765625,0.19622802734375,4,696,634,583,531,0.18241570889949799,0.2708394229412079,0.35522711277008057,0.437408447265625,0.42653167247772217,0.41215425729751587,0.3927496075630188,0.3694763779640198
43,220,0.2952345311641693,0.00020824636158067733,0.30889892578125,0.2708740234375,0.22235107421875,0.1978759765625,4,698,636,585,530,0.18274596333503723,0.27059972286224365,0.3550172746181488,0.4373829662799835,0.4267785847187042,0.4117673635482788,0.39249569177627563,0.36953049898147583
43,240,0.29582515358924866,0.00020824636158067733,0.31011962890625,0.26849365234375,0.21954345703125,0.20184326171875,4,694,630,582,532,0.18275746703147888,0.2705250382423401,0.3555959463119507,0.43818873167037964,0.4269045889377594,0.411577969789505,0.39340507984161377,0.3699406087398529
43,260,0.2952832877635956,0.00020824636158067733,0.309814453125,0.26861572265625,0.2227783203125,0.19879150390625,4,694,632,586,535,0.1822628378868103,0.26941007375717163,0.355160117149353,0.43928372859954834,0.42616161704063416,0.4103841185569763,0.3927247226238251,0.3719424903392792
43,280,0.29518061876296997,0.00020824636158067733,0.310302734375,0.27069091796875,0.2235107421875,0.19549560546875,4,697,631,584,536,0.18279574811458588,0.2709771990776062,0.35534021258354187,0.43829721212387085,0.42689767479896545,0.41190385818481445,0.3931039571762085,0.3704630136489868
43,300,0.2964523136615753,0.00020824636158067733,0.308349609375,0.26934814453125,0.2239990234375,0.19830322265625,4,696,637,583,539,0.182529017329216,0.27135249972343445,0.3569299578666687,0.4393741190433502,0.4265500605106354,0.41228023171424866,0.39497125148773193,0.3714122176170349
43,320,0.2945810854434967,0.00020824636158067733,0.31451416015625,0.26959228515625,0.22442626953125,0.19146728515625,4,696,638,585,537,0.18215683102607727,0.27114805579185486,0.3568356931209564,0.4392784535884857,0.4260937571525574,0.41186654567718506,0.3950517475605011,0.3719603717327118
43,340,0.2950838804244995,0.00020824636158067733,0.31109619140625,0.272705078125,0.22296142578125,0.1932373046875,4,695,637,586,539,0.18205386400222778,0.27172714471817017,0.3571411967277527,0.4384118914604187,0.4257778525352478,0.4122740924358368,0.3954801857471466,0.37051910161972046
43,360,0.2949915826320648,0.00020824636158067733,0.31231689453125,0.27081298828125,0.223388671875,0.1934814453125,4,694,631,586,541,0.18132422864437103,0.2707965672016144,0.3583033084869385,0.4392402172088623,0.4245246648788452,0.41171351075172424,0.3968232572078705,0.3713841438293457
43,380,0.2961266338825226,0.00020824636158067733,0.313232421875,0.2701416015625,0.2215576171875,0.195068359375,4,697,636,587,542,0.18202924728393555,0.27232325077056885,0.359648734331131,0.44015568494796753,0.425730437040329,0.4125729501247406,0.39843854308128357,0.3721955120563507
43,400,0.29364216327667236,0.00020824636158067733,0.3167724609375,0.272705078125,0.22149658203125,0.18902587890625,4,693,634,586,542,0.1813039481639862,0.27096298336982727,0.3580218553543091,0.4391806125640869,0.42430615425109863,0.41163933277130127,0.39659300446510315,0.37184491753578186
43,420,0.29511624574661255,0.00020824636158067733,0.31536865234375,0.2720947265625,0.22149658203125,0.1910400390625,4,694,637,587,539,0.18191838264465332,0.2724211513996124,0.35875195264816284,0.4405265152454376,0.4250633418560028,0.41299164295196533,0.3975664973258972,0.37321534752845764
43,440,0.29473644495010376,0.00020824636158067733,0.31646728515625,0.271484375,0.22174072265625,0.1903076171875,4,695,639,583,544,0.18160708248615265,0.27157455682754517,0.3591148555278778,0.44089213013648987,0.4247969388961792,0.4122086763381958,0.398021936416626,0.37381690740585327
43,460,0.29490622878074646,0.00020824636158067733,0.3167724609375,0.2694091796875,0.22296142578125,0.19085693359375,4,696,637,585,541,0.18143779039382935,0.27135559916496277,0.3597274720668793,0.4407525360584259,0.4242035746574402,0.4116591513156891,0.39869067072868347,0.3737229108810425
43,480,0.2944262623786926,0.00020824636158067733,0.3189697265625,0.27008056640625,0.22021484375,0.19073486328125,4,696,643,586,543,0.18119578063488007,0.27125561237335205,0.3588044047355652,0.44226503372192383,0.42420685291290283,0.41178950667381287,0.3976791799068451,0.37553492188453674
43,500,0.29456591606140137,0.00020824636158067733,0.3194580078125,0.26885986328125,0.22174072265625,0.18994140625,4,697,641,589,547,0.1813778281211853,0.2715942859649658,0.35904356837272644,0.442178338766098,0.4244174063205719,0.4115578830242157,0.39802470803260803,0.37554630637168884
43,520,0.2950107455253601,0.00020824636158067733,0.31744384765625,0.271484375,0.2197265625,0.19134521484375,4,698,638,589,546,0.18118374049663544,0.2717052698135376,0.3593331277370453,0.44305434823036194,0.4241783022880554,0.4123052656650543,0.39831486344337463,0.3764713704586029
43,540,0.29466602206230164,0.00020824636158067733,0.319091796875,0.2716064453125,0.219482421875,0.1898193359375,4,700,642,590,545,0.1816241592168808,0.27206769585609436,0.35917702317237854,0.44243568181991577,0.42476946115493774,0.4124811887741089,0.39820775389671326,0.37583890557289124
43,560,0.2951546013355255,0.00020824636158067733,0.31500244140625,0.275146484375,0.21917724609375,0.190673828125,4,697,644,587,543,0.1813739538192749,0.2722799777984619,0.35933154821395874,0.4423638582229614,0.4240846633911133,0.41302934288978577,0.39830735325813293,0.37573620676994324
43,580,0.29499340057373047,0.00020824636158067733,0.318115234375,0.2724609375,0.21734619140625,0.19207763671875,4,697,643,588,545,0.1816929578781128,0.2723538875579834,0.3588428795337677,0.4425043761730194,0.42456886172294617,0.4129069447517395,0.3978249132633209,0.37589114904403687
43,600,0.294830858707428,0.00020824636158067733,0.3182373046875,0.272216796875,0.21954345703125,0.19000244140625,4,696,644,587,543,0.18142332136631012,0.2724505662918091,0.35915902256965637,0.4425129294395447,0.4243209958076477,0.41300082206726074,0.3981170058250427,0.3761303424835205
43,620,0.2945914566516876,0.00020824636158067733,0.31878662109375,0.27166748046875,0.2205810546875,0.18896484375,4,697,642,587,547,0.18181774020195007,0.2719443142414093,0.3589796721935272,0.4422401487827301,0.4246140122413635,0.41246041655540466,0.397895872592926,0.37590333819389343
43,640,0.294742614030838,0.00020824636158067733,0.3197021484375,0.2703857421875,0.2198486328125,0.1900634765625,4,696,640,588,547,0.18159648776054382,0.2722705006599426,0.3592061698436737,0.44246670603752136,0.42450571060180664,0.41285258531570435,0.39812353253364563,0.3760441839694977
43,660,0.2940717935562134,0.00020824636158067733,0.32147216796875,0.26971435546875,0.218505859375,0.1903076171875,4,696,642,585,544,0.18148072063922882,0.27167484164237976,0.3584372401237488,0.4421028196811676,0.4243578314781189,0.4118094742298126,0.39722996950149536,0.37572765350341797
43,680,0.2953207194805145,0.00020824636158067733,0.318115234375,0.27032470703125,0.2197265625,0.19183349609375,4,696,642,588,545,0.18159563839435577,0.27215173840522766,0.35959574580192566,0.44293779134750366,0.42457321286201477,0.4124918580055237,0.3985564410686493,0.376644492149353
43,700,0.2948288023471832,0.00020824636158067733,0.3187255859375,0.27099609375,0.2188720703125,0.19140625,4,697,642,587,544,0.18158994615077972,0.27212345600128174,0.35850396752357483,0.44272592663764954,0.42449066042900085,0.41232559084892273,0.3973517417907715,0.3764285147190094
43,720,0.29435938596725464,0.00020824636158067733,0.31976318359375,0.27203369140625,0.21923828125,0.18896484375,4,696,645,588,548,0.18151623010635376,0.27208638191223145,0.3591916859149933,0.44215601682662964,0.42435917258262634,0.4124472141265869,0.39812171459198,0.37573593854904175
43,740,0.29438915848731995,0.00020824636158067733,0.31976318359375,0.2711181640625,0.21875,0.19036865234375,4,695,643,588,546,0.18156933784484863,0.27172765135765076,0.35871902108192444,0.4422467350959778,0.42421168088912964,0.41211172938346863,0.3975166976451874,0.3759353756904602
43,760,0.29429739713668823,0.00020824636158067733,0.318603515625,0.2733154296875,0.21795654296875,0.19012451171875,4,697,640,587,546,0.18187455832958221,0.27117037773132324,0.3586629629135132,0.4421498775482178,0.42461201548576355,0.4114084243774414,0.39739930629730225,0.3757435977458954
43,780,0.2944192886352539,0.00020824636158067733,0.3192138671875,0.27435302734375,0.21771240234375,0.188720703125,4,698,646,585,547,0.18257442116737366,0.27128157019615173,0.35942187905311584,0.4422488212585449,0.4257720708847046,0.41164761781692505,0.3982221484184265,0.3757874369621277
43,800,0.2948246896266937,0.00020824636158067733,0.319091796875,0.27178955078125,0.21917724609375,0.18994140625,4,699,644,589,545,0.18174554407596588,0.27259036898612976,0.3592540919780731,0.44226083159446716,0.42450079321861267,0.4129813015460968,0.3980640172958374,0.37598055601119995
43,820,0.2952355444431305,0.00020824636158067733,0.3165283203125,0.273193359375,0.21844482421875,0.19183349609375,4,696,645,587,548,0.1815502792596817,0.2722069025039673,0.3590260446071625,0.4429740905761719,0.42420732975006104,0.4128289520740509,0.39786455035209656,0.3765959143638611
43,840,0.29457738995552063,0.00020824636158067733,0.3189697265625,0.27227783203125,0.2186279296875,0.19012451171875,4,700,645,589,547,0.18152031302452087,0.27187174558639526,0.3591786324977875,0.442482590675354,0.4241963028907776,0.41245442628860474,0.3979254364967346,0.37624484300613403
43,860,0.29448598623275757,0.00020824636158067733,0.32025146484375,0.27056884765625,0.2191162109375,0.1900634765625,4,697,647,588,549,0.1818682998418808,0.27167072892189026,0.35844242572784424,0.44298994541168213,0.4245384633541107,0.4123433530330658,0.3970728814601898,0.3768463432788849
43,880,0.29468879103660583,0.00020824636158067733,0.31903076171875,0.2716064453125,0.2181396484375,0.19122314453125,4,699,643,587,545,0.18224339187145233,0.2718760371208191,0.3576943576335907,0.44281747937202454,0.42511582374572754,0.4121703803539276,0.3962000906467438,0.3766535222530365
43,900,0.29416054487228394,0.00020824636158067733,0.32025146484375,0.27142333984375,0.2176513671875,0.190673828125,4,698,643,587,548,0.18175795674324036,0.2717547118663788,0.35757139325141907,0.44246146082878113,0.4243810176849365,0.4123591482639313,0.3960619866847992,0.3762546181678772
43,920,0.2949771285057068,0.00020824636158067733,0.319091796875,0.2711181640625,0.21783447265625,0.19195556640625,4,698,646,587,547,0.1822938174009323,0.27241623401641846,0.3577808141708374,0.44288724660873413,0.42517325282096863,0.4129563868045807,0.3962395489215851,0.3766447901725769
43,940,0.29414233565330505,0.00020824636158067733,0.3192138671875,0.27337646484375,0.21710205078125,0.1903076171875,4,700,645,587,549,0.1818224936723709,0.27142658829689026,0.35813209414482117,0.4421747326850891,0.4244459569454193,0.41186392307281494,0.3966251313686371,0.3759482800960541
43,960,0.2949594259262085,0.00020824636158067733,0.3201904296875,0.271240234375,0.21771240234375,0.19085693359375,4,699,644,589,547,0.18263493478298187,0.2722894251346588,0.35804712772369385,0.4436534345149994,0.42575979232788086,0.41285422444343567,0.396575927734375,0.37771910429000854
43,980,0.2940487563610077,0.00020824636158067733,0.32110595703125,0.27203369140625,0.21746826171875,0.18939208984375,4,698,646,587,548,0.18179497122764587,0.2721022665500641,0.3579021394252777,0.44257375597953796,0.42445290088653564,0.41263777017593384,0.3965573012828827,0.37648001313209534
43,1000,0.29431256651878357,0.00020824636158067733,0.320556640625,0.269775390625,0.22174072265625,0.18792724609375,4,697,646,590,547,0.18131457269191742,0.2724575698375702,0.3589135706424713,0.4422076642513275,0.42383459210395813,0.41333407163619995,0.39758777618408203,0.37603819370269775
43,1020,0.2948077321052551,0.00020824636158067733,0.320068359375,0.26971435546875,0.21954345703125,0.190673828125,4,698,646,593,547,0.18133574724197388,0.27273914217948914,0.35859283804893494,0.4430576264858246,0.42384228110313416,0.4134975075721741,0.39729946851730347,0.3769025504589081
43,1040,0.29535114765167236,0.00020824636158067733,0.318603515625,0.26910400390625,0.21923828125,0.19305419921875,4,700,645,590,548,0.18248477578163147,0.2722313702106476,0.3578212261199951,0.442902535200119,0.42507874965667725,0.4124181866645813,0.3960437774658203,0.37682414054870605
43,1060,0.2942575216293335,0.00020824636158067733,0.32275390625,0.27044677734375,0.21771240234375,0.1890869140625,4,700,646,586,547,0.1826687753200531,0.27209708094596863,0.3581877052783966,0.44281649589538574,0.4258299171924591,0.4123673141002655,0.3966662883758545,0.3766929507255554
43,1080,0.2941473424434662,0.00020824636158067733,0.32073974609375,0.26910400390625,0.221435546875,0.188720703125,4,700,645,589,548,0.18145716190338135,0.2720622718334198,0.3580894470214844,0.44213515520095825,0.4237379729747772,0.4126646816730499,0.3964512348175049,0.375856876373291
43,1100,0.2950664162635803,0.00020824636158067733,0.318603515625,0.271484375,0.21807861328125,0.19183349609375,4,699,645,590,548,0.18212269246578217,0.2720405161380768,0.358129620552063,0.44354256987571716,0.42488908767700195,0.4126029312610626,0.39666756987571716,0.37748193740844727
43,1120,0.29492491483688354,0.00020824636158067733,0.31890869140625,0.27069091796875,0.21844482421875,0.19195556640625,4,699,645,590,547,0.18224084377288818,0.2718956768512726,0.35773640871047974,0.44313040375709534,0.4249064326286316,0.41255030035972595,0.39614352583885193,0.3770344853401184
43,1140,0.29428139328956604,0.00020824636158067733,0.3201904296875,0.2718505859375,0.2169189453125,0.1910400390625,4,699,647,590,548,0.1819642335176468,0.2720712423324585,0.3574943244457245,0.4423583149909973,0.4247697591781616,0.41251617670059204,0.39578431844711304,0.3760598599910736
43,1160,0.29408323764801025,0.00020824636158067733,0.319580078125,0.27398681640625,0.21795654296875,0.1884765625,4,700,646,587,548,0.18187640607357025,0.27202942967414856,0.35830768942832947,0.4421302080154419,0.424630343914032,0.4127151668071747,0.39670151472091675,0.37587565183639526
43,1180,0.2941596210002899,0.00020824636158067733,0.3197021484375,0.2724609375,0.21795654296875,0.18988037109375,4,697,645,587,548,0.1815236657857895,0.2718676030635834,0.35777467489242554,0.44277071952819824,0.4239911139011383,0.4126313328742981,0.3961736559867859,0.37651327252388
43,1200,0.29426488280296326,0.00020824636158067733,0.3187255859375,0.2718505859375,0.218994140625,0.1904296875,4,699,647,585,549,0.18177178502082825,0.2713528871536255,0.3577123284339905,0.4422903060913086,0.42413201928138733,0.41192445158958435,0.395977258682251,0.37597647309303284
43,1220,0.2941734790802002,0.00020824636158067733,0.3203125,0.27154541015625,0.21875,0.18939208984375,4,700,646,589,548,0.1821855753660202,0.27161863446235657,0.3579852283000946,0.44221025705337524,0.42487937211990356,0.4120352864265442,0.39634135365486145,0.3758802115917206
43,1240,0.2943905293941498,0.00020824636158067733,0.31951904296875,0.2713623046875,0.2191162109375,0.19000244140625,4,698,646,591,547,0.1821104735136032,0.2716273069381714,0.35836538672447205,0.4419400095939636,0.42479878664016724,0.4123491942882538,0.3967446982860565,0.3755642771720886
43,1260,0.2938886880874634,0.00020824636158067733,0.32086181640625,0.27008056640625,0.21893310546875,0.19012451171875,4,697,646,589,548,0.18135622143745422,0.2715776860713959,0.3576921224594116,0.4420255720615387,0.4237062335014343,0.4121982455253601,0.3960345387458801,0.3757518231868744
43,1280,0.2945576310157776,0.00020824636158067733,0.3201904296875,0.26873779296875,0.220703125,0.19036865234375,4,695,647,594,550,0.18202121555805206,0.2711919844150543,0.3584751784801483,0.4427202641963959,0.4244230389595032,0.41175538301467896,0.3967851996421814,0.37671226263046265
43,1300,0.29321223497390747,0.00020824636158067733,0.32403564453125,0.2701416015625,0.21795654296875,0.1878662109375,4,698,646,595,551,0.18133608996868134,0.2708210051059723,0.35857102274894714,0.4425487518310547,0.4242632985115051,0.4112595319747925,0.3971373438835144,0.3764098882675171
43,1320,0.29457247257232666,0.00020824636158067733,0.3193359375,0.27001953125,0.2183837890625,0.1922607421875,4,700,645,593,548,0.18238545954227448,0.27063602209091187,0.3575327694416046,0.4430122375488281,0.4249172806739807,0.41112759709358215,0.3957107961177826,0.3769385516643524
43,1340,0.29345569014549255,0.00020824636158067733,0.321533203125,0.2720947265625,0.21673583984375,0.18963623046875,4,696,645,591,542,0.18151605129241943,0.2711038291454315,0.3572588860988617,0.44240254163742065,0.4240780174732208,0.41140642762184143,0.39549943804740906,0.3761698305606842
43,1360,0.29396647214889526,0.00020824636158067733,0.32159423828125,0.26983642578125,0.21917724609375,0.18939208984375,4,699,643,595,549,0.18194817006587982,0.27108705043792725,0.35831141471862793,0.4423103630542755,0.424752801656723,0.4115694463253021,0.3966948091983795,0.3759673535823822
43,1380,0.2943659722805023,0.00020824636158067733,0.3194580078125,0.27056884765625,0.21832275390625,0.191650390625,4,699,645,592,548,0.1818595677614212,0.27079588174819946,0.35779309272766113,0.4429221451282501,0.42451009154319763,0.4113776385784149,0.3961244225502014,0.3767347037792206
43,1400,0.29451891779899597,0.00020824636158067733,0.32080078125,0.26934814453125,0.21783447265625,0.1920166015625,4,700,644,593,548,0.1822623312473297,0.2708449065685272,0.357907772064209,0.44336169958114624,0.42520591616630554,0.4113595187664032,0.39611580967903137,0.3772241175174713
43,1420,0.29390665888786316,0.00020824636158067733,0.3218994140625,0.27154541015625,0.21600341796875,0.1905517578125,4,700,644,589,548,0.182092547416687,0.2712334990501404,0.3577624559402466,0.44271984696388245,0.4251549541950226,0.4118711054325104,0.39602479338645935,0.37638232111930847
43,1440,0.294047474861145,0.00020824636158067733,0.3193359375,0.27001953125,0.2186279296875,0.1920166015625,4,697,647,591,546,0.18189938366413116,0.2707764804363251,0.3567884862422943,0.44184502959251404,0.42404523491859436,0.41103872656822205,0.39486759901046753,0.37549278140068054
43,1460,0.29383379220962524,0.00020824636158067733,0.32000732421875,0.27154541015625,0.2169189453125,0.1915283203125,4,699,645,592,550,0.18117818236351013,0.27142614126205444,0.3574052155017853,0.44183000922203064,0.42378708720207214,0.41170942783355713,0.3955162763595581,0.3754582107067108
43,1480,0.2943546772003174,0.00020824636158067733,0.318359375,0.27166748046875,0.21954345703125,0.1904296875,4,699,644,593,547,0.1820218861103058,0.2708701193332672,0.35791218280792236,0.44238054752349854,0.42446663975715637,0.4114985466003418,0.39617276191711426,0.37615153193473816
43,1500,0.2930331528186798,0.00020824636158067733,0.3223876953125,0.27069091796875,0.2176513671875,0.18927001953125,4,699,647,591,547,0.1811342090368271,0.2702912390232086,0.35780876874923706,0.4416692554950714,0.4236355721950531,0.4108383059501648,0.39611971378326416,0.37521055340766907
43,1520,0.29379117488861084,0.00020824636158067733,0.3218994140625,0.26995849609375,0.21783447265625,0.1903076171875,4,698,646,593,550,0.18186195194721222,0.27067795395851135,0.35804593563079834,0.4423539936542511,0.4246078431606293,0.4110538363456726,0.39627790451049805,0.37610703706741333
43,1540,0.2930547595024109,0.00020824636158067733,0.32196044921875,0.270751953125,0.21856689453125,0.188720703125,4,700,645,590,549,0.1812179833650589,0.2702733874320984,0.3574700355529785,0.44193124771118164,0.42362383008003235,0.4105827510356903,0.3956756591796875,0.3755972981452942
43,1560,0.2936720550060272,0.00020824636158067733,0.32037353515625,0.27130126953125,0.21783447265625,0.19049072265625,4,699,646,593,551,0.1816362738609314,0.27026134729385376,0.35756635665893555,0.44237375259399414,0.4241417348384857,0.4108200669288635,0.3957168757915497,0.37602001428604126
43,1580,0.29376330971717834,0.00020824636158067733,0.3197021484375,0.27093505859375,0.21954345703125,0.1898193359375,4,698,645,593,548,0.1814046949148178,0.27036339044570923,0.3577093183994293,0.4424426257610321,0.42390182614326477,0.41104835271835327,0.39592257142066956,0.37621355056762695
43,1600,0.2931584119796753,0.00020824636158067733,0.3218994140625,0.27001953125,0.21868896484375,0.18939208984375,4,698,647,592,548,0.1813451647758484,0.27015966176986694,0.3574020266532898,0.4418097138404846,0.423877477645874,0.4105064868927002,0.3954343795776367,0.37539899349212646
43,1620,0.2938399314880371,0.00020824636158067733,0.31890869140625,0.273681640625,0.21685791015625,0.1905517578125,4,700,645,589,549,0.18177932500839233,0.27047833800315857,0.35746750235557556,0.44252729415893555,0.42433062195777893,0.41103580594062805,0.3957064747810364,0.376280277967453
43,1640,0.29340389370918274,0.00020824636158067733,0.3206787109375,0.2698974609375,0.218017578125,0.19140625,4,700,647,594,546,0.18111276626586914,0.2701321542263031,0.3573140501976013,0.4415537714958191,0.42362546920776367,0.4104354679584503,0.3953656256198883,0.3750678300857544
43,1660,0.2932654321193695,0.00020824636158067733,0.322265625,0.26947021484375,0.218505859375,0.18975830078125,4,700,646,594,547,0.18129093945026398,0.27025213837623596,0.35764288902282715,0.4419812262058258,0.42381903529167175,0.41061657667160034,0.3956948518753052,0.3755522072315216
43,1680,0.293192058801651,0.00020824636158067733,0.32061767578125,0.2724609375,0.21820068359375,0.188720703125,4,699,647,592,546,0.18144990503787994,0.2702066898345947,0.3574657738208771,0.4419015645980835,0.42399439215660095,0.41049882769584656,0.39557361602783203,0.37546589970588684
43,1700,0.2948395609855652,0.00020824636158067733,0.31787109375,0.2745361328125,0.21527099609375,0.19232177734375,4,701,645,590,548,0.1821853369474411,0.27072781324386597,0.3591085374355316,0.44351649284362793,0.4248451292514801,0.4113405644893646,0.39722123742103577,0.377082884311676
43,1720,0.29363664984703064,0.00020824636158067733,0.3209228515625,0.2691650390625,0.21826171875,0.191650390625,4,699,645,589,548,0.18142616748809814,0.2699781656265259,0.3573645353317261,0.4421862065792084,0.4239654242992401,0.41023144125938416,0.3954705595970154,0.3756646513938904
43,1740,0.29297196865081787,0.00020824636158067733,0.3228759765625,0.26934814453125,0.220458984375,0.18731689453125,4,699,646,593,546,0.18193373084068298,0.2696574330329895,0.35769546031951904,0.44171684980392456,0.4247988164424896,0.40996360778808594,0.39599332213401794,0.37527531385421753
43,1760,0.29340046644210815,0.00020824636158067733,0.31927490234375,0.2740478515625,0.21697998046875,0.189697265625,4,699,646,595,547,0.18204733729362488,0.26936548948287964,0.3571566939353943,0.44261273741722107,0.42476558685302734,0.40983015298843384,0.3953888714313507,0.3762381076812744
43,1780,0.2935997247695923,0.00020824636158067733,0.32275390625,0.26873779296875,0.21875,0.18975830078125,4,699,647,594,548,0.18178096413612366,0.27031204104423523,0.35849815607070923,0.44195523858070374,0.4248824715614319,0.4107326567173004,0.3968154489994049,0.37545162439346313
43,1800,0.29403799772262573,0.00020824636158067733,0.32049560546875,0.2705078125,0.21649169921875,0.1925048828125,4,698,646,589,548,0.1813848912715912,0.2711279094219208,0.3572736978530884,0.44266897439956665,0.4240383505821228,0.41169455647468567,0.39557597041130066,0.3759342133998871
43,1820,0.2930613160133362,0.00020824636158067733,0.32061767578125,0.271240234375,0.21746826171875,0.190673828125,4,699,646,593,550,0.18133050203323364,0.2691136598587036,0.3570486009120941,0.4420238733291626,0.4237397611141205,0.40938958525657654,0.39509445428848267,0.3755345642566681
43,1840,0.2931613326072693,0.00020824636158067733,0.32135009765625,0.26995849609375,0.22039794921875,0.18829345703125,4,699,644,591,549,0.1813693791627884,0.26957112550735474,0.3580133318901062,0.44186264276504517,0.42398199439048767,0.40991365909576416,0.39620155096054077,0.37530529499053955
43,1860,0.29424816370010376,0.00020824636158067733,0.3197021484375,0.26922607421875,0.21844482421875,0.192626953125,4,700,643,591,550,0.18162542581558228,0.270356684923172,0.3575926125049591,0.44272521138191223,0.4240971505641937,0.41082537174224854,0.39560094475746155,0.37619179487228394
43,1880,0.29387176036834717,0.00020824636158067733,0.31951904296875,0.27001953125,0.21868896484375,0.1917724609375,4,700,646,588,550,0.18171730637550354,0.27000975608825684,0.3573320209980011,0.441967248916626,0.4243212938308716,0.4099749028682709,0.39543330669403076,0.3755052983760834
43,1900,0.29382815957069397,0.00020824636158067733,0.3175048828125,0.271728515625,0.21917724609375,0.19158935546875,4,697,646,590,547,0.1820708066225052,0.26949527859687805,0.35705065727233887,0.44121885299682617,0.4245973229408264,0.4092969000339508,0.3952406644821167,0.37470105290412903
43,1920,0.29270583391189575,0.00020824636158067733,0.32244873046875,0.26959228515625,0.21893310546875,0.18902587890625,4,700,647,594,549,0.18072739243507385,0.2698008120059967,0.35730963945388794,0.4415660500526428,0.4232204556465149,0.41029998660087585,0.39552250504493713,0.37501439452171326
43,1940,0.29289257526397705,0.00020824636158067733,0.32086181640625,0.27093505859375,0.21905517578125,0.18914794921875,4,698,646,593,547,0.18088418245315552,0.26957374811172485,0.35744422674179077,0.44154226779937744,0.4232666492462158,0.4099043607711792,0.39548319578170776,0.3750164806842804
43,1960,0.2935265302658081,0.00020824636158067733,0.31805419921875,0.27288818359375,0.216552734375,0.1925048828125,4,699,644,595,550,0.18055912852287292,0.26933854818344116,0.3577849268913269,0.44217246770858765,0.42296886444091797,0.4097899794578552,0.396051824092865,0.37549275159835815
43,1980,0.29323112964630127,0.00020824636158067733,0.319580078125,0.2708740234375,0.21917724609375,0.19036865234375,4,699,644,592,548,0.18089736998081207,0.2694149911403656,0.3574400842189789,0.4417726695537567,0.4234006106853485,0.40974608063697815,0.39558175206184387,0.3752429783344269
43,2000,0.29314348101615906,0.00020824636158067733,0.321044921875,0.26910400390625,0.2193603515625,0.19049072265625,4,698,646,590,546,0.18058428168296814,0.2700454294681549,0.3571612536907196,0.44175639748573303,0.4230228662490845,0.4103623926639557,0.39525625109672546,0.37511566281318665
44,0,0.319011926651001,0.00020824636158067733,0.26080322265625,0.30792236328125,0.19317626953125,0.23809814453125,4,691,645,581,548,0.19051411747932434,0.28957679867744446,0.3670494258403778,0.45885613560676575,0.4352598786354065,0.42441868782043457,0.40296074748039246,0.383247435092926
44,20,0.2938215136528015,0.00020824636158067733,0.30621337890625,0.27532958984375,0.219482421875,0.198974609375,4,689,621,582,529,0.17965027689933777,0.26881030201911926,0.35498249530792236,0.43667057156562805,0.42347705364227295,0.4081990122795105,0.3925691246986389,0.36879923939704895
44,40,0.29395273327827454,0.00020824636158067733,0.31256103515625,0.26348876953125,0.22735595703125,0.19659423828125,4,686,627,579,531,0.1793365478515625,0.2688896059989929,0.3547765016555786,0.4394286572933197,0.42277607321739197,0.4098169207572937,0.3925646245479584,0.37135452032089233
44,60,0.294307678937912,0.00020824636158067733,0.30987548828125,0.27093505859375,0.22076416015625,0.19842529296875,4,691,631,579,531,0.18084566295146942,0.2693772614002228,0.35341572761535645,0.43977659940719604,0.4247611165046692,0.41059771180152893,0.3907496929168701,0.37185192108154297
44,80,0.2949100732803345,0.00020824636158067733,0.30859375,0.26806640625,0.2265625,0.19677734375,4,686,632,583,534,0.18073807656764984,0.2697812616825104,0.35433781147003174,0.43976855278015137,0.42459961771965027,0.41078269481658936,0.39190471172332764,0.37203124165534973
44,100,0.29372671246528625,0.00020824636158067733,0.31329345703125,0.26922607421875,0.2218017578125,0.1956787109375,4,684,632,583,533,0.1808588206768036,0.2695399224758148,0.3538043797016144,0.4396144449710846,0.4247134327888489,0.4107215702533722,0.39136549830436707,0.3717828691005707
44,120,0.29433736205101013,0.00020824636158067733,0.3116455078125,0.26837158203125,0.2220458984375,0.19793701171875,4,685,634,582,535,0.180342897772789,0.2702859938144684,0.35368674993515015,0.4398496747016907,0.4239649474620819,0.4115648567676544,0.3911381661891937,0.37189358472824097
44,140,0.29517340660095215,0.00020824636158067733,0.3094482421875,0.2684326171875,0.22564697265625,0.19647216796875,4,691,633,585,540,0.18031038343906403,0.27090829610824585,0.3545878529548645,0.4410007894039154,0.42391303181648254,0.41211339831352234,0.39225006103515625,0.37348899245262146
44,160,0.2951909899711609,0.00020824636158067733,0.312744140625,0.264404296875,0.2255859375,0.197265625,4,690,636,587,536,0.18063609302043915,0.27084964513778687,0.3549487292766571,0.4410950541496277,0.4244256913661957,0.4121161103248596,0.3924250304698944,0.37348389625549316
44,180,0.29451242089271545,0.00020824636158067733,0.31170654296875,0.27008056640625,0.2220458984375,0.1961669921875,4,691,638,585,535,0.1798698455095291,0.2709762454032898,0.35498595237731934,0.4406307637691498,0.42294684052467346,0.4119666814804077,0.39294296503067017,0.3730153441429138
44,200,0.2944655418395996,0.00020824636158067733,0.31402587890625,0.26983642578125,0.2220458984375,0.194091796875,4,695,641,589,536,0.18020547926425934,0.2715064585208893,0.35589468479156494,0.4409721791744232,0.4234623312950134,0.4126655161380768,0.39366433024406433,0.37369152903556824
44,220,0.2947537899017334,0.00020824636158067733,0.3157958984375,0.26837158203125,0.2208251953125,0.19500732421875,4,694,641,592,539,0.18131640553474426,0.2711606025695801,0.35528528690338135,0.44237852096557617,0.4244416058063507,0.4119722545146942,0.39299675822257996,0.3755934238433838
44,240,0.2953375577926636,0.00020824636158067733,0.318359375,0.26898193359375,0.2188720703125,0.19378662109375,4,696,642,588,542,0.18278458714485168,0.2718172073364258,0.35562193393707275,0.44480234384536743,0.42605915665626526,0.4129169285297394,0.39335355162620544,0.3784492611885071
44,260,0.2946575880050659,0.00020824636158067733,0.32098388671875,0.268310546875,0.21783447265625,0.19287109375,4,695,643,594,541,0.18226870894432068,0.2714856266975403,0.3559246361255646,0.4447382688522339,0.4252214729785919,0.4122350513935089,0.39374127984046936,0.3787936866283417
44,280,0.2948126196861267,0.00020824636158067733,0.32244873046875,0.268798828125,0.2181396484375,0.19061279296875,4,696,645,593,540,0.1835073083639145,0.27129197120666504,0.35719236731529236,0.4448816776275635,0.427030086517334,0.4118802845478058,0.3950909674167633,0.37900829315185547
44,300,0.29551705718040466,0.00020824636158067733,0.320068359375,0.26873779296875,0.2208251953125,0.19036865234375,4,699,646,594,544,0.18377116322517395,0.27154800295829773,0.35815656185150146,0.4445717930793762,0.427076131105423,0.4116537272930145,0.3964223265647888,0.37865540385246277
44,320,0.2949940860271454,0.00020824636158067733,0.3192138671875,0.26971435546875,0.2198486328125,0.19122314453125,4,697,646,593,542,0.1832658052444458,0.2712401747703552,0.35650694370269775,0.444288045167923,0.4258866608142853,0.4114999771118164,0.39456626772880554,0.37825095653533936
44,340,0.2958671450614929,0.00020824636158067733,0.31591796875,0.27288818359375,0.218994140625,0.19219970703125,4,696,646,595,544,0.1835426390171051,0.2717439830303192,0.3569631278514862,0.44513174891471863,0.4262504279613495,0.41206613183021545,0.3950638175010681,0.3792763948440552
44,360,0.2954021990299225,0.00020824636158067733,0.3194580078125,0.2708740234375,0.21728515625,0.1923828125,4,697,646,596,545,0.1828949898481369,0.2717118263244629,0.357548326253891,0.44538968801498413,0.4257051646709442,0.41190117597579956,0.39592045545578003,0.3796432912349701
44,380,0.29459068179130554,0.00020824636158067733,0.3209228515625,0.2718505859375,0.2159423828125,0.1912841796875,4,696,645,593,547,0.18233837187290192,0.2717001736164093,0.3563133776187897,0.4457719326019287,0.42511144280433655,0.4120497703552246,0.39448609948158264,0.3801603615283966
44,400,0.29510390758514404,0.00020824636158067733,0.3199462890625,0.27093505859375,0.218017578125,0.19110107421875,4,699,644,594,547,0.18294353783130646,0.2716711163520813,0.35699787735939026,0.445496141910553,0.4258521497249603,0.41195937991142273,0.39500510692596436,0.3797858953475952
44,420,0.2956524193286896,0.00020824636158067733,0.31866455078125,0.26959228515625,0.22003173828125,0.19171142578125,4,698,645,596,542,0.1830684393644333,0.27150923013687134,0.35756638646125793,0.44568148255348206,0.42583024501800537,0.41185814142227173,0.3956960141658783,0.37998247146606445
44,440,0.29515719413757324,0.00020824636158067733,0.31719970703125,0.2728271484375,0.2193603515625,0.19061279296875,4,697,647,597,546,0.1832132637500763,0.2711694538593292,0.3570115566253662,0.44459471106529236,0.42561855912208557,0.411468505859375,0.3949865698814392,0.37880054116249084
44,460,0.29463380575180054,0.00020824636158067733,0.32049560546875,0.27069091796875,0.21868896484375,0.19012451171875,4,700,647,597,544,0.1825866848230362,0.2712138295173645,0.3570551574230194,0.44505801796913147,0.4253288507461548,0.4113488495349884,0.39511120319366455,0.37937161326408386
44,480,0.2947639226913452,0.00020824636158067733,0.3206787109375,0.27069091796875,0.2166748046875,0.19195556640625,4,698,647,594,545,0.1824950873851776,0.27130475640296936,0.3568885028362274,0.44527578353881836,0.42532816529273987,0.4113922119140625,0.39500245451927185,0.379497766494751
44,500,0.2947308123111725,0.00020824636158067733,0.32098388671875,0.27069091796875,0.21832275390625,0.19000244140625,4,699,648,596,543,0.1821054071187973,0.2720092535018921,0.3578391671180725,0.44485217332839966,0.4251083731651306,0.41256454586982727,0.3959804177284241,0.3789360523223877
44,520,0.2949068546295166,0.00020824636158067733,0.31884765625,0.27099609375,0.22100830078125,0.18914794921875,4,699,647,596,547,0.18320976197719574,0.27140942215919495,0.3566247224807739,0.44474682211875916,0.42592406272888184,0.4116196632385254,0.3944847285747528,0.378976970911026
44,540,0.29448097944259644,0.00020824636158067733,0.32049560546875,0.27166748046875,0.2171630859375,0.190673828125,4,699,648,597,545,0.18289954960346222,0.2708231210708618,0.3567295968532562,0.44484418630599976,0.42595556378364563,0.4111379086971283,0.3944527506828308,0.3790566921234131
44,560,0.29440250992774963,0.00020824636158067733,0.3204345703125,0.271240234375,0.21746826171875,0.19085693359375,4,698,648,595,547,0.18265682458877563,0.2708154022693634,0.3563411235809326,0.44496169686317444,0.4253743588924408,0.4111384451389313,0.39422526955604553,0.37914279103279114
44,580,0.29458385705947876,0.00020824636158067733,0.31964111328125,0.27203369140625,0.2181396484375,0.190185546875,4,699,648,593,545,0.18259769678115845,0.2714311182498932,0.3566569983959198,0.4447166919708252,0.42516255378723145,0.4115861654281616,0.3945299983024597,0.3788425624370575
44,600,0.29429998993873596,0.00020824636158067733,0.3209228515625,0.27117919921875,0.21759033203125,0.1903076171875,4,699,648,595,548,0.18215808272361755,0.2713478207588196,0.3560507595539093,0.44551146030426025,0.42495110630989075,0.4115294814109802,0.3937555253505707,0.3798896074295044
44,620,0.2946540117263794,0.00020824636158067733,0.31976318359375,0.2711181640625,0.2183837890625,0.19073486328125,4,699,648,596,547,0.182560533285141,0.27082303166389465,0.3561820387840271,0.4460034668445587,0.4254278540611267,0.4110860526561737,0.3939911425113678,0.3804231882095337
44,640,0.2941236197948456,0.00020824636158067733,0.32147216796875,0.271240234375,0.2161865234375,0.19110107421875,4,699,648,593,546,0.182564377784729,0.27039870619773865,0.3561076521873474,0.44534313678741455,0.42522141337394714,0.41055890917778015,0.39392009377479553,0.37959572672843933
44,660,0.29371100664138794,0.00020824636158067733,0.32171630859375,0.27105712890625,0.216552734375,0.190673828125,4,699,648,597,548,0.18142108619213104,0.27005377411842346,0.35683974623680115,0.44510704278945923,0.42405274510383606,0.4101333022117615,0.3947862386703491,0.37944087386131287
44,680,0.29452624917030334,0.00020824636158067733,0.320068359375,0.2705078125,0.218505859375,0.19091796875,4,699,646,595,543,0.18174825608730316,0.2707771956920624,0.3569582998752594,0.44579124450683594,0.4243907928466797,0.4110604226589203,0.3949128985404968,0.38003960251808167
44,700,0.29430949687957764,0.00020824636158067733,0.32037353515625,0.27197265625,0.216796875,0.19085693359375,4,700,647,596,547,0.18171435594558716,0.2708965837955475,0.355938196182251,0.4466710388660431,0.4243418574333191,0.41119709610939026,0.3937534987926483,0.38127273321151733
44,720,0.29417869448661804,0.00020824636158067733,0.32196044921875,0.27081298828125,0.21533203125,0.19189453125,4,699,647,593,547,0.18180760741233826,0.2702823877334595,0.3562453091144562,0.4467916190624237,0.42455148696899414,0.41034433245658875,0.3942223787307739,0.381234347820282
44,740,0.2934568524360657,0.00020824636158067733,0.32305908203125,0.27081298828125,0.2152099609375,0.19091796875,4,700,645,597,547,0.18102794885635376,0.2696671485900879,0.3564987778663635,0.4463838040828705,0.42367908358573914,0.4098185896873474,0.3943813145160675,0.3809434771537781
44,760,0.29375314712524414,0.00020824636158067733,0.32183837890625,0.27105712890625,0.21636962890625,0.19073486328125,4,699,647,596,548,0.18117131292819977,0.2696332633495331,0.35682472586631775,0.44644811749458313,0.42390206456184387,0.4099443852901459,0.39471468329429626,0.3810344338417053
44,780,0.29368889331817627,0.00020824636158067733,0.32171630859375,0.270751953125,0.21600341796875,0.1915283203125,4,699,645,593,546,0.18104495108127594,0.26962345838546753,0.3560760021209717,0.4465608596801758,0.42362910509109497,0.40983542799949646,0.39398303627967834,0.3810824453830719
44,800,0.2933742105960846,0.00020824636158067733,0.3209228515625,0.2713623046875,0.2149658203125,0.1927490234375,4,699,643,595,546,0.18012596666812897,0.26927316188812256,0.35581299662590027,0.4462251365184784,0.42239007353782654,0.40938735008239746,0.39361703395843506,0.3807842433452606
44,820,0.2941022217273712,0.00020824636158067733,0.3199462890625,0.2708740234375,0.21673583984375,0.19244384765625,4,699,644,595,547,0.18094274401664734,0.2698296010494232,0.3561483919620514,0.44652166962623596,0.4232511818408966,0.4097699522972107,0.39405205845832825,0.38100916147232056
44,840,0.29387837648391724,0.00020824636158067733,0.3218994140625,0.269775390625,0.21630859375,0.1920166015625,4,700,645,595,547,0.18066191673278809,0.27000775933265686,0.3561219274997711,0.44709527492523193,0.42319202423095703,0.41026297211647034,0.3939622938632965,0.381369411945343
44,860,0.29325371980667114,0.00020824636158067733,0.32501220703125,0.26971435546875,0.21478271484375,0.19049072265625,4,701,645,594,547,0.18060551583766937,0.27015161514282227,0.35697701573371887,0.4463128447532654,0.4237790107727051,0.41034841537475586,0.39477473497390747,0.38056960701942444
44,880,0.29386815428733826,0.00020824636158067733,0.320556640625,0.27020263671875,0.2171630859375,0.19207763671875,4,699,643,593,547,0.18081335723400116,0.26977598667144775,0.35605791211128235,0.44612374901771545,0.42329367995262146,0.40975421667099,0.39391177892684937,0.38044270873069763
44,900,0.29340964555740356,0.00020824636158067733,0.32244873046875,0.27117919921875,0.21539306640625,0.19097900390625,4,699,646,592,547,0.18100205063819885,0.2700534760951996,0.3557921051979065,0.4460058808326721,0.42346516251564026,0.410210520029068,0.39339780807495117,0.3803517520427704
44,920,0.2931685149669647,0.00020824636158067733,0.322265625,0.27154541015625,0.21563720703125,0.1905517578125,4,698,645,593,548,0.18080487847328186,0.2695450484752655,0.3562256395816803,0.44550666213035583,0.4233883023262024,0.4094984233379364,0.3938227593898773,0.37976396083831787
44,940,0.2929406762123108,0.00020824636158067733,0.322021484375,0.27239990234375,0.21514892578125,0.1904296875,4,699,646,593,547,0.18056318163871765,0.26952487230300903,0.3556968867778778,0.44556647539138794,0.4229108989238739,0.4093327522277832,0.39333778619766235,0.37982404232025146
44,960,0.2928604185581207,0.00020824636158067733,0.32293701171875,0.2725830078125,0.21441650390625,0.1900634765625,4,699,644,594,544,0.18083684146404266,0.26985859870910645,0.35572224855422974,0.44527196884155273,0.42326343059539795,0.4099176824092865,0.39347395300865173,0.3793659508228302
44,980,0.29310423135757446,0.00020824636158067733,0.3223876953125,0.271728515625,0.21380615234375,0.19207763671875,4,698,645,594,546,0.1803029626607895,0.26959389448165894,0.3553270697593689,0.4464305639266968,0.42263492941856384,0.4095223844051361,0.3930397033691406,0.3806096911430359
44,1000,0.2933157980442047,0.00020824636158067733,0.3206787109375,0.27197265625,0.21697998046875,0.19036865234375,4,700,646,594,547,0.18034905195236206,0.26964765787124634,0.35588598251342773,0.4461069107055664,0.422525554895401,0.40949350595474243,0.39373117685317993,0.38033753633499146
44,1020,0.29352036118507385,0.00020824636158067733,0.31927490234375,0.27301025390625,0.21697998046875,0.19073486328125,4,699,646,594,548,0.1804574877023697,0.26968902349472046,0.3563368320465088,0.44542989134788513,0.42283371090888977,0.40958794951438904,0.3944069445133209,0.3796010911464691
44,1040,0.29364925622940063,0.00020824636158067733,0.3201904296875,0.27178955078125,0.21661376953125,0.19140625,4,699,646,595,545,0.18038922548294067,0.26975134015083313,0.35611096024513245,0.4463607370853424,0.4230019152164459,0.4095631241798401,0.3938978314399719,0.3806469142436981
44,1060,0.29272136092185974,0.00020824636158067733,0.32257080078125,0.27178955078125,0.21649169921875,0.18914794921875,4,698,645,594,548,0.17998148500919342,0.2695326805114746,0.35671454668045044,0.44506263732910156,0.422514408826828,0.40956762433052063,0.3945724666118622,0.3791581392288208
44,1080,0.29302680492401123,0.00020824636158067733,0.321533203125,0.2718505859375,0.21636962890625,0.19024658203125,4,699,644,593,548,0.1801207810640335,0.26939889788627625,0.3562200963497162,0.44574007391929626,0.42254623770713806,0.40919139981269836,0.39398351311683655,0.37988272309303284
44,1100,0.2926677167415619,0.00020824636158067733,0.32244873046875,0.27178955078125,0.2159423828125,0.1898193359375,4,699,644,594,544,0.17949043214321136,0.26961198449134827,0.35612475872039795,0.4457453489303589,0.4219503402709961,0.4096328318119049,0.39401406049728394,0.3799373209476471
44,1120,0.2932835817337036,0.00020824636158067733,0.3192138671875,0.27197265625,0.21856689453125,0.19024658203125,4,700,645,593,541,0.18000012636184692,0.2695794403553009,0.3558368682861328,0.4453832805156708,0.4222472310066223,0.4092692732810974,0.39338722825050354,0.37964388728141785
44,1140,0.29268449544906616,0.00020824636158067733,0.32177734375,0.2713623046875,0.216796875,0.1900634765625,4,699,646,594,545,0.17973209917545319,0.2695193290710449,0.35544076561927795,0.4454032778739929,0.4222024083137512,0.40955156087875366,0.39297276735305786,0.3794489800930023
44,1160,0.29279273748397827,0.00020824636158067733,0.32177734375,0.27105712890625,0.2158203125,0.19134521484375,4,698,643,591,544,0.17957568168640137,0.26951488852500916,0.35537171363830566,0.4455766975879669,0.4219561815261841,0.4093129336833954,0.3929251432418823,0.3795740604400635
44,1180,0.2928520441055298,0.00020824636158067733,0.32098388671875,0.27294921875,0.21612548828125,0.18994140625,4,699,646,591,544,0.18006643652915955,0.2701847553253174,0.35538387298583984,0.44487082958221436,0.4224291741847992,0.41024625301361084,0.3931393623352051,0.37852752208709717
44,1200,0.29346907138824463,0.00020824636158067733,0.31939697265625,0.272705078125,0.21588134765625,0.1920166015625,4,700,646,594,545,0.18020999431610107,0.2698139548301697,0.35571572184562683,0.4454745650291443,0.42245185375213623,0.40957850217819214,0.39352336525917053,0.37927567958831787
44,1220,0.2923068106174469,0.00020824636158067733,0.32318115234375,0.2733154296875,0.21429443359375,0.189208984375,4,700,645,592,543,0.17957685887813568,0.27022725343704224,0.3558504283428192,0.44478270411491394,0.42213812470436096,0.4102640151977539,0.3936082124710083,0.3784532845020294
44,1240,0.2928237318992615,0.00020824636158067733,0.32049560546875,0.27294921875,0.2169189453125,0.18963623046875,4,700,645,592,544,0.1800287365913391,0.26996904611587524,0.3557254374027252,0.444397509098053,0.42246386408805847,0.409796804189682,0.39346420764923096,0.37804344296455383
44,1260,0.29287317395210266,0.00020824636158067733,0.321044921875,0.2734375,0.21478271484375,0.19073486328125,4,700,645,593,545,0.17948336899280548,0.27055877447128296,0.3559529781341553,0.4446880519390106,0.4219197630882263,0.4104616641998291,0.3936746418476105,0.3782217502593994
44,1280,0.2927241921424866,0.00020824636158067733,0.32244873046875,0.27154541015625,0.2166748046875,0.1893310546875,4,700,644,593,543,0.17979253828525543,0.2703094780445099,0.355835884809494,0.4449789524078369,0.4224899709224701,0.41018176078796387,0.3934473991394043,0.3786742091178894
44,1300,0.2928036153316498,0.00020824636158067733,0.3218994140625,0.2724609375,0.2147216796875,0.19091796875,4,701,646,591,547,0.17974883317947388,0.27018409967422485,0.35558316111564636,0.44509458541870117,0.4222889244556427,0.41015323996543884,0.3932948410511017,0.3785705268383026
44,1320,0.29264166951179504,0.00020824636158067733,0.32135009765625,0.27288818359375,0.21600341796875,0.18975830078125,4,700,645,592,547,0.1794399917125702,0.2703720033168793,0.3554334342479706,0.4448947012424469,0.42181336879730225,0.41032224893569946,0.3931293487548828,0.3784603178501129
44,1340,0.29306870698928833,0.00020824636158067733,0.31939697265625,0.2730712890625,0.21856689453125,0.18896484375,4,701,647,592,547,0.17960432171821594,0.27048707008361816,0.3561606705188751,0.4445083439350128,0.4220028519630432,0.41052091121673584,0.39399322867393494,0.37798231840133667
44,1360,0.29241082072257996,0.00020824636158067733,0.32012939453125,0.2740478515625,0.21685791015625,0.18896484375,4,700,645,591,542,0.17907603085041046,0.27050307393074036,0.3556477129459381,0.44361424446105957,0.42119377851486206,0.4104030430316925,0.39339306950569153,0.3771510720252991
44,1380,0.29220595955848694,0.00020824636158067733,0.3214111328125,0.2747802734375,0.21624755859375,0.18756103515625,4,699,646,591,545,0.1795703023672104,0.27029064297676086,0.3553667962551117,0.44450756907463074,0.421921968460083,0.41014519333839417,0.3930501341819763,0.37819311022758484
44,1400,0.2920747995376587,0.00020824636158067733,0.322509765625,0.27374267578125,0.2147216796875,0.18902587890625,4,699,646,592,545,0.17933687567710876,0.2701509892940521,0.35575833916664124,0.4438333809375763,0.42165449261665344,0.40984517335891724,0.3935621678829193,0.3771512806415558
44,1420,0.2926616668701172,0.00020824636158067733,0.31988525390625,0.2733154296875,0.216064453125,0.19073486328125,4,700,645,593,544,0.179157093167305,0.2701469361782074,0.3558034896850586,0.4437580108642578,0.42132389545440674,0.4097694456577301,0.3935600519180298,0.37707120180130005
44,1440,0.291887104511261,0.00020824636158067733,0.3218994140625,0.27374267578125,0.21661376953125,0.187744140625,4,700,646,591,542,0.1793258786201477,0.2698307931423187,0.3551706373691559,0.4440253674983978,0.42177775502204895,0.4094659686088562,0.39286747574806213,0.37756478786468506
44,1460,0.2920267581939697,0.00020824636158067733,0.32135009765625,0.27490234375,0.21484375,0.18890380859375,4,699,647,588,542,0.1790897101163864,0.2704463303089142,0.35519149899482727,0.4437141418457031,0.42130786180496216,0.41014981269836426,0.39299896359443665,0.37694573402404785
44,1480,0.29220205545425415,0.00020824636158067733,0.3206787109375,0.27459716796875,0.21630859375,0.18841552734375,4,699,647,590,545,0.17942093312740326,0.27028295397758484,0.35555410385131836,0.44336721301078796,0.42180535197257996,0.410077840089798,0.3932596743106842,0.3764665126800537
44,1500,0.2919507622718811,0.00020824636158067733,0.32135009765625,0.273681640625,0.21771240234375,0.187255859375,4,699,647,592,543,0.1791238635778427,0.27010682225227356,0.3556074798107147,0.4434886574745178,0.42156273126602173,0.40981221199035645,0.3932313919067383,0.37678414583206177
44,1520,0.2920587658882141,0.00020824636158067733,0.32171630859375,0.27337646484375,0.21636962890625,0.18853759765625,4,700,646,593,543,0.17928922176361084,0.2700665593147278,0.3556166887283325,0.4434341490268707,0.42180177569389343,0.4098563492298126,0.3931613862514496,0.37668123841285706
44,1540,0.29204922914505005,0.00020824636158067733,0.32073974609375,0.2742919921875,0.2154541015625,0.18951416015625,4,700,646,590,546,0.17889751493930817,0.27032333612442017,0.3552088141441345,0.4431908428668976,0.4210417866706848,0.40973252058029175,0.3928424119949341,0.376316636800766
44,1560,0.2918239235877991,0.00020824636158067733,0.32470703125,0.27227783203125,0.2156982421875,0.18731689453125,4,701,647,592,544,0.17992691695690155,0.2698226273059845,0.35612398386001587,0.4437313675880432,0.42290472984313965,0.40947574377059937,0.39373406767845154,0.37693020701408386
44,1580,0.29209044575691223,0.00020824636158067733,0.3209228515625,0.274169921875,0.21600341796875,0.18890380859375,4,700,646,589,545,0.17921173572540283,0.2703566253185272,0.35580602288246155,0.44254443049430847,0.4216462969779968,0.4097275733947754,0.39340975880622864,0.37543967366218567
44,1600,0.2917911112308502,0.00020824636158067733,0.3221435546875,0.2733154296875,0.217041015625,0.1875,4,700,645,593,545,0.17927125096321106,0.26993003487586975,0.3556068241596222,0.4431079626083374,0.42165106534957886,0.4095008969306946,0.39325588941574097,0.3762076795101166
44,1620,0.2924460768699646,0.00020824636158067733,0.32110595703125,0.27081298828125,0.2197265625,0.1883544921875,4,700,646,595,544,0.17921842634677887,0.26969701051712036,0.356354296207428,0.44363167881965637,0.4214790165424347,0.409466952085495,0.3940982222557068,0.37678709626197815
44,1640,0.29238203167915344,0.00020824636158067733,0.32159423828125,0.27301025390625,0.21673583984375,0.18865966796875,4,699,646,595,544,0.17934438586235046,0.27065309882164,0.3563210368156433,0.4430585205554962,0.4216654896736145,0.4101439416408539,0.3941271901130676,0.37585392594337463
44,1660,0.2919441759586334,0.00020824636158067733,0.321533203125,0.2730712890625,0.2178955078125,0.1875,4,701,644,593,548,0.17944307625293732,0.2697950303554535,0.3560623228549957,0.4426112174987793,0.4217698276042938,0.4092906713485718,0.39373666048049927,0.375509649515152
44,1680,0.29243773221969604,0.00020824636158067733,0.3206787109375,0.27349853515625,0.21795654296875,0.1878662109375,4,699,645,594,545,0.17954839766025543,0.2700614333152771,0.3570660352706909,0.4427306652069092,0.4220309257507324,0.40977397561073303,0.3949108421802521,0.37548381090164185
44,1700,0.2920931577682495,0.00020824636158067733,0.32086181640625,0.27349853515625,0.2177734375,0.1878662109375,4,700,644,592,547,0.17962764203548431,0.26967376470565796,0.35603010654449463,0.44269898533821106,0.4219919741153717,0.409180611371994,0.3936174511909485,0.3755616247653961
44,1720,0.2914930582046509,0.00020824636158067733,0.3223876953125,0.27398681640625,0.21636962890625,0.187255859375,4,700,644,590,544,0.17913609743118286,0.26939964294433594,0.35642099380493164,0.44223541021347046,0.42149680852890015,0.40893104672431946,0.3941841721534729,0.3749900162220001
44,1740,0.29193413257598877,0.00020824636158067733,0.32086181640625,0.273193359375,0.21820068359375,0.187744140625,4,699,645,594,542,0.1794181764125824,0.2689737379550934,0.3570943772792816,0.44190773367881775,0.4216330945491791,0.4083747863769531,0.39502859115600586,0.3745644986629486
44,1760,0.29181551933288574,0.00020824636158067733,0.3216552734375,0.27301025390625,0.2176513671875,0.18768310546875,4,700,646,593,541,0.17895887792110443,0.2691638767719269,0.357239693403244,0.4423108696937561,0.4212604761123657,0.40858229994773865,0.39523130655288696,0.3750811815261841
44,1780,0.2917248010635376,0.00020824636158067733,0.32281494140625,0.273193359375,0.21600341796875,0.18798828125,4,700,646,594,543,0.17948739230632782,0.2693018317222595,0.3570796251296997,0.4419513940811157,0.4218616485595703,0.4089891016483307,0.39479485154151917,0.37450990080833435
44,1800,0.29195043444633484,0.00020824636158067733,0.3221435546875,0.273193359375,0.216796875,0.1878662109375,4,699,646,595,544,0.1792333722114563,0.26962605118751526,0.3572981655597687,0.4422851800918579,0.42163097858428955,0.40915435552597046,0.39525365829467773,0.3749034106731415
44,1820,0.2917408049106598,0.00020824636158067733,0.3226318359375,0.2725830078125,0.2176513671875,0.1871337890625,4,701,646,593,543,0.1795458048582077,0.26954618096351624,0.35660645365715027,0.4420582354068756,0.42195865511894226,0.4091174304485321,0.3942375183105469,0.3747303783893585
44,1840,0.2914924919605255,0.00020824636158067733,0.32135009765625,0.2745361328125,0.21722412109375,0.1868896484375,4,700,646,591,542,0.179121196269989,0.26923224329948425,0.35659059882164,0.4417462646961212,0.42137062549591064,0.40864890813827515,0.39424383640289307,0.3743695914745331
44,1860,0.29162752628326416,0.00020824636158067733,0.32171630859375,0.2730712890625,0.2177734375,0.18743896484375,4,700,645,594,542,0.17884579300880432,0.2691569924354553,0.35741105675697327,0.44151023030281067,0.4212605357170105,0.40867194533348083,0.39523395895957947,0.37403061985969543
44,1880,0.2914615571498871,0.00020824636158067733,0.32183837890625,0.273193359375,0.2178955078125,0.18707275390625,4,700,647,596,543,0.178884357213974,0.26901596784591675,0.35706213116645813,0.4415079951286316,0.42109134793281555,0.4085037410259247,0.39486005902290344,0.374081552028656
44,1900,0.29196295142173767,0.00020824636158067733,0.32208251953125,0.273193359375,0.21710205078125,0.1876220703125,4,701,646,596,546,0.17910534143447876,0.2695864140987396,0.3575695753097534,0.44236764311790466,0.42155367136001587,0.40910446643829346,0.3955366611480713,0.3748999834060669
44,1920,0.2920500338077545,0.00020824636158067733,0.32012939453125,0.27288818359375,0.21942138671875,0.18756103515625,4,701,646,593,540,0.17915593087673187,0.2691701352596283,0.357646107673645,0.44128790497779846,0.4214411675930023,0.4088132381439209,0.39552316069602966,0.3736456334590912
44,1940,0.2916675806045532,0.00020824636158067733,0.32098388671875,0.2744140625,0.21722412109375,0.1873779296875,4,701,642,595,544,0.17922551929950714,0.2693031430244446,0.3573460876941681,0.4408966600894928,0.42140063643455505,0.4087545573711395,0.3952099084854126,0.373285174369812
44,1960,0.291230708360672,0.00020824636158067733,0.32232666015625,0.2735595703125,0.21759033203125,0.1865234375,4,700,644,592,542,0.17908798158168793,0.26899558305740356,0.3568367660045624,0.44109907746315,0.4214833974838257,0.4085938632488251,0.3943408131599426,0.3734530806541443
44,1980,0.2915670573711395,0.00020824636158067733,0.3209228515625,0.2734375,0.21856689453125,0.18707275390625,4,701,644,592,542,0.1790577471256256,0.2691832482814789,0.3568050265312195,0.44107314944267273,0.4212963283061981,0.40880486369132996,0.39424043893814087,0.3734349012374878
44,2000,0.29195407032966614,0.00020824636158067733,0.31988525390625,0.27392578125,0.2188720703125,0.18731689453125,4,701,645,595,542,0.17898084223270416,0.2695050835609436,0.35758176445961,0.44102635979652405,0.4212420880794525,0.4087925851345062,0.3955000638961792,0.37335920333862305
45,0,0.3392329812049866,0.00020824636158067733,0.1544189453125,0.4361572265625,0.20623779296875,0.20318603515625,4,646,644,586,537,0.19194060564041138,0.3101060688495636,0.3857438266277313,0.46648746728897095,0.4267357885837555,0.4103533923625946,0.40487104654312134,0.38744068145751953
45,20,0.3151523768901825,0.00020824636158067733,0.24407958984375,0.326904296875,0.22955322265625,0.199462890625,4,679,643,587,543,0.19251078367233276,0.28114697337150574,0.37120673060417175,0.4564487040042877,0.43582579493522644,0.41664478182792664,0.4015786349773407,0.3852684497833252
45,40,0.30219483375549316,0.00020824636158067733,0.3004150390625,0.27154541015625,0.22802734375,0.20001220703125,4,694,632,584,534,0.18765300512313843,0.27207469940185547,0.3600863218307495,0.4491269588470459,0.4331771433353424,0.4143725335597992,0.3961086869239807,0.3796508014202118
45,60,0.29653865098953247,0.00020824636158067733,0.31170654296875,0.26397705078125,0.22662353515625,0.19769287109375,4,692,629,583,535,0.18410703539848328,0.2690353989601135,0.35491129755973816,0.44362178444862366,0.42883652448654175,0.410988986492157,0.3918408155441284,0.37532392144203186
45,80,0.2953132390975952,0.00020824636158067733,0.305908203125,0.26971435546875,0.22528076171875,0.1990966796875,4,694,629,582,532,0.18120607733726501,0.268294095993042,0.35377901792526245,0.44108426570892334,0.42525455355644226,0.4097801744937897,0.39083343744277954,0.37314653396606445
45,100,0.2948518693447113,0.00020824636158067733,0.30523681640625,0.27325439453125,0.2220458984375,0.199462890625,4,691,631,578,536,0.18010711669921875,0.2688586711883545,0.35329771041870117,0.4409916400909424,0.42380380630493164,0.410224586725235,0.3905108869075775,0.3731001615524292
45,120,0.2947723865509033,0.00020824636158067733,0.30572509765625,0.27386474609375,0.22265625,0.19775390625,4,692,632,582,536,0.1800517737865448,0.26942864060401917,0.35329321026802063,0.4413366913795471,0.4235292673110962,0.4107603132724762,0.3905876576900482,0.37369853258132935
45,140,0.29356542229652405,0.00020824636158067733,0.30889892578125,0.27130126953125,0.22027587890625,0.19952392578125,4,690,629,580,534,0.17918144166469574,0.2685093283653259,0.3520967960357666,0.44010305404663086,0.42253807187080383,0.4096986949443817,0.3888240158557892,0.37235283851623535
45,160,0.29476532340049744,0.00020824636158067733,0.3067626953125,0.27239990234375,0.22222900390625,0.1986083984375,4,694,633,581,534,0.17981921136379242,0.2698964774608612,0.35320958495140076,0.44102030992507935,0.42335045337677,0.4112297296524048,0.3900792598724365,0.3734568655490875
45,180,0.29396769404411316,0.00020824636158067733,0.30938720703125,0.271728515625,0.22064208984375,0.1982421875,4,694,633,583,531,0.17909355461597443,0.2692161202430725,0.35337284207344055,0.4410555362701416,0.4224075376987457,0.4104114770889282,0.3904620110988617,0.37349075078964233
45,200,0.29349198937416077,0.00020824636158067733,0.31036376953125,0.27099609375,0.22186279296875,0.19677734375,4,696,632,586,529,0.1785513311624527,0.26906710863113403,0.35316652059555054,0.4411356449127197,0.4218466579914093,0.41025564074516296,0.39018628001213074,0.37398049235343933
45,220,0.29328271746635437,0.00020824636158067733,0.3114013671875,0.26934814453125,0.221923828125,0.19732666015625,4,694,634,584,535,0.17802566289901733,0.2692640721797943,0.3534405529499054,0.4402983784675598,0.4212108254432678,0.4103839099407196,0.39022690057754517,0.3729740083217621
45,240,0.29479363560676575,0.00020824636158067733,0.3095703125,0.26934814453125,0.2218017578125,0.19927978515625,4,690,633,583,537,0.17828433215618134,0.27058783173561096,0.3544934093952179,0.44205448031425476,0.4215238690376282,0.4118584394454956,0.3914875090122223,0.37470322847366333
45,260,0.2933676540851593,0.00020824636158067733,0.312255859375,0.269775390625,0.21990966796875,0.19805908203125,4,690,634,582,535,0.17707893252372742,0.2698391079902649,0.3539234399795532,0.4415176808834076,0.42008620500564575,0.4110661447048187,0.39086082577705383,0.37418535351753235
45,280,0.29274043440818787,0.00020824636158067733,0.314453125,0.27020263671875,0.2174072265625,0.19793701171875,4,689,640,585,532,0.17743398249149323,0.26970070600509644,0.35321134328842163,0.44095441699028015,0.4203939437866211,0.4106878340244293,0.38983261585235596,0.3738560378551483
45,300,0.29343104362487793,0.00020824636158067733,0.312744140625,0.2708740234375,0.2191162109375,0.197265625,4,690,632,586,535,0.17751237750053406,0.2696886658668518,0.35462069511413574,0.4418422281742096,0.42056307196617126,0.41071829199790955,0.3914773166179657,0.37482088804244995
45,320,0.29337194561958313,0.00020824636158067733,0.31536865234375,0.2681884765625,0.218505859375,0.19793701171875,4,693,633,585,536,0.17740295827388763,0.27037742733955383,0.3539900481700897,0.44238099455833435,0.42056992650032043,0.4113216996192932,0.39061814546585083,0.37541159987449646
45,340,0.29260411858558655,0.00020824636158067733,0.31536865234375,0.26806640625,0.2210693359375,0.19549560546875,4,689,635,587,533,0.17633430659770966,0.2702893614768982,0.35375159978866577,0.44161954522132874,0.418838769197464,0.4110560417175293,0.39059942960739136,0.3747236132621765
45,360,0.29303765296936035,0.00020824636158067733,0.31524658203125,0.26922607421875,0.21942138671875,0.19610595703125,4,687,640,587,540,0.17562547326087952,0.2712312340736389,0.3549453616142273,0.4424505829811096,0.41836288571357727,0.4125749170780182,0.3917175829410553,0.3752690255641937
45,380,0.2924974858760834,0.00020824636158067733,0.31683349609375,0.26910400390625,0.21990966796875,0.19415283203125,4,687,640,587,536,0.17518317699432373,0.27181926369667053,0.35556235909461975,0.4411696195602417,0.41767042875289917,0.41323959827423096,0.3921079635620117,0.37390241026878357
45,400,0.2920547127723694,0.00020824636158067733,0.31854248046875,0.26959228515625,0.21771240234375,0.19415283203125,4,689,638,589,537,0.174885556101799,0.2714236080646515,0.35538867115974426,0.44191986322402954,0.4172886312007904,0.4126399755477905,0.39201828837394714,0.37502321600914
45,420,0.29284152388572693,0.00020824636158067733,0.3175048828125,0.26806640625,0.2183837890625,0.196044921875,4,687,637,590,540,0.17536593973636627,0.2711695432662964,0.35550034046173096,0.44293442368507385,0.417525976896286,0.4123096466064453,0.39209333062171936,0.3759719729423523
45,440,0.29189807176589966,0.00020824636158067733,0.3201904296875,0.26922607421875,0.218017578125,0.19256591796875,4,689,641,588,542,0.17540687322616577,0.2714889645576477,0.35468780994415283,0.4430399537086487,0.41762658953666687,0.4127350449562073,0.391075074672699,0.37646758556365967
45,460,0.29206329584121704,0.00020824636158067733,0.3197021484375,0.268798828125,0.2147216796875,0.19677734375,4,687,639,585,539,0.17444771528244019,0.27082592248916626,0.35542353987693787,0.44302433729171753,0.41660112142562866,0.4119889736175537,0.391798734664917,0.37575533986091614
45,480,0.292412132024765,0.00020824636158067733,0.3187255859375,0.2696533203125,0.216796875,0.19482421875,4,689,638,588,535,0.1747957468032837,0.271383136510849,0.3560282289981842,0.44314342737197876,0.41710570454597473,0.412548691034317,0.39238110184669495,0.3763731122016907
45,500,0.29093238711357117,0.00020824636158067733,0.32257080078125,0.2686767578125,0.21710205078125,0.191650390625,4,688,641,590,536,0.17405883967876434,0.2709433436393738,0.3556356728076935,0.4423714578151703,0.4161801338195801,0.41214996576309204,0.39215201139450073,0.3758259117603302
45,520,0.2931169271469116,0.00020824636158067733,0.3173828125,0.268310546875,0.218017578125,0.1962890625,4,688,642,587,542,0.17560966312885284,0.2707020938396454,0.3557196855545044,0.44422265887260437,0.4174908995628357,0.4116516411304474,0.39206546545028687,0.377723753452301
45,540,0.29263272881507874,0.00020824636158067733,0.3197021484375,0.26812744140625,0.21600341796875,0.1961669921875,4,688,643,590,543,0.17500032484531403,0.27066004276275635,0.35566553473472595,0.4449698030948639,0.41698434948921204,0.41199198365211487,0.3923104405403137,0.37826618552207947
45,560,0.2918744683265686,0.00020824636158067733,0.3199462890625,0.26971435546875,0.21630859375,0.19403076171875,4,694,640,587,539,0.1751188337802887,0.2702816128730774,0.35539162158966064,0.4436034858226776,0.4172462821006775,0.4113491475582123,0.3915139138698578,0.3772047162055969
45,580,0.29135099053382874,0.00020824636158067733,0.31951904296875,0.2701416015625,0.21966552734375,0.190673828125,4,690,638,589,539,0.17475171387195587,0.2700064480304718,0.3560294508934021,0.44246816635131836,0.41657668352127075,0.4111200273036957,0.392591655254364,0.3760121762752533
45,600,0.2914937138557434,0.00020824636158067733,0.32025146484375,0.2706298828125,0.214111328125,0.19500732421875,4,693,641,592,538,0.1748262643814087,0.2698351740837097,0.35534027218818665,0.44304752349853516,0.4168728291988373,0.4109860062599182,0.3915026783943176,0.3762216866016388
45,620,0.29234668612480164,0.00020824636158067733,0.31982421875,0.26959228515625,0.216796875,0.19378662109375,4,691,643,592,541,0.17584212124347687,0.2704840302467346,0.35607704520225525,0.44374212622642517,0.4181380569934845,0.4116324484348297,0.39251643419265747,0.37704724073410034
45,640,0.291894793510437,0.00020824636158067733,0.3203125,0.27008056640625,0.217529296875,0.19207763671875,4,693,643,589,542,0.17546041309833527,0.2700773775577545,0.35648593306541443,0.4435906708240509,0.417673259973526,0.4113474190235138,0.39302805066108704,0.3771589398384094
45,660,0.29277870059013367,0.00020824636158067733,0.31829833984375,0.26947021484375,0.21673583984375,0.19549560546875,4,692,642,590,540,0.17580556869506836,0.2702983617782593,0.35633325576782227,0.4437570571899414,0.4179157018661499,0.4113517999649048,0.3927886188030243,0.3772079646587372
45,680,0.291745126247406,0.00020824636158067733,0.32171630859375,0.27178955078125,0.213134765625,0.193359375,4,696,642,592,540,0.1755192130804062,0.27019375562667847,0.35669323801994324,0.44382739067077637,0.41803109645843506,0.41155463457107544,0.39355364441871643,0.377198725938797
45,700,0.29257845878601074,0.00020824636158067733,0.3187255859375,0.26983642578125,0.2169189453125,0.19451904296875,4,696,642,589,541,0.17605066299438477,0.27032244205474854,0.35634157061576843,0.4432806372642517,0.4183254837989807,0.4114494025707245,0.3929946720600128,0.3766215145587921
45,720,0.2916935682296753,0.00020824636158067733,0.31976318359375,0.27197265625,0.216552734375,0.19171142578125,4,696,641,591,538,0.17619220912456512,0.27024027705192566,0.35568109154701233,0.4424987733364105,0.41822123527526855,0.4114648103713989,0.39236199855804443,0.37599271535873413
45,740,0.2924564778804779,0.00020824636158067733,0.3193359375,0.27117919921875,0.21630859375,0.19317626953125,4,695,641,590,541,0.17639565467834473,0.2705669701099396,0.356937050819397,0.4428407847881317,0.4187331199645996,0.4118286073207855,0.3936109244823456,0.3762452304363251
45,760,0.29209476709365845,0.00020824636158067733,0.32080078125,0.27117919921875,0.21429443359375,0.1937255859375,4,695,640,591,540,0.17614662647247314,0.2702636122703552,0.3569280207157135,0.4429423213005066,0.418624609708786,0.4113960564136505,0.3939454257488251,0.37617865204811096
45,780,0.2926505208015442,0.00020824636158067733,0.317626953125,0.27191162109375,0.21630859375,0.19415283203125,4,695,640,588,537,0.1763187199831009,0.2700710594654083,0.35676291584968567,0.44315898418426514,0.41837793588638306,0.411249577999115,0.3937104642391205,0.376457542181015
45,800,0.2920464277267456,0.00020824636158067733,0.31842041015625,0.2723388671875,0.21539306640625,0.19384765625,4,696,643,589,537,0.17552080750465393,0.2699386179447174,0.356376051902771,0.44303521513938904,0.4173303544521332,0.41101542115211487,0.39352938532829285,0.3765851557254791
45,820,0.2930424213409424,0.00020824636158067733,0.3197021484375,0.26898193359375,0.2159423828125,0.19537353515625,4,695,641,593,544,0.1764783263206482,0.26980194449424744,0.3572259247303009,0.4448394775390625,0.41904395818710327,0.41092780232429504,0.3942192792892456,0.37828826904296875
45,840,0.2925051748752594,0.00020824636158067733,0.318603515625,0.27166748046875,0.21612548828125,0.193603515625,4,695,641,591,538,0.17665021121501923,0.26985427737236023,0.3561994433403015,0.44384220242500305,0.41884148120880127,0.41087648272514343,0.3932139575481415,0.3775242865085602
45,860,0.29149460792541504,0.00020824636158067733,0.32061767578125,0.271240234375,0.21612548828125,0.1920166015625,4,694,641,589,536,0.1757812201976776,0.26945680379867554,0.35610300302505493,0.4431157112121582,0.4180275499820709,0.41046303510665894,0.39310693740844727,0.37678831815719604
45,880,0.29170122742652893,0.00020824636158067733,0.31787109375,0.2734375,0.2174072265625,0.1912841796875,4,694,642,592,541,0.17617642879486084,0.2689496874809265,0.35611575841903687,0.4429888129234314,0.4179164171218872,0.40983664989471436,0.3932356834411621,0.3767431080341339
45,900,0.29266655445098877,0.00020824636158067733,0.3192138671875,0.269775390625,0.21673583984375,0.19427490234375,4,696,642,592,544,0.1767556220293045,0.26895466446876526,0.3567904233932495,0.4445095658302307,0.4190598130226135,0.4100130796432495,0.39388349652290344,0.3781931400299072
45,920,0.2926756739616394,0.00020824636158067733,0.3189697265625,0.27105712890625,0.218017578125,0.19195556640625,4,695,644,596,542,0.177046000957489,0.2696424722671509,0.35727813839912415,0.4439668655395508,0.4194933772087097,0.4108184278011322,0.39437153935432434,0.37772855162620544
45,940,0.2917782664299011,0.00020824636158067733,0.31866455078125,0.27349853515625,0.215576171875,0.1922607421875,4,694,642,594,544,0.17626668512821198,0.2694035470485687,0.3558526337146759,0.44321849942207336,0.4182247817516327,0.4106092154979706,0.3928174376487732,0.3767516314983368
45,960,0.29161444306373596,0.00020824636158067733,0.31988525390625,0.27215576171875,0.21661376953125,0.19134521484375,4,699,643,592,542,0.1762801706790924,0.2694765329360962,0.3559093177318573,0.4431287944316864,0.4184020161628723,0.41048964858055115,0.3928894102573395,0.37685108184814453
45,980,0.2915537655353546,0.00020824636158067733,0.32073974609375,0.272705078125,0.21588134765625,0.190673828125,4,697,642,593,542,0.17654550075531006,0.2696684002876282,0.3561323583126068,0.44319847226142883,0.41895389556884766,0.41088947653770447,0.3930830657482147,0.3768468201160431
45,1000,0.29208847880363464,0.00020824636158067733,0.319091796875,0.2723388671875,0.21734619140625,0.19122314453125,4,698,643,593,547,0.17673344910144806,0.2698254883289337,0.35657522082328796,0.4429905414581299,0.41901895403862,0.41089126467704773,0.3936249017715454,0.37667426466941833
45,1020,0.29221856594085693,0.00020824636158067733,0.318603515625,0.270751953125,0.21759033203125,0.19305419921875,4,694,644,594,545,0.17632849514484406,0.26928529143333435,0.3563556373119354,0.4433501958847046,0.41827601194381714,0.41015899181365967,0.3934561312198639,0.377006471157074
45,1040,0.29201123118400574,0.00020824636158067733,0.3184814453125,0.27203369140625,0.21807861328125,0.19140625,4,697,643,595,547,0.17676588892936707,0.2695232927799225,0.3560478091239929,0.44276896119117737,0.4187544584274292,0.4106066823005676,0.3931928873062134,0.37622568011283875
45,1060,0.2921329438686371,0.00020824636158067733,0.319580078125,0.2716064453125,0.2171630859375,0.191650390625,4,696,642,594,547,0.17759980261325836,0.2695927321910858,0.35593709349632263,0.4427648186683655,0.41992732882499695,0.41050395369529724,0.3930932879447937,0.376312792301178
45,1080,0.2924591302871704,0.00020824636158067733,0.31878662109375,0.2718505859375,0.216796875,0.19256591796875,4,698,641,592,547,0.17789219319820404,0.26972824335098267,0.3554321527481079,0.44331368803977966,0.4199632704257965,0.4105830788612366,0.3925766944885254,0.37679195404052734
45,1100,0.29230591654777527,0.00020824636158067733,0.31890869140625,0.2703857421875,0.21807861328125,0.192626953125,4,696,643,591,542,0.1769774854183197,0.26945260167121887,0.3561023473739624,0.4430938959121704,0.41894766688346863,0.4103786051273346,0.3930731415748596,0.37655124068260193
45,1120,0.2912079095840454,0.00020824636158067733,0.3203125,0.27142333984375,0.2181396484375,0.19012451171875,4,695,642,591,545,0.1766870617866516,0.26852524280548096,0.3559111952781677,0.44229161739349365,0.41872555017471313,0.4094306230545044,0.3929571807384491,0.37596794962882996
45,1140,0.2919619679450989,0.00020824636158067733,0.32025146484375,0.26861572265625,0.2222900390625,0.1888427734375,4,698,640,591,544,0.1776859164237976,0.26905518770217896,0.3561384081840515,0.44279858469963074,0.4201023578643799,0.4101249575614929,0.3927934765815735,0.37655025720596313
45,1160,0.29279661178588867,0.00020824636158067733,0.31787109375,0.270263671875,0.22039794921875,0.19146728515625,4,697,642,594,547,0.17801788449287415,0.26935824751853943,0.3565542995929718,0.44304320216178894,0.4201318919658661,0.41044676303863525,0.3935360908508301,0.376548707485199
45,1180,0.29208463430404663,0.00020824636158067733,0.31903076171875,0.2705078125,0.218505859375,0.19195556640625,4,699,643,590,546,0.17722906172275543,0.26897290349006653,0.35620376467704773,0.4425567388534546,0.4190937578678131,0.4099161922931671,0.39329779148101807,0.37591353058815
45,1200,0.2915118932723999,0.00020824636158067733,0.3204345703125,0.27001953125,0.2183837890625,0.191162109375,4,696,641,593,547,0.17684192955493927,0.26857954263687134,0.35552459955215454,0.44299089908599854,0.41887643933296204,0.40963324904441833,0.3922620117664337,0.37666261196136475
45,1220,0.291748583316803,0.00020824636158067733,0.31964111328125,0.270751953125,0.21826171875,0.19134521484375,4,697,642,594,546,0.17712818086147308,0.2683907449245453,0.35606449842453003,0.442909300327301,0.4191739857196808,0.40924394130706787,0.3929687440395355,0.3766418993473053
45,1240,0.29134610295295715,0.00020824636158067733,0.322021484375,0.271728515625,0.21624755859375,0.19000244140625,4,699,642,594,548,0.17729660868644714,0.2689553201198578,0.35664767026901245,0.44234034419059753,0.41940969228744507,0.41008201241493225,0.39383500814437866,0.3757396936416626
45,1260,0.2919350564479828,0.00020824636158067733,0.32000732421875,0.26922607421875,0.21844482421875,0.19232177734375,4,700,642,593,547,0.1772034466266632,0.26798632740974426,0.3561200201511383,0.44346073269844055,0.41922715306282043,0.4088038504123688,0.39314529299736023,0.37726113200187683
45,1280,0.2922162413597107,0.00020824636158067733,0.31927490234375,0.26885986328125,0.2196044921875,0.1922607421875,4,697,643,593,547,0.17744703590869904,0.2684536874294281,0.3558442294597626,0.4433586895465851,0.41945549845695496,0.4092225432395935,0.3926820755004883,0.37723487615585327
45,1300,0.29185256361961365,0.00020824636158067733,0.32098388671875,0.26873779296875,0.21856689453125,0.19171142578125,4,697,644,593,547,0.1773766130208969,0.26813018321990967,0.3562590181827545,0.443345308303833,0.41944780945777893,0.40885475277900696,0.39345356822013855,0.37708067893981934
45,1320,0.29209065437316895,0.00020824636158067733,0.318359375,0.27105712890625,0.2200927734375,0.19049072265625,4,698,644,594,548,0.17766353487968445,0.26826930046081543,0.3561508357524872,0.44320937991142273,0.4196931719779968,0.4090750813484192,0.39328837394714355,0.37698841094970703
45,1340,0.2917290925979614,0.00020824636158067733,0.32037353515625,0.26885986328125,0.2196044921875,0.191162109375,4,699,642,594,547,0.17727644741535187,0.2680493891239166,0.35570278763771057,0.4433555603027344,0.4193152189254761,0.4088897109031677,0.39267176389694214,0.37720659375190735
45,1360,0.29202231764793396,0.00020824636158067733,0.32025146484375,0.26971435546875,0.21881103515625,0.19122314453125,4,700,642,594,547,0.1780439019203186,0.26828238368034363,0.35581517219543457,0.44339603185653687,0.4202151894569397,0.40922868251800537,0.392623633146286,0.3771040141582489
45,1380,0.29237571358680725,0.00020824636158067733,0.31927490234375,0.26947021484375,0.2183837890625,0.19287109375,4,698,642,593,547,0.17733940482139587,0.26880767941474915,0.35624462366104126,0.44341522455215454,0.419362872838974,0.4097498655319214,0.39334022998809814,0.3767016530036926
45,1400,0.291958749294281,0.00020824636158067733,0.32012939453125,0.27008056640625,0.217041015625,0.1927490234375,4,696,643,594,546,0.17729683220386505,0.26872164011001587,0.35555335879325867,0.44334685802459717,0.41914063692092896,0.4096146523952484,0.392579048871994,0.3767247200012207
45,1420,0.29179301857948303,0.00020824636158067733,0.32000732421875,0.268798828125,0.21844482421875,0.1927490234375,4,699,643,592,547,0.17710494995117188,0.2681058347225189,0.3558332920074463,0.4426567852497101,0.41908422112464905,0.4086235463619232,0.3929290771484375,0.37606170773506165
45,1440,0.29153212904930115,0.00020824636158067733,0.32183837890625,0.267822265625,0.21795654296875,0.1923828125,4,698,641,593,549,0.17768645286560059,0.26730549335479736,0.3560527563095093,0.4426145553588867,0.4200688302516937,0.4077979326248169,0.39302679896354675,0.37590521574020386
45,1460,0.29157525300979614,0.00020824636158067733,0.3201904296875,0.27020263671875,0.2178955078125,0.19171142578125,4,697,644,592,547,0.17736263573169708,0.267901748418808,0.3556695878505707,0.44284728169441223,0.4195549488067627,0.4086456596851349,0.3925250768661499,0.3763076066970825
45,1480,0.29129329323768616,0.00020824636158067733,0.3206787109375,0.27069091796875,0.2176513671875,0.19097900390625,4,699,643,592,547,0.17755883932113647,0.26780790090560913,0.3552200496196747,0.4427013397216797,0.4195292294025421,0.40866518020629883,0.3920113444328308,0.3761807382106781
45,1500,0.2911868691444397,0.00020824636158067733,0.3212890625,0.27191162109375,0.2171630859375,0.18963623046875,4,697,641,592,550,0.17767275869846344,0.268377423286438,0.3550996780395508,0.44302237033843994,0.41993117332458496,0.4094010591506958,0.39187535643577576,0.376760870218277
45,1520,0.2919832468032837,0.00020824636158067733,0.3189697265625,0.26910400390625,0.219482421875,0.19244384765625,4,698,642,593,548,0.177551731467247,0.2681821882724762,0.3551321029663086,0.44291073083877563,0.41932177543640137,0.4088572859764099,0.391897976398468,0.3762631118297577
45,1540,0.29158923029899597,0.00020824636158067733,0.3201904296875,0.26959228515625,0.21923828125,0.19097900390625,4,696,644,593,549,0.17778944969177246,0.2680363953113556,0.3551526963710785,0.44266194105148315,0.4198492765426636,0.40880250930786133,0.39198973774909973,0.37608397006988525
45,1560,0.2919052541255951,0.00020824636158067733,0.32061767578125,0.26898193359375,0.2181396484375,0.1922607421875,4,698,644,596,549,0.1778285652399063,0.2679760456085205,0.35545575618743896,0.44351521134376526,0.4200078547000885,0.40869787335395813,0.3925444483757019,0.3766683042049408
45,1580,0.2916363477706909,0.00020824636158067733,0.32025146484375,0.26995849609375,0.21875,0.1910400390625,4,697,641,591,547,0.177714005112648,0.26818838715553284,0.3547183573246002,0.44351327419281006,0.41974619030952454,0.40887656807899475,0.39137205481529236,0.3773331642150879
45,1600,0.29184210300445557,0.00020824636158067733,0.32122802734375,0.26824951171875,0.218017578125,0.1925048828125,4,698,642,592,547,0.1777762919664383,0.2680019736289978,0.3552301824092865,0.44361233711242676,0.41995227336883545,0.40864357352256775,0.3921031951904297,0.37699469923973083
45,1620,0.29151031374931335,0.00020824636158067733,0.31988525390625,0.27081298828125,0.21820068359375,0.19110107421875,4,697,641,592,546,0.17717735469341278,0.2683282196521759,0.3547643721103668,0.44352075457572937,0.4190329909324646,0.40925517678260803,0.3914431929588318,0.3772372007369995
45,1640,0.2914752662181854,0.00020824636158067733,0.32098388671875,0.26885986328125,0.21875,0.19140625,4,698,642,591,544,0.17780664563179016,0.26756587624549866,0.3548189699649811,0.44328662753105164,0.4199964106082916,0.40823236107826233,0.3915720283985138,0.37695053219795227
45,1660,0.2912690043449402,0.00020824636158067733,0.3216552734375,0.26849365234375,0.218017578125,0.19183349609375,4,700,641,593,547,0.17760001122951508,0.2672601342201233,0.35424545407295227,0.4438934922218323,0.41977062821388245,0.40784770250320435,0.39103108644485474,0.3776780366897583
45,1680,0.2916524112224579,0.00020824636158067733,0.319580078125,0.26861572265625,0.220458984375,0.19134521484375,4,698,641,591,545,0.17724567651748657,0.2679809033870697,0.3545738160610199,0.44346731901168823,0.4189917743206024,0.4088299572467804,0.391140341758728,0.37722888588905334
45,1700,0.291389524936676,0.00020824636158067733,0.3197021484375,0.2705078125,0.2178955078125,0.19189453125,4,697,642,593,548,0.1773661971092224,0.2677643597126007,0.3542143404483795,0.443322092294693,0.4191569685935974,0.40855127573013306,0.3910541534423828,0.37687355279922485
45,1720,0.29043829441070557,0.00020824636158067733,0.322021484375,0.26983642578125,0.2183837890625,0.18975830078125,4,697,642,592,544,0.176791712641716,0.2675325870513916,0.3539493978023529,0.44277748465538025,0.4188538193702698,0.40815383195877075,0.39050132036209106,0.3767617642879486
45,1740,0.2916802763938904,0.00020824636158067733,0.32037353515625,0.26788330078125,0.21905517578125,0.19268798828125,4,699,643,594,546,0.1777677834033966,0.2672414183616638,0.35450565814971924,0.44363096356391907,0.41981667280197144,0.40793418884277344,0.3912818431854248,0.37704282999038696
45,1760,0.2925936281681061,0.00020824636158067733,0.31732177734375,0.26959228515625,0.21881103515625,0.19427490234375,4,699,640,590,546,0.17777852714061737,0.2684720456600189,0.3545892536640167,0.44377630949020386,0.4198909103870392,0.40910929441452026,0.391227662563324,0.377278208732605
45,1780,0.29205313324928284,0.00020824636158067733,0.3206787109375,0.26776123046875,0.22015380859375,0.19140625,4,698,641,594,545,0.1781024932861328,0.2683021128177643,0.35497233271598816,0.4438205361366272,0.42021146416664124,0.4089183211326599,0.39186277985572815,0.37743231654167175
45,1800,0.2906621992588043,0.00020824636158067733,0.322265625,0.27032470703125,0.217041015625,0.19036865234375,4,701,642,590,545,0.17733772099018097,0.2677701413631439,0.3541302978992462,0.4426499903202057,0.4195268452167511,0.4085359573364258,0.3908884823322296,0.37604787945747375
45,1820,0.29141032695770264,0.00020824636158067733,0.31982421875,0.27093505859375,0.2176513671875,0.19158935546875,4,701,644,591,547,0.17765340209007263,0.2677493989467621,0.35431912541389465,0.4433009624481201,0.4197499454021454,0.40844738483428955,0.39091920852661133,0.3770647346973419
45,1840,0.2917167842388153,0.00020824636158067733,0.32171630859375,0.26873779296875,0.21649169921875,0.19305419921875,4,701,641,593,548,0.1773214042186737,0.2684943675994873,0.3544008731842041,0.4443838596343994,0.41963210701942444,0.40924933552742004,0.39103588461875916,0.37806230783462524
45,1860,0.29127123951911926,0.00020824636158067733,0.321044921875,0.269775390625,0.2171630859375,0.1920166015625,4,699,644,594,547,0.17739391326904297,0.26782506704330444,0.3536490797996521,0.44406408071517944,0.41937243938446045,0.4085497260093689,0.390286922454834,0.37780776619911194
45,1880,0.29164180159568787,0.00020824636158067733,0.3194580078125,0.270751953125,0.21783447265625,0.19195556640625,4,700,642,592,549,0.1768781989812851,0.2682091295719147,0.35464024543762207,0.44419461488723755,0.41877299547195435,0.4092026650905609,0.39132484793663025,0.3779260516166687
45,1900,0.2918091416358948,0.00020824636158067733,0.32073974609375,0.26904296875,0.21826171875,0.19195556640625,4,699,644,592,547,0.17755870521068573,0.2687070667743683,0.3544600009918213,0.4438537359237671,0.41959241032600403,0.4095759391784668,0.3911316990852356,0.37744560837745667
45,1920,0.2914041578769684,0.00020824636158067733,0.32025146484375,0.26983642578125,0.21905517578125,0.19085693359375,4,699,644,592,544,0.17764781415462494,0.26809653639793396,0.3544473946094513,0.44287851452827454,0.41964027285575867,0.4087202847003937,0.39120519161224365,0.3764874339103699
45,1940,0.2907226085662842,0.00020824636158067733,0.3231201171875,0.26837158203125,0.21966552734375,0.1888427734375,4,698,643,591,545,0.17777608335018158,0.26770079135894775,0.35493725538253784,0.44200170040130615,0.4198017716407776,0.40831050276756287,0.39161840081214905,0.37549924850463867
45,1960,0.2906304597854614,0.00020824636158067733,0.32244873046875,0.26904296875,0.2183837890625,0.19012451171875,4,698,642,594,547,0.17679661512374878,0.2677305042743683,0.35486453771591187,0.44231489300727844,0.4190385937690735,0.40832290053367615,0.3914283812046051,0.3758253753185272
45,1980,0.2914718687534332,0.00020824636158067733,0.321533203125,0.26763916015625,0.218994140625,0.19183349609375,4,698,641,593,544,0.1772567182779312,0.26797187328338623,0.355523020029068,0.44257524609565735,0.4195944368839264,0.4086088240146637,0.39234018325805664,0.3757002651691437
45,2000,0.29131051898002625,0.00020824636158067733,0.32098388671875,0.26959228515625,0.21710205078125,0.19232177734375,4,697,643,593,547,0.1773078590631485,0.26779499650001526,0.3549793064594269,0.44267135858535767,0.4192078113555908,0.4083509147167206,0.39171984791755676,0.3760349750518799
46,0,0.30071061849594116,0.00020824636158067733,0.3060302734375,0.30035400390625,0.26641845703125,0.127197265625,4,700,644,593,498,0.19904209673404694,0.2817809581756592,0.37435483932495117,0.4357691705226898,0.4435431659221649,0.4174197316169739,0.39945417642593384,0.3682839572429657
46,20,0.293288916349411,0.00020824636158067733,0.303955078125,0.27545166015625,0.23126220703125,0.1893310546875,4,688,631,578,524,0.18145936727523804,0.2708665132522583,0.3506428301334381,0.43538758158683777,0.42515629529953003,0.4120631217956543,0.38692954182624817,0.36721017956733704
46,40,0.2963216304779053,0.00020824636158067733,0.3067626953125,0.26580810546875,0.22283935546875,0.20458984375,4,687,631,579,537,0.1808752715587616,0.271516889333725,0.3511658310890198,0.44191280007362366,0.4246426522731781,0.4130898714065552,0.388234943151474,0.3733936846256256
46,60,0.2940339148044586,0.00020824636158067733,0.30767822265625,0.27166748046875,0.2276611328125,0.1929931640625,4,689,632,580,532,0.18134716153144836,0.2702459990978241,0.35246139764785767,0.43824630975723267,0.42549189925193787,0.41137346625328064,0.38940101861953735,0.37026575207710266
46,80,0.29402032494544983,0.00020824636158067733,0.30859375,0.26934814453125,0.2288818359375,0.19317626953125,4,691,632,578,530,0.18093134462833405,0.2709198296070099,0.35251832008361816,0.43757569789886475,0.4249362647533417,0.4123225510120392,0.3896218538284302,0.3689981698989868
46,100,0.2954447865486145,0.00020824636158067733,0.30511474609375,0.272216796875,0.22607421875,0.19659423828125,4,690,634,579,535,0.1814136803150177,0.2718680500984192,0.3530610203742981,0.43881139159202576,0.4255160093307495,0.4133455753326416,0.3903367221355438,0.3701087534427643
46,120,0.2944929599761963,0.00020824636158067733,0.30914306640625,0.270751953125,0.2255859375,0.19451904296875,4,689,635,577,531,0.1817905306816101,0.2719917595386505,0.35251331329345703,0.437639981508255,0.4260790944099426,0.4131304919719696,0.3897356688976288,0.36884424090385437
46,140,0.2956341505050659,0.00020824636158067733,0.3062744140625,0.2686767578125,0.2294921875,0.195556640625,4,692,634,579,533,0.1822819858789444,0.2719220519065857,0.35297727584838867,0.4384468197822571,0.426680326461792,0.4136083126068115,0.3897879719734192,0.36944422125816345
46,160,0.2936861515045166,0.00020824636158067733,0.31146240234375,0.27032470703125,0.22454833984375,0.19366455078125,4,688,635,578,536,0.18141384422779083,0.271818071603775,0.35199809074401855,0.43716245889663696,0.4255470633506775,0.41309797763824463,0.3893701434135437,0.3681074380874634
46,180,0.29482898116111755,0.00020824636158067733,0.306884765625,0.27093505859375,0.22747802734375,0.1947021484375,4,693,637,581,531,0.18158552050590515,0.27183476090431213,0.35237205028533936,0.4380881190299988,0.42574355006217957,0.41331103444099426,0.3895984888076782,0.3690461814403534
46,200,0.2949765920639038,0.00020824636158067733,0.30621337890625,0.27105712890625,0.229248046875,0.1934814453125,4,692,636,578,529,0.18293225765228271,0.27249422669410706,0.3519328236579895,0.43631502985954285,0.42724552750587463,0.4137194752693176,0.38858509063720703,0.3673747777938843
46,220,0.2948478162288666,0.00020824636158067733,0.30914306640625,0.26898193359375,0.22637939453125,0.19549560546875,4,694,632,578,533,0.18220478296279907,0.27308207750320435,0.3513356149196625,0.4375094473361969,0.42652708292007446,0.4149753749370575,0.38804611563682556,0.3682497441768646
46,240,0.29288145899772644,0.00020824636158067733,0.3125,0.2703857421875,0.22503662109375,0.19207763671875,4,695,637,581,532,0.1838277131319046,0.26959893107414246,0.350900799036026,0.43510571122169495,0.4284309446811676,0.40989255905151367,0.38743212819099426,0.36630794405937195
46,260,0.2947418689727783,0.00020824636158067733,0.3109130859375,0.266357421875,0.22802734375,0.1947021484375,4,696,634,582,531,0.18524745106697083,0.2696543335914612,0.3520224094390869,0.43682533502578735,0.43017974495887756,0.4102613627910614,0.38856497406959534,0.36796239018440247
46,280,0.29540908336639404,0.00020824636158067733,0.30828857421875,0.2667236328125,0.2286376953125,0.19635009765625,4,697,637,583,534,0.18498112261295319,0.269835501909256,0.35229602456092834,0.4372897744178772,0.429644912481308,0.41030293703079224,0.3889939486980438,0.36849990487098694
46,300,0.29383188486099243,0.00020824636158067733,0.3131103515625,0.26898193359375,0.2232666015625,0.19464111328125,4,698,636,580,532,0.18472591042518616,0.26908236742019653,0.3520401418209076,0.43677932024002075,0.42932552099227905,0.4094518721103668,0.3890915811061859,0.3678165078163147
46,320,0.2931648790836334,0.00020824636158067733,0.31036376953125,0.270263671875,0.22735595703125,0.1920166015625,4,699,636,582,530,0.18332317471504211,0.26813963055610657,0.3520355820655823,0.4362238049507141,0.42744022607803345,0.4086786210536957,0.3891542851924896,0.36765360832214355
46,340,0.29461348056793213,0.00020824636158067733,0.30938720703125,0.26861572265625,0.22625732421875,0.19573974609375,4,700,637,584,534,0.18468239903450012,0.26808422803878784,0.3522966802120209,0.4381011128425598,0.4292651116847992,0.40851667523384094,0.38911551237106323,0.3696696162223816
46,360,0.29289448261260986,0.00020824636158067733,0.3133544921875,0.26953125,0.22296142578125,0.19415283203125,4,699,637,585,530,0.18500381708145142,0.2664616107940674,0.35107338428497314,0.43690913915634155,0.4291808307170868,0.4062877893447876,0.3880283832550049,0.36874911189079285
46,380,0.29415163397789,0.00020824636158067733,0.30926513671875,0.27325439453125,0.22393798828125,0.19354248046875,4,700,638,587,533,0.18523919582366943,0.26753130555152893,0.35229983925819397,0.4384886920452118,0.42949119210243225,0.40744492411613464,0.38939324021339417,0.37032920122146606
46,400,0.29460611939430237,0.00020824636158067733,0.30999755859375,0.27056884765625,0.22412109375,0.1953125,4,699,634,585,538,0.1858168989419937,0.2664548456668854,0.3533901572227478,0.4388187527656555,0.4304281175136566,0.40619972348213196,0.39052820205688477,0.3705816864967346
46,420,0.29327940940856934,0.00020824636158067733,0.31329345703125,0.27056884765625,0.2222900390625,0.19384765625,4,700,635,584,537,0.18547554314136505,0.26543885469436646,0.3526824414730072,0.4382505714893341,0.4300946295261383,0.4049776494503021,0.38991445302963257,0.37000972032546997
46,440,0.29321181774139404,0.00020824636158067733,0.31072998046875,0.2706298828125,0.2269287109375,0.19171142578125,4,699,637,590,538,0.18440145254135132,0.26576340198516846,0.35264742374420166,0.4379676580429077,0.4285341501235962,0.40548819303512573,0.3898177444934845,0.3698875606060028
46,460,0.2939240038394928,0.00020824636158067733,0.30889892578125,0.27215576171875,0.22540283203125,0.19354248046875,4,701,636,590,538,0.184486985206604,0.2646418809890747,0.35495197772979736,0.4386901259422302,0.4289652705192566,0.4039205014705658,0.3924519121646881,0.37058085203170776
46,480,0.29357805848121643,0.00020824636158067733,0.31146240234375,0.26953125,0.22454833984375,0.1944580078125,4,699,634,590,538,0.18416139483451843,0.26524099707603455,0.35316959023475647,0.4392945170402527,0.42832356691360474,0.40500402450561523,0.3906216323375702,0.3708985149860382
46,500,0.29242247343063354,0.00020824636158067733,0.3131103515625,0.270751953125,0.22515869140625,0.19097900390625,4,697,635,591,538,0.1839343160390854,0.2638999819755554,0.3538423776626587,0.4383130669593811,0.4281329810619354,0.40283459424972534,0.39127299189567566,0.370326429605484
46,520,0.2928655445575714,0.00020824636158067733,0.31463623046875,0.26995849609375,0.22442626953125,0.19097900390625,4,700,637,592,537,0.18420690298080444,0.2649920582771301,0.3539443910121918,0.43950435519218445,0.4285583198070526,0.40456563234329224,0.3913084864616394,0.3712412416934967
46,540,0.29161185026168823,0.00020824636158067733,0.31573486328125,0.2706298828125,0.2235107421875,0.19012451171875,4,700,636,588,538,0.1834753453731537,0.2643369436264038,0.3523940443992615,0.4385596811771393,0.4273812472820282,0.4034487009048462,0.3895651698112488,0.37021780014038086
46,560,0.29219362139701843,0.00020824636158067733,0.3153076171875,0.26959228515625,0.22808837890625,0.18701171875,4,700,638,586,535,0.18411357700824738,0.26524701714515686,0.35331541299819946,0.4387185871601105,0.4280624985694885,0.4047691226005554,0.39037439227104187,0.37061381340026855
46,580,0.2922692894935608,0.00020824636158067733,0.3133544921875,0.2703857421875,0.22869873046875,0.18756103515625,4,700,637,590,539,0.18309122323989868,0.26496148109436035,0.35351261496543884,0.43936169147491455,0.42663252353668213,0.4044136703014374,0.3905419409275055,0.371550589799881
46,600,0.29327666759490967,0.00020824636158067733,0.3128662109375,0.27020263671875,0.22772216796875,0.189208984375,4,699,638,588,540,0.18387246131896973,0.2652529776096344,0.35459667444229126,0.44039982557296753,0.42775630950927734,0.40467312932014465,0.3917507231235504,0.3725859820842743
46,620,0.29246753454208374,0.00020824636158067733,0.31402587890625,0.27142333984375,0.22442626953125,0.19012451171875,4,698,639,588,538,0.18340805172920227,0.26524871587753296,0.3532869517803192,0.43966513872146606,0.42685264348983765,0.4048297107219696,0.39064905047416687,0.3717614710330963
46,640,0.2912466526031494,0.00020824636158067733,0.3175048828125,0.27142333984375,0.2232666015625,0.18780517578125,4,700,639,587,543,0.18354736268520355,0.26479730010032654,0.35272401571273804,0.43846389651298523,0.42718085646629333,0.4041465222835541,0.38978642225265503,0.3703174889087677
46,660,0.29180487990379333,0.00020824636158067733,0.3165283203125,0.27069091796875,0.2247314453125,0.18804931640625,4,699,637,590,541,0.18320372700691223,0.2654492259025574,0.35302209854125977,0.43938395380973816,0.42682233452796936,0.40493667125701904,0.3901929259300232,0.37128591537475586
46,680,0.2921331822872162,0.00020824636158067733,0.31512451171875,0.2684326171875,0.22760009765625,0.1888427734375,4,698,638,590,542,0.18262529373168945,0.2651823163032532,0.35292860865592957,0.4399070739746094,0.4260799288749695,0.4047003388404846,0.39011627435684204,0.3718366026878357
46,700,0.2920120060443878,0.00020824636158067733,0.31536865234375,0.27142333984375,0.2242431640625,0.18896484375,4,699,642,590,543,0.18257193267345428,0.2653476595878601,0.35355913639068604,0.439922034740448,0.425918847322464,0.4044664800167084,0.3908916711807251,0.37183767557144165
46,720,0.29198092222213745,0.00020824636158067733,0.31573486328125,0.2730712890625,0.22314453125,0.18804931640625,4,700,642,589,544,0.18262258172035217,0.26648953557014465,0.3532384932041168,0.4399203956127167,0.4258301258087158,0.4061925411224365,0.39061084389686584,0.3719412684440613
46,740,0.2923436462879181,0.00020824636158067733,0.314208984375,0.2720947265625,0.22601318359375,0.18768310546875,4,698,637,586,544,0.18234308063983917,0.2661677598953247,0.3538259267807007,0.4404107928276062,0.4258434474468231,0.4055892527103424,0.39092501997947693,0.372539222240448
46,760,0.2918129563331604,0.00020824636158067733,0.31524658203125,0.27081298828125,0.22607421875,0.1878662109375,4,700,639,591,544,0.18175794184207916,0.26647883653640747,0.35261258482933044,0.43984413146972656,0.4247806668281555,0.40580567717552185,0.3895597457885742,0.3717808425426483
46,780,0.2907833755016327,0.00020824636158067733,0.31756591796875,0.270751953125,0.22369384765625,0.18798828125,4,701,640,586,544,0.18126533925533295,0.265730082988739,0.35183900594711304,0.4392217993736267,0.4240895211696625,0.40500929951667786,0.3888731300830841,0.3712797462940216
46,800,0.29126492142677307,0.00020824636158067733,0.3172607421875,0.26971435546875,0.227294921875,0.18572998046875,4,701,640,591,544,0.18149331212043762,0.26603302359580994,0.352864146232605,0.4400317072868347,0.42456328868865967,0.4055783450603485,0.3898158371448517,0.37232115864753723
46,820,0.29189062118530273,0.00020824636158067733,0.3150634765625,0.272216796875,0.22528076171875,0.18743896484375,4,701,641,590,539,0.18140098452568054,0.2668265998363495,0.35337433218955994,0.44011494517326355,0.4244654178619385,0.40622109174728394,0.39068037271499634,0.3722207546234131
46,840,0.29143035411834717,0.00020824636158067733,0.3175048828125,0.269287109375,0.2252197265625,0.18798828125,4,701,641,590,543,0.18097059428691864,0.26651453971862793,0.35242894291877747,0.4406042695045471,0.4240015149116516,0.4059138298034668,0.38939279317855835,0.37262627482414246
46,860,0.2917460501194,0.00020824636158067733,0.31585693359375,0.271484375,0.22576904296875,0.1868896484375,4,701,638,589,546,0.18146252632141113,0.26641878485679626,0.35310909152030945,0.44079604744911194,0.4244164228439331,0.40565767884254456,0.390220046043396,0.3730469048023224
46,880,0.29094886779785156,0.00020824636158067733,0.31707763671875,0.27093505859375,0.2259521484375,0.18603515625,4,701,641,592,545,0.18085674941539764,0.2659831941127777,0.35252028703689575,0.44016608595848083,0.4237605035305023,0.40534523129463196,0.38964220881462097,0.3725590407848358
46,900,0.2913624346256256,0.00020824636158067733,0.318359375,0.2703857421875,0.22314453125,0.1881103515625,4,700,639,591,542,0.18070752918720245,0.2662060260772705,0.3535520136356354,0.44102293252944946,0.42395731806755066,0.4055432677268982,0.3908083438873291,0.3733122646808624
46,920,0.29118141531944275,0.00020824636158067733,0.31756591796875,0.2701416015625,0.22491455078125,0.1873779296875,4,700,641,591,541,0.18043234944343567,0.265836626291275,0.35371798276901245,0.4403529167175293,0.42350053787231445,0.40508636832237244,0.3910426199436188,0.3726672828197479
46,940,0.29109206795692444,0.00020824636158067733,0.31707763671875,0.2703857421875,0.2244873046875,0.18804931640625,4,700,640,589,541,0.18004877865314484,0.26581043004989624,0.3529774248600006,0.4408009946346283,0.42301544547080994,0.40500539541244507,0.3901306688785553,0.37317150831222534
46,960,0.2914562523365021,0.00020824636158067733,0.31768798828125,0.26910400390625,0.22479248046875,0.18841552734375,4,700,640,589,542,0.18006207048892975,0.26591336727142334,0.3532302677631378,0.44205930829048157,0.4230526387691498,0.4051229655742645,0.3903759717941284,0.37459126114845276
46,980,0.29123952984809875,0.00020824636158067733,0.3187255859375,0.26788330078125,0.2249755859375,0.18841552734375,4,700,644,592,545,0.179521381855011,0.2661932408809662,0.35326871275901794,0.4417678713798523,0.4223974347114563,0.4056353271007538,0.3905250132083893,0.3740064799785614
46,1000,0.2912384867668152,0.00020824636158067733,0.3162841796875,0.269775390625,0.226806640625,0.1871337890625,4,701,644,592,548,0.17988605797290802,0.2656536400318146,0.35329458117485046,0.441112220287323,0.42255452275276184,0.4046972095966339,0.39051663875579834,0.3735192120075226
46,1020,0.29075855016708374,0.00020824636158067733,0.318115234375,0.27044677734375,0.2244873046875,0.18695068359375,4,697,642,594,545,0.18009379506111145,0.2656465470790863,0.35293030738830566,0.4407384693622589,0.4229116439819336,0.4047357439994812,0.3900776505470276,0.37301474809646606
46,1040,0.29125404357910156,0.00020824636158067733,0.3172607421875,0.27008056640625,0.22454833984375,0.1881103515625,4,701,645,591,550,0.17994867265224457,0.26630908250808716,0.35319784283638,0.4408501982688904,0.4226890802383423,0.4054720401763916,0.3903690278530121,0.3729899227619171
46,1060,0.2906305193901062,0.00020824636158067733,0.31903076171875,0.26934814453125,0.22412109375,0.1875,4,701,644,591,548,0.17962154746055603,0.2657250463962555,0.353096604347229,0.44062256813049316,0.42230167984962463,0.4047877788543701,0.39025646448135376,0.37296247482299805
46,1080,0.29056358337402344,0.00020824636158067733,0.31939697265625,0.26885986328125,0.2242431640625,0.1875,4,701,642,591,547,0.17978626489639282,0.26568716764450073,0.35294628143310547,0.44033050537109375,0.4225263297557831,0.4047439396381378,0.39004841446876526,0.3725748658180237
46,1100,0.2904725670814514,0.00020824636158067733,0.320068359375,0.2689208984375,0.224853515625,0.1861572265625,4,700,644,590,549,0.17945705354213715,0.26601746678352356,0.3530634641647339,0.4410722553730011,0.42233848571777344,0.4052252471446991,0.39020398259162903,0.3734295070171356
46,1120,0.29108190536499023,0.00020824636158067733,0.31829833984375,0.26898193359375,0.225830078125,0.1868896484375,4,700,642,592,548,0.17964418232440948,0.26566991209983826,0.354057639837265,0.44135233759880066,0.4225347936153412,0.4048367440700531,0.3912571668624878,0.3737402558326721
46,1140,0.29072311520576477,0.00020824636158067733,0.32012939453125,0.26904296875,0.223388671875,0.18743896484375,4,701,642,592,546,0.1795826554298401,0.26654472947120667,0.3531176745891571,0.4408847391605377,0.4224489629268646,0.40601009130477905,0.3902871608734131,0.3729945421218872
46,1160,0.29119738936424255,0.00020824636158067733,0.3167724609375,0.27227783203125,0.22393798828125,0.18701171875,4,701,641,591,548,0.17965370416641235,0.2671007215976715,0.3532084822654724,0.4409652650356293,0.4222264885902405,0.40642106533050537,0.3903365135192871,0.3732474148273468
46,1180,0.2911171317100525,0.00020824636158067733,0.319091796875,0.2694091796875,0.224853515625,0.1866455078125,4,700,640,591,549,0.1797037124633789,0.2666916847229004,0.35390594601631165,0.4412051737308502,0.4226287007331848,0.40584853291511536,0.3911752998828888,0.3734145164489746
46,1200,0.2911546528339386,0.00020824636158067733,0.3173828125,0.26904296875,0.225830078125,0.187744140625,4,701,641,594,549,0.17944253981113434,0.2663404047489166,0.3537721633911133,0.440244197845459,0.42214369773864746,0.40553751587867737,0.3910616636276245,0.3724578320980072
46,1220,0.29012730717658997,0.00020824636158067733,0.32086181640625,0.26885986328125,0.22314453125,0.1871337890625,4,701,641,592,548,0.17927983403205872,0.26612532138824463,0.3529983162879944,0.43970251083374023,0.4219263792037964,0.4052514135837555,0.3902362287044525,0.37182965874671936
46,1240,0.29022812843322754,0.00020824636158067733,0.3206787109375,0.26788330078125,0.224853515625,0.18658447265625,4,700,640,593,549,0.17906151711940765,0.2661809027194977,0.3532165586948395,0.4399052560329437,0.42163220047950745,0.40558117628097534,0.39040103554725647,0.3719119727611542
46,1260,0.29029005765914917,0.00020824636158067733,0.3192138671875,0.26922607421875,0.22528076171875,0.186279296875,4,701,642,593,549,0.17913545668125153,0.26585033535957336,0.35331183671951294,0.43987348675727844,0.4217907190322876,0.40493807196617126,0.3905094563961029,0.3720563054084778
46,1280,0.2908232808113098,0.00020824636158067733,0.3177490234375,0.2705078125,0.2255859375,0.1861572265625,4,699,643,590,549,0.17892715334892273,0.2668308913707733,0.35359352827072144,0.44061562418937683,0.42165741324424744,0.4063504934310913,0.3908434510231018,0.372877299785614
46,1300,0.2914751172065735,0.00020824636158067733,0.315673828125,0.27166748046875,0.226806640625,0.18585205078125,4,700,642,592,547,0.17948129773139954,0.26734504103660583,0.3542533218860626,0.4403589367866516,0.4223251938819885,0.4069195091724396,0.39163875579833984,0.3725549876689911
46,1320,0.2904559373855591,0.00020824636158067733,0.32086181640625,0.26806640625,0.2244873046875,0.18658447265625,4,699,642,592,549,0.17939740419387817,0.26652801036834717,0.35313865542411804,0.44040006399154663,0.4223889410495758,0.406063050031662,0.3903108835220337,0.37244653701782227
46,1340,0.2908211946487427,0.00020824636158067733,0.3189697265625,0.2677001953125,0.225341796875,0.18798828125,4,701,641,591,548,0.17911602556705475,0.26618728041648865,0.3531821370124817,0.44068431854248047,0.4219314157962799,0.4053664207458496,0.39025044441223145,0.3729035556316376
46,1360,0.2909415364265442,0.00020824636158067733,0.3165283203125,0.26983642578125,0.2264404296875,0.18719482421875,4,700,642,591,550,0.17929963767528534,0.2661275863647461,0.3531548082828522,0.44022953510284424,0.42188671231269836,0.4054161608219147,0.3902372419834137,0.37234705686569214
46,1380,0.2904435396194458,0.00020824636158067733,0.31939697265625,0.27008056640625,0.223876953125,0.1866455078125,4,699,642,593,547,0.17911134660243988,0.2663988769054413,0.35324040055274963,0.44043052196502686,0.4217764735221863,0.4058343470096588,0.3905082046985626,0.37257668375968933
46,1400,0.29060134291648865,0.00020824636158067733,0.3189697265625,0.26934814453125,0.22442626953125,0.187255859375,4,699,642,595,548,0.17922551929950714,0.2661440968513489,0.3533214032649994,0.4403269588947296,0.42210376262664795,0.4052017331123352,0.39056339859962463,0.3723689913749695
46,1420,0.29063230752944946,0.00020824636158067733,0.31793212890625,0.26849365234375,0.225830078125,0.187744140625,4,699,641,590,548,0.178832545876503,0.2659757137298584,0.3533581495285034,0.4397686719894409,0.4215582013130188,0.40517860651016235,0.39054468274116516,0.3716665506362915
46,1440,0.29073265194892883,0.00020824636158067733,0.3187255859375,0.267822265625,0.2259521484375,0.1875,4,701,641,591,550,0.17899306118488312,0.2662760615348816,0.3530472218990326,0.4405148923397064,0.4217090308666229,0.40568068623542786,0.39019522070884705,0.3725244700908661
46,1460,0.2906883955001831,0.00020824636158067733,0.31756591796875,0.26983642578125,0.22637939453125,0.18621826171875,4,700,643,592,548,0.17924681305885315,0.26601526141166687,0.35350266098976135,0.44012537598609924,0.4219742715358734,0.40514642000198364,0.39079707860946655,0.3721909523010254
46,1480,0.29186588525772095,0.00020824636158067733,0.3153076171875,0.26727294921875,0.22955322265625,0.1878662109375,4,700,641,594,549,0.17923788726329803,0.2661387622356415,0.354533314704895,0.4409247636795044,0.42200812697410583,0.40519601106643677,0.39172422885894775,0.3732050061225891
46,1500,0.29058828949928284,0.00020824636158067733,0.32080078125,0.26666259765625,0.22509765625,0.18743896484375,4,700,643,590,548,0.17944498360157013,0.26644039154052734,0.352670282125473,0.4406088888645172,0.422404408454895,0.40586617588996887,0.3897656500339508,0.3726751506328583
46,1520,0.2903098165988922,0.00020824636158067733,0.31988525390625,0.26812744140625,0.2254638671875,0.1865234375,4,698,642,592,548,0.1789933741092682,0.26583409309387207,0.35337400436401367,0.4401698112487793,0.42186594009399414,0.4050050377845764,0.3905690014362335,0.3722723722457886
46,1540,0.29065412282943726,0.00020824636158067733,0.31903076171875,0.26678466796875,0.22662353515625,0.18756103515625,4,700,642,593,546,0.1792743057012558,0.2655324637889862,0.35327374935150146,0.44017648696899414,0.42213326692581177,0.4046832323074341,0.3903079330921173,0.3720284700393677
46,1560,0.29062777757644653,0.00020824636158067733,0.31854248046875,0.26885986328125,0.22540283203125,0.18719482421875,4,699,645,592,549,0.17937307059764862,0.26619794964790344,0.352767676115036,0.440210223197937,0.4221775531768799,0.40543660521507263,0.3898017108440399,0.37216636538505554
46,1580,0.2907710075378418,0.00020824636158067733,0.318359375,0.26910400390625,0.22454833984375,0.18798828125,4,700,645,592,548,0.17946431040763855,0.266181081533432,0.35263296961784363,0.44057726860046387,0.4222894310951233,0.4056377708911896,0.3896138370037079,0.37266114354133606
46,1600,0.2910115122795105,0.00020824636158067733,0.31689453125,0.27008056640625,0.2259521484375,0.18707275390625,4,700,645,594,545,0.17959870398044586,0.2664056718349457,0.35304388403892517,0.44034016132354736,0.42244333028793335,0.4057735502719879,0.3900449872016907,0.3724023997783661
46,1620,0.29041317105293274,0.00020824636158067733,0.31817626953125,0.26953125,0.22528076171875,0.18701171875,4,700,643,590,546,0.17892782390117645,0.26595571637153625,0.35269230604171753,0.4403168559074402,0.42162588238716125,0.4050362706184387,0.3897424638271332,0.3724673092365265
46,1640,0.29090064764022827,0.00020824636158067733,0.31768798828125,0.26837158203125,0.22613525390625,0.18780517578125,4,699,645,594,548,0.17926330864429474,0.2660505473613739,0.35334888100624084,0.44006142020225525,0.4220271110534668,0.4052293002605438,0.3903675973415375,0.37194588780403137
46,1660,0.29109805822372437,0.00020824636158067733,0.3157958984375,0.26953125,0.2259521484375,0.188720703125,4,699,645,595,547,0.17888040840625763,0.2660875618457794,0.353215754032135,0.44022509455680847,0.4214972257614136,0.4050442576408386,0.3902532458305359,0.37222912907600403
46,1680,0.28995048999786377,0.00020824636158067733,0.321533203125,0.267333984375,0.22442626953125,0.18670654296875,4,700,645,592,548,0.17899084091186523,0.26578667759895325,0.3526628613471985,0.4402545094490051,0.42175963521003723,0.40488073229789734,0.38983720541000366,0.37230807542800903
46,1700,0.29107508063316345,0.00020824636158067733,0.31683349609375,0.2685546875,0.22607421875,0.18853759765625,4,701,645,594,549,0.17902250587940216,0.26615652441978455,0.3530362844467163,0.44057413935661316,0.42172831296920776,0.4054540693759918,0.39004653692245483,0.3726165294647217
46,1720,0.2903518080711365,0.00020824636158067733,0.31890869140625,0.27001953125,0.2235107421875,0.18756103515625,4,701,642,594,548,0.1788003295660019,0.26616325974464417,0.3526679277420044,0.4405844509601593,0.4216248095035553,0.40535587072372437,0.3897702991962433,0.37266308069229126
46,1740,0.2904593050479889,0.00020824636158067733,0.3192138671875,0.26873779296875,0.2254638671875,0.18658447265625,4,701,645,591,548,0.1794501543045044,0.26630035042762756,0.35245078802108765,0.44026413559913635,0.42234084010124207,0.40579208731651306,0.3894156515598297,0.3721486032009125
46,1760,0.2908996343612671,0.00020824636158067733,0.31915283203125,0.267822265625,0.225830078125,0.18719482421875,4,699,645,596,546,0.17982198297977448,0.26656627655029297,0.3528687655925751,0.4403335154056549,0.4227825105190277,0.4059882164001465,0.3898979425430298,0.372330904006958
46,1780,0.29048269987106323,0.00020824636158067733,0.32110595703125,0.26654052734375,0.2254638671875,0.1868896484375,4,699,646,594,546,0.1795509308576584,0.266091525554657,0.3529343008995056,0.4405258893966675,0.4225793480873108,0.405411958694458,0.3899121582508087,0.37250378727912903
46,1800,0.29039090871810913,0.00020824636158067733,0.31842041015625,0.2698974609375,0.225341796875,0.18634033203125,4,699,647,592,547,0.1793033331632614,0.26597023010253906,0.3527223765850067,0.4402124285697937,0.42210668325424194,0.4052234888076782,0.3897923529148102,0.37227514386177063
46,1820,0.29084447026252747,0.00020824636158067733,0.318115234375,0.26922607421875,0.22576904296875,0.1868896484375,4,700,646,595,544,0.17925170063972473,0.26654699444770813,0.3528304994106293,0.440913587808609,0.4220760464668274,0.4060351550579071,0.3897978365421295,0.37293997406959534
46,1840,0.2904830276966095,0.00020824636158067733,0.3194580078125,0.26885986328125,0.22509765625,0.18658447265625,4,699,644,592,548,0.17930394411087036,0.26624614000320435,0.35271790623664856,0.4406801760196686,0.4222017228603363,0.4056136906147003,0.3897351324558258,0.37282443046569824
46,1860,0.2902621328830719,0.00020824636158067733,0.321044921875,0.2662353515625,0.226318359375,0.1864013671875,4,699,647,592,549,0.1788616180419922,0.2657051384449005,0.35336244106292725,0.44059231877326965,0.42183375358581543,0.4050557613372803,0.39028292894363403,0.37272369861602783
46,1880,0.2902359068393707,0.00020824636158067733,0.319091796875,0.26904296875,0.2257080078125,0.1861572265625,4,701,645,590,548,0.17917363345623016,0.26585251092910767,0.35259538888931274,0.4402392506599426,0.42188993096351624,0.4051569104194641,0.38964909315109253,0.37241166830062866
46,1900,0.29077404737472534,0.00020824636158067733,0.31829833984375,0.268310546875,0.22601318359375,0.1873779296875,4,699,643,594,545,0.17914344370365143,0.2660767436027527,0.3530678451061249,0.44062718749046326,0.42198023200035095,0.40529319643974304,0.3900437355041504,0.3726312816143036
46,1920,0.2902451753616333,0.00020824636158067733,0.3194580078125,0.2686767578125,0.2255859375,0.186279296875,4,700,644,592,547,0.17890481650829315,0.26579898595809937,0.3530472218990326,0.4403928518295288,0.42170360684394836,0.40478113293647766,0.390087753534317,0.372554212808609
46,1940,0.2910997271537781,0.00020824636158067733,0.31671142578125,0.26959228515625,0.22576904296875,0.18792724609375,4,700,646,593,543,0.17940735816955566,0.2659839987754822,0.35342344641685486,0.4404900372028351,0.4221324622631073,0.40510183572769165,0.3905496597290039,0.37251803278923035
46,1960,0.2906672954559326,0.00020824636158067733,0.3199462890625,0.2677001953125,0.2259521484375,0.1864013671875,4,699,646,594,542,0.17935463786125183,0.26592350006103516,0.3536120355129242,0.4409638047218323,0.42238542437553406,0.4049544632434845,0.39074188470840454,0.37307843565940857
46,1980,0.29044756293296814,0.00020824636158067733,0.318359375,0.2684326171875,0.2266845703125,0.1865234375,4,700,645,592,545,0.17907015979290009,0.2656491994857788,0.3530183732509613,0.44019222259521484,0.421806275844574,0.4049433767795563,0.38997650146484375,0.3722837269306183
46,2000,0.28989177942276,0.00020824636158067733,0.32159423828125,0.267333984375,0.22491455078125,0.1861572265625,4,701,646,591,543,0.17878349125385284,0.2658211290836334,0.35292455554008484,0.44024690985679626,0.42162787914276123,0.4049557149410248,0.3900492489337921,0.37226834893226624
47,0,0.3152732253074646,0.00020824636158067733,0.34246826171875,0.3037109375,0.18170166015625,0.172119140625,4,698,644,585,540,0.20985594391822815,0.3003511130809784,0.3891136646270752,0.4734029471874237,0.4417111277580261,0.4298342168331146,0.4128992557525635,0.3897148072719574
47,20,0.30052459239959717,0.00020824636158067733,0.3167724609375,0.27264404296875,0.21246337890625,0.1981201171875,4,694,634,587,543,0.18348398804664612,0.27577126026153564,0.3654848337173462,0.4520609378814697,0.42782294750213623,0.4184610843658447,0.4017806351184845,0.38064712285995483
47,40,0.2957606315612793,0.00020824636158067733,0.3095703125,0.26629638671875,0.219482421875,0.20465087890625,4,689,630,582,535,0.1801569163799286,0.271598756313324,0.3534168004989624,0.4402369260787964,0.42371830344200134,0.4137321412563324,0.39085492491722107,0.37202396988868713
47,60,0.29455646872520447,0.00020824636158067733,0.3082275390625,0.26904296875,0.22381591796875,0.19891357421875,4,691,630,583,532,0.1803227961063385,0.2712739109992981,0.352799654006958,0.4375241994857788,0.42380794882774353,0.412788063287735,0.39022091031074524,0.3697737455368042
47,80,0.294979989528656,0.00020824636158067733,0.306396484375,0.27069091796875,0.22222900390625,0.20068359375,4,689,627,583,531,0.1795702427625656,0.2708265483379364,0.3537963628768921,0.43863168358802795,0.4231288433074951,0.41230714321136475,0.3913804292678833,0.3709537982940674
47,100,0.29601067304611206,0.00020824636158067733,0.30517578125,0.27239990234375,0.2235107421875,0.19891357421875,4,692,631,584,533,0.18065869808197021,0.27215299010276794,0.3549571633338928,0.43942099809646606,0.4246295392513275,0.41397202014923096,0.39254459738731384,0.3716970384120941
47,120,0.29608234763145447,0.00020824636158067733,0.3094482421875,0.265380859375,0.22149658203125,0.20367431640625,4,693,631,583,533,0.18096017837524414,0.2708441913127899,0.3545404374599457,0.4403019845485687,0.4250260293483734,0.4124789237976074,0.3921942412853241,0.37239301204681396
47,140,0.29484742879867554,0.00020824636158067733,0.31005859375,0.26837158203125,0.22247314453125,0.1990966796875,4,688,624,584,529,0.1810026615858078,0.27055874466896057,0.3533776104450226,0.4394783079624176,0.4249633252620697,0.4117988646030426,0.3908882439136505,0.3717055022716522
47,160,0.2954496145248413,0.00020824636158067733,0.30865478515625,0.27093505859375,0.22216796875,0.1982421875,4,690,632,583,535,0.18184307217597961,0.27091264724731445,0.3545333445072174,0.4396500587463379,0.4260765314102173,0.41222113370895386,0.3921950161457062,0.37142571806907654
47,180,0.2962080240249634,0.00020824636158067733,0.3056640625,0.27203369140625,0.221923828125,0.20037841796875,4,686,630,585,535,0.1819382905960083,0.2710307836532593,0.3540900647640228,0.4405936896800995,0.4260201156139374,0.41247662901878357,0.3916173279285431,0.3723241686820984
47,200,0.29459065198898315,0.00020824636158067733,0.30841064453125,0.2728271484375,0.22003173828125,0.19873046875,4,689,625,582,534,0.18080124258995056,0.27050545811653137,0.3528110980987549,0.43978533148765564,0.4245178699493408,0.4115847945213318,0.39028143882751465,0.3717527985572815
47,220,0.294952392578125,0.00020824636158067733,0.3074951171875,0.27239990234375,0.22344970703125,0.1966552734375,4,691,626,583,533,0.18064069747924805,0.27156752347946167,0.35383766889572144,0.4391765892505646,0.4244631826877594,0.4126513600349426,0.39132535457611084,0.3709438443183899
47,240,0.2946680784225464,0.00020824636158067733,0.311279296875,0.26849365234375,0.22509765625,0.19512939453125,4,689,628,584,537,0.18140186369419098,0.2706543803215027,0.35453566908836365,0.4393357038497925,0.42556241154670715,0.4114214777946472,0.3921743333339691,0.3713250756263733
47,260,0.2939508855342865,0.00020824636158067733,0.31488037109375,0.26666259765625,0.22491455078125,0.19354248046875,4,691,629,586,539,0.18133117258548737,0.27078527212142944,0.35419297218322754,0.43908634781837463,0.4252660870552063,0.4116561710834503,0.3918836712837219,0.3708600699901581
47,280,0.29423093795776367,0.00020824636158067733,0.3096923828125,0.27264404296875,0.2247314453125,0.19293212890625,4,686,630,589,538,0.18124763667583466,0.27058476209640503,0.35439419746398926,0.43892669677734375,0.4251401722431183,0.411359965801239,0.3918742537498474,0.37089505791664124
47,300,0.294879674911499,0.00020824636158067733,0.31011962890625,0.27105712890625,0.22607421875,0.1927490234375,4,690,632,587,536,0.18123839795589447,0.2716000974178314,0.35517942905426025,0.4397326409816742,0.4251629114151001,0.4125826954841614,0.3928181827068329,0.37169525027275085
47,320,0.2941889762878418,0.00020824636158067733,0.3160400390625,0.2681884765625,0.22186279296875,0.19390869140625,4,688,631,584,539,0.18151982128620148,0.2713693082332611,0.3548868000507355,0.4399346709251404,0.42570969462394714,0.41220080852508545,0.39244386553764343,0.3717285692691803
47,340,0.29359525442123413,0.00020824636158067733,0.31451416015625,0.26953125,0.22528076171875,0.190673828125,4,688,638,587,541,0.1804247349500656,0.27145254611968994,0.35442376136779785,0.4397001564502716,0.4241439700126648,0.4124040901660919,0.3921101987361908,0.3715059757232666
47,360,0.293745756149292,0.00020824636158067733,0.31243896484375,0.27239990234375,0.22540283203125,0.18975830078125,4,686,634,587,541,0.17960458993911743,0.27200740575790405,0.35511863231658936,0.43998464941978455,0.42297089099884033,0.4131534993648529,0.39305785298347473,0.37155893445014954
47,380,0.29433581233024597,0.00020824636158067733,0.3106689453125,0.270751953125,0.22698974609375,0.19158935546875,4,685,637,589,542,0.1798170953989029,0.2716706097126007,0.3551309406757355,0.4400336742401123,0.4229360520839691,0.4123835563659668,0.39276638627052307,0.3718842566013336
47,400,0.2945771813392639,0.00020824636158067733,0.3125,0.2708740234375,0.22296142578125,0.19366455078125,4,690,636,589,546,0.18013262748718262,0.27170634269714355,0.35537901520729065,0.44123575091362,0.42348286509513855,0.4124723970890045,0.3932657837867737,0.37276843190193176
47,420,0.29381924867630005,0.00020824636158067733,0.31488037109375,0.2705078125,0.225341796875,0.18927001953125,4,692,640,588,541,0.18035383522510529,0.27107569575309753,0.355913907289505,0.44116342067718506,0.4237876832485199,0.41155850887298584,0.3941209018230438,0.3732668161392212
47,440,0.29350948333740234,0.00020824636158067733,0.31939697265625,0.26690673828125,0.224365234375,0.1893310546875,4,696,638,590,541,0.18078143894672394,0.2719942629337311,0.3550770580768585,0.44104957580566406,0.4242722988128662,0.41282397508621216,0.3929744362831116,0.3729737102985382
47,460,0.29399675130844116,0.00020824636158067733,0.31634521484375,0.26898193359375,0.224853515625,0.1898193359375,4,693,642,590,543,0.18018245697021484,0.2719648480415344,0.35555338859558105,0.44197744131088257,0.42333900928497314,0.41278329491615295,0.39358019828796387,0.37419211864471436
47,480,0.2947443425655365,0.00020824636158067733,0.3157958984375,0.268798828125,0.22528076171875,0.19012451171875,4,695,641,590,543,0.18100892007350922,0.2720305621623993,0.35647544264793396,0.44262510538101196,0.42440101504325867,0.41291701793670654,0.39429864287376404,0.37539786100387573
47,500,0.29394668340682983,0.00020824636158067733,0.31756591796875,0.270751953125,0.22418212890625,0.1875,4,695,644,592,538,0.18125829100608826,0.272248238325119,0.355983704328537,0.4419642388820648,0.4244554936885834,0.4132293462753296,0.39405518770217896,0.374700129032135
47,520,0.29485172033309937,0.00020824636158067733,0.31658935546875,0.2677001953125,0.2265625,0.18914794921875,4,700,640,593,545,0.18174946308135986,0.2715715169906616,0.35664090514183044,0.4430954158306122,0.4247938096523285,0.4125690460205078,0.39462190866470337,0.3760107159614563
47,540,0.29461953043937683,0.00020824636158067733,0.3187255859375,0.2664794921875,0.22698974609375,0.18780517578125,4,699,644,596,544,0.1822281777858734,0.27182862162590027,0.3569709062576294,0.44233763217926025,0.42522570490837097,0.41241708397865295,0.3952871859073639,0.37528669834136963
47,560,0.2944071590900421,0.00020824636158067733,0.3203125,0.26788330078125,0.22247314453125,0.1893310546875,4,698,645,596,546,0.18193352222442627,0.27199968695640564,0.35665541887283325,0.44325095415115356,0.42489147186279297,0.41288816928863525,0.3951807916164398,0.376388281583786
47,580,0.29498204588890076,0.00020824636158067733,0.31939697265625,0.26904296875,0.2218017578125,0.18975830078125,4,699,645,594,546,0.18235144019126892,0.27223309874534607,0.3579174876213074,0.4432500898838043,0.42562317848205566,0.4131261706352234,0.3965609669685364,0.3763856589794159
47,600,0.29496705532073975,0.00020824636158067733,0.31982421875,0.26739501953125,0.22369384765625,0.1890869140625,4,696,644,591,544,0.18230539560317993,0.2727668285369873,0.35722923278808594,0.44326141476631165,0.4253770112991333,0.4137085974216461,0.39584076404571533,0.376479834318161
47,620,0.2949122488498688,0.00020824636158067733,0.32000732421875,0.26904296875,0.22198486328125,0.18896484375,4,699,644,593,546,0.182364359498024,0.2724474370479584,0.35788267850875854,0.44352009892463684,0.42556917667388916,0.4132574200630188,0.39655381441116333,0.3768702447414398
47,640,0.2951709032058716,0.00020824636158067733,0.31884765625,0.2694091796875,0.22137451171875,0.19036865234375,4,698,645,591,543,0.18210667371749878,0.2726622521877289,0.3575035333633423,0.44391104578971863,0.4250155985355377,0.4135231673717499,0.3961069583892822,0.3773345649242401
47,660,0.29457923769950867,0.00020824636158067733,0.31884765625,0.268310546875,0.22515869140625,0.18768310546875,4,699,646,592,546,0.18163372576236725,0.27214354276657104,0.3579273819923401,0.442534863948822,0.4242824614048004,0.4127323031425476,0.3965282440185547,0.3758183419704437
47,680,0.2946851849555969,0.00020824636158067733,0.3209228515625,0.26727294921875,0.22247314453125,0.1893310546875,4,699,644,596,543,0.18187813460826874,0.2725737988948822,0.357895165681839,0.44283631443977356,0.4248315989971161,0.4130175709724426,0.3964969217777252,0.3761090636253357
47,700,0.2944110035896301,0.00020824636158067733,0.31982421875,0.26959228515625,0.22113037109375,0.189453125,4,699,643,593,545,0.1810295283794403,0.27257755398750305,0.357621967792511,0.4431042969226837,0.4237816035747528,0.41324228048324585,0.39617154002189636,0.3763215243816376
47,720,0.29400768876075745,0.00020824636158067733,0.32098388671875,0.26959228515625,0.22119140625,0.188232421875,4,699,644,593,548,0.18093076348304749,0.2719116508960724,0.35783132910728455,0.443479984998703,0.4236571192741394,0.4124118983745575,0.39656946063041687,0.37701326608657837
47,740,0.29441606998443604,0.00020824636158067733,0.32110595703125,0.26861572265625,0.2213134765625,0.18896484375,4,700,642,591,547,0.18120628595352173,0.27236154675483704,0.3582116961479187,0.4434261620044708,0.4241381287574768,0.41283419728279114,0.39687880873680115,0.37677955627441406
47,760,0.29382675886154175,0.00020824636158067733,0.322021484375,0.2681884765625,0.2218017578125,0.18798828125,4,700,644,591,547,0.18092015385627747,0.27166616916656494,0.35793742537498474,0.44320687651634216,0.4238838255405426,0.41201066970825195,0.39654943346977234,0.3767332434654236
47,780,0.2940550446510315,0.00020824636158067733,0.32080078125,0.26898193359375,0.22119140625,0.18902587890625,4,698,643,590,546,0.18072204291820526,0.2717304229736328,0.35776376724243164,0.4436136782169342,0.4233512878417969,0.41218727827072144,0.3964008688926697,0.37704262137413025
47,800,0.29413750767707825,0.00020824636158067733,0.32098388671875,0.26885986328125,0.220947265625,0.189208984375,4,700,641,588,542,0.18038827180862427,0.27243271470069885,0.35771143436431885,0.44371140003204346,0.4232041537761688,0.4129656255245209,0.3962740898132324,0.3771684169769287
47,820,0.2935126721858978,0.00020824636158067733,0.32080078125,0.270263671875,0.22052001953125,0.18841552734375,4,698,646,591,547,0.18015989661216736,0.2715137004852295,0.35729843378067017,0.4434109330177307,0.42286503314971924,0.4118574261665344,0.3957937955856323,0.37686803936958313
47,840,0.2936974763870239,0.00020824636158067733,0.3212890625,0.26806640625,0.22125244140625,0.18939208984375,4,699,645,590,545,0.18023470044136047,0.27142444252967834,0.3571437895298004,0.4435842037200928,0.4229089915752411,0.4117761552333832,0.39547887444496155,0.376989483833313
47,860,0.2936800718307495,0.00020824636158067733,0.3201904296875,0.2689208984375,0.2218017578125,0.1890869140625,4,699,644,590,545,0.179806649684906,0.2715665102005005,0.3571571707725525,0.44349828362464905,0.42231979966163635,0.41200515627861023,0.3956465423107147,0.3769521415233612
47,880,0.2937231659889221,0.00020824636158067733,0.32110595703125,0.26837158203125,0.2215576171875,0.18896484375,4,700,645,590,544,0.1800772249698639,0.27177557349205017,0.35749855637550354,0.44323572516441345,0.42284470796585083,0.4121342599391937,0.39601269364356995,0.3765559494495392
47,900,0.29368856549263,0.00020824636158067733,0.31878662109375,0.270263671875,0.22265625,0.18829345703125,4,699,645,591,543,0.1794806718826294,0.2714800238609314,0.35751405358314514,0.4434492290019989,0.4218846261501312,0.41193512082099915,0.3959815204143524,0.3768458366394043
47,920,0.2935062646865845,0.00020824636158067733,0.32049560546875,0.268310546875,0.223388671875,0.18780517578125,4,701,646,592,544,0.1797509640455246,0.2713710069656372,0.3575923442840576,0.4430287182331085,0.4223667085170746,0.4116653501987457,0.3960930407047272,0.3763396739959717
47,940,0.2934719920158386,0.00020824636158067733,0.3197021484375,0.269775390625,0.2220458984375,0.1884765625,4,701,646,592,546,0.17941907048225403,0.27130135893821716,0.3573928475379944,0.4433617889881134,0.4218822419643402,0.41161900758743286,0.39595428109169006,0.3767271339893341
47,960,0.2930530309677124,0.00020824636158067733,0.32061767578125,0.2701416015625,0.22161865234375,0.1876220703125,4,701,645,591,545,0.1791662871837616,0.27107787132263184,0.3575325608253479,0.4431453347206116,0.42181268334388733,0.4113495647907257,0.39610642194747925,0.3764483630657196
47,980,0.293203204870224,0.00020824636158067733,0.3204345703125,0.26971435546875,0.22247314453125,0.1873779296875,4,698,643,592,545,0.17966221272945404,0.2712807059288025,0.35726287961006165,0.44286730885505676,0.4223015606403351,0.41149312257766724,0.39559707045555115,0.3761041462421417
47,1000,0.2935371696949005,0.00020824636158067733,0.31854248046875,0.26995849609375,0.223876953125,0.1876220703125,4,701,643,594,547,0.1798498034477234,0.2713634967803955,0.35685962438583374,0.4429001212120056,0.42231908440589905,0.41164740920066833,0.3951973617076874,0.37611109018325806
47,1020,0.2934724688529968,0.00020824636158067733,0.31927490234375,0.26983642578125,0.22308349609375,0.18780517578125,4,701,644,589,546,0.17988213896751404,0.2711181342601776,0.3570336401462555,0.4431973993778229,0.4225113093852997,0.4114728569984436,0.39531058073043823,0.37638846039772034
47,1040,0.29267412424087524,0.00020824636158067733,0.32135009765625,0.26922607421875,0.22265625,0.186767578125,4,700,646,588,548,0.17957288026809692,0.27020636200904846,0.35674935579299927,0.4432744085788727,0.42212629318237305,0.4104683995246887,0.39505478739738464,0.37661901116371155
47,1060,0.29365551471710205,0.00020824636158067733,0.31903076171875,0.2703857421875,0.2220458984375,0.18853759765625,4,698,644,593,547,0.17990921437740326,0.27114737033843994,0.35706087946891785,0.4437345862388611,0.422542929649353,0.4113869369029999,0.39528560638427734,0.37701722979545593
47,1080,0.2932429909706116,0.00020824636158067733,0.3201904296875,0.26873779296875,0.22186279296875,0.189208984375,4,701,644,592,544,0.17940238118171692,0.27065449953079224,0.35673749446868896,0.443521112203598,0.4219346046447754,0.41075173020362854,0.39504677057266235,0.37684395909309387
47,1100,0.29301029443740845,0.00020824636158067733,0.32196044921875,0.26788330078125,0.22119140625,0.18896484375,4,699,645,592,545,0.17982959747314453,0.27031072974205017,0.3562796115875244,0.44396916031837463,0.422611802816391,0.4103716313838959,0.3944196403026581,0.3773620128631592
47,1120,0.29345422983169556,0.00020824636158067733,0.3184814453125,0.2698974609375,0.223388671875,0.188232421875,4,698,645,590,544,0.17984943091869354,0.27051472663879395,0.3565472364425659,0.4436836540699005,0.4225104749202728,0.4106021523475647,0.3945053815841675,0.37712058424949646
47,1140,0.29333481192588806,0.00020824636158067733,0.3187255859375,0.26824951171875,0.224853515625,0.18817138671875,4,699,644,591,547,0.18024654686450958,0.26996666193008423,0.35603004693984985,0.44328004121780396,0.42259299755096436,0.4099486172199249,0.3941074311733246,0.3766326308250427
47,1160,0.29300281405448914,0.00020824636158067733,0.3211669921875,0.26849365234375,0.221435546875,0.18890380859375,4,699,646,592,546,0.1801677793264389,0.2698223292827606,0.35589972138404846,0.444058895111084,0.4227968454360962,0.4099440574645996,0.39392486214637756,0.3776571452617645
47,1180,0.292968213558197,0.00020824636158067733,0.32257080078125,0.2669677734375,0.22076416015625,0.189697265625,4,699,644,594,543,0.18018341064453125,0.27018770575523376,0.3556673526763916,0.44384559988975525,0.4228536784648895,0.41011664271354675,0.3936108946800232,0.377267450094223
47,1200,0.2926492393016815,0.00020824636158067733,0.32171630859375,0.26934814453125,0.22003173828125,0.18890380859375,4,699,645,592,544,0.18022510409355164,0.2696889340877533,0.35541489720344543,0.44374486804008484,0.4228556752204895,0.40970197319984436,0.39337581396102905,0.3772650957107544
47,1220,0.29240739345550537,0.00020824636158067733,0.3211669921875,0.2708740234375,0.220947265625,0.18701171875,4,700,646,591,549,0.18020974099636078,0.2693308889865875,0.35590025782585144,0.4435017704963684,0.42299941182136536,0.40953174233436584,0.39399051666259766,0.3771111071109772
47,1240,0.29274269938468933,0.00020824636158067733,0.32098388671875,0.270263671875,0.2191162109375,0.18963623046875,4,699,645,591,545,0.18013311922550201,0.2694886326789856,0.3553972840309143,0.44409534335136414,0.4228774607181549,0.4095636308193207,0.39343708753585815,0.377682089805603
47,1260,0.2929186224937439,0.00020824636158067733,0.32110595703125,0.2686767578125,0.2208251953125,0.18939208984375,4,700,645,590,545,0.17998680472373962,0.27009087800979614,0.3548726737499237,0.4445371627807617,0.422597199678421,0.4102572500705719,0.39265376329421997,0.3782307207584381
47,1280,0.2934187054634094,0.00020824636158067733,0.319580078125,0.26910400390625,0.2203369140625,0.19097900390625,4,698,645,590,546,0.18027693033218384,0.2699473798274994,0.35486841201782227,0.4449247121810913,0.4229314923286438,0.41000795364379883,0.3925769031047821,0.37850135564804077
47,1300,0.2925378382205963,0.00020824636158067733,0.32098388671875,0.26971435546875,0.21929931640625,0.19000244140625,4,697,645,590,546,0.17961421608924866,0.26928332448005676,0.3548184335231781,0.44443392753601074,0.422158807516098,0.40911489725112915,0.39263293147087097,0.37820351123809814
47,1320,0.2922702431678772,0.00020824636158067733,0.3228759765625,0.26776123046875,0.22064208984375,0.188720703125,4,699,644,591,546,0.17961804568767548,0.2695862352848053,0.35464268922805786,0.44426530599594116,0.42219308018684387,0.4096703827381134,0.39247220754623413,0.37791934609413147
47,1340,0.2930228114128113,0.00020824636158067733,0.3203125,0.26898193359375,0.2208251953125,0.18988037109375,4,700,645,592,546,0.18028247356414795,0.26942598819732666,0.35480615496635437,0.4447813034057617,0.42289718985557556,0.40953516960144043,0.3925458788871765,0.37835586071014404
47,1360,0.29272139072418213,0.00020824636158067733,0.31964111328125,0.26885986328125,0.22174072265625,0.18975830078125,4,699,644,591,545,0.17962858080863953,0.26891058683395386,0.35471034049987793,0.444521963596344,0.4219975471496582,0.408831924200058,0.39252927899360657,0.3783007562160492
47,1380,0.29279226064682007,0.00020824636158067733,0.31988525390625,0.2689208984375,0.22125244140625,0.18994140625,4,697,644,592,544,0.17999674379825592,0.2690180242061615,0.35464733839035034,0.44436222314834595,0.42255541682243347,0.40892502665519714,0.39239004254341125,0.37792277336120605
47,1400,0.29265737533569336,0.00020824636158067733,0.31964111328125,0.2696533203125,0.2210693359375,0.18963623046875,4,698,645,593,546,0.179618239402771,0.2689926326274872,0.35492223501205444,0.4442548453807831,0.4219677746295929,0.4090743064880371,0.39265185594558716,0.3778057396411896
47,1420,0.2927829623222351,0.00020824636158067733,0.32037353515625,0.269287109375,0.2203369140625,0.19000244140625,4,698,645,592,544,0.17976588010787964,0.26939621567726135,0.3551720380783081,0.4441430866718292,0.42240655422210693,0.40926283597946167,0.39303919672966003,0.3775999844074249
47,1440,0.2924584448337555,0.00020824636158067733,0.321044921875,0.26849365234375,0.22161865234375,0.1888427734375,4,700,645,592,543,0.17984585464000702,0.26883918046951294,0.3548488914966583,0.44426965713500977,0.4224849343299866,0.4087415933609009,0.3926814794540405,0.377787321805954
47,1460,0.29293596744537354,0.00020824636158067733,0.31939697265625,0.2705078125,0.2205810546875,0.18951416015625,4,698,645,594,545,0.17989705502986908,0.2694860100746155,0.3553813397884369,0.44423550367355347,0.4225192368030548,0.40945231914520264,0.39328867197036743,0.37774235010147095
47,1480,0.292431116104126,0.00020824636158067733,0.32098388671875,0.2706298828125,0.2196044921875,0.18878173828125,4,698,646,592,542,0.18025174736976624,0.26864561438560486,0.35496842861175537,0.4445187449455261,0.4229653477668762,0.4086276590824127,0.39277610182762146,0.37825581431388855
47,1500,0.2921840250492096,0.00020824636158067733,0.32183837890625,0.26983642578125,0.2191162109375,0.189208984375,4,697,645,593,544,0.1796848028898239,0.2689884603023529,0.35486477613449097,0.44403305649757385,0.4222685992717743,0.40899714827537537,0.39265602827072144,0.37751105427742004
47,1520,0.2925736904144287,0.00020824636158067733,0.32135009765625,0.2681884765625,0.2216796875,0.18878173828125,4,696,645,593,543,0.1796700358390808,0.2692354619503021,0.3550693690776825,0.44453033804893494,0.4223789870738983,0.40936097502708435,0.3928522765636444,0.37794211506843567
47,1540,0.29230740666389465,0.00020824636158067733,0.32061767578125,0.26885986328125,0.22216796875,0.1883544921875,4,698,645,592,543,0.17942507565021515,0.26881372928619385,0.3547708988189697,0.4443143308162689,0.4219231903553009,0.40854719281196594,0.3924861252307892,0.37795591354370117
47,1560,0.2923246920108795,0.00020824636158067733,0.3204345703125,0.26971435546875,0.2210693359375,0.18878173828125,4,698,645,591,545,0.1794559359550476,0.26889726519584656,0.35457566380500793,0.44447919726371765,0.4220477342605591,0.4089473485946655,0.39224568009376526,0.3780010938644409
47,1580,0.2923097312450409,0.00020824636158067733,0.3206787109375,0.26959228515625,0.2208251953125,0.18890380859375,4,698,645,591,542,0.1795528382062912,0.26882070302963257,0.3547801673412323,0.4442184865474701,0.4221617579460144,0.40870970487594604,0.3925286531448364,0.3777042031288147
47,1600,0.2925627529621124,0.00020824636158067733,0.31915283203125,0.27008056640625,0.221435546875,0.1893310546875,4,698,645,589,544,0.17962254583835602,0.2689283490180969,0.35491520166397095,0.4437335431575775,0.42214685678482056,0.40876850485801697,0.3926568329334259,0.37711384892463684
47,1620,0.29278039932250977,0.00020824636158067733,0.3189697265625,0.269287109375,0.2225341796875,0.189208984375,4,698,644,591,544,0.17955069243907928,0.2693479061126709,0.35512813925743103,0.44368448853492737,0.42213818430900574,0.4091877341270447,0.3929508924484253,0.37687814235687256
47,1640,0.2923926115036011,0.00020824636158067733,0.32000732421875,0.27056884765625,0.2213134765625,0.1881103515625,4,699,647,589,542,0.1796730011701584,0.2691332995891571,0.3551565408706665,0.4437602758407593,0.42238739132881165,0.40908172726631165,0.39294812083244324,0.3770906925201416
47,1660,0.2923291027545929,0.00020824636158067733,0.3206787109375,0.268310546875,0.22216796875,0.1888427734375,4,697,645,592,545,0.17917947471141815,0.26893118023872375,0.355059951543808,0.443914532661438,0.4218185245990753,0.4088018238544464,0.3928624093532562,0.3771877884864807
47,1680,0.29235464334487915,0.00020824636158067733,0.3187255859375,0.271728515625,0.22015380859375,0.18939208984375,4,698,646,593,542,0.179538756608963,0.2688026428222656,0.3546416461467743,0.4435981214046478,0.4219564199447632,0.40863367915153503,0.3922165036201477,0.3770296275615692
47,1700,0.2921673655509949,0.00020824636158067733,0.3216552734375,0.26776123046875,0.22161865234375,0.18896484375,4,698,645,591,542,0.1793127804994583,0.26900482177734375,0.3549666106700897,0.44343775510787964,0.4220309257507324,0.40882551670074463,0.39266785979270935,0.37667256593704224
47,1720,0.2922108471393585,0.00020824636158067733,0.32012939453125,0.26934814453125,0.22186279296875,0.18865966796875,4,697,643,591,542,0.17927980422973633,0.2688746452331543,0.3547561466693878,0.44360342621803284,0.4218020439147949,0.4087531268596649,0.3924916386604309,0.3769620656967163
47,1740,0.29237693548202515,0.00020824636158067733,0.319091796875,0.27020263671875,0.22265625,0.18804931640625,4,698,645,591,543,0.17929424345493317,0.2686763405799866,0.3551831841468811,0.44395148754119873,0.42190730571746826,0.40854310989379883,0.39306795597076416,0.3773803114891052
47,1760,0.29222434759140015,0.00020824636158067733,0.321533203125,0.26910400390625,0.21929931640625,0.1900634765625,4,697,646,593,544,0.1793988049030304,0.26934224367141724,0.354514479637146,0.4436190724372864,0.42202308773994446,0.40907981991767883,0.3922469913959503,0.37676671147346497
47,1780,0.2922447919845581,0.00020824636158067733,0.3199462890625,0.270751953125,0.2210693359375,0.188232421875,4,698,645,595,545,0.1794278770685196,0.2689400017261505,0.3547244369983673,0.44414660334587097,0.42220762372016907,0.40889477729797363,0.3925199508666992,0.37763482332229614
47,1800,0.2923472821712494,0.00020824636158067733,0.32025146484375,0.268798828125,0.2218017578125,0.18914794921875,4,699,647,594,544,0.17911246418952942,0.2694186866283417,0.35445165634155273,0.44382619857788086,0.42174240946769714,0.40925484895706177,0.3920679986476898,0.3771025538444519
47,1820,0.29221996665000916,0.00020824636158067733,0.320068359375,0.270263671875,0.2208251953125,0.1888427734375,4,698,645,593,545,0.17940227687358856,0.2690226137638092,0.3544066846370697,0.4439142644405365,0.4220590591430664,0.4089120030403137,0.3919678330421448,0.3772352337837219
47,1840,0.29223939776420593,0.00020824636158067733,0.32098388671875,0.26727294921875,0.2227783203125,0.18896484375,4,697,645,591,544,0.17900553345680237,0.26915663480758667,0.3542892634868622,0.444078654050827,0.42160874605178833,0.4090040922164917,0.3920440971851349,0.3772275447845459
47,1860,0.2919807732105255,0.00020824636158067733,0.318359375,0.271728515625,0.2220458984375,0.1878662109375,4,699,645,596,545,0.1787622570991516,0.26896482706069946,0.3543095588684082,0.44346293807029724,0.42112845182418823,0.4090684652328491,0.3919374644756317,0.37671300768852234
47,1880,0.29218870401382446,0.00020824636158067733,0.32110595703125,0.269287109375,0.22119140625,0.18841552734375,4,698,647,593,547,0.1788989156484604,0.2694745659828186,0.3546600937843323,0.44438689947128296,0.42164885997772217,0.4095175564289093,0.3925411105155945,0.3776504099369049
47,1900,0.2924708127975464,0.00020824636158067733,0.31854248046875,0.270263671875,0.22186279296875,0.1893310546875,4,700,647,594,546,0.17907635867595673,0.26901739835739136,0.35465583205223083,0.4438619017601013,0.42158377170562744,0.4088227450847626,0.39235490560531616,0.3771556615829468
47,1920,0.29174259305000305,0.00020824636158067733,0.32159423828125,0.270263671875,0.22064208984375,0.1875,4,698,646,595,546,0.17937396466732025,0.2689917981624603,0.35430747270584106,0.4436432421207428,0.42221081256866455,0.4089937210083008,0.39197152853012085,0.37692996859550476
47,1940,0.29242143034935,0.00020824636158067733,0.3189697265625,0.27069091796875,0.22149658203125,0.1888427734375,4,700,646,594,547,0.17911602556705475,0.26939404010772705,0.3547752797603607,0.4436749219894409,0.4217389225959778,0.4092923104763031,0.39247316122055054,0.3768572509288788
47,1960,0.29215484857559204,0.00020824636158067733,0.31951904296875,0.27117919921875,0.22100830078125,0.18829345703125,4,698,646,594,545,0.17903217673301697,0.26901835203170776,0.3548177182674408,0.44388607144355774,0.42166265845298767,0.4089294373989105,0.39258572459220886,0.377129465341568
47,1980,0.29202431440353394,0.00020824636158067733,0.319091796875,0.27117919921875,0.22174072265625,0.18798828125,4,698,646,595,545,0.17896568775177002,0.2689632475376129,0.35463282465934753,0.4433472454547882,0.42158713936805725,0.4088513255119324,0.3922772705554962,0.37647053599357605
47,2000,0.29222509264945984,0.00020824636158067733,0.31982421875,0.269287109375,0.22235107421875,0.18853759765625,4,698,647,595,544,0.17918647825717926,0.2688256800174713,0.35467538237571716,0.4437480568885803,0.4217819571495056,0.40855807065963745,0.3923625946044922,0.376890629529953
48,0,0.3238520324230194,0.00020824636158067733,0.3463134765625,0.1900634765625,0.28607177734375,0.17755126953125,4,698,619,592,516,0.21184121072292328,0.2888585329055786,0.3948711156845093,0.4653620421886444,0.4462812542915344,0.4299543499946594,0.41155827045440674,0.3809433877468109
48,20,0.30317404866218567,0.00020824636158067733,0.32098388671875,0.24908447265625,0.2373046875,0.192626953125,4,690,630,592,534,0.1900448352098465,0.27613574266433716,0.3672408163547516,0.4477236270904541,0.4332464635372162,0.41940319538116455,0.3999936878681183,0.37733373045921326
48,40,0.29982563853263855,0.00020824636158067733,0.2967529296875,0.27471923828125,0.22357177734375,0.2049560546875,4,690,635,585,529,0.18300418555736542,0.2734377086162567,0.3579564392566681,0.44092878699302673,0.42768701910972595,0.4155943691730499,0.3946572542190552,0.3722822666168213
48,60,0.2961210608482361,0.00020824636158067733,0.3018798828125,0.27618408203125,0.2200927734375,0.20184326171875,4,689,635,583,530,0.18162880837917328,0.27187612652778625,0.3533668518066406,0.4381104111671448,0.425942987203598,0.41325151920318604,0.390409916639328,0.3698444366455078
48,80,0.29593852162361145,0.00020824636158067733,0.30364990234375,0.2725830078125,0.224853515625,0.19891357421875,4,693,633,583,527,0.18102553486824036,0.2719390094280243,0.3535679876804352,0.4391012489795685,0.4250149130821228,0.4137495458126068,0.39089998602867126,0.3710592985153198
48,100,0.29540500044822693,0.00020824636158067733,0.30633544921875,0.27215576171875,0.2236328125,0.1978759765625,4,691,632,583,528,0.18145370483398438,0.27212151885032654,0.3526895046234131,0.4390977919101715,0.42547163367271423,0.41403698921203613,0.38989168405532837,0.3712250590324402
48,120,0.2957163453102112,0.00020824636158067733,0.3050537109375,0.2725830078125,0.22308349609375,0.19927978515625,4,689,634,585,533,0.1804857701063156,0.272238552570343,0.35356274247169495,0.4394669532775879,0.4242679178714752,0.41417568922042847,0.3911266028881073,0.3712269961833954
48,140,0.2966691255569458,0.00020824636158067733,0.30584716796875,0.26934814453125,0.22308349609375,0.20172119140625,4,689,634,584,533,0.1813105344772339,0.2723162770271301,0.35396042466163635,0.4407331347465515,0.4253179728984833,0.41437897086143494,0.3914864659309387,0.372367799282074
48,160,0.29609033465385437,0.00020824636158067733,0.304931640625,0.27142333984375,0.224365234375,0.19927978515625,4,689,637,585,530,0.18112465739250183,0.27203473448753357,0.35360801219940186,0.44001343846321106,0.4251103103160858,0.4140216112136841,0.39097365736961365,0.37198305130004883
48,180,0.2953100800514221,0.00020824636158067733,0.30450439453125,0.2740478515625,0.222900390625,0.19854736328125,4,688,635,582,530,0.18084555864334106,0.27171897888183594,0.35312119126319885,0.43851983547210693,0.4246327579021454,0.413345605134964,0.39050814509391785,0.37038716673851013
48,200,0.29447808861732483,0.00020824636158067733,0.3089599609375,0.2724609375,0.2200927734375,0.198486328125,4,685,632,581,530,0.18119336664676666,0.27067482471466064,0.35285723209381104,0.43875551223754883,0.42505940794944763,0.4121510982513428,0.3901979625225067,0.37069404125213623
48,220,0.29543420672416687,0.00020824636158067733,0.307861328125,0.269775390625,0.22454833984375,0.19781494140625,4,690,631,583,530,0.1819387823343277,0.2710716426372528,0.35351529717445374,0.43936294317245483,0.42603224515914917,0.4126867651939392,0.3908490240573883,0.3714873194694519
48,240,0.2955651879310608,0.00020824636158067733,0.30694580078125,0.27008056640625,0.223876953125,0.1990966796875,4,686,632,583,529,0.1814340204000473,0.2708970308303833,0.35410135984420776,0.43916165828704834,0.4254513084888458,0.41244328022003174,0.39146915078163147,0.370927095413208
48,260,0.29598963260650635,0.00020824636158067733,0.3070068359375,0.27056884765625,0.22125244140625,0.201171875,4,690,631,584,532,0.18173500895500183,0.27118968963623047,0.3542875051498413,0.4395906329154968,0.42582181096076965,0.41256338357925415,0.3917132616043091,0.3715018332004547
48,280,0.2947385311126709,0.00020824636158067733,0.31158447265625,0.27056884765625,0.218994140625,0.1988525390625,4,688,631,582,531,0.18154290318489075,0.27077800035476685,0.3535526990890503,0.43993669748306274,0.42559945583343506,0.412417471408844,0.39098501205444336,0.3719116747379303
48,300,0.2945585250854492,0.00020824636158067733,0.31219482421875,0.2711181640625,0.2181396484375,0.19854736328125,4,688,631,579,531,0.18176276981830597,0.2708342671394348,0.3532311022281647,0.4398513734340668,0.42586156725883484,0.4125949442386627,0.3905821144580841,0.37182265520095825
48,320,0.29536712169647217,0.00020824636158067733,0.31048583984375,0.271240234375,0.21856689453125,0.19970703125,4,688,632,580,532,0.18184754252433777,0.271135538816452,0.3541853725910187,0.4403951168060303,0.42588096857070923,0.4128072261810303,0.39174678921699524,0.3723877966403961
48,340,0.29539769887924194,0.00020824636158067733,0.3087158203125,0.26983642578125,0.2230224609375,0.19842529296875,4,687,630,584,535,0.18189574778079987,0.27069684863090515,0.35425230860710144,0.4394274055957794,0.4258800148963928,0.41213300824165344,0.3917602300643921,0.37161049246788025
48,360,0.2957567870616913,0.00020824636158067733,0.30950927734375,0.27001953125,0.22052001953125,0.199951171875,4,689,632,582,537,0.18149027228355408,0.2705381214618683,0.3547443747520447,0.4416331350803375,0.4253957271575928,0.41214242577552795,0.39257150888442993,0.37386152148246765
48,380,0.2955861985683441,0.00020824636158067733,0.30694580078125,0.26910400390625,0.22637939453125,0.19757080078125,4,692,636,586,538,0.18171361088752747,0.27061980962753296,0.35431385040283203,0.4392135441303253,0.4254588782787323,0.41187408566474915,0.39183729887008667,0.3714796304702759
48,400,0.29589858651161194,0.00020824636158067733,0.30816650390625,0.27020263671875,0.22393798828125,0.19769287109375,4,692,633,580,535,0.1818753033876419,0.2711188793182373,0.35522136092185974,0.4403098523616791,0.4255617558956146,0.4126970171928406,0.39307209849357605,0.3725951313972473
48,420,0.2960389256477356,0.00020824636158067733,0.30938720703125,0.269287109375,0.22393798828125,0.1973876953125,4,693,635,580,537,0.18240924179553986,0.27106428146362305,0.3553096354007721,0.44097182154655457,0.4261557161808014,0.41268667578697205,0.39300429821014404,0.37340012192726135
48,440,0.29637038707733154,0.00020824636158067733,0.3096923828125,0.27020263671875,0.22418212890625,0.1959228515625,4,691,639,585,537,0.182808056473732,0.2721088230609894,0.35579201579093933,0.44134414196014404,0.4268140494823456,0.41411006450653076,0.39363858103752136,0.37401753664016724
48,460,0.2957051694393158,0.00020824636158067733,0.3138427734375,0.271240234375,0.21954345703125,0.19537353515625,4,693,642,587,541,0.1830364167690277,0.27189525961875916,0.3561265170574188,0.4418528378009796,0.42686522006988525,0.41363468766212463,0.39442163705825806,0.37471964955329895
48,480,0.2957649230957031,0.00020824636158067733,0.31475830078125,0.27178955078125,0.22015380859375,0.19329833984375,4,694,642,581,537,0.1840384602546692,0.272801011800766,0.3558637499809265,0.4415355622768402,0.42806532979011536,0.41477182507514954,0.3939357101917267,0.3745715916156769
48,500,0.29591643810272217,0.00020824636158067733,0.3145751953125,0.270263671875,0.2216796875,0.1934814453125,4,696,643,589,542,0.18349754810333252,0.27296915650367737,0.35641857981681824,0.4414285719394684,0.4273282289505005,0.41499078273773193,0.3944583535194397,0.37436386942863464
48,520,0.2967360317707062,0.00020824636158067733,0.3170166015625,0.270263671875,0.2198486328125,0.19287109375,4,698,646,586,542,0.1847783625125885,0.2746366560459137,0.3574134409427643,0.442560076713562,0.4288628101348877,0.417140394449234,0.39551427960395813,0.3754971921443939
48,540,0.29630231857299805,0.00020824636158067733,0.3173828125,0.2701416015625,0.21905517578125,0.19342041015625,4,699,645,588,544,0.18425606191158295,0.2739470303058624,0.35719725489616394,0.4424154460430145,0.4279234707355499,0.41583144664764404,0.39547982811927795,0.37566882371902466
48,560,0.29680612683296204,0.00020824636158067733,0.31573486328125,0.26983642578125,0.22125244140625,0.19317626953125,4,699,646,589,540,0.18447662889957428,0.2745194137096405,0.3563624620437622,0.4433205723762512,0.42835330963134766,0.4165132939815521,0.3943057358264923,0.3768765330314636
48,580,0.2966677248477936,0.00020824636158067733,0.31683349609375,0.27105712890625,0.21820068359375,0.19390869140625,4,699,646,587,542,0.1854957938194275,0.27400845289230347,0.35522010922431946,0.4441019892692566,0.4291185736656189,0.4158134460449219,0.39293310046195984,0.37794119119644165
48,600,0.2964310348033905,0.00020824636158067733,0.31890869140625,0.26953125,0.218994140625,0.19256591796875,4,699,645,591,544,0.18586979806423187,0.2730664908885956,0.35535913705825806,0.44521912932395935,0.4297327399253845,0.4148779809474945,0.39292556047439575,0.37958022952079773
48,620,0.2967281937599182,0.00020824636158067733,0.3193359375,0.26806640625,0.2193603515625,0.1932373046875,4,699,645,595,543,0.18524102866649628,0.2737652659416199,0.3560025990009308,0.445534884929657,0.42906954884529114,0.4154697358608246,0.3937734365463257,0.3799005150794983
48,640,0.29661300778388977,0.00020824636158067733,0.3179931640625,0.26934814453125,0.21954345703125,0.193115234375,4,699,644,592,545,0.1847561150789261,0.2737838327884674,0.35633885860443115,0.4447437524795532,0.42824625968933105,0.4153655171394348,0.39411619305610657,0.37890809774398804
48,660,0.29620373249053955,0.00020824636158067733,0.32000732421875,0.27081298828125,0.21685791015625,0.19232177734375,4,701,643,591,547,0.1848294883966446,0.2739689350128174,0.35638201236724854,0.44497472047805786,0.42826974391937256,0.4155641794204712,0.3943873643875122,0.3791339695453644
48,680,0.29610663652420044,0.00020824636158067733,0.31988525390625,0.26971435546875,0.218505859375,0.19189453125,4,702,641,592,546,0.18516138195991516,0.27319151163101196,0.3567277789115906,0.4442305564880371,0.4286646246910095,0.41467928886413574,0.3945637047290802,0.37838688492774963
48,700,0.2964072823524475,0.00020824636158067733,0.31817626953125,0.26959228515625,0.22015380859375,0.19207763671875,4,700,643,592,547,0.18510529398918152,0.2729051113128662,0.35715124011039734,0.44414258003234863,0.4284988343715668,0.41429492831230164,0.39507612586021423,0.3781825304031372
48,720,0.2963840365409851,0.00020824636158067733,0.31878662109375,0.26861572265625,0.22021484375,0.1923828125,4,700,641,592,545,0.18492799997329712,0.2729721963405609,0.356467068195343,0.4449853301048279,0.4281986653804779,0.41440829634666443,0.3942132294178009,0.37932929396629333
48,740,0.2961410880088806,0.00020824636158067733,0.31866455078125,0.271240234375,0.21759033203125,0.1925048828125,4,700,645,593,551,0.1833578497171402,0.27365642786026,0.357505738735199,0.44515761733055115,0.4265878200531006,0.41547074913978577,0.3956202566623688,0.37928828597068787
48,760,0.2960917353630066,0.00020824636158067733,0.3187255859375,0.270263671875,0.21893310546875,0.19207763671875,4,702,645,589,547,0.18414540588855743,0.273343563079834,0.3570590615272522,0.44436728954315186,0.427290678024292,0.4146968722343445,0.3950794041156769,0.3784891664981842
48,780,0.2959733009338379,0.00020824636158067733,0.31982421875,0.26922607421875,0.21856689453125,0.1923828125,4,701,645,591,545,0.18409885466098785,0.27305376529693604,0.35724306106567383,0.44442299008369446,0.4274516701698303,0.41413044929504395,0.3953286111354828,0.3783787488937378
48,800,0.2956990897655487,0.00020824636158067733,0.31951904296875,0.2698974609375,0.21966552734375,0.19091796875,4,702,645,593,543,0.18386347591876984,0.27297544479370117,0.3572121560573578,0.44421499967575073,0.42715388536453247,0.4141855835914612,0.3951665163040161,0.3782045841217041
48,820,0.2956230640411377,0.00020824636158067733,0.3192138671875,0.27032470703125,0.21942138671875,0.1910400390625,4,702,645,594,544,0.18368373811244965,0.2724825441837311,0.35775431990623474,0.4440479576587677,0.42687156796455383,0.41349712014198303,0.39588043093681335,0.37799370288848877
48,840,0.2959739863872528,0.00020824636158067733,0.31854248046875,0.269287109375,0.22119140625,0.19097900390625,4,702,645,594,545,0.18368883430957794,0.27267587184906006,0.35794171690940857,0.44433969259262085,0.4268653690814972,0.4136394262313843,0.3961361348628998,0.37832456827163696
48,860,0.2955649495124817,0.00020824636158067733,0.32012939453125,0.2705078125,0.21746826171875,0.19189453125,4,702,645,592,546,0.1831512302160263,0.2732113301753998,0.357162207365036,0.44480472803115845,0.4265456795692444,0.41434475779533386,0.3952964246273041,0.3788434863090515
48,880,0.29531562328338623,0.00020824636158067733,0.3201904296875,0.27032470703125,0.21923828125,0.19024658203125,4,701,645,592,547,0.18339137732982635,0.2728073298931122,0.35754433274269104,0.4439581334590912,0.4266068637371063,0.4138314723968506,0.3956631124019623,0.3778800368309021
48,900,0.295363187789917,0.00020824636158067733,0.32000732421875,0.27044677734375,0.21881103515625,0.19073486328125,4,702,645,593,544,0.1831924319267273,0.27286460995674133,0.35765522718429565,0.4439985156059265,0.4263336658477783,0.4138071537017822,0.3958246409893036,0.3778609037399292
48,920,0.29563724994659424,0.00020824636158067733,0.31689453125,0.27191162109375,0.2197265625,0.19146728515625,4,701,645,592,545,0.18309123814105988,0.2726414203643799,0.35718846321105957,0.44393202662467957,0.4259895384311676,0.4136945307254791,0.3951434791088104,0.3778986930847168
48,940,0.295364111661911,0.00020824636158067733,0.31878662109375,0.2711181640625,0.21881103515625,0.1912841796875,4,702,646,593,546,0.1831180304288864,0.27213308215141296,0.35763129591941833,0.44412797689437866,0.42612379789352417,0.41311439871788025,0.39578235149383545,0.37807634472846985
48,960,0.2953668534755707,0.00020824636158067733,0.31878662109375,0.26995849609375,0.2203369140625,0.19091796875,4,702,646,591,546,0.1829862892627716,0.2721959054470062,0.35751575231552124,0.4440533518791199,0.42596936225891113,0.4131428301334381,0.3956369161605835,0.37804168462753296
48,980,0.2951699197292328,0.00020824636158067733,0.32110595703125,0.2696533203125,0.21844482421875,0.1907958984375,4,701,646,589,548,0.18289649486541748,0.272475928068161,0.35784050822257996,0.4444451928138733,0.4261234998703003,0.41352808475494385,0.39601272344589233,0.37841543555259705
48,1000,0.295192688703537,0.00020824636158067733,0.31866455078125,0.271240234375,0.218505859375,0.19158935546875,4,701,646,592,546,0.1821260005235672,0.2727428078651428,0.35751116275787354,0.4439621865749359,0.4249497652053833,0.41380995512008667,0.3955826163291931,0.3778366148471832
48,1020,0.2950841188430786,0.00020824636158067733,0.3184814453125,0.271240234375,0.21966552734375,0.19061279296875,4,700,644,593,548,0.18218795955181122,0.2721559703350067,0.35780400037765503,0.4440615475177765,0.4251183569431305,0.41322061419487,0.39595934748649597,0.3779977262020111
48,1040,0.29513540863990784,0.00020824636158067733,0.32012939453125,0.2701416015625,0.21881103515625,0.19091796875,4,701,644,592,548,0.18269196152687073,0.2724873721599579,0.35755041241645813,0.4441918432712555,0.42569491267204285,0.4134347438812256,0.3958440124988556,0.37812069058418274
48,1060,0.2957637310028076,0.00020824636158067733,0.315673828125,0.27215576171875,0.220458984375,0.19171142578125,4,699,644,594,549,0.18262708187103271,0.27265188097953796,0.357626736164093,0.4437258541584015,0.42526647448539734,0.41380491852760315,0.3956390619277954,0.37752845883369446
48,1080,0.29488489031791687,0.00020824636158067733,0.32073974609375,0.27001953125,0.21856689453125,0.190673828125,4,702,643,591,548,0.18267947435379028,0.2720676064491272,0.357646107673645,0.4439999759197235,0.42562010884284973,0.41286414861679077,0.3958972096443176,0.3779635429382324
48,1100,0.2951044738292694,0.00020824636158067733,0.31988525390625,0.27001953125,0.21905517578125,0.1910400390625,4,701,642,590,546,0.18243752419948578,0.27236300706863403,0.3576960265636444,0.4441314935684204,0.4253562390804291,0.4132212698459625,0.395912766456604,0.37802743911743164
48,1120,0.2952060103416443,0.00020824636158067733,0.31903076171875,0.27056884765625,0.219482421875,0.19091796875,4,700,643,593,548,0.1820913404226303,0.2720750868320465,0.35828661918640137,0.44448718428611755,0.4248817265033722,0.4131276309490204,0.39643046259880066,0.3784601092338562
48,1140,0.29513031244277954,0.00020824636158067733,0.31890869140625,0.27130126953125,0.218505859375,0.1912841796875,4,700,643,593,548,0.18209131062030792,0.2722051739692688,0.3577953279018402,0.44452086091041565,0.4248157739639282,0.4132951498031616,0.39594998955726624,0.3785231411457062
48,1160,0.29495227336883545,0.00020824636158067733,0.3199462890625,0.27142333984375,0.2171630859375,0.19146728515625,4,699,644,593,547,0.1827370971441269,0.27160710096359253,0.3579610288143158,0.44409552216529846,0.425619512796402,0.41248270869255066,0.39613741636276245,0.37808823585510254
48,1180,0.29484209418296814,0.00020824636158067733,0.3204345703125,0.27081298828125,0.2183837890625,0.19036865234375,4,701,645,593,549,0.18273600935935974,0.27177712321281433,0.3579685389995575,0.443937748670578,0.42566266655921936,0.41264307498931885,0.39608094096183777,0.3778788447380066
48,1200,0.29509708285331726,0.00020824636158067733,0.318359375,0.27130126953125,0.218994140625,0.19134521484375,4,700,643,592,548,0.18223601579666138,0.2716928720474243,0.35764962434768677,0.4444676637649536,0.4248116910457611,0.4125652611255646,0.39582890272140503,0.37850335240364075
48,1220,0.29482561349868774,0.00020824636158067733,0.31915283203125,0.2734375,0.21685791015625,0.1905517578125,4,698,644,592,546,0.18240299820899963,0.2722373604774475,0.35766491293907166,0.4440200626850128,0.42519477009773254,0.41329148411750793,0.3958047330379486,0.3779717683792114
48,1240,0.29506686329841614,0.00020824636158067733,0.3199462890625,0.2701416015625,0.21923828125,0.190673828125,4,699,640,591,548,0.18235239386558533,0.2723802328109741,0.3575631082057953,0.44448232650756836,0.4250689148902893,0.4132077395915985,0.39569583535194397,0.37839463353157043
48,1260,0.29466482996940613,0.00020824636158067733,0.32049560546875,0.27117919921875,0.21771240234375,0.19061279296875,4,701,643,593,546,0.18199118971824646,0.2722831666469574,0.35776686668395996,0.4438822567462921,0.4246387481689453,0.4132896959781647,0.39565959572792053,0.37778690457344055
48,1280,0.2948804497718811,0.00020824636158067733,0.31982421875,0.271728515625,0.217041015625,0.19140625,4,698,643,590,547,0.18214070796966553,0.2717856466770172,0.3576335310935974,0.44488808512687683,0.4248378574848175,0.41280773282051086,0.39568597078323364,0.378916472196579
48,1300,0.2946120500564575,0.00020824636158067733,0.31988525390625,0.27239990234375,0.21734619140625,0.19036865234375,4,700,644,590,549,0.1822919398546219,0.2720062732696533,0.35768425464630127,0.4436851143836975,0.4251454770565033,0.4127873480319977,0.39569464325904846,0.3775429427623749
48,1320,0.29427558183670044,0.00020824636158067733,0.3204345703125,0.27288818359375,0.21710205078125,0.1895751953125,4,700,645,593,544,0.18183843791484833,0.27180731296539307,0.3579723834991455,0.4437221586704254,0.42469626665115356,0.41276347637176514,0.3961469233036041,0.37776046991348267
48,1340,0.2947338819503784,0.00020824636158067733,0.31964111328125,0.27166748046875,0.2183837890625,0.1903076171875,4,701,645,592,549,0.18212737143039703,0.27147871255874634,0.3579801917076111,0.4444880485534668,0.42472851276397705,0.4123753011226654,0.3961773216724396,0.3785332143306732
48,1360,0.29450374841690063,0.00020824636158067733,0.32012939453125,0.2734375,0.2158203125,0.19061279296875,4,699,644,589,546,0.18165536224842072,0.27240991592407227,0.3577510118484497,0.4441124498844147,0.4244023263454437,0.4134329855442047,0.3958252966403961,0.3780478239059448
48,1380,0.29472219944000244,0.00020824636158067733,0.3184814453125,0.27423095703125,0.2169189453125,0.19036865234375,4,699,645,592,546,0.1819298267364502,0.2723401188850403,0.3574731647968292,0.44415998458862305,0.42454567551612854,0.4134402573108673,0.39549246430397034,0.37810125946998596
48,1400,0.29456987977027893,0.00020824636158067733,0.3192138671875,0.2738037109375,0.21636962890625,0.19061279296875,4,699,646,593,546,0.18213465809822083,0.27178892493247986,0.3573879301548004,0.44427886605262756,0.4248690903186798,0.4126948118209839,0.39540886878967285,0.3781934976577759
48,1420,0.2950648069381714,0.00020824636158067733,0.31719970703125,0.2713623046875,0.21868896484375,0.1927490234375,4,702,645,593,547,0.18130412697792053,0.2710862159729004,0.3577156662940979,0.44495242834091187,0.42358195781707764,0.41186437010765076,0.3957505524158478,0.37905293703079224
48,1440,0.2941257059574127,0.00020824636158067733,0.31982421875,0.27301025390625,0.21630859375,0.19085693359375,4,699,642,593,547,0.1810479611158371,0.27144789695739746,0.3576941192150116,0.44400691986083984,0.4236736297607422,0.41227808594703674,0.3956926465034485,0.37795528769493103
48,1460,0.2942385971546173,0.00020824636158067733,0.32061767578125,0.272705078125,0.21673583984375,0.18994140625,4,698,644,593,546,0.1816757172346115,0.2720017731189728,0.35719484090805054,0.44433170557022095,0.4244263768196106,0.4129161834716797,0.39514291286468506,0.37829169631004333
48,1480,0.29445797204971313,0.00020824636158067733,0.31964111328125,0.27301025390625,0.2174072265625,0.18994140625,4,699,646,593,546,0.18169920146465302,0.27221739292144775,0.35741931200027466,0.44411465525627136,0.42430609464645386,0.4131396412849426,0.3953534662723541,0.37793880701065063
48,1500,0.29449620842933655,0.00020824636158067733,0.31939697265625,0.2733154296875,0.2169189453125,0.19036865234375,4,699,646,593,547,0.18168017268180847,0.27193063497543335,0.3573705554008484,0.44453123211860657,0.4243055284023285,0.4127953350543976,0.39539167284965515,0.3785000741481781
48,1520,0.2940751612186432,0.00020824636158067733,0.32147216796875,0.2725830078125,0.21624755859375,0.189697265625,4,700,645,594,547,0.1815403252840042,0.27195432782173157,0.3576231598854065,0.44412729144096375,0.4244697093963623,0.4127545654773712,0.39564111828804016,0.3779892027378082
48,1540,0.2948378026485443,0.00020824636158067733,0.3197021484375,0.27001953125,0.21954345703125,0.19073486328125,4,701,644,592,548,0.18162289261817932,0.27146241068840027,0.3582822382450104,0.44466912746429443,0.42433416843414307,0.4122718274593353,0.3962799906730652,0.3787449300289154
48,1560,0.294214129447937,0.00020824636158067733,0.32012939453125,0.271484375,0.21820068359375,0.190185546875,4,701,642,595,548,0.18099500238895416,0.2713378667831421,0.35804012417793274,0.444217324256897,0.4235462248325348,0.4120350182056427,0.396157443523407,0.3781873285770416
48,1580,0.294344037771225,0.00020824636158067733,0.31976318359375,0.27142333984375,0.21795654296875,0.19085693359375,4,700,644,594,547,0.18078722059726715,0.2714952826499939,0.3579043447971344,0.4445066452026367,0.4233193099498749,0.41229912638664246,0.39583733677864075,0.3785938322544098
48,1600,0.2941672205924988,0.00020824636158067733,0.32122802734375,0.27313232421875,0.215087890625,0.1905517578125,4,698,645,593,549,0.18101216852664948,0.2719919979572296,0.35793745517730713,0.44472575187683105,0.4237627685070038,0.4130282998085022,0.39592432975769043,0.3786647915840149
48,1620,0.294607549905777,0.00020824636158067733,0.31982421875,0.27099609375,0.21771240234375,0.19146728515625,4,700,644,592,546,0.18143028020858765,0.27142950892448425,0.35776734352111816,0.4446451663970947,0.42403995990753174,0.41206756234169006,0.39570972323417664,0.37867847084999084
48,1640,0.29405277967453003,0.00020824636158067733,0.32208251953125,0.2716064453125,0.21502685546875,0.1912841796875,4,699,645,592,548,0.18120254576206207,0.2710992097854614,0.3575719892978668,0.44525766372680664,0.42386338114738464,0.4118155539035797,0.3955758810043335,0.3794570565223694
48,1660,0.294714093208313,0.00020824636158067733,0.31878662109375,0.27142333984375,0.2197265625,0.1900634765625,4,701,643,593,545,0.18122445046901703,0.27155354619026184,0.3583960235118866,0.4445202648639679,0.4236803948879242,0.4123183786869049,0.39640921354293823,0.3786291182041168
48,1680,0.2941157817840576,0.00020824636158067733,0.32098388671875,0.27227783203125,0.21649169921875,0.19024658203125,4,700,643,595,549,0.18111959099769592,0.2714027166366577,0.35778048634529114,0.44482213258743286,0.4238668382167816,0.4120606482028961,0.39581653475761414,0.3790258765220642
48,1700,0.294256329536438,0.00020824636158067733,0.32061767578125,0.27178955078125,0.217041015625,0.1905517578125,4,700,644,591,548,0.1812077760696411,0.2712957262992859,0.3583455979824066,0.4442198872566223,0.4237159490585327,0.4117550253868103,0.3963826894760132,0.37826672196388245
48,1720,0.29423221945762634,0.00020824636158067733,0.320068359375,0.272216796875,0.217041015625,0.190673828125,4,700,644,591,547,0.18076150119304657,0.2707558274269104,0.35869300365448,0.44484761357307434,0.4231482744216919,0.4113823175430298,0.39686083793640137,0.3790223300457001
48,1740,0.2939203977584839,0.00020824636158067733,0.32171630859375,0.27117919921875,0.2166748046875,0.1904296875,4,699,645,594,547,0.18023408949375153,0.27121004462242126,0.35813090205192566,0.4452647566795349,0.42282629013061523,0.412140429019928,0.3960750997066498,0.379489004611969
48,1760,0.29404011368751526,0.00020824636158067733,0.32177734375,0.27142333984375,0.2154541015625,0.19134521484375,4,699,643,593,545,0.18055561184883118,0.27149492502212524,0.3578392267227173,0.44502508640289307,0.42321693897247314,0.41210663318634033,0.3958127498626709,0.37921881675720215
48,1780,0.2947782278060913,0.00020824636158067733,0.319580078125,0.27142333984375,0.21795654296875,0.1910400390625,4,702,644,593,548,0.18091773986816406,0.2718125879764557,0.35842058062553406,0.4452686309814453,0.42350342869758606,0.41266393661499023,0.39649689197540283,0.379446417093277
48,1800,0.29445701837539673,0.00020824636158067733,0.3197021484375,0.27178955078125,0.21697998046875,0.1915283203125,4,701,643,593,546,0.18089517951011658,0.27125510573387146,0.3577404022216797,0.44524818658828735,0.42319199442863464,0.4118606448173523,0.3957175314426422,0.37947553396224976
48,1820,0.29408401250839233,0.00020824636158067733,0.32177734375,0.2716064453125,0.21539306640625,0.19122314453125,4,698,642,594,545,0.1811070442199707,0.2709529995918274,0.3582344055175781,0.44478970766067505,0.42373815178871155,0.4114794433116913,0.3960855007171631,0.37893274426460266
48,1840,0.2939782738685608,0.00020824636158067733,0.32025146484375,0.27154541015625,0.2174072265625,0.1907958984375,4,700,642,594,548,0.18043015897274017,0.27082890272140503,0.3577750325202942,0.44482120871543884,0.42262688279151917,0.41138094663619995,0.39567533135414124,0.37905529141426086
48,1860,0.2936157286167145,0.00020824636158067733,0.3228759765625,0.27191162109375,0.21490478515625,0.1903076171875,4,701,644,595,548,0.18049055337905884,0.27077654004096985,0.3584674000740051,0.4449429512023926,0.42318442463874817,0.41139480471611023,0.3964434564113617,0.3790852427482605
48,1880,0.29413479566574097,0.00020824636158067733,0.31982421875,0.27215576171875,0.217529296875,0.19049072265625,4,700,644,593,546,0.18067122995853424,0.27090245485305786,0.35815539956092834,0.44471871852874756,0.42294538021087646,0.41159868240356445,0.396051824092865,0.37896111607551575
48,1900,0.2939136326313019,0.00020824636158067733,0.32147216796875,0.27178955078125,0.21600341796875,0.19073486328125,4,699,645,593,545,0.18044942617416382,0.2711024880409241,0.358356773853302,0.4446749985218048,0.4229927361011505,0.41169291734695435,0.3962477147579193,0.378824919462204
48,1920,0.29422059655189514,0.00020824636158067733,0.3194580078125,0.2713623046875,0.21832275390625,0.19085693359375,4,702,642,591,546,0.18058271706104279,0.270944744348526,0.35786667466163635,0.4447173774242401,0.4228663146495819,0.41151657700538635,0.3957612216472626,0.37902477383613586
48,1940,0.2934863865375519,0.00020824636158067733,0.32171630859375,0.2723388671875,0.21551513671875,0.1904296875,4,699,646,596,546,0.18001127243041992,0.27087897062301636,0.35792413353919983,0.4445992112159729,0.4223935008049011,0.41141676902770996,0.39578643441200256,0.3788365125656128
48,1960,0.29330718517303467,0.00020824636158067733,0.32281494140625,0.27166748046875,0.21539306640625,0.19012451171875,4,698,645,595,548,0.18016475439071655,0.27055102586746216,0.3580531179904938,0.44457828998565674,0.4227047860622406,0.41100549697875977,0.3959343135356903,0.37891826033592224
48,1980,0.2936007082462311,0.00020824636158067733,0.32122802734375,0.27294921875,0.2147216796875,0.19110107421875,4,696,645,595,548,0.18003150820732117,0.2705036401748657,0.3582085371017456,0.4448988735675812,0.4224867522716522,0.4110126197338104,0.3961522877216339,0.3791128993034363
48,2000,0.2939223051071167,0.00020824636158067733,0.3204345703125,0.2708740234375,0.21722412109375,0.19146728515625,4,701,645,594,547,0.18007409572601318,0.2703684866428375,0.3579915761947632,0.445089727640152,0.4221983253955841,0.4107363224029541,0.39583873748779297,0.37933558225631714
49,0,0.3266095817089081,0.00020824636158067733,0.3424072265625,0.19195556640625,0.2198486328125,0.24578857421875,4,699,618,591,545,0.21550236642360687,0.28231704235076904,0.3891638517379761,0.46003177762031555,0.4450817406177521,0.4139275550842285,0.4193696677684784,0.3780082166194916
49,20,0.3029352128505707,0.00020824636158067733,0.3095703125,0.25006103515625,0.2264404296875,0.21392822265625,4,693,625,593,536,0.18744917213916779,0.2736092507839203,0.3638693690299988,0.4398333728313446,0.43269649147987366,0.413459837436676,0.40111035108566284,0.3699156939983368
49,40,0.29248151183128357,0.00020824636158067733,0.30926513671875,0.2755126953125,0.2227783203125,0.19244384765625,4,688,623,586,528,0.18071389198303223,0.2698899805545807,0.3540500998497009,0.43316635489463806,0.42362070083618164,0.4114391803741455,0.3917500376701355,0.3635648488998413
49,60,0.29403313994407654,0.00020824636158067733,0.30908203125,0.268310546875,0.22210693359375,0.20050048828125,4,688,619,585,528,0.18067510426044464,0.26899367570877075,0.35401448607444763,0.435843288898468,0.42392927408218384,0.40997105836868286,0.39163926243782043,0.3667910695075989
49,80,0.29511335492134094,0.00020824636158067733,0.31036376953125,0.26922607421875,0.22344970703125,0.19696044921875,4,691,627,586,535,0.18209034204483032,0.27057066559791565,0.35612159967422485,0.43754538893699646,0.42620253562927246,0.4121285676956177,0.39372900128364563,0.3684484660625458
49,100,0.2944899797439575,0.00020824636158067733,0.30902099609375,0.27178955078125,0.22039794921875,0.19879150390625,4,689,628,585,533,0.18125055730342865,0.27012771368026733,0.3548392057418823,0.43692031502723694,0.4250229001045227,0.41117653250694275,0.39250648021698,0.36778998374938965
49,120,0.2936081886291504,0.00020824636158067733,0.3101806640625,0.2718505859375,0.2220458984375,0.1959228515625,4,690,629,586,533,0.18064941465854645,0.26956719160079956,0.3542307913303375,0.437094122171402,0.4241926372051239,0.41065964102745056,0.3917909264564514,0.36818838119506836
49,140,0.29355287551879883,0.00020824636158067733,0.31085205078125,0.27191162109375,0.22357177734375,0.19366455078125,4,690,629,588,534,0.18093402683734894,0.2689220905303955,0.35518255829811096,0.4377533793449402,0.42464762926101685,0.40997421741485596,0.3927297294139862,0.3692057430744171
49,160,0.2939329147338867,0.00020824636158067733,0.3092041015625,0.2738037109375,0.2222900390625,0.1947021484375,4,692,628,584,533,0.1812877207994461,0.2690946161746979,0.35530856251716614,0.43768078088760376,0.42495647072792053,0.41000476479530334,0.3928086459636688,0.3690476417541504
49,180,0.2940239906311035,0.00020824636158067733,0.3106689453125,0.27105712890625,0.22265625,0.19561767578125,4,692,625,590,535,0.18076708912849426,0.26861533522605896,0.35654616355895996,0.43793562054634094,0.42449039220809937,0.40919071435928345,0.3941905200481415,0.3693244159221649
49,200,0.29361090064048767,0.00020824636158067733,0.308837890625,0.2730712890625,0.22308349609375,0.19500732421875,4,694,625,589,534,0.17998938262462616,0.26820001006126404,0.355991929769516,0.43777692317962646,0.4232375919818878,0.40856289863586426,0.39383137226104736,0.36916792392730713
49,220,0.2941588759422302,0.00020824636158067733,0.31072998046875,0.27215576171875,0.22283935546875,0.19427490234375,4,694,628,588,537,0.18108095228672028,0.2687244117259979,0.3571694493293762,0.438375324010849,0.42467111349105835,0.40883171558380127,0.395295113325119,0.369823157787323
49,240,0.2937186360359192,0.00020824636158067733,0.3114013671875,0.27288818359375,0.221923828125,0.19378662109375,4,693,628,586,542,0.18037328124046326,0.26786819100379944,0.3575461804866791,0.43916377425193787,0.4237682521343231,0.40845945477485657,0.3955954611301422,0.37060123682022095
49,260,0.29405587911605835,0.00020824636158067733,0.3131103515625,0.2713623046875,0.22174072265625,0.19378662109375,4,695,626,586,543,0.18135660886764526,0.2680699825286865,0.3584229052066803,0.43888595700263977,0.42475342750549316,0.40782052278518677,0.3967016637325287,0.37041598558425903
49,280,0.29337573051452637,0.00020824636158067733,0.31396484375,0.27410888671875,0.2205810546875,0.19134521484375,4,695,628,587,540,0.18093711137771606,0.26794523000717163,0.3578323423862457,0.4399934709072113,0.4242594540119171,0.40854141116142273,0.3959386646747589,0.37197092175483704
49,300,0.29413747787475586,0.00020824636158067733,0.3140869140625,0.27294921875,0.2208251953125,0.192138671875,4,696,627,586,540,0.18167929351329803,0.2682322859764099,0.35901525616645813,0.4402078688144684,0.4252709746360779,0.4086313843727112,0.39705243706703186,0.3721085786819458
49,320,0.2933020293712616,0.00020824636158067733,0.3153076171875,0.27313232421875,0.22100830078125,0.1905517578125,4,696,631,588,540,0.18152189254760742,0.26721835136413574,0.35896238684654236,0.4394981265068054,0.42497551441192627,0.40700092911720276,0.3971201181411743,0.37167370319366455
49,340,0.29421162605285645,0.00020824636158067733,0.31561279296875,0.27020263671875,0.22137451171875,0.19281005859375,4,696,632,590,538,0.18177863955497742,0.2674315273761749,0.35936352610588074,0.4409797191619873,0.42519333958625793,0.4073171019554138,0.39780476689338684,0.3732393682003021
49,360,0.29503029584884644,0.00020824636158067733,0.31585693359375,0.27203369140625,0.21905517578125,0.19305419921875,4,697,634,588,543,0.1831260621547699,0.2686419188976288,0.3601854741573334,0.4413708746433258,0.4268999993801117,0.4084583818912506,0.3986395299434662,0.37381988763809204
49,380,0.29407361149787903,0.00020824636158067733,0.31646728515625,0.27197265625,0.22161865234375,0.18994140625,4,695,637,590,541,0.18247881531715393,0.2683676779270172,0.3591775894165039,0.44085121154785156,0.4256475865840912,0.408601313829422,0.39745742082595825,0.37358203530311584
49,400,0.2946094870567322,0.00020824636158067733,0.3167724609375,0.27117919921875,0.2198486328125,0.19219970703125,4,698,636,591,542,0.182643324136734,0.26888954639434814,0.359301894903183,0.4414357841014862,0.42588353157043457,0.4083656072616577,0.3976248800754547,0.3747375011444092
49,420,0.2951187491416931,0.00020824636158067733,0.3172607421875,0.27166748046875,0.218994140625,0.19207763671875,4,699,641,591,540,0.18295818567276,0.2701340913772583,0.35914933681488037,0.44271185994148254,0.4264596700668335,0.4101009964942932,0.3975573480129242,0.37630003690719604
49,440,0.2949688136577606,0.00020824636158067733,0.31646728515625,0.26959228515625,0.22198486328125,0.19195556640625,4,698,641,593,541,0.18182078003883362,0.2701685428619385,0.35893160104751587,0.4423718750476837,0.42464858293533325,0.4105060398578644,0.397285133600235,0.37613198161125183
49,460,0.2949601411819458,0.00020824636158067733,0.318359375,0.270263671875,0.22021484375,0.191162109375,4,698,641,594,542,0.1823645681142807,0.27070724964141846,0.3591500222682953,0.44281888008117676,0.4252229630947113,0.41145119071006775,0.39743316173553467,0.3766348361968994
49,480,0.2950621247291565,0.00020824636158067733,0.3192138671875,0.27001953125,0.21868896484375,0.19207763671875,4,700,642,589,546,0.1827179193496704,0.27123400568962097,0.3583196699619293,0.4432426691055298,0.42566412687301636,0.41153526306152344,0.39652252197265625,0.37752464413642883
49,500,0.2949298620223999,0.00020824636158067733,0.32183837890625,0.2686767578125,0.2178955078125,0.19158935546875,4,700,641,588,545,0.1830102652311325,0.27144747972488403,0.3582119941711426,0.4438958466053009,0.4260246455669403,0.4125348925590515,0.39635664224624634,0.3781382143497467
49,520,0.2951313257217407,0.00020824636158067733,0.32049560546875,0.26971435546875,0.2177734375,0.1920166015625,4,699,643,591,543,0.18310987949371338,0.2718413174152374,0.35822632908821106,0.44326236844062805,0.42600810527801514,0.4126494228839874,0.39638209342956543,0.37753498554229736
49,540,0.2951328456401825,0.00020824636158067733,0.321044921875,0.26934814453125,0.2169189453125,0.19268798828125,4,699,644,593,545,0.18303288519382477,0.2718757092952728,0.3580732047557831,0.4435615539550781,0.4256933927536011,0.41277995705604553,0.39621561765670776,0.3779718279838562
49,560,0.2951386272907257,0.00020824636158067733,0.32177734375,0.269287109375,0.21685791015625,0.19207763671875,4,701,643,593,546,0.18304285407066345,0.27268338203430176,0.3579542338848114,0.44348880648612976,0.4258038103580475,0.41381439566612244,0.3961792588233948,0.3777151107788086
49,580,0.2961220145225525,0.00020824636158067733,0.31817626953125,0.27056884765625,0.2178955078125,0.193359375,4,699,644,592,547,0.18286727368831635,0.27321627736091614,0.3586015999317169,0.44412899017333984,0.42536747455596924,0.41450899839401245,0.3968501687049866,0.3784012198448181
49,600,0.29547518491744995,0.00020824636158067733,0.321044921875,0.2701416015625,0.2164306640625,0.1923828125,4,700,642,591,543,0.1831473857164383,0.27286824584007263,0.3583638072013855,0.4439203441143036,0.42587941884994507,0.41405993700027466,0.39652127027511597,0.3783295452594757
49,620,0.29535308480262756,0.00020824636158067733,0.32135009765625,0.2701416015625,0.21685791015625,0.191650390625,4,700,644,591,544,0.18244174122810364,0.2736321687698364,0.3581715524196625,0.44421327114105225,0.42501649260520935,0.415335088968277,0.396437406539917,0.37844693660736084
49,640,0.29576411843299866,0.00020824636158067733,0.3199462890625,0.27044677734375,0.21746826171875,0.192138671875,4,698,645,595,545,0.18257661163806915,0.27350884675979614,0.358871191740036,0.44414132833480835,0.42521557211875916,0.41492602229118347,0.3972189426422119,0.3785572946071625
49,660,0.29547807574272156,0.00020824636158067733,0.32159423828125,0.26922607421875,0.216552734375,0.192626953125,4,699,646,591,544,0.18271207809448242,0.2733369767665863,0.3581593930721283,0.4442216753959656,0.4254484176635742,0.4143531024456024,0.39633190631866455,0.3788152039051056
49,680,0.2954469919204712,0.00020824636158067733,0.32037353515625,0.26971435546875,0.216552734375,0.193359375,4,699,644,590,545,0.18191857635974884,0.2735658884048462,0.35781705379486084,0.44422048330307007,0.424378901720047,0.41503483057022095,0.3959737718105316,0.3786052167415619
49,700,0.29514217376708984,0.00020824636158067733,0.32135009765625,0.26934814453125,0.217041015625,0.1922607421875,4,698,644,593,544,0.18195585906505585,0.27331534028053284,0.3576897084712982,0.4442939758300781,0.4243259131908417,0.41442787647247314,0.3958203196525574,0.3790593445301056
49,720,0.29572439193725586,0.00020824636158067733,0.320556640625,0.26904296875,0.21795654296875,0.19244384765625,4,699,645,594,546,0.18221335113048553,0.2740330696105957,0.3583277463912964,0.4442237913608551,0.4247572124004364,0.4155021905899048,0.39655986428260803,0.37870538234710693
49,740,0.29530054330825806,0.00020824636158067733,0.3211669921875,0.26898193359375,0.21771240234375,0.192138671875,4,699,644,592,548,0.18187396228313446,0.2737714350223541,0.3578142523765564,0.4442024230957031,0.42421457171440125,0.4151720702648163,0.39601850509643555,0.3787110149860382
49,760,0.29525426030158997,0.00020824636158067733,0.3209228515625,0.2706298828125,0.217041015625,0.19140625,4,697,646,593,547,0.18191012740135193,0.2738742530345917,0.357861191034317,0.44453108310699463,0.4243835508823395,0.41551145911216736,0.3960239291191101,0.37907281517982483
49,780,0.2948843240737915,0.00020824636158067733,0.32037353515625,0.2718505859375,0.217529296875,0.19024658203125,4,700,647,595,549,0.1813439428806305,0.27411067485809326,0.3574860394001007,0.4441903829574585,0.42372041940689087,0.41580310463905334,0.3956076204776764,0.3788067102432251
49,800,0.29524683952331543,0.00020824636158067733,0.3204345703125,0.27081298828125,0.2161865234375,0.19256591796875,4,700,646,590,545,0.1815415769815445,0.27394038438796997,0.357492595911026,0.4445382058620453,0.42396995425224304,0.41539403796195984,0.39566299319267273,0.37917590141296387
49,820,0.2949865758419037,0.00020824636158067733,0.32257080078125,0.26788330078125,0.2174072265625,0.192138671875,4,700,643,592,545,0.18170815706253052,0.2737339735031128,0.35743874311447144,0.44412854313850403,0.42416420578956604,0.41504380106925964,0.3956249952316284,0.3785882592201233
49,840,0.29546886682510376,0.00020824636158067733,0.32086181640625,0.26739501953125,0.21868896484375,0.19305419921875,4,698,643,593,548,0.1813955008983612,0.27402061223983765,0.3577656149864197,0.44420087337493896,0.42360612750053406,0.4153590202331543,0.3959658741950989,0.3786045014858246
49,860,0.29535651206970215,0.00020824636158067733,0.32135009765625,0.26776123046875,0.21795654296875,0.19293212890625,4,699,642,594,546,0.1812928020954132,0.273822546005249,0.3580550253391266,0.4443973898887634,0.42373549938201904,0.4151172637939453,0.39634472131729126,0.378835529088974
49,880,0.2954384386539459,0.00020824636158067733,0.31988525390625,0.26861572265625,0.21771240234375,0.19378662109375,4,697,642,593,546,0.18094336986541748,0.2737037241458893,0.35818424820899963,0.4440711438655853,0.4232178032398224,0.41498705744743347,0.39653992652893066,0.37836354970932007
49,900,0.29543888568878174,0.00020824636158067733,0.32012939453125,0.269287109375,0.21771240234375,0.19287109375,4,696,645,594,546,0.1810067743062973,0.27392441034317017,0.35844501852989197,0.44429197907447815,0.423470139503479,0.41531118750572205,0.3968682289123535,0.3786618709564209
49,920,0.295642614364624,0.00020824636158067733,0.31890869140625,0.26934814453125,0.2178955078125,0.19384765625,4,700,643,593,547,0.18100625276565552,0.2735312879085541,0.3585057258605957,0.4442983567714691,0.4233795702457428,0.41480502486228943,0.3969752788543701,0.3786178529262543
49,940,0.295156866312027,0.00020824636158067733,0.32025146484375,0.268310546875,0.21929931640625,0.192138671875,4,699,646,594,545,0.1809011697769165,0.2733524739742279,0.3580785095691681,0.44422754645347595,0.4232047498226166,0.4146184027194977,0.39648523926734924,0.37862616777420044
49,960,0.2952790856361389,0.00020824636158067733,0.3199462890625,0.267822265625,0.21807861328125,0.19415283203125,4,698,643,593,547,0.18064576387405396,0.27327919006347656,0.3579618036746979,0.4441247582435608,0.42291879653930664,0.41458213329315186,0.3963177800178528,0.37832751870155334
49,980,0.29524868726730347,0.00020824636158067733,0.31939697265625,0.26983642578125,0.2176513671875,0.193115234375,4,698,642,592,546,0.1808030903339386,0.27347391843795776,0.3582492470741272,0.44395285844802856,0.423165887594223,0.4149401783943176,0.39665183424949646,0.3781380355358124
49,1000,0.2950611710548401,0.00020824636158067733,0.32000732421875,0.2686767578125,0.21807861328125,0.1932373046875,4,698,643,594,547,0.18028897047042847,0.2734387218952179,0.3579517900943756,0.44421619176864624,0.42269790172576904,0.4147830605506897,0.3963511288166046,0.37850603461265564
49,1020,0.2949591875076294,0.00020824636158067733,0.319580078125,0.26824951171875,0.21807861328125,0.194091796875,4,698,642,591,546,0.18008491396903992,0.272834837436676,0.3578815460205078,0.4439832866191864,0.42228806018829346,0.4138956069946289,0.39640340209007263,0.3782288432121277
49,1040,0.29491379857063293,0.00020824636158067733,0.3203125,0.2679443359375,0.218994140625,0.1927490234375,4,700,644,591,546,0.18022215366363525,0.2730967402458191,0.3581213355064392,0.444023996591568,0.42259007692337036,0.4142805337905884,0.39661794900894165,0.3783126473426819
49,1060,0.29474133253097534,0.00020824636158067733,0.32135009765625,0.26837158203125,0.21875,0.1915283203125,4,699,642,593,545,0.18046297132968903,0.2731804847717285,0.35795968770980835,0.44448766112327576,0.42286416888237,0.4145492613315582,0.3964788615703583,0.3788969814777374
49,1080,0.2950364053249359,0.00020824636158067733,0.319580078125,0.2681884765625,0.2191162109375,0.193115234375,4,697,644,594,545,0.18039290606975555,0.27269500494003296,0.3581208288669586,0.44420456886291504,0.42269831895828247,0.4138423502445221,0.39666080474853516,0.3785119652748108
49,1100,0.2953341007232666,0.00020824636158067733,0.31854248046875,0.26837158203125,0.218017578125,0.195068359375,4,699,642,594,547,0.18045631051063538,0.2726578116416931,0.35802552103996277,0.4440578818321228,0.4227209687232971,0.4137915372848511,0.3965322971343994,0.37808531522750854
49,1120,0.29456764459609985,0.00020824636158067733,0.31951904296875,0.2689208984375,0.21881103515625,0.1927490234375,4,700,644,593,544,0.17983509600162506,0.27274376153945923,0.3572980761528015,0.44399547576904297,0.4219193756580353,0.41399526596069336,0.39570075273513794,0.37828367948532104
49,1140,0.2946571409702301,0.00020824636158067733,0.32135009765625,0.26788330078125,0.2183837890625,0.1923828125,4,699,644,593,543,0.1802060604095459,0.2728527784347534,0.3582402765750885,0.44401755928993225,0.4227573275566101,0.41384249925613403,0.39680418372154236,0.3784680664539337
49,1160,0.29450783133506775,0.00020824636158067733,0.32080078125,0.269775390625,0.21783447265625,0.19158935546875,4,699,644,591,547,0.18070396780967712,0.2726816236972809,0.3580237925052643,0.4435797929763794,0.4231375455856323,0.41389063000679016,0.39657309651374817,0.3777080774307251
49,1180,0.29492896795272827,0.00020824636158067733,0.31951904296875,0.27032470703125,0.21759033203125,0.19256591796875,4,698,645,594,545,0.18041062355041504,0.2729909121990204,0.3582954406738281,0.4441413879394531,0.4228564202785492,0.41435015201568604,0.3969044089317322,0.37838563323020935
49,1200,0.29443439841270447,0.00020824636158067733,0.32037353515625,0.26983642578125,0.21856689453125,0.19122314453125,4,701,646,593,546,0.1805403232574463,0.2724103033542633,0.35797810554504395,0.4436998963356018,0.42276355624198914,0.4135037064552307,0.3964764475822449,0.37801530957221985
49,1220,0.29449495673179626,0.00020824636158067733,0.3203125,0.2685546875,0.21923828125,0.19189453125,4,697,645,595,545,0.17996978759765625,0.27271854877471924,0.3580417335033417,0.4435356557369232,0.4222638010978699,0.4137692451477051,0.3965787887573242,0.3777431845664978
49,1240,0.2944708466529846,0.00020824636158067733,0.32086181640625,0.2698974609375,0.21649169921875,0.1927490234375,4,698,644,594,545,0.18003693222999573,0.27297452092170715,0.35785847902297974,0.44386938214302063,0.4224688410758972,0.41437968611717224,0.39640316367149353,0.37797829508781433
49,1260,0.29417675733566284,0.00020824636158067733,0.32183837890625,0.26885986328125,0.2171630859375,0.192138671875,4,698,645,596,544,0.18018968403339386,0.27238261699676514,0.3578994870185852,0.4435831904411316,0.42264676094055176,0.41343727707862854,0.39652103185653687,0.3778230547904968
49,1280,0.29483556747436523,0.00020824636158067733,0.31976318359375,0.2677001953125,0.2200927734375,0.19244384765625,4,698,646,596,545,0.1803019791841507,0.272601842880249,0.35807690024375916,0.4437447488307953,0.42254969477653503,0.4135461747646332,0.39661353826522827,0.37804344296455383
49,1300,0.29480212926864624,0.00020824636158067733,0.32025146484375,0.267578125,0.2188720703125,0.19329833984375,4,697,644,594,547,0.18018551170825958,0.2725203037261963,0.35790252685546875,0.4440913200378418,0.42254671454429626,0.4135988652706146,0.39649397134780884,0.3783758282661438
49,1320,0.294772744178772,0.00020824636158067733,0.31964111328125,0.26776123046875,0.22003173828125,0.19256591796875,4,696,643,596,545,0.17983853816986084,0.27257394790649414,0.35846224427223206,0.443646103143692,0.4220946133136749,0.4136843979358673,0.39716315269470215,0.37775006890296936
49,1340,0.29488813877105713,0.00020824636158067733,0.3194580078125,0.2679443359375,0.21875,0.19384765625,4,698,645,594,545,0.17988978326320648,0.2725977301597595,0.3579845428466797,0.44401246309280396,0.42222124338150024,0.41374313831329346,0.3965299725532532,0.37813252210617065
49,1360,0.29496780037879944,0.00020824636158067733,0.3193359375,0.2677001953125,0.2196044921875,0.193359375,4,698,644,595,545,0.18006831407546997,0.27239328622817993,0.3582955002784729,0.4440563917160034,0.42243021726608276,0.41336190700531006,0.39690104126930237,0.37829267978668213
49,1380,0.2951219975948334,0.00020824636158067733,0.31805419921875,0.26959228515625,0.21978759765625,0.19256591796875,4,700,646,596,544,0.17973749339580536,0.272817999124527,0.3590925633907318,0.4439104199409485,0.42208024859428406,0.41417235136032104,0.39781948924064636,0.3780445158481598
49,1400,0.2948629856109619,0.00020824636158067733,0.31884765625,0.26788330078125,0.2197265625,0.19354248046875,4,699,645,595,543,0.17947983741760254,0.27258098125457764,0.35859620571136475,0.44343382120132446,0.42166265845298767,0.41370540857315063,0.3973259925842285,0.37757956981658936
49,1420,0.29458022117614746,0.00020824636158067733,0.32098388671875,0.2684326171875,0.2188720703125,0.19171142578125,4,700,645,593,546,0.1800328642129898,0.27265438437461853,0.3578110635280609,0.4448789060115814,0.422457218170166,0.413923442363739,0.3964124023914337,0.3792102336883545
49,1440,0.2948434352874756,0.00020824636158067733,0.320556640625,0.26727294921875,0.21734619140625,0.19482421875,4,699,645,593,547,0.17970314621925354,0.27227458357810974,0.3581572473049164,0.44461965560913086,0.42209967970848083,0.413361132144928,0.3968563973903656,0.37899646162986755
49,1460,0.29449522495269775,0.00020824636158067733,0.3189697265625,0.270263671875,0.2183837890625,0.1923828125,4,698,645,595,545,0.179495707154274,0.2727624475955963,0.3585154116153717,0.4430217742919922,0.4216824769973755,0.4140934646129608,0.39712750911712646,0.3769599497318268
49,1480,0.29495856165885925,0.00020824636158067733,0.31976318359375,0.2659912109375,0.219482421875,0.19476318359375,4,698,644,595,546,0.1803177148103714,0.271467387676239,0.35831883549690247,0.44385701417922974,0.4227348268032074,0.4122021496295929,0.3968832790851593,0.37818974256515503
49,1500,0.2949027419090271,0.00020824636158067733,0.320068359375,0.26690673828125,0.21893310546875,0.194091796875,4,699,645,593,546,0.18002986907958984,0.2721441984176636,0.3586042821407318,0.44377657771110535,0.4224814772605896,0.413356214761734,0.3972162902355194,0.37793004512786865
49,1520,0.294681191444397,0.00020824636158067733,0.32061767578125,0.267333984375,0.21771240234375,0.1943359375,4,698,643,592,545,0.1802896410226822,0.2719310224056244,0.357693076133728,0.4441100060939789,0.42254960536956787,0.41311341524124146,0.3961195945739746,0.3783751428127289
49,1540,0.2946443259716034,0.00020824636158067733,0.31890869140625,0.267333984375,0.21954345703125,0.1942138671875,4,698,645,593,544,0.17959730327129364,0.2716900408267975,0.35822391510009766,0.4432819187641144,0.4216565191745758,0.4126230478286743,0.3967434763908386,0.3775094151496887
49,1560,0.2945743501186371,0.00020824636158067733,0.31964111328125,0.2677001953125,0.21893310546875,0.1937255859375,4,698,646,595,544,0.17978286743164062,0.27203378081321716,0.35817423462867737,0.44324907660484314,0.42201003432273865,0.4130201041698456,0.3966590166091919,0.3775060176849365
49,1580,0.29432374238967896,0.00020824636158067733,0.3212890625,0.2677001953125,0.21832275390625,0.19268798828125,4,699,645,596,546,0.179871067404747,0.2720717787742615,0.3584476709365845,0.44342246651649475,0.42223531007766724,0.4133602976799011,0.3969830274581909,0.3775549829006195
49,1600,0.29431405663490295,0.00020824636158067733,0.32049560546875,0.26824951171875,0.2178955078125,0.193359375,4,698,643,594,544,0.17958250641822815,0.27183809876441956,0.35815244913101196,0.4437251091003418,0.4218721091747284,0.41293951869010925,0.3967500329017639,0.3780066668987274
49,1620,0.2941215932369232,0.00020824636158067733,0.3203125,0.26806640625,0.2178955078125,0.1937255859375,4,696,645,595,545,0.17970344424247742,0.2714241147041321,0.3575609624385834,0.44335776567459106,0.42187008261680603,0.41243889927864075,0.39597421884536743,0.3776766359806061
49,1640,0.2938331961631775,0.00020824636158067733,0.3199462890625,0.2705078125,0.21710205078125,0.19244384765625,4,699,645,593,547,0.17945490777492523,0.2717137932777405,0.3577103614807129,0.4430224597454071,0.4215470850467682,0.41283631324768066,0.39610370993614197,0.37719255685806274
49,1660,0.2942902445793152,0.00020824636158067733,0.3206787109375,0.26629638671875,0.2200927734375,0.19293212890625,4,699,645,595,546,0.17960864305496216,0.2715252637863159,0.3578983545303345,0.44376489520072937,0.42174431681632996,0.41252416372299194,0.3963834047317505,0.37812182307243347
49,1680,0.294229656457901,0.00020824636158067733,0.3193359375,0.2681884765625,0.21893310546875,0.19354248046875,4,698,645,594,545,0.1794091761112213,0.2714695632457733,0.35811847448349,0.44294601678848267,0.4214073419570923,0.4125623404979706,0.39664286375045776,0.37706702947616577
49,1700,0.294215589761734,0.00020824636158067733,0.3204345703125,0.2684326171875,0.2176513671875,0.1934814453125,4,699,646,595,546,0.17986972630023956,0.27175360918045044,0.35763978958129883,0.4434056878089905,0.4220639765262604,0.4128939211368561,0.3959832191467285,0.37759333848953247
49,1720,0.29405051469802856,0.00020824636158067733,0.322509765625,0.26641845703125,0.21856689453125,0.1925048828125,4,699,646,594,546,0.17999392747879028,0.27180951833724976,0.35801923274993896,0.44328489899635315,0.4224182367324829,0.412696897983551,0.3964557647705078,0.37748801708221436
49,1740,0.2939295470714569,0.00020824636158067733,0.321533203125,0.26849365234375,0.21710205078125,0.19287109375,4,698,645,593,547,0.1797495037317276,0.2718411087989807,0.3575119376182556,0.4434563219547272,0.42213737964630127,0.41293829679489136,0.395913690328598,0.37758535146713257
49,1760,0.29397374391555786,0.00020824636158067733,0.3218994140625,0.26727294921875,0.21649169921875,0.1943359375,4,698,643,592,546,0.18025566637516022,0.27132686972618103,0.35695406794548035,0.4433230757713318,0.4225247800350189,0.41229256987571716,0.395161896944046,0.3774219751358032
49,1780,0.2937910556793213,0.00020824636158067733,0.321044921875,0.26983642578125,0.2171630859375,0.19195556640625,4,699,644,594,546,0.18040770292282104,0.27133825421333313,0.3572195768356323,0.44322866201400757,0.4227449893951416,0.41225630044937134,0.3953983187675476,0.3773740828037262
49,1800,0.29349416494369507,0.00020824636158067733,0.322265625,0.26849365234375,0.2161865234375,0.19305419921875,4,699,646,596,546,0.18024307489395142,0.27104654908180237,0.3563917875289917,0.44332966208457947,0.42254894971847534,0.41184550523757935,0.3943248689174652,0.37769973278045654
49,1820,0.2937890589237213,0.00020824636158067733,0.32171630859375,0.26849365234375,0.21527099609375,0.19451904296875,4,699,645,594,547,0.1806659996509552,0.27108630537986755,0.35619133710861206,0.44316092133522034,0.4230819046497345,0.4120464324951172,0.39403024315834045,0.37727636098861694
49,1840,0.29433947801589966,0.00020824636158067733,0.32012939453125,0.2685546875,0.21954345703125,0.1917724609375,4,697,646,592,546,0.18040643632411957,0.27102893590927124,0.35836586356163025,0.44387558102607727,0.42263367772102356,0.41198158264160156,0.3967425525188446,0.37826600670814514
49,1860,0.29408398270606995,0.00020824636158067733,0.321044921875,0.26922607421875,0.2161865234375,0.19354248046875,4,695,645,593,546,0.18115375936031342,0.2711836099624634,0.3565037250518799,0.4435436427593231,0.4236091375350952,0.41211363673210144,0.39432138204574585,0.37773317098617554
49,1880,0.2938438355922699,0.00020824636158067733,0.3218994140625,0.26971435546875,0.21649169921875,0.19189453125,4,699,645,593,547,0.1810668557882309,0.2715381979942322,0.35674789547920227,0.443409264087677,0.42357805371284485,0.41260066628456116,0.3946250081062317,0.3776327967643738
49,1900,0.2940917909145355,0.00020824636158067733,0.32086181640625,0.26800537109375,0.216552734375,0.194580078125,4,697,645,596,545,0.18025939166545868,0.27135854959487915,0.3567105829715729,0.4434228539466858,0.4223891794681549,0.412306547164917,0.39473259449005127,0.3774998188018799
49,1920,0.2936372458934784,0.00020824636158067733,0.3209228515625,0.26953125,0.216552734375,0.1929931640625,4,697,645,592,544,0.18054722249507904,0.27121245861053467,0.3559933602809906,0.4430414140224457,0.42259910702705383,0.4120822548866272,0.3937591016292572,0.37712493538856506
49,1940,0.29438015818595886,0.00020824636158067733,0.3199462890625,0.26800537109375,0.21636962890625,0.1956787109375,4,698,644,595,547,0.180911585688591,0.2709670066833496,0.3562868535518646,0.4435224235057831,0.4232090711593628,0.41181474924087524,0.3940330743789673,0.3776518404483795
49,1960,0.29393184185028076,0.00020824636158067733,0.3216552734375,0.26678466796875,0.219482421875,0.19207763671875,4,699,645,593,546,0.1801985502243042,0.27113813161849976,0.3572882413864136,0.4436541795730591,0.4224364459514618,0.41208595037460327,0.3953813910484314,0.37792161107063293
49,1980,0.29323405027389526,0.00020824636158067733,0.32305908203125,0.26776123046875,0.21612548828125,0.19305419921875,4,698,644,592,546,0.18031834065914154,0.2714065611362457,0.35519567131996155,0.4430960416793823,0.42234981060028076,0.4123730957508087,0.3929263651371002,0.3771759569644928
49,2000,0.2933223843574524,0.00020824636158067733,0.32257080078125,0.2685546875,0.2181396484375,0.19073486328125,4,698,643,592,547,0.18030287325382233,0.2710449993610382,0.35668474435806274,0.44336116313934326,0.4223848581314087,0.4119085967540741,0.39470139145851135,0.37761133909225464
50,0,0.3135272264480591,0.00020824636158067733,0.35595703125,0.1644287109375,0.40765380859375,0.07196044921875,4,693,580,594,427,0.1979534775018692,0.2814353406429291,0.4034694731235504,0.44902947545051575,0.4423416256904602,0.400543212890625,0.39433804154396057,0.3626345098018646
50,20,0.29414620995521545,0.00020824636158067733,0.3485107421875,0.22039794921875,0.31842041015625,0.1126708984375,4,694,624,594,487,0.19006024301052094,0.271251380443573,0.371441125869751,0.4424431622028351,0.43566784262657166,0.40835312008857727,0.3999984562397003,0.3661479949951172
50,40,0.2897273302078247,0.00020824636158067733,0.339111328125,0.24810791015625,0.25067138671875,0.162109375,4,695,632,584,524,0.1860530823469162,0.2665647268295288,0.3557621240615845,0.43994012475013733,0.43040549755096436,0.40811362862586975,0.39322933554649353,0.3705170452594757
50,60,0.29385510087013245,0.00020824636158067733,0.31610107421875,0.26837158203125,0.222412109375,0.193115234375,4,692,631,578,534,0.18458192050457,0.26769110560417175,0.35359248518943787,0.44027918577194214,0.4286738336086273,0.4089846909046173,0.3917485773563385,0.37257248163223267
50,80,0.29651498794555664,0.00020824636158067733,0.3060302734375,0.2734375,0.2186279296875,0.201904296875,4,695,633,578,535,0.18557493388652802,0.26911017298698425,0.3526998460292816,0.440944641828537,0.4298989176750183,0.4100399315357208,0.39036694169044495,0.37361302971839905
50,100,0.2966983914375305,0.00020824636158067733,0.3052978515625,0.2701416015625,0.2222900390625,0.2022705078125,4,693,638,577,536,0.18525075912475586,0.26907652616500854,0.3531810939311981,0.4397294521331787,0.42930155992507935,0.4100392162799835,0.39077165722846985,0.3719377815723419
50,120,0.29580244421958923,0.00020824636158067733,0.307861328125,0.270751953125,0.221435546875,0.199951171875,4,693,637,577,536,0.1844053864479065,0.26901376247406006,0.3532008230686188,0.4400271475315094,0.42848995327949524,0.41012105345726013,0.3908369243144989,0.37250643968582153
50,140,0.2964124083518982,0.00020824636158067733,0.3099365234375,0.26666259765625,0.2235107421875,0.19989013671875,4,693,636,577,536,0.18491138517856598,0.270298570394516,0.35379117727279663,0.4399767518043518,0.4293215572834015,0.4112563729286194,0.3913287818431854,0.37240105867385864
50,160,0.29533815383911133,0.00020824636158067733,0.3084716796875,0.271240234375,0.22088623046875,0.19940185546875,4,693,642,578,538,0.18340276181697845,0.26917117834091187,0.3531757593154907,0.4400252103805542,0.42725443840026855,0.4103028476238251,0.3907231390476227,0.37250176072120667
50,180,0.29531657695770264,0.00020824636158067733,0.31011962890625,0.26873779296875,0.2218017578125,0.1993408203125,4,690,636,580,535,0.1825927197933197,0.2700464427471161,0.3533869683742523,0.44013795256614685,0.4264180064201355,0.4113791584968567,0.39081546664237976,0.3722616136074066
50,200,0.2951545715332031,0.00020824636158067733,0.30987548828125,0.2701416015625,0.22174072265625,0.1982421875,4,693,639,580,535,0.18247832357883453,0.2700057029724121,0.3533254861831665,0.44048434495925903,0.42632418870925903,0.4112640619277954,0.39055827260017395,0.3727785348892212
50,220,0.2955455780029297,0.00020824636158067733,0.30914306640625,0.2685546875,0.2222900390625,0.20001220703125,4,689,644,581,534,0.1824723780155182,0.27043935656547546,0.35351958870887756,0.43959251046180725,0.4261271059513092,0.4115578532218933,0.3907291293144226,0.37161123752593994
50,240,0.29422032833099365,0.00020824636158067733,0.31146240234375,0.27099609375,0.22039794921875,0.1971435546875,4,692,642,580,535,0.18169036507606506,0.2698417603969574,0.3528357148170471,0.43998539447784424,0.4253712594509125,0.41102445125579834,0.38986995816230774,0.3723811209201813
50,260,0.2944025993347168,0.00020824636158067733,0.31134033203125,0.2684326171875,0.22216796875,0.19805908203125,4,691,644,579,534,0.1811290830373764,0.27032986283302307,0.3530152440071106,0.4393426477909088,0.42451953887939453,0.4112764894962311,0.39018523693084717,0.37141188979148865
50,280,0.2948932647705078,0.00020824636158067733,0.3138427734375,0.266357421875,0.2203369140625,0.199462890625,4,691,643,580,539,0.18163950741291046,0.27058273553848267,0.3537974953651428,0.4404861629009247,0.4254327416419983,0.41176334023475647,0.39105406403541565,0.37253326177597046
50,300,0.2942867875099182,0.00020824636158067733,0.31048583984375,0.271484375,0.22021484375,0.19781494140625,4,691,642,580,535,0.18046748638153076,0.27048763632774353,0.3528594374656677,0.44039201736450195,0.4236343502998352,0.41176730394363403,0.38981541991233826,0.3727542757987976
50,320,0.2945682108402252,0.00020824636158067733,0.3111572265625,0.26983642578125,0.22039794921875,0.1986083984375,4,692,641,581,539,0.18016202747821808,0.27041327953338623,0.35325369238853455,0.44150078296661377,0.4234607219696045,0.4116465747356415,0.39041340351104736,0.374118834733963
50,340,0.2941579818725586,0.00020824636158067733,0.31219482421875,0.2698974609375,0.2213134765625,0.19659423828125,4,693,640,584,540,0.1797443926334381,0.27162688970565796,0.3523702025413513,0.4412490129470825,0.42292580008506775,0.41314178705215454,0.38904041051864624,0.37349173426628113
50,360,0.2936151325702667,0.00020824636158067733,0.31304931640625,0.27044677734375,0.2196044921875,0.1968994140625,4,693,642,583,539,0.17890271544456482,0.27092719078063965,0.35255905985832214,0.44141748547554016,0.4217921197414398,0.41228213906288147,0.38937604427337646,0.37378719449043274
50,380,0.29383108019828796,0.00020824636158067733,0.31365966796875,0.26953125,0.21844482421875,0.1983642578125,4,693,642,581,540,0.17942574620246887,0.27022024989128113,0.3520684540271759,0.4426811933517456,0.4225110113620758,0.41133081912994385,0.3888654410839081,0.37565580010414124
50,400,0.29362359642982483,0.00020824636158067733,0.31378173828125,0.27081298828125,0.2186279296875,0.19677734375,4,692,645,583,541,0.1800772249698639,0.2698659598827362,0.3520440459251404,0.44247370958328247,0.4232478141784668,0.410805881023407,0.3885892331600189,0.3755638003349304
50,420,0.2934935688972473,0.00020824636158067733,0.316162109375,0.26971435546875,0.2174072265625,0.19671630859375,4,694,645,585,543,0.18067698180675507,0.27006015181541443,0.3514263331890106,0.44291505217552185,0.4240087568759918,0.41079026460647583,0.3878086805343628,0.37584760785102844
50,440,0.2934871315956116,0.00020824636158067733,0.31573486328125,0.2701416015625,0.21661376953125,0.197509765625,4,694,643,585,546,0.18029172718524933,0.2699981927871704,0.3515789210796356,0.4428550899028778,0.4234897196292877,0.4108019769191742,0.3877915143966675,0.3759540915489197
50,460,0.293338805437088,0.00020824636158067733,0.313720703125,0.27252197265625,0.21783447265625,0.1959228515625,4,692,644,587,542,0.17973153293132782,0.270304799079895,0.3517928421497345,0.44230011105537415,0.4223374128341675,0.4114670753479004,0.38784313201904297,0.3754858374595642
50,480,0.29446038603782654,0.00020824636158067733,0.31396484375,0.2681884765625,0.21917724609375,0.19866943359375,4,695,641,585,544,0.1799013912677765,0.27038711309432983,0.3528226315975189,0.44361263513565063,0.42266833782196045,0.4113476574420929,0.38929006457328796,0.37676551938056946
50,500,0.2937844395637512,0.00020824636158067733,0.3172607421875,0.2696533203125,0.21746826171875,0.19561767578125,4,700,644,583,547,0.18026356399059296,0.27051979303359985,0.3526260256767273,0.4445526599884033,0.42337915301322937,0.41160351037979126,0.3889215588569641,0.37804335355758667
50,520,0.293148398399353,0.00020824636158067733,0.314208984375,0.27471923828125,0.2169189453125,0.19415283203125,4,697,644,584,546,0.17820678651332855,0.2712080478668213,0.3522408902645111,0.4441884160041809,0.42069312930107117,0.41271042823791504,0.3885771632194519,0.3778141140937805
50,540,0.29388946294784546,0.00020824636158067733,0.31231689453125,0.27508544921875,0.21685791015625,0.19573974609375,4,698,646,583,549,0.1780865341424942,0.27141767740249634,0.35362541675567627,0.44406163692474365,0.4205830693244934,0.41273874044418335,0.3906813859939575,0.3777676224708557
50,560,0.2932785153388977,0.00020824636158067733,0.3177490234375,0.271240234375,0.21661376953125,0.19439697265625,4,699,647,586,543,0.17866875231266022,0.2712828814983368,0.353702574968338,0.44397303462028503,0.4215690493583679,0.41249537467956543,0.3906729519367218,0.37784016132354736
50,580,0.29389098286628723,0.00020824636158067733,0.31414794921875,0.2725830078125,0.2183837890625,0.19488525390625,4,698,646,585,545,0.17833685874938965,0.2715659737586975,0.3540997803211212,0.44391700625419617,0.420900821685791,0.41292503476142883,0.39104294776916504,0.3778834044933319
50,600,0.2933041751384735,0.00020824636158067733,0.31536865234375,0.27215576171875,0.21868896484375,0.19378662109375,4,701,647,586,547,0.1776139885187149,0.2710798978805542,0.35429930686950684,0.44395726919174194,0.4201195538043976,0.4124354422092438,0.3913034200668335,0.3779672682285309
50,620,0.2944827675819397,0.00020824636158067733,0.31292724609375,0.27056884765625,0.22198486328125,0.19451904296875,4,698,644,588,544,0.1780785173177719,0.2713281810283661,0.3552682399749756,0.44458383321762085,0.42039135098457336,0.41266369819641113,0.3922848403453827,0.3785771131515503
50,640,0.293893426656723,0.00020824636158067733,0.3157958984375,0.2698974609375,0.21942138671875,0.19488525390625,4,697,646,590,545,0.17743483185768127,0.2706961929798126,0.355314701795578,0.44557705521583557,0.41980382800102234,0.41189295053482056,0.3925434350967407,0.37986093759536743
50,660,0.2927560806274414,0.00020824636158067733,0.31781005859375,0.272705078125,0.2171630859375,0.19232177734375,4,698,645,588,544,0.17723789811134338,0.27092793583869934,0.35494139790534973,0.44438278675079346,0.4195791184902191,0.41221120953559875,0.39195266366004944,0.37862783670425415
50,680,0.29404765367507935,0.00020824636158067733,0.31561279296875,0.2705078125,0.2196044921875,0.19427490234375,4,697,645,593,545,0.1776770055294037,0.27092432975769043,0.3562861979007721,0.44494321942329407,0.4200727641582489,0.412306010723114,0.3934919834136963,0.37911853194236755
50,700,0.2929918169975281,0.00020824636158067733,0.31683349609375,0.27203369140625,0.21893310546875,0.19219970703125,4,697,645,588,545,0.17745265364646912,0.270866721868515,0.35496950149536133,0.44417041540145874,0.4197443425655365,0.4119507372379303,0.3920787274837494,0.37833312153816223
50,720,0.2932530641555786,0.00020824636158067733,0.318115234375,0.27001953125,0.217529296875,0.1943359375,4,698,646,588,544,0.17798495292663574,0.2707115113735199,0.354642391204834,0.4445437788963318,0.4204499125480652,0.4117746949195862,0.39156511425971985,0.37854841351509094
50,740,0.2933262586593628,0.00020824636158067733,0.318359375,0.26837158203125,0.21942138671875,0.19384765625,4,699,645,589,543,0.17768415808677673,0.27049893140792847,0.3555929660797119,0.4443691372871399,0.42008158564567566,0.41148847341537476,0.39262330532073975,0.37839338183403015
50,760,0.2934704124927521,0.00020824636158067733,0.31597900390625,0.27081298828125,0.219970703125,0.1932373046875,4,700,647,590,546,0.177455872297287,0.27045735716819763,0.3560141324996948,0.44423118233680725,0.4196453094482422,0.41142913699150085,0.3931877613067627,0.37830662727355957
50,780,0.2933703362941742,0.00020824636158067733,0.31658935546875,0.27069091796875,0.218505859375,0.1942138671875,4,699,646,589,545,0.17717278003692627,0.2705322504043579,0.35578423738479614,0.444395512342453,0.4194067418575287,0.4113967716693878,0.39292821288108826,0.37840190529823303
50,800,0.2933107316493988,0.00020824636158067733,0.3172607421875,0.26971435546875,0.22003173828125,0.1929931640625,4,699,645,595,544,0.1774144470691681,0.2703368663787842,0.35575300455093384,0.4447484314441681,0.4196417033672333,0.4113481938838959,0.392978310585022,0.37881046533584595
50,820,0.29384443163871765,0.00020824636158067733,0.31622314453125,0.2689208984375,0.22332763671875,0.1915283203125,4,700,646,593,543,0.17761309444904327,0.27112847566604614,0.35687634348869324,0.4441463053226471,0.41999414563179016,0.4121335744857788,0.39399129152297974,0.37821710109710693
50,840,0.29346179962158203,0.00020824636158067733,0.31732177734375,0.270263671875,0.21832275390625,0.194091796875,4,700,644,591,543,0.1774563044309616,0.2702299952507019,0.3566063642501831,0.44444143772125244,0.4197982847690582,0.4110167920589447,0.393942266702652,0.3783341348171234
50,860,0.29339832067489624,0.00020824636158067733,0.317626953125,0.26904296875,0.22021484375,0.193115234375,4,700,646,591,544,0.17706462740898132,0.270302414894104,0.3568613529205322,0.44454628229141235,0.41932615637779236,0.4112756550312042,0.39407697319984436,0.37859830260276794
50,880,0.2933349907398224,0.00020824636158067733,0.3192138671875,0.26910400390625,0.21923828125,0.19244384765625,4,701,645,589,544,0.17764133214950562,0.27113857865333557,0.3565260171890259,0.4442894756793976,0.42035728693008423,0.4120652973651886,0.3938930630683899,0.37819841504096985
50,900,0.2935282289981842,0.00020824636158067733,0.3175048828125,0.2685546875,0.21923828125,0.1947021484375,4,702,647,592,545,0.17748379707336426,0.2697591781616211,0.3566160202026367,0.44451120495796204,0.41989263892173767,0.4104727804660797,0.39387810230255127,0.3785251975059509
50,920,0.2926391363143921,0.00020824636158067733,0.31829833984375,0.27020263671875,0.220458984375,0.1910400390625,4,700,643,589,543,0.1764962524175644,0.2703969180583954,0.35693737864494324,0.44340789318084717,0.41861459612846375,0.4114808440208435,0.39403074979782104,0.3773081302642822
50,940,0.29297566413879395,0.00020824636158067733,0.3167724609375,0.27105712890625,0.2208251953125,0.19134521484375,4,699,645,589,542,0.17687629163265228,0.2701355516910553,0.3571000099182129,0.44352975487709045,0.4190478026866913,0.4111344814300537,0.39438754320144653,0.3773953318595886
50,960,0.2932136058807373,0.00020824636158067733,0.31671142578125,0.27020263671875,0.22003173828125,0.19305419921875,4,700,646,591,545,0.17687435448169708,0.26979514956474304,0.3568251132965088,0.4443480968475342,0.418986439704895,0.41068214178085327,0.39413130283355713,0.3783653676509857
50,980,0.2932112216949463,0.00020824636158067733,0.31640625,0.269775390625,0.221435546875,0.1923828125,4,699,646,589,547,0.17684872448444366,0.26993614435195923,0.3570486605167389,0.4437495470046997,0.4188755452632904,0.41089174151420593,0.3942200839519501,0.3777502775192261
50,1000,0.2934940457344055,0.00020824636158067733,0.3157958984375,0.2708740234375,0.22052001953125,0.19281005859375,4,701,646,590,544,0.17714828252792358,0.26985272765159607,0.3573427200317383,0.4442404806613922,0.41927048563957214,0.41072210669517517,0.39485856890678406,0.37808722257614136
50,1020,0.2921871840953827,0.00020824636158067733,0.31866455078125,0.27117919921875,0.21990966796875,0.19024658203125,4,700,645,590,544,0.1764688342809677,0.27022257447242737,0.3567562401294708,0.44268813729286194,0.41859862208366394,0.411039263010025,0.39393630623817444,0.3762965500354767
50,1040,0.2931060194969177,0.00020824636158067733,0.31646728515625,0.27069091796875,0.22052001953125,0.19232177734375,4,700,644,590,546,0.17678238451480865,0.26979899406433105,0.35723939538002014,0.4437853693962097,0.418867290019989,0.41065549850463867,0.3945099711418152,0.3776543140411377
50,1060,0.29269081354141235,0.00020824636158067733,0.3177490234375,0.27056884765625,0.220947265625,0.19073486328125,4,700,645,591,548,0.1767398864030838,0.269915908575058,0.3570282757282257,0.44363492727279663,0.4189886450767517,0.4107837975025177,0.39430028200149536,0.3773500919342041
50,1080,0.29268282651901245,0.00020824636158067733,0.317626953125,0.2706298828125,0.219970703125,0.1917724609375,4,699,646,591,545,0.17702174186706543,0.269485741853714,0.356751412153244,0.44349539279937744,0.4191995859146118,0.4101794362068176,0.3939901888370514,0.37742042541503906
50,1100,0.29309654235839844,0.00020824636158067733,0.31768798828125,0.27105712890625,0.21856689453125,0.19268798828125,4,699,646,592,543,0.1775362193584442,0.27000725269317627,0.3567056655883789,0.44395074248313904,0.41994509100914,0.41087448596954346,0.3938599228858948,0.37765583395957947
50,1120,0.2928655743598938,0.00020824636158067733,0.31781005859375,0.2701416015625,0.220458984375,0.19158935546875,4,699,646,590,544,0.1772874891757965,0.26992401480674744,0.35670197010040283,0.4434795081615448,0.4194992184638977,0.41056740283966064,0.3939727246761322,0.37715065479278564
50,1140,0.2928776741027832,0.00020824636158067733,0.31939697265625,0.26983642578125,0.2186279296875,0.192138671875,4,700,646,591,545,0.17769145965576172,0.2700541615486145,0.35637176036834717,0.44415977597236633,0.4199834167957306,0.41077959537506104,0.39340686798095703,0.37803414463996887
50,1160,0.2927648723125458,0.00020824636158067733,0.3204345703125,0.26910400390625,0.2183837890625,0.19207763671875,4,701,646,590,549,0.1781066656112671,0.26980170607566833,0.3562185764312744,0.44407185912132263,0.42087456583976746,0.4106001555919647,0.3928458094596863,0.37801119685173035
50,1180,0.2922567129135132,0.00020824636158067733,0.31988525390625,0.26995849609375,0.21942138671875,0.19073486328125,4,699,644,593,546,0.1777101308107376,0.26909953355789185,0.35604822635650635,0.4437548518180847,0.4200552999973297,0.40977251529693604,0.39316871762275696,0.37758681178092957
50,1200,0.2922649383544922,0.00020824636158067733,0.31781005859375,0.27069091796875,0.21893310546875,0.19256591796875,4,698,644,591,546,0.17733034491539001,0.2681076228618622,0.35546138882637024,0.44406089186668396,0.41944319009780884,0.4084629416465759,0.39249715209007263,0.3781740069389343
50,1220,0.29268914461135864,0.00020824636158067733,0.31683349609375,0.2724609375,0.218505859375,0.19219970703125,4,700,644,592,549,0.17753979563713074,0.26920947432518005,0.35624822974205017,0.4435345232486725,0.4196730852127075,0.40991345047950745,0.393130362033844,0.37743425369262695
50,1240,0.2926229238510132,0.00020824636158067733,0.31805419921875,0.27105712890625,0.218505859375,0.1923828125,4,701,642,591,545,0.17735761404037476,0.26880231499671936,0.3563636243343353,0.4443497657775879,0.4196513295173645,0.40935108065605164,0.3936600685119629,0.3782324194908142
50,1260,0.29251742362976074,0.00020824636158067733,0.31854248046875,0.2698974609375,0.21881103515625,0.1927490234375,4,696,644,588,546,0.17744725942611694,0.2690665125846863,0.3550735414028168,0.4445081949234009,0.41963616013526917,0.4094943404197693,0.39187970757484436,0.3785800337791443
50,1280,0.29291173815727234,0.00020824636158067733,0.316650390625,0.26995849609375,0.22015380859375,0.1932373046875,4,700,643,590,544,0.17721764743328094,0.2689402401447296,0.356126070022583,0.4439643919467926,0.4193395674228668,0.40949001908302307,0.39326012134552,0.3778710663318634
50,1300,0.29264914989471436,0.00020824636158067733,0.3177490234375,0.27032470703125,0.218017578125,0.19390869140625,4,699,644,590,547,0.1772923767566681,0.2687191665172577,0.3553750216960907,0.4445146918296814,0.41940367221832275,0.40921342372894287,0.3923322260379791,0.37841781973838806
50,1320,0.2924017012119293,0.00020824636158067733,0.31793212890625,0.271240234375,0.21875,0.19207763671875,4,699,646,585,548,0.17705479264259338,0.269392728805542,0.355101615190506,0.4444122612476349,0.4192516505718231,0.41004127264022827,0.3918457329273224,0.37847697734832764
50,1340,0.2921428680419922,0.00020824636158067733,0.31951904296875,0.27044677734375,0.21820068359375,0.19183349609375,4,701,647,590,549,0.17736604809761047,0.26885759830474854,0.35522642731666565,0.44438910484313965,0.41973644495010376,0.40939876437187195,0.3922024071216583,0.3785327672958374
50,1360,0.29229146242141724,0.00020824636158067733,0.318603515625,0.27032470703125,0.21826171875,0.19281005859375,4,699,647,587,547,0.17710228264331818,0.26884350180625916,0.355163037776947,0.4443362355232239,0.4192773997783661,0.40940016508102417,0.3921085000038147,0.37845733761787415
50,1380,0.2926800549030304,0.00020824636158067733,0.3179931640625,0.26995849609375,0.21875,0.19329833984375,4,701,645,588,546,0.1769668012857437,0.2689918279647827,0.35582235455513,0.44466519355773926,0.4192262291908264,0.40965643525123596,0.39279112219810486,0.3787635862827301
50,1400,0.29268768429756165,0.00020824636158067733,0.31707763671875,0.27020263671875,0.2183837890625,0.1943359375,4,700,646,588,550,0.17691533267498016,0.26873451471328735,0.35528871417045593,0.44453802704811096,0.4190366864204407,0.4091264307498932,0.3921276330947876,0.3787296414375305
50,1420,0.29299575090408325,0.00020824636158067733,0.31719970703125,0.270263671875,0.21844482421875,0.194091796875,4,701,646,592,550,0.17710186541080475,0.2690858542919159,0.3559296429157257,0.4448615610599518,0.41944366693496704,0.4096285104751587,0.39307114481925964,0.3789098560810089
50,1440,0.29187604784965515,0.00020824636158067733,0.3179931640625,0.27294921875,0.21710205078125,0.19195556640625,4,699,646,590,546,0.17680467665195465,0.2685782015323639,0.3550230860710144,0.44421181082725525,0.4188358783721924,0.4090876579284668,0.39190539717674255,0.37825167179107666
50,1460,0.2924034297466278,0.00020824636158067733,0.31829833984375,0.2708740234375,0.21795654296875,0.19287109375,4,700,645,590,547,0.17704586684703827,0.26899999380111694,0.3555539846420288,0.4442842900753021,0.41943055391311646,0.40961307287216187,0.3923681378364563,0.37847670912742615
50,1480,0.2921956181526184,0.00020824636158067733,0.3182373046875,0.2716064453125,0.2177734375,0.1923828125,4,701,645,590,550,0.1769968718290329,0.2689536511898041,0.35519808530807495,0.4442514479160309,0.41920849680900574,0.40954238176345825,0.39215368032455444,0.37826037406921387
50,1500,0.29225191473960876,0.00020824636158067733,0.31781005859375,0.2708740234375,0.2186279296875,0.19268798828125,4,700,643,593,549,0.17680388689041138,0.26880648732185364,0.3552773892879486,0.44411492347717285,0.41894063353538513,0.40939822793006897,0.3920176029205322,0.37819525599479675
50,1520,0.29222097992897034,0.00020824636158067733,0.31756591796875,0.27056884765625,0.21929931640625,0.19256591796875,4,699,644,591,549,0.17685158550739288,0.26864320039749146,0.35536226630210876,0.4437013268470764,0.4189877510070801,0.40909501910209656,0.39222127199172974,0.3777557611465454
50,1540,0.2923946976661682,0.00020824636158067733,0.31829833984375,0.27020263671875,0.21826171875,0.1932373046875,4,702,645,590,551,0.1769043505191803,0.2688581049442291,0.35533633828163147,0.44444772601127625,0.41921278834342957,0.4093777537345886,0.3922007083892822,0.3784217834472656
50,1560,0.29223760962486267,0.00020824636158067733,0.31805419921875,0.2701416015625,0.2188720703125,0.19293212890625,4,699,645,592,549,0.17681314051151276,0.26815831661224365,0.35553693771362305,0.44442370533943176,0.4191185235977173,0.40850111842155457,0.3926449120044708,0.3785606324672699
50,1580,0.29225143790245056,0.00020824636158067733,0.3175048828125,0.270751953125,0.2188720703125,0.19287109375,4,697,643,590,550,0.1767275035381317,0.26828649640083313,0.3553979992866516,0.4444097578525543,0.41894298791885376,0.4086928069591522,0.3924023509025574,0.3784720003604889
50,1600,0.2920399606227875,0.00020824636158067733,0.3177490234375,0.27130126953125,0.219482421875,0.19146728515625,4,698,646,588,549,0.17653124034404755,0.2688818871974945,0.35520341992378235,0.44414064288139343,0.4186874032020569,0.40942075848579407,0.39214828610420227,0.37825366854667664
50,1620,0.29244187474250793,0.00020824636158067733,0.31610107421875,0.2703857421875,0.220947265625,0.19256591796875,4,700,644,591,550,0.17628614604473114,0.2681237757205963,0.35599738359451294,0.4443370997905731,0.4183328449726105,0.4085595905780792,0.3932095170021057,0.3785243630409241
50,1640,0.29217177629470825,0.00020824636158067733,0.31610107421875,0.27081298828125,0.22021484375,0.19287109375,4,700,643,594,551,0.17578113079071045,0.2680436074733734,0.35591921210289,0.44402095675468445,0.4178231656551361,0.4084187150001526,0.39309975504875183,0.37814614176750183
50,1660,0.2919735610485077,0.00020824636158067733,0.3175048828125,0.270263671875,0.2203369140625,0.19189453125,4,700,645,590,550,0.17620211839675903,0.26818665862083435,0.3553202152252197,0.4442923367023468,0.4182737171649933,0.4086452126502991,0.39228877425193787,0.3784728944301605
50,1680,0.29206418991088867,0.00020824636158067733,0.31781005859375,0.269775390625,0.22015380859375,0.1922607421875,4,699,643,590,550,0.1763337105512619,0.2682945430278778,0.3552566170692444,0.4443611800670624,0.4185137450695038,0.40874961018562317,0.3923158049583435,0.3784938454627991
50,1700,0.2927086651325226,0.00020824636158067733,0.31475830078125,0.2718505859375,0.22015380859375,0.1932373046875,4,701,644,591,550,0.1759413778781891,0.2686852216720581,0.35599952936172485,0.44459715485572815,0.4180016815662384,0.4093101918697357,0.3932427763938904,0.3786294460296631
50,1720,0.2924957871437073,0.00020824636158067733,0.3153076171875,0.27081298828125,0.2200927734375,0.19378662109375,4,700,643,592,551,0.17603041231632233,0.26839110255241394,0.3555329144001007,0.44408661127090454,0.41807568073272705,0.4088025689125061,0.39269253611564636,0.378218412399292
50,1740,0.29160481691360474,0.00020824636158067733,0.31689453125,0.2733154296875,0.218017578125,0.1917724609375,4,702,647,591,549,0.17573988437652588,0.26837363839149475,0.3552113175392151,0.4438636898994446,0.4178301990032196,0.40883669257164,0.3923574984073639,0.37792688608169556
50,1760,0.29229211807250977,0.00020824636158067733,0.31646728515625,0.2706298828125,0.22003173828125,0.19287109375,4,701,643,592,551,0.1761346161365509,0.26826050877571106,0.35570472478866577,0.4442637264728546,0.4183815121650696,0.4086901545524597,0.3928857147693634,0.378380686044693
50,1780,0.29238852858543396,0.00020824636158067733,0.3165283203125,0.2705078125,0.2191162109375,0.19384765625,4,700,645,591,548,0.17614389955997467,0.2680690586566925,0.35575830936431885,0.4445079267024994,0.41838666796684265,0.40849408507347107,0.3930097818374634,0.37859052419662476
50,1800,0.2916271984577179,0.00020824636158067733,0.31658935546875,0.2723388671875,0.21917724609375,0.19189453125,4,699,643,591,550,0.17545942962169647,0.26859188079833984,0.3552640676498413,0.44328927993774414,0.417349636554718,0.40908756852149963,0.39229872822761536,0.37722110748291016
50,1820,0.29201024770736694,0.00020824636158067733,0.3172607421875,0.26953125,0.21954345703125,0.19366455078125,4,700,643,591,550,0.17576803267002106,0.26770564913749695,0.3552173376083374,0.44461047649383545,0.4178226590156555,0.4082116186618805,0.3922339379787445,0.3787149488925934
50,1840,0.29199129343032837,0.00020824636158067733,0.31622314453125,0.2730712890625,0.2186279296875,0.19207763671875,4,700,647,593,550,0.1758762001991272,0.2689670920372009,0.3552950918674469,0.4438336491584778,0.4180923104286194,0.40960824489593506,0.39231446385383606,0.37789902091026306
50,1860,0.2918630838394165,0.00020824636158067733,0.31689453125,0.27081298828125,0.22039794921875,0.19189453125,4,700,645,589,549,0.17573344707489014,0.2681994140148163,0.3552596867084503,0.4442216455936432,0.417693167924881,0.4086028039455414,0.3923426568508148,0.37818822264671326
50,1880,0.29250389337539673,0.00020824636158067733,0.31524658203125,0.27044677734375,0.22064208984375,0.19366455078125,4,701,644,589,546,0.17625637352466583,0.2678266763687134,0.3554506301879883,0.4444771409034729,0.41831907629966736,0.4081406891345978,0.39256006479263306,0.3787151277065277
50,1900,0.29195743799209595,0.00020824636158067733,0.31549072265625,0.27447509765625,0.21844482421875,0.19158935546875,4,700,644,594,549,0.1758727878332138,0.2688821256160736,0.3555474579334259,0.443668931722641,0.41802531480789185,0.4094829261302948,0.39277610182762146,0.37769219279289246
50,1920,0.2920588552951813,0.00020824636158067733,0.3160400390625,0.27081298828125,0.22064208984375,0.1925048828125,4,699,645,591,548,0.17631052434444427,0.26796722412109375,0.35489919781684875,0.4439522325992584,0.4183971583843231,0.40842631459236145,0.39186006784439087,0.3780701458454132
50,1940,0.29192936420440674,0.00020824636158067733,0.31707763671875,0.2701416015625,0.21929931640625,0.1934814453125,4,701,644,590,549,0.17568068206310272,0.26760271191596985,0.35535740852355957,0.44451114535331726,0.41783908009529114,0.4080236256122589,0.39247626066207886,0.37867850065231323
50,1960,0.2922348976135254,0.00020824636158067733,0.3179931640625,0.26953125,0.2191162109375,0.193359375,4,701,645,592,549,0.17648956179618835,0.2680429220199585,0.35538265109062195,0.44474899768829346,0.4191014766693115,0.4084165692329407,0.3924753665924072,0.37891459465026855
50,1980,0.29254698753356934,0.00020824636158067733,0.31524658203125,0.27117919921875,0.22015380859375,0.19342041015625,4,701,645,594,549,0.1761317253112793,0.26836928725242615,0.3554868698120117,0.4445451498031616,0.41824913024902344,0.408902108669281,0.39266955852508545,0.3784792423248291
50,2000,0.2921140491962433,0.00020824636158067733,0.31719970703125,0.27020263671875,0.21917724609375,0.19342041015625,4,700,645,592,549,0.17622430622577667,0.2681845426559448,0.3548453748226166,0.4445112347602844,0.41852355003356934,0.4084078371524811,0.391913503408432,0.37851178646087646
51,0,0.3220728039741516,0.00020824636158067733,0.318603515625,0.16583251953125,0.24090576171875,0.274658203125,4,671,580,573,544,0.19604873657226562,0.28522101044654846,0.36266690492630005,0.4549054801464081,0.41776224970817566,0.39489126205444336,0.3999888300895691,0.38012734055519104
51,20,0.30178606510162354,0.00020824636158067733,0.3154296875,0.24835205078125,0.22601318359375,0.210205078125,4,690,632,590,539,0.18230825662612915,0.27427738904953003,0.3648000657558441,0.44582000374794006,0.4251950681209564,0.4126345217227936,0.4033256471157074,0.378926157951355
51,40,0.29436585307121277,0.00020824636158067733,0.30767822265625,0.281982421875,0.21514892578125,0.1951904296875,4,690,636,585,537,0.1764615923166275,0.2694409489631653,0.3616478145122528,0.44206443428993225,0.41927793622016907,0.41034573316574097,0.3993481993675232,0.37547925114631653
51,60,0.29151326417922974,0.00020824636158067733,0.31884765625,0.2684326171875,0.2171630859375,0.195556640625,4,689,630,586,533,0.17437364161014557,0.2675083875656128,0.3593634068965912,0.4401088058948517,0.41691386699676514,0.4077979624271393,0.39706340432167053,0.3730851709842682
51,80,0.2937920093536377,0.00020824636158067733,0.31390380859375,0.2696533203125,0.21722412109375,0.19921875,4,686,633,587,539,0.17542414367198944,0.2684631943702698,0.35979872941970825,0.442612886428833,0.41794195771217346,0.4092162251472473,0.3975168466567993,0.37566080689430237
51,100,0.2928054928779602,0.00020824636158067733,0.3148193359375,0.27081298828125,0.21771240234375,0.1966552734375,4,685,633,586,539,0.17547351121902466,0.2675553262233734,0.359262615442276,0.4418373703956604,0.4178139567375183,0.4080604612827301,0.3968014717102051,0.37495124340057373
51,120,0.29258397221565247,0.00020824636158067733,0.31793212890625,0.269775390625,0.215087890625,0.19720458984375,4,687,630,589,536,0.17582985758781433,0.26733165979385376,0.3592587411403656,0.4426382780075073,0.41864293813705444,0.4080074727535248,0.39651206135749817,0.37557703256607056
51,140,0.2932482361793518,0.00020824636158067733,0.31494140625,0.27099609375,0.2164306640625,0.1976318359375,4,687,629,586,540,0.1759597808122635,0.2679622769355774,0.35913172364234924,0.4426785111427307,0.4183486998081207,0.4085233509540558,0.3966321349143982,0.37547701597213745
51,160,0.29200243949890137,0.00020824636158067733,0.31689453125,0.27020263671875,0.218505859375,0.19439697265625,4,688,628,586,538,0.175005242228508,0.2677355706691742,0.358702689409256,0.44148191809654236,0.417035847902298,0.4084041118621826,0.39595118165016174,0.3744843304157257
51,180,0.2929079532623291,0.00020824636158067733,0.31658935546875,0.269775390625,0.21746826171875,0.1961669921875,4,688,630,588,540,0.17566899955272675,0.2681148946285248,0.35973623394966125,0.442128449678421,0.41783857345581055,0.40898457169532776,0.397088885307312,0.3748502731323242
51,200,0.2918538451194763,0.00020824636158067733,0.31982421875,0.26995849609375,0.21661376953125,0.193603515625,4,691,629,589,537,0.1765318512916565,0.2674162685871124,0.3588692545890808,0.4414556324481964,0.4190816283226013,0.40790677070617676,0.3961362838745117,0.37459859251976013
51,220,0.2930472493171692,0.00020824636158067733,0.3153076171875,0.27301025390625,0.21649169921875,0.1951904296875,4,690,635,591,539,0.17660152912139893,0.2678639888763428,0.3596700429916382,0.44248199462890625,0.4186747968196869,0.40855592489242554,0.3975330889225006,0.37556397914886475
51,240,0.2933475971221924,0.00020824636158067733,0.3197021484375,0.26812744140625,0.21636962890625,0.19580078125,4,695,632,593,538,0.17838524281978607,0.268055260181427,0.3601657748222351,0.4418548345565796,0.42149829864501953,0.4082927107810974,0.3978603184223175,0.37469226121902466
51,260,0.29268279671669006,0.00020824636158067733,0.32012939453125,0.2703857421875,0.2176513671875,0.19183349609375,4,692,638,592,540,0.17815238237380981,0.26827946305274963,0.35986924171447754,0.44197702407836914,0.42093685269355774,0.40898966789245605,0.3978012800216675,0.3750366270542145
51,280,0.29399004578590393,0.00020824636158067733,0.3155517578125,0.2694091796875,0.21905517578125,0.19598388671875,4,692,639,590,539,0.1783749908208847,0.26710233092308044,0.3600738048553467,0.4432385563850403,0.4203908145427704,0.4075184166431427,0.39846888184547424,0.3760773241519928
51,300,0.29313844442367554,0.00020824636158067733,0.3177490234375,0.27337646484375,0.21893310546875,0.18994140625,4,696,641,591,538,0.17896027863025665,0.26913464069366455,0.3600617051124573,0.44155463576316833,0.42160722613334656,0.40953853726387024,0.397956907749176,0.3747914731502533
51,320,0.2928730845451355,0.00020824636158067733,0.32098388671875,0.2684326171875,0.21893310546875,0.191650390625,4,695,635,591,538,0.17921268939971924,0.26835116744041443,0.35973939299583435,0.44119730591773987,0.42189037799835205,0.40836381912231445,0.39776626229286194,0.3743453323841095
51,340,0.2934447228908539,0.00020824636158067733,0.3175048828125,0.27313232421875,0.21728515625,0.19207763671875,4,695,638,593,538,0.17872078716754913,0.2692076861858368,0.3599295914173126,0.44233840703964233,0.4211827218532562,0.4096452295780182,0.39805927872657776,0.37569481134414673
51,360,0.2930004596710205,0.00020824636158067733,0.321533203125,0.2691650390625,0.218994140625,0.1903076171875,4,693,638,592,539,0.1789146363735199,0.26957887411117554,0.3603561222553253,0.4413716495037079,0.42165836691856384,0.40992289781570435,0.39855828881263733,0.37458017468452454
51,380,0.292447566986084,0.00020824636158067733,0.32342529296875,0.27166748046875,0.21539306640625,0.18951416015625,4,694,639,592,541,0.17944097518920898,0.26954102516174316,0.3599216043949127,0.4414535164833069,0.42219260334968567,0.41015326976776123,0.39783602952957153,0.37459754943847656
51,400,0.2933931350708008,0.00020824636158067733,0.31878662109375,0.2735595703125,0.2144775390625,0.19317626953125,4,693,640,592,543,0.17877988517284393,0.26938512921333313,0.36023595929145813,0.4423167407512665,0.42113324999809265,0.4097643196582794,0.3984971046447754,0.3754996061325073
51,420,0.29326802492141724,0.00020824636158067733,0.3172607421875,0.27349853515625,0.2166748046875,0.19256591796875,4,693,640,593,543,0.1785772293806076,0.2692601978778839,0.35992923378944397,0.44131696224212646,0.420645534992218,0.40946847200393677,0.39801257848739624,0.3744489550590515
51,440,0.29286065697669983,0.00020824636158067733,0.3203125,0.27130126953125,0.2156982421875,0.19268798828125,4,691,641,592,541,0.17826366424560547,0.2690964341163635,0.35976025462150574,0.4419306814670563,0.4207181930541992,0.4093009829521179,0.39788615703582764,0.37504512071609497
51,460,0.29222166538238525,0.00020824636158067733,0.3201904296875,0.27276611328125,0.21612548828125,0.19091796875,4,693,641,590,540,0.17805080115795135,0.2688334286212921,0.35896676778793335,0.4415559768676758,0.42024755477905273,0.4091377258300781,0.39693039655685425,0.37487104535102844
51,480,0.29335737228393555,0.00020824636158067733,0.31695556640625,0.27313232421875,0.21746826171875,0.19244384765625,4,691,641,590,542,0.17852279543876648,0.26907381415367126,0.3595791161060333,0.4421226680278778,0.4205489158630371,0.40920358896255493,0.39779824018478394,0.3752111494541168
51,500,0.2925315201282501,0.00020824636158067733,0.318603515625,0.273193359375,0.21466064453125,0.19354248046875,4,694,641,590,542,0.17818070948123932,0.2680307924747467,0.3586893081665039,0.44197961688041687,0.4202655553817749,0.4078817665576935,0.39659610390663147,0.3751195967197418
51,520,0.2929917871952057,0.00020824636158067733,0.31756591796875,0.27349853515625,0.21600341796875,0.19293212890625,4,693,643,591,544,0.1782212257385254,0.26913100481033325,0.35873571038246155,0.4421229064464569,0.42054426670074463,0.40915194153785706,0.3966830372810364,0.37517085671424866
51,540,0.29171133041381836,0.00020824636158067733,0.3233642578125,0.2706298828125,0.2149658203125,0.1910400390625,4,695,642,592,544,0.1781836599111557,0.2686711549758911,0.35880059003829956,0.44102180004119873,0.4207402169704437,0.40854620933532715,0.396821528673172,0.3738047182559967
51,560,0.29216843843460083,0.00020824636158067733,0.32183837890625,0.27166748046875,0.214599609375,0.19189453125,4,694,639,593,544,0.1783628761768341,0.2688201069831848,0.3590162992477417,0.441336065530777,0.42117616534233093,0.40875884890556335,0.3969091475009918,0.3740852177143097
51,580,0.29155775904655457,0.00020824636158067733,0.32171630859375,0.2716064453125,0.2158203125,0.19085693359375,4,695,639,594,543,0.1778198480606079,0.2681463062763214,0.3580278158187866,0.44143155217170715,0.4202679395675659,0.4080701470375061,0.39581334590911865,0.37446585297584534
51,600,0.29221323132514954,0.00020824636158067733,0.31982421875,0.27117919921875,0.21539306640625,0.193603515625,4,692,642,595,544,0.17773637175559998,0.26821836829185486,0.357943594455719,0.4418051242828369,0.4201260507106781,0.4079565107822418,0.39580926299095154,0.3748385012149811
51,620,0.29207825660705566,0.00020824636158067733,0.3189697265625,0.27264404296875,0.21514892578125,0.1932373046875,4,693,644,593,543,0.17690302431583405,0.2685854136943817,0.35843029618263245,0.44146469235420227,0.41905897855758667,0.40838590264320374,0.39637622237205505,0.3743566870689392
51,640,0.29136529564857483,0.00020824636158067733,0.32098388671875,0.2728271484375,0.21435546875,0.19183349609375,4,692,644,593,543,0.17650625109672546,0.26842132210731506,0.3583475947380066,0.4413372576236725,0.4187048077583313,0.408300518989563,0.39631614089012146,0.374257355928421
51,660,0.2923486530780792,0.00020824636158067733,0.318603515625,0.271240234375,0.21685791015625,0.19329833984375,4,695,641,594,543,0.17671531438827515,0.26856330037117004,0.358818382024765,0.44174596667289734,0.4189436137676239,0.4084070920944214,0.39690423011779785,0.37464502453804016
51,680,0.29147350788116455,0.00020824636158067733,0.31927490234375,0.27142333984375,0.21759033203125,0.19171142578125,4,696,642,593,541,0.17637662589550018,0.2675551176071167,0.3583272397518158,0.44114023447036743,0.41844624280929565,0.407389372587204,0.3960525095462799,0.3741220533847809
51,700,0.2920570373535156,0.00020824636158067733,0.31976318359375,0.26898193359375,0.2171630859375,0.194091796875,4,695,641,591,544,0.17665934562683105,0.2674103379249573,0.358254611492157,0.44226303696632385,0.41906633973121643,0.4070588946342468,0.39603719115257263,0.3753717541694641
51,720,0.2905104458332062,0.00020824636158067733,0.3211669921875,0.27239990234375,0.216552734375,0.18988037109375,4,696,642,595,543,0.1760796159505844,0.26714032888412476,0.35848432779312134,0.44006508588790894,0.41819241642951965,0.4069955348968506,0.39610961079597473,0.3727337419986725
51,740,0.2910533845424652,0.00020824636158067733,0.3212890625,0.27093505859375,0.215576171875,0.19219970703125,4,695,641,596,543,0.17697760462760925,0.2671038806438446,0.3568721413612366,0.44168365001678467,0.419491708278656,0.4067957401275635,0.3940637409687042,0.37494274973869324
51,760,0.2911980450153351,0.00020824636158067733,0.32110595703125,0.27069091796875,0.21588134765625,0.19232177734375,4,695,640,594,541,0.17740853130817413,0.26689207553863525,0.3566673994064331,0.4419052302837372,0.4198978543281555,0.40653982758522034,0.3938375413417816,0.37522247433662415
51,780,0.29086509346961975,0.00020824636158067733,0.32220458984375,0.27056884765625,0.21514892578125,0.19207763671875,4,696,642,592,543,0.1766272932291031,0.2672900855541229,0.3568432331085205,0.44180136919021606,0.4189028739929199,0.4071628451347351,0.39392757415771484,0.37512636184692383
51,800,0.29147085547447205,0.00020824636158067733,0.3206787109375,0.26947021484375,0.21893310546875,0.19091796875,4,698,643,595,543,0.17645840346813202,0.2683778703212738,0.3568677008152008,0.44225478172302246,0.4186685085296631,0.4082184135913849,0.3942855894565582,0.3758300244808197
51,820,0.2911403477191925,0.00020824636158067733,0.32281494140625,0.2677001953125,0.21649169921875,0.1929931640625,4,695,640,595,546,0.17619183659553528,0.26785343885421753,0.3569115996360779,0.44193369150161743,0.41861921548843384,0.4078286290168762,0.39401349425315857,0.37526246905326843
51,840,0.29063624143600464,0.00020824636158067733,0.32550048828125,0.26702880859375,0.2135009765625,0.1939697265625,4,695,641,594,542,0.17643974721431732,0.2671666741371155,0.3558526337146759,0.44279569387435913,0.41899770498275757,0.40684208273887634,0.3930596709251404,0.3761337697505951
51,860,0.29130837321281433,0.00020824636158067733,0.3201904296875,0.26934814453125,0.2158203125,0.19464111328125,4,696,641,594,545,0.1765637844800949,0.26689571142196655,0.3559672236442566,0.44215497374534607,0.4188520014286041,0.4064371883869171,0.39294353127479553,0.3755827844142914
51,880,0.2913881838321686,0.00020824636158067733,0.31976318359375,0.27105712890625,0.21484375,0.1943359375,4,696,641,592,547,0.17692852020263672,0.26745936274528503,0.35597193241119385,0.44169819355010986,0.4194491505622864,0.40709713101387024,0.3931061625480652,0.3750275671482086
51,900,0.29141315817832947,0.00020824636158067733,0.321044921875,0.26971435546875,0.21490478515625,0.1943359375,4,698,643,595,547,0.17678533494472504,0.26752427220344543,0.3562300205230713,0.44225701689720154,0.41944295167922974,0.4069698750972748,0.3936508595943451,0.3756151795387268
51,920,0.29105207324028015,0.00020824636158067733,0.32232666015625,0.26788330078125,0.21575927734375,0.19403076171875,4,697,642,595,545,0.17622056603431702,0.2667132616043091,0.35556599497795105,0.44367605447769165,0.4186442196369171,0.4064117670059204,0.39271074533462524,0.3774486184120178
51,940,0.2913915812969208,0.00020824636158067733,0.32080078125,0.26995849609375,0.214599609375,0.19464111328125,4,697,641,593,546,0.17685933411121368,0.2668064534664154,0.35590508580207825,0.4431295096874237,0.41938379406929016,0.4065156877040863,0.39324167370796204,0.37677204608917236
51,960,0.291963666677475,0.00020824636158067733,0.318115234375,0.2703857421875,0.21636962890625,0.19512939453125,4,699,642,594,546,0.17701341211795807,0.2670409381389618,0.3557950556278229,0.44312000274658203,0.4194489121437073,0.40648922324180603,0.3931388556957245,0.37684983015060425
51,980,0.2913808226585388,0.00020824636158067733,0.31927490234375,0.26873779296875,0.21533203125,0.1966552734375,4,698,643,596,546,0.17683683335781097,0.2659778296947479,0.3545038402080536,0.442942351102829,0.4191605746746063,0.40546801686286926,0.39147141575813293,0.3768869936466217
51,1000,0.29117563366889954,0.00020824636158067733,0.31939697265625,0.2685546875,0.2176513671875,0.19439697265625,4,698,646,594,543,0.17600573599338531,0.26641929149627686,0.35500213503837585,0.44314002990722656,0.4183090925216675,0.4060780107975006,0.39214444160461426,0.37701013684272766
51,1020,0.29134297370910645,0.00020824636158067733,0.3201904296875,0.26763916015625,0.216796875,0.19537353515625,4,700,643,593,547,0.17634321749210358,0.26690179109573364,0.35447439551353455,0.44323936104774475,0.4188399314880371,0.40656542778015137,0.39141103625297546,0.37701165676116943
51,1040,0.2914779484272003,0.00020824636158067733,0.32183837890625,0.26708984375,0.21429443359375,0.19677734375,4,698,646,593,546,0.1763087660074234,0.2671593725681305,0.35460206866264343,0.44410717487335205,0.4189493954181671,0.40664640069007874,0.39159342646598816,0.37814852595329285
51,1060,0.291312038898468,0.00020824636158067733,0.320068359375,0.26904296875,0.218017578125,0.19287109375,4,700,647,595,544,0.1759537160396576,0.26722538471221924,0.3553822338581085,0.443924218416214,0.418393611907959,0.4071740210056305,0.39242789149284363,0.37790146470069885
51,1080,0.29181715846061707,0.00020824636158067733,0.31890869140625,0.26800537109375,0.2186279296875,0.1944580078125,4,699,644,594,544,0.17655198276042938,0.26729491353034973,0.3552718162536621,0.44330593943595886,0.4190515875816345,0.406866192817688,0.39252087473869324,0.37728023529052734
51,1100,0.29147303104400635,0.00020824636158067733,0.3189697265625,0.27032470703125,0.2158203125,0.19488525390625,4,699,643,595,545,0.1764795035123825,0.26733002066612244,0.3547458350658417,0.44310253858566284,0.4188917577266693,0.40706273913383484,0.39169520139694214,0.37695419788360596
51,1120,0.29131102561950684,0.00020824636158067733,0.32037353515625,0.2686767578125,0.2159423828125,0.19500732421875,4,700,646,595,542,0.17578282952308655,0.26735877990722656,0.3545694649219513,0.4440614581108093,0.41817450523376465,0.4071159064769745,0.3915296196937561,0.37797531485557556
51,1140,0.29158729314804077,0.00020824636158067733,0.318115234375,0.26910400390625,0.22027587890625,0.1925048828125,4,701,643,594,544,0.17562296986579895,0.2677767872810364,0.3561382591724396,0.44264042377471924,0.4178065061569214,0.4077189862728119,0.39326974749565125,0.3762478232383728
51,1160,0.2919437289237976,0.00020824636158067733,0.31829833984375,0.270751953125,0.21551513671875,0.1954345703125,4,701,646,595,544,0.17593447864055634,0.2681909203529358,0.3551724851131439,0.4440658986568451,0.4184315502643585,0.40823155641555786,0.3921681344509125,0.3779938817024231
51,1180,0.2916545867919922,0.00020824636158067733,0.317138671875,0.2708740234375,0.219482421875,0.1925048828125,4,700,644,597,544,0.17565716803073883,0.2682223916053772,0.35579273104667664,0.4425976872444153,0.41795986890792847,0.4083910286426544,0.39282944798469543,0.37619826197624207
51,1200,0.29133182764053345,0.00020824636158067733,0.31756591796875,0.27166748046875,0.2169189453125,0.19384765625,4,701,644,596,543,0.17576614022254944,0.267147034406662,0.35463085770606995,0.44371533393859863,0.41802626848220825,0.4070224463939667,0.3915649652481079,0.37778881192207336
51,1220,0.29148393869400024,0.00020824636158067733,0.31744384765625,0.2711181640625,0.21875,0.19268798828125,4,701,643,593,544,0.17572522163391113,0.2683248221874237,0.35478949546813965,0.44290825724601746,0.41790831089019775,0.40860244631767273,0.3914962708950043,0.3765997290611267
51,1240,0.2915806174278259,0.00020824636158067733,0.319091796875,0.27093505859375,0.213134765625,0.19683837890625,4,700,646,593,544,0.17569635808467865,0.26818960905075073,0.35427039861679077,0.4437551498413086,0.41806739568710327,0.4078464210033417,0.3910343647003174,0.3777140974998474
51,1260,0.29098227620124817,0.00020824636158067733,0.320068359375,0.27081298828125,0.216064453125,0.19305419921875,4,701,643,594,544,0.17560076713562012,0.2679288983345032,0.35459378361701965,0.4434210956096649,0.4178733229637146,0.4080495536327362,0.3914565145969391,0.3772389590740204
51,1280,0.2914768159389496,0.00020824636158067733,0.31719970703125,0.270751953125,0.21856689453125,0.1934814453125,4,702,644,592,545,0.17538923025131226,0.2679169476032257,0.35472309589385986,0.443317174911499,0.41732367873191833,0.4079887270927429,0.3917500972747803,0.37720444798469543
51,1300,0.2914862036705017,0.00020824636158067733,0.318359375,0.26947021484375,0.216064453125,0.19610595703125,4,700,645,593,544,0.17484550178050995,0.268259197473526,0.35432010889053345,0.44352883100509644,0.41693350672721863,0.4081254005432129,0.39094963669776917,0.3772228956222534
51,1320,0.2911899983882904,0.00020824636158067733,0.3187255859375,0.26885986328125,0.21856689453125,0.19384765625,4,700,642,594,546,0.17523249983787537,0.2672281265258789,0.35485151410102844,0.4433027505874634,0.4172264635562897,0.40721338987350464,0.39162763953208923,0.37703678011894226
51,1340,0.2913574278354645,0.00020824636158067733,0.31878662109375,0.2720947265625,0.21417236328125,0.1949462890625,4,701,644,591,547,0.1760633885860443,0.2682640552520752,0.3537108302116394,0.4436219334602356,0.418364554643631,0.40835320949554443,0.39019542932510376,0.3775290548801422
51,1360,0.2914985418319702,0.00020824636158067733,0.31768798828125,0.27020263671875,0.21771240234375,0.19439697265625,4,700,644,594,545,0.175780788064003,0.26787593960762024,0.35414981842041016,0.443276047706604,0.41790783405303955,0.40793195366859436,0.3908368647098541,0.37708744406700134
51,1380,0.2917395532131195,0.00020824636158067733,0.31951904296875,0.268798828125,0.2171630859375,0.19451904296875,4,701,644,592,545,0.17599794268608093,0.26840922236442566,0.35507932305336,0.44338417053222656,0.4183315336704254,0.40836459398269653,0.3918340802192688,0.37701380252838135
51,1400,0.291564404964447,0.00020824636158067733,0.31915283203125,0.27117919921875,0.21514892578125,0.19451904296875,4,700,645,594,544,0.1766257882118225,0.2677033543586731,0.35436245799064636,0.4439539313316345,0.41885560750961304,0.407697468996048,0.3909604847431183,0.3778199553489685
51,1420,0.2915433347225189,0.00020824636158067733,0.3194580078125,0.2711181640625,0.2174072265625,0.1920166015625,4,701,644,594,545,0.1764313131570816,0.2682998478412628,0.3557273745536804,0.4432028532028198,0.41892576217651367,0.40851330757141113,0.3925457000732422,0.37687820196151733
51,1440,0.2919807732105255,0.00020824636158067733,0.31854248046875,0.26995849609375,0.2176513671875,0.19384765625,4,701,644,593,547,0.17692072689533234,0.26788613200187683,0.3555753827095032,0.44320571422576904,0.41942939162254333,0.40807434916496277,0.39224153757095337,0.3769717216491699
51,1460,0.2919541895389557,0.00020824636158067733,0.31915283203125,0.269287109375,0.21710205078125,0.1944580078125,4,700,645,594,545,0.17686375975608826,0.2677030563354492,0.3555466830730438,0.44343116879463196,0.4193282723426819,0.4077306389808655,0.3923325538635254,0.3770894706249237
51,1480,0.29156774282455444,0.00020824636158067733,0.32025146484375,0.268798828125,0.21630859375,0.19464111328125,4,701,646,593,542,0.1766284555196762,0.26770979166030884,0.3552840054035187,0.44282105565071106,0.4191060960292816,0.40759995579719543,0.3920633792877197,0.3763481378555298
51,1500,0.2912321984767914,0.00020824636158067733,0.32073974609375,0.26702880859375,0.21966552734375,0.19256591796875,4,701,645,596,544,0.17679323256015778,0.26701170206069946,0.3557334244251251,0.44185081124305725,0.41929763555526733,0.40670204162597656,0.39237451553344727,0.37535274028778076
51,1520,0.291029155254364,0.00020824636158067733,0.319580078125,0.27081298828125,0.21630859375,0.19329833984375,4,701,645,596,544,0.17657701671123505,0.2666628062725067,0.35498833656311035,0.44281747937202454,0.4187034070491791,0.40668028593063354,0.391378253698349,0.37630781531333923
51,1540,0.2908754348754883,0.00020824636158067733,0.31903076171875,0.27117919921875,0.22027587890625,0.18951416015625,4,700,644,593,544,0.1767798215150833,0.26709479093551636,0.3560456931591034,0.44122517108917236,0.4191058278083801,0.40718770027160645,0.3925349712371826,0.37467244267463684
51,1560,0.29106810688972473,0.00020824636158067733,0.32025146484375,0.269287109375,0.217529296875,0.19293212890625,4,700,645,591,548,0.17663732171058655,0.26644185185432434,0.35579368472099304,0.44240862131118774,0.41901782155036926,0.4067811667919159,0.3922799229621887,0.3759700655937195
51,1580,0.2910681664943695,0.00020824636158067733,0.3203125,0.26959228515625,0.21636962890625,0.1937255859375,4,700,645,594,549,0.17667624354362488,0.266451895236969,0.35509809851646423,0.44294989109039307,0.41901981830596924,0.40653759241104126,0.3915180563926697,0.37657156586647034
51,1600,0.29106760025024414,0.00020824636158067733,0.3189697265625,0.2691650390625,0.219970703125,0.19189453125,4,701,644,596,544,0.17622385919094086,0.26660996675491333,0.35615742206573486,0.44165536761283875,0.4183635711669922,0.40668269991874695,0.39259156584739685,0.375111848115921
51,1620,0.2910478413105011,0.00020824636158067733,0.321044921875,0.2686767578125,0.2166748046875,0.193603515625,4,700,644,592,547,0.17659957706928253,0.2667114734649658,0.35541561245918274,0.44256776571273804,0.41902434825897217,0.4068705141544342,0.3915780782699585,0.3761312663555145
51,1640,0.29139336943626404,0.00020824636158067733,0.31890869140625,0.270751953125,0.2164306640625,0.19390869140625,4,700,644,594,546,0.17694273591041565,0.2667262554168701,0.35525479912757874,0.442786306142807,0.4192757308483124,0.4068199396133423,0.3915550410747528,0.37633582949638367
51,1660,0.29101648926734924,0.00020824636158067733,0.3203125,0.2677001953125,0.217041015625,0.1949462890625,4,702,645,591,546,0.17630723118782043,0.26618313789367676,0.35488855838775635,0.44248300790786743,0.4186253249645233,0.40613389015197754,0.3908635079860687,0.37599292397499084
51,1680,0.29053038358688354,0.00020824636158067733,0.32122802734375,0.26837158203125,0.21881103515625,0.19158935546875,4,701,644,595,548,0.17623677849769592,0.26661190390586853,0.3553653657436371,0.4416179656982422,0.41842275857925415,0.40653425455093384,0.3917413353919983,0.3750680088996887
51,1700,0.2910265028476715,0.00020824636158067733,0.31903076171875,0.2725830078125,0.21466064453125,0.1937255859375,4,699,645,595,545,0.17647860944271088,0.2670440375804901,0.3548227846622467,0.44272029399871826,0.41884851455688477,0.4072115123271942,0.39102229475975037,0.37632623314857483
51,1720,0.290390282869339,0.00020824636158067733,0.3211669921875,0.26922607421875,0.21942138671875,0.190185546875,4,702,645,593,546,0.17601363360881805,0.2672356963157654,0.3551263213157654,0.44162875413894653,0.41843780875205994,0.40720099210739136,0.39130598306655884,0.3750646114349365
51,1740,0.29085370898246765,0.00020824636158067733,0.31939697265625,0.27105712890625,0.2159423828125,0.193603515625,4,699,644,594,547,0.17599476873874664,0.26683589816093445,0.3548154830932617,0.44262659549713135,0.41816446185112,0.40680745244026184,0.3910847306251526,0.376141220331192
51,1760,0.2910359501838684,0.00020824636158067733,0.31878662109375,0.27008056640625,0.216552734375,0.194580078125,4,700,644,594,547,0.17611394822597504,0.26656341552734375,0.35489362478256226,0.4422156810760498,0.4183182716369629,0.40649184584617615,0.3911576569080353,0.37572795152664185
51,1780,0.2904883027076721,0.00020824636158067733,0.32012939453125,0.27130126953125,0.21771240234375,0.19085693359375,4,700,643,594,547,0.1761014312505722,0.26694682240486145,0.3553132116794586,0.4418700635433197,0.4185463488101959,0.4071463644504547,0.39152052998542786,0.37531307339668274
51,1800,0.2905479669570923,0.00020824636158067733,0.32000732421875,0.27081298828125,0.21734619140625,0.19183349609375,4,701,644,596,548,0.17573878169059753,0.2670895457267761,0.35517948865890503,0.4419563114643097,0.41799741983413696,0.40740081667900085,0.39128467440605164,0.375380277633667
51,1820,0.29121237993240356,0.00020824636158067733,0.3201904296875,0.26904296875,0.2169189453125,0.19384765625,4,698,645,594,548,0.17605836689472198,0.26718249917030334,0.3551153242588043,0.44326236844062805,0.41840091347694397,0.40726763010025024,0.3915269672870636,0.37681764364242554
51,1840,0.2911587953567505,0.00020824636158067733,0.31854248046875,0.271484375,0.21728515625,0.19268798828125,4,701,646,593,548,0.17627941071987152,0.26710981130599976,0.355728417634964,0.4421430826187134,0.41864481568336487,0.4073111414909363,0.39217209815979004,0.37563273310661316
51,1860,0.2912140488624573,0.00020824636158067733,0.31597900390625,0.27166748046875,0.2188720703125,0.1934814453125,4,701,645,593,544,0.17599262297153473,0.2661111652851105,0.35535016655921936,0.44207897782325745,0.41795870661735535,0.4060101807117462,0.3916225731372833,0.3753989040851593
51,1880,0.2915422022342682,0.00020824636158067733,0.31695556640625,0.269287109375,0.21929931640625,0.1944580078125,4,702,645,595,547,0.17561915516853333,0.2669425308704376,0.35579049587249756,0.44210007786750793,0.4176982045173645,0.4068988263607025,0.392344206571579,0.375335156917572
51,1900,0.29106396436691284,0.00020824636158067733,0.317626953125,0.2713623046875,0.21728515625,0.1937255859375,4,702,645,593,546,0.17592753469944,0.266754150390625,0.3547437787055969,0.44246649742126465,0.4180586636066437,0.4067968428134918,0.3908671736717224,0.3760070502758026
51,1920,0.2909087538719177,0.00020824636158067733,0.31915283203125,0.2689208984375,0.21875,0.19317626953125,4,702,643,594,546,0.175702303647995,0.2667262554168701,0.35456472635269165,0.44282659888267517,0.4179419279098511,0.4069523513317108,0.39058151841163635,0.376463919878006
51,1940,0.2905143201351166,0.00020824636158067733,0.3197021484375,0.27154541015625,0.21630859375,0.19244384765625,4,702,645,595,545,0.1760375201702118,0.2667789161205292,0.35483554005622864,0.44188567996025085,0.418425977230072,0.4067217707633972,0.39102405309677124,0.3752325475215912
51,1960,0.2903040647506714,0.00020824636158067733,0.32086181640625,0.269775390625,0.2169189453125,0.19244384765625,4,700,644,593,544,0.17573682963848114,0.2664816975593567,0.3545818626880646,0.44226449728012085,0.41816356778144836,0.40653714537620544,0.39077916741371155,0.375923752784729
51,1980,0.290831059217453,0.00020824636158067733,0.3197021484375,0.26898193359375,0.217041015625,0.19427490234375,4,701,643,594,548,0.1756008267402649,0.26628002524375916,0.3553777039051056,0.4423374533653259,0.41773685812950134,0.4061793088912964,0.39191290736198425,0.37566840648651123
51,2000,0.2912132740020752,0.00020824636158067733,0.31884765625,0.2698974609375,0.2174072265625,0.19384765625,4,701,645,594,545,0.175936758518219,0.266714870929718,0.35515347123146057,0.4432224929332733,0.41833335161209106,0.40673866868019104,0.3915104568004608,0.376921683549881
