seed,epoch,mean_f,best_f,p_left,p_right,occupied_basins,unique_left,unique_right,mean_f_left,mean_f_right,spread_left,spread_right
42,0,0.7616021633148193,0.00020824636158067733,0.49444580078125,0.50555419921875,2,1327,1137,0.7463897466659546,0.7764802575111389,0.7188590168952942,0.6498392224311829
42,20,0.5849508047103882,0.00020824636158067733,0.5516357421875,0.4483642578125,2,1316,1086,0.5303163528442383,0.6521692872047424,0.6546137928962708,0.5978960394859314
42,40,0.4440001845359802,0.00020824636158067733,0.62103271484375,0.37896728515625,2,1274,982,0.38927966356277466,0.5336734056472778,0.591269850730896,0.540482223033905
42,60,0.34896770119667053,0.00020824636158067733,0.66650390625,0.33349609375,2,1202,864,0.2974669337272644,0.4518938958644867,0.5346947908401489,0.4868999421596527
42,80,0.2980862855911255,0.00020824636158067733,0.68560791015625,0.31439208984375,2,1133,796,0.2485317587852478,0.40615183115005493,0.49517160654067993,0.4469701051712036
42,100,0.26795801520347595,0.00020824636158067733,0.70269775390625,0.29730224609375,2,1076,753,0.21993377804756165,0.38146716356277466,0.46747279167175293,0.4192001223564148
42,120,0.2510181963443756,0.00020824636158067733,0.70654296875,0.29345703125,2,1031,734,0.20232614874839783,0.3682518005371094,0.4487181305885315,0.403410404920578
42,140,0.23945753276348114,0.00020824636158067733,0.7120361328125,0.2879638671875,2,1000,709,0.1905992031097412,0.3602674603462219,0.43529924750328064,0.39214852452278137
42,160,0.23112165927886963,0.00020824636158067733,0.7130126953125,0.2869873046875,2,973,701,0.1817370057106018,0.3538166284561157,0.42478102445602417,0.3829588294029236
42,180,0.22654172778129578,0.00020824636158067733,0.71337890625,0.28662109375,2,947,689,0.17646460235118866,0.3511801064014435,0.41833990812301636,0.3790615499019623
42,200,0.22325165569782257,0.00020824636158067733,0.7158203125,0.2841796875,2,945,687,0.17326943576335907,0.34915196895599365,0.41444557905197144,0.37611502408981323
42,220,0.2202816605567932,0.00020824636158067733,0.7177734375,0.2822265625,2,936,684,0.17054499685764313,0.3467745780944824,0.41082945466041565,0.37310341000556946
42,240,0.2170836329460144,0.00020824636158067733,0.722412109375,0.277587890625,2,921,678,0.16797228157520294,0.3448942005634308,0.40779438614845276,0.37154093384742737
42,260,0.2162114530801773,0.00020824636158067733,0.72247314453125,0.27752685546875,2,922,678,0.16682687401771545,0.3447721600532532,0.4063381552696228,0.3717338740825653
42,280,0.21636870503425598,0.00020824636158067733,0.72265625,0.27734375,2,923,685,0.16636154055595398,0.3466689884662628,0.4057326018810272,0.3745082914829254
42,300,0.21479345858097076,0.00020824636158067733,0.72857666015625,0.27142333984375,2,927,680,0.1654631644487381,0.3472098410129547,0.40464654564857483,0.3751116693019867
42,320,0.2139531672000885,0.00020824636158067733,0.73004150390625,0.26995849609375,2,929,682,0.1648475080728531,0.3467482924461365,0.4039286673069,0.37510204315185547
42,340,0.21398676931858063,0.00020824636158067733,0.73211669921875,0.26788330078125,2,934,685,0.16469915211200714,0.3486882150173187,0.4038976728916168,0.37768521904945374
42,360,0.21283218264579773,0.00020824636158067733,0.7347412109375,0.2652587890625,2,936,677,0.16404877603054047,0.3479575216770172,0.4029606282711029,0.37653854489326477
42,380,0.21106819808483124,0.00020824636158067733,0.74005126953125,0.25994873046875,2,938,679,0.1631888598203659,0.3473765254020691,0.40184739232063293,0.376156747341156
42,400,0.2113422304391861,0.00020824636158067733,0.73712158203125,0.26287841796875,2,931,683,0.16243116557598114,0.34849077463150024,0.400991290807724,0.37837910652160645
42,420,0.21082119643688202,0.00020824636158067733,0.73968505859375,0.26031494140625,2,926,688,0.1619507521390915,0.34968656301498413,0.40041401982307434,0.3800748586654663
42,440,0.20894645154476166,0.00020824636158067733,0.742919921875,0.257080078125,2,930,690,0.16059792041778564,0.34866592288017273,0.3985656499862671,0.37836161255836487
42,460,0.20788174867630005,0.00020824636158067733,0.74163818359375,0.25836181640625,2,929,694,0.15892554819583893,0.34841248393058777,0.3964026868343353,0.3790712356567383
42,480,0.20701807737350464,0.00020824636158067733,0.74407958984375,0.25592041015625,2,934,688,0.15830665826797485,0.3486449122428894,0.39594724774360657,0.37958264350891113
42,500,0.20828311145305634,0.00020824636158067733,0.74114990234375,0.25885009765625,2,939,690,0.15929318964481354,0.3485530912876129,0.39668622612953186,0.3803040683269501
42,520,0.20606090128421783,0.00020824636158067733,0.74835205078125,0.25164794921875,2,931,700,0.15732544660568237,0.3509906530380249,0.3950146734714508,0.38371121883392334
42,540,0.20556622743606567,0.00020824636158067733,0.74578857421875,0.25421142578125,2,929,689,0.15674333274364471,0.34879961609840393,0.39384159445762634,0.3812727630138397
42,560,0.20469845831394196,0.00020824636158067733,0.74835205078125,0.25164794921875,2,934,688,0.15627485513687134,0.3487008213996887,0.393250435590744,0.38158565759658813
42,580,0.2030213177204132,0.00020824636158067733,0.75323486328125,0.24676513671875,2,926,692,0.15535718202590942,0.3485129773616791,0.3921468257904053,0.38131335377693176
42,600,0.20375442504882812,0.00020824636158067733,0.75079345703125,0.24920654296875,2,929,688,0.1554429978132248,0.3493039906024933,0.39204299449920654,0.38227859139442444
42,620,0.2030918449163437,0.00020824636158067733,0.74920654296875,0.25079345703125,2,920,690,0.15479087829589844,0.3473834693431854,0.39117181301116943,0.3802349269390106
42,640,0.20218215882778168,0.00020824636158067733,0.75146484375,0.24853515625,2,922,689,0.15421245992183685,0.3472221791744232,0.3906388580799103,0.37993815541267395
42,660,0.2018631100654602,0.00020824636158067733,0.7529296875,0.2470703125,2,921,685,0.15419894456863403,0.3471163213253021,0.39062365889549255,0.3802467882633209
42,680,0.20136809349060059,0.00020824636158067733,0.75439453125,0.24560546875,2,923,683,0.15398956835269928,0.3468945622444153,0.3904247581958771,0.37999698519706726
42,700,0.20155498385429382,0.00020824636158067733,0.75177001953125,0.24822998046875,2,928,683,0.15354309976100922,0.34696006774902344,0.38994041085243225,0.38021084666252136
42,720,0.2014075517654419,0.00020824636158067733,0.75299072265625,0.24700927734375,2,925,686,0.15389099717140198,0.3462585210800171,0.3901892602443695,0.3793725371360779
42,740,0.2002716064453125,0.00020824636158067733,0.754638671875,0.245361328125,2,916,683,0.15296022593975067,0.3457835614681244,0.3892273008823395,0.37876343727111816
42,760,0.20079833269119263,0.00020824636158067733,0.75177001953125,0.24822998046875,2,917,683,0.15298037230968475,0.34561610221862793,0.389009028673172,0.37858206033706665
42,780,0.201058492064476,0.00020824636158067733,0.75347900390625,0.24652099609375,2,917,687,0.15359775722026825,0.34611985087394714,0.3897753953933716,0.3792543411254883
42,800,0.1999264359474182,0.00020824636158067733,0.753662109375,0.246337890625,2,919,686,0.1524590253829956,0.3451513648033142,0.38835299015045166,0.3779875636100769
42,820,0.19970667362213135,0.00020824636158067733,0.75189208984375,0.24810791015625,2,912,682,0.1519683301448822,0.34437796473503113,0.3878763020038605,0.3773026168346405
42,840,0.1998007744550705,0.00020824636158067733,0.7540283203125,0.2459716796875,2,919,679,0.15276838839054108,0.34397897124290466,0.3888402283191681,0.37668296694755554
42,860,0.1993095576763153,0.00020824636158067733,0.7535400390625,0.2464599609375,2,913,680,0.15225845575332642,0.3431660830974579,0.38828209042549133,0.37560009956359863
42,880,0.19988487660884857,0.00020824636158067733,0.7535400390625,0.2464599609375,2,918,680,0.15251478552818298,0.34471672773361206,0.3886187970638275,0.37760892510414124
42,900,0.19981995224952698,0.00020824636158067733,0.75286865234375,0.24713134765625,2,916,685,0.15238189697265625,0.34433668851852417,0.3882310390472412,0.3769814074039459
42,920,0.19882997870445251,0.00020824636158067733,0.75341796875,0.24658203125,2,912,678,0.15125994384288788,0.3441775441169739,0.3870580792427063,0.3768276274204254
42,940,0.19897349178791046,0.00020824636158067733,0.75341796875,0.24658203125,2,913,677,0.1514766961336136,0.3440973162651062,0.3873830735683441,0.37740620970726013
42,960,0.19942034780979156,0.00020824636158067733,0.7518310546875,0.2481689453125,2,911,687,0.15135303139686584,0.345040887594223,0.38703078031539917,0.37826627492904663
42,980,0.19955720007419586,0.00020824636158067733,0.74957275390625,0.25042724609375,2,911,675,0.15157292783260345,0.34318265318870544,0.3872838318347931,0.3762604594230652
42,1000,0.1991085559129715,0.00020824636158067733,0.75177001953125,0.24822998046875,2,910,681,0.15080048143863678,0.34541064500808716,0.3865169882774353,0.3788152039051056
42,1020,0.19997160136699677,0.00020824636158067733,0.75054931640625,0.24945068359375,2,916,688,0.15173959732055664,0.34509244561195374,0.38740742206573486,0.37861064076423645
42,1040,0.19787845015525818,0.00020824636158067733,0.75244140625,0.24755859375,2,913,686,0.150181382894516,0.3428511619567871,0.38571083545684814,0.37581151723861694
42,1060,0.19855228066444397,0.00020824636158067733,0.75146484375,0.24853515625,2,910,686,0.1505841165781021,0.34358763694763184,0.3861770033836365,0.3764966130256653
42,1080,0.19832582771778107,0.00020824636158067733,0.7508544921875,0.2491455078125,2,910,686,0.15028294920921326,0.343113511800766,0.3858407735824585,0.37609004974365234
42,1100,0.19872361421585083,0.00020824636158067733,0.7493896484375,0.2506103515625,2,911,688,0.1502944678068161,0.3435392677783966,0.38576433062553406,0.37668362259864807
42,1120,0.1982099860906601,0.00020824636158067733,0.75177001953125,0.24822998046875,2,911,687,0.15022556483745575,0.34353184700012207,0.3856036365032196,0.3766290247440338
42,1140,0.1984260529279709,0.00020824636158067733,0.75115966796875,0.24884033203125,2,910,697,0.14998318254947662,0.3446577191352844,0.3854178786277771,0.37762609124183655
42,1160,0.19791032373905182,0.00020824636158067733,0.7506103515625,0.2493896484375,2,907,686,0.1499299556016922,0.3423210680484772,0.3853251039981842,0.3751796782016754
42,1180,0.1983712911605835,0.00020824636158067733,0.7489013671875,0.2510986328125,2,907,695,0.14937211573123932,0.3445112705230713,0.3846222758293152,0.37771880626678467
42,1200,0.1985878348350525,0.00020824636158067733,0.7489013671875,0.2510986328125,2,906,691,0.14969423413276672,0.3444128632545471,0.3849780857563019,0.37765130400657654
42,1220,0.19783049821853638,0.00020824636158067733,0.75067138671875,0.24932861328125,2,900,693,0.14928962290287018,0.3439759314060211,0.38448119163513184,0.377191960811615
42,1240,0.19811704754829407,0.00020824636158067733,0.74920654296875,0.25079345703125,2,903,695,0.14958564937114716,0.34309712052345276,0.38476288318634033,0.3760864734649658
42,1260,0.19723588228225708,0.00020824636158067733,0.75164794921875,0.24835205078125,2,900,687,0.1487904042005539,0.34385815262794495,0.38415035605430603,0.37692904472351074
42,1280,0.1976897120475769,0.00020824636158067733,0.75164794921875,0.24835205078125,2,911,687,0.14981277287006378,0.34259137511253357,0.3850267827510834,0.3749471604824066
42,1300,0.1975133866071701,0.00020824636158067733,0.75189208984375,0.24810791015625,2,908,690,0.149213507771492,0.3438864052295685,0.3842969536781311,0.3766101896762848
42,1320,0.1973542422056198,0.00020824636158067733,0.750244140625,0.249755859375,2,900,691,0.14843487739562988,0.3443036675453186,0.3834187388420105,0.37747880816459656
42,1340,0.19740703701972961,0.00020824636158067733,0.74884033203125,0.25115966796875,2,898,690,0.14847931265830994,0.34328657388687134,0.3835022449493408,0.3763484060764313
42,1360,0.19697850942611694,0.00020824636158067733,0.7498779296875,0.2501220703125,2,901,688,0.1489861160516739,0.3408620059490204,0.3841334879398346,0.37316685914993286
42,1380,0.19747647643089294,0.00020824636158067733,0.75006103515625,0.24993896484375,2,899,690,0.1488557755947113,0.34338608384132385,0.38392120599746704,0.3759203553199768
42,1400,0.19701270759105682,0.00020824636158067733,0.75067138671875,0.24932861328125,2,903,690,0.1484953612089157,0.3430873155593872,0.3835700452327728,0.37578245997428894
42,1420,0.19609221816062927,0.00020824636158067733,0.751220703125,0.248779296875,2,903,686,0.14763571321964264,0.3424128592014313,0.38246914744377136,0.3745397925376892
42,1440,0.19784173369407654,0.00020824636158067733,0.7496337890625,0.2503662109375,2,904,691,0.14914458990097046,0.34364816546440125,0.3843632936477661,0.3763750195503235
42,1460,0.19700554013252258,0.00020824636158067733,0.74957275390625,0.25042724609375,2,903,687,0.14867661893367767,0.3416624367237091,0.38366419076919556,0.37423792481422424
42,1480,0.19760560989379883,0.00020824636158067733,0.748779296875,0.251220703125,2,901,691,0.14858822524547577,0.34370505809783936,0.3835984170436859,0.37670671939849854
42,1500,0.19631235301494598,0.00020824636158067733,0.750732421875,0.249267578125,2,904,690,0.14816440641880035,0.3413220942020416,0.3830963969230652,0.37364524602890015
42,1520,0.19768090546131134,0.00020824636158067733,0.74835205078125,0.25164794921875,2,902,692,0.14848992228507996,0.3439653515815735,0.383453905582428,0.37653204798698425
42,1540,0.19716379046440125,0.00020824636158067733,0.750244140625,0.249755859375,2,900,696,0.14816847443580627,0.34434133768081665,0.3832671046257019,0.3771822452545166
42,1560,0.19630739092826843,0.00020824636158067733,0.74993896484375,0.25006103515625,2,900,691,0.14771269261837006,0.34204399585723877,0.3825354278087616,0.3745356798171997
42,1580,0.1959380805492401,0.00020824636158067733,0.75054931640625,0.24945068359375,2,899,685,0.14798760414123535,0.3402119278907776,0.3828715980052948,0.37311187386512756
42,1600,0.19718235731124878,0.00020824636158067733,0.749267578125,0.250732421875,2,899,692,0.1480785608291626,0.3439200520515442,0.38291361927986145,0.3770065903663635
42,1620,0.19686980545520782,0.00020824636158067733,0.75006103515625,0.24993896484375,2,899,689,0.14789891242980957,0.34383031725883484,0.38286837935447693,0.3765600025653839
42,1640,0.19602742791175842,0.00020824636158067733,0.7509765625,0.2490234375,2,894,694,0.14740897715091705,0.34264540672302246,0.3820754587650299,0.37523290514945984
42,1660,0.19624072313308716,0.00020824636158067733,0.7501220703125,0.2498779296875,2,900,684,0.14749933779239655,0.34256017208099365,0.38230714201927185,0.375184565782547
42,1680,0.19622384011745453,0.00020824636158067733,0.750732421875,0.249267578125,2,903,695,0.14747391641139984,0.343046635389328,0.3822368383407593,0.3756885230541229
42,1700,0.1964896321296692,0.00020824636158067733,0.7490234375,0.2509765625,2,904,686,0.14766588807106018,0.34220102429389954,0.3824877142906189,0.3748047947883606
42,1720,0.1957462877035141,0.00020824636158067733,0.750732421875,0.249267578125,2,898,683,0.14719271659851074,0.34197765588760376,0.3818594813346863,0.37452438473701477
42,1740,0.19633586704730988,0.00020824636158067733,0.7491455078125,0.2508544921875,2,902,687,0.14728575944900513,0.34281790256500244,0.38210350275039673,0.37555474042892456
42,1760,0.19737696647644043,0.00020824636158067733,0.7490234375,0.2509765625,2,904,692,0.14832252264022827,0.34377679228782654,0.38315898180007935,0.3765764534473419
42,1780,0.19596686959266663,0.00020824636158067733,0.749755859375,0.250244140625,2,904,690,0.14725276827812195,0.3419191241264343,0.38184812664985657,0.3745153248310089
42,1800,0.1961492896080017,0.00020824636158067733,0.7503662109375,0.2496337890625,2,901,687,0.1470697969198227,0.34367576241493225,0.3817365765571594,0.3766912817955017
42,1820,0.1957341879606247,0.00020824636158067733,0.74884033203125,0.25115966796875,2,906,688,0.14669907093048096,0.341933935880661,0.3813192546367645,0.3747657835483551
42,1840,0.1963280439376831,0.00020824636158067733,0.7474365234375,0.2525634765625,2,900,692,0.1470002681016922,0.3423087000846863,0.3816773593425751,0.3749783933162689
42,1860,0.19650334119796753,0.00020824636158067733,0.74932861328125,0.25067138671875,2,899,694,0.14765535295009613,0.3425239324569702,0.38237375020980835,0.37489190697669983
42,1880,0.19661945104599,0.00020824636158067733,0.74896240234375,0.25103759765625,2,903,691,0.1478128284215927,0.34223225712776184,0.3824485242366791,0.3744277358055115
42,1900,0.1961096227169037,0.00020824636158067733,0.7486572265625,0.2513427734375,2,903,692,0.14718331396579742,0.3418430685997009,0.38190552592277527,0.37425950169563293
42,1920,0.1960364282131195,0.00020824636158067733,0.749755859375,0.250244140625,2,896,689,0.14742249250411987,0.34168851375579834,0.3820541501045227,0.37426987290382385
42,1940,0.19577743113040924,0.00020824636158067733,0.749267578125,0.250732421875,2,896,691,0.1468091458082199,0.3421100974082947,0.3813093900680542,0.37441593408584595
42,1960,0.19563047587871552,0.00020824636158067733,0.7501220703125,0.2498779296875,2,901,693,0.14708933234214783,0.3413487374782562,0.38177216053009033,0.3738343119621277
42,1980,0.19560052454471588,0.00020824636158067733,0.74908447265625,0.25091552734375,2,897,687,0.14673490822315216,0.3414841890335083,0.38115745782852173,0.37388893961906433
42,2000,0.19475612044334412,0.00020824636158067733,0.74945068359375,0.25054931640625,2,897,685,0.14623096585273743,0.3399060070514679,0.3807859718799591,0.37200263142585754
43,0,0.6960572004318237,0.00020824636158067733,0.4755859375,0.5244140625,2,1331,1142,0.6155489683151245,0.7690693140029907,0.7225677967071533,0.6648993492126465
43,20,0.520115077495575,0.00020824636158067733,0.5469970703125,0.4530029296875,2,1300,1089,0.44319024682044983,0.6130010485649109,0.6446555256843567,0.5942150950431824
43,40,0.3901668190956116,0.00020824636158067733,0.62103271484375,0.37896728515625,2,1237,976,0.3250565826892853,0.4968661665916443,0.5673437118530273,0.5228807926177979
43,60,0.31759926676750183,0.00020824636158067733,0.66497802734375,0.33502197265625,2,1158,872,0.25980743765830994,0.432309091091156,0.5091418027877808,0.4734695553779602
43,80,0.28141552209854126,0.00020824636158067733,0.69366455078125,0.30633544921875,2,1102,800,0.23022456467151642,0.3973320424556732,0.4791429042816162,0.43910741806030273
43,100,0.26229938864707947,0.00020824636158067733,0.7138671875,0.2861328125,2,1068,750,0.21513517200946808,0.3799685537815094,0.46360981464385986,0.4185383915901184
43,120,0.24821294844150543,0.00020824636158067733,0.719970703125,0.280029296875,2,1033,721,0.20161232352256775,0.3680257499217987,0.4485892951488495,0.403130441904068
43,140,0.23852986097335815,0.00020824636158067733,0.7181396484375,0.2818603515625,2,1005,712,0.1911163330078125,0.3593326210975647,0.43647924065589905,0.39202356338500977
43,160,0.23185648024082184,0.00020824636158067733,0.7208251953125,0.2791748046875,2,974,690,0.18480610847473145,0.3533398509025574,0.42885443568229675,0.3838014006614685
43,180,0.2279898077249527,0.00020824636158067733,0.716796875,0.283203125,2,976,680,0.1798548698425293,0.349821001291275,0.42247146368026733,0.37892037630081177
43,200,0.2231713831424713,0.00020824636158067733,0.7215576171875,0.2784423828125,2,950,678,0.1754589080810547,0.3468138575553894,0.4170999228954315,0.37494394183158875
43,220,0.21972505748271942,0.00020824636158067733,0.7261962890625,0.2738037109375,2,943,669,0.1726863831281662,0.34448346495628357,0.41353920102119446,0.3716200590133667
43,240,0.2172093540430069,0.00020824636158067733,0.72772216796875,0.27227783203125,2,933,665,0.17020541429519653,0.34283772110939026,0.4103238582611084,0.3694743812084198
43,260,0.21623973548412323,0.00020824636158067733,0.726806640625,0.273193359375,2,926,670,0.16891950368881226,0.34213095903396606,0.4086452126502991,0.3692140579223633
43,280,0.21465358138084412,0.00020824636158067733,0.72808837890625,0.27191162109375,2,931,666,0.1675589382648468,0.34075725078582764,0.407052218914032,0.3683442771434784
43,300,0.21383234858512878,0.00020824636158067733,0.72991943359375,0.27008056640625,2,923,677,0.16621840000152588,0.3425137400627136,0.4057011902332306,0.37019267678260803
43,320,0.21408241987228394,0.00020824636158067733,0.73040771484375,0.26959228515625,2,923,673,0.1666606366634369,0.34256255626678467,0.4058629870414734,0.37068161368370056
43,340,0.21330098807811737,0.00020824636158067733,0.7322998046875,0.2677001953125,2,923,676,0.16591426730155945,0.3429284691810608,0.40482762455940247,0.37149226665496826
43,360,0.2123047411441803,0.00020824636158067733,0.73297119140625,0.26702880859375,2,925,675,0.16471514105796814,0.34293410181999207,0.4029459059238434,0.37139853835105896
43,380,0.21085399389266968,0.00020824636158067733,0.73773193359375,0.26226806640625,2,926,679,0.16365906596183777,0.3436082601547241,0.4025298058986664,0.37312763929367065
43,400,0.21161282062530518,0.00020824636158067733,0.73516845703125,0.26483154296875,2,921,684,0.1640165001153946,0.3437395393848419,0.4020562469959259,0.37303051352500916
43,420,0.20969249308109283,0.00020824636158067733,0.73980712890625,0.26019287109375,2,920,667,0.16271883249282837,0.34325283765792847,0.40087082982063293,0.37291988730430603
43,440,0.2089594304561615,0.00020824636158067733,0.7420654296875,0.2579345703125,2,923,672,0.16241681575775146,0.3428603708744049,0.4004336893558502,0.3727242946624756
43,460,0.20924092829227448,0.00020824636158067733,0.74285888671875,0.25714111328125,2,923,672,0.1626114696264267,0.3439495265483856,0.40038105845451355,0.3744544982910156
43,480,0.20791731774806976,0.00020824636158067733,0.744140625,0.255859375,2,915,669,0.16129358112812042,0.3435176908969879,0.3989162743091583,0.3743366599082947
43,500,0.2076871693134308,0.00020824636158067733,0.7423095703125,0.2576904296875,2,912,677,0.16019105911254883,0.34450563788414,0.39758047461509705,0.3759991526603699
43,520,0.207768976688385,0.00020824636158067733,0.74407958984375,0.25592041015625,2,921,683,0.16061237454414368,0.3448750972747803,0.397639662027359,0.3764347732067108
43,540,0.20586885511875153,0.00020824636158067733,0.74365234375,0.25634765625,2,908,676,0.158480703830719,0.3433396816253662,0.39583536982536316,0.3751443028450012
43,560,0.2062690258026123,0.00020824636158067733,0.7442626953125,0.2557373046875,2,921,675,0.15914493799209595,0.34341251850128174,0.3958008587360382,0.3750757575035095
43,580,0.2041962593793869,0.00020824636158067733,0.74932861328125,0.25067138671875,2,917,675,0.15745897591114044,0.3439074158668518,0.3942667245864868,0.37570974230766296
43,600,0.20458516478538513,0.00020824636158067733,0.7491455078125,0.2508544921875,2,919,678,0.15753977000713348,0.3450803756713867,0.3941991925239563,0.37698736786842346
43,620,0.20541641116142273,0.00020824636158067733,0.74847412109375,0.25152587890625,2,927,681,0.15872308611869812,0.34436336159706116,0.39541107416152954,0.37729811668395996
43,640,0.2044549286365509,0.00020824636158067733,0.750244140625,0.249755859375,2,923,689,0.15775525569915771,0.3447364270687103,0.39447352290153503,0.3775663375854492
43,660,0.20358996093273163,0.00020824636158067733,0.7518310546875,0.2481689453125,2,920,686,0.15708333253860474,0.3444824516773224,0.3936184346675873,0.37707164883613586
43,680,0.20507480204105377,0.00020824636158067733,0.749267578125,0.250732421875,2,934,678,0.1586102545261383,0.3439255654811859,0.39485836029052734,0.3768994212150574
43,700,0.20234642922878265,0.00020824636158067733,0.748291015625,0.251708984375,2,918,673,0.15496350824832916,0.3432084023952484,0.3909079432487488,0.37581923604011536
43,720,0.20205101370811462,0.00020824636158067733,0.75128173828125,0.24871826171875,2,918,675,0.15517331659793854,0.34365034103393555,0.39120882749557495,0.37635183334350586
43,740,0.20147709548473358,0.00020824636158067733,0.75103759765625,0.24896240234375,2,914,668,0.15494512021541595,0.34184879064559937,0.3907517194747925,0.37411683797836304
43,760,0.20131555199623108,0.00020824636158067733,0.750244140625,0.249755859375,2,915,665,0.15481650829315186,0.34099453687667847,0.39043092727661133,0.3730321228504181
43,780,0.20118094980716705,0.00020824636158067733,0.7523193359375,0.2476806640625,2,915,667,0.1547868549823761,0.3421010375022888,0.39068588614463806,0.37425655126571655
43,800,0.2005096971988678,0.00020824636158067733,0.75347900390625,0.24652099609375,2,925,670,0.15440772473812103,0.3414181172847748,0.39037054777145386,0.37401282787323
43,820,0.20138683915138245,0.00020824636158067733,0.7520751953125,0.2479248046875,2,915,667,0.15524603426456451,0.3413540720939636,0.3910202980041504,0.37349453568458557
43,840,0.20031948387622833,0.00020824636158067733,0.75115966796875,0.24884033203125,2,919,668,0.1537870317697525,0.34078431129455566,0.38958144187927246,0.3729740381240845
43,860,0.20045694708824158,0.00020824636158067733,0.7506103515625,0.2493896484375,2,918,666,0.1537909060716629,0.34091195464134216,0.38932937383651733,0.37303221225738525
43,880,0.20033280551433563,0.00020824636158067733,0.7525634765625,0.2474365234375,2,915,667,0.1546769142150879,0.3391924500465393,0.3904986083507538,0.37084704637527466
43,900,0.20002953708171844,0.00020824636158067733,0.75311279296875,0.24688720703125,2,927,667,0.15379804372787476,0.34105560183525085,0.38968849182128906,0.3728035092353821
43,920,0.20081619918346405,0.00020824636158067733,0.753173828125,0.246826171875,2,929,670,0.15487083792686462,0.341015487909317,0.3910882771015167,0.37266528606414795
43,940,0.2007579505443573,0.00020824636158067733,0.75006103515625,0.24993896484375,2,926,669,0.15404649078845978,0.34093794226646423,0.39012810587882996,0.3731094300746918
43,960,0.201085165143013,0.00020824636158067733,0.7493896484375,0.2506103515625,2,927,664,0.15413065254688263,0.34149131178855896,0.3904705345630646,0.3735659122467041
43,980,0.2000134438276291,0.00020824636158067733,0.75238037109375,0.24761962890625,2,929,667,0.15408122539520264,0.3395763039588928,0.39054837822914124,0.3711875379085541
43,1000,0.19980458915233612,0.00020824636158067733,0.7518310546875,0.2481689453125,2,927,666,0.15338744223117828,0.34042590856552124,0.3897407650947571,0.37189385294914246
43,1020,0.2009022980928421,0.00020824636158067733,0.74993896484375,0.25006103515625,2,934,661,0.15433117747306824,0.3405701816082001,0.3906111419200897,0.371920645236969
43,1040,0.2004106491804123,0.00020824636158067733,0.74993896484375,0.25006103515625,2,925,661,0.1537998765707016,0.34019750356674194,0.3905719816684723,0.3716926872730255
43,1060,0.19960294663906097,0.00020824636158067733,0.75048828125,0.24951171875,2,927,662,0.1533496081829071,0.3387250304222107,0.3898083567619324,0.37011227011680603
43,1080,0.19844144582748413,0.00020824636158067733,0.74884033203125,0.25115966796875,2,918,667,0.15115153789520264,0.3394378125667572,0.38700899481773376,0.3707369267940521
43,1100,0.19789791107177734,0.00020824636158067733,0.74945068359375,0.25054931640625,2,920,660,0.15149682760238647,0.33669421076774597,0.38726237416267395,0.36742639541625977
43,1120,0.20145399868488312,0.00020824636158067733,0.74462890625,0.25537109375,2,926,674,0.15373893082141876,0.34058496356010437,0.39008909463882446,0.3724775016307831
43,1140,0.19839803874492645,0.00020824636158067733,0.7486572265625,0.2513427734375,2,917,669,0.15140876173973083,0.33836179971694946,0.38733258843421936,0.369367390871048
43,1160,0.19877159595489502,0.00020824636158067733,0.74737548828125,0.25262451171875,2,916,666,0.1517118662595749,0.33799511194229126,0.3874243199825287,0.3689962327480316
43,1180,0.19909411668777466,0.00020824636158067733,0.7470703125,0.2529296875,2,918,671,0.15190821886062622,0.33846548199653625,0.38792088627815247,0.36984843015670776
43,1200,0.1969728171825409,0.00020824636158067733,0.75054931640625,0.24945068359375,2,910,671,0.15000343322753906,0.3382946252822876,0.3853866457939148,0.36857712268829346
43,1220,0.1983385533094406,0.00020824636158067733,0.74688720703125,0.25311279296875,2,909,680,0.1509246975183487,0.33824774622917175,0.3867360055446625,0.36890146136283875
43,1240,0.19779768586158752,0.00020824636158067733,0.747314453125,0.252685546875,2,906,667,0.1507347971200943,0.33698561787605286,0.3861318528652191,0.3679930567741394
43,1260,0.19877952337265015,0.00020824636158067733,0.7462158203125,0.2537841796875,2,907,677,0.15117470920085907,0.3387546241283417,0.38684967160224915,0.3696514666080475
43,1280,0.19710774719715118,0.00020824636158067733,0.7467041015625,0.2532958984375,2,900,672,0.14944466948509216,0.3376162648200989,0.384797602891922,0.3686903417110443
43,1300,0.19898612797260284,0.00020824636158067733,0.74505615234375,0.25494384765625,2,909,674,0.15101826190948486,0.3391689658164978,0.3864273428916931,0.3704010248184204
43,1320,0.19785462319850922,0.00020824636158067733,0.74664306640625,0.25335693359375,2,906,684,0.14943942427635193,0.3405342102050781,0.3849400579929352,0.37184956669807434
43,1340,0.19897525012493134,0.00020824636158067733,0.7442626953125,0.2557373046875,2,908,682,0.15032249689102173,0.3405676484107971,0.3857264518737793,0.37233176827430725
43,1360,0.1972353607416153,0.00020824636158067733,0.746826171875,0.253173828125,2,904,679,0.14920957386493683,0.3389045000076294,0.3844347298145294,0.37034738063812256
43,1380,0.19847102463245392,0.00020824636158067733,0.745361328125,0.254638671875,2,902,682,0.1503237932920456,0.3394043743610382,0.3855835497379303,0.37050479650497437
43,1400,0.19760282337665558,0.00020824636158067733,0.746337890625,0.253662109375,2,900,690,0.1491301953792572,0.34022149443626404,0.3845131993293762,0.3718506991863251
43,1420,0.1972520798444748,0.00020824636158067733,0.746826171875,0.253173828125,2,903,682,0.14916512370109558,0.3391016721725464,0.3843894898891449,0.3704865276813507
43,1440,0.1966451108455658,0.00020824636158067733,0.74871826171875,0.25128173828125,2,904,679,0.14870373904705048,0.3394911587238312,0.38381296396255493,0.37069597840309143
43,1460,0.19735439121723175,0.00020824636158067733,0.7462158203125,0.2537841796875,2,898,681,0.14909885823726654,0.3392428159713745,0.3842149078845978,0.3705992102622986
43,1480,0.19738486409187317,0.00020824636158067733,0.7451171875,0.2548828125,2,901,686,0.14896813035011292,0.33892500400543213,0.3840540945529938,0.3706660866737366
43,1500,0.19697104394435883,0.00020824636158067733,0.74737548828125,0.25262451171875,2,903,680,0.14884454011917114,0.3393505811691284,0.38374966382980347,0.37052473425865173
43,1520,0.19755055010318756,0.00020824636158067733,0.74700927734375,0.25299072265625,2,906,680,0.14943160116672516,0.3396320641040802,0.3846224248409271,0.37105056643486023
43,1540,0.19714190065860748,0.00020824636158067733,0.74700927734375,0.25299072265625,2,902,683,0.14864611625671387,0.34033602476119995,0.3838198781013489,0.3720177114009857
43,1560,0.19771528244018555,0.00020824636158067733,0.74676513671875,0.25323486328125,2,907,691,0.1488886922597885,0.3417000472545624,0.38407981395721436,0.37371206283569336
43,1580,0.19683584570884705,0.00020824636158067733,0.74749755859375,0.25250244140625,2,905,685,0.14849720895290375,0.3399355113506317,0.38351523876190186,0.37150487303733826
43,1600,0.19661478698253632,0.00020824636158067733,0.746826171875,0.253173828125,2,903,681,0.1484372466802597,0.3387315571308136,0.3836071193218231,0.3702922463417053
43,1620,0.19655534625053406,0.00020824636158067733,0.7474365234375,0.2525634765625,2,903,676,0.14860722422599792,0.33845317363739014,0.38358837366104126,0.36984163522720337
43,1640,0.1966429203748703,0.00020824636158067733,0.74603271484375,0.25396728515625,2,898,682,0.14854112267494202,0.3379426598548889,0.38349536061286926,0.36884623765945435
43,1660,0.19557586312294006,0.00020824636158067733,0.74658203125,0.25341796875,2,893,669,0.14759409427642822,0.33693253993988037,0.38263437151908875,0.36821019649505615
43,1680,0.1975036859512329,0.00020824636158067733,0.74554443359375,0.25445556640625,2,900,685,0.1487867385149002,0.3402424454689026,0.38383108377456665,0.3716978132724762
43,1700,0.19727957248687744,0.00020824636158067733,0.74505615234375,0.25494384765625,2,902,686,0.1489538550376892,0.338508278131485,0.38374587893486023,0.3701306879520416
43,1720,0.1966533362865448,0.00020824636158067733,0.74700927734375,0.25299072265625,2,896,692,0.14826077222824097,0.3395426273345947,0.38318532705307007,0.37104690074920654
43,1740,0.19581161439418793,0.00020824636158067733,0.74859619140625,0.25140380859375,2,893,686,0.14770065248012543,0.33906978368759155,0.38252562284469604,0.3703352212905884
43,1760,0.19670072197914124,0.00020824636158067733,0.7474365234375,0.2525634765625,2,897,691,0.14848557114601135,0.3393886089324951,0.3835498094558716,0.37103649973869324
43,1780,0.19734573364257812,0.00020824636158067733,0.7469482421875,0.2530517578125,2,897,692,0.14923109114170074,0.339368611574173,0.38412514328956604,0.37092480063438416
43,1800,0.19606292247772217,0.00020824636158067733,0.7484130859375,0.2515869140625,2,895,687,0.14774517714977264,0.33979707956314087,0.3824459910392761,0.3714815676212311
43,1820,0.19657650589942932,0.00020824636158067733,0.74615478515625,0.25384521484375,2,891,687,0.1478646993637085,0.33976036310195923,0.38262495398521423,0.3712909519672394
43,1840,0.19656620919704437,0.00020824636158067733,0.74658203125,0.25341796875,2,899,687,0.1484907567501068,0.3381989002227783,0.383301317691803,0.36956650018692017
43,1860,0.19659529626369476,0.00020824636158067733,0.7490234375,0.2509765625,2,902,689,0.14813150465488434,0.3412323296070099,0.3829687833786011,0.37273508310317993
43,1880,0.195491760969162,0.00020824636158067733,0.7491455078125,0.2508544921875,2,900,680,0.1475715935230255,0.338599294424057,0.3823905885219574,0.3701615631580353
43,1900,0.19597068428993225,0.00020824636158067733,0.748046875,0.251953125,2,892,689,0.147322416305542,0.34040701389312744,0.38225245475769043,0.3719775080680847
43,1920,0.1963198184967041,0.00020824636158067733,0.7467041015625,0.2532958984375,2,900,687,0.14779742062091827,0.3393614888191223,0.382489413022995,0.3707042932510376
43,1940,0.1956624537706375,0.00020824636158067733,0.74774169921875,0.25225830078125,2,898,683,0.14744535088539124,0.33858710527420044,0.3820852041244507,0.37000006437301636
43,1960,0.1961335837841034,0.00020824636158067733,0.74774169921875,0.25225830078125,2,901,687,0.14789056777954102,0.33913514018058777,0.3824325203895569,0.3700353503227234
43,1980,0.1956397294998169,0.00020824636158067733,0.74774169921875,0.25225830078125,2,898,684,0.14742045104503632,0.33857083320617676,0.38197165727615356,0.3698306083679199
43,2000,0.19654002785682678,0.00020824636158067733,0.74835205078125,0.25164794921875,2,906,691,0.14808405935764313,0.3406386375427246,0.3829288184642792,0.3726191818714142
44,0,0.7800021767616272,0.00020824636158067733,0.47039794921875,0.52960205078125,2,1321,1144,0.6747490763664246,0.8734890818595886,0.691622793674469,0.6733536124229431
44,20,0.5497398376464844,0.00020824636158067733,0.5528564453125,0.4471435546875,2,1297,1086,0.46958300471305847,0.648847222328186,0.6218666434288025,0.5887553095817566
44,40,0.3882658779621124,0.00020824636158067733,0.62591552734375,0.37408447265625,2,1210,954,0.32168591022491455,0.4996669888496399,0.5474655032157898,0.5104489922523499
44,60,0.30185046792030334,0.00020824636158067733,0.6683349609375,0.3316650390625,2,1109,831,0.24511119723320007,0.4161851406097412,0.4907524883747101,0.45003968477249146
44,80,0.26402008533477783,0.00020824636158067733,0.687255859375,0.312744140625,2,1050,747,0.21130436658859253,0.37986308336257935,0.4581567347049713,0.41389867663383484
44,100,0.24615292251110077,0.00020824636158067733,0.7027587890625,0.2972412109375,2,1008,707,0.19662776589393616,0.36324384808540344,0.4422999918460846,0.393037348985672
44,120,0.23810192942619324,0.00020824636158067733,0.70587158203125,0.29412841796875,2,984,685,0.19010809063911438,0.3532811999320984,0.43459197878837585,0.38068243861198425
44,140,0.23232051730155945,0.00020824636158067733,0.709228515625,0.290771484375,2,962,683,0.18429377675056458,0.3494638502597809,0.42788657546043396,0.37523019313812256
44,160,0.22811900079250336,0.00020824636158067733,0.7108154296875,0.2891845703125,2,955,681,0.17970670759677887,0.3471163809299469,0.4224081039428711,0.37171149253845215
44,180,0.22580654919147491,0.00020824636158067733,0.7125244140625,0.2874755859375,2,943,684,0.17750179767608643,0.34553247690200806,0.41932055354118347,0.3692530393600464
44,200,0.22450512647628784,0.00020824636158067733,0.71148681640625,0.28851318359375,2,933,685,0.17528963088989258,0.3458728492259979,0.4168177545070648,0.3697192072868347
44,220,0.22169902920722961,0.00020824636158067733,0.7142333984375,0.2857666015625,2,925,682,0.1726236641407013,0.344355970621109,0.41371774673461914,0.367557555437088
44,240,0.2219562828540802,0.00020824636158067733,0.7109375,0.2890625,2,928,687,0.17209912836551666,0.34457799792289734,0.41300904750823975,0.3689994513988495
44,260,0.22049100697040558,0.00020824636158067733,0.714111328125,0.285888671875,2,920,683,0.17067202925682068,0.3449319899082184,0.4115248918533325,0.3703625798225403
44,280,0.2195180356502533,0.00020824636158067733,0.71649169921875,0.28350830078125,2,920,684,0.16921637952327728,0.34664201736450195,0.40997999906539917,0.3720759153366089
44,300,0.22011595964431763,0.00020824636158067733,0.71539306640625,0.28460693359375,2,912,687,0.16965928673744202,0.34694477915763855,0.40999874472618103,0.37266600131988525
44,320,0.21935585141181946,0.00020824636158067733,0.71710205078125,0.28289794921875,2,915,701,0.168593630194664,0.34803012013435364,0.4086225926876068,0.37380388379096985
44,340,0.21776780486106873,0.00020824636158067733,0.718994140625,0.281005859375,2,914,694,0.16680005192756653,0.3481762111186981,0.40680310130119324,0.37444454431533813
44,360,0.21806412935256958,0.00020824636158067733,0.72137451171875,0.27862548828125,2,922,692,0.16735444962978363,0.3493538498878479,0.40740013122558594,0.3765914738178253
44,380,0.21787288784980774,0.00020824636158067733,0.72210693359375,0.27789306640625,2,916,706,0.1666392683982849,0.3510037958621979,0.4065190255641937,0.3787311911582947
44,400,0.21634085476398468,0.00020824636158067733,0.7286376953125,0.2713623046875,2,921,698,0.1659550666809082,0.3516322672367096,0.40575355291366577,0.37970149517059326
44,420,0.21619169414043427,0.00020824636158067733,0.7266845703125,0.2733154296875,2,919,711,0.16536150872707367,0.3513377904891968,0.40491983294487,0.3808616101741791
44,440,0.2131277322769165,0.00020824636158067733,0.73583984375,0.26416015625,2,918,707,0.16360332071781158,0.35108211636543274,0.4028242826461792,0.38049212098121643
44,460,0.2105710357427597,0.00020824636158067733,0.740966796875,0.259033203125,2,914,695,0.16191366314888,0.3497559428215027,0.40079596638679504,0.3794807493686676
44,480,0.21092744171619415,0.00020824636158067733,0.73748779296875,0.26251220703125,2,922,701,0.16212764382362366,0.3480228781700134,0.40102526545524597,0.3793182671070099
44,500,0.20939236879348755,0.00020824636158067733,0.74298095703125,0.25701904296875,2,915,704,0.16046077013015747,0.35084208846092224,0.39899420738220215,0.38353610038757324
44,520,0.20845094323158264,0.00020824636158067733,0.74359130859375,0.25640869140625,2,910,712,0.15965205430984497,0.34996894001960754,0.3976043164730072,0.383433073759079
44,540,0.20582866668701172,0.00020824636158067733,0.7452392578125,0.2547607421875,2,906,697,0.15773583948612213,0.3465123176574707,0.39532148838043213,0.38000306487083435
44,560,0.20620523393154144,0.00020824636158067733,0.74481201171875,0.25518798828125,2,903,707,0.15708911418914795,0.3495594263076782,0.3941201865673065,0.38434621691703796
44,580,0.20583286881446838,0.00020824636158067733,0.7459716796875,0.2540283203125,2,902,710,0.1565696895122528,0.35049760341644287,0.3936159908771515,0.38576334714889526
44,600,0.20373395085334778,0.00020824636158067733,0.74725341796875,0.25274658203125,2,899,705,0.15488697588443756,0.3481515049934387,0.39155852794647217,0.3824145197868347
44,620,0.2028239667415619,0.00020824636158067733,0.7496337890625,0.2503662109375,2,898,701,0.1540665477514267,0.34881100058555603,0.39080795645713806,0.3835860788822174
44,640,0.2033052146434784,0.00020824636158067733,0.7489013671875,0.2510986328125,2,900,700,0.1544993668794632,0.3488685190677643,0.391008198261261,0.38367944955825806
44,660,0.202127143740654,0.00020824636158067733,0.7489013671875,0.2510986328125,2,891,703,0.1532624363899231,0.34786608815193176,0.38961946964263916,0.3826131522655487
44,680,0.20185083150863647,0.00020824636158067733,0.7481689453125,0.2518310546875,2,890,705,0.15282772481441498,0.3474943935871124,0.38921475410461426,0.38225018978118896
44,700,0.20176275074481964,0.00020824636158067733,0.7490234375,0.2509765625,2,887,707,0.1528296172618866,0.3478005528450012,0.38915422558784485,0.38278210163116455
44,720,0.20098936557769775,0.00020824636158067733,0.7481689453125,0.2518310546875,2,882,704,0.1518886685371399,0.3468635082244873,0.38785600662231445,0.3815714418888092
44,740,0.2018982321023941,0.00020824636158067733,0.74688720703125,0.25311279296875,2,889,702,0.15309317409992218,0.34591254591941833,0.38909676671028137,0.38040947914123535
44,760,0.20113052427768707,0.00020824636158067733,0.746826171875,0.253173828125,2,883,701,0.15192528069019318,0.3462788462638855,0.3879241645336151,0.3808862864971161
44,780,0.20156891644001007,0.00020824636158067733,0.74755859375,0.25244140625,2,889,701,0.15270061790943146,0.34628331661224365,0.38875865936279297,0.38074156641960144
44,800,0.20112717151641846,0.00020824636158067733,0.748046875,0.251953125,2,888,698,0.15231198072433472,0.346059113740921,0.388467013835907,0.3804791569709778
44,820,0.2013159543275833,0.00020824636158067733,0.7479248046875,0.2520751953125,2,887,699,0.15246832370758057,0.3462502956390381,0.3885219693183899,0.38095328211784363
44,840,0.20043832063674927,0.00020824636158067733,0.7474365234375,0.2525634765625,2,877,697,0.1517082154750824,0.3446502089500427,0.387679785490036,0.3786856532096863
44,860,0.199410080909729,0.00020824636158067733,0.75079345703125,0.24920654296875,2,880,691,0.15128163993358612,0.3444083034992218,0.3874734342098236,0.37820684909820557
44,880,0.20045803487300873,0.00020824636158067733,0.75067138671875,0.24932861328125,2,881,699,0.15231868624687195,0.3453945815563202,0.3887046277523041,0.3795578181743622
44,900,0.20058220624923706,0.00020824636158067733,0.74871826171875,0.25128173828125,2,882,702,0.15210522711277008,0.345024049282074,0.38819700479507446,0.37931397557258606
44,920,0.20007994771003723,0.00020824636158067733,0.7501220703125,0.2498779296875,2,882,699,0.1519376039505005,0.3446011245250702,0.387844979763031,0.3783930540084839
44,940,0.19970005750656128,0.00020824636158067733,0.75042724609375,0.24957275390625,2,878,699,0.15138673782348633,0.34497082233428955,0.3875773251056671,0.3787538707256317
44,960,0.19961321353912354,0.00020824636158067733,0.75238037109375,0.24761962890625,2,885,693,0.15203088521957397,0.3441898226737976,0.3882928788661957,0.37758100032806396
44,980,0.1992928385734558,0.00020824636158067733,0.75067138671875,0.24932861328125,2,884,696,0.15167085826396942,0.3426717221736908,0.3876853287220001,0.3760186433792114
44,1000,0.19959479570388794,0.00020824636158067733,0.748779296875,0.251220703125,2,881,695,0.15144923329353333,0.3430957496166229,0.3873523771762848,0.3765803277492523
44,1020,0.19917236268520355,0.00020824636158067733,0.7503662109375,0.2496337890625,2,883,696,0.1510387808084488,0.3438555896282196,0.38703182339668274,0.3774377405643463
44,1040,0.198510080575943,0.00020824636158067733,0.752685546875,0.247314453125,2,881,686,0.15079395473003387,0.34373101592063904,0.3867301940917969,0.3769192099571228
44,1060,0.19910623133182526,0.00020824636158067733,0.75115966796875,0.24884033203125,2,888,690,0.15118640661239624,0.3437589108943939,0.38718563318252563,0.3773501515388489
44,1080,0.1981920599937439,0.00020824636158067733,0.750732421875,0.249267578125,2,888,684,0.1504439413547516,0.3419976234436035,0.3862382173538208,0.37506070733070374
44,1100,0.19820451736450195,0.00020824636158067733,0.75067138671875,0.24932861328125,2,887,690,0.15046773850917816,0.3419290781021118,0.3863423764705658,0.3748105764389038
44,1120,0.1986054629087448,0.00020824636158067733,0.7503662109375,0.2496337890625,2,883,688,0.15048380196094513,0.3432527780532837,0.3862556219100952,0.37623336911201477
44,1140,0.19843989610671997,0.00020824636158067733,0.74859619140625,0.25140380859375,2,883,690,0.15032236278057098,0.34171783924102783,0.38584625720977783,0.3747977614402771
44,1160,0.19844159483909607,0.00020824636158067733,0.7489013671875,0.2510986328125,2,884,690,0.1502837836742401,0.3420722484588623,0.3859039843082428,0.37504103779792786
44,1180,0.19817420840263367,0.00020824636158067733,0.749755859375,0.250244140625,2,887,680,0.15062518417835236,0.3406357169151306,0.3863830864429474,0.3732292056083679
44,1200,0.19793283939361572,0.00020824636158067733,0.7501220703125,0.2498779296875,2,889,688,0.14999353885650635,0.3418444097042084,0.3857772648334503,0.3745730221271515
44,1220,0.19945207238197327,0.00020824636158067733,0.7476806640625,0.2523193359375,2,883,692,0.15104328095912933,0.34289857745170593,0.3868669867515564,0.37609386444091797
44,1240,0.19964367151260376,0.00020824636158067733,0.74835205078125,0.25164794921875,2,886,696,0.15117210149765015,0.3437887728214264,0.3869905471801758,0.3769635558128357
44,1260,0.19756662845611572,0.00020824636158067733,0.75006103515625,0.24993896484375,2,883,689,0.14957767724990845,0.341580331325531,0.3850856423377991,0.3742017447948456
44,1280,0.1973332166671753,0.00020824636158067733,0.74920654296875,0.25079345703125,2,881,681,0.14950937032699585,0.34019961953163147,0.38525670766830444,0.3725380599498749
44,1300,0.1975279599428177,0.00020824636158067733,0.7503662109375,0.2496337890625,2,883,686,0.14960555732250214,0.34157639741897583,0.3851369619369507,0.3739759624004364
44,1320,0.19786937534809113,0.00020824636158067733,0.74896240234375,0.25103759765625,2,883,682,0.14993023872375488,0.34089425206184387,0.38552534580230713,0.37320640683174133
44,1340,0.19798210263252258,0.00020824636158067733,0.74932861328125,0.25067138671875,2,883,688,0.14988555014133453,0.3417564630508423,0.38544169068336487,0.37422633171081543
44,1360,0.1983092725276947,0.00020824636158067733,0.74853515625,0.25146484375,2,882,690,0.15024146437644958,0.3413926959037781,0.3859754800796509,0.37399527430534363
44,1380,0.19771428406238556,0.00020824636158067733,0.75048828125,0.24951171875,2,886,694,0.1496814489364624,0.3421888053417206,0.38536345958709717,0.37481454014778137
44,1400,0.19854938983917236,0.00020824636158067733,0.7506103515625,0.2493896484375,2,891,694,0.1509743481874466,0.3417402505874634,0.38681668043136597,0.37388747930526733
44,1420,0.19713741540908813,0.00020824636158067733,0.74957275390625,0.25042724609375,2,880,683,0.14947772026062012,0.3397911787033081,0.3848133385181427,0.37180718779563904
44,1440,0.19811521470546722,0.00020824636158067733,0.748779296875,0.251220703125,2,887,694,0.149905264377594,0.341808021068573,0.38542962074279785,0.37420108914375305
44,1460,0.1981569081544876,0.00020824636158067733,0.74798583984375,0.25201416015625,2,891,696,0.1499394178390503,0.34126797318458557,0.38554316759109497,0.3735710084438324
44,1480,0.1984473466873169,0.00020824636158067733,0.7470703125,0.2529296875,2,886,697,0.15014678239822388,0.3411111831665039,0.3858183026313782,0.3737598955631256
44,1500,0.19737893342971802,0.00020824636158067733,0.7486572265625,0.2513427734375,2,884,695,0.14962001144886017,0.3396351635456085,0.38504961133003235,0.37172117829322815
44,1520,0.1971757411956787,0.00020824636158067733,0.74951171875,0.25048828125,2,882,692,0.14934350550174713,0.340299516916275,0.3849010169506073,0.3726502060890198
44,1540,0.19779044389724731,0.00020824636158067733,0.748779296875,0.251220703125,2,885,697,0.14983239769935608,0.3407323658466339,0.3853626847267151,0.37288281321525574
44,1560,0.1973259150981903,0.00020824636158067733,0.75048828125,0.24951171875,2,883,696,0.1497034728527069,0.3405660092830658,0.385528564453125,0.3726166784763336
44,1580,0.19759675860404968,0.00020824636158067733,0.7479248046875,0.2520751953125,2,886,695,0.1496829241514206,0.3397604823112488,0.3851471245288849,0.3716782033443451
44,1600,0.19775141775608063,0.00020824636158067733,0.74951171875,0.25048828125,2,884,692,0.14987538754940033,0.3410062789916992,0.38561052083969116,0.37300050258636475
44,1620,0.1972334384918213,0.00020824636158067733,0.7486572265625,0.2513427734375,2,882,698,0.14912819862365723,0.3405211269855499,0.38463252782821655,0.37276214361190796
44,1640,0.19667191803455353,0.00020824636158067733,0.74822998046875,0.25177001953125,2,880,690,0.14847218990325928,0.3399156928062439,0.3837013840675354,0.37216633558273315
44,1660,0.19770275056362152,0.00020824636158067733,0.74664306640625,0.25335693359375,2,884,695,0.14946578443050385,0.33985716104507446,0.3849447965621948,0.3719567656517029
44,1680,0.19673274457454681,0.00020824636158067733,0.7491455078125,0.2508544921875,2,883,693,0.14872412383556366,0.34010452032089233,0.38411349058151245,0.37231138348579407
44,1700,0.19737423956394196,0.00020824636158067733,0.7476806640625,0.2523193359375,2,883,689,0.14893674850463867,0.34090569615364075,0.3844468295574188,0.3732418715953827
44,1720,0.19712093472480774,0.00020824636158067733,0.74786376953125,0.25213623046875,2,886,691,0.14912760257720947,0.3394744098186493,0.38426393270492554,0.37119290232658386
44,1740,0.19727015495300293,0.00020824636158067733,0.74542236328125,0.25457763671875,2,886,690,0.14886358380317688,0.3390081822872162,0.38413330912590027,0.37085893750190735
44,1760,0.19856157898902893,0.00020824636158067733,0.7445068359375,0.2554931640625,2,885,691,0.14973904192447662,0.3408304750919342,0.3850972056388855,0.3731665015220642
44,1780,0.19771510362625122,0.00020824636158067733,0.74609375,0.25390625,2,884,694,0.1493343859910965,0.3398800194263458,0.38483867049217224,0.37205684185028076
44,1800,0.1983392834663391,0.00020824636158067733,0.74658203125,0.25341796875,2,888,693,0.14979007840156555,0.3413676917552948,0.3851751685142517,0.37379559874534607
44,1820,0.19721660017967224,0.00020824636158067733,0.74609375,0.25390625,2,879,691,0.14887197315692902,0.3392755091190338,0.38419732451438904,0.3711186945438385
44,1840,0.19692018628120422,0.00020824636158067733,0.7445068359375,0.2554931640625,2,879,693,0.14806656539440155,0.33927953243255615,0.3831045925617218,0.3713497221469879
44,1860,0.19770751893520355,0.00020824636158067733,0.74560546875,0.25439453125,2,886,696,0.14888224005699158,0.3408096134662628,0.3842605948448181,0.3731999397277832
44,1880,0.1965472549200058,0.00020824636158067733,0.74755859375,0.25244140625,2,879,694,0.14815537631511688,0.33985084295272827,0.3832957148551941,0.37194791436195374
44,1900,0.1974286586046219,0.00020824636158067733,0.7442626953125,0.2557373046875,2,882,692,0.14874230325222015,0.33911871910095215,0.38407325744628906,0.37116557359695435
44,1920,0.19765761494636536,0.00020824636158067733,0.74481201171875,0.25518798828125,2,886,696,0.14886540174484253,0.34006646275520325,0.3840356171131134,0.3722316324710846
44,1940,0.19679057598114014,0.00020824636158067733,0.745849609375,0.254150390625,2,884,690,0.14817312359809875,0.33946719765663147,0.3831387758255005,0.3714512884616852
44,1960,0.19753843545913696,0.00020824636158067733,0.74615478515625,0.25384521484375,2,885,689,0.14911164343357086,0.33988454937934875,0.38453376293182373,0.37189510464668274
44,1980,0.1971021443605423,0.00020824636158067733,0.74627685546875,0.25372314453125,2,883,692,0.14844538271427155,0.34021642804145813,0.3836877644062042,0.3723524212837219
44,2000,0.1969296634197235,0.00020824636158067733,0.74444580078125,0.25555419921875,2,882,684,0.14861685037612915,0.33766788244247437,0.3839223384857178,0.36903199553489685
45,0,0.8382323980331421,0.00020824636158067733,0.37762451171875,0.62237548828125,2,1281,1132,0.9312098622322083,0.7818184494972229,0.7110745906829834,0.712488055229187
45,20,0.6708853244781494,0.00020824636158067733,0.4927978515625,0.5072021484375,2,1316,1107,0.6799399852752686,0.6620879173278809,0.7053982019424438,0.6523782014846802
45,40,0.5217347145080566,0.00020824636158067733,0.59368896484375,0.40631103515625,2,1310,1050,0.493594765663147,0.5628520250320435,0.6524362564086914,0.5903688073158264
45,60,0.40649619698524475,0.00020824636158067733,0.66094970703125,0.33905029296875,2,1264,947,0.36046159267425537,0.4962368607521057,0.5850980281829834,0.5383906364440918
45,80,0.3333173394203186,0.00020824636158067733,0.703369140625,0.296630859375,2,1194,873,0.28115206956863403,0.45701125264167786,0.527372419834137,0.50048828125
45,100,0.29341697692871094,0.00020824636158067733,0.718017578125,0.281982421875,2,1122,833,0.2396942675113678,0.43021219968795776,0.4891565144062042,0.472598135471344
45,120,0.2705441117286682,0.00020824636158067733,0.7197265625,0.2802734375,2,1063,808,0.2163069099187851,0.4098221957683563,0.46495527029037476,0.4508494734764099
45,140,0.2529531419277191,0.00020824636158067733,0.72198486328125,0.27801513671875,2,1023,778,0.19866520166397095,0.39393487572669983,0.4455006420612335,0.43205615878105164
45,160,0.24135392904281616,0.00020824636158067733,0.72076416015625,0.27923583984375,2,979,752,0.1871166229248047,0.3813513517379761,0.4321536719799042,0.4175243079662323
45,180,0.2351226955652237,0.00020824636158067733,0.71759033203125,0.28240966796875,2,963,743,0.18031945824623108,0.37437528371810913,0.4239630103111267,0.4090028703212738
45,200,0.2293502539396286,0.00020824636158067733,0.72039794921875,0.27960205078125,2,951,731,0.17555251717567444,0.36796069145202637,0.41797971725463867,0.400704950094223
45,220,0.22536642849445343,0.00020824636158067733,0.72003173828125,0.27996826171875,2,939,718,0.17216026782989502,0.36220380663871765,0.41375789046287537,0.3944283425807953
45,240,0.22200246155261993,0.00020824636158067733,0.7218017578125,0.2781982421875,2,934,710,0.16907602548599243,0.3593232035636902,0.4098590612411499,0.3902124762535095
45,260,0.2200796753168106,0.00020824636158067733,0.718994140625,0.281005859375,2,926,707,0.16704124212265015,0.35578614473342896,0.4072018563747406,0.3878398537635803
45,280,0.2169961780309677,0.00020824636158067733,0.72515869140625,0.27484130859375,2,920,706,0.16461101174354553,0.3552125096321106,0.40379607677459717,0.38519665598869324
45,300,0.21654483675956726,0.00020824636158067733,0.72479248046875,0.27520751953125,2,920,706,0.16396744549274445,0.35501381754875183,0.40300729870796204,0.3862028121948242
45,320,0.21520665287971497,0.00020824636158067733,0.72723388671875,0.27276611328125,2,913,707,0.16263358294963837,0.3553740680217743,0.40149053931236267,0.3864840567111969
45,340,0.2138163447380066,0.00020824636158067733,0.72808837890625,0.27191162109375,2,912,711,0.16177420318126678,0.35316792130470276,0.4001181423664093,0.3846401274204254
45,360,0.21177871525287628,0.00020824636158067733,0.7325439453125,0.2674560546875,2,912,705,0.16047585010528564,0.35229384899139404,0.398633748292923,0.3843640983104706
45,380,0.2103111296892166,0.00020824636158067733,0.73687744140625,0.26312255859375,2,907,708,0.15928728878498077,0.3532039225101471,0.3971683382987976,0.3855358362197876
45,400,0.20852600038051605,0.00020824636158067733,0.74212646484375,0.25787353515625,2,907,711,0.15829886496067047,0.3530731499195099,0.3958209156990051,0.384794682264328
45,420,0.20839574933052063,0.00020824636158067733,0.7391357421875,0.2608642578125,2,899,708,0.1570921540260315,0.3537599444389343,0.3943585753440857,0.3868401348590851
45,440,0.20777150988578796,0.00020824636158067733,0.74041748046875,0.25958251953125,2,893,709,0.1559465229511261,0.3555939495563507,0.39280521869659424,0.38903507590293884
45,460,0.20786117017269135,0.00020824636158067733,0.74127197265625,0.25872802734375,2,886,706,0.15605835616588593,0.3562794625759125,0.3926524817943573,0.3905210793018341
45,480,0.20541462302207947,0.00020824636158067733,0.747314453125,0.252685546875,2,891,713,0.1545589566230774,0.3558197319507599,0.3911406397819519,0.3901120722293854
45,500,0.20649850368499756,0.00020824636158067733,0.7415771484375,0.2584228515625,2,885,715,0.15471161901950836,0.35510745644569397,0.39114657044410706,0.3911497890949249
45,520,0.2045753300189972,0.00020824636158067733,0.7481689453125,0.2518310546875,2,893,712,0.1537756323814392,0.35549700260162354,0.3899780511856079,0.39087390899658203
45,540,0.20547568798065186,0.00020824636158067733,0.74560546875,0.25439453125,2,889,711,0.15359914302825928,0.3575207591056824,0.38973408937454224,0.3936280608177185
45,560,0.20354829728603363,0.00020824636158067733,0.74847412109375,0.25152587890625,2,884,717,0.15181635320186615,0.35748881101608276,0.3875228464603424,0.39379191398620605
45,580,0.2033572793006897,0.00020824636158067733,0.7498779296875,0.2501220703125,2,879,713,0.15180426836013794,0.35791563987731934,0.38740164041519165,0.39471739530563354
45,600,0.2028685212135315,0.00020824636158067733,0.7506103515625,0.2493896484375,2,878,712,0.15152427554130554,0.357403963804245,0.3868354558944702,0.394040584564209
45,620,0.20179112255573273,0.00020824636158067733,0.7509765625,0.2490234375,2,874,716,0.15049901604652405,0.3564719557762146,0.38581767678260803,0.39321693778038025
45,640,0.20195689797401428,0.00020824636158067733,0.754150390625,0.245849609375,2,879,714,0.1512821912765503,0.3574029505252838,0.38668131828308105,0.3942452371120453
45,660,0.2020355761051178,0.00020824636158067733,0.7513427734375,0.2486572265625,2,878,708,0.1510968953371048,0.3559519052505493,0.3863866329193115,0.39324870705604553
45,680,0.20058923959732056,0.00020824636158067733,0.75390625,0.24609375,2,880,706,0.1500864326953888,0.3553042411804199,0.38515594601631165,0.39223194122314453
45,700,0.2009991854429245,0.00020824636158067733,0.75323486328125,0.24676513671875,2,875,712,0.15021461248397827,0.3560158610343933,0.3852764070034027,0.39327776432037354
45,720,0.19905737042427063,0.00020824636158067733,0.75592041015625,0.24407958984375,2,869,701,0.14885979890823364,0.35452044010162354,0.3835900127887726,0.39129313826560974
45,740,0.20012390613555908,0.00020824636158067733,0.75421142578125,0.24578857421875,2,872,707,0.1497085988521576,0.35482513904571533,0.38454848527908325,0.39167165756225586
45,760,0.19965359568595886,0.00020824636158067733,0.7545166015625,0.2454833984375,2,870,707,0.1493123173713684,0.35438233613967896,0.38401317596435547,0.3911377787590027
45,780,0.19930410385131836,0.00020824636158067733,0.7554931640625,0.2445068359375,2,868,711,0.14932489395141602,0.3537330627441406,0.3840804398059845,0.39038556814193726
45,800,0.198902890086174,0.00020824636158067733,0.7554931640625,0.2445068359375,2,867,710,0.14883893728256226,0.35359373688697815,0.38357675075531006,0.3904303014278412
45,820,0.19916486740112305,0.00020824636158067733,0.75335693359375,0.24664306640625,2,864,715,0.1482166051864624,0.35478338599205017,0.3829760253429413,0.3918624222278595
45,840,0.1980924904346466,0.00020824636158067733,0.75390625,0.24609375,2,862,709,0.14763407409191132,0.3526715636253357,0.38204678893089294,0.3896004259586334
45,860,0.19786323606967926,0.00020824636158067733,0.75592041015625,0.24407958984375,2,863,708,0.14782275259494781,0.3528398871421814,0.3821296691894531,0.38963621854782104
45,880,0.198581725358963,0.00020824636158067733,0.75543212890625,0.24456787109375,2,867,712,0.1482519805431366,0.35404253005981445,0.3826426565647125,0.39087221026420593
45,900,0.19796419143676758,0.00020824636158067733,0.755615234375,0.244384765625,2,864,710,0.14785458147525787,0.352898508310318,0.3823697865009308,0.38937118649482727
45,920,0.19686244428157806,0.00020824636158067733,0.7581787109375,0.2418212890625,2,864,705,0.1475784033536911,0.35138198733329773,0.3819105923175812,0.3871002495288849
45,940,0.1968061476945877,0.00020824636158067733,0.75738525390625,0.24261474609375,2,863,705,0.14730700850486755,0.35133060812950134,0.3816610872745514,0.3874337673187256
45,960,0.19769123196601868,0.00020824636158067733,0.75494384765625,0.24505615234375,2,865,711,0.14748317003250122,0.352367103099823,0.3817247748374939,0.38903477787971497
45,980,0.1967896670103073,0.00020824636158067733,0.7584228515625,0.2415771484375,2,864,702,0.14751581847667694,0.35148319602012634,0.38204413652420044,0.3875526189804077
45,1000,0.1977897733449936,0.00020824636158067733,0.75543212890625,0.24456787109375,2,864,713,0.14755910634994507,0.3529444932937622,0.3819526433944702,0.38935303688049316
45,1020,0.19879257678985596,0.00020824636158067733,0.75250244140625,0.24749755859375,2,869,714,0.14799544215202332,0.35323840379714966,0.3823498487472534,0.39037272334098816
45,1040,0.19753940403461456,0.00020824636158067733,0.75469970703125,0.24530029296875,2,865,712,0.14719834923744202,0.352420449256897,0.3812767565250397,0.38859155774116516
45,1060,0.19707269966602325,0.00020824636158067733,0.75732421875,0.24267578125,2,869,706,0.14756952226161957,0.3515584468841553,0.3818431496620178,0.3877558410167694
45,1080,0.19698524475097656,0.00020824636158067733,0.7562255859375,0.2437744140625,2,872,701,0.14726923406124115,0.35121193528175354,0.38150325417518616,0.38743147253990173
45,1100,0.19737815856933594,0.00020824636158067733,0.75543212890625,0.24456787109375,2,875,705,0.14719972014427185,0.35237157344818115,0.3814065456390381,0.3888619840145111
45,1120,0.1974678337574005,0.00020824636158067733,0.7554931640625,0.2445068359375,2,878,712,0.14710649847984314,0.35307762026786804,0.381352961063385,0.3896868824958801
45,1140,0.19763225317001343,0.00020824636158067733,0.756103515625,0.243896484375,2,874,708,0.14765037596225739,0.35258111357688904,0.3819751441478729,0.389026403427124
45,1160,0.1967257559299469,0.00020824636158067733,0.75579833984375,0.24420166015625,2,873,703,0.1468714028596878,0.35102373361587524,0.38114362955093384,0.3873268961906433
45,1180,0.19666671752929688,0.00020824636158067733,0.75701904296875,0.24298095703125,2,877,704,0.1468195915222168,0.35196784138679504,0.3808709681034088,0.3882855474948883
45,1200,0.19675570726394653,0.00020824636158067733,0.756103515625,0.243896484375,2,874,708,0.1469218134880066,0.35124579071998596,0.3808741569519043,0.3872441351413727
45,1220,0.19657200574874878,0.00020824636158067733,0.758056640625,0.241943359375,2,877,707,0.14725816249847412,0.3510821461677551,0.38165631890296936,0.3871563673019409
45,1240,0.19645258784294128,0.00020824636158067733,0.75567626953125,0.24432373046875,2,873,708,0.14629940688610077,0.3515728712081909,0.3804590702056885,0.3878631889820099
45,1260,0.1970289647579193,0.00020824636158067733,0.75567626953125,0.24432373046875,2,878,707,0.14701399207115173,0.3517218232154846,0.38130760192871094,0.3881584703922272
45,1280,0.1957564651966095,0.00020824636158067733,0.756103515625,0.243896484375,2,874,704,0.14597484469413757,0.35008448362350464,0.380026638507843,0.3862518072128296
45,1300,0.1951621025800705,0.00020824636158067733,0.7581787109375,0.2418212890625,2,875,704,0.1456923633813858,0.3502639830112457,0.37963271141052246,0.3856031000614166
45,1320,0.19583341479301453,0.00020824636158067733,0.75787353515625,0.24212646484375,2,875,709,0.146225705742836,0.35110917687416077,0.3804369866847992,0.3871660530567169
45,1340,0.19638603925704956,0.00020824636158067733,0.75604248046875,0.24395751953125,2,878,701,0.14683333039283752,0.34995362162590027,0.3809894919395447,0.38557979464530945
45,1360,0.19649067521095276,0.00020824636158067733,0.75787353515625,0.24212646484375,2,878,707,0.1471366286277771,0.350972443819046,0.38142621517181396,0.38627496361732483
45,1380,0.1955069750547409,0.00020824636158067733,0.7562255859375,0.2437744140625,2,873,703,0.14567352831363678,0.35009801387786865,0.3797548711299896,0.38604092597961426
45,1400,0.19579972326755524,0.00020824636158067733,0.7557373046875,0.2442626953125,2,880,704,0.1458737999200821,0.3502681255340576,0.37976378202438354,0.38595324754714966
45,1420,0.19515839219093323,0.00020824636158067733,0.75762939453125,0.24237060546875,2,877,700,0.14574046432971954,0.3496345579624176,0.3795754611492157,0.3849903345108032
45,1440,0.19534946978092194,0.00020824636158067733,0.75518798828125,0.24481201171875,2,876,699,0.1450706273317337,0.3504479229450226,0.37890875339508057,0.38604700565338135
45,1460,0.19558647274971008,0.00020824636158067733,0.75732421875,0.24267578125,2,876,696,0.14631502330303192,0.3493490219116211,0.38049668073654175,0.3849591016769409
45,1480,0.19627739489078522,0.00020824636158067733,0.75347900390625,0.24652099609375,2,883,696,0.14608359336853027,0.3496922552585602,0.3800869584083557,0.38538214564323425
45,1500,0.19484548270702362,0.00020824636158067733,0.757568359375,0.242431640625,2,875,692,0.14545735716819763,0.3491770923137665,0.3793119490146637,0.38416916131973267
45,1520,0.19548407196998596,0.00020824636158067733,0.7559814453125,0.2440185546875,2,878,689,0.14593935012817383,0.34897613525390625,0.37978050112724304,0.3842380940914154
45,1540,0.19590473175048828,0.00020824636158067733,0.7548828125,0.2451171875,2,878,696,0.1458061933517456,0.35019224882125854,0.37971562147140503,0.3858151137828827
45,1560,0.19537629187107086,0.00020824636158067733,0.75579833984375,0.24420166015625,2,875,693,0.14579713344573975,0.3488227128982544,0.3798169195652008,0.38407036662101746
45,1580,0.195027694106102,0.00020824636158067733,0.75689697265625,0.24310302734375,2,882,692,0.14581766724586487,0.34824222326278687,0.37975624203681946,0.38318485021591187
45,1600,0.19583827257156372,0.00020824636158067733,0.7557373046875,0.2442626953125,2,879,694,0.14624731242656708,0.3492703139781952,0.3803599774837494,0.38452112674713135
45,1620,0.1946822702884674,0.00020824636158067733,0.7576904296875,0.2423095703125,2,880,687,0.14570605754852295,0.3478285074234009,0.3796848654747009,0.38242173194885254
45,1640,0.19613517820835114,0.00020824636158067733,0.75506591796875,0.24493408203125,2,881,699,0.1460433304309845,0.3505549132823944,0.3802257180213928,0.38610365986824036
45,1660,0.19456815719604492,0.00020824636158067733,0.75738525390625,0.24261474609375,2,882,692,0.14567460119724274,0.3472021520137787,0.37966927886009216,0.3820861279964447
45,1680,0.1961064487695694,0.00020824636158067733,0.75384521484375,0.24615478515625,2,888,695,0.1466584950685501,0.347540020942688,0.3807303309440613,0.3822810649871826
45,1700,0.1947638988494873,0.00020824636158067733,0.755615234375,0.244384765625,2,880,689,0.14539781212806702,0.3473992347717285,0.37926557660102844,0.38219836354255676
45,1720,0.19445829093456268,0.00020824636158067733,0.75531005859375,0.24468994140625,2,881,696,0.14479102194309235,0.3477714955806732,0.37863689661026,0.38272368907928467
45,1740,0.1959361732006073,0.00020824636158067733,0.7537841796875,0.2462158203125,2,882,695,0.1462177187204361,0.3481481671333313,0.3802832067012787,0.38324472308158875
45,1760,0.19519948959350586,0.00020824636158067733,0.753662109375,0.246337890625,2,880,695,0.14563915133476257,0.3468276560306549,0.3796570301055908,0.38177984952926636
45,1780,0.19483979046344757,0.00020824636158067733,0.755615234375,0.244384765625,2,885,693,0.14521034061908722,0.3482894003391266,0.37922078371047974,0.38327521085739136
45,1800,0.19529172778129578,0.00020824636158067733,0.753173828125,0.246826171875,2,880,688,0.1454620063304901,0.3473438322544098,0.37936732172966003,0.3823663592338562
45,1820,0.19575373828411102,0.00020824636158067733,0.75244140625,0.24755859375,2,884,688,0.14603766798973083,0.34686315059661865,0.3801637291908264,0.3817448318004608
45,1840,0.19533248245716095,0.00020824636158067733,0.75390625,0.24609375,2,889,686,0.14610573649406433,0.34613826870918274,0.3802416920661926,0.38099205493927
45,1860,0.194402277469635,0.00020824636158067733,0.75579833984375,0.24420166015625,2,888,687,0.14520496129989624,0.3466668426990509,0.37911558151245117,0.381309449672699
45,1880,0.1945829540491104,0.00020824636158067733,0.75665283203125,0.24334716796875,2,890,695,0.14552895724773407,0.34710925817489624,0.379567414522171,0.3812061846256256
45,1900,0.1954263597726822,0.00020824636158067733,0.75482177734375,0.24517822265625,2,888,693,0.14596424996852875,0.34770363569259644,0.380018949508667,0.38201460242271423
45,1920,0.1948900818824768,0.00020824636158067733,0.75567626953125,0.24432373046875,2,888,686,0.14585091173648834,0.34656471014022827,0.37987539172172546,0.3811776041984558
45,1940,0.19690752029418945,0.00020824636158067733,0.75,0.25,2,887,698,0.1459777057170868,0.34969693422317505,0.38001951575279236,0.38443541526794434
45,1960,0.1940605491399765,0.00020824636158067733,0.755615234375,0.244384765625,2,888,677,0.14524756371974945,0.3449857532978058,0.3791316747665405,0.3790823519229889
45,1980,0.19418896734714508,0.00020824636158067733,0.75433349609375,0.24566650390625,2,889,678,0.14494073390960693,0.3454086184501648,0.3788016140460968,0.3796330988407135
45,2000,0.1943112462759018,0.00020824636158067733,0.7550048828125,0.2449951171875,2,892,681,0.14538678526878357,0.34508249163627625,0.3792007565498352,0.3791823089122772
46,0,0.7060337066650391,0.00020824636158067733,0.58880615234375,0.41119384765625,2,1341,1094,0.7434523701667786,0.6524525284767151,0.7082312703132629,0.6192954182624817
46,20,0.4934712052345276,0.00020824636158067733,0.625732421875,0.374267578125,2,1312,978,0.4817071855068207,0.5131392478942871,0.6263286471366882,0.5357019901275635
46,40,0.3484063744544983,0.00020824636158067733,0.67266845703125,0.32733154296875,2,1200,827,0.3115371763706207,0.4241728186607361,0.5389540195465088,0.46360504627227783
46,60,0.2743900418281555,0.00020824636158067733,0.709228515625,0.290771484375,2,1082,735,0.2308783233165741,0.3805205821990967,0.47700801491737366,0.41689860820770264
46,80,0.24558117985725403,0.00020824636158067733,0.71661376953125,0.28338623046875,2,1004,695,0.20008385181427002,0.36063262820243835,0.4462132751941681,0.3925716280937195
46,100,0.23586902022361755,0.00020824636158067733,0.71185302734375,0.28814697265625,2,978,689,0.18797004222869873,0.35420113801956177,0.4325183928012848,0.38495975732803345
46,120,0.22863562405109406,0.00020824636158067733,0.71234130859375,0.28765869140625,2,949,684,0.1800696849822998,0.34890151023864746,0.42310693860054016,0.3774576783180237
46,140,0.22526021301746368,0.00020824636158067733,0.70855712890625,0.29144287109375,2,940,680,0.17539365589618683,0.34649592638015747,0.41707587242126465,0.3740108609199524
46,160,0.22166883945465088,0.00020824636158067733,0.71380615234375,0.28619384765625,2,924,679,0.17212192714214325,0.3452455699443817,0.41309937834739685,0.37204474210739136
46,180,0.220730260014534,0.00020824636158067733,0.70965576171875,0.29034423828125,2,917,674,0.16972476243972778,0.3453972041606903,0.4101284444332123,0.3727560043334961
46,200,0.21862852573394775,0.00020824636158067733,0.71240234375,0.28759765625,2,917,675,0.16731412708759308,0.3457385003566742,0.4072817862033844,0.37314221262931824
46,220,0.2178046703338623,0.00020824636158067733,0.71392822265625,0.28607177734375,2,906,678,0.16635863482952118,0.3461948037147522,0.40605682134628296,0.3736891448497772
46,240,0.21558836102485657,0.00020824636158067733,0.71875,0.28125,2,902,681,0.16413110494613647,0.3470902144908905,0.40342381596565247,0.3739188015460968
46,260,0.21483805775642395,0.00020824636158067733,0.72113037109375,0.27886962890625,2,904,690,0.16368214786052704,0.34712231159210205,0.4027550518512726,0.37424519658088684
46,280,0.21444210410118103,0.00020824636158067733,0.720458984375,0.279541015625,2,900,691,0.16284598410129547,0.3474203944206238,0.40161383152008057,0.3758872151374817
46,300,0.2132156789302826,0.00020824636158067733,0.720703125,0.279296875,2,898,694,0.16068394482135773,0.3487696051597595,0.3992883265018463,0.37857720255851746
46,320,0.21181908249855042,0.00020824636158067733,0.725830078125,0.274169921875,2,891,696,0.15995149314403534,0.3491320013999939,0.39821943640708923,0.37870925664901733
46,340,0.21135127544403076,0.00020824636158067733,0.7265625,0.2734375,2,891,711,0.15874454379081726,0.35113492608070374,0.3966918885707855,0.3822503983974457
46,360,0.20997540652751923,0.00020824636158067733,0.7291259765625,0.2708740234375,2,889,702,0.1574191004037857,0.3514440655708313,0.395213782787323,0.383449524641037
46,380,0.20908500254154205,0.00020824636158067733,0.73126220703125,0.26873779296875,2,883,716,0.15633313357830048,0.35262805223464966,0.39382123947143555,0.3857536315917969
46,400,0.20735183358192444,0.00020824636158067733,0.73785400390625,0.26214599609375,2,882,711,0.1559300720691681,0.35208699107170105,0.3931870758533478,0.38550248742103577
46,420,0.20589853823184967,0.00020824636158067733,0.74127197265625,0.25872802734375,2,879,716,0.1554284542798996,0.3504984974861145,0.39265161752700806,0.3839913308620453
46,440,0.20616762340068817,0.00020824636158067733,0.74102783203125,0.25897216796875,2,880,710,0.15503212809562683,0.3524876832962036,0.3920452892780304,0.38710102438926697
46,460,0.20570218563079834,0.00020824636158067733,0.74029541015625,0.25970458984375,2,881,710,0.15456458926200867,0.35147127509117126,0.39120692014694214,0.3861963152885437
46,480,0.20484772324562073,0.00020824636158067733,0.74139404296875,0.25860595703125,2,873,705,0.15391351282596588,0.35087040066719055,0.3905239999294281,0.3860715329647064
46,500,0.2036154568195343,0.00020824636158067733,0.74676513671875,0.25323486328125,2,867,705,0.15361395478248596,0.35106509923934937,0.38994094729423523,0.38580724596977234
46,520,0.20320174098014832,0.00020824636158067733,0.7457275390625,0.2542724609375,2,871,704,0.15299788117408752,0.3504391014575958,0.3894008994102478,0.38566920161247253
46,540,0.20304691791534424,0.00020824636158067733,0.7447509765625,0.2552490234375,2,867,705,0.1525728404521942,0.35031723976135254,0.38855889439582825,0.38562095165252686
46,560,0.20178820192813873,0.00020824636158067733,0.7464599609375,0.2535400390625,2,869,700,0.15214955806732178,0.34793177247047424,0.388068825006485,0.3828814625740051
46,580,0.20266880095005035,0.00020824636158067733,0.74609375,0.25390625,2,872,697,0.15286776423454285,0.3490072190761566,0.38868841528892517,0.3841754198074341
46,600,0.20151573419570923,0.00020824636158067733,0.74639892578125,0.25360107421875,2,868,701,0.15167354047298431,0.3482113778591156,0.38762158155441284,0.3834593594074249
46,620,0.20152167975902557,0.00020824636158067733,0.74725341796875,0.25274658203125,2,869,697,0.15180957317352295,0.34849709272384644,0.38763853907585144,0.3834228813648224
46,640,0.2017900049686432,0.00020824636158067733,0.7442626953125,0.2557373046875,2,871,698,0.1516740918159485,0.3476404547691345,0.38745489716529846,0.3826919198036194
46,660,0.20080816745758057,0.00020824636158067733,0.74713134765625,0.25286865234375,2,874,694,0.15131674706935883,0.34703660011291504,0.38714513182640076,0.3817165493965149
46,680,0.20080506801605225,0.00020824636158067733,0.74786376953125,0.25213623046875,2,872,702,0.1512080579996109,0.3479152023792267,0.38693806529045105,0.38237619400024414
46,700,0.20128370821475983,0.00020824636158067733,0.74560546875,0.25439453125,2,875,700,0.15138132870197296,0.3475427031517029,0.3873575031757355,0.3824689984321594
46,720,0.2010023444890976,0.00020824636158067733,0.7469482421875,0.2530517578125,2,879,702,0.15147358179092407,0.34719938039779663,0.38721564412117004,0.38188475370407104
46,740,0.2000858336687088,0.00020824636158067733,0.7476806640625,0.2523193359375,2,870,693,0.15075552463531494,0.34626293182373047,0.3862747251987457,0.3802923858165741
46,760,0.2019445151090622,0.00020824636158067733,0.74395751953125,0.25604248046875,2,874,702,0.15190447866916656,0.34734103083610535,0.3876044452190399,0.38234061002731323
46,780,0.200230211019516,0.00020824636158067733,0.74444580078125,0.25555419921875,2,872,691,0.15031151473522186,0.34564658999443054,0.3858444392681122,0.3799612522125244
46,800,0.20052358508110046,0.00020824636158067733,0.74432373046875,0.25567626953125,2,873,695,0.15059952437877655,0.34586232900619507,0.3860320448875427,0.3802995979785919
46,820,0.20013710856437683,0.00020824636158067733,0.74615478515625,0.25384521484375,2,871,694,0.15046606957912445,0.34614044427871704,0.38599446415901184,0.380421906709671
46,840,0.20114856958389282,0.00020824636158067733,0.74249267578125,0.25750732421875,2,871,697,0.15099601447582245,0.34575775265693665,0.38669300079345703,0.38013535737991333
46,860,0.2004273533821106,0.00020824636158067733,0.74493408203125,0.25506591796875,2,872,699,0.15068335831165314,0.34570738673210144,0.38632747530937195,0.38005682826042175
46,880,0.19964545965194702,0.00020824636158067733,0.74481201171875,0.25518798828125,2,871,694,0.15016883611679077,0.34405186772346497,0.3856813907623291,0.3781551420688629
46,900,0.20051412284374237,0.00020824636158067733,0.7442626953125,0.2557373046875,2,877,697,0.15083906054496765,0.3450816571712494,0.38630470633506775,0.3790706396102905
46,920,0.19957318902015686,0.00020824636158067733,0.7425537109375,0.2574462890625,2,869,696,0.14991708099842072,0.3427966237068176,0.38528668880462646,0.37645474076271057
46,940,0.2008821666240692,0.00020824636158067733,0.74072265625,0.25927734375,2,871,694,0.1507183462381363,0.34419387578964233,0.386014848947525,0.37829047441482544
46,960,0.19925998151302338,0.00020824636158067733,0.74298095703125,0.25701904296875,2,867,693,0.1494687795639038,0.34319445490837097,0.3845832645893097,0.3768444359302521
46,980,0.19988659024238586,0.00020824636158067733,0.74237060546875,0.25762939453125,2,867,698,0.1498325914144516,0.34411948919296265,0.385224312543869,0.378047376871109
46,1000,0.1987515389919281,0.00020824636158067733,0.744384765625,0.255615234375,2,869,697,0.14902502298355103,0.343561589717865,0.3841363787651062,0.37711215019226074
46,1020,0.19794759154319763,0.00020824636158067733,0.7432861328125,0.2567138671875,2,863,692,0.14825713634490967,0.34182068705558777,0.38310274481773376,0.37484925985336304
46,1040,0.19880789518356323,0.00020824636158067733,0.7435302734375,0.2564697265625,2,866,687,0.14904630184173584,0.3430715501308441,0.3839777410030365,0.37647441029548645
46,1060,0.19948343932628632,0.00020824636158067733,0.7410888671875,0.2589111328125,2,867,694,0.14942453801631927,0.34276849031448364,0.3844837248325348,0.37620455026626587
46,1080,0.19816958904266357,0.00020824636158067733,0.7435302734375,0.2564697265625,2,868,685,0.14901751279830933,0.34066614508628845,0.38412198424339294,0.373639851808548
46,1100,0.19873224198818207,0.00020824636158067733,0.74359130859375,0.25640869140625,2,871,689,0.1493527740240097,0.3419339060783386,0.3844551742076874,0.3750014007091522
46,1120,0.19935083389282227,0.00020824636158067733,0.740478515625,0.259521484375,2,872,688,0.14957726001739502,0.34136706590652466,0.3847835659980774,0.3746297359466553
46,1140,0.19875220954418182,0.00020824636158067733,0.7432861328125,0.2567138671875,2,880,695,0.14948932826519012,0.3413873314857483,0.3848077058792114,0.37466445565223694
46,1160,0.19827280938625336,0.00020824636158067733,0.7431640625,0.2568359375,2,871,686,0.14920291304588318,0.3402584195137024,0.38433730602264404,0.3729372024536133
46,1180,0.1992531716823578,0.00020824636158067733,0.7423095703125,0.2576904296875,2,871,694,0.14971934258937836,0.34194162487983704,0.3848848044872284,0.3750711977481842
46,1200,0.19815707206726074,0.00020824636158067733,0.74176025390625,0.25823974609375,2,872,687,0.14847438037395477,0.3408641815185547,0.3834368884563446,0.3736550509929657
46,1220,0.19998016953468323,0.00020824636158067733,0.740478515625,0.259521484375,2,873,694,0.15027333796024323,0.3418058753013611,0.3855077922344208,0.37494054436683655
46,1240,0.19823193550109863,0.00020824636158067733,0.7420654296875,0.2579345703125,2,870,681,0.14892376959323883,0.34008923172950745,0.3839776813983917,0.37276968359947205
46,1260,0.19800320267677307,0.00020824636158067733,0.7398681640625,0.2601318359375,2,868,690,0.14811360836029053,0.3398993909358978,0.38304176926612854,0.3725486993789673
46,1280,0.19918972253799438,0.00020824636158067733,0.7403564453125,0.2596435546875,2,871,687,0.14994503557682037,0.33960771560668945,0.38502150774002075,0.3722544014453888
46,1300,0.19923633337020874,0.00020824636158067733,0.73992919921875,0.26007080078125,2,869,690,0.14954447746276855,0.34061500430107117,0.38458237051963806,0.37332281470298767
46,1320,0.19818145036697388,0.00020824636158067733,0.7415771484375,0.2584228515625,2,871,688,0.14860676229000092,0.3404422998428345,0.3835042417049408,0.37310031056404114
46,1340,0.19826699793338776,0.00020824636158067733,0.74188232421875,0.25811767578125,2,871,692,0.1486758440732956,0.3408018946647644,0.3836592733860016,0.37331894040107727
46,1360,0.19811579585075378,0.00020824636158067733,0.74102783203125,0.25897216796875,2,867,691,0.14847150444984436,0.34016895294189453,0.38343390822410583,0.372854083776474
46,1380,0.19872599840164185,0.00020824636158067733,0.74163818359375,0.25836181640625,2,872,692,0.1494814157485962,0.34008458256721497,0.3844863176345825,0.37283384799957275
46,1400,0.1980113387107849,0.00020824636158067733,0.74078369140625,0.25921630859375,2,869,687,0.14833155274391174,0.33998534083366394,0.38346219062805176,0.3724585473537445
46,1420,0.1980130821466446,0.00020824636158067733,0.74188232421875,0.25811767578125,2,871,688,0.14882971346378326,0.3393760323524475,0.3837403357028961,0.37185683846473694
46,1440,0.1977917104959488,0.00020824636158067733,0.74188232421875,0.25811767578125,2,878,684,0.14846308529376984,0.3395722210407257,0.38326331973075867,0.3717554211616516
46,1460,0.1973961591720581,0.00020824636158067733,0.7415771484375,0.2584228515625,2,874,687,0.14810258150100708,0.3388502895832062,0.38286644220352173,0.37104132771492004
46,1480,0.19714663922786713,0.00020824636158067733,0.74078369140625,0.25921630859375,2,874,683,0.14802943170070648,0.33751291036605835,0.38290080428123474,0.3696615695953369
46,1500,0.1966562718153,0.00020824636158067733,0.74200439453125,0.25799560546875,2,879,686,0.14757512509822845,0.3378153443336487,0.3823508024215698,0.36967968940734863
46,1520,0.19615349173545837,0.00020824636158067733,0.74267578125,0.25732421875,2,875,689,0.1470014750957489,0.33801352977752686,0.3816331624984741,0.3699789345264435
46,1540,0.19860044121742249,0.00020824636158067733,0.7413330078125,0.2586669921875,2,879,694,0.14959122240543365,0.3390596807003021,0.3847445845603943,0.3713894486427307
46,1560,0.19768214225769043,0.00020824636158067733,0.74029541015625,0.25970458984375,2,878,684,0.14835034310817719,0.3383038640022278,0.3830813765525818,0.3700708746910095
46,1580,0.19784530997276306,0.00020824636158067733,0.7430419921875,0.2569580078125,2,876,693,0.148430734872818,0.3407367765903473,0.3834209740161896,0.3726779818534851
46,1600,0.19687238335609436,0.00020824636158067733,0.7440185546875,0.2559814453125,2,879,691,0.14795096218585968,0.3390640914440155,0.38277190923690796,0.37107527256011963
46,1620,0.1967102289199829,0.00020824636158067733,0.742431640625,0.257568359375,2,875,689,0.1477394551038742,0.3378666937351227,0.382371187210083,0.3695147931575775
46,1640,0.19682511687278748,0.00020824636158067733,0.7420654296875,0.2579345703125,2,876,679,0.14798589050769806,0.33733323216438293,0.382716566324234,0.369141161441803
46,1660,0.197273388504982,0.00020824636158067733,0.7420654296875,0.2579345703125,2,885,685,0.14823855459690094,0.3383442461490631,0.38303375244140625,0.36987417936325073
46,1680,0.19707077741622925,0.00020824636158067733,0.743896484375,0.256103515625,2,884,682,0.1487906277179718,0.33730873465538025,0.38358059525489807,0.36901432275772095
46,1700,0.19754910469055176,0.00020824636158067733,0.74053955078125,0.25946044921875,2,886,689,0.1483127623796463,0.338077187538147,0.3832988440990448,0.37000778317451477
46,1720,0.19643263518810272,0.00020824636158067733,0.742919921875,0.257080078125,2,883,680,0.1478080302476883,0.33694988489151,0.38247257471084595,0.36831456422805786
46,1740,0.1974973827600479,0.00020824636158067733,0.74163818359375,0.25836181640625,2,887,686,0.14839054644107819,0.3384605348110199,0.3831389546394348,0.37015268206596375
46,1760,0.19622673094272614,0.00020824636158067733,0.7412109375,0.2587890625,2,878,685,0.14731818437576294,0.33630818128585815,0.38187605142593384,0.36772704124450684
46,1780,0.19563156366348267,0.00020824636158067733,0.74462890625,0.25537109375,2,881,684,0.1473076045513153,0.3365378677845001,0.3819182217121124,0.36780092120170593
46,1800,0.19564737379550934,0.00020824636158067733,0.74371337890625,0.25628662109375,2,877,684,0.14684806764125824,0.3372572064399719,0.38149601221084595,0.368754506111145
46,1820,0.1950131505727768,0.00020824636158067733,0.742919921875,0.257080078125,2,883,687,0.14614008367061615,0.3362484574317932,0.3805667459964752,0.36746901273727417
46,1840,0.19658860564231873,0.00020824636158067733,0.73956298828125,0.26043701171875,2,892,683,0.1472911834716797,0.33657845854759216,0.381850928068161,0.36811375617980957
46,1860,0.19648709893226624,0.00020824636158067733,0.74102783203125,0.25897216796875,2,893,681,0.1476309448480606,0.3362850248813629,0.38219794631004333,0.3677707314491272
46,1880,0.19545289874076843,0.00020824636158067733,0.74212646484375,0.25787353515625,2,888,679,0.14660987257957458,0.3360167145729065,0.3812877833843231,0.3674209415912628
46,1900,0.19513724744319916,0.00020824636158067733,0.74188232421875,0.25811767578125,2,890,680,0.14631792902946472,0.3354537785053253,0.38069427013397217,0.36646485328674316
46,1920,0.19593699276447296,0.00020824636158067733,0.740966796875,0.259033203125,2,891,678,0.14714151620864868,0.33551687002182007,0.3817547559738159,0.36665353178977966
46,1940,0.19671863317489624,0.00020824636158067733,0.7398681640625,0.2601318359375,2,892,683,0.14772018790245056,0.3360801935195923,0.38218143582344055,0.3672555685043335
46,1960,0.19645345211029053,0.00020824636158067733,0.7408447265625,0.2591552734375,2,894,687,0.1474926769733429,0.33641719818115234,0.38183680176734924,0.36754143238067627
46,1980,0.19644573330879211,0.00020824636158067733,0.74151611328125,0.25848388671875,2,893,686,0.14740552008152008,0.3371279835700989,0.3818657398223877,0.36835435032844543
46,2000,0.19554077088832855,0.00020824636158067733,0.7430419921875,0.2569580078125,2,893,686,0.1468694508075714,0.33628296852111816,0.3811560869216919,0.3673712909221649
47,0,0.7132543325424194,0.00020824636158067733,0.54058837890625,0.45941162109375,2,1332,1135,0.6208370327949524,0.822001576423645,0.7235851883888245,0.7076432704925537
47,20,0.5120116472244263,0.00020824636158067733,0.61590576171875,0.38409423828125,2,1303,1095,0.4245394170284271,0.652275800704956,0.6346802711486816,0.6292804479598999
47,40,0.3780626654624939,0.00020824636158067733,0.6639404296875,0.3360595703125,2,1219,992,0.3020283877849579,0.5282807350158691,0.5487024188041687,0.5539085865020752
47,60,0.31084325909614563,0.00020824636158067733,0.6932373046875,0.3067626953125,2,1128,911,0.24750298261642456,0.4539825916290283,0.49687862396240234,0.4956023395061493
47,80,0.27940523624420166,0.00020824636158067733,0.70037841796875,0.29962158203125,2,1073,827,0.22159485518932343,0.4145393967628479,0.4700344502925873,0.45813053846359253
47,100,0.2608751654624939,0.00020824636158067733,0.705810546875,0.294189453125,2,1031,788,0.20496439933776855,0.3950147032737732,0.4525715112686157,0.4358361065387726
47,120,0.2467377781867981,0.00020824636158067733,0.706787109375,0.293212890625,2,991,755,0.19146275520324707,0.3799777328968048,0.4374265670776367,0.41762906312942505
47,140,0.23491476476192474,0.00020824636158067733,0.710205078125,0.289794921875,2,960,738,0.18035216629505157,0.36863216757774353,0.424463152885437,0.40331166982650757
47,160,0.22700130939483643,0.00020824636158067733,0.71258544921875,0.28741455078125,2,933,722,0.1735066920518875,0.35963019728660583,0.4160802960395813,0.39186468720436096
47,180,0.22186215221881866,0.00020824636158067733,0.7109375,0.2890625,2,912,699,0.1691068559885025,0.3516116142272949,0.41039761900901794,0.38287559151649475
47,200,0.2177065908908844,0.00020824636158067733,0.71783447265625,0.28216552734375,2,910,699,0.16651701927185059,0.3479338586330414,0.406619668006897,0.3773673176765442
47,220,0.21349021792411804,0.00020824636158067733,0.7213134765625,0.2786865234375,2,896,683,0.16284459829330444,0.34457430243492126,0.4020550549030304,0.37287309765815735
47,240,0.21103283762931824,0.00020824636158067733,0.7235107421875,0.2764892578125,2,887,678,0.16071949899196625,0.3426915407180786,0.39943942427635193,0.37077754735946655
47,260,0.21138788759708405,0.00020824636158067733,0.71923828125,0.28076171875,2,888,669,0.1609552949666977,0.34058308601379395,0.39923715591430664,0.36976367235183716
47,280,0.20960044860839844,0.00020824636158067733,0.72314453125,0.27685546875,2,880,673,0.1591900736093521,0.3412720263004303,0.39725589752197266,0.3701472282409668
47,300,0.20996376872062683,0.00020824636158067733,0.72174072265625,0.27825927734375,2,880,682,0.15936700999736786,0.34120017290115356,0.39731624722480774,0.3708330988883972
47,320,0.2085094451904297,0.00020824636158067733,0.72247314453125,0.27752685546875,2,872,672,0.15747606754302979,0.341362327337265,0.39514777064323425,0.3707389235496521
47,340,0.20887209475040436,0.00020824636158067733,0.720703125,0.279296875,2,875,680,0.15731912851333618,0.34190040826797485,0.39492902159690857,0.37209561467170715
47,360,0.20896828174591064,0.00020824636158067733,0.7220458984375,0.2779541015625,2,878,677,0.1573781818151474,0.34298473596572876,0.39459148049354553,0.37350520491600037
47,380,0.20715975761413574,0.00020824636158067733,0.72357177734375,0.27642822265625,2,870,673,0.1554930955171585,0.3424011766910553,0.3925133943557739,0.3726222515106201
47,400,0.20692062377929688,0.00020824636158067733,0.7235107421875,0.2764892578125,2,865,676,0.1547798216342926,0.34336143732070923,0.39162686467170715,0.374176025390625
47,420,0.20643150806427002,0.00020824636158067733,0.7255859375,0.2744140625,2,865,674,0.1549418866634369,0.34257665276527405,0.39187872409820557,0.3734890818595886
47,440,0.2063690721988678,0.00020824636158067733,0.72564697265625,0.27435302734375,2,864,677,0.15466640889644623,0.343119353055954,0.39134374260902405,0.37422776222229004
47,460,0.20575334131717682,0.00020824636158067733,0.7242431640625,0.2757568359375,2,860,680,0.15380047261714935,0.3422014117240906,0.39009350538253784,0.3735266923904419
47,480,0.20536740124225616,0.00020824636158067733,0.728271484375,0.271728515625,2,866,679,0.15381565690040588,0.3435335159301758,0.3904877007007599,0.3755077123641968
47,500,0.20606215298175812,0.00020824636158067733,0.72528076171875,0.27471923828125,2,860,687,0.15381060540676117,0.3440104126930237,0.39029842615127563,0.3762865662574768
47,520,0.2051682323217392,0.00020824636158067733,0.72674560546875,0.27325439453125,2,860,686,0.1529197245836258,0.3441280722618103,0.38907888531684875,0.3764021396636963
47,540,0.20311608910560608,0.00020824636158067733,0.7340087890625,0.2659912109375,2,858,678,0.15273526310920715,0.34214314818382263,0.3891390264034271,0.3739369213581085
47,560,0.2050427794456482,0.00020824636158067733,0.727294921875,0.272705078125,2,868,684,0.15285150706768036,0.3442350924015045,0.38890212774276733,0.3773000240325928
47,580,0.20349059998989105,0.00020824636158067733,0.73126220703125,0.26873779296875,2,863,688,0.1519651710987091,0.3436964452266693,0.3880852460861206,0.3763791620731354
47,600,0.2038673460483551,0.00020824636158067733,0.732421875,0.267578125,2,867,690,0.15294960141181946,0.34324073791503906,0.3892715275287628,0.37636661529541016
47,620,0.20425176620483398,0.00020824636158067733,0.732421875,0.267578125,2,865,692,0.15300367772579193,0.3445293605327606,0.3892354667186737,0.37778812646865845
47,640,0.20312663912773132,0.00020824636158067733,0.73614501953125,0.26385498046875,2,862,694,0.15257932245731354,0.34415167570114136,0.3888014853000641,0.37754175066947937
47,660,0.20275039970874786,0.00020824636158067733,0.73455810546875,0.26544189453125,2,861,692,0.15156686305999756,0.34439072012901306,0.38727474212646484,0.37749385833740234
47,680,0.20197395980358124,0.00020824636158067733,0.736083984375,0.263916015625,2,857,690,0.1508876532316208,0.34445804357528687,0.38653773069381714,0.37772735953330994
47,700,0.20195822417736053,0.00020824636158067733,0.73712158203125,0.26287841796875,2,859,694,0.1509099304676056,0.34509971737861633,0.3867717981338501,0.3788961172103882
47,720,0.20193719863891602,0.00020824636158067733,0.7391357421875,0.2608642578125,2,862,689,0.1513727754354477,0.3452070951461792,0.38722220063209534,0.3791205585002899
47,740,0.2028917372226715,0.00020824636158067733,0.738037109375,0.261962890625,2,864,688,0.15239514410495758,0.34515756368637085,0.3882419168949127,0.37925076484680176
47,760,0.20186114311218262,0.00020824636158067733,0.73919677734375,0.26080322265625,2,859,686,0.15135346353054047,0.3450154960155487,0.38725408911705017,0.3789670169353485
47,780,0.20237188041210175,0.00020824636158067733,0.7369384765625,0.2630615234375,2,868,692,0.15136027336120605,0.3452754020690918,0.38716059923171997,0.37959301471710205
47,800,0.20171602070331573,0.00020824636158067733,0.7386474609375,0.2613525390625,2,866,690,0.15100359916687012,0.34504202008247375,0.3864993751049042,0.3791281580924988
47,820,0.2000053972005844,0.00020824636158067733,0.74139404296875,0.25860595703125,2,864,683,0.14989005029201508,0.34368041157722473,0.38536176085472107,0.37733083963394165
47,840,0.20028585195541382,0.00020824636158067733,0.74365234375,0.25634765625,2,863,691,0.15034998953342438,0.34514743089675903,0.3857039511203766,0.3787444829940796
47,860,0.20139184594154358,0.00020824636158067733,0.7413330078125,0.2586669921875,2,868,698,0.1509995460510254,0.34581494331359863,0.3864525556564331,0.3797556459903717
47,880,0.20059600472450256,0.00020824636158067733,0.74267578125,0.25732421875,2,863,689,0.15093740820884705,0.34391817450523376,0.38622573018074036,0.37778282165527344
47,900,0.20066212117671967,0.00020824636158067733,0.7398681640625,0.2601318359375,2,863,687,0.15028609335422516,0.34394195675849915,0.3857760727405548,0.3780980408191681
47,920,0.200625941157341,0.00020824636158067733,0.74224853515625,0.25775146484375,2,865,690,0.15065476298332214,0.34452828764915466,0.3858780860900879,0.3782360851764679
47,940,0.19913120567798615,0.00020824636158067733,0.74359130859375,0.25640869140625,2,865,690,0.1492656171321869,0.34374260902404785,0.38449203968048096,0.3774760663509369
47,960,0.19964443147182465,0.00020824636158067733,0.74456787109375,0.25543212890625,2,868,688,0.14979501068592072,0.34495219588279724,0.3850845396518707,0.37894460558891296
47,980,0.19943074882030487,0.00020824636158067733,0.7425537109375,0.2574462890625,2,863,694,0.14942684769630432,0.3436572551727295,0.38455700874328613,0.37728986144065857
47,1000,0.19981597363948822,0.00020824636158067733,0.74249267578125,0.25750732421875,2,860,690,0.15005886554718018,0.34328484535217285,0.385294646024704,0.3772600293159485
47,1020,0.1996040642261505,0.00020824636158067733,0.74267578125,0.25732421875,2,866,691,0.149565652012825,0.3440222442150116,0.3845941126346588,0.3777957856655121
47,1040,0.19849532842636108,0.00020824636158067733,0.74468994140625,0.25531005859375,2,867,689,0.148978129029274,0.3429274260997772,0.38393113017082214,0.3765923082828522
47,1060,0.19925488531589508,0.00020824636158067733,0.74542236328125,0.25457763671875,2,872,692,0.14961349964141846,0.3446086347103119,0.3849053978919983,0.37880024313926697
47,1080,0.19960662722587585,0.00020824636158067733,0.7435302734375,0.2564697265625,2,871,690,0.14987047016620636,0.3437964916229248,0.3852410912513733,0.3779048025608063
47,1100,0.198335662484169,0.00020824636158067733,0.7467041015625,0.2532958984375,2,872,692,0.14939925074577332,0.3425979018211365,0.38464388251304626,0.37624791264533997
47,1120,0.20114830136299133,0.00020824636158067733,0.74505615234375,0.25494384765625,2,883,696,0.15198595821857452,0.3448219895362854,0.3871617317199707,0.3786957561969757
47,1140,0.19920124113559723,0.00020824636158067733,0.74560546875,0.25439453125,2,873,694,0.1500755399465561,0.3431839048862457,0.38564199209213257,0.37694457173347473
47,1160,0.19852879643440247,0.00020824636158067733,0.74591064453125,0.25408935546875,2,871,687,0.14976012706756592,0.34169521927833557,0.38505253195762634,0.37520134449005127
47,1180,0.19845958054065704,0.00020824636158067733,0.74542236328125,0.25457763671875,2,874,693,0.14925849437713623,0.34252405166625977,0.38434159755706787,0.3758838176727295
47,1200,0.19854597747325897,0.00020824636158067733,0.745849609375,0.254150390625,2,872,689,0.14964677393436432,0.34204933047294617,0.3845391869544983,0.3753489553928375
47,1220,0.1977413445711136,0.00020824636158067733,0.74725341796875,0.25274658203125,2,872,691,0.14903993904590607,0.3417285978794098,0.3840932250022888,0.3748590350151062
47,1240,0.19746698439121246,0.00020824636158067733,0.7486572265625,0.2513427734375,2,880,687,0.1488778293132782,0.34219619631767273,0.3839891850948334,0.3754728138446808
47,1260,0.19754260778427124,0.00020824636158067733,0.7493896484375,0.2506103515625,2,877,688,0.14935186505317688,0.3416454792022705,0.384278267621994,0.3746688961982727
47,1280,0.19838444888591766,0.00020824636158067733,0.7476806640625,0.2523193359375,2,879,690,0.15006226301193237,0.3415743112564087,0.38513603806495667,0.37492769956588745
47,1300,0.19876214861869812,0.00020824636158067733,0.74591064453125,0.25408935546875,2,880,688,0.1500718742609024,0.34169846773147583,0.3850557208061218,0.37510618567466736
47,1320,0.19804036617279053,0.00020824636158067733,0.7469482421875,0.2530517578125,2,879,690,0.14934267103672028,0.34178438782691956,0.3842913806438446,0.374951034784317
47,1340,0.19811852276325226,0.00020824636158067733,0.74688720703125,0.25311279296875,2,884,683,0.1493941843509674,0.34189465641975403,0.3845197558403015,0.3750011622905731
47,1360,0.19767865538597107,0.00020824636158067733,0.74609375,0.25390625,2,884,683,0.14896313846111298,0.3408273160457611,0.3840852677822113,0.3738938271999359
47,1380,0.19773174822330475,0.00020824636158067733,0.747802734375,0.252197265625,2,885,688,0.14948111772537231,0.34080207347869873,0.3845796585083008,0.37387987971305847
47,1400,0.19696295261383057,0.00020824636158067733,0.7479248046875,0.2520751953125,2,878,687,0.14864002168178558,0.3403405547142029,0.3837396800518036,0.373028039932251
47,1420,0.19793249666690826,0.00020824636158067733,0.7479248046875,0.2520751953125,2,878,691,0.1492639034986496,0.34233567118644714,0.3842194974422455,0.3754088282585144
47,1440,0.1971118450164795,0.00020824636158067733,0.7489013671875,0.2510986328125,2,887,693,0.149460569024086,0.3392316699028015,0.38426148891448975,0.37143969535827637
47,1460,0.19852229952812195,0.00020824636158067733,0.74591064453125,0.25408935546875,2,885,695,0.14998333156108856,0.3410143256187439,0.3851664066314697,0.3743603527545929
47,1480,0.1970248818397522,0.00020824636158067733,0.7469482421875,0.2530517578125,2,881,685,0.1487261801958084,0.33959099650382996,0.3837202787399292,0.3720628619194031
47,1500,0.19740912318229675,0.00020824636158067733,0.7464599609375,0.2535400390625,2,888,686,0.1494109183549881,0.33872297406196594,0.38435569405555725,0.3713333308696747
47,1520,0.1968955397605896,0.00020824636158067733,0.74676513671875,0.25323486328125,2,884,683,0.14883144199848175,0.33863192796707153,0.38370102643966675,0.37099769711494446
47,1540,0.19732290506362915,0.00020824636158067733,0.7462158203125,0.2537841796875,2,884,691,0.14906887710094452,0.3392069339752197,0.3840135335922241,0.3714486360549927
47,1560,0.19777441024780273,0.00020824636158067733,0.74481201171875,0.25518798828125,2,887,694,0.14898259937763214,0.34018200635910034,0.3840389549732208,0.3728906810283661
47,1580,0.19847901165485382,0.00020824636158067733,0.74603271484375,0.25396728515625,2,891,691,0.1497534215450287,0.3416111171245575,0.38489291071891785,0.37465381622314453
47,1600,0.1974114328622818,0.00020824636158067733,0.74725341796875,0.25274658203125,2,886,691,0.14907342195510864,0.3403243124485016,0.3839583098888397,0.3730708360671997
47,1620,0.1971055269241333,0.00020824636158067733,0.74896240234375,0.25103759765625,2,883,694,0.1490432769060135,0.3404976427555084,0.3836914300918579,0.37259572744369507
47,1640,0.1985291838645935,0.00020824636158067733,0.74658203125,0.25341796875,2,884,695,0.15039010345935822,0.34034934639930725,0.3854556977748871,0.37325817346572876
47,1660,0.19828608632087708,0.00020824636158067733,0.7457275390625,0.2542724609375,2,893,692,0.14961807429790497,0.3410190939903259,0.3847399950027466,0.374039888381958
47,1680,0.19606243073940277,0.00020824636158067733,0.74774169921875,0.25225830078125,2,888,684,0.147699773311615,0.33941853046417236,0.38224607706069946,0.3714113235473633
47,1700,0.19736851751804352,0.00020824636158067733,0.7462158203125,0.2537841796875,2,891,689,0.14908453822135925,0.33934059739112854,0.38399365544319153,0.3717585504055023
47,1720,0.19702506065368652,0.00020824636158067733,0.74609375,0.25390625,2,887,691,0.1485690027475357,0.33941125869750977,0.38345178961753845,0.3717222511768341
47,1740,0.19676649570465088,0.00020824636158067733,0.7469482421875,0.2530517578125,2,896,689,0.14840704202651978,0.33951205015182495,0.38308048248291016,0.37180784344673157
47,1760,0.19676519930362701,0.00020824636158067733,0.74603271484375,0.25396728515625,2,889,688,0.1481216847896576,0.3396562933921814,0.38278424739837646,0.3720443546772003
47,1780,0.19693997502326965,0.00020824636158067733,0.7462158203125,0.2537841796875,2,886,688,0.14875750243663788,0.3386135995388031,0.3833988606929779,0.3709688186645508
47,1800,0.1973857581615448,0.00020824636158067733,0.745361328125,0.254638671875,2,888,689,0.14889608323574066,0.3393215537071228,0.38362595438957214,0.3717462718486786
47,1820,0.19702507555484772,0.00020824636158067733,0.7452392578125,0.2547607421875,2,890,690,0.14837220311164856,0.33934688568115234,0.38304194808006287,0.3715711832046509
47,1840,0.1967928111553192,0.00020824636158067733,0.74530029296875,0.25469970703125,2,889,686,0.14832377433776855,0.33862245082855225,0.3829421103000641,0.37109866738319397
47,1860,0.19727003574371338,0.00020824636158067733,0.74444580078125,0.25555419921875,2,898,686,0.14867962896823883,0.33881697058677673,0.38322463631629944,0.37101662158966064
47,1880,0.19654253125190735,0.00020824636158067733,0.74395751953125,0.25604248046875,2,885,686,0.14754924178123474,0.33889755606651306,0.3822266757488251,0.3712013363838196
47,1900,0.19707956910133362,0.00020824636158067733,0.74456787109375,0.25543212890625,2,890,681,0.14881329238414764,0.33777257800102234,0.3832622170448303,0.36980298161506653
47,1920,0.1974409520626068,0.00020824636158067733,0.744384765625,0.255615234375,2,891,681,0.14888761937618256,0.33883461356163025,0.38367924094200134,0.3711426258087158
47,1940,0.1968223750591278,0.00020824636158067733,0.74566650390625,0.25433349609375,2,890,686,0.14827197790145874,0.3391646146774292,0.3828778564929962,0.3713259696960449
47,1960,0.19713188707828522,0.00020824636158067733,0.7451171875,0.2548828125,2,887,692,0.14851848781108856,0.3392469584941864,0.3831615447998047,0.3716539740562439
47,1980,0.1959911733865738,0.00020824636158067733,0.74664306640625,0.25335693359375,2,887,683,0.14763769507408142,0.33848899602890015,0.38218051195144653,0.37037479877471924
47,2000,0.19685925543308258,0.00020824636158067733,0.7447509765625,0.2552490234375,2,892,684,0.1484183669090271,0.3381972908973694,0.3830660283565521,0.3698892295360565
48,0,0.8664990067481995,0.00020824636158067733,0.6500244140625,0.3499755859375,2,1340,1085,0.7984694242477417,0.9928531646728516,0.7597692608833313,0.7218818068504333
48,20,0.6604530811309814,0.00020824636158067733,0.66357421875,0.33642578125,2,1335,1079,0.6007037162780762,0.7783042192459106,0.6941075325012207,0.6530391573905945
48,40,0.4882044792175293,0.00020824636158067733,0.6768798828125,0.3231201171875,2,1296,1007,0.43374738097190857,0.6022825241088867,0.6221937537193298,0.5773218870162964
48,60,0.3727591633796692,0.00020824636158067733,0.69378662109375,0.30621337890625,2,1231,886,0.32723119854927063,0.4759117364883423,0.5605549812316895,0.5033221244812012
48,80,0.3103739619255066,0.00020824636158067733,0.69940185546875,0.30059814453125,2,1167,784,0.2684239149093628,0.40797901153564453,0.5152499675750732,0.44825756549835205
48,100,0.27827632427215576,0.00020824636158067733,0.70135498046875,0.29864501953125,2,1109,723,0.2369728684425354,0.3752758204936981,0.48567527532577515,0.4132291078567505
48,120,0.26263636350631714,0.00020824636158067733,0.69940185546875,0.30059814453125,2,1070,693,0.2204967588186264,0.36068251729011536,0.4688815772533417,0.39568427205085754
48,140,0.25299566984176636,0.00020824636158067733,0.69781494140625,0.30218505859375,2,1043,678,0.20955821871757507,0.3533027470111847,0.45705726742744446,0.3861355781555176
48,160,0.24437402188777924,0.00020824636158067733,0.70489501953125,0.29510498046875,2,1027,673,0.2009490579366684,0.34809988737106323,0.44735267758369446,0.37790775299072266
48,180,0.23903430998325348,0.00020824636158067733,0.70404052734375,0.29595947265625,2,1009,664,0.19479447603225708,0.3442738354206085,0.4400053918361664,0.37222960591316223
48,200,0.23440563678741455,0.00020824636158067733,0.7071533203125,0.2928466796875,2,990,657,0.19011731445789337,0.341351181268692,0.4345594644546509,0.3677271604537964
48,220,0.22844354808330536,0.00020824636158067733,0.7147216796875,0.2852783203125,2,976,646,0.18501807749271393,0.33723944425582886,0.4286324083805084,0.3615929186344147
48,240,0.22578610479831696,0.00020824636158067733,0.714599609375,0.285400390625,2,966,632,0.1825600117444992,0.3340177834033966,0.42546629905700684,0.3580033481121063
48,260,0.223831444978714,0.00020824636158067733,0.715576171875,0.284423828125,2,959,641,0.18012043833732605,0.3338031470775604,0.4228818416595459,0.3577686548233032
48,280,0.2211155891418457,0.00020824636158067733,0.7181396484375,0.2818603515625,2,962,637,0.178036630153656,0.33087456226348877,0.4202684760093689,0.354216605424881
48,300,0.21945779025554657,0.00020824636158067733,0.71929931640625,0.28070068359375,2,963,635,0.1765730232000351,0.32935062050819397,0.41842183470726013,0.35300159454345703
48,320,0.21797236800193787,0.00020824636158067733,0.72296142578125,0.27703857421875,2,951,636,0.17476774752140045,0.33071935176849365,0.41642317175865173,0.3553773760795593
48,340,0.2160019874572754,0.00020824636158067733,0.7275390625,0.2724609375,2,949,638,0.17280419170856476,0.3313509523868561,0.4138812720775604,0.356123149394989
48,360,0.21523338556289673,0.00020824636158067733,0.7286376953125,0.2713623046875,2,950,643,0.1715305894613266,0.33258020877838135,0.4122830331325531,0.35817113518714905
48,380,0.21303147077560425,0.00020824636158067733,0.73193359375,0.26806640625,2,936,645,0.16918295621871948,0.3327562212944031,0.4096392095088959,0.35855358839035034
48,400,0.2123008668422699,0.00020824636158067733,0.73126220703125,0.26873779296875,2,937,643,0.16803157329559326,0.3327620029449463,0.4080081582069397,0.3591923415660858
48,420,0.21164605021476746,0.00020824636158067733,0.7349853515625,0.2650146484375,2,936,650,0.16722343862056732,0.334846556186676,0.4070390462875366,0.36131852865219116
48,440,0.21192461252212524,0.00020824636158067733,0.73065185546875,0.26934814453125,2,936,650,0.1666504442691803,0.33473828434944153,0.40638023614883423,0.36286360025405884
48,460,0.2110607773065567,0.00020824636158067733,0.73712158203125,0.26287841796875,2,938,659,0.16603891551494598,0.3373038172721863,0.4059160351753235,0.3656359314918518
48,480,0.21068091690540314,0.00020824636158067733,0.7349853515625,0.2650146484375,2,941,668,0.16504570841789246,0.33724445104599,0.4045599400997162,0.36612874269485474
48,500,0.20985156297683716,0.00020824636158067733,0.7352294921875,0.2647705078125,2,926,656,0.1641419529914856,0.3367805480957031,0.4030835032463074,0.36588338017463684
48,520,0.20872578024864197,0.00020824636158067733,0.737548828125,0.262451171875,2,918,660,0.16294826567173004,0.33737123012542725,0.40182235836982727,0.3666742742061615
48,540,0.20815855264663696,0.00020824636158067733,0.7406005859375,0.2593994140625,2,921,659,0.1624613255262375,0.33862680196762085,0.40119853615760803,0.3681536912918091
48,560,0.20739805698394775,0.00020824636158067733,0.7403564453125,0.2596435546875,2,922,670,0.16128374636173248,0.33888986706733704,0.39959853887557983,0.368999183177948
48,580,0.20760777592658997,0.00020824636158067733,0.7401123046875,0.2598876953125,2,922,670,0.16143181920051575,0.339108407497406,0.39977553486824036,0.3690478205680847
48,600,0.20590046048164368,0.00020824636158067733,0.7421875,0.2578125,2,915,664,0.1598425954580307,0.3384912610054016,0.3977217972278595,0.36863815784454346
48,620,0.20775480568408966,0.00020824636158067733,0.73712158203125,0.26287841796875,2,919,671,0.16040244698524475,0.34053269028663635,0.3982870280742645,0.3716074824333191
48,640,0.20491673052310944,0.00020824636158067733,0.7440185546875,0.2559814453125,2,921,667,0.1592337191104889,0.3376958668231964,0.3967103958129883,0.367982417345047
48,660,0.20586104691028595,0.00020824636158067733,0.74163818359375,0.25836181640625,2,911,674,0.1592962145805359,0.33952730894088745,0.39708006381988525,0.37031611800193787
48,680,0.2049989551305771,0.00020824636158067733,0.74334716796875,0.25665283203125,2,916,672,0.15871891379356384,0.3390404284000397,0.3962482511997223,0.3698951303958893
48,700,0.20474019646644592,0.00020824636158067733,0.7447509765625,0.2552490234375,2,916,670,0.1587560772895813,0.33890998363494873,0.39628997445106506,0.3700999319553375
48,720,0.2042645514011383,0.00020824636158067733,0.7451171875,0.2548828125,2,915,672,0.15766257047653198,0.3404994010925293,0.39506784081459045,0.371815025806427
48,740,0.20443406701087952,0.00020824636158067733,0.74249267578125,0.25750732421875,2,918,676,0.1577836275100708,0.3389451801776886,0.395006000995636,0.3702501952648163
48,760,0.20424631237983704,0.00020824636158067733,0.7435302734375,0.2564697265625,2,915,672,0.15727661550045013,0.34041598439216614,0.3941870927810669,0.3716762065887451
48,780,0.2041112780570984,0.00020824636158067733,0.74346923828125,0.25653076171875,2,907,676,0.15730173885822296,0.33977314829826355,0.39438799023628235,0.37157195806503296
48,800,0.2035776823759079,0.00020824636158067733,0.74481201171875,0.25518798828125,2,916,670,0.15720988810062408,0.3389104902744293,0.3940892219543457,0.37057051062583923
48,820,0.20292027294635773,0.00020824636158067733,0.74542236328125,0.25457763671875,2,907,671,0.15644468367099762,0.339004248380661,0.3932444751262665,0.3706012964248657
48,840,0.2033594250679016,0.00020824636158067733,0.744873046875,0.255126953125,2,914,678,0.15660947561264038,0.33985140919685364,0.3932547867298126,0.37154191732406616
48,860,0.20340415835380554,0.00020824636158067733,0.74554443359375,0.25445556640625,2,915,673,0.1565321683883667,0.34073716402053833,0.393423855304718,0.372965544462204
48,880,0.20323069393634796,0.00020824636158067733,0.7471923828125,0.2528076171875,2,915,681,0.1566019356250763,0.34104564785957336,0.39365291595458984,0.37316277623176575
48,900,0.20174336433410645,0.00020824636158067733,0.7493896484375,0.2506103515625,2,907,671,0.15568459033966064,0.3394709527492523,0.3924497067928314,0.37094351649284363
48,920,0.20286984741687775,0.00020824636158067733,0.7481689453125,0.2518310546875,2,918,683,0.15629924833774567,0.3412272036075592,0.3931153118610382,0.3733218312263489
48,940,0.20322664082050323,0.00020824636158067733,0.7459716796875,0.2540283203125,2,917,679,0.15600045025348663,0.3419095575809479,0.3926581144332886,0.3742895722389221
48,960,0.20232227444648743,0.00020824636158067733,0.74774169921875,0.25225830078125,2,911,670,0.155659481883049,0.3406396806240082,0.39236265420913696,0.372742623090744
48,980,0.20136284828186035,0.00020824636158067733,0.7496337890625,0.2503662109375,2,909,662,0.15478266775608063,0.34083080291748047,0.39137324690818787,0.37287020683288574
48,1000,0.20225533843040466,0.00020824636158067733,0.746337890625,0.253662109375,2,907,674,0.15498317778110504,0.34134188294410706,0.39124220609664917,0.3738834261894226
48,1020,0.2022661566734314,0.00020824636158067733,0.74566650390625,0.25433349609375,2,908,671,0.15497657656669617,0.34091195464134216,0.39132556319236755,0.3734092116355896
48,1040,0.20126503705978394,0.00020824636158067733,0.7474365234375,0.2525634765625,2,909,675,0.15407446026802063,0.34092092514038086,0.3902837932109833,0.37350666522979736
48,1060,0.20177678763866425,0.00020824636158067733,0.74859619140625,0.25140380859375,2,911,680,0.1547444760799408,0.34182316064834595,0.39131486415863037,0.3742181062698364
48,1080,0.20006921887397766,0.00020824636158067733,0.74896240234375,0.25103759765625,2,903,677,0.15277595818042755,0.3411672115325928,0.38878417015075684,0.37374231219291687
48,1100,0.20228126645088196,0.00020824636158067733,0.7445068359375,0.2554931640625,2,911,681,0.15434156358242035,0.34197747707366943,0.39065253734588623,0.37483012676239014
48,1120,0.2013312429189682,0.00020824636158067733,0.74700927734375,0.25299072265625,2,904,678,0.15348996222019196,0.34259283542633057,0.38965877890586853,0.3754819333553314
48,1140,0.20112043619155884,0.00020824636158067733,0.74798583984375,0.25201416015625,2,902,686,0.1533021479845047,0.34304672479629517,0.3895213305950165,0.37598511576652527
48,1160,0.2019854635000229,0.00020824636158067733,0.745849609375,0.254150390625,2,907,682,0.1537417769432068,0.34356507658958435,0.38993605971336365,0.37690994143486023
48,1180,0.20131275057792664,0.00020824636158067733,0.74676513671875,0.25323486328125,2,906,677,0.15369965136051178,0.3417191803455353,0.38989904522895813,0.37482908368110657
48,1200,0.2005583941936493,0.00020824636158067733,0.74700927734375,0.25299072265625,2,905,683,0.1526002734899521,0.3421649634838104,0.3885658383369446,0.3752429485321045
48,1220,0.20100194215774536,0.00020824636158067733,0.7471923828125,0.2528076171875,2,905,684,0.15310265123844147,0.34257203340530396,0.3888212740421295,0.3752937614917755
48,1240,0.20076383650302887,0.00020824636158067733,0.74664306640625,0.25335693359375,2,905,687,0.1529509425163269,0.34166842699050903,0.38902807235717773,0.3747793436050415
48,1260,0.20070141553878784,0.00020824636158067733,0.74737548828125,0.25262451171875,2,910,692,0.15301519632339478,0.3417784571647644,0.38892483711242676,0.374725878238678
48,1280,0.2011416107416153,0.00020824636158067733,0.74493408203125,0.25506591796875,2,906,681,0.1530255675315857,0.3416672348976135,0.3889303207397461,0.3746303617954254
48,1300,0.20058205723762512,0.00020824636158067733,0.7462158203125,0.2537841796875,2,907,692,0.15254947543144226,0.34181490540504456,0.3884018361568451,0.3750758171081543
48,1320,0.20084139704704285,0.00020824636158067733,0.7442626953125,0.2557373046875,2,909,681,0.1527077853679657,0.34092286229133606,0.38832324743270874,0.3737376630306244
48,1340,0.20193272829055786,0.00020824636158067733,0.74267578125,0.25732421875,2,909,689,0.15346600115299225,0.34181490540504456,0.3889804482460022,0.3747558891773224
48,1360,0.2002633810043335,0.00020824636158067733,0.74615478515625,0.25384521484375,2,908,684,0.15214690566062927,0.3416973352432251,0.38772347569465637,0.37475529313087463
48,1380,0.20059946179389954,0.00020824636158067733,0.74652099609375,0.25347900390625,2,912,689,0.1528826653957367,0.34113016724586487,0.38882747292518616,0.3735538423061371
48,1400,0.2009042501449585,0.00020824636158067733,0.7449951171875,0.2550048828125,2,912,686,0.15246525406837463,0.3424184024333954,0.3880402445793152,0.3755492866039276
48,1420,0.19966991245746613,0.00020824636158067733,0.74609375,0.25390625,2,905,683,0.15153323113918304,0.34111765027046204,0.3869936764240265,0.37402263283729553
48,1440,0.19975785911083221,0.00020824636158067733,0.746826171875,0.253173828125,2,905,675,0.15189200639724731,0.3409551978111267,0.3874981701374054,0.3738900125026703
48,1460,0.19924770295619965,0.00020824636158067733,0.7493896484375,0.2506103515625,2,911,682,0.1518770009279251,0.340898334980011,0.3876190483570099,0.37344905734062195
48,1480,0.20077355206012726,0.00020824636158067733,0.7445068359375,0.2554931640625,2,911,685,0.15240919589996338,0.3417072296142578,0.38798031210899353,0.3748110234737396
48,1500,0.20029118657112122,0.00020824636158067733,0.74615478515625,0.25384521484375,2,908,676,0.1524658054113388,0.34086957573890686,0.38806894421577454,0.37380215525627136
48,1520,0.19960688054561615,0.00020824636158067733,0.74664306640625,0.25335693359375,2,911,672,0.15180526673793793,0.34047824144363403,0.38745787739753723,0.37339702248573303
48,1540,0.19853396713733673,0.00020824636158067733,0.7471923828125,0.2528076171875,2,903,672,0.15075843036174774,0.33973824977874756,0.3860435485839844,0.3723732829093933
48,1560,0.2002529501914978,0.00020824636158067733,0.74432373046875,0.25567626953125,2,909,678,0.15172219276428223,0.3415355384349823,0.3873928487300873,0.37490156292915344
48,1580,0.19986161589622498,0.00020824636158067733,0.74566650390625,0.25433349609375,2,912,676,0.15152257680892944,0.3415842056274414,0.3871634900569916,0.3743972182273865
48,1600,0.198990598320961,0.00020824636158067733,0.7469482421875,0.2530517578125,2,902,676,0.15107227861881256,0.3404340147972107,0.3865669071674347,0.3734394311904907
48,1620,0.20009155571460724,0.00020824636158067733,0.74468994140625,0.25531005859375,2,909,684,0.15157441794872284,0.34160664677619934,0.38714829087257385,0.3748683035373688
48,1640,0.2010909467935562,0.00020824636158067733,0.743408203125,0.256591796875,2,913,689,0.15201835334300995,0.343266099691391,0.38768261671066284,0.37615013122558594
48,1660,0.19877132773399353,0.00020824636158067733,0.74688720703125,0.25311279296875,2,905,682,0.1507493555545807,0.340474933385849,0.38606205582618713,0.3731299042701721
48,1680,0.1986904740333557,0.00020824636158067733,0.74652099609375,0.25347900390625,2,911,678,0.15071716904640198,0.3399766683578491,0.3860072195529938,0.37273967266082764
48,1700,0.20001094043254852,0.00020824636158067733,0.74334716796875,0.25665283203125,2,913,682,0.15151552855968475,0.3404688537120819,0.38637468218803406,0.3732662796974182
48,1720,0.19974856078624725,0.00020824636158067733,0.74310302734375,0.25689697265625,2,908,676,0.15107418596744537,0.34054455161094666,0.38638582825660706,0.37351614236831665
48,1740,0.19848111271858215,0.00020824636158067733,0.74658203125,0.25341796875,2,909,678,0.1505984216928482,0.339545875787735,0.38598769903182983,0.3721419870853424
48,1760,0.19980160892009735,0.00020824636158067733,0.7452392578125,0.2547607421875,2,914,689,0.1511218100786209,0.3422022759914398,0.3867163360118866,0.3749977648258209
48,1780,0.19951745867729187,0.00020824636158067733,0.744140625,0.255859375,2,914,678,0.15083624422550201,0.3411017656326294,0.38631105422973633,0.37394437193870544
48,1800,0.1991351693868637,0.00020824636158067733,0.7442626953125,0.2557373046875,2,910,683,0.15007252991199493,0.34192028641700745,0.38545161485671997,0.37478017807006836
48,1820,0.1994466781616211,0.00020824636158067733,0.74468994140625,0.25531005859375,2,911,680,0.15074212849140167,0.3415084481239319,0.385942280292511,0.37429705262184143
48,1840,0.19852404296398163,0.00020824636158067733,0.7467041015625,0.2532958984375,2,910,676,0.15052305161952972,0.34002870321273804,0.385700523853302,0.3723687529563904
48,1860,0.19736503064632416,0.00020824636158067733,0.7496337890625,0.2503662109375,2,910,675,0.1502249836921692,0.33850935101509094,0.3853805661201477,0.37077420949935913
48,1880,0.1977378875017166,0.00020824636158067733,0.74664306640625,0.25335693359375,2,904,675,0.14969581365585327,0.3393179476261139,0.38499313592910767,0.3716415762901306
48,1900,0.19805733859539032,0.00020824636158067733,0.7470703125,0.2529296875,2,910,675,0.1501237154006958,0.3396373391151428,0.3854210078716278,0.3718304932117462
48,1920,0.19844476878643036,0.00020824636158067733,0.7467041015625,0.2532958984375,2,907,675,0.1501208394765854,0.3409014642238617,0.385551780462265,0.3737044334411621
48,1940,0.19784486293792725,0.00020824636158067733,0.747802734375,0.252197265625,2,911,674,0.15033340454101562,0.33872348070144653,0.38554704189300537,0.37079647183418274
48,1960,0.19823713600635529,0.00020824636158067733,0.74395751953125,0.25604248046875,2,901,677,0.14974044263362885,0.3391491770744324,0.3850693702697754,0.3716995418071747
48,1980,0.19648325443267822,0.00020824636158067733,0.747802734375,0.252197265625,2,904,674,0.14886115491390228,0.3376898765563965,0.38356080651283264,0.36974799633026123
48,2000,0.19844591617584229,0.00020824636158067733,0.74530029296875,0.25469970703125,2,908,680,0.150360569357872,0.33915290236473083,0.3856514096260071,0.3713512420654297
49,0,0.8177340626716614,0.00020824636158067733,0.5762939453125,0.4237060546875,2,1338,1115,0.679446816444397,1.0058221817016602,0.7231155633926392,0.6196210384368896
49,20,0.609340250492096,0.00020824636158067733,0.60845947265625,0.39154052734375,2,1325,1071,0.5175754427909851,0.7519440054893494,0.6524760723114014,0.5761684775352478
49,40,0.4393632113933563,0.00020824636158067733,0.64874267578125,0.35125732421875,2,1267,964,0.3695053458213806,0.5683850049972534,0.5755264759063721,0.5194079279899597
49,60,0.32801973819732666,0.00020824636158067733,0.6807861328125,0.3192138671875,2,1151,852,0.27202314138412476,0.44744348526000977,0.5109819769859314,0.4597267508506775
49,80,0.2720795273780823,0.00020824636158067733,0.69354248046875,0.30645751953125,2,1059,749,0.22142265737056732,0.3867208957672119,0.4675346612930298,0.4164920747280121
49,100,0.24685224890708923,0.00020824636158067733,0.70245361328125,0.29754638671875,2,1001,701,0.19800081849098206,0.3621816039085388,0.4437280297279358,0.39191925525665283
49,120,0.23524031043052673,0.00020824636158067733,0.70953369140625,0.29046630859375,2,977,665,0.18762698769569397,0.3515472710132599,0.4319729506969452,0.378410667181015
49,140,0.229831263422966,0.00020824636158067733,0.7117919921875,0.2882080078125,2,958,661,0.1823432296514511,0.3471132218837738,0.4256049692630768,0.37193411588668823
49,160,0.22552181780338287,0.00020824636158067733,0.71514892578125,0.28485107421875,2,952,647,0.17857597768306732,0.3433842658996582,0.42112502455711365,0.36673504114151
49,180,0.2234601080417633,0.00020824636158067733,0.71490478515625,0.28509521484375,2,936,649,0.17628693580627441,0.3417515456676483,0.41809549927711487,0.3641064465045929
49,200,0.22149638831615448,0.00020824636158067733,0.71649169921875,0.28350830078125,2,937,652,0.17419274151325226,0.34104371070861816,0.4156215190887451,0.36246025562286377
49,220,0.2212294042110443,0.00020824636158067733,0.71356201171875,0.28643798828125,2,932,650,0.17299415171146393,0.341390997171402,0.41436833143234253,0.3629383146762848
49,240,0.2210230827331543,0.00020824636158067733,0.7098388671875,0.2901611328125,2,931,653,0.17216388881206512,0.3405503034591675,0.41305771470069885,0.3627626895904541
49,260,0.21919399499893188,0.00020824636158067733,0.71630859375,0.28369140625,2,934,649,0.17108027637004852,0.34067898988723755,0.41192692518234253,0.3624199628829956
49,280,0.21908001601696014,0.00020824636158067733,0.71429443359375,0.28570556640625,2,925,655,0.1705944687128067,0.3402990698814392,0.4112607538700104,0.36250442266464233
49,300,0.21888598799705505,0.00020824636158067733,0.71636962890625,0.28363037109375,2,934,654,0.17090144753456116,0.34008127450942993,0.41194629669189453,0.36356911063194275
49,320,0.2180749922990799,0.00020824636158067733,0.718994140625,0.281005859375,2,927,663,0.17029596865177155,0.3403245508670807,0.4111548960208893,0.36362946033477783
49,340,0.21742600202560425,0.00020824636158067733,0.721435546875,0.278564453125,2,935,654,0.1702057272195816,0.33971866965293884,0.41093990206718445,0.36353611946105957
49,360,0.21727555990219116,0.00020824636158067733,0.72216796875,0.27783203125,2,936,657,0.1702183187007904,0.33959123492240906,0.4112570881843567,0.36353814601898193
49,380,0.21580372750759125,0.00020824636158067733,0.72662353515625,0.27337646484375,2,936,651,0.16929157078266144,0.33943116664886475,0.409994900226593,0.3628232479095459
49,400,0.2145453691482544,0.00020824636158067733,0.730224609375,0.269775390625,2,931,660,0.1681647151708603,0.3400879204273224,0.4086306691169739,0.36393874883651733
49,420,0.2146126925945282,0.00020824636158067733,0.72821044921875,0.27178955078125,2,926,662,0.16810066998004913,0.3392331600189209,0.40878698229789734,0.3634568452835083
49,440,0.21335174143314362,0.00020824636158067733,0.73333740234375,0.26666259765625,2,927,653,0.16722159087657928,0.34021228551864624,0.4074394106864929,0.364333838224411
49,460,0.21277929842472076,0.00020824636158067733,0.73419189453125,0.26580810546875,2,921,666,0.1665610373020172,0.3404393196105957,0.40671131014823914,0.36478573083877563
49,480,0.21350789070129395,0.00020824636158067733,0.7283935546875,0.2716064453125,2,927,659,0.16663748025894165,0.3392048478126526,0.4067015051841736,0.36474424600601196
49,500,0.2126285284757614,0.00020824636158067733,0.7314453125,0.2685546875,2,930,665,0.1658758968114853,0.33996573090553284,0.40583422780036926,0.3657417893409729
49,520,0.21075007319450378,0.00020824636158067733,0.736572265625,0.263427734375,2,929,661,0.16477817296981812,0.33929240703582764,0.404537558555603,0.3649757206439972
49,540,0.20973239839076996,0.00020824636158067733,0.7359619140625,0.2640380859375,2,923,662,0.16383276879787445,0.33766984939575195,0.40329110622406006,0.36340951919555664
49,560,0.20930323004722595,0.00020824636158067733,0.73590087890625,0.26409912109375,2,922,653,0.16342468559741974,0.3371417820453644,0.4028027355670929,0.36321473121643066
49,580,0.20935694873332977,0.00020824636158067733,0.735107421875,0.264892578125,2,925,654,0.16348163783550262,0.33666613698005676,0.40259119868278503,0.3629792630672455
49,600,0.2093346118927002,0.00020824636158067733,0.73211669921875,0.26788330078125,2,919,651,0.16275298595428467,0.33664071559906006,0.4016686677932739,0.3635190427303314
49,620,0.2094944268465042,0.00020824636158067733,0.73175048828125,0.26824951171875,2,920,657,0.16261149942874908,0.33738502860069275,0.4015141427516937,0.3650874197483063
49,640,0.2095458060503006,0.00020824636158067733,0.7340087890625,0.2659912109375,2,918,663,0.16249434649944305,0.33938539028167725,0.4017106294631958,0.36764225363731384
49,660,0.20815300941467285,0.00020824636158067733,0.7352294921875,0.2647705078125,2,921,655,0.16124898195266724,0.3383987247943878,0.3998449146747589,0.3662315309047699
49,680,0.20805105566978455,0.00020824636158067733,0.73297119140625,0.26702880859375,2,910,662,0.16108766198158264,0.3369615375995636,0.3995882570743561,0.36514541506767273
49,700,0.20850303769111633,0.00020824636158067733,0.7318115234375,0.2681884765625,2,919,673,0.16084106266498566,0.33855924010276794,0.3993598520755768,0.36764612793922424
49,720,0.20832373201847076,0.00020824636158067733,0.73150634765625,0.26849365234375,2,916,676,0.16048313677310944,0.33866462111473083,0.3987552225589752,0.36828672885894775
49,740,0.20918580889701843,0.00020824636158067733,0.73077392578125,0.26922607421875,2,916,677,0.16072887182235718,0.3407149910926819,0.3989716172218323,0.37083369493484497
49,760,0.20798242092132568,0.00020824636158067733,0.7308349609375,0.2691650390625,2,909,674,0.16000956296920776,0.33823803067207336,0.39796921610832214,0.3684864938259125
49,780,0.20789948105812073,0.00020824636158067733,0.73248291015625,0.26751708984375,2,910,674,0.15977144241333008,0.3396778702735901,0.3979894816875458,0.3704368472099304
49,800,0.2071770578622818,0.00020824636158067733,0.73248291015625,0.26751708984375,2,902,672,0.15900938212871552,0.33906397223472595,0.3968246877193451,0.3698258697986603
49,820,0.20662061870098114,0.00020824636158067733,0.73468017578125,0.26531982421875,2,913,675,0.15890924632549286,0.3387351930141449,0.39681386947631836,0.36949265003204346
49,840,0.20708639919757843,0.00020824636158067733,0.73382568359375,0.26617431640625,2,916,682,0.15898174047470093,0.33970800042152405,0.3966338038444519,0.37096303701400757
49,860,0.20693865418434143,0.00020824636158067733,0.73468017578125,0.26531982421875,2,914,685,0.15884718298912048,0.34010565280914307,0.396718293428421,0.3714074492454529
49,880,0.20552584528923035,0.00020824636158067733,0.73614501953125,0.26385498046875,2,901,666,0.1577918827533722,0.33870169520378113,0.3952512741088867,0.36998242139816284
49,900,0.20610812306404114,0.00020824636158067733,0.7332763671875,0.2667236328125,2,896,671,0.15788871049880981,0.3386728763580322,0.39531418681144714,0.3699442744255066
49,920,0.20637409389019012,0.00020824636158067733,0.73236083984375,0.26763916015625,2,901,681,0.15740203857421875,0.3403799831867218,0.3946104645729065,0.3722439110279083
49,940,0.20483556389808655,0.00020824636158067733,0.73724365234375,0.26275634765625,2,899,671,0.15705695748329163,0.33889317512512207,0.3940763771533966,0.37005528807640076
49,960,0.20499488711357117,0.00020824636158067733,0.7362060546875,0.2637939453125,2,902,678,0.15665219724178314,0.3399115204811096,0.39353203773498535,0.37152624130249023
49,980,0.20529799163341522,0.00020824636158067733,0.7333984375,0.2666015625,2,901,673,0.15610629320144653,0.3406201899051666,0.39274656772613525,0.3725973963737488
49,1000,0.2047833800315857,0.00020824636158067733,0.73260498046875,0.26739501953125,2,901,679,0.15517094731330872,0.3407108187675476,0.39172089099884033,0.37315833568573
49,1020,0.20494133234024048,0.00020824636158067733,0.73284912109375,0.26715087890625,2,900,677,0.15557505190372467,0.340363085269928,0.3921501934528351,0.37247490882873535
49,1040,0.20400604605674744,0.00020824636158067733,0.73638916015625,0.26361083984375,2,896,679,0.15548376739025116,0.3395516872406006,0.3921956419944763,0.37136542797088623
49,1060,0.20416204631328583,0.00020824636158067733,0.738525390625,0.261474609375,2,901,683,0.15560698509216309,0.3413039743900299,0.39231956005096436,0.3735758364200592
49,1080,0.20359113812446594,0.00020824636158067733,0.73797607421875,0.26202392578125,2,902,677,0.15528622269630432,0.33963921666145325,0.39190465211868286,0.37174612283706665
49,1100,0.2045747935771942,0.00020824636158067733,0.73529052734375,0.26470947265625,2,894,675,0.15545572340488434,0.3410140573978424,0.3920081555843353,0.3736473619937897
49,1120,0.202943816781044,0.00020824636158067733,0.73748779296875,0.26251220703125,2,896,677,0.1543577015399933,0.3394389748573303,0.3905196189880371,0.37163248658180237
49,1140,0.2037333995103836,0.00020824636158067733,0.73773193359375,0.26226806640625,2,900,677,0.1552956998348236,0.33998343348503113,0.3920252323150635,0.3722367584705353
49,1160,0.20358139276504517,0.00020824636158067733,0.73712158203125,0.26287841796875,2,899,676,0.15463024377822876,0.3408423066139221,0.39106348156929016,0.3735063374042511
49,1180,0.2028118222951889,0.00020824636158067733,0.73919677734375,0.26080322265625,2,900,676,0.15460927784442902,0.3394327759742737,0.3911052346229553,0.37168267369270325
49,1200,0.2016627937555313,0.00020824636158067733,0.7396240234375,0.2603759765625,2,896,671,0.15330035984516144,0.3390410542488098,0.38940268754959106,0.3711090683937073
49,1220,0.2023361325263977,0.00020824636158067733,0.74127197265625,0.25872802734375,2,904,676,0.15423540771007538,0.34014779329299927,0.39026200771331787,0.37242603302001953
49,1240,0.20288851857185364,0.00020824636158067733,0.73883056640625,0.26116943359375,2,902,675,0.1542760133743286,0.3404099941253662,0.39064058661460876,0.37300264835357666
49,1260,0.20276038348674774,0.00020824636158067733,0.7379150390625,0.2620849609375,2,896,677,0.1543988138437271,0.3389250934123993,0.3908645212650299,0.3710065484046936
49,1280,0.20259790122509003,0.00020824636158067733,0.73944091796875,0.26055908203125,2,897,679,0.15433304011821747,0.3395688533782959,0.3906334638595581,0.3715378940105438
49,1300,0.20219601690769196,0.00020824636158067733,0.74072265625,0.25927734375,2,900,679,0.15422140061855316,0.33925342559814453,0.3903099000453949,0.3711937963962555
49,1320,0.20285671949386597,0.00020824636158067733,0.74053955078125,0.25946044921875,2,901,681,0.15447059273719788,0.34095802903175354,0.3909260630607605,0.37340858578681946
49,1340,0.20171622931957245,0.00020824636158067733,0.74114990234375,0.25885009765625,2,897,678,0.15372665226459503,0.33912190794944763,0.3897690176963806,0.37123847007751465
49,1360,0.20122338831424713,0.00020824636158067733,0.7421875,0.2578125,2,896,675,0.15318767726421356,0.3395080268383026,0.38943910598754883,0.37158796191215515
49,1380,0.20226526260375977,0.00020824636158067733,0.73760986328125,0.26239013671875,2,901,680,0.15331275761127472,0.33987653255462646,0.38931745290756226,0.37221166491508484
49,1400,0.20168763399124146,0.00020824636158067733,0.73907470703125,0.26092529296875,2,897,687,0.15294066071510315,0.33976414799690247,0.38903307914733887,0.3720403015613556
49,1420,0.20162159204483032,0.00020824636158067733,0.74310302734375,0.25689697265625,2,895,682,0.15358376502990723,0.3405764102935791,0.38950952887535095,0.3726184666156769
49,1440,0.20218448340892792,0.00020824636158067733,0.737548828125,0.262451171875,2,902,682,0.1531306952238083,0.3400369882583618,0.38923656940460205,0.372535765171051
49,1460,0.20080123841762543,0.00020824636158067733,0.7454833984375,0.2545166015625,2,896,680,0.1530587524175644,0.34063971042633057,0.389213502407074,0.3728679120540619
49,1480,0.20141711831092834,0.00020824636158067733,0.7418212890625,0.2581787109375,2,901,679,0.15300598740577698,0.34051620960235596,0.38888707756996155,0.37300723791122437
49,1500,0.20144730806350708,0.00020824636158067733,0.740966796875,0.259033203125,2,898,678,0.15298518538475037,0.3400735557079315,0.3890317678451538,0.3723762333393097
49,1520,0.20134855806827545,0.00020824636158067733,0.7423095703125,0.2576904296875,2,899,680,0.15309929847717285,0.3403365910053253,0.3890257179737091,0.37276726961135864
49,1540,0.20117025077342987,0.00020824636158067733,0.741943359375,0.258056640625,2,899,680,0.15237227082252502,0.3414701521396637,0.3883430063724518,0.3739472031593323
49,1560,0.20044076442718506,0.00020824636158067733,0.7432861328125,0.2567138671875,2,897,684,0.15211249887943268,0.3403697907924652,0.3878527879714966,0.37268832325935364
49,1580,0.20166319608688354,0.00020824636158067733,0.7406005859375,0.2593994140625,2,899,681,0.15268467366695404,0.34149980545043945,0.3886707127094269,0.37432408332824707
49,1600,0.20124904811382294,0.00020824636158067733,0.739501953125,0.260498046875,2,899,674,0.1522963047027588,0.34021610021591187,0.38808706402778625,0.3725212812423706
49,1620,0.2004595398902893,0.00020824636158067733,0.7447509765625,0.2552490234375,2,898,679,0.15240707993507385,0.34066423773765564,0.38817498087882996,0.3732324242591858
49,1640,0.19984737038612366,0.00020824636158067733,0.7427978515625,0.2572021484375,2,894,679,0.15156109631061554,0.3392977714538574,0.3869669735431671,0.37100815773010254
49,1660,0.2005205750465393,0.00020824636158067733,0.74249267578125,0.25750732421875,2,895,676,0.15187330543994904,0.34078946709632874,0.38770928978919983,0.37324661016464233
49,1680,0.20059143006801605,0.00020824636158067733,0.7413330078125,0.2586669921875,2,894,683,0.15169282257556915,0.34073349833488464,0.38728711009025574,0.37329262495040894
49,1700,0.2003210186958313,0.00020824636158067733,0.74200439453125,0.25799560546875,2,895,682,0.1518465280532837,0.33973532915115356,0.38753437995910645,0.37189748883247375
49,1720,0.20137251913547516,0.00020824636158067733,0.7420654296875,0.2579345703125,2,901,681,0.15294672548770905,0.3406912088394165,0.3885984718799591,0.37307339906692505
49,1740,0.20018059015274048,0.00020824636158067733,0.74249267578125,0.25750732421875,2,900,684,0.15196526050567627,0.3392040431499481,0.38765156269073486,0.3710896670818329
49,1760,0.19992661476135254,0.00020824636158067733,0.7459716796875,0.2540283203125,2,900,688,0.1518929898738861,0.34098073840141296,0.3876788318157196,0.3732069134712219
49,1780,0.2007794827222824,0.00020824636158067733,0.742431640625,0.257568359375,2,899,683,0.15246407687664032,0.3400469422340393,0.388430118560791,0.3720461130142212
49,1800,0.19973549246788025,0.00020824636158067733,0.74420166015625,0.25579833984375,2,902,683,0.15160714089870453,0.3397567868232727,0.38736462593078613,0.3719639182090759
49,1820,0.19997495412826538,0.00020824636158067733,0.74188232421875,0.25811767578125,2,897,681,0.15132105350494385,0.33981606364250183,0.38675984740257263,0.3724358379840851
49,1840,0.19979465007781982,0.00020824636158067733,0.74456787109375,0.25543212890625,2,902,681,0.15143755078315735,0.34075242280960083,0.38705694675445557,0.3730132281780243
49,1860,0.2005283534526825,0.00020824636158067733,0.74090576171875,0.25909423828125,2,903,683,0.15178757905960083,0.33990737795829773,0.38713914155960083,0.3723425567150116
49,1880,0.19951699674129486,0.00020824636158067733,0.74468994140625,0.25531005859375,2,903,679,0.15129907429218292,0.3401592969894409,0.38689929246902466,0.3722698986530304
49,1900,0.1991628259420395,0.00020824636158067733,0.74530029296875,0.25469970703125,2,896,680,0.15113946795463562,0.33968842029571533,0.38687941431999207,0.37199094891548157
49,1920,0.20052960515022278,0.00020824636158067733,0.74114990234375,0.25885009765625,2,899,680,0.15164770185947418,0.34049010276794434,0.3871179521083832,0.37301161885261536
49,1940,0.1997895985841751,0.00020824636158067733,0.74285888671875,0.25714111328125,2,895,676,0.1516326367855072,0.3389110565185547,0.38727644085884094,0.3709447979927063
49,1960,0.20091189444065094,0.00020824636158067733,0.743896484375,0.256103515625,2,903,689,0.15273234248161316,0.3408576548099518,0.38867321610450745,0.37363672256469727
49,1980,0.1989351511001587,0.00020824636158067733,0.74371337890625,0.25628662109375,2,894,685,0.15042120218276978,0.3397168815135956,0.3852654695510864,0.37189945578575134
49,2000,0.2002929449081421,0.00020824636158067733,0.7451171875,0.2548828125,2,896,691,0.1519903689622879,0.34149932861328125,0.3877972960472107,0.37434977293014526
50,0,0.8590648174285889,0.00020824636158067733,0.778564453125,0.221435546875,2,1335,959,0.9044234156608582,0.6995844841003418,0.7381370663642883,0.6700583696365356
50,20,0.6567038297653198,0.00020824636158067733,0.7562255859375,0.2437744140625,2,1333,947,0.6648366451263428,0.6314746737480164,0.68088299036026,0.6124573349952698
50,40,0.4753715395927429,0.00020824636158067733,0.73699951171875,0.26300048828125,2,1294,894,0.45857635140419006,0.522436261177063,0.6077068448066711,0.5396378040313721
50,60,0.35100144147872925,0.00020824636158067733,0.72894287109375,0.27105712890625,2,1203,796,0.32074078917503357,0.4323802888393402,0.5398845076560974,0.4706021845340729
50,80,0.28559839725494385,0.00020824636158067733,0.7188720703125,0.2811279296875,2,1112,720,0.24697400629520416,0.3843647539615631,0.4894193112850189,0.4224677085876465
50,100,0.2581738829612732,0.00020824636158067733,0.70562744140625,0.29437255859375,2,1034,696,0.21436670422554016,0.3631821870803833,0.46005696058273315,0.3981791138648987
50,120,0.2447565197944641,0.00020824636158067733,0.70745849609375,0.29254150390625,2,999,683,0.19940564036369324,0.3544294238090515,0.4450807571411133,0.3876359164714813
50,140,0.23696650564670563,0.00020824636158067733,0.7020263671875,0.2979736328125,2,968,673,0.1900302618741989,0.34754836559295654,0.43428748846054077,0.3788292407989502
50,160,0.23209725320339203,0.00020824636158067733,0.69732666015625,0.30267333984375,2,954,670,0.18416857719421387,0.34251973032951355,0.42705920338630676,0.37199175357818604
50,180,0.22602224349975586,0.00020824636158067733,0.70562744140625,0.29437255859375,2,944,655,0.17911173403263092,0.3384692966938019,0.4210880398750305,0.36535951495170593
50,200,0.2231583446264267,0.00020824636158067733,0.70654296875,0.29345703125,2,937,653,0.17658983170986176,0.3352791666984558,0.4180598258972168,0.3619605302810669
50,220,0.2202451527118683,0.00020824636158067733,0.71014404296875,0.28985595703125,2,919,647,0.17403239011764526,0.3334658741950989,0.4147081673145294,0.3585183024406433
50,240,0.21835356950759888,0.00020824636158067733,0.709716796875,0.290283203125,2,917,639,0.17119714617729187,0.3336468040943146,0.41157519817352295,0.35860249400138855
50,260,0.21522963047027588,0.00020824636158067733,0.71405029296875,0.28594970703125,2,912,638,0.16865324974060059,0.33153632283210754,0.4084833562374115,0.3556935489177704
50,280,0.21353963017463684,0.00020824636158067733,0.7188720703125,0.2811279296875,2,914,642,0.16691064834594727,0.3327745795249939,0.40671634674072266,0.3572889268398285
50,300,0.21344637870788574,0.00020824636158067733,0.716796875,0.283203125,2,911,637,0.16657781600952148,0.33207228779792786,0.4061492085456848,0.3571460545063019
50,320,0.21238434314727783,0.00020824636158067733,0.7216796875,0.2783203125,2,920,637,0.16635245084762573,0.3317442834377289,0.40607109665870667,0.35745009779930115
50,340,0.21168252825737,0.00020824636158067733,0.7236328125,0.2763671875,2,915,641,0.16604916751384735,0.3311677575111389,0.40563249588012695,0.3576185703277588
50,360,0.2100445181131363,0.00020824636158067733,0.73095703125,0.26904296875,2,920,636,0.16491985321044922,0.33264264464378357,0.40436598658561707,0.35888755321502686
50,380,0.20903155207633972,0.00020824636158067733,0.73309326171875,0.26690673828125,2,911,634,0.1636800915002823,0.3335951864719391,0.40272682905197144,0.3598865568637848
50,400,0.20821791887283325,0.00020824636158067733,0.734130859375,0.265869140625,2,908,638,0.16312174499034882,0.3327396810054779,0.4021781384944916,0.3600456714630127
50,420,0.20892783999443054,0.00020824636158067733,0.7332763671875,0.2667236328125,2,907,654,0.16306717693805695,0.3350079357624054,0.40199676156044006,0.3625243008136749
50,440,0.2071738988161087,0.00020824636158067733,0.73828125,0.26171875,2,903,655,0.16186004877090454,0.3349995017051697,0.40046122670173645,0.3631788194179535
50,460,0.2057015597820282,0.00020824636158067733,0.740234375,0.259765625,2,908,646,0.16051441431045532,0.33446797728538513,0.3986372947692871,0.3624937832355499
50,480,0.2074454128742218,0.00020824636158067733,0.73681640625,0.26318359375,2,906,659,0.16142939031124115,0.3362732231616974,0.3995566964149475,0.36488258838653564
50,500,0.206297367811203,0.00020824636158067733,0.741455078125,0.258544921875,2,907,664,0.1605951189994812,0.33736228942871094,0.3987550735473633,0.36633196473121643
50,520,0.20719289779663086,0.00020824636158067733,0.737060546875,0.262939453125,2,904,668,0.16073474287986755,0.3374224007129669,0.3985961079597473,0.36738070845603943
50,540,0.20660275220870972,0.00020824636158067733,0.73870849609375,0.26129150390625,2,903,674,0.15979941189289093,0.33892250061035156,0.3974713683128357,0.3692813217639923
50,560,0.208037868142128,0.00020824636158067733,0.73577880859375,0.26422119140625,2,902,672,0.160946324467659,0.33917397260665894,0.39856135845184326,0.37018224596977234
50,580,0.20493623614311218,0.00020824636158067733,0.74407958984375,0.25592041015625,2,901,675,0.15860149264335632,0.3396528959274292,0.39615142345428467,0.3707105815410614
50,600,0.20471464097499847,0.00020824636158067733,0.74322509765625,0.25677490234375,2,899,667,0.1583191305398941,0.3390047252178192,0.3956626057624817,0.3701000213623047
50,620,0.2046540379524231,0.00020824636158067733,0.7425537109375,0.2574462890625,2,901,666,0.15808981657028198,0.3389595150947571,0.3951330780982971,0.3701319396495819
50,640,0.20373567938804626,0.00020824636158067733,0.7457275390625,0.2542724609375,2,903,673,0.1575608253479004,0.3391568064689636,0.3947790265083313,0.37067365646362305
50,660,0.20391219854354858,0.00020824636158067733,0.74383544921875,0.25616455078125,2,901,671,0.1575283706188202,0.3385988771915436,0.39468905329704285,0.3706185221672058
50,680,0.20384563505649567,0.00020824636158067733,0.745849609375,0.254150390625,2,905,678,0.15700413286685944,0.34131041169166565,0.39393287897109985,0.3734129071235657
50,700,0.2044997364282608,0.00020824636158067733,0.742431640625,0.257568359375,2,903,679,0.15704543888568878,0.3412851393222809,0.3938903212547302,0.3738572895526886
50,720,0.20409029722213745,0.00020824636158067733,0.74212646484375,0.25787353515625,2,897,682,0.1565241813659668,0.3409793972969055,0.3933817744255066,0.37354910373687744
50,740,0.20291194319725037,0.00020824636158067733,0.74658203125,0.25341796875,2,905,673,0.15634828805923462,0.3400907516479492,0.39310166239738464,0.3726184368133545
50,760,0.2040901929140091,0.00020824636158067733,0.74322509765625,0.25677490234375,2,901,683,0.15659520030021667,0.3415626585483551,0.39332154393196106,0.3745548725128174
50,780,0.2034555971622467,0.00020824636158067733,0.7442626953125,0.2557373046875,2,895,688,0.15580986440181732,0.342117041349411,0.39232274889945984,0.37525010108947754
50,800,0.20307740569114685,0.00020824636158067733,0.74310302734375,0.25689697265625,2,895,673,0.15546154975891113,0.34081152081489563,0.39180684089660645,0.3740842640399933
50,820,0.20406395196914673,0.00020824636158067733,0.742919921875,0.257080078125,2,905,688,0.15593458712100983,0.3431500196456909,0.39203205704689026,0.3766429126262665
50,840,0.2038584202528,0.00020824636158067733,0.7432861328125,0.2567138671875,2,906,685,0.1558852195739746,0.3427594006061554,0.3922397792339325,0.3763604760169983
50,860,0.2024214267730713,0.00020824636158067733,0.7451171875,0.2548828125,2,899,685,0.15499356389045715,0.3410707116127014,0.3912030756473541,0.37424251437187195
50,880,0.20293040573596954,0.00020824636158067733,0.7451171875,0.2548828125,2,905,688,0.15533459186553955,0.34207063913345337,0.39159828424453735,0.3755437433719635
50,900,0.20142418146133423,0.00020824636158067733,0.746826171875,0.253173828125,2,910,682,0.15390564501285553,0.3415970206260681,0.38996434211730957,0.3750270903110504
50,920,0.20266801118850708,0.00020824636158067733,0.74505615234375,0.25494384765625,2,914,689,0.1551065742969513,0.3416631519794464,0.3912588059902191,0.3751017153263092
50,940,0.20242641866207123,0.00020824636158067733,0.74322509765625,0.25677490234375,2,910,688,0.15438252687454224,0.3414876163005829,0.3902984857559204,0.37517645955085754
50,960,0.20226989686489105,0.00020824636158067733,0.74615478515625,0.25384521484375,2,912,684,0.15462467074394226,0.3423186242580414,0.3906785547733307,0.375879168510437
50,980,0.20113320648670197,0.00020824636158067733,0.74774169921875,0.25225830078125,2,910,686,0.1537632942199707,0.3415466248989105,0.38982975482940674,0.3749469816684723
50,1000,0.20331983268260956,0.00020824636158067733,0.74285888671875,0.25714111328125,2,914,692,0.15542751550674438,0.3416767120361328,0.39140698313713074,0.375387966632843
50,1020,0.2011507898569107,0.00020824636158067733,0.74578857421875,0.25421142578125,2,908,683,0.15341411530971527,0.34119752049446106,0.3890773057937622,0.3745393455028534
50,1040,0.20080363750457764,0.00020824636158067733,0.7476806640625,0.2523193359375,2,908,686,0.15332520008087158,0.3414933383464813,0.3893177807331085,0.3747979700565338
50,1060,0.20139887928962708,0.00020824636158067733,0.7459716796875,0.2540283203125,2,907,688,0.1539224088191986,0.340816855430603,0.38973209261894226,0.3744102716445923
50,1080,0.20088928937911987,0.00020824636158067733,0.74627685546875,0.25372314453125,2,908,683,0.1532009243965149,0.3411552608013153,0.38909032940864563,0.37451767921447754
50,1100,0.2001762092113495,0.00020824636158067733,0.75,0.25,2,910,682,0.15342585742473602,0.34042730927467346,0.3893970251083374,0.37364059686660767
50,1120,0.20087675750255585,0.00020824636158067733,0.74822998046875,0.25177001953125,2,911,686,0.15309956669807434,0.3428647518157959,0.38897427916526794,0.3762929141521454
50,1140,0.20135655999183655,0.00020824636158067733,0.7451171875,0.2548828125,2,912,687,0.15328316390514374,0.34189289808273315,0.38902416825294495,0.37543028593063354
50,1160,0.20118117332458496,0.00020824636158067733,0.7491455078125,0.2508544921875,2,912,680,0.1539541333913803,0.3422188460826874,0.39037248492240906,0.3754570186138153
50,1180,0.19891612231731415,0.00020824636158067733,0.75177001953125,0.24822998046875,2,908,688,0.1520935446023941,0.3407193422317505,0.38774317502975464,0.37397444248199463
50,1200,0.20035889744758606,0.00020824636158067733,0.746826171875,0.253173828125,2,910,686,0.15263260900974274,0.3411445617675781,0.3884415924549103,0.3743344247341156
50,1220,0.19994907081127167,0.00020824636158067733,0.74871826171875,0.25128173828125,2,907,688,0.15257355570793152,0.34110894799232483,0.38802236318588257,0.37434762716293335
50,1240,0.20047663152217865,0.00020824636158067733,0.74822998046875,0.25177001953125,2,908,686,0.15303558111190796,0.3414657413959503,0.3888222277164459,0.374683141708374
50,1260,0.20086240768432617,0.00020824636158067733,0.74444580078125,0.25555419921875,2,909,687,0.15258046984672546,0.34151095151901245,0.3876188397407532,0.37476855516433716
50,1280,0.20010823011398315,0.00020824636158067733,0.748291015625,0.251708984375,2,910,687,0.15273040533065796,0.34095504879951477,0.3881947696208954,0.3739534616470337
50,1300,0.20099525153636932,0.00020824636158067733,0.74725341796875,0.25274658203125,2,913,692,0.15308016538619995,0.34265774488449097,0.38874897360801697,0.37601324915885925
50,1320,0.2003532201051712,0.00020824636158067733,0.74822998046875,0.25177001953125,2,912,691,0.15287241339683533,0.34146031737327576,0.38841214776039124,0.37469297647476196
50,1340,0.20055654644966125,0.00020824636158067733,0.74700927734375,0.25299072265625,2,912,692,0.15287551283836365,0.34134504199028015,0.3883086144924164,0.37439659237861633
50,1360,0.19993813335895538,0.00020824636158067733,0.748779296875,0.251220703125,2,910,687,0.1526189148426056,0.3409760296344757,0.387966513633728,0.37401720881462097
50,1380,0.19908742606639862,0.00020824636158067733,0.75079345703125,0.24920654296875,2,906,685,0.15203039348125458,0.3408578634262085,0.3873243033885956,0.37377023696899414
50,1400,0.19858574867248535,0.00020824636158067733,0.748779296875,0.251220703125,2,903,690,0.15112121403217316,0.340056836605072,0.38651761412620544,0.3727324306964874
50,1420,0.19922801852226257,0.00020824636158067733,0.7501220703125,0.2498779296875,2,906,691,0.15176965296268463,0.3416958451271057,0.3873229920864105,0.37497076392173767
50,1440,0.19859202206134796,0.00020824636158067733,0.74981689453125,0.25018310546875,2,904,684,0.15159477293491364,0.33944621682167053,0.38717806339263916,0.3723507523536682
50,1460,0.1988278180360794,0.00020824636158067733,0.74798583984375,0.25201416015625,2,903,688,0.15125104784965515,0.34003719687461853,0.38647982478141785,0.3727003037929535
50,1480,0.19984421133995056,0.00020824636158067733,0.74822998046875,0.25177001953125,2,909,691,0.15221215784549713,0.3414009213447571,0.387601375579834,0.3744131922721863
50,1500,0.19899818301200867,0.00020824636158067733,0.74847412109375,0.25152587890625,2,909,684,0.1516502946615219,0.33989301323890686,0.3870205283164978,0.37279316782951355
50,1520,0.19799278676509857,0.00020824636158067733,0.75189208984375,0.24810791015625,2,903,693,0.1508139669895172,0.34096843004226685,0.3861905038356781,0.373568058013916
50,1540,0.19927500188350677,0.00020824636158067733,0.7493896484375,0.2506103515625,2,908,688,0.15221643447875977,0.3399922847747803,0.38779500126838684,0.3721791207790375
50,1560,0.19899657368659973,0.00020824636158067733,0.7489013671875,0.2510986328125,2,906,689,0.15174344182014465,0.3399290144443512,0.3871414363384247,0.37267303466796875
50,1580,0.19806885719299316,0.00020824636158067733,0.74908447265625,0.25091552734375,2,908,682,0.1510239690542221,0.3385170102119446,0.38625210523605347,0.37089571356773376
50,1600,0.19995732605457306,0.00020824636158067733,0.7462158203125,0.2537841796875,2,913,682,0.15189963579177856,0.3412639796733856,0.3873026669025421,0.37410128116607666
50,1620,0.19819959998130798,0.00020824636158067733,0.750732421875,0.249267578125,2,909,689,0.15146222710609436,0.33896103501319885,0.38675981760025024,0.3712146282196045
50,1640,0.1977890133857727,0.00020824636158067733,0.74932861328125,0.25067138671875,2,903,688,0.1507520079612732,0.3383961319923401,0.385955274105072,0.37044811248779297
50,1660,0.1991683840751648,0.00020824636158067733,0.74761962890625,0.25238037109375,2,911,682,0.15176530182361603,0.33958932757377625,0.3872566819190979,0.3720415532588959
50,1680,0.19832564890384674,0.00020824636158067733,0.74884033203125,0.25115966796875,2,905,687,0.15114116668701172,0.3390076458454132,0.3864951431751251,0.371621698141098
50,1700,0.1992320865392685,0.00020824636158067733,0.7469482421875,0.2530517578125,2,909,685,0.15185870230197906,0.3390670120716095,0.3868653476238251,0.3716088533401489
50,1720,0.1981315016746521,0.00020824636158067733,0.7474365234375,0.2525634765625,2,905,678,0.15076026320457458,0.3383219540119171,0.38587120175361633,0.37055909633636475
50,1740,0.19913195073604584,0.00020824636158067733,0.74786376953125,0.25213623046875,2,910,682,0.15208087861537933,0.3386906683444977,0.3873251974582672,0.37091800570487976
50,1760,0.19895699620246887,0.00020824636158067733,0.74688720703125,0.25311279296875,2,910,684,0.15140685439109802,0.339268296957016,0.38661813735961914,0.37179216742515564
50,1780,0.19709999859333038,0.00020824636158067733,0.75006103515625,0.24993896484375,2,898,682,0.15007005631923676,0.3382357954978943,0.38557490706443787,0.3705120384693146
50,1800,0.1981535255908966,0.00020824636158067733,0.74725341796875,0.25274658203125,2,902,681,0.15032313764095306,0.33956560492515564,0.3854661285877228,0.3714485168457031
50,1820,0.19876480102539062,0.00020824636158067733,0.7471923828125,0.2528076171875,2,908,694,0.15108510851860046,0.3396857976913452,0.386080265045166,0.3717682361602783
50,1840,0.1987544745206833,0.00020824636158067733,0.7484130859375,0.2515869140625,2,906,692,0.1510360836982727,0.34070566296577454,0.386391818523407,0.37306147813796997
50,1860,0.19797751307487488,0.00020824636158067733,0.74822998046875,0.25177001953125,2,906,686,0.15077809989452362,0.33824852108955383,0.3860960006713867,0.3703775703907013
50,1880,0.19845202565193176,0.00020824636158067733,0.74896240234375,0.25103759765625,2,905,691,0.15091386437416077,0.34028056263923645,0.3863203227519989,0.37250980734825134
50,1900,0.19829463958740234,0.00020824636158067733,0.747802734375,0.252197265625,2,900,691,0.1507081538438797,0.33939579129219055,0.38568809628486633,0.37176355719566345
50,1920,0.19876539707183838,0.00020824636158067733,0.748046875,0.251953125,2,907,694,0.1509915292263031,0.3406055271625519,0.3861020803451538,0.3727721869945526
50,1940,0.19926157593727112,0.00020824636158067733,0.7471923828125,0.2528076171875,2,913,688,0.15147288143634796,0.3405046761035919,0.38688576221466064,0.37270861864089966
50,1960,0.19681166112422943,0.00020824636158067733,0.7490234375,0.2509765625,2,899,681,0.14927467703819275,0.33868271112442017,0.3841902017593384,0.37077781558036804
50,1980,0.19785991311073303,0.00020824636158067733,0.74798583984375,0.25201416015625,2,904,684,0.15053415298461914,0.3383241891860962,0.38540780544281006,0.37029096484184265
50,2000,0.19847655296325684,0.00020824636158067733,0.74615478515625,0.25384521484375,2,905,681,0.1507806032896042,0.338674396276474,0.3858655095100403,0.3707348108291626
51,0,0.8036784529685974,0.00020824636158067733,0.57659912109375,0.42340087890625,2,1292,1076,0.6153594851493835,1.0601364374160767,0.6150924563407898,0.570644199848175
51,20,0.5879180431365967,0.00020824636158067733,0.620361328125,0.379638671875,2,1250,1027,0.4687083065509796,0.7827167510986328,0.5714979767799377,0.528697669506073
51,40,0.4350864291191101,0.00020824636158067733,0.65234375,0.34765625,2,1193,922,0.355754017829895,0.583946168422699,0.5291756391525269,0.48121199011802673
51,60,0.33373820781707764,0.00020824636158067733,0.6800537109375,0.3199462890625,2,1121,815,0.27697545289993286,0.454388827085495,0.4904642105102539,0.4316663444042206
51,80,0.27168744802474976,0.00020824636158067733,0.7012939453125,0.2987060546875,2,1042,705,0.22495359182357788,0.3814079761505127,0.4573584198951721,0.3911517262458801
51,100,0.2412402182817459,0.00020824636158067733,0.71136474609375,0.28863525390625,2,991,644,0.1981273591518402,0.34749531745910645,0.43635430932044983,0.36737486720085144
51,120,0.2261478304862976,0.00020824636158067733,0.71856689453125,0.28143310546875,2,958,613,0.18408891558647156,0.33353447914123535,0.42400914430618286,0.355113685131073
51,140,0.22173166275024414,0.00020824636158067733,0.714599609375,0.285400390625,2,953,608,0.1786849945783615,0.3295140266418457,0.41881537437438965,0.3523840606212616
51,160,0.21831002831459045,0.00020824636158067733,0.72021484375,0.27978515625,2,944,608,0.17557083070278168,0.32832804322242737,0.4158400893211365,0.3506796956062317
51,180,0.21918785572052002,0.00020824636158067733,0.713623046875,0.286376953125,2,941,623,0.17494554817676544,0.329435259103775,0.4152090549468994,0.35323795676231384
51,200,0.2174924612045288,0.00020824636158067733,0.71868896484375,0.28131103515625,2,936,623,0.17351989448070526,0.32983294129371643,0.413931280374527,0.35367465019226074
51,220,0.21543407440185547,0.00020824636158067733,0.72454833984375,0.27545166015625,2,938,619,0.1722024530172348,0.32915058732032776,0.4127989709377289,0.3528539836406708
51,240,0.21534240245819092,0.00020824636158067733,0.72760009765625,0.27239990234375,2,949,618,0.17243215441703796,0.32995888590812683,0.4132952094078064,0.3538663387298584
51,260,0.21571311354637146,0.00020824636158067733,0.724365234375,0.275634765625,2,945,618,0.1721605360507965,0.33016884326934814,0.41288283467292786,0.35444772243499756
51,280,0.21353261172771454,0.00020824636158067733,0.7305908203125,0.2694091796875,2,952,623,0.170441672205925,0.3303877115249634,0.410967081785202,0.3542679250240326
51,300,0.2147345095872879,0.00020824636158067733,0.72564697265625,0.27435302734375,2,946,628,0.17076492309570312,0.33103135228157043,0.4111694097518921,0.3557405471801758
51,320,0.21255534887313843,0.00020824636158067733,0.7333984375,0.2666015625,2,953,630,0.16927595436573029,0.33161333203315735,0.4099225103855133,0.35564175248146057
51,340,0.21109919250011444,0.00020824636158067733,0.73358154296875,0.26641845703125,2,941,629,0.1677798479795456,0.3303787410259247,0.40788647532463074,0.35433658957481384
51,360,0.21103903651237488,0.00020824636158067733,0.73260498046875,0.26739501953125,2,936,628,0.16733479499816895,0.3307792544364929,0.40725165605545044,0.35496532917022705
51,380,0.2092909812927246,0.00020824636158067733,0.73809814453125,0.26190185546875,2,936,629,0.1659088432788849,0.33155155181884766,0.40587735176086426,0.3553476929664612
51,400,0.20839163661003113,0.00020824636158067733,0.73651123046875,0.26348876953125,2,927,629,0.16443927586078644,0.33124858140945435,0.4039199948310852,0.3551700711250305
51,420,0.20779187977313995,0.00020824636158067733,0.73907470703125,0.26092529296875,2,932,636,0.1641562283039093,0.3313904404640198,0.4037352502346039,0.35594263672828674
51,440,0.20799626410007477,0.00020824636158067733,0.736328125,0.263671875,2,931,637,0.163387730717659,0.33256977796554565,0.40265217423439026,0.3572653830051422
51,460,0.20774973928928375,0.00020824636158067733,0.7340087890625,0.2659912109375,2,933,637,0.16229216754436493,0.33319091796875,0.4011196494102478,0.3577326834201813
51,480,0.20674669742584229,0.00020824636158067733,0.740478515625,0.259521484375,2,931,636,0.16229690611362457,0.3335728347301483,0.4015180766582489,0.35809165239334106
51,500,0.2063150554895401,0.00020824636158067733,0.73919677734375,0.26080322265625,2,928,642,0.1616499274969101,0.33290979266166687,0.40039584040641785,0.35752004384994507
51,520,0.20619124174118042,0.00020824636158067733,0.7369384765625,0.2630615234375,2,920,644,0.16099651157855988,0.33279934525489807,0.3995456397533417,0.357930064201355
51,540,0.2066200077533722,0.00020824636158067733,0.7366943359375,0.2633056640625,2,930,639,0.16125808656215668,0.33353665471076965,0.39994218945503235,0.3590659499168396
51,560,0.2079857438802719,0.00020824636158067733,0.7352294921875,0.2647705078125,2,930,648,0.16241948306560516,0.33451664447784424,0.40137672424316406,0.3606039583683014
51,580,0.20594188570976257,0.00020824636158067733,0.7364501953125,0.2635498046875,2,928,638,0.16039027273654938,0.33322909474372864,0.39881616830825806,0.3589126467704773
51,600,0.20492088794708252,0.00020824636158067733,0.7392578125,0.2607421875,2,924,640,0.15976403653621674,0.3329498767852783,0.398227721452713,0.3583551049232483
51,620,0.20645403861999512,0.00020824636158067733,0.7349853515625,0.2650146484375,2,925,652,0.16026070713996887,0.33456552028656006,0.39872798323631287,0.3605731725692749
51,640,0.20544975996017456,0.00020824636158067733,0.73504638671875,0.26495361328125,2,916,637,0.15970122814178467,0.33236750960350037,0.39787471294403076,0.358357310295105
51,660,0.20451706647872925,0.00020824636158067733,0.73907470703125,0.26092529296875,2,917,640,0.1589672714471817,0.3335374891757965,0.39729398488998413,0.35889220237731934
51,680,0.20490893721580505,0.00020824636158067733,0.7398681640625,0.2601318359375,2,916,639,0.15950432419776917,0.33404892683029175,0.3978830575942993,0.36025938391685486
51,700,0.2060200721025467,0.00020824636158067733,0.7369384765625,0.2630615234375,2,916,643,0.1601148396730423,0.33461859822273254,0.3983907997608185,0.36119920015335083
51,720,0.20508626103401184,0.00020824636158067733,0.73858642578125,0.26141357421875,2,923,648,0.1594715565443039,0.33396410942077637,0.3978167474269867,0.3608640730381012
51,740,0.20598286390304565,0.00020824636158067733,0.734375,0.265625,2,919,647,0.15943674743175507,0.3346690833568573,0.39760932326316833,0.36175963282585144
51,760,0.20654940605163574,0.00020824636158067733,0.7335205078125,0.2664794921875,2,921,648,0.1602194458246231,0.334078848361969,0.39819082617759705,0.36159780621528625
51,780,0.20654143393039703,0.00020824636158067733,0.73223876953125,0.26776123046875,2,921,651,0.15988165140151978,0.33414050936698914,0.39792490005493164,0.36185017228126526
51,800,0.20533487200737,0.00020824636158067733,0.734375,0.265625,2,911,657,0.15845701098442078,0.3349384069442749,0.39635175466537476,0.36316755414009094
51,820,0.20569686591625214,0.00020824636158067733,0.73583984375,0.26416015625,2,910,672,0.15884578227996826,0.3362044095993042,0.39663147926330566,0.36521539092063904
51,840,0.20649157464504242,0.00020824636158067733,0.734375,0.265625,2,908,669,0.15929865837097168,0.3369661271572113,0.39724066853523254,0.3664056658744812
51,860,0.20501801371574402,0.00020824636158067733,0.7369384765625,0.2630615234375,2,915,658,0.1585128754377365,0.33529719710350037,0.3963911235332489,0.36432167887687683
51,880,0.2046920359134674,0.00020824636158067733,0.73638916015625,0.26361083984375,2,910,669,0.15753258764743805,0.33643051981925964,0.39511385560035706,0.36627674102783203
51,900,0.2056450992822647,0.00020824636158067733,0.736328125,0.263671875,2,914,671,0.15836846828460693,0.3376694917678833,0.39628472924232483,0.36767658591270447
51,920,0.2039225697517395,0.00020824636158067733,0.7353515625,0.2646484375,2,905,676,0.15631069242954254,0.33621689677238464,0.39333733916282654,0.36627209186553955
51,940,0.20640653371810913,0.00020824636158067733,0.73138427734375,0.26861572265625,2,913,678,0.15845179557800293,0.33697712421417236,0.39585140347480774,0.3674035668373108
51,960,0.20435316860675812,0.00020824636158067733,0.73626708984375,0.26373291015625,2,909,663,0.15687422454357147,0.33690086007118225,0.39394617080688477,0.36786049604415894
51,980,0.20522327721118927,0.00020824636158067733,0.73565673828125,0.26434326171875,2,910,676,0.15743288397789001,0.3382219970226288,0.3945692479610443,0.3698352873325348
51,1000,0.20529720187187195,0.00020824636158067733,0.73394775390625,0.26605224609375,2,910,677,0.15708112716674805,0.3383089005947113,0.3939083218574524,0.3700580894947052
51,1020,0.20465707778930664,0.00020824636158067733,0.736083984375,0.263916015625,2,918,680,0.15678024291992188,0.33818963170051575,0.39371198415756226,0.3700108230113983
51,1040,0.20519067347049713,0.00020824636158067733,0.735107421875,0.264892578125,2,916,683,0.1566189080476761,0.3399829566478729,0.3936507999897003,0.3716665506362915
51,1060,0.20243270695209503,0.00020824636158067733,0.73992919921875,0.26007080078125,2,903,684,0.15463069081306458,0.3384345471858978,0.39096540212631226,0.3701666593551636
51,1080,0.20408692955970764,0.00020824636158067733,0.7371826171875,0.2628173828125,2,908,689,0.15592285990715027,0.3391834497451782,0.3926223814487457,0.37114468216896057
51,1100,0.20338182151317596,0.00020824636158067733,0.73895263671875,0.26104736328125,2,903,687,0.15538710355758667,0.33924153447151184,0.39182719588279724,0.3714953660964966
51,1120,0.20322227478027344,0.00020824636158067733,0.7391357421875,0.2608642578125,2,904,689,0.15515084564685822,0.33942845463752747,0.3914436995983124,0.37157541513442993
51,1140,0.20381823182106018,0.00020824636158067733,0.7364501953125,0.2635498046875,2,900,693,0.15509182214736938,0.3399769067764282,0.391438364982605,0.3724720776081085
51,1160,0.202867329120636,0.00020824636158067733,0.73919677734375,0.26080322265625,2,905,689,0.15474015474319458,0.3392746150493622,0.39106711745262146,0.3710956275463104
51,1180,0.20288674533367157,0.00020824636158067733,0.73895263671875,0.26104736328125,2,899,689,0.15439043939113617,0.340166300535202,0.39064404368400574,0.3729228675365448
51,1200,0.2016870677471161,0.00020824636158067733,0.74163818359375,0.25836181640625,2,898,689,0.15333133935928345,0.3404940962791443,0.3894273042678833,0.3726952373981476
51,1220,0.20262183248996735,0.00020824636158067733,0.7396240234375,0.2603759765625,2,898,692,0.1543038934469223,0.3398738205432892,0.39040181040763855,0.3724637031555176
51,1240,0.20298321545124054,0.00020824636158067733,0.73931884765625,0.26068115234375,2,900,693,0.15441852807998657,0.3407176733016968,0.3906730115413666,0.3731266260147095
51,1260,0.20212313532829285,0.00020824636158067733,0.740234375,0.259765625,2,893,690,0.15384365618228912,0.33970150351524353,0.38993674516677856,0.37210410833358765
51,1280,0.20125380158424377,0.00020824636158067733,0.74090576171875,0.25909423828125,2,899,683,0.15275205671787262,0.339949369430542,0.3886450529098511,0.37233179807662964
51,1300,0.20143559575080872,0.00020824636158067733,0.74151611328125,0.25848388671875,2,901,687,0.15327797830104828,0.3395860195159912,0.38937726616859436,0.3720839023590088
51,1320,0.20264272391796112,0.00020824636158067733,0.74102783203125,0.25897216796875,2,902,691,0.15396682918071747,0.34192487597465515,0.3900700807571411,0.3748250901699066
51,1340,0.20223714411258698,0.00020824636158067733,0.7386474609375,0.2613525390625,2,905,691,0.15307463705539703,0.3411827087402344,0.3888571560382843,0.3743363916873932
51,1360,0.20186863839626312,0.00020824636158067733,0.7401123046875,0.2598876953125,2,904,690,0.1529192328453064,0.34126755595207214,0.38867995142936707,0.3739652931690216
51,1380,0.20066216588020325,0.00020824636158067733,0.74462890625,0.25537109375,2,898,686,0.1528378129005432,0.34011170268058777,0.38887566328048706,0.3725699186325073
51,1400,0.20172074437141418,0.00020824636158067733,0.73895263671875,0.26104736328125,2,899,690,0.1523503214120865,0.3414746820926666,0.38805949687957764,0.3740125596523285
51,1420,0.20049835741519928,0.00020824636158067733,0.74407958984375,0.25592041015625,2,898,684,0.15258781611919403,0.3397965133190155,0.38844743371009827,0.3719866871833801
51,1440,0.2010880410671234,0.00020824636158067733,0.742919921875,0.257080078125,2,903,681,0.1529799848794937,0.3401125371456146,0.38876521587371826,0.37270408868789673
51,1460,0.2014569789171219,0.00020824636158067733,0.7406005859375,0.2593994140625,2,901,686,0.15282657742500305,0.34029969573020935,0.3887139856815338,0.37276896834373474
51,1480,0.20077776908874512,0.00020824636158067733,0.74462890625,0.25537109375,2,902,691,0.15265730023384094,0.3410908281803131,0.3885652720928192,0.3738371729850769
51,1500,0.2008013129234314,0.00020824636158067733,0.74267578125,0.25732421875,2,902,679,0.15267018973827362,0.3397148549556732,0.388418585062027,0.3724212050437927
51,1520,0.20114651322364807,0.00020824636158067733,0.7420654296875,0.2579345703125,2,902,691,0.15279929339885712,0.3402392566204071,0.38812217116355896,0.3725281059741974
51,1540,0.20063136518001556,0.00020824636158067733,0.74383544921875,0.25616455078125,2,903,687,0.1525849997997284,0.3401455283164978,0.3885691463947296,0.3719805181026459
51,1560,0.2004329264163971,0.00020824636158067733,0.74493408203125,0.25506591796875,2,900,691,0.15268656611442566,0.3398788571357727,0.3884062170982361,0.37178942561149597
51,1580,0.20072264969348907,0.00020824636158067733,0.744140625,0.255859375,2,906,683,0.15296611189842224,0.33961760997772217,0.3888877034187317,0.3721207082271576
51,1600,0.20073701441287994,0.00020824636158067733,0.74420166015625,0.25579833984375,2,904,682,0.15292087197303772,0.33984997868537903,0.38882365822792053,0.37232232093811035
51,1620,0.20019184052944183,0.00020824636158067733,0.743896484375,0.256103515625,2,899,685,0.15192094445228577,0.34040284156799316,0.3875276446342468,0.372480183839798
51,1640,0.20023652911186218,0.00020824636158067733,0.74493408203125,0.25506591796875,2,899,684,0.15274949371814728,0.3389250636100769,0.3884301781654358,0.37124142050743103
51,1660,0.19924816489219666,0.00020824636158067733,0.748046875,0.251953125,2,900,682,0.15182511508464813,0.34004682302474976,0.3877820372581482,0.3721523582935333
51,1680,0.20037813484668732,0.00020824636158067733,0.74493408203125,0.25506591796875,2,903,691,0.15251797437667847,0.34015628695487976,0.38814041018486023,0.37249040603637695
51,1700,0.1992596983909607,0.00020824636158067733,0.74456787109375,0.25543212890625,2,896,675,0.15154795348644257,0.3383362889289856,0.38711270689964294,0.3706691265106201
51,1720,0.1996469348669052,0.00020824636158067733,0.74365234375,0.25634765625,2,897,689,0.15121550858020782,0.34014418721199036,0.38669919967651367,0.3726470470428467
51,1740,0.19976618885993958,0.00020824636158067733,0.74420166015625,0.25579833984375,2,897,689,0.15174314379692078,0.3394811153411865,0.38723844289779663,0.3713860511779785
51,1760,0.19985094666481018,0.00020824636158067733,0.74432373046875,0.25567626953125,2,900,687,0.15219062566757202,0.3385995030403137,0.38790783286094666,0.37047871947288513
51,1780,0.20052164793014526,0.00020824636158067733,0.74176025390625,0.25823974609375,2,903,690,0.15213799476623535,0.33949747681617737,0.3875958025455475,0.3721345067024231
51,1800,0.19930802285671234,0.00020824636158067733,0.7437744140625,0.2562255859375,2,902,682,0.1510797142982483,0.33930566906929016,0.386345237493515,0.37162360548973083
51,1820,0.1992131769657135,0.00020824636158067733,0.74676513671875,0.25323486328125,2,898,692,0.1515347808599472,0.3398122191429138,0.38734951615333557,0.3712613880634308
51,1840,0.1991054117679596,0.00020824636158067733,0.7462158203125,0.2537841796875,2,901,690,0.1512909233570099,0.3396969735622406,0.38673585653305054,0.3718388080596924
51,1860,0.2000351846218109,0.00020824636158067733,0.7427978515625,0.2572021484375,2,897,686,0.15158066153526306,0.3399714529514313,0.3867819607257843,0.3729379177093506
51,1880,0.19927600026130676,0.00020824636158067733,0.74432373046875,0.25567626953125,2,897,685,0.15112431347370148,0.3394549489021301,0.38642996549606323,0.3714925944805145
51,1900,0.19879525899887085,0.00020824636158067733,0.74517822265625,0.25482177734375,2,894,686,0.15075457096099854,0.33928123116493225,0.3862709105014801,0.37187904119491577
51,1920,0.19897158443927765,0.00020824636158067733,0.746337890625,0.253662109375,2,903,685,0.1515560746192932,0.3384799361228943,0.387050062417984,0.37065425515174866
51,1940,0.19805532693862915,0.00020824636158067733,0.74554443359375,0.25445556640625,2,890,678,0.15035101771354675,0.33782699704170227,0.3856357932090759,0.3696240186691284
51,1960,0.2002517133951187,0.00020824636158067733,0.74462890625,0.25537109375,2,899,690,0.15242432057857513,0.3397101163864136,0.38806799054145813,0.37196341156959534
51,1980,0.1987626850605011,0.00020824636158067733,0.7440185546875,0.2559814453125,2,891,677,0.1507706195116043,0.3382531404495239,0.3858611583709717,0.3699572682380676
51,2000,0.19926831126213074,0.00020824636158067733,0.74371337890625,0.25628662109375,2,899,681,0.15115013718605042,0.338901549577713,0.3865845501422882,0.37101730704307556
