seed,epoch,mean_f,best_f,p_0,p_1,p_2,p_3,occupied_basins,unique_0,unique_1,unique_2,unique_3,mean_f_0,mean_f_1,mean_f_2,mean_f_3,spread_0,spread_1,spread_2,spread_3
42,0,0.31506842374801636,0.00020824636158067733,0.26251220703125,0.3232421875,0.21771240234375,0.196533203125,4,687,645,591,541,0.19591394066810608,0.2826805114746094,0.38364851474761963,0.4515233337879181,0.44065195322036743,0.41879308223724365,0.4110913574695587,0.3790701627731323
42,20,0.28955450654029846,0.00020824636158067733,0.32318115234375,0.28729248046875,0.20660400390625,0.18292236328125,4,692,624,582,526,0.18368734419345856,0.2673284113407135,0.35665878653526306,0.43571290373802185,0.4284082055091858,0.407581627368927,0.3944714665412903,0.36710217595100403
42,40,0.2815290689468384,0.00020824636158067733,0.33795166015625,0.27777099609375,0.21337890625,0.1708984375,4,686,614,570,514,0.17897608876228333,0.26239800453186035,0.34890103340148926,0.43130362033843994,0.4222114682197571,0.4020633101463318,0.3858347237110138,0.3621748089790344
42,60,0.2830060124397278,0.00020824636158067733,0.33831787109375,0.27593994140625,0.20843505859375,0.17730712890625,4,687,618,569,520,0.1784364879131317,0.26514947414398193,0.3483444154262543,0.43351471424102783,0.4216778576374054,0.4056980013847351,0.38515302538871765,0.364840030670166
42,80,0.2831103205680847,0.00020824636158067733,0.3365478515625,0.2794189453125,0.20965576171875,0.17437744140625,4,685,622,573,523,0.17804613709449768,0.266163170337677,0.34931087493896484,0.43344607949256897,0.42142772674560547,0.4070754051208496,0.3863435685634613,0.36497822403907776
42,100,0.283119261264801,0.00020824636158067733,0.33642578125,0.276611328125,0.211181640625,0.17578125,4,685,622,575,523,0.17807045578956604,0.26495644450187683,0.34971383213996887,0.43274620175361633,0.42140841484069824,0.4052213728427887,0.3868677616119385,0.3640533685684204
42,120,0.2835555970668793,0.00020824636158067733,0.337158203125,0.2744140625,0.21148681640625,0.17694091796875,4,685,623,574,527,0.17792698740959167,0.26540517807006836,0.34963107109069824,0.4340023696422577,0.42129090428352356,0.40577825903892517,0.3867511451244354,0.36550235748291016
42,140,0.2822127640247345,0.00020824636158067733,0.33758544921875,0.2750244140625,0.2137451171875,0.17364501953125,4,687,621,575,523,0.17794997990131378,0.2633160650730133,0.34921690821647644,0.4323629140853882,0.42128002643585205,0.40288475155830383,0.38622841238975525,0.3636929392814636
42,160,0.2822073996067047,0.00020824636158067733,0.33758544921875,0.2772216796875,0.21044921875,0.17474365234375,4,680,624,577,527,0.1772221028804779,0.2635522186756134,0.34930506348609924,0.4338151216506958,0.42037495970726013,0.40382063388824463,0.38637983798980713,0.3653697669506073
42,180,0.2805803418159485,0.00020824636158067733,0.34423828125,0.27325439453125,0.2113037109375,0.17120361328125,4,685,626,575,524,0.17742089927196503,0.2619327902793884,0.34924107789993286,0.43302279710769653,0.4207175374031067,0.40133312344551086,0.3863089978694916,0.3645373582839966
42,200,0.2815384566783905,0.00020824636158067733,0.3394775390625,0.27398681640625,0.21173095703125,0.1748046875,4,686,626,573,524,0.17625948786735535,0.26262444257736206,0.3489554822444916,0.43398165702819824,0.41937825083732605,0.40209636092185974,0.3859068751335144,0.36564669013023376
42,220,0.28063327074050903,0.00020824636158067733,0.3406982421875,0.2750244140625,0.21234130859375,0.17193603515625,4,686,631,574,528,0.17545649409294128,0.2628770172595978,0.34862563014030457,0.4334772229194641,0.4182680547237396,0.40260982513427734,0.38543182611465454,0.3648536801338196
42,240,0.2793608605861664,0.00020824636158067733,0.34344482421875,0.27398681640625,0.21142578125,0.171142578125,4,686,631,578,528,0.1740735024213791,0.26159045100212097,0.3479875326156616,0.4343181550502777,0.4165535569190979,0.4010947644710541,0.38463693857192993,0.3661152720451355
42,260,0.2788921892642975,0.00020824636158067733,0.34747314453125,0.27374267578125,0.20880126953125,0.16998291015625,4,686,633,581,531,0.1736404150724411,0.2625609040260315,0.34830155968666077,0.43508410453796387,0.4162103533744812,0.4020984172821045,0.3849978744983673,0.3669455647468567
42,280,0.27928921580314636,0.00020824636158067733,0.34765625,0.27197265625,0.21014404296875,0.17022705078125,4,688,631,578,533,0.17355814576148987,0.26312118768692017,0.3483022451400757,0.4358604848384857,0.4161044657230377,0.4028516113758087,0.38480356335639954,0.36790093779563904
42,300,0.27901023626327515,0.00020824636158067733,0.3482666015625,0.27203369140625,0.2099609375,0.16973876953125,4,688,637,579,533,0.1729375571012497,0.26259085536003113,0.34914207458496094,0.43621206283569336,0.41544175148010254,0.40220531821250916,0.3859613239765167,0.3683913052082062
42,320,0.27775418758392334,0.00020824636158067733,0.34686279296875,0.27532958984375,0.21185302734375,0.16595458984375,4,687,637,582,529,0.17208366096019745,0.2618960440158844,0.3490893840789795,0.43386200070381165,0.4140869677066803,0.40084630250930786,0.38571813702583313,0.36559540033340454
42,340,0.2790588140487671,0.00020824636158067733,0.3486328125,0.27197265625,0.2120361328125,0.1673583984375,4,688,638,579,531,0.17266803979873657,0.26280897855758667,0.3502601385116577,0.43688514828681946,0.41485166549682617,0.4023849666118622,0.38721561431884766,0.368990033864975
42,360,0.27776169776916504,0.00020824636158067733,0.34906005859375,0.27459716796875,0.2108154296875,0.16552734375,4,691,640,580,531,0.17168529331684113,0.26217731833457947,0.350281298160553,0.434945672750473,0.4134747385978699,0.40111982822418213,0.38710373640060425,0.366718590259552
42,380,0.2771749496459961,0.00020824636158067733,0.35406494140625,0.27130126953125,0.21258544921875,0.16204833984375,4,692,640,586,533,0.17201018333435059,0.26166537404060364,0.3514339029788971,0.4355015456676483,0.41406357288360596,0.400572270154953,0.3885473310947418,0.3674287796020508
42,400,0.2776373624801636,0.00020824636158067733,0.352294921875,0.27215576171875,0.210693359375,0.16485595703125,4,692,640,582,533,0.17153801023960114,0.2615949809551239,0.35144010186195374,0.43653085827827454,0.4134121239185333,0.4007416367530823,0.38851621747016907,0.3686583340167999
42,420,0.27752673625946045,0.00020824636158067733,0.35174560546875,0.27264404296875,0.2103271484375,0.165283203125,4,691,643,580,530,0.17131702601909637,0.26170048117637634,0.3508685231208801,0.4363325834274292,0.4128572940826416,0.400439590215683,0.3879418969154358,0.3684825599193573
42,440,0.2768999934196472,0.00020824636158067733,0.3509521484375,0.27386474609375,0.211669921875,0.16351318359375,4,689,642,579,534,0.17082048952579498,0.2607371509075165,0.35026994347572327,0.4366734027862549,0.4121171236038208,0.39944326877593994,0.3872010409832001,0.3691805899143219
42,460,0.27665889263153076,0.00020824636158067733,0.3521728515625,0.274658203125,0.2093505859375,0.163818359375,4,691,640,584,535,0.16998758912086487,0.26054659485816956,0.35122889280319214,0.4376959800720215,0.41132670640945435,0.39951130747795105,0.38842257857322693,0.37030068039894104
42,480,0.27642837166786194,0.00020824636158067733,0.3543701171875,0.27276611328125,0.21044921875,0.16241455078125,4,692,642,589,536,0.16996772587299347,0.26063793897628784,0.3522047996520996,0.4370449185371399,0.4115121066570282,0.39934247732162476,0.38972392678260803,0.36947086453437805
42,500,0.2762451469898224,0.00020824636158067733,0.3543701171875,0.2730712890625,0.21063232421875,0.16192626953125,4,692,639,587,533,0.17035163938999176,0.26005539298057556,0.35197320580482483,0.43678534030914307,0.411828875541687,0.39889389276504517,0.3892515003681183,0.36921682953834534
42,520,0.276003360748291,0.00020824636158067733,0.3575439453125,0.26861572265625,0.21209716796875,0.1617431640625,4,692,642,590,532,0.170162171125412,0.2597501873970032,0.35215088725090027,0.43711093068122864,0.4116048216819763,0.3984847068786621,0.38967522978782654,0.3695569932460785
42,540,0.27551114559173584,0.00020824636158067733,0.3565673828125,0.2733154296875,0.20733642578125,0.16278076171875,4,692,641,589,533,0.16966933012008667,0.2596213221549988,0.3512119650840759,0.43761345744132996,0.4110541045665741,0.39815613627433777,0.3884912133216858,0.37029075622558594
42,560,0.2764093577861786,0.00020824636158067733,0.35272216796875,0.2760009765625,0.208740234375,0.16253662109375,4,693,641,588,533,0.1696828305721283,0.26050686836242676,0.3515481948852539,0.4385230541229248,0.41094744205474854,0.3996981680393219,0.38882169127464294,0.3713785707950592
42,580,0.2756690979003906,0.00020824636158067733,0.356689453125,0.2703857421875,0.2117919921875,0.1611328125,4,697,641,587,530,0.16973719000816345,0.25954627990722656,0.35212212800979614,0.4367290139198303,0.41095101833343506,0.3975599408149719,0.3894796371459961,0.3692360520362854
42,600,0.27586397528648376,0.00020824636158067733,0.35699462890625,0.2694091796875,0.21026611328125,0.163330078125,4,694,641,585,535,0.16957305371761322,0.2595060169696808,0.35178226232528687,0.43743404746055603,0.41079527139663696,0.3976192772388458,0.38901287317276,0.37003687024116516
42,620,0.2759913504123688,0.00020824636158067733,0.35498046875,0.27130126953125,0.21142578125,0.16229248046875,4,694,640,585,538,0.16950252652168274,0.2591380774974823,0.3522941470146179,0.43768325448036194,0.4106504023075104,0.39719972014427185,0.38965851068496704,0.37033864855766296
42,640,0.27622926235198975,0.00020824636158067733,0.35443115234375,0.27203369140625,0.21112060546875,0.16241455078125,4,694,641,586,536,0.16934674978256226,0.2597835063934326,0.3526003956794739,0.43774643540382385,0.41050201654434204,0.398198664188385,0.39011329412460327,0.37032055854797363
42,660,0.275153249502182,0.00020824636158067733,0.3570556640625,0.2735595703125,0.20849609375,0.160888671875,4,695,642,585,533,0.1692376732826233,0.25882986187934875,0.35232287645339966,0.43795910477638245,0.41046857833862305,0.3970382809638977,0.38975998759269714,0.37059012055397034
42,680,0.2755390703678131,0.00020824636158067733,0.35711669921875,0.26959228515625,0.21221923828125,0.16107177734375,4,692,641,586,531,0.16976942121982574,0.2590397000312805,0.35149648785591125,0.43758246302604675,0.41088664531707764,0.39718198776245117,0.38870885968208313,0.37025874853134155
42,700,0.2755443751811981,0.00020824636158067733,0.35736083984375,0.271240234375,0.20989990234375,0.1614990234375,4,696,642,587,534,0.17016589641571045,0.2590128481388092,0.3515670895576477,0.43768152594566345,0.4115535020828247,0.3970872163772583,0.38874495029449463,0.3703223466873169
42,720,0.27562376856803894,0.00020824636158067733,0.35650634765625,0.2740478515625,0.20782470703125,0.16162109375,4,697,643,584,535,0.17016354203224182,0.2592286765575409,0.3522694408893585,0.4374927580356598,0.4116475284099579,0.3973202705383301,0.3896983563899994,0.3700352609157562
42,740,0.27534136176109314,0.00020824636158067733,0.357666015625,0.2724609375,0.20977783203125,0.16009521484375,4,697,641,584,538,0.1698019653558731,0.2592152953147888,0.3525941073894501,0.43734297156333923,0.4110928475856781,0.3972814977169037,0.38993290066719055,0.3698484003543854
42,760,0.2759207487106323,0.00020824636158067733,0.35614013671875,0.27117919921875,0.211181640625,0.1614990234375,4,696,641,589,538,0.17003294825553894,0.25897225737571716,0.3525806963443756,0.43764185905456543,0.41120296716690063,0.39695772528648376,0.3898433446884155,0.3702055811882019
42,780,0.2756132483482361,0.00020824636158067733,0.35693359375,0.273193359375,0.20880126953125,0.16107177734375,4,697,644,587,534,0.16998374462127686,0.2594415247440338,0.35224953293800354,0.43777063488960266,0.41126373410224915,0.39757153391838074,0.3894941210746765,0.37038999795913696
42,800,0.27449846267700195,0.00020824636158067733,0.35711669921875,0.2763671875,0.208984375,0.15753173828125,4,697,643,587,537,0.16961124539375305,0.25941935181617737,0.3522340655326843,0.43560126423835754,0.4105927050113678,0.3972562551498413,0.3895719349384308,0.3675597012042999
42,820,0.27494651079177856,0.00020824636158067733,0.3568115234375,0.27392578125,0.21075439453125,0.15850830078125,4,695,645,587,534,0.1695248782634735,0.2595652639865875,0.35232627391815186,0.4359526038169861,0.4105450510978699,0.3978064954280853,0.38979291915893555,0.368053138256073
42,840,0.275499165058136,0.00020824636158067733,0.35382080078125,0.27557373046875,0.20977783203125,0.16082763671875,4,698,644,586,536,0.16906535625457764,0.25949329137802124,0.3525499701499939,0.43657681345939636,0.41000938415527344,0.3973310589790344,0.3897702395915985,0.36887186765670776
42,860,0.2757968008518219,0.00020824636158067733,0.35302734375,0.27618408203125,0.21026611328125,0.1605224609375,4,696,641,589,536,0.16913118958473206,0.26033252477645874,0.351972758769989,0.437205046415329,0.4099503457546234,0.39890143275260925,0.38922929763793945,0.36950454115867615
42,880,0.27491119503974915,0.00020824636158067733,0.35577392578125,0.275146484375,0.21112060546875,0.157958984375,4,697,645,593,538,0.1689184606075287,0.25951096415519714,0.35271480679512024,0.4364774823188782,0.4099428951740265,0.3977888524532318,0.3899501860141754,0.36872419714927673
42,900,0.2747461795806885,0.00020824636158067733,0.3551025390625,0.2760009765625,0.20977783203125,0.15911865234375,4,697,642,590,536,0.1684867888689041,0.25958916544914246,0.3516733944416046,0.43675535917282104,0.40925517678260803,0.39795392751693726,0.3888152837753296,0.36905062198638916
42,920,0.2748764455318451,0.00020824636158067733,0.35589599609375,0.2733154296875,0.2110595703125,0.15972900390625,4,699,644,590,537,0.1689843088388443,0.2594740092754364,0.351200133562088,0.4363214671611786,0.4097818434238434,0.3975057601928711,0.3882299065589905,0.36845335364341736
42,940,0.2745625078678131,0.00020824636158067733,0.35675048828125,0.2742919921875,0.20977783203125,0.1591796875,4,698,641,589,538,0.1686992049217224,0.25959107279777527,0.3514050245285034,0.43635106086730957,0.4097234606742859,0.39785701036453247,0.38848021626472473,0.3684522211551666
42,960,0.2736862897872925,0.00020824636158067733,0.35784912109375,0.27581787109375,0.2088623046875,0.157470703125,4,696,641,586,536,0.16841718554496765,0.2595609724521637,0.35091498494148254,0.43521663546562195,0.4092860519886017,0.39772453904151917,0.38796359300613403,0.36710456013679504
42,980,0.2743828296661377,0.00020824636158067733,0.35626220703125,0.27655029296875,0.2091064453125,0.1580810546875,4,699,639,591,538,0.16862231492996216,0.25956103205680847,0.351421982049942,0.43675559759140015,0.40973421931266785,0.397693008184433,0.3883915841579437,0.36916667222976685
42,1000,0.27464428544044495,0.00020824636158067733,0.35723876953125,0.2742919921875,0.2098388671875,0.15863037109375,4,698,645,590,535,0.1692478209733963,0.25974106788635254,0.351741224527359,0.4357837438583374,0.4102492332458496,0.39797160029411316,0.38881275057792664,0.36774346232414246
42,1020,0.27440145611763,0.00020824636158067733,0.356689453125,0.2757568359375,0.2086181640625,0.158935546875,4,699,641,589,534,0.16873516142368317,0.2597396969795227,0.3510662615299225,0.43635064363479614,0.40950292348861694,0.39804956316947937,0.3879958689212799,0.3685482144355774
42,1040,0.2744647264480591,0.00020824636158067733,0.3570556640625,0.2755126953125,0.208984375,0.158447265625,4,700,644,591,538,0.16955704987049103,0.25915583968162537,0.3510942757129669,0.43641942739486694,0.4107572138309479,0.3971889019012451,0.38804060220718384,0.36865031719207764
42,1060,0.2740609049797058,0.00020824636158067733,0.3560791015625,0.27471923828125,0.21142578125,0.15777587890625,4,698,640,589,539,0.16857828199863434,0.2590178847312927,0.35082414746284485,0.43544846773147583,0.40932559967041016,0.39712008833885193,0.38781288266181946,0.36737170815467834
42,1080,0.27441921830177307,0.00020824636158067733,0.357421875,0.270751953125,0.212158203125,0.15966796875,4,698,639,588,535,0.16794955730438232,0.2593822479248047,0.35161352157592773,0.4356818199157715,0.4086514413356781,0.39739930629730225,0.38862842321395874,0.3675837516784668
42,1100,0.274292528629303,0.00020824636158067733,0.35565185546875,0.27435302734375,0.21099853515625,0.15899658203125,4,698,640,589,536,0.16804419457912445,0.2593820095062256,0.3509766161441803,0.4359184801578522,0.4088749587535858,0.397239089012146,0.3880257308483124,0.368073970079422
42,1120,0.2734864056110382,0.00020824636158067733,0.35589599609375,0.27655029296875,0.21014404296875,0.15740966796875,4,699,640,589,531,0.16789504885673523,0.25891703367233276,0.3503403067588806,0.4352191984653473,0.4085512161254883,0.3971697688102722,0.38726210594177246,0.36725756525993347
42,1140,0.2739620804786682,0.00020824636158067733,0.3558349609375,0.2764892578125,0.208251953125,0.159423828125,4,697,640,590,536,0.16782008111476898,0.2589399218559265,0.35114234685897827,0.436105877161026,0.4085773825645447,0.3968490958213806,0.38822102546691895,0.36822259426116943
42,1160,0.2748085558414459,0.00020824636158067733,0.35467529296875,0.27520751953125,0.20843505859375,0.16168212890625,4,696,643,586,536,0.1678096503019333,0.25946876406669617,0.3515039384365082,0.436765193939209,0.4086673855781555,0.39747005701065063,0.3886902630329132,0.368821382522583
42,1180,0.27441129088401794,0.00020824636158067733,0.3555908203125,0.2734375,0.2098388671875,0.1611328125,4,700,643,588,537,0.167463481426239,0.2592513859272003,0.3511309325695038,0.43624183535575867,0.4082603454589844,0.39713019132614136,0.388078510761261,0.36819466948509216
42,1200,0.2730981707572937,0.00020824636158067733,0.35736083984375,0.27447509765625,0.2110595703125,0.1571044921875,4,698,641,585,535,0.16762326657772064,0.2582632005214691,0.35015830397605896,0.43541157245635986,0.40831708908081055,0.39630943536758423,0.38699963688850403,0.3673934042453766
42,1220,0.27328020334243774,0.00020824636158067733,0.356689453125,0.2742919921875,0.20953369140625,0.15948486328125,4,699,643,586,537,0.167322039604187,0.2582678198814392,0.3500732183456421,0.43518394231796265,0.40795937180519104,0.3960210084915161,0.3867829144001007,0.3671264052391052
42,1240,0.2746395766735077,0.00020824636158067733,0.35467529296875,0.27191162109375,0.21142578125,0.1619873046875,4,699,643,589,543,0.1675073206424713,0.2589453160762787,0.3503093123435974,0.4367884695529938,0.40817832946777344,0.3966253101825714,0.38711291551589966,0.36894485354423523
42,1260,0.272588849067688,0.00020824636158067733,0.35931396484375,0.2744140625,0.209228515625,0.15704345703125,4,700,641,588,535,0.1675688624382019,0.25830185413360596,0.34977713227272034,0.4350005090236664,0.4084559977054596,0.39616331458091736,0.3864167034626007,0.36686429381370544
42,1280,0.27307307720184326,0.00020824636158067733,0.35894775390625,0.27349853515625,0.20855712890625,0.15899658203125,4,698,643,590,539,0.1677856296300888,0.25807204842567444,0.349901020526886,0.4357963502407074,0.40855780243873596,0.39578643441200256,0.386692076921463,0.36780837178230286
42,1300,0.27427202463150024,0.00020824636158067733,0.355712890625,0.27374267578125,0.20989990234375,0.16064453125,4,698,643,590,538,0.16747653484344482,0.2589432895183563,0.35125532746315,0.4362809658050537,0.4082258939743042,0.3969239592552185,0.3884010910987854,0.36819490790367126
42,1320,0.27278128266334534,0.00020824636158067733,0.35919189453125,0.27435302734375,0.20831298828125,0.15814208984375,4,701,640,590,539,0.16735751926898956,0.2582094967365265,0.350409597158432,0.4352565109729767,0.4082176685333252,0.39604413509368896,0.3873617947101593,0.36695459485054016
42,1340,0.27342233061790466,0.00020824636158067733,0.35546875,0.2745361328125,0.21044921875,0.1595458984375,4,699,638,588,537,0.16711455583572388,0.25854581594467163,0.34967681765556335,0.4352912902832031,0.4075910449028015,0.3962881565093994,0.3865366280078888,0.36710870265960693
42,1360,0.274526447057724,0.00020824636158067733,0.35260009765625,0.27386474609375,0.2122802734375,0.1612548828125,4,697,638,593,543,0.16750235855579376,0.2583785355091095,0.35074788331985474,0.4356299936771393,0.408100426197052,0.39579883217811584,0.3874232769012451,0.3675447106361389
42,1380,0.27346113324165344,0.00020824636158067733,0.3555908203125,0.2742919921875,0.21044921875,0.15966796875,4,698,645,588,537,0.1669846475124359,0.25811102986335754,0.35053595900535583,0.4353730082511902,0.40751349925994873,0.39593371748924255,0.3874371647834778,0.36702850461006165
42,1400,0.2729070782661438,0.00020824636158067733,0.35601806640625,0.273681640625,0.2127685546875,0.15753173828125,4,696,642,591,536,0.16674549877643585,0.257761150598526,0.3507073223590851,0.4340628385543823,0.40721285343170166,0.395447701215744,0.38769084215164185,0.36555469036102295
42,1420,0.27369239926338196,0.00020824636158067733,0.3553466796875,0.273681640625,0.21044921875,0.1605224609375,4,698,645,588,537,0.16704213619232178,0.25801029801368713,0.35044169425964355,0.4358994960784912,0.4076218605041504,0.39594683051109314,0.3873627185821533,0.36766910552978516
42,1440,0.2729007303714752,0.00020824636158067733,0.35711669921875,0.2745361328125,0.20928955078125,0.1590576171875,4,701,643,589,541,0.16682001948356628,0.2579522728919983,0.35021257400512695,0.435147225856781,0.407411128282547,0.3956897556781769,0.38710319995880127,0.36684203147888184
42,1460,0.2729068994522095,0.00020824636158067733,0.3560791015625,0.2757568359375,0.2088623046875,0.1593017578125,4,700,643,589,539,0.16704308986663818,0.2571769058704376,0.35023677349090576,0.43537989258766174,0.40774816274642944,0.3946259915828705,0.38696596026420593,0.3671407699584961
42,1480,0.2732963562011719,0.00020824636158067733,0.35418701171875,0.275634765625,0.2091064453125,0.16107177734375,4,699,643,587,540,0.16661745309829712,0.25765445828437805,0.34976547956466675,0.43537044525146484,0.407014399766922,0.39522168040275574,0.38643625378608704,0.36701592803001404
42,1500,0.2726328372955322,0.00020824636158067733,0.35675048828125,0.2744140625,0.2105712890625,0.15826416015625,4,700,640,588,535,0.1671188771724701,0.2577710449695587,0.3493429720401764,0.43418216705322266,0.4077065885066986,0.39553526043891907,0.38599693775177,0.365590363740921
42,1520,0.2733916640281677,0.00020824636158067733,0.354248046875,0.27532958984375,0.2098388671875,0.16058349609375,4,701,643,589,541,0.16679155826568604,0.258018434047699,0.3494303226470947,0.43554872274398804,0.4073610007762909,0.3956931233406067,0.38608258962631226,0.3671817481517792
42,1540,0.2730525732040405,0.00020824636158067733,0.35675048828125,0.2734375,0.21051025390625,0.1593017578125,4,699,645,587,539,0.16714055836200714,0.2577159106731415,0.3500297963619232,0.4348418116569519,0.40783920884132385,0.3953021168708801,0.3868216276168823,0.3663380444049835
42,1560,0.27326878905296326,0.00020824636158067733,0.3551025390625,0.27496337890625,0.21063232421875,0.1593017578125,4,700,641,586,541,0.1667376309633255,0.2581864595413208,0.35007190704345703,0.4352215826511383,0.40731966495513916,0.39607810974121094,0.38688382506370544,0.36677226424217224
42,1580,0.2726646959781647,0.00020824636158067733,0.35650634765625,0.27545166015625,0.20892333984375,0.15911865234375,4,700,644,591,536,0.1669175773859024,0.2572212517261505,0.34962818026542664,0.43527281284332275,0.40758582949638367,0.3950331211090088,0.38640400767326355,0.36689668893814087
42,1600,0.2732383906841278,0.00020824636158067733,0.35595703125,0.27374267578125,0.20941162109375,0.160888671875,4,699,640,585,538,0.1666788011789322,0.2583578824996948,0.3493870794773102,0.4351990818977356,0.40715861320495605,0.39581260085105896,0.38610467314720154,0.3666515648365021
42,1620,0.2724812924861908,0.00020824636158067733,0.3577880859375,0.272705078125,0.21099853515625,0.15850830078125,4,700,644,586,537,0.16673928499221802,0.25737249851226807,0.3499322533607483,0.4340592324733734,0.40745115280151367,0.3948434293270111,0.38667812943458557,0.36527514457702637
42,1640,0.2730240225791931,0.00020824636158067733,0.35638427734375,0.2730712890625,0.2093505859375,0.16119384765625,4,700,641,586,538,0.1671467423439026,0.2576312720775604,0.3490002453327179,0.43451082706451416,0.4077349603176117,0.395150750875473,0.38542547821998596,0.3658088743686676
42,1660,0.2729182839393616,0.00020824636158067733,0.35601806640625,0.27423095703125,0.20892333984375,0.16082763671875,4,701,641,583,539,0.16681233048439026,0.25773999094963074,0.3489876389503479,0.4348636865615845,0.40734386444091797,0.3953372538089752,0.3854084014892578,0.36631542444229126
42,1680,0.2728521525859833,0.00020824636158067733,0.3568115234375,0.27349853515625,0.209228515625,0.16046142578125,4,699,640,590,542,0.16687816381454468,0.2578038275241852,0.3495030403137207,0.43420499563217163,0.407467782497406,0.3951670229434967,0.3861258327960968,0.36538100242614746
42,1700,0.2725088596343994,0.00020824636158067733,0.35687255859375,0.2724609375,0.2120361328125,0.15863037109375,4,700,644,587,539,0.16658440232276917,0.2570686340332031,0.34974437952041626,0.43408986926078796,0.4071236848831177,0.39460572600364685,0.3863884508609772,0.3652876913547516
42,1720,0.27294275164604187,0.00020824636158067733,0.3548583984375,0.27362060546875,0.21307373046875,0.158447265625,4,698,639,589,538,0.16751225292682648,0.2569146454334259,0.3498668670654297,0.4332989752292633,0.408107727766037,0.3942315876483917,0.3864336311817169,0.3643572926521301
42,1740,0.27278879284858704,0.00020824636158067733,0.35614013671875,0.27392578125,0.20904541015625,0.160888671875,4,700,639,586,543,0.16696351766586304,0.2570483386516571,0.3491758704185486,0.4345901310443878,0.4075021743774414,0.39442962408065796,0.3857037127017975,0.3659370541572571
42,1760,0.27212417125701904,0.00020824636158067733,0.35833740234375,0.2735595703125,0.20904541015625,0.1590576171875,4,699,646,590,538,0.16646581888198853,0.25691819190979004,0.350094199180603,0.43383798003196716,0.4071219563484192,0.39458921551704407,0.3869102895259857,0.36489784717559814
42,1780,0.2730149030685425,0.00020824636158067733,0.35626220703125,0.27484130859375,0.2095947265625,0.1593017578125,4,699,644,590,539,0.16731925308704376,0.2574582099914551,0.3502365052700043,0.4346311092376709,0.4080227315425873,0.39488983154296875,0.387135773897171,0.365818053483963
42,1800,0.27223122119903564,0.00020824636158067733,0.35748291015625,0.2740478515625,0.21014404296875,0.1583251953125,4,700,643,587,533,0.1665310114622116,0.2566618025302887,0.35015857219696045,0.434408962726593,0.40706583857536316,0.39405396580696106,0.3869626522064209,0.3656630218029022
42,1820,0.27237561345100403,0.00020824636158067733,0.357421875,0.27435302734375,0.20965576171875,0.1585693359375,4,700,643,587,541,0.16681544482707977,0.25747254490852356,0.34954896569252014,0.4340612292289734,0.4074403941631317,0.3951514959335327,0.3863323926925659,0.36520591378211975
42,1840,0.2722892463207245,0.00020824636158067733,0.3565673828125,0.275146484375,0.20953369140625,0.15875244140625,4,699,643,589,539,0.1671452820301056,0.25641995668411255,0.3493727147579193,0.43421241641044617,0.40781792998313904,0.3936765193939209,0.38586893677711487,0.36547595262527466
42,1860,0.2722820043563843,0.00020824636158067733,0.356689453125,0.2742919921875,0.21087646484375,0.15814208984375,4,700,643,590,540,0.166727676987648,0.25694090127944946,0.3496476411819458,0.43380433320999146,0.40731626749038696,0.3941842317581177,0.3863523602485657,0.3649141788482666
42,1880,0.27305614948272705,0.00020824636158067733,0.35693359375,0.2720947265625,0.21026611328125,0.16070556640625,4,701,641,589,541,0.16723735630512238,0.2574957609176636,0.34930989146232605,0.43465977907180786,0.40793174505233765,0.3952871561050415,0.3858189284801483,0.3657119870185852
42,1900,0.2726743221282959,0.00020824636158067733,0.35662841796875,0.2734375,0.21051025390625,0.159423828125,4,699,641,586,538,0.16716048121452332,0.25713393092155457,0.34938693046569824,0.4340664744377136,0.4078085720539093,0.39469730854034424,0.38600438833236694,0.3650256097316742
42,1920,0.27205365896224976,0.00020824636158067733,0.3583984375,0.273193359375,0.210693359375,0.15771484375,4,701,642,591,538,0.16660021245479584,0.25692540407180786,0.34995490312576294,0.4338267743587494,0.4072306156158447,0.3942314386367798,0.3866599500179291,0.36489179730415344
42,1940,0.2721163034439087,0.00020824636158067733,0.3585205078125,0.27301025390625,0.20989990234375,0.1585693359375,4,698,641,590,542,0.1667257845401764,0.2572163939476013,0.34917378425598145,0.43405261635780334,0.40722692012786865,0.3949107527732849,0.38585013151168823,0.3652133047580719
42,1960,0.2725678086280823,0.00020824636158067733,0.35626220703125,0.274169921875,0.210205078125,0.15936279296875,4,699,644,589,539,0.16682690382003784,0.25722819566726685,0.34980863332748413,0.43346312642097473,0.40739983320236206,0.3947247862815857,0.38654351234436035,0.3643769919872284
42,1980,0.27270084619522095,0.00020824636158067733,0.35455322265625,0.2750244140625,0.20941162109375,0.1610107421875,4,698,641,587,538,0.16606371104717255,0.25767815113067627,0.3493822515010834,0.4334490895271301,0.40656718611717224,0.39496728777885437,0.3859667479991913,0.36416569352149963
42,2000,0.2717115879058838,0.00020824636158067733,0.358154296875,0.2750244140625,0.20806884765625,0.15875244140625,4,697,643,588,539,0.16642093658447266,0.2570573687553406,0.3490838408470154,0.4332323670387268,0.40693971514701843,0.3945637047290802,0.3857394754886627,0.3640272915363312
43,0,0.3134934902191162,0.00020824636158067733,0.2996826171875,0.34796142578125,0.16009521484375,0.1922607421875,4,696,648,585,544,0.20625579357147217,0.29177549481391907,0.3805381655693054,0.46412619948387146,0.43900159001350403,0.42340269684791565,0.4110771417617798,0.3836030960083008
43,20,0.2968156337738037,0.00020824636158067733,0.31500244140625,0.28424072265625,0.20660400390625,0.19415283203125,4,696,632,589,532,0.18389856815338135,0.27258095145225525,0.3654244542121887,0.44248834252357483,0.4277797043323517,0.414880633354187,0.40195220708847046,0.3736647069454193
43,40,0.2861684560775757,0.00020824636158067733,0.3330078125,0.27386474609375,0.215087890625,0.17803955078125,4,694,625,575,520,0.17856714129447937,0.2690799832344055,0.3535589873790741,0.4322994649410248,0.42229193449020386,0.4104306995868683,0.39141178131103516,0.36370426416397095
43,60,0.2836165428161621,0.00020824636158067733,0.33941650390625,0.27392578125,0.2093505859375,0.17730712890625,4,690,632,572,521,0.17768089473247528,0.2682233154773712,0.3498067557811737,0.43203654885292053,0.4210902452468872,0.4095969498157501,0.3869263827800751,0.3632493317127228
43,80,0.2840862274169922,0.00020824636158067733,0.33587646484375,0.27569580078125,0.21234130859375,0.17608642578125,4,692,624,575,522,0.17747732996940613,0.26785939931869507,0.35079681873321533,0.43239784240722656,0.42085933685302734,0.40919315814971924,0.3881593346595764,0.36382240056991577
43,100,0.28412848711013794,0.00020824636158067733,0.3353271484375,0.2767333984375,0.2110595703125,0.1768798828125,4,689,625,574,520,0.17709881067276,0.26767468452453613,0.35103270411491394,0.43294423818588257,0.4203898012638092,0.40885505080223083,0.388481467962265,0.36455240845680237
43,120,0.28442662954330444,0.00020824636158067733,0.3350830078125,0.277099609375,0.2110595703125,0.1767578125,4,690,624,574,525,0.17731870710849762,0.26837292313575745,0.3506253659725189,0.4335947632789612,0.4205849766731262,0.40972259640693665,0.3879612982273102,0.3653952181339264
43,140,0.2846086919307709,0.00020824636158067733,0.334716796875,0.2777099609375,0.211181640625,0.1763916015625,4,693,625,574,524,0.1778339147567749,0.2687118351459503,0.35034847259521484,0.43354424834251404,0.4211830198764801,0.4101090133190155,0.387527197599411,0.3652726411819458
43,160,0.2839743494987488,0.00020824636158067733,0.3358154296875,0.2806396484375,0.208740234375,0.1748046875,4,691,626,575,523,0.17798146605491638,0.26925715804100037,0.34974560141563416,0.43268415331840515,0.421401709318161,0.4107659161090851,0.38680464029312134,0.364111989736557
43,180,0.283936083316803,0.00020824636158067733,0.3330078125,0.28094482421875,0.20941162109375,0.1766357421875,4,690,624,577,526,0.176866814494133,0.2681281566619873,0.34939342737197876,0.433331161737442,0.41976040601730347,0.40919435024261475,0.38635125756263733,0.36501312255859375
43,200,0.28243184089660645,0.00020824636158067733,0.34228515625,0.277099609375,0.20947265625,0.171142578125,4,691,627,577,525,0.17739145457744598,0.26847589015960693,0.34956011176109314,0.4329462945461273,0.420625239610672,0.4096519351005554,0.38660985231399536,0.3644988536834717
43,220,0.28300338983535767,0.00020824636158067733,0.3372802734375,0.2794189453125,0.21142578125,0.171875,4,688,624,576,523,0.1773863434791565,0.2684420049190521,0.3492185175418854,0.43248236179351807,0.4203706979751587,0.40962299704551697,0.3860965967178345,0.36384427547454834
43,240,0.28346580266952515,0.00020824636158067733,0.33880615234375,0.276611328125,0.20843505859375,0.1761474609375,4,689,625,574,526,0.1770828515291214,0.26833051443099976,0.3497828245162964,0.4333800971508026,0.42023569345474243,0.40933701395988464,0.3868001103401184,0.364936888217926
43,260,0.28276321291923523,0.00020824636158067733,0.33941650390625,0.27685546875,0.21063232421875,0.173095703125,4,690,623,576,523,0.1771913766860962,0.26665398478507996,0.34988412261009216,0.4338640570640564,0.4201776385307312,0.40749862790107727,0.3868876099586487,0.36571329832077026
43,280,0.28243353962898254,0.00020824636158067733,0.3408203125,0.27618408203125,0.2125244140625,0.17047119140625,4,694,627,578,523,0.17765386402606964,0.2669643461704254,0.35014358162879944,0.4325665831565857,0.4207322895526886,0.4077813923358917,0.3871307969093323,0.3638902008533478
43,300,0.2834864854812622,0.00020824636158067733,0.3385009765625,0.27423095703125,0.212646484375,0.17462158203125,4,691,628,578,527,0.17716361582279205,0.26637980341911316,0.35070186853408813,0.43460434675216675,0.42023974657058716,0.40702560544013977,0.387908935546875,0.36647239327430725
43,320,0.2812376916408539,0.00020824636158067733,0.34521484375,0.27398681640625,0.21160888671875,0.169189453125,4,691,625,583,526,0.17598174512386322,0.2650328278541565,0.3514309227466583,0.4344524145126343,0.41885071992874146,0.40537378191947937,0.38889965415000916,0.36654651165008545
43,340,0.281167596578598,0.00020824636158067733,0.34222412109375,0.27667236328125,0.2110595703125,0.1700439453125,4,694,626,579,529,0.17538879811763763,0.26460132002830505,0.35139375925064087,0.43384337425231934,0.4179680347442627,0.4047655761241913,0.3888472020626068,0.3656391501426697
43,360,0.28023770451545715,0.00020824636158067733,0.3458251953125,0.27386474609375,0.21051025390625,0.1697998046875,4,690,628,580,529,0.17412184178829193,0.26363933086395264,0.3515852093696594,0.43467777967453003,0.4161682724952698,0.40377768874168396,0.38900226354599,0.36664339900016785
43,380,0.2813129723072052,0.00020824636158067733,0.34637451171875,0.27313232421875,0.208984375,0.1715087890625,4,692,626,584,528,0.17464907467365265,0.2639014720916748,0.3537868857383728,0.43614688515663147,0.41717246174812317,0.40367868542671204,0.39168602228164673,0.36846068501472473
43,400,0.2783917188644409,0.00020824636158067733,0.34918212890625,0.2767333984375,0.208740234375,0.16534423828125,4,688,626,580,533,0.17311497032642365,0.26181143522262573,0.3527570068836212,0.4345874786376953,0.41489070653915405,0.40149036049842834,0.39046141505241394,0.3666975200176239
43,420,0.2792792320251465,0.00020824636158067733,0.34906005859375,0.2764892578125,0.20745849609375,0.1669921875,4,690,629,581,535,0.17368100583553314,0.2624974846839905,0.353510320186615,0.4355752468109131,0.4155539274215698,0.4022652804851532,0.39149588346481323,0.3678712844848633
43,440,0.27890831232070923,0.00020824636158067733,0.3492431640625,0.2764892578125,0.20953369140625,0.16473388671875,4,693,626,581,532,0.17340649664402008,0.26176178455352783,0.3542369604110718,0.43554091453552246,0.4153253734111786,0.40134623646736145,0.3922480344772339,0.36786186695098877
43,460,0.2788035273551941,0.00020824636158067733,0.35015869140625,0.275146484375,0.20928955078125,0.1654052734375,4,690,628,584,533,0.17282862961292267,0.26146239042282104,0.35489028692245483,0.4357225000858307,0.4144144654273987,0.40080830454826355,0.3930291533470154,0.36809059977531433
43,480,0.27814412117004395,0.00020824636158067733,0.35333251953125,0.274169921875,0.20709228515625,0.1654052734375,4,695,627,584,536,0.17266863584518433,0.26060888171195984,0.3547442555427551,0.4366169571876526,0.41436341404914856,0.39989373087882996,0.3928481936454773,0.3692602813243866
43,500,0.27822211384773254,0.00020824636158067733,0.3525390625,0.27490234375,0.207763671875,0.164794921875,4,690,628,583,535,0.1726943701505661,0.25979113578796387,0.35522323846817017,0.437640517950058,0.4143578112125397,0.39874154329299927,0.3936089277267456,0.3706800937652588
43,520,0.27854523062705994,0.00020824636158067733,0.3516845703125,0.27685546875,0.20635986328125,0.16510009765625,4,694,627,580,537,0.17301112413406372,0.25960996747016907,0.3560461401939392,0.43822988867759705,0.4146687686443329,0.39848440885543823,0.3944911062717438,0.3712975084781647
43,540,0.27762487530708313,0.00020824636158067733,0.3565673828125,0.27484130859375,0.20416259765625,0.1644287109375,4,692,633,580,532,0.1731264591217041,0.2592734694480896,0.3554726839065552,0.43824687600135803,0.4150336980819702,0.39803528785705566,0.3938315808773041,0.3714671730995178
43,560,0.27848997712135315,0.00020824636158067733,0.351318359375,0.279052734375,0.2034912109375,0.1661376953125,4,693,631,581,535,0.17335984110832214,0.25906556844711304,0.3556356430053711,0.4389359652996063,0.4149051010608673,0.39793798327445984,0.3939661681652069,0.3722967803478241
43,580,0.27824312448501587,0.00020824636158067733,0.35369873046875,0.2763671875,0.20379638671875,0.1661376953125,4,694,633,586,538,0.17283187806606293,0.2593301236629486,0.3562423288822174,0.438440203666687,0.414416640996933,0.3980846405029297,0.3947594165802002,0.3716374635696411
43,600,0.27781859040260315,0.00020824636158067733,0.353271484375,0.2777099609375,0.20501708984375,0.16400146484375,4,695,634,583,537,0.17188486456871033,0.26002830266952515,0.3562566339969635,0.4380778670310974,0.4132872223854065,0.3988734483718872,0.39483708143234253,0.3712550103664398
43,620,0.27778875827789307,0.00020824636158067733,0.3541259765625,0.27618408203125,0.20550537109375,0.1641845703125,4,694,631,586,538,0.1725379079580307,0.2585459351539612,0.35596826672554016,0.4393160343170166,0.4140355885028839,0.3972685933113098,0.39439377188682556,0.37296435236930847
43,640,0.27738451957702637,0.00020824636158067733,0.3570556640625,0.274658203125,0.2039794921875,0.164306640625,4,695,632,584,537,0.17294268310070038,0.25848525762557983,0.355623722076416,0.4388095438480377,0.41465428471565247,0.3970261514186859,0.3939085006713867,0.372236043214798
43,660,0.277424156665802,0.00020824636158067733,0.35699462890625,0.2734375,0.2037353515625,0.16583251953125,4,693,630,583,537,0.17265988886356354,0.2584092617034912,0.3550683856010437,0.4389171600341797,0.41422250866889954,0.39663559198379517,0.3932528495788574,0.3724184036254883
43,680,0.2777124345302582,0.00020824636158067733,0.35467529296875,0.27642822265625,0.20391845703125,0.16497802734375,4,693,633,584,539,0.17235629260540009,0.25876182317733765,0.35626089572906494,0.438874751329422,0.41386500000953674,0.397285133600235,0.39461618661880493,0.3723004460334778
43,700,0.27779775857925415,0.00020824636158067733,0.35394287109375,0.27703857421875,0.20233154296875,0.16668701171875,4,695,632,583,538,0.17256830632686615,0.25861456990242004,0.35514745116233826,0.43923458456993103,0.41408082842826843,0.3969763517379761,0.39340150356292725,0.3726993799209595
43,720,0.27678799629211426,0.00020824636158067733,0.35675048828125,0.27716064453125,0.2027587890625,0.163330078125,4,695,632,583,534,0.1723821461200714,0.25824758410453796,0.3556860685348511,0.43835166096687317,0.4139387309551239,0.3967708349227905,0.3939859867095947,0.37169259786605835
43,740,0.277123361825943,0.00020824636158067733,0.35455322265625,0.2767333984375,0.20477294921875,0.1639404296875,4,694,630,584,535,0.17177043855190277,0.2586105167865753,0.3556794822216034,0.4380975365638733,0.4129177927970886,0.3971066176891327,0.3939182758331299,0.37131592631340027
43,760,0.276322603225708,0.00020824636158067733,0.35662841796875,0.2781982421875,0.20172119140625,0.1634521484375,4,695,631,583,536,0.17218077182769775,0.2575607895851135,0.35524654388427734,0.4380752444267273,0.41354525089263916,0.3958491086959839,0.3933144211769104,0.37129461765289307
43,780,0.2765265107154846,0.00020824636158067733,0.35589599609375,0.2803955078125,0.20123291015625,0.1624755859375,4,697,629,585,540,0.1727195531129837,0.2581312954425812,0.3553064465522766,0.43808504939079285,0.4144049286842346,0.39680102467536926,0.393279105424881,0.3712387681007385
43,800,0.27684226632118225,0.00020824636158067733,0.35595703125,0.27813720703125,0.20233154296875,0.16357421875,4,696,634,588,531,0.17183324694633484,0.25924187898635864,0.35515496134757996,0.4384133815765381,0.4132108688354492,0.3979199230670929,0.3931656777858734,0.3717343807220459
43,820,0.27719151973724365,0.00020824636158067733,0.35345458984375,0.27880859375,0.2025146484375,0.16522216796875,4,696,632,585,535,0.17165324091911316,0.25904950499534607,0.3548758327960968,0.43836212158203125,0.41273200511932373,0.3977603614330292,0.3928152620792389,0.37153899669647217
43,840,0.27645084261894226,0.00020824636158067733,0.355712890625,0.27813720703125,0.2020263671875,0.16412353515625,4,697,633,582,536,0.17142550647258759,0.2586940824985504,0.35470274090766907,0.4378458261489868,0.412578821182251,0.39715442061424255,0.3926261365413666,0.3709104061126709
43,860,0.27652204036712646,0.00020824636158067733,0.35760498046875,0.27587890625,0.201416015625,0.16510009765625,4,697,633,582,537,0.17144185304641724,0.2590283453464508,0.3541266918182373,0.43868136405944824,0.41278937458992004,0.39778855443000793,0.3918723464012146,0.37197160720825195
43,880,0.27696824073791504,0.00020824636158067733,0.35406494140625,0.27880859375,0.20166015625,0.16546630859375,4,696,632,581,534,0.17208340764045715,0.25843387842178345,0.35456305742263794,0.4380633533000946,0.413474977016449,0.3967079818248749,0.39258819818496704,0.3710402250289917
43,900,0.27642300724983215,0.00020824636158067733,0.356201171875,0.2772216796875,0.20135498046875,0.16522216796875,4,695,636,581,536,0.1713760793209076,0.25854331254959106,0.35410159826278687,0.4382263720035553,0.41260528564453125,0.3972012400627136,0.3919033408164978,0.37142306566238403
43,920,0.2768957018852234,0.00020824636158067733,0.3548583984375,0.27740478515625,0.20196533203125,0.165771484375,4,696,634,581,535,0.17181731760501862,0.2585388422012329,0.3542693555355072,0.43828311562538147,0.4132000803947449,0.39711442589759827,0.3921351730823517,0.3714035153388977
43,940,0.276744544506073,0.00020824636158067733,0.35430908203125,0.27752685546875,0.20263671875,0.16552734375,4,696,633,582,535,0.17152059078216553,0.25806108117103577,0.35472819209098816,0.43783342838287354,0.41263604164123535,0.3963911533355713,0.39254459738731384,0.3707880973815918
43,960,0.27641725540161133,0.00020824636158067733,0.35784912109375,0.27789306640625,0.199462890625,0.164794921875,4,699,637,584,538,0.17222240567207336,0.25928887724876404,0.3536520302295685,0.4380754828453064,0.41389772295951843,0.39790958166122437,0.3913857936859131,0.3710159659385681
43,980,0.2762446999549866,0.00020824636158067733,0.3568115234375,0.2764892578125,0.20135498046875,0.16534423828125,4,699,633,585,538,0.17142638564109802,0.25847840309143066,0.35285553336143494,0.438854455947876,0.4127443730831146,0.396788626909256,0.39034000039100647,0.3722742199897766
43,1000,0.2761872112751007,0.00020824636158067733,0.35687255859375,0.27398681640625,0.2042236328125,0.1649169921875,4,698,634,587,542,0.1708102971315384,0.258600115776062,0.35313838720321655,0.43814459443092346,0.4119110107421875,0.3970523178577423,0.3905835747718811,0.3714068531990051
43,1020,0.27688828110694885,0.00020824636158067733,0.35614013671875,0.2733154296875,0.20318603515625,0.1673583984375,4,696,637,584,534,0.17100027203559875,0.25889769196510315,0.3539426624774933,0.4380495846271515,0.4121086597442627,0.39725324511528015,0.39164072275161743,0.3710457384586334
43,1040,0.2768317461013794,0.00020824636158067733,0.35491943359375,0.2752685546875,0.20263671875,0.16717529296875,4,696,633,584,536,0.1717088669538498,0.258152037858963,0.3535141050815582,0.43782103061676025,0.4130185544490814,0.39639145135879517,0.39109912514686584,0.3706853985786438
43,1060,0.27604877948760986,0.00020824636158067733,0.3551025390625,0.280029296875,0.200927734375,0.1639404296875,4,697,635,589,535,0.17115181684494019,0.2588024437427521,0.35353490710258484,0.4377511739730835,0.412636935710907,0.39736923575401306,0.39113596081733704,0.370647132396698
43,1080,0.27566802501678467,0.00020824636158067733,0.35516357421875,0.273681640625,0.2049560546875,0.16619873046875,4,696,633,583,539,0.16989652812480927,0.25778472423553467,0.35171598196029663,0.43736618757247925,0.4102797210216522,0.39599448442459106,0.3889082074165344,0.3703189194202423
43,1100,0.27605241537094116,0.00020824636158067733,0.3580322265625,0.2760009765625,0.1998291015625,0.1661376953125,4,698,634,587,538,0.17166055738925934,0.2582061290740967,0.3531439006328583,0.4379429519176483,0.41320890188217163,0.3965401351451874,0.3904213309288025,0.37095212936401367
43,1120,0.27579694986343384,0.00020824636158067733,0.35675048828125,0.27703857421875,0.19989013671875,0.16632080078125,4,696,635,582,539,0.1713586300611496,0.25786030292510986,0.3523351848125458,0.4377029836177826,0.4127410650253296,0.3961474895477295,0.38958579301834106,0.37065622210502625
43,1140,0.27503955364227295,0.00020824636158067733,0.35760498046875,0.2786865234375,0.1981201171875,0.16558837890625,4,697,637,582,539,0.17078816890716553,0.25745072960853577,0.35209426283836365,0.43759018182754517,0.41207584738731384,0.3958384692668915,0.38930341601371765,0.3703984320163727
43,1160,0.2754638195037842,0.00020824636158067733,0.3558349609375,0.27783203125,0.20074462890625,0.16558837890625,4,696,636,583,536,0.17074009776115417,0.2579745948314667,0.35233625769615173,0.43665680289268494,0.41200369596481323,0.3962756097316742,0.3895498812198639,0.36922430992126465
43,1180,0.2757182717323303,0.00020824636158067733,0.355712890625,0.2769775390625,0.200927734375,0.1663818359375,4,697,637,584,538,0.1700509786605835,0.2587823271751404,0.35200071334838867,0.4376998841762543,0.4110686779022217,0.3974299430847168,0.38913512229919434,0.3704618513584137
43,1200,0.275152325630188,0.00020824636158067733,0.35699462890625,0.275390625,0.20135498046875,0.166259765625,4,696,633,581,537,0.17013858258724213,0.25787675380706787,0.35133856534957886,0.4369858503341675,0.4110732674598694,0.39599350094795227,0.3883465826511383,0.3696090877056122
43,1220,0.27549242973327637,0.00020824636158067733,0.3568115234375,0.27581787109375,0.20159912109375,0.165771484375,4,698,635,583,537,0.17076382040977478,0.2578168213367462,0.35213702917099,0.43711334466934204,0.4120178520679474,0.3957916796207428,0.38934189081192017,0.3698461651802063
43,1240,0.2747011184692383,0.00020824636158067733,0.35845947265625,0.27740478515625,0.199951171875,0.1641845703125,4,697,636,581,533,0.17010609805583954,0.2583339512348175,0.35157376527786255,0.4370954930782318,0.4112507104873657,0.39688414335250854,0.3885764479637146,0.36993467807769775
43,1260,0.2745603322982788,0.00020824636158067733,0.35833740234375,0.2763671875,0.2001953125,0.16510009765625,4,696,637,583,529,0.16949869692325592,0.2581533193588257,0.35121646523475647,0.4371022582054138,0.41027429699897766,0.39653468132019043,0.388178288936615,0.36989909410476685
43,1280,0.2747979462146759,0.00020824636158067733,0.35882568359375,0.274658203125,0.20135498046875,0.1651611328125,4,697,636,585,537,0.16941200196743011,0.25848639011383057,0.35111913084983826,0.437836617231369,0.4104757606983185,0.396952360868454,0.38794249296188354,0.3708190321922302
43,1300,0.27525821328163147,0.00020824636158067733,0.3580322265625,0.27435302734375,0.20135498046875,0.166259765625,4,699,635,587,537,0.17007295787334442,0.2578207552433014,0.35199201107025146,0.4376128017902374,0.4112795293331146,0.3958299160003662,0.38911113142967224,0.37033310532569885
43,1320,0.2756599187850952,0.00020824636158067733,0.35546875,0.2757568359375,0.20166015625,0.1671142578125,4,699,634,587,537,0.16999955475330353,0.25737935304641724,0.35231947898864746,0.4380683898925781,0.4109940230846405,0.3955134451389313,0.3896024227142334,0.3707886338233948
43,1340,0.274249792098999,0.00020824636158067733,0.3585205078125,0.2769775390625,0.19970703125,0.164794921875,4,699,634,582,536,0.16956652700901031,0.2569759786128998,0.35172900557518005,0.4371336102485657,0.41057875752449036,0.39469051361083984,0.3889107406139374,0.36989840865135193
43,1360,0.2748125493526459,0.00020824636158067733,0.35809326171875,0.27508544921875,0.20220947265625,0.16461181640625,4,698,638,586,534,0.16994178295135498,0.2580786347389221,0.35133349895477295,0.4369119107723236,0.41107267141342163,0.39626288414001465,0.38832780718803406,0.3695628046989441
43,1380,0.2745319604873657,0.00020824636158067733,0.35784912109375,0.277099609375,0.20050048828125,0.16455078125,4,698,633,584,540,0.16977430880069733,0.2575674057006836,0.3512670695781708,0.43741708993911743,0.4107837975025177,0.3957969844341278,0.3882400393486023,0.3701459467411041
43,1400,0.2753526568412781,0.00020824636158067733,0.35699462890625,0.2740478515625,0.2021484375,0.16680908203125,4,700,635,584,537,0.16985389590263367,0.25739070773124695,0.35254865884780884,0.4370938539505005,0.41107064485549927,0.39532342553138733,0.38991373777389526,0.36954861879348755
43,1420,0.27507174015045166,0.00020824636158067733,0.355712890625,0.279296875,0.198974609375,0.166015625,4,697,637,585,541,0.16951797902584076,0.25820350646972656,0.35233962535858154,0.4370066523551941,0.4106289744377136,0.3966367542743683,0.3896055519580841,0.36934134364128113
43,1440,0.2744085490703583,0.00020824636158067733,0.3582763671875,0.276611328125,0.19952392578125,0.16558837890625,4,700,634,585,538,0.16971711814403534,0.2571202516555786,0.351391077041626,0.4370451867580414,0.41071122884750366,0.39511552453041077,0.38850459456443787,0.3696223199367523
43,1460,0.274244487285614,0.00020824636158067733,0.35772705078125,0.27850341796875,0.19793701171875,0.16583251953125,4,700,635,580,541,0.17007774114608765,0.25736334919929504,0.3504309058189392,0.4363636374473572,0.41124677658081055,0.3952576816082001,0.3872431218624115,0.36870670318603516
43,1480,0.27504047751426697,0.00020824636158067733,0.35528564453125,0.27801513671875,0.2000732421875,0.1666259765625,4,698,638,588,540,0.1692260205745697,0.2583145201206207,0.3515883684158325,0.43665534257888794,0.40994054079055786,0.3966115117073059,0.38864219188690186,0.36898452043533325
43,1500,0.27392134070396423,0.00020824636158067733,0.359130859375,0.2755126953125,0.2001953125,0.1651611328125,4,701,635,585,538,0.16904212534427643,0.257483571767807,0.35039669275283813,0.43669670820236206,0.40989986062049866,0.3955520689487457,0.3870432376861572,0.36920684576034546
43,1520,0.27409273386001587,0.00020824636158067733,0.35906982421875,0.27484130859375,0.20025634765625,0.16583251953125,4,698,633,583,538,0.169144868850708,0.2572336494922638,0.3507002592086792,0.43676307797431946,0.41006046533584595,0.3951170742511749,0.3875369727611542,0.3692549467086792
43,1540,0.2737138271331787,0.00020824636158067733,0.35809326171875,0.27783203125,0.199462890625,0.16461181640625,4,699,633,584,538,0.16870757937431335,0.2571399509906769,0.35057806968688965,0.4369780123233795,0.4094504714012146,0.39536941051483154,0.38736584782600403,0.36949071288108826
43,1560,0.27456164360046387,0.00020824636158067733,0.35711669921875,0.27679443359375,0.2000732421875,0.166015625,4,699,636,585,540,0.16933733224868774,0.25786635279655457,0.3510468602180481,0.4365696310997009,0.4104262888431549,0.39605748653411865,0.3878898024559021,0.36878502368927
43,1580,0.27410075068473816,0.00020824636158067733,0.35888671875,0.27490234375,0.20263671875,0.16357421875,4,699,637,586,537,0.1691027134656906,0.2581947147846222,0.3503431975841522,0.4367517828941345,0.41001784801483154,0.3963845670223236,0.3870738446712494,0.36923834681510925
43,1600,0.2737990617752075,0.00020824636158067733,0.35687255859375,0.27728271484375,0.20068359375,0.1651611328125,4,700,636,585,540,0.1688958704471588,0.2567029297351837,0.35043102502822876,0.43605735898017883,0.4094541072845459,0.39440879225730896,0.3871937692165375,0.3683609068393707
43,1620,0.2747068703174591,0.00020824636158067733,0.3544921875,0.27996826171875,0.2001953125,0.16534423828125,4,699,638,586,540,0.1687336266040802,0.2581600248813629,0.35153570771217346,0.43690502643585205,0.4094446003437042,0.3965853452682495,0.3885268270969391,0.36927658319473267
43,1640,0.27356407046318054,0.00020824636158067733,0.35797119140625,0.27679443359375,0.19964599609375,0.16558837890625,4,698,632,581,540,0.16875523328781128,0.25636184215545654,0.350787490606308,0.4357897639274597,0.4096367061138153,0.39392977952957153,0.3877369463443756,0.3680073022842407
43,1660,0.2737410068511963,0.00020824636158067733,0.3587646484375,0.2747802734375,0.20013427734375,0.16632080078125,4,698,635,586,543,0.16787712275981903,0.2573469579219818,0.3508093059062958,0.4364444613456726,0.4085094928741455,0.3951413333415985,0.3878062665462494,0.3685499131679535
43,1680,0.27362334728240967,0.00020824636158067733,0.356689453125,0.2774658203125,0.2015380859375,0.164306640625,4,698,639,585,540,0.16802603006362915,0.2564878761768341,0.3510037064552307,0.4368842542171478,0.40865376591682434,0.39428192377090454,0.3878558278083801,0.36944931745529175
43,1700,0.2744101285934448,0.00020824636158067733,0.3536376953125,0.2811279296875,0.19891357421875,0.16632080078125,4,697,634,587,540,0.168539896607399,0.25724315643310547,0.35137438774108887,0.43648597598075867,0.4091731905937195,0.3955032229423523,0.3882562518119812,0.3686670660972595
43,1720,0.27404719591140747,0.00020824636158067733,0.356689453125,0.27728271484375,0.2000732421875,0.16595458984375,4,700,635,584,542,0.16846603155136108,0.2572401762008667,0.3509000241756439,0.4364035129547119,0.40916454792022705,0.3952716588973999,0.3878227174282074,0.36856991052627563
43,1740,0.2737606465816498,0.00020824636158067733,0.35931396484375,0.27496337890625,0.20086669921875,0.16485595703125,4,699,633,583,541,0.16811391711235046,0.25783735513687134,0.35069477558135986,0.43684327602386475,0.408975750207901,0.39591458439826965,0.3876052796840668,0.36916685104370117
43,1760,0.2736130952835083,0.00020824636158067733,0.353271484375,0.283447265625,0.1981201171875,0.1651611328125,4,698,638,583,538,0.16794459521770477,0.25626060366630554,0.3509155809879303,0.4366840720176697,0.40839073061943054,0.39445266127586365,0.38786813616752625,0.3690216541290283
43,1780,0.27406981587409973,0.00020824636158067733,0.35992431640625,0.27386474609375,0.20159912109375,0.16461181640625,4,701,637,582,542,0.1687326580286026,0.2577848434448242,0.35147127509117126,0.4366901218891144,0.40992382168769836,0.395578533411026,0.388475626707077,0.3688974976539612
43,1800,0.2747964859008789,0.00020824636158067733,0.35369873046875,0.27984619140625,0.2001953125,0.166259765625,4,699,639,583,539,0.16840562224388123,0.258812814950943,0.35120123624801636,0.43603453040122986,0.40889325737953186,0.3967466354370117,0.38835155963897705,0.36793625354766846
43,1820,0.27359116077423096,0.00020824636158067733,0.3563232421875,0.278564453125,0.19891357421875,0.16619873046875,4,699,636,585,541,0.1676441729068756,0.25669026374816895,0.3509651720523834,0.43646004796028137,0.4081280827522278,0.39459341764450073,0.3879452645778656,0.3685607314109802
43,1840,0.27340102195739746,0.00020824636158067733,0.35833740234375,0.2755126953125,0.2012939453125,0.16485595703125,4,700,635,587,543,0.16743884980678558,0.2566681206226349,0.3508196473121643,0.4371587932109833,0.40813061594963074,0.3945862650871277,0.38777822256088257,0.3694712817668915
43,1860,0.27374377846717834,0.00020824636158067733,0.3563232421875,0.27685546875,0.200439453125,0.1663818359375,4,699,636,584,540,0.16748636960983276,0.25680506229400635,0.351092129945755,0.436308890581131,0.40785256028175354,0.3946702480316162,0.388125479221344,0.3683224320411682
43,1880,0.2734168469905853,0.00020824636158067733,0.359130859375,0.27557373046875,0.20013427734375,0.1651611328125,4,699,634,583,539,0.16810932755470276,0.25723767280578613,0.35037747025489807,0.4361383318901062,0.408853143453598,0.39484357833862305,0.3872717022895813,0.3682904541492462
43,1900,0.2741270065307617,0.00020824636158067733,0.358154296875,0.277099609375,0.20001220703125,0.16473388671875,4,698,635,582,538,0.16871534287929535,0.258213073015213,0.3510987162590027,0.43662017583847046,0.4099031686782837,0.3963676393032074,0.38808155059814453,0.3688889741897583
43,1920,0.27340054512023926,0.00020824636158067733,0.359375,0.27679443359375,0.198974609375,0.16485595703125,4,698,638,585,539,0.16768544912338257,0.25803446769714355,0.3505763113498688,0.4365040361881256,0.40834060311317444,0.39615923166275024,0.38761940598487854,0.36866605281829834
43,1940,0.27392154932022095,0.00020824636158067733,0.35479736328125,0.28045654296875,0.2001953125,0.16455078125,4,701,637,585,541,0.1675330102443695,0.25807514786720276,0.3511532247066498,0.43635889887809753,0.4081290364265442,0.39626818895339966,0.3882126808166504,0.3685706555843353
43,1960,0.27362778782844543,0.00020824636158067733,0.3558349609375,0.27972412109375,0.19915771484375,0.165283203125,4,699,637,582,541,0.16744503378868103,0.25751635432243347,0.35061880946159363,0.4367232322692871,0.4078167676925659,0.3958960771560669,0.38748472929000854,0.3689907193183899
43,1980,0.27381962537765503,0.00020824636158067733,0.35614013671875,0.2777099609375,0.20111083984375,0.1650390625,4,701,637,584,537,0.16698051989078522,0.2581358253955841,0.350512832403183,0.43730437755584717,0.4073948562145233,0.39643192291259766,0.38734763860702515,0.3697230815887451
43,2000,0.2737448215484619,0.00020824636158067733,0.3572998046875,0.276611328125,0.2010498046875,0.1650390625,4,697,639,582,539,0.16715694963932037,0.25874102115631104,0.34993788599967957,0.43682995438575745,0.4076072871685028,0.3970024585723877,0.3866567015647888,0.36899134516716003
44,0,0.319011926651001,0.00020824636158067733,0.26080322265625,0.30792236328125,0.19317626953125,0.23809814453125,4,691,645,581,548,0.19051411747932434,0.28957679867744446,0.3670494258403778,0.45885613560676575,0.4352598786354065,0.42441868782043457,0.40296074748039246,0.383247435092926
44,20,0.28493037819862366,0.00020824636158067733,0.32745361328125,0.28955078125,0.202880859375,0.18011474609375,4,690,625,574,520,0.17930293083190918,0.2665691375732422,0.3513784408569336,0.4316343367099762,0.42324915528297424,0.4061713218688965,0.38866546750068665,0.36275941133499146
44,40,0.281276673078537,0.00020824636158067733,0.34490966796875,0.26971435546875,0.21221923828125,0.17315673828125,4,686,620,570,519,0.1768871247768402,0.2649557292461395,0.3490396738052368,0.43158167600631714,0.41985952854156494,0.40421465039253235,0.3860042095184326,0.3626701235771179
44,60,0.2830110490322113,0.00020824636158067733,0.341064453125,0.275390625,0.20697021484375,0.17657470703125,4,688,625,575,522,0.17803023755550385,0.26688429713249207,0.3495463728904724,0.43295052647590637,0.4214983284473419,0.40762877464294434,0.38652417063713074,0.36421307921409607
44,80,0.2836362421512604,0.00020824636158067733,0.33917236328125,0.2747802734375,0.21112060546875,0.1749267578125,4,687,623,579,525,0.1784932166337967,0.267577201128006,0.35031408071517944,0.43225398659706116,0.4219622015953064,0.40811994671821594,0.3875541687011719,0.36339232325553894
44,100,0.2821320593357086,0.00020824636158067733,0.343017578125,0.2750244140625,0.20806884765625,0.17388916015625,4,685,624,574,522,0.17727458477020264,0.2667962312698364,0.3496570587158203,0.43243375420570374,0.4206072986125946,0.4072440564632416,0.386746346950531,0.36370012164115906
44,120,0.2829109728336334,0.00020824636158067733,0.34136962890625,0.27392578125,0.207763671875,0.17694091796875,4,684,626,578,523,0.17690661549568176,0.26732873916625977,0.34900251030921936,0.43394234776496887,0.42005783319473267,0.4080432057380676,0.3858748972415924,0.36554813385009766
44,140,0.2833256423473358,0.00020824636158067733,0.34039306640625,0.27349853515625,0.21063232421875,0.17547607421875,4,684,629,577,526,0.1774515062570572,0.26675084233283997,0.34973734617233276,0.43481966853141785,0.4206998944282532,0.407288521528244,0.3867988586425781,0.3668820261955261
44,160,0.28265026211738586,0.00020824636158067733,0.34368896484375,0.27099609375,0.20977783203125,0.175537109375,4,690,633,577,528,0.17666108906269073,0.2669900953769684,0.3495061993598938,0.4344487488269806,0.4198485016822815,0.4073948860168457,0.3864145874977112,0.36618751287460327
44,180,0.2821981608867645,0.00020824636158067733,0.342041015625,0.27679443359375,0.20635986328125,0.1748046875,4,692,634,580,528,0.1758304089307785,0.2670961022377014,0.3493630588054657,0.4349524974822998,0.4184670150279999,0.40749409794807434,0.38632872700691223,0.3670051693916321
44,200,0.2819887399673462,0.00020824636158067733,0.34576416015625,0.27362060546875,0.207275390625,0.17333984375,4,693,635,578,527,0.17636962234973907,0.2657718360424042,0.35007980465888977,0.4368464946746826,0.41924914717674255,0.40580183267593384,0.3871580958366394,0.3695908188819885
44,220,0.2816658616065979,0.00020824636158067733,0.34771728515625,0.273193359375,0.2060546875,0.17303466796875,4,691,635,581,532,0.17609189450740814,0.26600098609924316,0.3495819568634033,0.4376750886440277,0.4187401235103607,0.40584757924079895,0.38646671175956726,0.37057873606681824
44,240,0.2820753753185272,0.00020824636158067733,0.34893798828125,0.27447509765625,0.2039794921875,0.172607421875,4,694,635,581,535,0.1760065257549286,0.26673269271850586,0.35014450550079346,0.4404574930667877,0.41857752203941345,0.4072291851043701,0.38702455163002014,0.3741404414176941
44,260,0.280617892742157,0.00020824636158067733,0.35284423828125,0.27386474609375,0.203369140625,0.169921875,4,696,634,587,529,0.17445683479309082,0.2655460834503174,0.35141947865486145,0.4406155049800873,0.41655704379081726,0.40546485781669617,0.38874125480651855,0.37465599179267883
44,280,0.280579537153244,0.00020824636158067733,0.35369873046875,0.27435302734375,0.20452880859375,0.16741943359375,4,696,636,588,528,0.1742047667503357,0.26561227440834045,0.3535090386867523,0.4407445788383484,0.4165509045124054,0.4057624042034149,0.39106181263923645,0.37477466464042664
44,300,0.2807447910308838,0.00020824636158067733,0.353759765625,0.27325439453125,0.2054443359375,0.16754150390625,4,692,637,591,526,0.17488901317119598,0.26530900597572327,0.3532980680465698,0.44046494364738464,0.41704049706459045,0.4045630097389221,0.39089447259902954,0.37446022033691406
44,320,0.27937421202659607,0.00020824636158067733,0.354248046875,0.27545166015625,0.202880859375,0.16741943359375,4,694,638,588,530,0.17325711250305176,0.2648008167743683,0.3513649106025696,0.4406489133834839,0.41461181640625,0.40424373745918274,0.38842612504959106,0.3745660185813904
44,340,0.2799924910068512,0.00020824636158067733,0.353515625,0.2769775390625,0.20263671875,0.1668701171875,4,697,645,589,531,0.17379741370677948,0.2651701867580414,0.35212787985801697,0.44197338819503784,0.4154033958911896,0.4048760235309601,0.38949376344680786,0.376181036233902
44,360,0.27929961681365967,0.00020824636158067733,0.3560791015625,0.27545166015625,0.20147705078125,0.1669921875,4,693,643,590,534,0.17277218401432037,0.2650618255138397,0.35239115357398987,0.4417489469051361,0.4142007827758789,0.4043430984020233,0.38976481556892395,0.3760976791381836
44,380,0.2785935401916504,0.00020824636158067733,0.3568115234375,0.27825927734375,0.19989013671875,0.1650390625,4,698,641,588,538,0.172840878367424,0.2651488482952118,0.35056084394454956,0.44273242354393005,0.41427120566368103,0.40476030111312866,0.3875088095664978,0.3772173523902893
44,400,0.27921876311302185,0.00020824636158067733,0.35552978515625,0.275634765625,0.2042236328125,0.16461181640625,4,692,641,589,534,0.17275895178318024,0.2652747333049774,0.352029025554657,0.4421689510345459,0.41423141956329346,0.40484923124313354,0.389078289270401,0.37658852338790894
44,420,0.2791551947593689,0.00020824636158067733,0.35528564453125,0.27557373046875,0.20440673828125,0.16473388671875,4,694,642,588,533,0.17261222004890442,0.26504337787628174,0.3520517647266388,0.44209372997283936,0.4139646589756012,0.4045730531215668,0.3891836702823639,0.37642133235931396
44,440,0.27872952818870544,0.00020824636158067733,0.35333251953125,0.2794189453125,0.20294189453125,0.164306640625,4,694,642,591,537,0.17262330651283264,0.2642664909362793,0.3510373532772064,0.44219064712524414,0.4134940505027771,0.40361282229423523,0.38792237639427185,0.3766232430934906
44,460,0.2780159115791321,0.00020824636158067733,0.357666015625,0.276123046875,0.2021484375,0.1640625,4,697,640,593,537,0.17193974554538727,0.2642977237701416,0.35060951113700867,0.4429107904434204,0.413085013628006,0.4035503566265106,0.3874945640563965,0.3775182366371155
44,480,0.27820801734924316,0.00020824636158067733,0.35650634765625,0.27764892578125,0.199462890625,0.1663818359375,4,698,644,591,539,0.17160363495349884,0.2644735276699066,0.3501419126987457,0.44331231713294983,0.4128473699092865,0.40354418754577637,0.3868318200111389,0.37794676423072815
44,500,0.2773413062095642,0.00020824636158067733,0.36029052734375,0.27691650390625,0.20086669921875,0.16192626953125,4,697,644,591,541,0.17159682512283325,0.26509326696395874,0.35088691115379333,0.4423396587371826,0.4130399823188782,0.4045814275741577,0.3876801133155823,0.3765789866447449
44,520,0.27761852741241455,0.00020824636158067733,0.35626220703125,0.27825927734375,0.2027587890625,0.1627197265625,4,697,642,591,536,0.1720898151397705,0.264240562915802,0.34910741448402405,0.4424629807472229,0.41324135661125183,0.4032469093799591,0.38551270961761475,0.37679538130760193
44,540,0.27775508165359497,0.00020824636158067733,0.35516357421875,0.2799072265625,0.20013427734375,0.164794921875,4,695,642,587,536,0.17192208766937256,0.2642494738101959,0.34893786907196045,0.4423370063304901,0.41312697529792786,0.40328559279441833,0.3850833773612976,0.3764764666557312
44,560,0.2768440842628479,0.00020824636158067733,0.3577880859375,0.27972412109375,0.19940185546875,0.1630859375,4,697,642,589,532,0.17145895957946777,0.26431670784950256,0.348453551530838,0.4419761300086975,0.41234925389289856,0.40335872769355774,0.3846757411956787,0.37599608302116394
44,580,0.2770003080368042,0.00020824636158067733,0.35723876953125,0.27947998046875,0.20098876953125,0.16229248046875,4,696,642,591,537,0.17124225199222565,0.26447445154190063,0.34904390573501587,0.4421445429325104,0.4122762084007263,0.40348154306411743,0.3852679133415222,0.3762567639350891
44,600,0.2766187787055969,0.00020824636158067733,0.35888671875,0.2784423828125,0.200927734375,0.1617431640625,4,699,643,585,535,0.1713864952325821,0.26400983333587646,0.34852132201194763,0.44249990582466125,0.4126049876213074,0.40305906534194946,0.38469478487968445,0.3765510320663452
44,620,0.2768309712409973,0.00020824636158067733,0.3564453125,0.27862548828125,0.20343017578125,0.1614990234375,4,699,644,592,536,0.1715981513261795,0.2633228302001953,0.3485732674598694,0.4420265257358551,0.4129161238670349,0.40202510356903076,0.3846544325351715,0.37590792775154114
44,640,0.2763432264328003,0.00020824636158067733,0.35693359375,0.27899169921875,0.2008056640625,0.16326904296875,4,696,641,585,535,0.171321839094162,0.2629673182964325,0.34752604365348816,0.44124606251716614,0.4123225510120392,0.40147924423217773,0.38331127166748047,0.37487009167671204
44,660,0.275382936000824,0.00020824636158067733,0.359130859375,0.27996826171875,0.19830322265625,0.16259765625,4,698,643,588,535,0.17026470601558685,0.2627711594104767,0.34760376811027527,0.44119399785995483,0.41123726963996887,0.4012961685657501,0.3835347294807434,0.37478747963905334
44,680,0.2761862576007843,0.00020824636158067733,0.35699462890625,0.2796630859375,0.200927734375,0.16241455078125,4,695,645,591,534,0.17070652544498444,0.26338356733322144,0.3479008376598358,0.4413604736328125,0.411803275346756,0.4022764265537262,0.38375604152679443,0.3748590350151062
44,700,0.2760067284107208,0.00020824636158067733,0.35577392578125,0.28057861328125,0.2021484375,0.1614990234375,4,697,646,591,536,0.16990220546722412,0.26377758383750916,0.3477179706096649,0.44123443961143494,0.410567969083786,0.40264973044395447,0.3836216926574707,0.37488245964050293
44,720,0.27548453211784363,0.00020824636158067733,0.35919189453125,0.27978515625,0.197998046875,0.16302490234375,4,696,643,591,537,0.16996757686138153,0.2629047632217407,0.34834063053131104,0.44107335805892944,0.41091230511665344,0.40144285559654236,0.3845706880092621,0.3744364380836487
44,740,0.2753875255584717,0.00020824636158067733,0.35675048828125,0.28070068359375,0.198486328125,0.1640625,4,698,643,591,534,0.16947703063488007,0.2620115280151367,0.34837988018989563,0.44026556611061096,0.4104059040546417,0.4002728760242462,0.38424307107925415,0.3733830451965332
44,760,0.274911493062973,0.00020824636158067733,0.3582763671875,0.28045654296875,0.19964599609375,0.16162109375,4,698,645,591,534,0.16937881708145142,0.26240310072898865,0.3482610881328583,0.43995171785354614,0.41036391258239746,0.4011148512363434,0.3841298222541809,0.3729347586631775
44,780,0.2748623192310333,0.00020824636158067733,0.35711669921875,0.28094482421875,0.2000732421875,0.161865234375,4,697,645,589,535,0.16910728812217712,0.2619789242744446,0.34892603754997253,0.43900033831596375,0.4099104404449463,0.40055710077285767,0.38499918580055237,0.3717225193977356
44,800,0.27393200993537903,0.00020824636158067733,0.35687255859375,0.28350830078125,0.19854736328125,0.16107177734375,4,698,642,589,533,0.16795018315315247,0.2617872953414917,0.3484554588794708,0.4382604956626892,0.4084227979183197,0.4001167118549347,0.3844381272792816,0.3707447946071625
44,820,0.275310754776001,0.00020824636158067733,0.355224609375,0.2808837890625,0.20068359375,0.1632080078125,4,697,643,591,534,0.16851454973220825,0.26240286231040955,0.34905433654785156,0.4392923414707184,0.4089949429035187,0.40079280734062195,0.3853096663951874,0.3719687759876251
44,840,0.27518755197525024,0.00020824636158067733,0.35650634765625,0.27935791015625,0.20184326171875,0.16229248046875,4,697,644,591,534,0.168671116232872,0.2621031403541565,0.3491102457046509,0.4397558569908142,0.4095313549041748,0.40053701400756836,0.3851807117462158,0.37236878275871277
44,860,0.27387815713882446,0.00020824636158067733,0.36102294921875,0.27838134765625,0.20025634765625,0.16033935546875,4,699,639,591,533,0.16826753318309784,0.2614835798740387,0.3493315577507019,0.43895453214645386,0.40942564606666565,0.39971160888671875,0.3853321075439453,0.37154170870780945
44,880,0.2732789218425751,0.00020824636158067733,0.36114501953125,0.280029296875,0.19915771484375,0.15966796875,4,699,643,591,534,0.16841205954551697,0.26009565591812134,0.34955453872680664,0.43845272064208984,0.40916314721107483,0.3982026278972626,0.3860047161579132,0.37091365456581116
44,900,0.27332332730293274,0.00020824636158067733,0.35919189453125,0.28094482421875,0.20025634765625,0.15960693359375,4,700,644,592,535,0.1678190678358078,0.260690301656723,0.34878599643707275,0.4383135437965393,0.40853404998779297,0.39907002449035645,0.38487038016319275,0.3708394467830658
44,920,0.273377925157547,0.00020824636158067733,0.3583984375,0.28094482421875,0.20074462890625,0.159912109375,4,698,643,591,537,0.16790474951267242,0.2603250741958618,0.34907495975494385,0.4376729130744934,0.408657431602478,0.39850252866744995,0.3850518763065338,0.36993223428726196
44,940,0.27274268865585327,0.00020824636158067733,0.35931396484375,0.2821044921875,0.1995849609375,0.15899658203125,4,698,642,585,531,0.1675008088350296,0.2599639296531677,0.34854042530059814,0.4381031394004822,0.408165842294693,0.3980008363723755,0.38455310463905334,0.3705749213695526
44,960,0.2725294828414917,0.00020824636158067733,0.3607177734375,0.28204345703125,0.19757080078125,0.15966796875,4,700,644,586,536,0.16766342520713806,0.2600170373916626,0.3482608199119568,0.4378337860107422,0.408400297164917,0.39821067452430725,0.38421428203582764,0.37005814909935
44,980,0.27330559492111206,0.00020824636158067733,0.35870361328125,0.2811279296875,0.1971435546875,0.16302490234375,4,699,644,588,536,0.16723963618278503,0.2602848410606384,0.3477177023887634,0.43915072083473206,0.40771928429603577,0.398224413394928,0.3834676444530487,0.3715647757053375
44,1000,0.2741144895553589,0.00020824636158067733,0.3531494140625,0.28265380859375,0.20123291015625,0.1629638671875,4,699,643,590,533,0.16771765053272247,0.2595786154270172,0.34812912344932556,0.43849703669548035,0.40791258215904236,0.39730286598205566,0.3839542865753174,0.370816171169281
44,1020,0.2741616368293762,0.00020824636158067733,0.353759765625,0.28192138671875,0.2022705078125,0.16204833984375,4,697,644,592,533,0.16802924871444702,0.2593960464000702,0.34932708740234375,0.43772000074386597,0.40847814083099365,0.3973875045776367,0.3855133056640625,0.36990028619766235
44,1040,0.2734030783176422,0.00020824636158067733,0.3565673828125,0.28082275390625,0.20135498046875,0.1612548828125,4,698,641,590,529,0.16755791008472443,0.25932997465133667,0.3489607870578766,0.43760931491851807,0.40821409225463867,0.3971724212169647,0.3848997950553894,0.36958152055740356
44,1060,0.27297037839889526,0.00020824636158067733,0.358642578125,0.27886962890625,0.20166015625,0.16082763671875,4,699,641,591,532,0.1673763543367386,0.2589122951030731,0.3484165370464325,0.4382181167602539,0.4078534245491028,0.39687272906303406,0.38430747389793396,0.3703904449939728
44,1080,0.2727903723716736,0.00020824636158067733,0.35919189453125,0.27923583984375,0.20001220703125,0.16156005859375,4,698,644,592,531,0.16731221973896027,0.25894248485565186,0.34854817390441895,0.4374426305294037,0.4079503118991852,0.3967045545578003,0.384350448846817,0.3693884611129761
44,1100,0.27293461561203003,0.00020824636158067733,0.3577880859375,0.28082275390625,0.1995849609375,0.16180419921875,4,699,647,590,536,0.1669657975435257,0.2595611810684204,0.34827446937561035,0.4375362992286682,0.4072713553905487,0.39739683270454407,0.384146124124527,0.3694751262664795
44,1120,0.27255842089653015,0.00020824636158067733,0.35760498046875,0.2821044921875,0.19964599609375,0.16064453125,4,698,642,591,536,0.16705797612667084,0.2588425576686859,0.3484182059764862,0.43721839785575867,0.4074951112270355,0.39674320816993713,0.3840976655483246,0.36907753348350525
44,1140,0.273335337638855,0.00020824636158067733,0.356201171875,0.2802734375,0.201416015625,0.162109375,4,697,644,591,537,0.1674651950597763,0.2585674524307251,0.34874987602233887,0.4377949833869934,0.4079430103302002,0.396408349275589,0.3846060633659363,0.3696727752685547
44,1160,0.2721301019191742,0.00020824636158067733,0.35797119140625,0.2808837890625,0.2001953125,0.16094970703125,4,698,643,593,533,0.16651931405067444,0.2582240104675293,0.3480815887451172,0.4368179440498352,0.40691038966178894,0.3959737718105316,0.3835847079753876,0.3685762584209442
44,1180,0.2722093462944031,0.00020824636158067733,0.3575439453125,0.28082275390625,0.1990966796875,0.16253662109375,4,696,643,593,536,0.166157066822052,0.258063405752182,0.3478245735168457,0.43731755018234253,0.40631192922592163,0.395805686712265,0.383436918258667,0.3692668080329895
44,1200,0.27267277240753174,0.00020824636158067733,0.355712890625,0.28204345703125,0.20037841796875,0.161865234375,4,697,643,592,535,0.16675502061843872,0.2580469846725464,0.34856149554252625,0.43697571754455566,0.4069952964782715,0.3958001136779785,0.38441789150238037,0.36860281229019165
44,1220,0.2709949314594269,0.00020824636158067733,0.363037109375,0.279052734375,0.19873046875,0.1591796875,4,700,644,591,537,0.16592097282409668,0.25798335671424866,0.3486913740634918,0.43644335865974426,0.40647098422050476,0.3956584632396698,0.38451606035232544,0.3681088387966156
44,1240,0.2725111246109009,0.00020824636158067733,0.3572998046875,0.280517578125,0.20123291015625,0.16094970703125,4,697,644,592,534,0.16710571944713593,0.2578403949737549,0.34901872277259827,0.43641871213912964,0.40758779644966125,0.3952120244503021,0.3849785625934601,0.3681444525718689
44,1260,0.2725236713886261,0.00020824636158067733,0.35784912109375,0.27972412109375,0.20001220703125,0.16241455078125,4,699,646,593,542,0.16647005081176758,0.2580539584159851,0.34838318824768066,0.43769294023513794,0.4069287180900574,0.39580294489860535,0.38405749201774597,0.36971408128738403
44,1280,0.27163490653038025,0.00020824636158067733,0.36181640625,0.27777099609375,0.20037841796875,0.1600341796875,4,700,644,590,536,0.1666124016046524,0.25788643956184387,0.3480053246021271,0.4373170733451843,0.4072600305080414,0.3954612910747528,0.38369083404541016,0.3693089485168457
44,1300,0.2723068296909332,0.00020824636158067733,0.35894775390625,0.278076171875,0.20062255859375,0.162353515625,4,696,640,591,540,0.16666315495967865,0.25762927532196045,0.34821373224258423,0.437215119600296,0.40715816617012024,0.3952030539512634,0.3837928771972656,0.36904504895210266
44,1320,0.2716437876224518,0.00020824636158067733,0.35821533203125,0.2794189453125,0.200927734375,0.16143798828125,4,697,643,591,537,0.16624927520751953,0.25726017355918884,0.3469722270965576,0.4366447627544403,0.4063527286052704,0.39463210105895996,0.3824254870414734,0.36857733130455017
44,1340,0.27223750948905945,0.00020824636158067733,0.35809326171875,0.27899169921875,0.2005615234375,0.162353515625,4,699,641,588,540,0.16654454171657562,0.25735142827033997,0.3476676046848297,0.43775680661201477,0.40689119696617126,0.39507418870925903,0.3831249177455902,0.3697720170021057
44,1360,0.2719583213329315,0.00020824636158067733,0.35858154296875,0.2786865234375,0.202392578125,0.16033935546875,4,698,642,591,537,0.16674281656742096,0.25663214921951294,0.34846022725105286,0.43733328580856323,0.40728065371513367,0.3942917585372925,0.3839823007583618,0.36953648924827576
44,1380,0.2712078094482422,0.00020824636158067733,0.3590087890625,0.281005859375,0.19970703125,0.1602783203125,4,697,643,591,538,0.16604089736938477,0.25675448775291443,0.34757858514785767,0.4369540810585022,0.4062555730342865,0.3943214416503906,0.3831653296947479,0.36902666091918945
44,1400,0.27170777320861816,0.00020824636158067733,0.35858154296875,0.2783203125,0.2012939453125,0.16180419921875,4,697,643,589,541,0.1664150059223175,0.2558469772338867,0.34798601269721985,0.43743953108787537,0.40663087368011475,0.3933871388435364,0.3835184574127197,0.3697011470794678
44,1420,0.2717980146408081,0.00020824636158067733,0.3580322265625,0.27850341796875,0.2010498046875,0.16241455078125,4,698,644,589,539,0.1660146713256836,0.2558766305446625,0.3485192656517029,0.4373200833797455,0.4062887132167816,0.39322200417518616,0.38420671224594116,0.36943814158439636
44,1440,0.27175799012184143,0.00020824636158067733,0.35888671875,0.27947998046875,0.19781494140625,0.163818359375,4,698,645,589,540,0.16599135100841522,0.2562866508960724,0.3480837345123291,0.43769657611846924,0.40612319111824036,0.39368221163749695,0.38379982113838196,0.36972880363464355
44,1460,0.27093082666397095,0.00020824636158067733,0.36016845703125,0.28094482421875,0.197021484375,0.161865234375,4,699,645,589,537,0.1660381555557251,0.2563139796257019,0.3475118577480316,0.43648505210876465,0.4062146246433258,0.3938364088535309,0.3830144703388214,0.3683057427406311
44,1480,0.271663099527359,0.00020824636158067733,0.35748291015625,0.279541015625,0.2000732421875,0.16290283203125,4,697,644,591,539,0.1661120355129242,0.2561892867088318,0.34740081429481506,0.43682393431663513,0.40611356496810913,0.3937239646911621,0.38248294591903687,0.3687746524810791
44,1500,0.27138981223106384,0.00020824636158067733,0.3570556640625,0.2789306640625,0.20135498046875,0.16265869140625,4,697,644,593,539,0.16509296000003815,0.25541308522224426,0.3484381437301636,0.4367436170578003,0.4050489664077759,0.3926014304161072,0.38411542773246765,0.36872050166130066
44,1520,0.2710176110267639,0.00020824636158067733,0.36029052734375,0.27880859375,0.19940185546875,0.1614990234375,4,697,645,587,540,0.16596588492393494,0.25588950514793396,0.34727659821510315,0.43733930587768555,0.4061892330646515,0.3933115005493164,0.3824734389781952,0.3694993853569031
44,1540,0.27094969153404236,0.00020824636158067733,0.35968017578125,0.27960205078125,0.19775390625,0.1629638671875,4,699,645,589,541,0.16541613638401031,0.25593504309654236,0.3475627303123474,0.43666699528694153,0.40540483593940735,0.39304283261299133,0.3830590844154358,0.36858436465263367
44,1560,0.2710615396499634,0.00020824636158067733,0.36199951171875,0.27734375,0.1988525390625,0.16180419921875,4,697,644,590,541,0.16650395095348358,0.25537121295928955,0.34779050946235657,0.4375818371772766,0.40715739130973816,0.3926796615123749,0.3832824230194092,0.3697788417339325
44,1580,0.2713682949542999,0.00020824636158067733,0.3594970703125,0.27813720703125,0.19940185546875,0.1629638671875,4,697,644,589,537,0.16582895815372467,0.2559207081794739,0.3476611077785492,0.43720075488090515,0.4058982729911804,0.3930330276489258,0.3831799626350403,0.3692533075809479
44,1600,0.27136650681495667,0.00020824636158067733,0.35919189453125,0.277587890625,0.199462890625,0.16375732421875,4,697,644,589,541,0.1655597686767578,0.25577282905578613,0.3472955524921417,0.4373958110809326,0.40554943680763245,0.3929877281188965,0.38274046778678894,0.36956071853637695
44,1620,0.2716436982154846,0.00020824636158067733,0.3599853515625,0.27655029296875,0.19866943359375,0.164794921875,4,696,644,589,540,0.16586869955062866,0.25586652755737305,0.3478274345397949,0.4373359680175781,0.4060676693916321,0.3930182158946991,0.38330695033073425,0.36931365728378296
44,1640,0.2719995975494385,0.00020824636158067733,0.3590087890625,0.27557373046875,0.2012939453125,0.16412353515625,4,698,645,589,538,0.16580639779567719,0.2557174563407898,0.3483012020587921,0.43804624676704407,0.4060916006565094,0.39301690459251404,0.3840758204460144,0.3701981008052826
44,1660,0.27192240953445435,0.00020824636158067733,0.3568115234375,0.2777099609375,0.20147705078125,0.16400146484375,4,699,643,590,541,0.16554118692874908,0.2554023861885071,0.3480677604675293,0.43780064582824707,0.4056868255138397,0.3925405740737915,0.38348424434661865,0.37014487385749817
44,1680,0.2716880142688751,0.00020824636158067733,0.35748291015625,0.27911376953125,0.2003173828125,0.1630859375,4,697,646,588,537,0.1656934767961502,0.25571033358573914,0.3482447564601898,0.4373379647731781,0.40582892298698425,0.393156498670578,0.3839282989501953,0.36944764852523804
44,1700,0.27139347791671753,0.00020824636158067733,0.35791015625,0.27886962890625,0.2000732421875,0.16314697265625,4,701,645,588,539,0.16548669338226318,0.25563374161720276,0.3472432792186737,0.4376516044139862,0.4055200517177582,0.39310503005981445,0.3824031949043274,0.3698899745941162
44,1720,0.27157729864120483,0.00020824636158067733,0.35760498046875,0.27911376953125,0.19989013671875,0.16339111328125,4,699,644,588,538,0.1658736914396286,0.25538375973701477,0.3477286994457245,0.43742504715919495,0.4059790372848511,0.39267781376838684,0.3830326795578003,0.36953943967819214
44,1740,0.271899938583374,0.00020824636158067733,0.3572998046875,0.27862548828125,0.2001953125,0.16387939453125,4,696,645,589,540,0.16519203782081604,0.256604939699173,0.3479017913341522,0.4377114474773407,0.4049225449562073,0.3938322365283966,0.3835016191005707,0.3697434067726135
44,1760,0.2720538079738617,0.00020824636158067733,0.35662841796875,0.27691650390625,0.2032470703125,0.1632080078125,4,697,643,590,537,0.1657794713973999,0.25550225377082825,0.3486909568309784,0.43692049384117126,0.40592873096466064,0.3927082121372223,0.38438522815704346,0.36895033717155457
44,1780,0.2711330056190491,0.00020824636158067733,0.3590087890625,0.27960205078125,0.19757080078125,0.163818359375,4,698,646,590,539,0.16564437747001648,0.25549936294555664,0.3471604287624359,0.4373030662536621,0.40574023127555847,0.39275380969047546,0.38210055232048035,0.3693598508834839
44,1800,0.27087199687957764,0.00020824636158067733,0.36065673828125,0.27783203125,0.19903564453125,0.1624755859375,4,699,645,590,539,0.16540242731571198,0.2557283341884613,0.3474730849266052,0.43704676628112793,0.40540051460266113,0.392931193113327,0.38310545682907104,0.36913439631462097
44,1820,0.27089303731918335,0.00020824636158067733,0.361328125,0.2760009765625,0.20166015625,0.1610107421875,4,700,646,591,535,0.16560609638690948,0.2557244896888733,0.347467303276062,0.43726515769958496,0.4057181477546692,0.3932352662086487,0.3829320967197418,0.3694858253002167
44,1840,0.27106064558029175,0.00020824636158067733,0.35888671875,0.27947998046875,0.19732666015625,0.164306640625,4,700,646,589,540,0.1651250720024109,0.2551516890525818,0.34773802757263184,0.4374241828918457,0.4052998125553131,0.39226874709129333,0.38305890560150146,0.36950770020484924
44,1860,0.2718791663646698,0.00020824636158067733,0.3570556640625,0.27838134765625,0.1998291015625,0.16473388671875,4,700,646,590,539,0.16502004861831665,0.25580790638923645,0.34786030650138855,0.4384833574295044,0.40513908863067627,0.3930194079875946,0.38325121998786926,0.3708173930644989
44,1880,0.271412193775177,0.00020824636158067733,0.3585205078125,0.27789306640625,0.20062255859375,0.1629638671875,4,698,644,590,536,0.1649840921163559,0.25569507479667664,0.34848690032958984,0.4374697208404541,0.4051121473312378,0.3930455446243286,0.3842662274837494,0.36961162090301514
44,1900,0.27246779203414917,0.00020824636158067733,0.3580322265625,0.27581787109375,0.20269775390625,0.1634521484375,4,699,644,588,536,0.16657529771327972,0.2559668719768524,0.3481755554676056,0.43837788701057434,0.4068758189678192,0.3934158384799957,0.38357993960380554,0.3706825077533722
44,1920,0.2720884680747986,0.00020824636158067733,0.35638427734375,0.27783203125,0.2008056640625,0.16497802734375,4,699,645,593,535,0.16539716720581055,0.2557499408721924,0.3477534353733063,0.43798041343688965,0.40541884303092957,0.39291056990623474,0.38308772444725037,0.37021610140800476
44,1940,0.27092456817626953,0.00020824636158067733,0.359619140625,0.27813720703125,0.19891357421875,0.163330078125,4,700,644,588,536,0.1645655333995819,0.2557832598686218,0.3479016125202179,0.4371420443058014,0.4046885371208191,0.39315131306648254,0.38331517577171326,0.3691920340061188
44,1960,0.2710822820663452,0.00020824636158067733,0.3583984375,0.27911376953125,0.1976318359375,0.16485595703125,4,701,644,586,535,0.16477450728416443,0.255687952041626,0.34732264280319214,0.43686211109161377,0.4044073522090912,0.39266467094421387,0.382421612739563,0.3687164783477783
44,1980,0.2713156044483185,0.00020824636158067733,0.35980224609375,0.27618408203125,0.201416015625,0.16259765625,4,701,642,589,538,0.1654997169971466,0.25576239824295044,0.34739843010902405,0.43764033913612366,0.405731737613678,0.39330044388771057,0.3824949264526367,0.3697719871997833
44,2000,0.2711943984031677,0.00020824636158067733,0.35955810546875,0.27862548828125,0.19775390625,0.1640625,4,699,646,588,538,0.16486814618110657,0.25619837641716003,0.3476499319076538,0.4375295042991638,0.40475133061408997,0.39341026544570923,0.38311824202537537,0.36973127722740173
45,0,0.3392329812049866,0.00020824636158067733,0.1544189453125,0.4361572265625,0.20623779296875,0.20318603515625,4,646,644,586,537,0.19194060564041138,0.3101060688495636,0.3857438266277313,0.46648746728897095,0.4267357885837555,0.4103533923625946,0.40487104654312134,0.38744068145751953
45,20,0.31233349442481995,0.00020824636158067733,0.25,0.32891845703125,0.22869873046875,0.1923828125,4,683,643,588,541,0.19302767515182495,0.28074491024017334,0.37017080187797546,0.45262253284454346,0.43608182668685913,0.416327565908432,0.39961686730384827,0.3822380602359772
45,40,0.29593420028686523,0.00020824636158067733,0.31689453125,0.27392578125,0.22406005859375,0.18511962890625,4,693,631,578,533,0.18726468086242676,0.27056971192359924,0.35751059651374817,0.44496190547943115,0.43262979388237,0.4124008119106293,0.3932931423187256,0.3770742416381836
45,60,0.2869269549846649,0.00020824636158067733,0.3392333984375,0.26788330078125,0.21490478515625,0.177978515625,4,694,626,572,526,0.18197429180145264,0.26720383763313293,0.35104236006736755,0.43923869729042053,0.4264904856681824,0.40887418389320374,0.38764241337776184,0.37178313732147217
45,80,0.28465336561203003,0.00020824636158067733,0.3359375,0.2735595703125,0.21331787109375,0.17718505859375,4,695,623,573,525,0.1794230341911316,0.2651958167552948,0.34877482056617737,0.437010258436203,0.4231904149055481,0.4062637984752655,0.3852905035018921,0.3696404993534088
45,100,0.28396037220954895,0.00020824636158067733,0.33538818359375,0.2774658203125,0.20941162109375,0.177734375,4,691,629,571,524,0.17838074266910553,0.2650805413722992,0.3482416272163391,0.4369269609451294,0.4216676950454712,0.4060307741165161,0.3847360610961914,0.3696625232696533
45,120,0.2836519479751587,0.00020824636158067733,0.33544921875,0.27880859375,0.20928955078125,0.17645263671875,4,689,629,573,526,0.17762477695941925,0.26537802815437317,0.34872516989707947,0.43690842390060425,0.42063894867897034,0.40636134147644043,0.38547849655151367,0.36970171332359314
45,140,0.2825641632080078,0.00020824636158067733,0.33758544921875,0.27593994140625,0.20855712890625,0.17791748046875,4,689,630,568,526,0.17604348063468933,0.2645609974861145,0.3478989005088806,0.43601498007774353,0.41878995299339294,0.4052521288394928,0.3840128183364868,0.3686111867427826
45,160,0.283232182264328,0.00020824636158067733,0.3363037109375,0.27655029296875,0.21051025390625,0.1766357421875,4,686,630,573,526,0.17623470723628998,0.265162855386734,0.34932392835617065,0.436472624540329,0.4191223084926605,0.40599486231803894,0.3859900236129761,0.3692079782485962
45,180,0.2824223041534424,0.00020824636158067733,0.33917236328125,0.27642822265625,0.20794677734375,0.17645263671875,4,688,626,576,527,0.17575353384017944,0.2646116614341736,0.3488098680973053,0.4371231496334076,0.41842830181121826,0.4052194654941559,0.38546064496040344,0.3700638711452484
45,200,0.28165489435195923,0.00020824636158067733,0.34185791015625,0.276123046875,0.20697021484375,0.175048828125,4,684,632,577,527,0.17532825469970703,0.26464203000068665,0.3481243848800659,0.4375487267971039,0.4178681969642639,0.40530234575271606,0.3845210075378418,0.3707503378391266
45,220,0.28121769428253174,0.00020824636158067733,0.3436279296875,0.27374267578125,0.20855712890625,0.174072265625,4,688,630,580,526,0.17501254379749298,0.26447218656539917,0.34876748919487,0.4362741708755493,0.4175049066543579,0.40501832962036133,0.3850196301937103,0.36904311180114746
45,240,0.2822815477848053,0.00020824636158067733,0.34222412109375,0.27313232421875,0.20892333984375,0.17572021484375,4,690,631,578,527,0.1750047653913498,0.2653939425945282,0.3495038151741028,0.43753382563591003,0.41751688718795776,0.40602001547813416,0.38600975275039673,0.37053924798965454
45,260,0.2809616029262543,0.00020824636158067733,0.34600830078125,0.2735595703125,0.20550537109375,0.1749267578125,4,688,633,577,527,0.1741906851530075,0.2648369371891022,0.3486017882823944,0.437908798456192,0.41648632287979126,0.4054492115974426,0.3847002387046814,0.37111222743988037
45,280,0.2800854742527008,0.00020824636158067733,0.34661865234375,0.27508544921875,0.20550537109375,0.17279052734375,4,684,634,577,521,0.17311325669288635,0.2651534080505371,0.34941646456718445,0.43598678708076477,0.41515833139419556,0.40572142601013184,0.3853883743286133,0.36858776211738586
45,300,0.28039056062698364,0.00020824636158067733,0.345703125,0.27532958984375,0.20709228515625,0.171875,4,686,633,578,521,0.1726381629705429,0.2649901211261749,0.3504084646701813,0.4374256134033203,0.4146899878978729,0.40557804703712463,0.38714972138404846,0.3704734146595001
45,320,0.28044581413269043,0.00020824636158067733,0.34735107421875,0.2728271484375,0.20611572265625,0.1737060546875,4,687,635,577,526,0.1721317172050476,0.2653025686740875,0.35014134645462036,0.43812108039855957,0.41426315903663635,0.4058128297328949,0.38656511902809143,0.37134572863578796
45,340,0.2793281674385071,0.00020824636158067733,0.34814453125,0.27301025390625,0.208740234375,0.17010498046875,4,681,635,581,523,0.17094019055366516,0.2648378312587738,0.3502146899700165,0.4374295175075531,0.41245555877685547,0.40516483783721924,0.38692694902420044,0.37052035331726074
45,360,0.27955514192581177,0.00020824636158067733,0.34881591796875,0.2724609375,0.20709228515625,0.171630859375,4,684,637,585,531,0.1703069508075714,0.26492732763290405,0.351032018661499,0.43856334686279297,0.4120015501976013,0.4055606722831726,0.3877701461315155,0.3718237280845642
45,380,0.2792541980743408,0.00020824636158067733,0.34893798828125,0.272705078125,0.20831298828125,0.1700439453125,4,689,637,581,528,0.16970089077949524,0.26515817642211914,0.3517245948314667,0.4378886818885803,0.41116389632225037,0.4058120548725128,0.38832980394363403,0.3710745871067047
45,400,0.27846837043762207,0.00020824636158067733,0.3502197265625,0.27423095703125,0.20635986328125,0.169189453125,4,686,638,585,528,0.1687767505645752,0.2650219798088074,0.3515414893627167,0.4381960928440094,0.41006967425346375,0.4055715799331665,0.38837674260139465,0.3715059757232666
45,420,0.27898985147476196,0.00020824636158067733,0.34918212890625,0.2733154296875,0.2066650390625,0.17083740234375,4,685,640,584,529,0.16854208707809448,0.2651166319847107,0.351982980966568,0.4386330842971802,0.4095776379108429,0.40563085675239563,0.38895565271377563,0.3719380795955658
45,440,0.2780650854110718,0.00020824636158067733,0.350830078125,0.2752685546875,0.20654296875,0.1673583984375,4,693,640,584,529,0.16841132938861847,0.26480022072792053,0.3518691062927246,0.4386638402938843,0.4095000624656677,0.4053361117839813,0.3888215124607086,0.3720882534980774
45,460,0.278606653213501,0.00020824636158067733,0.3507080078125,0.27325439453125,0.2047119140625,0.17132568359375,4,688,636,583,531,0.16816167533397675,0.26509952545166016,0.35184353590011597,0.43872493505477905,0.4091259241104126,0.40545693039894104,0.38852575421333313,0.37186944484710693
45,480,0.27828288078308105,0.00020824636158067733,0.35101318359375,0.27471923828125,0.20623779296875,0.16802978515625,4,688,640,584,531,0.16866599023342133,0.2651248872280121,0.351758748292923,0.438601016998291,0.40980392694473267,0.40557029843330383,0.3884578049182892,0.3718741536140442
45,500,0.2769842743873596,0.00020824636158067733,0.35418701171875,0.274169921875,0.20574951171875,0.1658935546875,4,689,642,584,529,0.16791121661663055,0.26453444361686707,0.3512900769710541,0.43827590346336365,0.4089230000972748,0.4048829972743988,0.3879477381706238,0.3716322183609009
45,520,0.2789086103439331,0.00020824636158067733,0.348388671875,0.2740478515625,0.2073974609375,0.170166015625,4,687,639,584,530,0.16807043552398682,0.26498833298683167,0.3516485095024109,0.439596027135849,0.40870752930641174,0.40527719259262085,0.3884900212287903,0.3731314539909363
45,540,0.2785545587539673,0.00020824636158067733,0.35137939453125,0.2734375,0.20465087890625,0.1705322265625,4,690,640,584,537,0.1682797521352768,0.2645038068294525,0.3513481616973877,0.4409462511539459,0.4091242253780365,0.4049949049949646,0.38813555240631104,0.3747170567512512
45,560,0.2770896255970001,0.00020824636158067733,0.35272216796875,0.2750244140625,0.20550537109375,0.166748046875,4,690,639,583,528,0.16775694489479065,0.2639157474040985,0.3510831594467163,0.43889743089675903,0.40857505798339844,0.4042469561100006,0.38754215836524963,0.3724742829799652
45,580,0.27699097990989685,0.00020824636158067733,0.35186767578125,0.27435302734375,0.208740234375,0.1650390625,4,690,640,583,522,0.16770681738853455,0.26353582739830017,0.3511134088039398,0.4386053681373596,0.4082695245742798,0.40370288491249084,0.38785573840141296,0.37213683128356934
45,600,0.27727627754211426,0.00020824636158067733,0.35284423828125,0.2740478515625,0.20196533203125,0.171142578125,4,690,640,582,531,0.16708387434482574,0.26348838210105896,0.3513180911540985,0.4391612708568573,0.4076692759990692,0.403681218624115,0.3877035081386566,0.3726437985897064
45,620,0.27772006392478943,0.00020824636158067733,0.35272216796875,0.27337646484375,0.20562744140625,0.16827392578125,4,692,641,586,527,0.16837157309055328,0.2636723518371582,0.35153481364250183,0.43954896926879883,0.40928924083709717,0.40398547053337097,0.3881383240222931,0.37321004271507263
45,640,0.2772310674190521,0.00020824636158067733,0.35394287109375,0.27398681640625,0.2052001953125,0.1668701171875,4,691,641,585,528,0.16841615736484528,0.26351213455200195,0.35109594464302063,0.43972861766815186,0.40934160351753235,0.4037987291812897,0.3875531852245331,0.3735530376434326
45,660,0.27818119525909424,0.00020824636158067733,0.3514404296875,0.27435302734375,0.20458984375,0.16961669921875,4,695,640,584,531,0.1683373600244522,0.26434674859046936,0.35176903009414673,0.4393903911113739,0.40910109877586365,0.4045106768608093,0.38836753368377686,0.3728959858417511
45,680,0.2768338918685913,0.00020824636158067733,0.35589599609375,0.27490234375,0.20233154296875,0.1668701171875,4,696,640,582,527,0.16812534630298615,0.26380255818367004,0.3519323468208313,0.4390948712825775,0.4092658460140228,0.4041636288166046,0.3886409103870392,0.3724871277809143
45,700,0.27696549892425537,0.00020824636158067733,0.35369873046875,0.2747802734375,0.2039794921875,0.16754150390625,4,692,642,585,530,0.16766679286956787,0.2637910544872284,0.35146650671958923,0.4386102259159088,0.4083966612815857,0.40403297543525696,0.38819241523742676,0.3718755543231964
45,720,0.27632594108581543,0.00020824636158067733,0.35479736328125,0.27581787109375,0.2037353515625,0.1656494140625,4,698,641,583,529,0.16770724952220917,0.2638425827026367,0.3508300185203552,0.43812331557273865,0.4083382189273834,0.40404486656188965,0.3872116208076477,0.37139880657196045
45,740,0.2768796980381012,0.00020824636158067733,0.354248046875,0.2755126953125,0.203125,0.1671142578125,4,697,641,584,527,0.16785405576229095,0.26415762305259705,0.35128486156463623,0.4385274350643158,0.40859487652778625,0.4044956564903259,0.3877294957637787,0.3718097507953644
45,760,0.2767925262451172,0.00020824636158067733,0.3548583984375,0.27569580078125,0.2020263671875,0.16741943359375,4,696,642,584,528,0.16744233667850494,0.2643096446990967,0.3516456186771393,0.4387989044189453,0.4083823561668396,0.40458056330680847,0.388283371925354,0.3721223473548889
45,780,0.27659210562705994,0.00020824636158067733,0.3543701171875,0.2762451171875,0.20367431640625,0.16571044921875,4,694,640,585,529,0.16776473820209503,0.2640262544155121,0.3510873019695282,0.4387042820453644,0.4083767533302307,0.40432310104370117,0.3875673711299896,0.372050940990448
45,800,0.27604883909225464,0.00020824636158067733,0.35443115234375,0.2772216796875,0.2021484375,0.16619873046875,4,692,641,581,529,0.16671054065227509,0.2639002799987793,0.35099685192108154,0.4383252263069153,0.4070276916027069,0.4039401113986969,0.38746941089630127,0.37161126732826233
45,820,0.27709296345710754,0.00020824636158067733,0.3555908203125,0.2734375,0.20269775390625,0.16827392578125,4,698,637,587,531,0.16752338409423828,0.26381006836891174,0.3517267405986786,0.44031429290771484,0.40837332606315613,0.4039919674396515,0.38845938444137573,0.37384140491485596
45,840,0.27578163146972656,0.00020824636158067733,0.35577392578125,0.27679443359375,0.2022705078125,0.1651611328125,4,696,641,582,532,0.1669638305902481,0.2636924982070923,0.3506479561328888,0.4387585520744324,0.4074680209159851,0.4037918448448181,0.38705751299858093,0.37214356660842896
45,860,0.2752434313297272,0.00020824636158067733,0.35626220703125,0.275390625,0.20318603515625,0.1651611328125,4,695,640,584,528,0.1661476045846939,0.26291564106941223,0.35056138038635254,0.43846672773361206,0.40639394521713257,0.40281495451927185,0.38694632053375244,0.37178751826286316
45,880,0.2751701772212982,0.00020824636158067733,0.3555908203125,0.27801513671875,0.20184326171875,0.16455078125,4,695,640,585,532,0.16599123179912567,0.2631452977657318,0.3506019711494446,0.43889302015304565,0.40612322092056274,0.4031892716884613,0.38713306188583374,0.3723611533641815
45,900,0.2761945426464081,0.00020824636158067733,0.35614013671875,0.27471923828125,0.20159912109375,0.16754150390625,4,696,639,583,534,0.1664891391992569,0.26333510875701904,0.351482629776001,0.43988654017448425,0.40696510672569275,0.4033975899219513,0.3881063163280487,0.37347647547721863
45,920,0.2759617567062378,0.00020824636158067733,0.35687255859375,0.27386474609375,0.2052001953125,0.1640625,4,698,643,587,530,0.16710908710956573,0.26328474283218384,0.3516283929347992,0.43926239013671875,0.40772196650505066,0.4033956825733185,0.38830915093421936,0.37284499406814575
45,940,0.27524834871292114,0.00020824636158067733,0.3555908203125,0.27740478515625,0.20147705078125,0.16552734375,4,694,642,590,534,0.1657334566116333,0.26286032795906067,0.35064059495925903,0.43950650095939636,0.40590524673461914,0.40294891595840454,0.38714319467544556,0.3731067478656769
45,960,0.27444878220558167,0.00020824636158067733,0.3582763671875,0.275146484375,0.20294189453125,0.16363525390625,4,696,643,588,528,0.16535350680351257,0.2626228332519531,0.3511451184749603,0.438076376914978,0.40546944737434387,0.40260905027389526,0.38761717081069946,0.37137413024902344
45,980,0.2746952176094055,0.00020824636158067733,0.3577880859375,0.276123046875,0.20245361328125,0.16363525390625,4,697,644,585,534,0.1654946357011795,0.2625417113304138,0.35170575976371765,0.4386909306049347,0.40586745738983154,0.40258777141571045,0.38842660188674927,0.3721068501472473
45,1000,0.2755811810493469,0.00020824636158067733,0.35552978515625,0.2763671875,0.2025146484375,0.16558837890625,4,698,643,585,531,0.16555292904376984,0.26298439502716064,0.35158127546310425,0.4398954212665558,0.4059721529483795,0.40286555886268616,0.3884095847606659,0.37357237935066223
45,1020,0.27531594038009644,0.00020824636158067733,0.3560791015625,0.27490234375,0.2020263671875,0.1669921875,4,696,641,583,531,0.16477742791175842,0.2628249526023865,0.3515416979789734,0.4393632113933563,0.4047921597957611,0.4025575518608093,0.3883880376815796,0.3727971315383911
45,1040,0.2751072943210602,0.00020824636158067733,0.35699462890625,0.2734375,0.202880859375,0.16668701171875,4,696,640,585,530,0.1656806915998459,0.26193830370903015,0.35056427121162415,0.43922820687294006,0.40564852952957153,0.40166130661964417,0.3869985342025757,0.37275344133377075
45,1060,0.2750783860683441,0.00020824636158067733,0.35626220703125,0.2757568359375,0.20196533203125,0.166015625,4,698,642,582,533,0.16535358130931854,0.2625279128551483,0.35106411576271057,0.4389497637748718,0.4055047035217285,0.4023437798023224,0.3877031207084656,0.3723963797092438
45,1080,0.2751283049583435,0.00020824636158067733,0.35577392578125,0.2760009765625,0.20166015625,0.16656494140625,4,698,640,583,532,0.16538847982883453,0.262376993894577,0.350253164768219,0.43970218300819397,0.40542951226234436,0.4020965099334717,0.38674724102020264,0.3733277916908264
45,1100,0.2746613621711731,0.00020824636158067733,0.3563232421875,0.27459716796875,0.20355224609375,0.16552734375,4,696,643,585,529,0.16462557017803192,0.26229193806648254,0.35072824358940125,0.43850943446159363,0.40442249178886414,0.40201663970947266,0.38710924983024597,0.371937096118927
45,1120,0.2738780677318573,0.00020824636158067733,0.35858154296875,0.274169921875,0.203369140625,0.16387939453125,4,696,642,586,530,0.1644907146692276,0.2613634765148163,0.3507070243358612,0.4388211667537689,0.40437477827072144,0.40110382437705994,0.3872435986995697,0.3723522424697876
45,1140,0.2746084928512573,0.00020824636158067733,0.35797119140625,0.271728515625,0.20703125,0.16326904296875,4,698,640,587,531,0.16530553996562958,0.2619224488735199,0.35070785880088806,0.4388744533061981,0.4055273234844208,0.40175506472587585,0.38718631863594055,0.3724140226840973
45,1160,0.2751813530921936,0.00020824636158067733,0.35577392578125,0.2740478515625,0.2039794921875,0.16619873046875,4,697,640,587,536,0.16501262784004211,0.2623656094074249,0.35112980008125305,0.4389333426952362,0.4049094617366791,0.4021514058113098,0.38767558336257935,0.372287392616272
45,1180,0.27460843324661255,0.00020824636158067733,0.35693359375,0.27386474609375,0.20330810546875,0.1658935546875,4,696,643,584,533,0.16446107625961304,0.26186826825141907,0.3511348068714142,0.4388459026813507,0.4041577875614166,0.4015803933143616,0.3876148462295532,0.37225663661956787
45,1200,0.27395057678222656,0.00020824636158067733,0.3590087890625,0.27313232421875,0.20269775390625,0.1651611328125,4,698,640,588,531,0.16424663364887238,0.2613178491592407,0.35071665048599243,0.4390909671783447,0.4040084481239319,0.40104997158050537,0.38710683584213257,0.37260207533836365
45,1220,0.2743573784828186,0.00020824636158067733,0.35736083984375,0.2744140625,0.20306396484375,0.1651611328125,4,696,640,587,530,0.1646246463060379,0.2617940604686737,0.35068631172180176,0.43881547451019287,0.4045136868953705,0.4014430344104767,0.3869844973087311,0.3723120391368866
45,1240,0.27369701862335205,0.00020824636158067733,0.3602294921875,0.27471923828125,0.1995849609375,0.16546630859375,4,697,640,586,531,0.16422651708126068,0.26142579317092896,0.3511761724948883,0.43893900513648987,0.40429580211639404,0.4011407792568207,0.38766780495643616,0.3723834753036499
45,1260,0.2741548717021942,0.00020824636158067733,0.35760498046875,0.27362060546875,0.20233154296875,0.16644287109375,4,699,641,585,533,0.16391156613826752,0.26152923703193665,0.35078251361846924,0.43861961364746094,0.40355560183525085,0.40095844864845276,0.38724470138549805,0.37187695503234863
45,1280,0.27390605211257935,0.00020824636158067733,0.3582763671875,0.27215576171875,0.205078125,0.16448974609375,4,696,641,587,530,0.16387416422367096,0.2614700198173523,0.35067057609558105,0.43843698501586914,0.403544157743454,0.40103885531425476,0.3869640529155731,0.37183934450149536
45,1300,0.27340903878211975,0.00020824636158067733,0.35882568359375,0.2744140625,0.20257568359375,0.1641845703125,4,697,640,585,530,0.16346022486686707,0.26146480441093445,0.3505691587924957,0.4384632706642151,0.403155118227005,0.40108856558799744,0.38702601194381714,0.3718363046646118
45,1320,0.274301141500473,0.00020824636158067733,0.3563232421875,0.2747802734375,0.2044677734375,0.1644287109375,4,700,639,585,533,0.16412204504013062,0.2618418037891388,0.35129228234291077,0.4381456971168518,0.40392908453941345,0.4014926254749298,0.38796326518058777,0.37137696146965027
45,1340,0.27379950881004333,0.00020824636158067733,0.35809326171875,0.27362060546875,0.20294189453125,0.16534423828125,4,699,640,588,528,0.16333980858325958,0.2615520656108856,0.35105714201927185,0.4384695291519165,0.4030444622039795,0.40114825963974,0.3875409960746765,0.371750146150589
45,1360,0.27444493770599365,0.00020824636158067733,0.3570556640625,0.274169921875,0.20269775390625,0.16607666015625,4,697,641,586,528,0.16369424760341644,0.26216062903404236,0.3514856696128845,0.4388035535812378,0.40345102548599243,0.4019230306148529,0.38809698820114136,0.3721696436405182
45,1380,0.27459394931793213,0.00020824636158067733,0.35650634765625,0.27349853515625,0.201904296875,0.1680908203125,4,698,641,587,536,0.16337557137012482,0.26190313696861267,0.3507382571697235,0.4396660029888153,0.4030417501926422,0.40156471729278564,0.38722899556159973,0.373079776763916
45,1400,0.2741149961948395,0.00020824636158067733,0.35772705078125,0.27386474609375,0.20184326171875,0.16656494140625,4,699,643,584,536,0.16308411955833435,0.262261301279068,0.3510303795337677,0.43885669112205505,0.402591735124588,0.4019451439380646,0.38746321201324463,0.37220945954322815
45,1420,0.2736239433288574,0.00020824636158067733,0.3582763671875,0.272705078125,0.20379638671875,0.16522216796875,4,700,641,584,530,0.1635439395904541,0.2611459493637085,0.35033583641052246,0.43830087780952454,0.4032406508922577,0.40055596828460693,0.3867553472518921,0.37159815430641174
45,1440,0.2736053764820099,0.00020824636158067733,0.3582763671875,0.27313232421875,0.20159912109375,0.1669921875,4,699,640,584,530,0.16347098350524902,0.2607190012931824,0.34987589716911316,0.4388953447341919,0.40332213044166565,0.4001006484031677,0.38605740666389465,0.3722604513168335
45,1460,0.2732127904891968,0.00020824636158067733,0.35858154296875,0.27325439453125,0.20184326171875,0.16632080078125,4,697,636,587,526,0.16302549839019775,0.2605873644351959,0.3497311472892761,0.43865421414375305,0.4027221202850342,0.4000224173069,0.3856688141822815,0.3720133900642395
45,1480,0.2730347812175751,0.00020824636158067733,0.35821533203125,0.274658203125,0.20184326171875,0.165283203125,4,697,640,587,526,0.1630595326423645,0.2605108916759491,0.34970927238464355,0.43855899572372437,0.4025874733924866,0.39998868107795715,0.3858700394630432,0.371913343667984
45,1500,0.27276840806007385,0.00020824636158067733,0.358154296875,0.27606201171875,0.2015380859375,0.16424560546875,4,700,639,589,529,0.1625925749540329,0.2608442008495331,0.34966546297073364,0.43870341777801514,0.40231120586395264,0.40038469433784485,0.38582706451416016,0.37215662002563477
45,1520,0.2736362814903259,0.00020824636158067733,0.3563232421875,0.27276611328125,0.203857421875,0.16705322265625,4,697,641,586,532,0.16281862556934357,0.2610577344894409,0.3493903875350952,0.43810415267944336,0.40208443999290466,0.4004113972187042,0.38545918464660645,0.371208131313324
45,1540,0.27255210280418396,0.00020824636158067733,0.35955810546875,0.27386474609375,0.2027587890625,0.163818359375,4,700,641,588,529,0.16301329433918,0.260661780834198,0.34940484166145325,0.4377310276031494,0.4026188552379608,0.4001007378101349,0.385335773229599,0.3708841800689697
45,1560,0.272866427898407,0.00020824636158067733,0.3587646484375,0.274169921875,0.201416015625,0.1656494140625,4,699,640,588,534,0.16256573796272278,0.2609252631664276,0.3492322266101837,0.4386660158634186,0.40208837389945984,0.4004650413990021,0.3853303790092468,0.37186571955680847
45,1580,0.2728632390499115,0.00020824636158067733,0.35821533203125,0.27362060546875,0.20367431640625,0.16448974609375,4,698,641,587,531,0.16264325380325317,0.2609606385231018,0.3499365448951721,0.43725907802581787,0.402183473110199,0.4004875719547272,0.3859291970729828,0.3701989948749542
45,1600,0.27312302589416504,0.00020824636158067733,0.3585205078125,0.2734375,0.2022705078125,0.165771484375,4,698,640,589,537,0.16261602938175201,0.26130759716033936,0.3501357436180115,0.4376411736011505,0.4022189974784851,0.40083256363868713,0.3861932158470154,0.3706227242946625
45,1620,0.27240341901779175,0.00020824636158067733,0.359375,0.27349853515625,0.2021484375,0.16497802734375,4,700,641,588,533,0.16216635704040527,0.26066023111343384,0.3497627377510071,0.43721404671669006,0.4015827476978302,0.40025150775909424,0.3856741786003113,0.37007012963294983
45,1640,0.2727157473564148,0.00020824636158067733,0.35772705078125,0.2747802734375,0.20294189453125,0.16455078125,4,699,638,587,533,0.16248977184295654,0.2611650228500366,0.3492301404476166,0.43726542592048645,0.4020800292491913,0.40078112483024597,0.3850981891155243,0.37014803290367126
45,1660,0.2723199725151062,0.00020824636158067733,0.35919189453125,0.274658203125,0.20196533203125,0.1641845703125,4,701,638,588,530,0.16238266229629517,0.2610393762588501,0.34930020570755005,0.4370099604129791,0.4019174575805664,0.4005811810493469,0.3852609395980835,0.36975207924842834
45,1680,0.2725168466567993,0.00020824636158067733,0.35772705078125,0.27337646484375,0.20440673828125,0.16448974609375,4,699,640,589,530,0.16196447610855103,0.2605751156806946,0.3498249053955078,0.436720609664917,0.4011958837509155,0.4000367522239685,0.3857923746109009,0.3693353533744812
45,1700,0.2724175751209259,0.00020824636158067733,0.3585205078125,0.2735595703125,0.2015380859375,0.1663818359375,4,698,641,588,531,0.16195106506347656,0.2604181468486786,0.3490849733352661,0.43731334805488586,0.40127435326576233,0.399654358625412,0.385006308555603,0.37015220522880554
45,1720,0.2715895175933838,0.00020824636158067733,0.35943603515625,0.27569580078125,0.2020263671875,0.162841796875,4,698,638,586,535,0.16190332174301147,0.26083996891975403,0.34877750277519226,0.4361342489719391,0.4013740122318268,0.40013760328292847,0.38467058539390564,0.3686225116252899
45,1740,0.27267298102378845,0.00020824636158067733,0.35760498046875,0.2738037109375,0.203125,0.16546630859375,4,700,636,589,532,0.16233091056346893,0.2605811357498169,0.3492887616157532,0.43709978461265564,0.40166327357292175,0.4000636041164398,0.38530057668685913,0.369691401720047
45,1760,0.2737811207771301,0.00020824636158067733,0.355712890625,0.27252197265625,0.2041015625,0.16766357421875,4,698,640,590,537,0.1627456098794937,0.26062387228012085,0.3502551317214966,0.4376446008682251,0.4020949900150299,0.3998798429965973,0.3864424228668213,0.37020358443260193
45,1780,0.2733617424964905,0.00020824636158067733,0.35723876953125,0.27362060546875,0.20245361328125,0.16668701171875,4,702,640,589,537,0.16245895624160767,0.2614465653896332,0.3499715030193329,0.43755608797073364,0.40210312604904175,0.40091651678085327,0.3860732913017273,0.37012290954589844
45,1800,0.2719154357910156,0.00020824636158067733,0.3592529296875,0.2742919921875,0.20086669921875,0.16558837890625,4,702,640,586,533,0.16176921129226685,0.26063424348831177,0.34868380427360535,0.43644675612449646,0.4013225734233856,0.39989346265792847,0.38441070914268494,0.3689003884792328
45,1820,0.27176761627197266,0.00020824636158067733,0.35882568359375,0.2762451171875,0.201416015625,0.16351318359375,4,702,639,585,532,0.1620960384607315,0.26067277789115906,0.34892481565475464,0.436140775680542,0.4015432298183441,0.40013882517814636,0.38450467586517334,0.3684808909893036
45,1840,0.2726931571960449,0.00020824636158067733,0.3580322265625,0.27337646484375,0.2030029296875,0.16558837890625,4,698,637,588,535,0.16221213340759277,0.2611238956451416,0.3489396274089813,0.4371989965438843,0.4015699326992035,0.4006099998950958,0.3846850097179413,0.3697492182254791
45,1860,0.2720251977443695,0.00020824636158067733,0.3582763671875,0.27587890625,0.2012939453125,0.16455078125,4,700,640,584,535,0.1615402102470398,0.26150885224342346,0.3485558331012726,0.4365958869457245,0.40066105127334595,0.4010498821735382,0.38415879011154175,0.3690432608127594
45,1880,0.27256879210472107,0.00020824636158067733,0.3564453125,0.2763671875,0.2017822265625,0.1654052734375,4,697,642,586,535,0.1617853194475174,0.2613138258457184,0.3488464057445526,0.4370574355125427,0.4009605348110199,0.40102413296699524,0.3844986855983734,0.3694576025009155
45,1900,0.2726513147354126,0.00020824636158067733,0.358154296875,0.27410888671875,0.20220947265625,0.16552734375,4,699,640,588,534,0.1619320660829544,0.26149335503578186,0.3491199016571045,0.43727898597717285,0.4012192189693451,0.4011165201663971,0.3849562108516693,0.36979275941848755
45,1920,0.27235233783721924,0.00020824636158067733,0.35699462890625,0.2747802734375,0.203369140625,0.16485595703125,4,700,638,586,531,0.1617712527513504,0.26110222935676575,0.3489307761192322,0.43609818816185,0.4008791744709015,0.40045085549354553,0.3847910761833191,0.36842554807662964
45,1940,0.2717324495315552,0.00020824636158067733,0.35858154296875,0.2740478515625,0.2042236328125,0.16314697265625,4,699,637,588,534,0.1615917831659317,0.26076048612594604,0.3488621711730957,0.43569210171699524,0.4008379876613617,0.4002411663532257,0.3843863308429718,0.3679860234260559
45,1960,0.2710675895214081,0.00020824636158067733,0.361083984375,0.27349853515625,0.2015380859375,0.16387939453125,4,701,639,586,533,0.16136516630649567,0.2601581811904907,0.34821996092796326,0.4361056387424469,0.40081971883773804,0.39938727021217346,0.3838103711605072,0.36857640743255615
45,1980,0.27273648977279663,0.00020824636158067733,0.35845947265625,0.271240234375,0.2041015625,0.16619873046875,4,700,638,587,535,0.16231180727481842,0.2607843279838562,0.3490285575389862,0.43671706318855286,0.4018404483795166,0.4000208079814911,0.38492780923843384,0.3689001500606537
45,2000,0.27197542786598206,0.00020824636158067733,0.35821533203125,0.27496337890625,0.201171875,0.1656494140625,4,700,639,588,533,0.1619824320077896,0.26031726598739624,0.3486819863319397,0.4360301196575165,0.4014297425746918,0.3995920419692993,0.3839706480503082,0.3682642877101898
46,0,0.30071061849594116,0.00020824636158067733,0.3060302734375,0.30035400390625,0.26641845703125,0.127197265625,4,700,644,593,498,0.19904209673404694,0.2817809581756592,0.37435483932495117,0.4357691705226898,0.4435431659221649,0.4174197316169739,0.39945417642593384,0.3682839572429657
46,20,0.285122811794281,0.00020824636158067733,0.3289794921875,0.27972412109375,0.21697998046875,0.17431640625,4,691,626,569,523,0.18115650117397308,0.2679807245731354,0.3472925126552582,0.4314558207988739,0.4252062737941742,0.4087517261505127,0.3831632435321808,0.362517386674881
46,40,0.2830442786216736,0.00020824636158067733,0.3399658203125,0.2734375,0.20916748046875,0.17742919921875,4,682,624,570,521,0.17826704680919647,0.26683488488197327,0.34692490100860596,0.4334771931171417,0.42146047949790955,0.4077766239643097,0.38319987058639526,0.3650047183036804
46,60,0.28343236446380615,0.00020824636158067733,0.336669921875,0.2764892578125,0.21441650390625,0.17242431640625,4,686,622,577,522,0.17952771484851837,0.2667368948459625,0.3486412465572357,0.4319949448108673,0.4232960045337677,0.4074892997741699,0.3853769600391388,0.36321544647216797
46,80,0.28326866030693054,0.00020824636158067733,0.3377685546875,0.2744140625,0.21484375,0.1729736328125,4,686,629,576,521,0.17893767356872559,0.2670457661151886,0.3486035466194153,0.43158432841300964,0.42256778478622437,0.4078861176967621,0.385358065366745,0.36255428194999695
46,100,0.284096360206604,0.00020824636158067733,0.33551025390625,0.276123046875,0.212158203125,0.17620849609375,4,684,625,575,520,0.17883189022541046,0.2675479054450989,0.3488028049468994,0.43254950642585754,0.42244794964790344,0.4084250330924988,0.3856533467769623,0.3637208044528961
46,120,0.28305259346961975,0.00020824636158067733,0.338134765625,0.27642822265625,0.21185302734375,0.173583984375,4,687,632,573,524,0.17902378737926483,0.2671889662742615,0.348376601934433,0.4312334358692169,0.42281991243362427,0.407799631357193,0.3850676417350769,0.3620423674583435
46,140,0.28382423520088196,0.00020824636158067733,0.335693359375,0.27435302734375,0.215576171875,0.17437744140625,4,688,631,574,523,0.17868463695049286,0.26760438084602356,0.3484090566635132,0.4319034814834595,0.4223935604095459,0.40875503420829773,0.384962797164917,0.3626137375831604
46,160,0.2820364236831665,0.00020824636158067733,0.3408203125,0.2752685546875,0.2120361328125,0.171875,4,690,629,576,523,0.1783263236284256,0.26637884974479675,0.34789618849754333,0.4315166175365448,0.42189881205558777,0.4070031940937042,0.3844839334487915,0.3623182475566864
46,180,0.28242695331573486,0.00020824636158067733,0.33856201171875,0.2750244140625,0.21380615234375,0.172607421875,4,686,628,574,522,0.17776452004909515,0.2662002742290497,0.34787648916244507,0.4325013756752014,0.4211350381374359,0.40695467591285706,0.3843838572502136,0.36352384090423584
46,200,0.28217682242393494,0.00020824636158067733,0.33489990234375,0.2774658203125,0.21722412109375,0.17041015625,4,688,627,574,521,0.17738336324691772,0.26591917872428894,0.3479883074760437,0.43070337176322937,0.4208091199398041,0.4064391553401947,0.3843931257724762,0.3613371253013611
46,220,0.28146544098854065,0.00020824636158067733,0.3411865234375,0.27227783203125,0.21307373046875,0.1734619140625,4,685,632,572,528,0.17687135934829712,0.2657009959220886,0.3468601107597351,0.43161076307296753,0.4202052056789398,0.40650925040245056,0.3829612731933594,0.3623046576976776
46,240,0.2791380286216736,0.00020824636158067733,0.342529296875,0.2763671875,0.21246337890625,0.16864013671875,4,687,631,575,517,0.1766551285982132,0.2633053958415985,0.34516701102256775,0.43005281686782837,0.4199003577232361,0.4031175673007965,0.38061898946762085,0.3605528175830841
46,260,0.28033745288848877,0.00020824636158067733,0.342041015625,0.27276611328125,0.21435546875,0.17083740234375,4,689,631,577,523,0.17700348794460297,0.2641061842441559,0.34553611278533936,0.43133559823036194,0.4203724265098572,0.40431109070777893,0.3808600902557373,0.36198216676712036
46,280,0.2803308069705963,0.00020824636158067733,0.3408203125,0.2734375,0.2152099609375,0.1705322265625,4,687,630,579,518,0.17612901329994202,0.26395082473754883,0.34665578603744507,0.43114805221557617,0.4190692603588104,0.4037168323993683,0.38218894600868225,0.3616717457771301
46,300,0.2778889834880829,0.00020824636158067733,0.347412109375,0.27471923828125,0.20928955078125,0.1685791015625,4,685,630,576,520,0.17518877983093262,0.2622844874858856,0.3451833128929138,0.4314201772212982,0.4180050492286682,0.40191489458084106,0.3805748522281647,0.3619108200073242
46,320,0.2775500416755676,0.00020824636158067733,0.3463134765625,0.27423095703125,0.214599609375,0.16485595703125,4,685,629,577,521,0.1750921756029129,0.2606757581233978,0.34605857729911804,0.43167299032211304,0.4176080822944641,0.40015870332717896,0.38153889775276184,0.36242347955703735
46,340,0.27823352813720703,0.00020824636158067733,0.346435546875,0.27099609375,0.21368408203125,0.16888427734375,4,688,626,575,525,0.17418350279331207,0.2609650492668152,0.3469030559062958,0.43249741196632385,0.4166243374347687,0.4003318250179291,0.382550984621048,0.3632108271121979
46,360,0.27669042348861694,0.00020824636158067733,0.34796142578125,0.27532958984375,0.21087646484375,0.16583251953125,4,688,627,573,518,0.17425474524497986,0.2603360414505005,0.3456977903842926,0.43102967739105225,0.4164288640022278,0.39934974908828735,0.3811607360839844,0.3615037500858307
46,380,0.277789831161499,0.00020824636158067733,0.3460693359375,0.27490234375,0.214599609375,0.1644287109375,4,691,632,579,525,0.17433160543441772,0.2608647346496582,0.3473578095436096,0.43303772807121277,0.4164775311946869,0.40002956986427307,0.3831968605518341,0.3638606667518616
46,400,0.27796122431755066,0.00020824636158067733,0.347900390625,0.27410888671875,0.21185302734375,0.1661376953125,4,692,629,577,530,0.17383210361003876,0.2616773843765259,0.34810781478881836,0.4334307014942169,0.4163687527179718,0.4014153778553009,0.3838619887828827,0.3641756474971771
46,420,0.27663424611091614,0.00020824636158067733,0.35150146484375,0.27587890625,0.208251953125,0.16436767578125,4,690,633,574,523,0.17365409433841705,0.2606261074542999,0.3479907512664795,0.43331870436668396,0.41629913449287415,0.3999476432800293,0.3838280439376831,0.36400580406188965
46,440,0.2761950194835663,0.00020824636158067733,0.35186767578125,0.27374267578125,0.21319580078125,0.16119384765625,4,694,632,576,524,0.17366835474967957,0.25985968112945557,0.3478938639163971,0.4329107701778412,0.4161066710948944,0.39896729588508606,0.3838741183280945,0.36383748054504395
46,460,0.2769521176815033,0.00020824636158067733,0.35137939453125,0.27044677734375,0.213623046875,0.16455078125,4,697,630,580,526,0.17338502407073975,0.25900593400001526,0.3491661846637726,0.43385347723960876,0.4158233106136322,0.3976438343524933,0.38524967432022095,0.36490216851234436
46,480,0.2778282165527344,0.00020824636158067733,0.3472900390625,0.2738037109375,0.21343994140625,0.16546630859375,4,697,633,580,530,0.17321744561195374,0.2604576349258423,0.3490466773509979,0.4342680275440216,0.41527679562568665,0.39965006709098816,0.38533803820610046,0.3649553656578064
46,500,0.27632561326026917,0.00020824636158067733,0.34906005859375,0.2752685546875,0.21343994140625,0.1622314453125,4,695,633,579,527,0.17264018952846527,0.25940003991127014,0.34888094663619995,0.43267813324928284,0.4146328568458557,0.39796289801597595,0.38455361127853394,0.36339831352233887
46,520,0.2763206660747528,0.00020824636158067733,0.35400390625,0.27679443359375,0.20782470703125,0.161376953125,4,697,634,582,531,0.17344023287296295,0.2601325809955597,0.3501291275024414,0.4347175359725952,0.4159116744995117,0.3994920551776886,0.38627657294273376,0.36560121178627014
46,540,0.2753857374191284,0.00020824636158067733,0.35382080078125,0.27679443359375,0.20831298828125,0.16107177734375,4,695,634,578,529,0.17190442979335785,0.2603912055492401,0.3487679958343506,0.43356209993362427,0.4136078655719757,0.3990156054496765,0.3848947584629059,0.3644030690193176
46,560,0.27670159935951233,0.00020824636158067733,0.35260009765625,0.272216796875,0.21527099609375,0.159912109375,4,698,632,577,525,0.17236892879009247,0.26019686460494995,0.3504544496536255,0.4355621635913849,0.4142887592315674,0.3992637097835541,0.38711798191070557,0.3669980466365814
46,580,0.2765897810459137,0.00020824636158067733,0.350830078125,0.2728271484375,0.21844482421875,0.15789794921875,4,697,635,579,526,0.1712501049041748,0.26059573888778687,0.3514665961265564,0.4346887171268463,0.41267305612564087,0.3991822898387909,0.3882395625114441,0.36606261134147644
46,600,0.2772751450538635,0.00020824636158067733,0.3492431640625,0.27581787109375,0.21600341796875,0.158935546875,4,697,635,583,524,0.17133305966854095,0.2618165612220764,0.3520292639732361,0.43530234694480896,0.41301727294921875,0.4007584750652313,0.38886553049087524,0.3668174743652344
46,620,0.2753053605556488,0.00020824636158067733,0.3538818359375,0.276123046875,0.21234130859375,0.15765380859375,4,697,634,584,527,0.17050278186798096,0.26037582755088806,0.35050705075263977,0.4354138970375061,0.411908894777298,0.3993251621723175,0.38726282119750977,0.3671906292438507
46,640,0.27515897154808044,0.00020824636158067733,0.35479736328125,0.27508544921875,0.21038818359375,0.15972900390625,4,699,634,581,531,0.17064684629440308,0.259224534034729,0.35012856125831604,0.43600156903266907,0.41214504837989807,0.3978641927242279,0.3865615725517273,0.36788779497146606
46,660,0.27649763226509094,0.00020824636158067733,0.35345458984375,0.27490234375,0.2115478515625,0.16009521484375,4,698,635,586,534,0.17154088616371155,0.2605299651622772,0.35067954659461975,0.437613844871521,0.4133923649787903,0.3992655575275421,0.387262225151062,0.3697207570075989
46,680,0.27546826004981995,0.00020824636158067733,0.35504150390625,0.27374267578125,0.2139892578125,0.1572265625,4,697,636,583,534,0.17035023868083954,0.2602916657924652,0.35059839487075806,0.43701037764549255,0.4117507338523865,0.3987761437892914,0.3874180316925049,0.36933305859565735
46,700,0.27508026361465454,0.00020824636158067733,0.35546875,0.277099609375,0.2119140625,0.155517578125,4,698,635,580,535,0.17095570266246796,0.2601729929447174,0.35048550367355347,0.4368909001350403,0.4125047028064728,0.39893850684165955,0.38723018765449524,0.36934950947761536
46,720,0.27541661262512207,0.00020824636158067733,0.35284423828125,0.277587890625,0.21209716796875,0.157470703125,4,699,642,581,535,0.17058944702148438,0.26005733013153076,0.35005876421928406,0.4368422329425812,0.4118051528930664,0.39849281311035156,0.3867509663105011,0.36931300163269043
46,740,0.2761877775192261,0.00020824636158067733,0.35247802734375,0.27532958984375,0.2100830078125,0.162109375,4,698,636,580,538,0.17070502042770386,0.2600215673446655,0.3488193154335022,0.4388725459575653,0.4122735559940338,0.3987845182418823,0.3850926458835602,0.3717200458049774
46,760,0.27539995312690735,0.00020824636158067733,0.3526611328125,0.2767333984375,0.21197509765625,0.15863037109375,4,699,641,582,541,0.16978883743286133,0.25979456305503845,0.34948334097862244,0.43841826915740967,0.4108448922634125,0.3984162211418152,0.38595062494277954,0.37132763862609863
46,780,0.27515047788619995,0.00020824636158067733,0.35345458984375,0.27587890625,0.2113037109375,0.15936279296875,4,698,640,581,538,0.16968563199043274,0.25961142778396606,0.3493255376815796,0.43761301040649414,0.41062918305397034,0.39808082580566406,0.38581231236457825,0.37027111649513245
46,800,0.276679128408432,0.00020824636158067733,0.35198974609375,0.2730712890625,0.21435546875,0.16058349609375,4,698,642,586,537,0.17050401866436005,0.26072418689727783,0.34978023171424866,0.4389607608318329,0.41195449233055115,0.39967092871665955,0.386104553937912,0.37187811732292175
46,820,0.27511343359947205,0.00020824636158067733,0.353759765625,0.27679443359375,0.21099853515625,0.158447265625,4,698,640,586,535,0.16988448798656464,0.25969579815864563,0.34935277700424194,0.438125878572464,0.41104888916015625,0.3984585106372833,0.38591229915618896,0.3710877001285553
46,840,0.27583175897598267,0.00020824636158067733,0.3514404296875,0.2742919921875,0.2125244140625,0.1617431640625,4,699,642,588,538,0.16962140798568726,0.2592567205429077,0.3487118184566498,0.43895581364631653,0.41068387031555176,0.39759644865989685,0.3849221169948578,0.3720090687274933
46,860,0.2761046886444092,0.00020824636158067733,0.35076904296875,0.2774658203125,0.2103271484375,0.16143798828125,4,699,641,589,537,0.1697353571653366,0.25992298126220703,0.3491147756576538,0.4399131238460541,0.4109335243701935,0.3986077904701233,0.3855138421058655,0.3731449246406555
46,880,0.27520981431007385,0.00020824636158067733,0.35296630859375,0.27520751953125,0.21038818359375,0.16143798828125,4,698,641,588,540,0.1691703349351883,0.2596309781074524,0.3479003310203552,0.4388798475265503,0.41002875566482544,0.3981894850730896,0.3840758502483368,0.3718619644641876
46,900,0.274736613035202,0.00020824636158067733,0.35467529296875,0.27496337890625,0.21026611328125,0.16009521484375,4,699,638,589,537,0.1693514734506607,0.2588914930820465,0.3486928343772888,0.4382883608341217,0.41052863001823425,0.39717185497283936,0.3849652409553528,0.3710513412952423
46,920,0.2738902270793915,0.00020824636158067733,0.356689453125,0.275390625,0.20880126953125,0.15911865234375,4,697,642,581,541,0.1692274659872055,0.2584522068500519,0.3480561077594757,0.43790403008461,0.410421222448349,0.39681339263916016,0.3842719793319702,0.37049174308776855
46,940,0.2738703191280365,0.00020824636158067733,0.35455322265625,0.27679443359375,0.20953369140625,0.15911865234375,4,697,643,583,540,0.1686755120754242,0.2589656710624695,0.3475840091705322,0.4371269941329956,0.4097527861595154,0.3974498510360718,0.38365304470062256,0.3696511387825012
46,960,0.27436012029647827,0.00020824636158067733,0.3529052734375,0.27850341796875,0.21063232421875,0.157958984375,4,699,641,583,535,0.16878755390644073,0.25974491238594055,0.34846508502960205,0.43717849254608154,0.4098569452762604,0.3982459604740143,0.3847241997718811,0.36949482560157776
46,980,0.2740377187728882,0.00020824636158067733,0.35308837890625,0.2791748046875,0.20947265625,0.15826416015625,4,696,641,580,540,0.16841141879558563,0.2597768306732178,0.3477708101272583,0.43725618720054626,0.40932801365852356,0.39823636412620544,0.3838176429271698,0.36951571702957153
46,1000,0.2736339271068573,0.00020824636158067733,0.3544921875,0.27545166015625,0.21197509765625,0.1580810546875,4,698,641,582,534,0.167741596698761,0.25899022817611694,0.3477213382720947,0.43726471066474915,0.40837690234184265,0.3974006175994873,0.3838212192058563,0.36976519227027893
46,1020,0.27401086688041687,0.00020824636158067733,0.3515625,0.278564453125,0.21197509765625,0.15789794921875,4,699,641,581,534,0.16830992698669434,0.2591361105442047,0.34723809361457825,0.43729168176651,0.40915194153785706,0.39765846729278564,0.3830615282058716,0.3697361946105957
46,1040,0.2738642394542694,0.00020824636158067733,0.35101318359375,0.27923583984375,0.211669921875,0.1580810546875,4,699,644,581,536,0.16800609230995178,0.2589367926120758,0.3468397855758667,0.4375722110271454,0.40878647565841675,0.3974369466304779,0.38264936208724976,0.37005066871643066
46,1060,0.2739267647266388,0.00020824636158067733,0.3511962890625,0.28045654296875,0.21142578125,0.15692138671875,4,699,642,583,539,0.16776080429553986,0.25937262177467346,0.34880948066711426,0.4366498291492462,0.408496618270874,0.39790478348731995,0.3851083815097809,0.368765652179718
46,1080,0.273416131734848,0.00020824636158067733,0.3544921875,0.27630615234375,0.21142578125,0.15777587890625,4,698,641,582,539,0.1677279770374298,0.25851112604141235,0.3481104075908661,0.4368862807750702,0.4086289703845978,0.39687299728393555,0.3842662274837494,0.36916491389274597
46,1100,0.27375441789627075,0.00020824636158067733,0.35626220703125,0.275634765625,0.21002197265625,0.1580810546875,4,700,643,581,539,0.16853582859039307,0.2593584358692169,0.3475664556026459,0.43791884183883667,0.40965524315834045,0.39800405502319336,0.38347160816192627,0.37021878361701965
46,1120,0.2736806571483612,0.00020824636158067733,0.35430908203125,0.2779541015625,0.209716796875,0.15802001953125,4,700,646,582,539,0.16801801323890686,0.25940611958503723,0.34771785140037537,0.4374450743198395,0.40880948305130005,0.3982347548007965,0.3836202919483185,0.36943385004997253
46,1140,0.2742742598056793,0.00020824636158067733,0.3514404296875,0.27740478515625,0.21142578125,0.15972900390625,4,700,644,581,537,0.16795602440834045,0.25861141085624695,0.3480431139469147,0.43775635957717896,0.40878838300704956,0.39677301049232483,0.38402488827705383,0.36989402770996094
46,1160,0.2729482054710388,0.00020824636158067733,0.353271484375,0.27691650390625,0.21331787109375,0.156494140625,4,699,644,579,540,0.16750909388065338,0.2580057978630066,0.34730076789855957,0.43605777621269226,0.40788280963897705,0.39618024230003357,0.3831387460231781,0.368002325296402
46,1180,0.27306726574897766,0.00020824636158067733,0.35186767578125,0.27777099609375,0.2142333984375,0.1561279296875,4,699,645,583,536,0.1670767068862915,0.2579728364944458,0.3473491966724396,0.43686750531196594,0.4075786769390106,0.3963582515716553,0.38307130336761475,0.3690614104270935
46,1200,0.2723947763442993,0.00020824636158067733,0.35400390625,0.27947998046875,0.2103271484375,0.15618896484375,4,699,641,578,542,0.16745737195014954,0.2575516700744629,0.3471428155899048,0.4361392855644226,0.4081592857837677,0.39566290378570557,0.38286092877388,0.3680529296398163
46,1220,0.2733548879623413,0.00020824636158067733,0.3516845703125,0.277587890625,0.21112060546875,0.15960693359375,4,698,637,581,541,0.16719451546669006,0.25784045457839966,0.34694361686706543,0.4369161128997803,0.4075561761856079,0.39597782492637634,0.3828129768371582,0.3687683045864105
46,1240,0.27287745475769043,0.00020824636158067733,0.354736328125,0.2769775390625,0.21038818359375,0.15789794921875,4,699,642,577,539,0.16733521223068237,0.25760355591773987,0.3478529453277588,0.4368836581707001,0.4080740213394165,0.39555177092552185,0.38373205065727234,0.36873432993888855
46,1260,0.2718593180179596,0.00020824636158067733,0.35675048828125,0.27838134765625,0.208984375,0.1558837890625,4,698,641,579,541,0.16697877645492554,0.2576974332332611,0.34738993644714355,0.43591657280921936,0.4075804650783539,0.3956432640552521,0.38329073786735535,0.3675368130207062
46,1280,0.2735220491886139,0.00020824636158067733,0.34814453125,0.27935791015625,0.21527099609375,0.1572265625,4,699,640,583,536,0.1664866805076599,0.2579418122768402,0.3475213646888733,0.4368933439254761,0.40673425793647766,0.3961646854877472,0.38338589668273926,0.36890557408332825
46,1300,0.2725708484649658,0.00020824636158067733,0.3536376953125,0.2784423828125,0.212646484375,0.1552734375,4,700,644,579,539,0.16724729537963867,0.25808507204055786,0.3470318615436554,0.4364493489265442,0.4079989790916443,0.39638054370880127,0.3827977478504181,0.3682771623134613
46,1320,0.27286019921302795,0.00020824636158067733,0.35589599609375,0.27490234375,0.21197509765625,0.1572265625,4,699,644,580,542,0.16737119853496552,0.25825035572052,0.3472481667995453,0.4368972182273865,0.40810665488243103,0.396598756313324,0.38298165798187256,0.3685804605484009
46,1340,0.2730090320110321,0.00020824636158067733,0.354736328125,0.2755126953125,0.21160888671875,0.15814208984375,4,699,642,581,538,0.16727373003959656,0.257520854473114,0.3476122319698334,0.4373462200164795,0.4079940915107727,0.39532068371772766,0.3835015296936035,0.3691544830799103
46,1360,0.2721961438655853,0.00020824636158067733,0.35504150390625,0.27471923828125,0.21240234375,0.1578369140625,4,699,639,579,538,0.16661261022090912,0.2570793032646179,0.34659481048583984,0.4358902871608734,0.4070332646369934,0.39475154876708984,0.38221535086631775,0.3675360083580017
46,1380,0.27221933007240295,0.00020824636158067733,0.35711669921875,0.27532958984375,0.21173095703125,0.15582275390625,4,697,645,578,541,0.1676120162010193,0.25787514448165894,0.34665438532829285,0.4361634850502014,0.40822985768318176,0.3961995840072632,0.3822568356990814,0.36766529083251953
46,1400,0.2715469002723694,0.00020824636158067733,0.35693359375,0.27716064453125,0.21063232421875,0.1552734375,4,695,641,580,541,0.1669749915599823,0.25695404410362244,0.346389502286911,0.4364528954029083,0.40767714381217957,0.39496952295303345,0.3818776607513428,0.36824285984039307
46,1420,0.2725183367729187,0.00020824636158067733,0.34991455078125,0.28094482421875,0.2132568359375,0.1558837890625,4,699,644,585,537,0.16648149490356445,0.2575121819972992,0.3471318483352661,0.4355107843875885,0.4067090153694153,0.3956727981567383,0.3828360438346863,0.36710530519485474
46,1440,0.2722092568874359,0.00020824636158067733,0.3553466796875,0.27508544921875,0.21331787109375,0.15625,4,699,642,579,540,0.16719423234462738,0.25666752457618713,0.34708625078201294,0.4361737370491028,0.4078405797481537,0.39435258507728577,0.3827165365219116,0.3678480386734009
46,1460,0.27158474922180176,0.00020824636158067733,0.35308837890625,0.27935791015625,0.213134765625,0.1544189453125,4,699,643,578,539,0.16577407717704773,0.25776004791259766,0.3463820517063141,0.43529951572418213,0.4058215618133545,0.39588895440101624,0.3819536864757538,0.3669975697994232
46,1480,0.2721191942691803,0.00020824636158067733,0.3538818359375,0.2779541015625,0.21258544921875,0.15557861328125,4,699,642,584,538,0.1664711833000183,0.2572753429412842,0.3468351364135742,0.43685460090637207,0.4071369171142578,0.3954029679298401,0.38232409954071045,0.3688601553440094
46,1500,0.2720501124858856,0.00020824636158067733,0.35455322265625,0.27630615234375,0.21234130859375,0.15679931640625,4,698,642,578,539,0.1666417419910431,0.2571101784706116,0.3467055857181549,0.4356250464916229,0.4071628451347351,0.3949768841266632,0.3822675347328186,0.36702796816825867
46,1520,0.2714887261390686,0.00020824636158067733,0.35333251953125,0.28009033203125,0.2109375,0.1556396484375,4,700,644,581,539,0.1658686250448227,0.2573743462562561,0.34585335850715637,0.43588149547576904,0.4061547517776489,0.3954538106918335,0.3811790347099304,0.36768054962158203
46,1540,0.272141695022583,0.00020824636158067733,0.3551025390625,0.276123046875,0.21185302734375,0.15692138671875,4,701,642,584,539,0.16680863499641418,0.2573099136352539,0.3460713326931,0.43679240345954895,0.40756770968437195,0.39505618810653687,0.38158491253852844,0.36850059032440186
46,1560,0.27211612462997437,0.00020824636158067733,0.3533935546875,0.27740478515625,0.21173095703125,0.157470703125,4,700,643,578,537,0.166313037276268,0.2575841546058655,0.34569481015205383,0.4362258315086365,0.4066995680332184,0.3956737816333771,0.38102367520332336,0.3678469657897949
46,1580,0.27216044068336487,0.00020824636158067733,0.351318359375,0.28070068359375,0.21160888671875,0.1563720703125,4,698,642,578,541,0.16670015454292297,0.25702211260795593,0.3458424508571625,0.4365614652633667,0.4073468744754791,0.39502012729644775,0.3810838460922241,0.36834484338760376
46,1600,0.2719143033027649,0.00020824636158067733,0.35302734375,0.27911376953125,0.21234130859375,0.155517578125,4,701,644,580,537,0.16658155620098114,0.2574383020401001,0.34608379006385803,0.43573200702667236,0.4071797728538513,0.3952846825122833,0.3814016282558441,0.367438942193985
46,1620,0.27233874797821045,0.00020824636158067733,0.3502197265625,0.2806396484375,0.21221923828125,0.15692138671875,4,698,643,584,540,0.16591966152191162,0.2572852373123169,0.34673428535461426,0.43615636229515076,0.40616273880004883,0.39522585272789,0.38229212164878845,0.36781439185142517
46,1640,0.2716701626777649,0.00020824636158067733,0.35357666015625,0.2767333984375,0.2135009765625,0.15618896484375,4,701,643,581,540,0.16606466472148895,0.25659671425819397,0.3460634648799896,0.43575289845466614,0.4061925411224365,0.39437738060951233,0.3814137279987335,0.3673287630081177
46,1660,0.27103152871131897,0.00020824636158067733,0.35693359375,0.27642822265625,0.21173095703125,0.1549072265625,4,699,642,582,540,0.16667814552783966,0.25578227639198303,0.34615135192871094,0.4360164999961853,0.4073390066623688,0.39351603388786316,0.38157224655151367,0.36751610040664673
46,1680,0.27170488238334656,0.00020824636158067733,0.3514404296875,0.2794189453125,0.21234130859375,0.15679931640625,4,699,643,579,537,0.1659635305404663,0.2566262483596802,0.3453904092311859,0.4357908368110657,0.40613412857055664,0.39442434906959534,0.380528062582016,0.3674648404121399
46,1700,0.2716827690601349,0.00020824636158067733,0.35296630859375,0.2781982421875,0.213623046875,0.15521240234375,4,700,641,587,541,0.16655541956424713,0.2557030916213989,0.34668248891830444,0.4361687898635864,0.40709415078163147,0.3933624029159546,0.38177400827407837,0.3679157793521881
46,1720,0.2706238925457001,0.00020824636158067733,0.3572998046875,0.27606201171875,0.211181640625,0.15545654296875,4,701,643,580,539,0.16664355993270874,0.2549293041229248,0.34551307559013367,0.4357479214668274,0.4070799946784973,0.39228203892707825,0.38051384687423706,0.36726635694503784
46,1740,0.2708536684513092,0.00020824636158067733,0.3575439453125,0.2745361328125,0.21124267578125,0.15667724609375,4,698,642,577,539,0.16626515984535217,0.2558031678199768,0.3449825048446655,0.43595579266548157,0.4067685008049011,0.39321330189704895,0.3799399733543396,0.3673824369907379
46,1760,0.2709583044052124,0.00020824636158067733,0.35528564453125,0.27789306640625,0.2127685546875,0.154052734375,4,699,641,584,536,0.1666814237833023,0.25594520568847656,0.345473051071167,0.43561437726020813,0.4071725308895111,0.39359721541404724,0.38045939803123474,0.36725297570228577
46,1780,0.271831750869751,0.00020824636158067733,0.3526611328125,0.2769775390625,0.2122802734375,0.1580810546875,4,698,642,580,538,0.16622565686702728,0.2560001611709595,0.34538567066192627,0.4363934397697449,0.40670374035835266,0.39355993270874023,0.38044509291648865,0.36809787154197693
46,1800,0.2712196707725525,0.00020824636158067733,0.3533935546875,0.27960205078125,0.21002197265625,0.156982421875,4,700,640,574,540,0.1659933477640152,0.25635817646980286,0.34509265422821045,0.4357388913631439,0.4063672423362732,0.3940378427505493,0.38004761934280396,0.3671947121620178
46,1820,0.27044913172721863,0.00020824636158067733,0.356201171875,0.278076171875,0.21075439453125,0.15496826171875,4,700,640,579,537,0.16560910642147064,0.2560388445854187,0.3453123867511749,0.4354735016822815,0.40596476197242737,0.393790066242218,0.3803855776786804,0.36678969860076904
46,1840,0.27080339193344116,0.00020824636158067733,0.353759765625,0.2794189453125,0.212158203125,0.1546630859375,4,701,641,581,539,0.1657646894454956,0.25605344772338867,0.34557729959487915,0.43513455986976624,0.40592020750045776,0.3937937319278717,0.3805886507034302,0.3664010763168335
46,1860,0.2709846496582031,0.00020824636158067733,0.352783203125,0.27862548828125,0.2125244140625,0.15606689453125,4,699,638,583,540,0.16588833928108215,0.2547791004180908,0.34567680954933167,0.43577033281326294,0.4061119556427002,0.39204439520835876,0.38061270117759705,0.3672916293144226
46,1880,0.2712705135345459,0.00020824636158067733,0.355224609375,0.2767333984375,0.21246337890625,0.15557861328125,4,701,640,581,541,0.16652682423591614,0.25598400831222534,0.3453883230686188,0.4363994002342224,0.40714576840400696,0.3938801884651184,0.38034963607788086,0.36803027987480164
46,1900,0.27102646231651306,0.00020824636158067733,0.3538818359375,0.27813720703125,0.21240234375,0.15557861328125,4,701,643,580,540,0.166216179728508,0.25583991408348083,0.3450578451156616,0.4355088472366333,0.40650177001953125,0.3935343623161316,0.3799244165420532,0.3670162856578827
46,1920,0.2704719007015228,0.00020824636158067733,0.3558349609375,0.2762451171875,0.2127685546875,0.1551513671875,4,699,640,582,539,0.16546857357025146,0.2555386424064636,0.345029354095459,0.43563729524612427,0.4055826961994171,0.39322900772094727,0.38006365299224854,0.36704516410827637
46,1940,0.27174559235572815,0.00020824636158067733,0.34930419921875,0.2767333984375,0.2161865234375,0.15777587890625,4,699,640,584,538,0.16549202799797058,0.2549079656600952,0.3450060486793518,0.4361332356929779,0.4055143892765045,0.3924051523208618,0.3799269497394562,0.36766287684440613
46,1960,0.271381676197052,0.00020824636158067733,0.35272216796875,0.2767333984375,0.213623046875,0.15692138671875,4,700,639,584,542,0.16616752743721008,0.25494712591171265,0.3452809154987335,0.43625912070274353,0.40660908818244934,0.39240017533302307,0.3800583481788635,0.3679942190647125
46,1980,0.27032262086868286,0.00020824636158067733,0.35699462890625,0.2762451171875,0.21221923828125,0.154541015625,4,701,637,580,535,0.16664212942123413,0.25484126806259155,0.34483930468559265,0.43517303466796875,0.40717822313308716,0.3923497200012207,0.379550576210022,0.3666514754295349
46,2000,0.27150434255599976,0.00020824636158067733,0.35211181640625,0.27691650390625,0.213623046875,0.1573486328125,4,701,639,584,537,0.16652998328208923,0.25456205010414124,0.34564265608787537,0.4355772137641907,0.40688851475715637,0.3917336165904999,0.380557656288147,0.3670727610588074
47,0,0.3152732253074646,0.00020824636158067733,0.34246826171875,0.3037109375,0.18170166015625,0.172119140625,4,698,644,585,540,0.20985594391822815,0.3003511130809784,0.3891136646270752,0.4734029471874237,0.4417111277580261,0.4298342168331146,0.4128992557525635,0.3897148072719574
47,20,0.29683205485343933,0.00020824636158067733,0.3321533203125,0.269287109375,0.210693359375,0.1878662109375,4,696,632,588,541,0.18483883142471313,0.2755276560783386,0.3644566237926483,0.4495358169078827,0.4292964041233063,0.41788363456726074,0.40104395151138306,0.37950044870376587
47,40,0.28627046942710876,0.00020824636158067733,0.338623046875,0.27069091796875,0.2073974609375,0.18328857421875,4,691,625,573,531,0.1799478381872177,0.2694406509399414,0.35040146112442017,0.43498891592025757,0.4237808287143707,0.41148489713668823,0.3875860273838043,0.3662332594394684
47,60,0.28349488973617554,0.00020824636158067733,0.340576171875,0.273681640625,0.21087646484375,0.17486572265625,4,688,627,576,521,0.1800459325313568,0.26706111431121826,0.34867629408836365,0.4320928156375885,0.42356136441230774,0.40801599621772766,0.3854984641075134,0.363167405128479
47,80,0.28338831663131714,0.00020824636158067733,0.3394775390625,0.27606201171875,0.20953369140625,0.1749267578125,4,687,623,576,521,0.1792277991771698,0.26686277985572815,0.34972065687179565,0.4321554899215698,0.4226977527141571,0.40752455592155457,0.3868933320045471,0.36338698863983154
47,100,0.2846734821796417,0.00020824636158067733,0.33673095703125,0.27630615234375,0.21112060546875,0.17584228515625,4,689,626,574,525,0.1800084114074707,0.26770713925361633,0.35010939836502075,0.4331986904144287,0.42375385761260986,0.40866583585739136,0.3872724175453186,0.36472293734550476
47,120,0.284731388092041,0.00020824636158067733,0.3409423828125,0.271240234375,0.20782470703125,0.17999267578125,4,691,625,577,526,0.1799180805683136,0.2678656578063965,0.349595308303833,0.4337911009788513,0.42375388741493225,0.4087725579738617,0.3866182863712311,0.3652600646018982
47,140,0.28318846225738525,0.00020824636158067733,0.34197998046875,0.27239990234375,0.20977783203125,0.17584228515625,4,691,624,576,520,0.17898303270339966,0.26647457480430603,0.3490994870662689,0.43310901522636414,0.42252275347709656,0.4070097506046295,0.38606902956962585,0.3645533621311188
47,160,0.2834256887435913,0.00020824636158067733,0.3402099609375,0.27618408203125,0.2088623046875,0.17474365234375,4,689,623,576,528,0.1790163367986679,0.26741907000541687,0.3495267927646637,0.4329926371574402,0.4226830005645752,0.4082532823085785,0.38658076524734497,0.3642633259296417
47,180,0.2842056155204773,0.00020824636158067733,0.3360595703125,0.27655029296875,0.20965576171875,0.177734375,4,687,624,579,525,0.17850467562675476,0.2666705250740051,0.34951865673065186,0.434305340051651,0.4219014644622803,0.40742626786231995,0.3865624964237213,0.36583083868026733
47,200,0.2818475067615509,0.00020824636158067733,0.34088134765625,0.27630615234375,0.20782470703125,0.17498779296875,4,687,629,579,527,0.1770523488521576,0.26503074169158936,0.34897273778915405,0.4328235983848572,0.420134037733078,0.4052638113498688,0.38590213656425476,0.3640293478965759
47,220,0.2815879285335541,0.00020824636158067733,0.34130859375,0.2760009765625,0.20977783203125,0.17291259765625,4,689,629,579,525,0.17687879502773285,0.2647193372249603,0.3495352566242218,0.4327627122402191,0.4199480712413788,0.4047667682170868,0.38655346632003784,0.36399945616722107
47,240,0.2812865674495697,0.00020824636158067733,0.34429931640625,0.271484375,0.21209716796875,0.172119140625,4,688,628,578,526,0.17654924094676971,0.2641713321208954,0.3496972620487213,0.4334937036037445,0.4197443425655365,0.40413016080856323,0.386678010225296,0.36500927805900574
47,260,0.2798144519329071,0.00020824636158067733,0.34808349609375,0.26971435546875,0.211181640625,0.1710205078125,4,686,630,579,527,0.17471762001514435,0.26377153396606445,0.3491435647010803,0.43341264128685,0.4174487590789795,0.40369582176208496,0.38603103160858154,0.3648991882801056
47,280,0.2799004316329956,0.00020824636158067733,0.34381103515625,0.27490234375,0.21099853515625,0.1702880859375,4,685,631,579,529,0.1746448427438736,0.2632821202278137,0.34875714778900146,0.4339204430580139,0.417344331741333,0.4032800495624542,0.3854281008243561,0.3655940294265747
47,300,0.2803439795970917,0.00020824636158067733,0.34344482421875,0.27276611328125,0.2125244140625,0.1712646484375,4,687,626,583,532,0.17427615821361542,0.2633773684501648,0.34929102659225464,0.4345114231109619,0.41685307025909424,0.4032742977142334,0.3860083222389221,0.3661666214466095
47,320,0.2785252332687378,0.00020824636158067733,0.35198974609375,0.271240234375,0.207763671875,0.16900634765625,4,688,632,578,531,0.17422494292259216,0.2630000710487366,0.3485732972621918,0.43455642461776733,0.417036235332489,0.4028734564781189,0.3850495517253876,0.366254061460495
47,340,0.2782382071018219,0.00020824636158067733,0.35015869140625,0.27215576171875,0.2099609375,0.167724609375,4,685,631,580,534,0.17341116070747375,0.2629547417163849,0.3474733829498291,0.4352150559425354,0.41583576798439026,0.402843713760376,0.3837090730667114,0.3670848309993744
47,360,0.27740201354026794,0.00020824636158067733,0.35064697265625,0.27386474609375,0.20904541015625,0.16644287109375,4,686,635,576,531,0.17287461459636688,0.2622373402118683,0.34645047783851624,0.4358408451080322,0.4150330424308777,0.4020973742008209,0.38221362233161926,0.3679001033306122
47,380,0.27753087878227234,0.00020824636158067733,0.34991455078125,0.271484375,0.21112060546875,0.16748046875,4,689,637,576,534,0.1726231724023819,0.26139596104621887,0.34641286730766296,0.43603724241256714,0.4145238995552063,0.40080133080482483,0.3820075988769531,0.36827021837234497
47,400,0.27768781781196594,0.00020824636158067733,0.35137939453125,0.27130126953125,0.20654296875,0.1707763671875,4,685,639,577,531,0.17250530421733856,0.2615654468536377,0.34656792879104614,0.43641161918640137,0.41449642181396484,0.4008665084838867,0.3821946978569031,0.36820507049560547
47,420,0.27690407633781433,0.00020824636158067733,0.35137939453125,0.2724609375,0.20977783203125,0.1663818359375,4,687,641,582,533,0.17165900766849518,0.2607230842113495,0.346992164850235,0.43729835748672485,0.41356074810028076,0.39994311332702637,0.3829268515110016,0.3695980906486511
47,440,0.27631571888923645,0.00020824636158067733,0.35650634765625,0.26800537109375,0.20849609375,0.1669921875,4,688,641,576,537,0.17167963087558746,0.26084843277931213,0.34640049934387207,0.43701988458633423,0.41355541348457336,0.39995938539505005,0.3821618854999542,0.3692491054534912
47,460,0.2759951949119568,0.00020824636158067733,0.3548583984375,0.269775390625,0.20916748046875,0.16619873046875,4,688,639,582,535,0.1709694266319275,0.25978991389274597,0.34653306007385254,0.437770277261734,0.4126545786857605,0.39864152669906616,0.38235142827033997,0.3702072203159332
47,480,0.27676835656166077,0.00020824636158067733,0.35296630859375,0.27069091796875,0.21002197265625,0.16632080078125,4,687,638,584,540,0.17188550531864166,0.2597748041152954,0.3470917344093323,0.43820732831954956,0.4138842523097992,0.3986923396587372,0.3826417028903961,0.3707791268825531
47,500,0.27538955211639404,0.00020824636158067733,0.3543701171875,0.27349853515625,0.2081298828125,0.16400146484375,4,688,639,583,537,0.17053499817848206,0.26068979501724243,0.3457075357437134,0.43723219633102417,0.41209378838539124,0.399943470954895,0.38117820024490356,0.36954668164253235
47,520,0.27641040086746216,0.00020824636158067733,0.3514404296875,0.27001953125,0.21270751953125,0.16583251953125,4,688,642,588,534,0.1698777675628662,0.26005011796951294,0.3468097448348999,0.4385198652744293,0.41126084327697754,0.3991359770298004,0.3823704421520233,0.37104400992393494
47,540,0.27593356370925903,0.00020824636158067733,0.35308837890625,0.269287109375,0.21282958984375,0.164794921875,4,688,638,584,535,0.16985103487968445,0.26031267642974854,0.3463793396949768,0.43777158856391907,0.4111458659172058,0.39929765462875366,0.3819523751735687,0.37018853425979614
47,560,0.2756950855255127,0.00020824636158067733,0.3541259765625,0.27044677734375,0.20843505859375,0.1669921875,4,691,638,582,538,0.1696653664112091,0.2606969177722931,0.3447207808494568,0.43867701292037964,0.4108065366744995,0.3998804986476898,0.37999510765075684,0.3710865378379822
47,580,0.27609431743621826,0.00020824636158067733,0.3544921875,0.27288818359375,0.205078125,0.16754150390625,4,688,637,583,536,0.1707943081855774,0.26084455847740173,0.34498000144958496,0.43941256403923035,0.4125356376171112,0.40007662773132324,0.3801579177379608,0.3720795810222626
47,600,0.27587777376174927,0.00020824636158067733,0.35302734375,0.2723388671875,0.2086181640625,0.166015625,4,688,643,584,538,0.16980072855949402,0.26155200600624084,0.3444150388240814,0.43882298469543457,0.4110356569290161,0.4008762836456299,0.37956303358078003,0.37139979004859924
47,620,0.27629077434539795,0.00020824636158067733,0.35382080078125,0.2706298828125,0.2083740234375,0.16717529296875,4,690,641,583,541,0.17078132927417755,0.26065635681152344,0.34534743428230286,0.43883249163627625,0.4123261272907257,0.39957195520401,0.38060933351516724,0.371194452047348
47,640,0.2755657732486725,0.00020824636158067733,0.35565185546875,0.27142333984375,0.20758056640625,0.16534423828125,4,690,640,583,540,0.17058315873146057,0.2606998085975647,0.3448825776576996,0.43876102566719055,0.41210484504699707,0.3997637629508972,0.3800525963306427,0.3711143434047699
47,660,0.27433285117149353,0.00020824636158067733,0.35791015625,0.26953125,0.2109375,0.16162109375,4,693,640,585,536,0.1703971028327942,0.2591645121574402,0.3444618582725525,0.4382665753364563,0.41163042187690735,0.39800283312797546,0.37940701842308044,0.37094295024871826
47,680,0.275296688079834,0.00020824636158067733,0.3560791015625,0.2696533203125,0.20904541015625,0.16522216796875,4,692,641,587,535,0.17025965452194214,0.25966498255729675,0.3442429006099701,0.4399462640285492,0.41157713532447815,0.39831820130348206,0.3793337345123291,0.37299275398254395
47,700,0.2747381925582886,0.00020824636158067733,0.35498046875,0.27227783203125,0.20745849609375,0.165283203125,4,693,639,587,538,0.16930559277534485,0.259042352437973,0.3444109559059143,0.4395824074745178,0.41037750244140625,0.3977207541465759,0.37949585914611816,0.3725226819515228
47,720,0.2744908928871155,0.00020824636158067733,0.3558349609375,0.2735595703125,0.20599365234375,0.16461181640625,4,690,639,583,539,0.16906113922595978,0.2594461143016815,0.3439350426197052,0.4404946267604828,0.4101264476776123,0.39824604988098145,0.37903231382369995,0.3735654056072235
47,740,0.27427005767822266,0.00020824636158067733,0.35711669921875,0.2723388671875,0.20782470703125,0.1627197265625,4,693,639,585,537,0.16939273476600647,0.25929948687553406,0.3446504771709442,0.4396078288555145,0.410708487033844,0.39790838956832886,0.3799726068973541,0.3724902868270874
47,760,0.2743302881717682,0.00020824636158067733,0.35748291015625,0.270263671875,0.20867919921875,0.16357421875,4,691,639,587,536,0.16899925470352173,0.2590738534927368,0.3447887599468231,0.4398459792137146,0.4101986289024353,0.39758193492889404,0.38008323311805725,0.372837632894516
47,780,0.27374064922332764,0.00020824636158067733,0.359375,0.27117919921875,0.20574951171875,0.1636962890625,4,693,638,588,535,0.16860924661159515,0.258918821811676,0.34440580010414124,0.4402785301208496,0.40971091389656067,0.39740481972694397,0.3795611262321472,0.3731236457824707
47,800,0.27388936281204224,0.00020824636158067733,0.358154296875,0.27130126953125,0.20660400390625,0.1639404296875,4,693,641,587,536,0.16882550716400146,0.2587205767631531,0.3444393575191498,0.43961095809936523,0.4097435176372528,0.3973349928855896,0.37938693165779114,0.37240204215049744
47,820,0.2733200490474701,0.00020824636158067733,0.35833740234375,0.2733154296875,0.20440673828125,0.1639404296875,4,691,638,586,538,0.16875268518924713,0.2573842704296112,0.3436495363712311,0.4407593607902527,0.4095308482646942,0.39546138048171997,0.37835726141929626,0.373792439699173
47,840,0.27317315340042114,0.00020824636158067733,0.35797119140625,0.272216796875,0.20672607421875,0.1630859375,4,694,643,586,535,0.1687498390674591,0.2567364573478699,0.3449988067150116,0.43877077102661133,0.4095381498336792,0.3948121666908264,0.3798850178718567,0.3714635372161865
47,860,0.2731362581253052,0.00020824636158067733,0.35821533203125,0.2733154296875,0.2073974609375,0.16107177734375,4,694,642,588,536,0.16879406571388245,0.2572520077228546,0.34551361203193665,0.4389473497867584,0.409818559885025,0.39543843269348145,0.3806076943874359,0.37156158685684204
47,880,0.273529052734375,0.00020824636158067733,0.357666015625,0.271240234375,0.20947265625,0.16162109375,4,695,642,588,539,0.16886946558952332,0.2573455572128296,0.3456908166408539,0.4387727379798889,0.40991073846817017,0.3955201208591461,0.3811075687408447,0.37128180265426636
47,900,0.2730153799057007,0.00020824636158067733,0.35833740234375,0.27178955078125,0.20751953125,0.162353515625,4,695,639,588,541,0.16827480494976044,0.2560161352157593,0.3461819887161255,0.4391289949417114,0.4092174470424652,0.3938693404197693,0.3815474212169647,0.3717053532600403
47,920,0.2736290395259857,0.00020824636158067733,0.35552978515625,0.27142333984375,0.2113037109375,0.1617431640625,4,697,640,587,539,0.16828884184360504,0.25663039088249207,0.3466220796108246,0.4383450150489807,0.40903279185295105,0.3947545289993286,0.38199812173843384,0.370851993560791
47,940,0.2732289433479309,0.00020824636158067733,0.35791015625,0.2708740234375,0.20855712890625,0.16265869140625,4,694,640,589,536,0.1678701788187027,0.2565153241157532,0.34680986404418945,0.4385471045970917,0.40865060687065125,0.3944883942604065,0.3823184072971344,0.37099123001098633
47,960,0.2727550268173218,0.00020824636158067733,0.3592529296875,0.271240234375,0.20819091796875,0.16131591796875,4,694,641,588,535,0.16811157763004303,0.25638848543167114,0.34639477729797363,0.43827879428863525,0.4089463949203491,0.39415472745895386,0.38180381059646606,0.3706679046154022
47,980,0.2724352478981018,0.00020824636158067733,0.35980224609375,0.2705078125,0.20880126953125,0.160888671875,4,695,643,584,543,0.1681039184331894,0.25586652755737305,0.34569084644317627,0.4385424256324768,0.40881016850471497,0.3937276005744934,0.3807387053966522,0.37117090821266174
47,1000,0.27323776483535767,0.00020824636158067733,0.35711669921875,0.26898193359375,0.2132568359375,0.16064453125,4,694,642,587,537,0.16773442924022675,0.25683802366256714,0.3463522791862488,0.4381738305091858,0.40853172540664673,0.3948856294155121,0.3817453682422638,0.37048324942588806
47,1020,0.2726883888244629,0.00020824636158067733,0.35723876953125,0.274169921875,0.207275390625,0.16131591796875,4,695,640,586,539,0.167862206697464,0.25669506192207336,0.3451596796512604,0.4388924241065979,0.4085785746574402,0.39465853571891785,0.3801678717136383,0.3716072142124176
47,1040,0.2718265652656555,0.00020824636158067733,0.36077880859375,0.2703857421875,0.20806884765625,0.1607666015625,4,693,643,586,541,0.16736622154712677,0.25616562366485596,0.3450559973716736,0.43781134486198425,0.40798085927963257,0.39409035444259644,0.37986114621162415,0.3701220452785492
47,1060,0.27214744687080383,0.00020824636158067733,0.35955810546875,0.2701416015625,0.21014404296875,0.16015625,4,694,642,586,542,0.16737759113311768,0.2556772232055664,0.34641125798225403,0.4376986026763916,0.40820619463920593,0.3930513560771942,0.38172832131385803,0.3700049817562103
47,1080,0.27272698283195496,0.00020824636158067733,0.357666015625,0.271728515625,0.20782470703125,0.16278076171875,4,696,642,585,541,0.16737207770347595,0.2562255263328552,0.34619736671447754,0.43796050548553467,0.40802955627441406,0.39394575357437134,0.38137492537498474,0.3702053427696228
47,1100,0.27227699756622314,0.00020824636158067733,0.3587646484375,0.2713623046875,0.20843505859375,0.16143798828125,4,695,641,588,537,0.16753758490085602,0.255992591381073,0.3455120027065277,0.43785789608955383,0.408290296792984,0.3936200439929962,0.38073521852493286,0.3700292408466339
47,1120,0.2720469832420349,0.00020824636158067733,0.35882568359375,0.27056884765625,0.20977783203125,0.16082763671875,4,693,641,587,537,0.16689150035381317,0.255771279335022,0.34560665488243103,0.43809449672698975,0.40747684240341187,0.39334172010421753,0.3802085816860199,0.37051019072532654
47,1140,0.2726474404335022,0.00020824636158067733,0.35723876953125,0.26885986328125,0.213134765625,0.1607666015625,4,697,641,591,540,0.16685941815376282,0.2564348578453064,0.34619054198265076,0.4373328387737274,0.40727224946022034,0.3938036859035492,0.3815452754497528,0.3691812753677368
47,1160,0.27234742045402527,0.00020824636158067733,0.35772705078125,0.27264404296875,0.2086181640625,0.1610107421875,4,694,643,590,540,0.16730307042598724,0.2559257745742798,0.3462686240673065,0.43775954842567444,0.40809643268585205,0.39362359046936035,0.3814181685447693,0.36987775564193726
47,1180,0.27116480469703674,0.00020824636158067733,0.35906982421875,0.2733154296875,0.20654296875,0.16107177734375,4,696,644,587,542,0.166009321808815,0.25533732771873474,0.34532952308654785,0.4373382031917572,0.40631744265556335,0.39283496141433716,0.38027504086494446,0.3695073425769806
47,1200,0.2717641592025757,0.00020824636158067733,0.3585205078125,0.2730712890625,0.2054443359375,0.1629638671875,4,695,642,590,541,0.16633851826190948,0.25603625178337097,0.34529340267181396,0.43735867738723755,0.4067550301551819,0.3935212194919586,0.38020744919776917,0.36918818950653076
47,1220,0.27202197909355164,0.00020824636158067733,0.359130859375,0.27301025390625,0.20697021484375,0.160888671875,4,694,643,589,541,0.16735124588012695,0.25616326928138733,0.34580400586128235,0.4376607835292816,0.40817198157310486,0.3936946988105774,0.3808235228061676,0.36984673142433167
47,1240,0.2717626094818115,0.00020824636158067733,0.360107421875,0.2724609375,0.2054443359375,0.1619873046875,4,695,644,587,538,0.16645239293575287,0.2567822337150574,0.3453470766544342,0.4377451539039612,0.40702903270721436,0.39426925778388977,0.38048726320266724,0.369660347700119
47,1260,0.2721496522426605,0.00020824636158067733,0.35711669921875,0.27252197265625,0.20721435546875,0.16314697265625,4,695,642,587,541,0.16637498140335083,0.25625017285346985,0.3447631299495697,0.43801429867744446,0.4068283438682556,0.39387384057044983,0.37957099080085754,0.3700239956378937
47,1280,0.2723388075828552,0.00020824636158067733,0.3558349609375,0.2728271484375,0.20819091796875,0.16314697265625,4,695,642,588,539,0.1665613055229187,0.2559686303138733,0.3451712429523468,0.4374811351299286,0.4070262610912323,0.39322903752326965,0.3800482451915741,0.36935746669769287
47,1300,0.27152636647224426,0.00020824636158067733,0.35882568359375,0.2720947265625,0.20654296875,0.16253662109375,4,693,644,587,541,0.16603371500968933,0.25586774945259094,0.34485071897506714,0.43745487928390503,0.40634581446647644,0.3933084309101105,0.37967491149902344,0.3694703280925751
47,1320,0.271851122379303,0.00020824636158067733,0.35858154296875,0.27398681640625,0.20574951171875,0.16168212890625,4,696,641,587,537,0.16706638038158417,0.2563381493091583,0.3451928198337555,0.43720167875289917,0.40779268741607666,0.39380717277526855,0.3801330327987671,0.3689650595188141
47,1340,0.27112045884132385,0.00020824636158067733,0.36090087890625,0.27252197265625,0.20623779296875,0.16033935546875,4,696,644,588,538,0.16624172031879425,0.2564171254634857,0.34531083703041077,0.4367501437664032,0.40682536363601685,0.39410415291786194,0.3803548812866211,0.3685171604156494
47,1360,0.27149733901023865,0.00020824636158067733,0.36004638671875,0.2708740234375,0.20855712890625,0.1605224609375,4,696,644,587,541,0.16652901470661163,0.2561452090740204,0.3456578254699707,0.436491459608078,0.4070234000682831,0.3937048316001892,0.380643367767334,0.3680230677127838
47,1380,0.27136796712875366,0.00020824636158067733,0.3570556640625,0.275634765625,0.2073974609375,0.159912109375,4,696,645,587,540,0.16680151224136353,0.25549471378326416,0.34545987844467163,0.4361134171485901,0.4072919189929962,0.39293238520622253,0.3804296851158142,0.36777418851852417
47,1400,0.27099519968032837,0.00020824636158067733,0.3590087890625,0.27398681640625,0.2056884765625,0.16131591796875,4,696,644,583,538,0.16625277698040009,0.25542405247688293,0.34499040246009827,0.4361974000930786,0.40661048889160156,0.39283838868141174,0.37966111302375793,0.3678780496120453
47,1420,0.27105656266212463,0.00020824636158067733,0.3603515625,0.27215576171875,0.20611572265625,0.161376953125,4,696,643,583,536,0.16657720506191254,0.2555694282054901,0.3447435796260834,0.4363599121570587,0.4071044325828552,0.3928290605545044,0.3793550133705139,0.36798715591430664
47,1440,0.2717323303222656,0.00020824636158067733,0.3575439453125,0.27215576171875,0.20928955078125,0.1610107421875,4,695,644,587,542,0.16644233465194702,0.25553226470947266,0.3456064760684967,0.43689918518066406,0.4070581793785095,0.39275074005126953,0.3805963397026062,0.36865055561065674
47,1460,0.2717921733856201,0.00020824636158067733,0.35693359375,0.2738037109375,0.20819091796875,0.16107177734375,4,696,643,586,537,0.16704408824443817,0.25600412487983704,0.3448714017868042,0.436293363571167,0.40757912397384644,0.3933698236942291,0.37975218892097473,0.3679799735546112
47,1480,0.27188926935195923,0.00020824636158067733,0.35736083984375,0.273681640625,0.2078857421875,0.16107177734375,4,693,644,586,538,0.167221337556839,0.2558007538318634,0.34585902094841003,0.43597808480262756,0.4080444574356079,0.39321592450141907,0.3809177577495575,0.36749839782714844
47,1500,0.2702016830444336,0.00020824636158067733,0.36065673828125,0.2734375,0.20587158203125,0.1600341796875,4,695,643,586,534,0.16597068309783936,0.25510817766189575,0.34414175152778625,0.4357699155807495,0.4063932001590729,0.39231568574905396,0.37880346179008484,0.3672378361225128
47,1520,0.27168959379196167,0.00020824636158067733,0.35675048828125,0.27294921875,0.207275390625,0.16302490234375,4,696,642,587,540,0.16638022661209106,0.2555154263973236,0.3445991277694702,0.436520516872406,0.40674176812171936,0.3925916850566864,0.3791123926639557,0.36816197633743286
47,1540,0.2710742652416229,0.00020824636158067733,0.35821533203125,0.27239990234375,0.207763671875,0.16162109375,4,695,642,584,540,0.1666194200515747,0.2545531392097473,0.344359427690506,0.4362240731716156,0.40714871883392334,0.391470730304718,0.378787100315094,0.36786019802093506
47,1560,0.27054423093795776,0.00020824636158067733,0.36090087890625,0.2713623046875,0.20751953125,0.16021728515625,4,695,641,587,541,0.16649514436721802,0.2550022602081299,0.3441357910633087,0.43592727184295654,0.4071616232395172,0.3921191394329071,0.37876713275909424,0.3673468828201294
47,1580,0.27135634422302246,0.00020824636158067733,0.35748291015625,0.27288818359375,0.2080078125,0.16162109375,4,696,642,588,543,0.1665130853652954,0.25543341040611267,0.34394288063049316,0.43672019243240356,0.4070608615875244,0.3924650251865387,0.3785457909107208,0.3684234321117401
47,1600,0.27162814140319824,0.00020824636158067733,0.357177734375,0.2738037109375,0.20611572265625,0.16290283203125,4,696,641,587,544,0.16673916578292847,0.25539377331733704,0.34461480379104614,0.4365442991256714,0.407428503036499,0.3922620713710785,0.37919437885284424,0.36811012029647827
47,1620,0.27139580249786377,0.00020824636158067733,0.35809326171875,0.2716064453125,0.2066650390625,0.16363525390625,4,696,639,583,539,0.16648519039154053,0.25513899326324463,0.34348827600479126,0.43691182136535645,0.4069742262363434,0.39193257689476013,0.37786388397216797,0.3685920834541321
47,1640,0.2712801694869995,0.00020824636158067733,0.35784912109375,0.273193359375,0.2073974609375,0.16156005859375,4,696,642,585,537,0.1662980020046234,0.2557673156261444,0.3442986309528351,0.4363081753253937,0.40689268708229065,0.3930494785308838,0.378889262676239,0.36785823106765747
47,1660,0.27109721302986145,0.00020824636158067733,0.35858154296875,0.271484375,0.20867919921875,0.1612548828125,4,696,643,587,537,0.16662061214447021,0.25505325198173523,0.3445078134536743,0.4354320168495178,0.4072318375110626,0.3921905755996704,0.37891125679016113,0.36680206656455994
47,1680,0.27064037322998047,0.00020824636158067733,0.3590087890625,0.272705078125,0.20611572265625,0.16217041015625,4,696,640,581,538,0.1656942218542099,0.2545981705188751,0.344003826379776,0.4367004632949829,0.4060802161693573,0.39157432317733765,0.3784228265285492,0.3684295117855072
47,1700,0.27084073424339294,0.00020824636158067733,0.35919189453125,0.27166748046875,0.20751953125,0.16162109375,4,696,641,586,538,0.16614562273025513,0.25464925169944763,0.34453192353248596,0.43611618876457214,0.40670761466026306,0.3915477395057678,0.37953388690948486,0.36760932207107544
47,1720,0.2710685431957245,0.00020824636158067733,0.35882568359375,0.27252197265625,0.20709228515625,0.16156005859375,4,696,643,586,534,0.1662944257259369,0.2557277977466583,0.343991756439209,0.4361741542816162,0.4068366587162018,0.39285343885421753,0.3786054253578186,0.367811381816864
47,1740,0.27157583832740784,0.00020824636158067733,0.3580322265625,0.271240234375,0.20855712890625,0.16217041015625,4,697,642,587,538,0.1668422669172287,0.25527116656303406,0.3443373143672943,0.4364982545375824,0.4075057804584503,0.39229533076286316,0.3788871765136719,0.36811158061027527
47,1760,0.27079033851623535,0.00020824636158067733,0.358642578125,0.27337646484375,0.206298828125,0.16168212890625,4,695,640,586,536,0.16606053709983826,0.25490397214889526,0.3441162109375,0.43640196323394775,0.406455934047699,0.3918288052082062,0.37871748208999634,0.3681155741214752
47,1780,0.271281361579895,0.00020824636158067733,0.3565673828125,0.275634765625,0.2060546875,0.1617431640625,4,696,642,586,540,0.16619466245174408,0.25515714287757874,0.34521350264549255,0.4362393021583557,0.4067068099975586,0.3923954367637634,0.38021188974380493,0.3678215742111206
47,1800,0.2700408399105072,0.00020824636158067733,0.36065673828125,0.27301025390625,0.20635986328125,0.15997314453125,4,695,643,588,535,0.16592837870121002,0.25506043434143066,0.34320250153541565,0.43595007061958313,0.40628501772880554,0.39225369691848755,0.37754449248313904,0.3675486445426941
47,1820,0.2712503671646118,0.00020824636158067733,0.3575439453125,0.27337646484375,0.206787109375,0.16229248046875,4,695,641,587,536,0.1662786602973938,0.25548216700553894,0.34400978684425354,0.4363653361797333,0.40681591629981995,0.39260008931159973,0.37852585315704346,0.3678649067878723
47,1840,0.270906925201416,0.00020824636158067733,0.35772705078125,0.272705078125,0.20819091796875,0.161376953125,4,696,642,585,534,0.1665647327899933,0.254593163728714,0.344067245721817,0.43538859486579895,0.40707969665527344,0.3915344178676605,0.3788086473941803,0.3667164146900177
47,1860,0.26997482776641846,0.00020824636158067733,0.3602294921875,0.27294921875,0.20660400390625,0.16021728515625,4,696,641,589,535,0.16598846018314362,0.2548588812351227,0.3431600332260132,0.43515363335609436,0.4064038097858429,0.39205923676490784,0.37752190232276917,0.3665095567703247
47,1880,0.27126023173332214,0.00020824636158067733,0.35955810546875,0.2718505859375,0.2059326171875,0.16265869140625,4,696,642,588,535,0.16619153320789337,0.25555792450904846,0.34395962953567505,0.4377181828022003,0.406909316778183,0.39278051257133484,0.3783542811870575,0.3693976104259491
47,1900,0.27070799469947815,0.00020824636158067733,0.3563232421875,0.27569580078125,0.2081298828125,0.15985107421875,4,695,640,588,535,0.1663072556257248,0.2545338571071625,0.34432464838027954,0.435472309589386,0.4068840444087982,0.3914046287536621,0.3788697421550751,0.3669792413711548
47,1920,0.2707219421863556,0.00020824636158067733,0.357666015625,0.27459716796875,0.20855712890625,0.1591796875,4,696,641,588,537,0.16654664278030396,0.2549959421157837,0.34436994791030884,0.4354317784309387,0.40717005729675293,0.3922906517982483,0.3787327706813812,0.36686569452285767
47,1940,0.27081847190856934,0.00020824636158067733,0.35791015625,0.27392578125,0.20806884765625,0.16009521484375,4,695,638,586,534,0.16596993803977966,0.2555941641330719,0.3447236120700836,0.43521648645401,0.4064633250236511,0.3927137553691864,0.37939125299453735,0.36635714769363403
47,1960,0.27080395817756653,0.00020824636158067733,0.35858154296875,0.27374267578125,0.20709228515625,0.16058349609375,4,695,640,590,534,0.1662837266921997,0.25544750690460205,0.34458985924720764,0.4352185130119324,0.40685397386550903,0.392385870218277,0.37935110926628113,0.3663492500782013
47,1980,0.2711960971355438,0.00020824636158067733,0.357666015625,0.27447509765625,0.20697021484375,0.160888671875,4,695,641,590,537,0.1669015884399414,0.255272775888443,0.34483101963996887,0.4354895055294037,0.40774649381637573,0.3922123908996582,0.3793964982032776,0.3667120039463043
47,2000,0.2706030607223511,0.00020824636158067733,0.35882568359375,0.2716064453125,0.2091064453125,0.16046142578125,4,696,640,588,535,0.1659732162952423,0.25485652685165405,0.3442339301109314,0.4352785050868988,0.40645912289619446,0.3920919597148895,0.3786810636520386,0.3663651943206787
48,0,0.3238520324230194,0.00020824636158067733,0.3463134765625,0.1900634765625,0.28607177734375,0.17755126953125,4,698,619,592,516,0.21184121072292328,0.2888585329055786,0.3948711156845093,0.4653620421886444,0.4462812542915344,0.4299543499946594,0.41155827045440674,0.3809433877468109
48,20,0.29849523305892944,0.00020824636158067733,0.33587646484375,0.2518310546875,0.22540283203125,0.1868896484375,4,689,625,589,532,0.19006961584091187,0.27518218755722046,0.36431822180747986,0.4453831911087036,0.43243083357810974,0.4178713262081146,0.39741384983062744,0.3749334514141083
48,40,0.2909526526927948,0.00020824636158067733,0.31951904296875,0.28277587890625,0.2115478515625,0.1861572265625,4,687,632,584,525,0.1828271597623825,0.2702474594116211,0.35425758361816406,0.4360508322715759,0.42711126804351807,0.4124310314655304,0.3908956050872803,0.3678010404109955
48,60,0.2860878109931946,0.00020824636158067733,0.3302001953125,0.28021240234375,0.21002197265625,0.1795654296875,4,690,624,577,522,0.18032881617546082,0.26860302686691284,0.3504309356212616,0.43259504437446594,0.42452192306518555,0.4097945988178253,0.3874935209751129,0.3639245927333832
48,80,0.28513625264167786,0.00020824636158067733,0.334228515625,0.27606201171875,0.21246337890625,0.17724609375,4,687,627,577,519,0.18014484643936157,0.2678277790546417,0.3494989573955536,0.43292295932769775,0.42396771907806396,0.40897148847579956,0.38653647899627686,0.3642804026603699
48,100,0.28434813022613525,0.00020824636158067733,0.3355712890625,0.27850341796875,0.21051025390625,0.1754150390625,4,681,625,575,520,0.17967268824577332,0.2683188021183014,0.3489488363265991,0.4325177073478699,0.42340409755706787,0.40971580147743225,0.3859061896800995,0.3637208342552185
48,120,0.2844591438770294,0.00020824636158067733,0.335205078125,0.2784423828125,0.20941162109375,0.17694091796875,4,685,627,575,520,0.17918804287910461,0.2679751515388489,0.34923896193504333,0.4331619441509247,0.4226643741130829,0.409262478351593,0.3862864077091217,0.36452049016952515
48,140,0.2857397198677063,0.00020824636158067733,0.3353271484375,0.27374267578125,0.21038818359375,0.1805419921875,4,685,627,579,522,0.17945417761802673,0.2679828107357025,0.34985649585723877,0.4353550672531128,0.42311012744903564,0.4093993008136749,0.3870565593242645,0.3673711121082306
48,160,0.28472641110420227,0.00020824636158067733,0.335205078125,0.27581787109375,0.21142578125,0.17755126953125,4,686,627,579,516,0.17925706505775452,0.26708951592445374,0.3496013283729553,0.4339914321899414,0.42285680770874023,0.4083365499973297,0.3867258131504059,0.36567211151123047
48,180,0.2842312157154083,0.00020824636158067733,0.33416748046875,0.2794189453125,0.2095947265625,0.17681884765625,4,684,624,576,513,0.1786821335554123,0.2676469683647156,0.34936246275901794,0.4327097237110138,0.4220827519893646,0.4087826609611511,0.3864459693431854,0.3640972673892975
48,200,0.28322145342826843,0.00020824636158067733,0.33819580078125,0.27783203125,0.208251953125,0.17572021484375,4,685,625,574,517,0.1780143529176712,0.2668071389198303,0.3499724268913269,0.43254977464675903,0.42141783237457275,0.40769022703170776,0.38724377751350403,0.3639034032821655
48,220,0.2840321958065033,0.00020824636158067733,0.3377685546875,0.2747802734375,0.21160888671875,0.17584228515625,4,687,626,575,519,0.1790415346622467,0.2667716145515442,0.35035863518714905,0.43285951018333435,0.4225674271583557,0.4078329801559448,0.3876904845237732,0.3643280863761902
48,240,0.28463107347488403,0.00020824636158067733,0.3345947265625,0.27655029296875,0.21051025390625,0.1783447265625,4,686,626,579,520,0.17839878797531128,0.2668725848197937,0.351043701171875,0.4330812394618988,0.421781450510025,0.407966673374176,0.3885090947151184,0.36461538076400757
48,260,0.28480198979377747,0.00020824636158067733,0.33526611328125,0.27642822265625,0.2091064453125,0.17919921875,4,685,626,578,522,0.17870432138442993,0.2669316530227661,0.35108333826065063,0.43352460861206055,0.4221953749656677,0.4079769551753998,0.3885742127895355,0.3652500510215759
48,280,0.2838659882545471,0.00020824636158067733,0.338623046875,0.27545166015625,0.207763671875,0.17816162109375,4,686,626,579,519,0.1781872808933258,0.2661895751953125,0.3509332537651062,0.43384283781051636,0.42157959938049316,0.40722140669822693,0.3884385824203491,0.36565178632736206
48,300,0.2836082875728607,0.00020824636158067733,0.33819580078125,0.27850341796875,0.20611572265625,0.17718505859375,4,693,624,578,517,0.177926704287529,0.26670220494270325,0.3506753742694855,0.4338800311088562,0.4213399291038513,0.40799441933631897,0.3880919814109802,0.3656584918498993
48,320,0.2839367389678955,0.00020824636158067733,0.33782958984375,0.278564453125,0.2059326171875,0.17767333984375,4,691,624,574,522,0.17774809896945953,0.2668650150299072,0.35134467482566833,0.43448159098625183,0.4211471378803253,0.40812262892723083,0.38898345828056335,0.3664807379245758
48,340,0.28406357765197754,0.00020824636158067733,0.3353271484375,0.27740478515625,0.2105712890625,0.17669677734375,4,690,623,577,520,0.17787128686904907,0.2663876414299011,0.35101303458213806,0.43355652689933777,0.421112596988678,0.4073416590690613,0.38847362995147705,0.36526867747306824
48,360,0.28462499380111694,0.00020824636158067733,0.335693359375,0.27716064453125,0.20892333984375,0.17822265625,4,691,625,575,524,0.17780832946300507,0.26646190881729126,0.35178425908088684,0.4353386163711548,0.42103326320648193,0.4075069725513458,0.38953325152397156,0.36747267842292786
48,380,0.2841798961162567,0.00020824636158067733,0.33477783203125,0.278076171875,0.21112060546875,0.176025390625,4,689,625,576,522,0.1784660667181015,0.26620325446128845,0.35074561834335327,0.43379539251327515,0.42161059379577637,0.406939834356308,0.3881000280380249,0.36561834812164307
48,400,0.2843424081802368,0.00020824636158067733,0.33636474609375,0.27752685546875,0.2099609375,0.1761474609375,4,692,625,577,518,0.1792151927947998,0.2661118805408478,0.3511162996292114,0.43422064185142517,0.42246323823928833,0.4069887101650238,0.38854390382766724,0.3662070631980896
48,420,0.2841870188713074,0.00020824636158067733,0.33685302734375,0.27655029296875,0.21112060546875,0.17547607421875,4,691,625,578,523,0.1787724792957306,0.2659386694431305,0.3514522314071655,0.434376984834671,0.42200857400894165,0.40677234530448914,0.3889272212982178,0.36636677384376526
48,440,0.28420329093933105,0.00020824636158067733,0.33599853515625,0.2794189453125,0.210693359375,0.17388916015625,4,690,628,580,523,0.17823684215545654,0.26702892780303955,0.3519956171512604,0.4344140589237213,0.4216614067554474,0.40821537375450134,0.38952571153640747,0.36635443568229675
48,460,0.28329187631607056,0.00020824636158067733,0.3402099609375,0.280029296875,0.20709228515625,0.17266845703125,4,690,625,579,531,0.1779804229736328,0.26672834157943726,0.3524549901485443,0.43469855189323425,0.42122456431388855,0.40772292017936707,0.3902724087238312,0.3667697012424469
48,480,0.28323543071746826,0.00020824636158067733,0.34161376953125,0.27972412109375,0.2073974609375,0.1712646484375,4,693,629,579,531,0.1785525679588318,0.26683148741722107,0.3520318865776062,0.4355230927467346,0.4218766987323761,0.40791013836860657,0.38956618309020996,0.3679797947406769
48,500,0.2832513451576233,0.00020824636158067733,0.341796875,0.277099609375,0.20849609375,0.172607421875,4,692,632,577,533,0.17824536561965942,0.2660306692123413,0.35165494680404663,0.436203271150589,0.42139121890068054,0.4069873094558716,0.38886457681655884,0.3688831329345703
48,520,0.283230185508728,0.00020824636158067733,0.34423828125,0.27764892578125,0.20611572265625,0.1719970703125,4,694,635,578,533,0.1781342476606369,0.26724788546562195,0.3514925241470337,0.4375673234462738,0.4214775860309601,0.4085540473461151,0.38846316933631897,0.3705458343029022
48,540,0.28301239013671875,0.00020824636158067733,0.34442138671875,0.27685546875,0.207275390625,0.17144775390625,4,695,635,577,530,0.1778947114944458,0.2671160399913788,0.3511700928211212,0.4374523162841797,0.42083245515823364,0.4080623984336853,0.38813209533691406,0.37049105763435364
48,560,0.2830679416656494,0.00020824636158067733,0.34478759765625,0.27667236328125,0.20849609375,0.1700439453125,4,694,636,579,533,0.17762531340122223,0.26773184537887573,0.35129183530807495,0.43816885352134705,0.42064008116722107,0.40896478295326233,0.3881167471408844,0.3714205324649811
48,580,0.2823376953601837,0.00020824636158067733,0.34521484375,0.27923583984375,0.20599365234375,0.1695556640625,4,692,638,576,528,0.1775125116109848,0.26770639419555664,0.34927400946617126,0.438536137342453,0.42020249366760254,0.40880343317985535,0.3854934871196747,0.37196218967437744
48,600,0.28254204988479614,0.00020824636158067733,0.3472900390625,0.274169921875,0.20849609375,0.1700439453125,4,694,638,578,533,0.1770155131816864,0.26713964343070984,0.34980857372283936,0.44042113423347473,0.41976284980773926,0.4083309471607208,0.385775625705719,0.37419408559799194
48,620,0.281918466091156,0.00020824636158067733,0.34912109375,0.27496337890625,0.20684814453125,0.1690673828125,4,694,639,582,538,0.17643055319786072,0.2671222388744354,0.3493845760822296,0.4412704408168793,0.4191834330558777,0.40828290581703186,0.38536524772644043,0.3754122257232666
48,640,0.28173625469207764,0.00020824636158067733,0.3507080078125,0.273193359375,0.20648193359375,0.16961669921875,4,693,639,582,538,0.17587947845458984,0.2668631672859192,0.34947875142097473,0.4421004056930542,0.4184160530567169,0.4078383147716522,0.3852789103984833,0.37626075744628906
48,660,0.2808392643928528,0.00020824636158067733,0.351806640625,0.27569580078125,0.2041015625,0.16839599609375,4,695,637,576,534,0.1754188984632492,0.2666275203227997,0.34839510917663574,0.4424668848514557,0.4179345965385437,0.4074966013431549,0.3840380012989044,0.3769412636756897
48,680,0.28046536445617676,0.00020824636158067733,0.35137939453125,0.27587890625,0.20538330078125,0.1673583984375,4,695,638,584,536,0.17485174536705017,0.2660556137561798,0.3484755754470825,0.44249850511550903,0.4171530604362488,0.40677109360694885,0.3840838670730591,0.3771255910396576
48,700,0.2811294198036194,0.00020824636158067733,0.3529052734375,0.27325439453125,0.2076416015625,0.16619873046875,4,696,638,586,540,0.1759805679321289,0.26604583859443665,0.3503560721874237,0.44271254539489746,0.4185650050640106,0.40671849250793457,0.38641539216041565,0.37729012966156006
48,720,0.2809183597564697,0.00020824636158067733,0.35174560546875,0.2738037109375,0.2080078125,0.16644287109375,4,697,638,587,539,0.1756247580051422,0.2655068337917328,0.34979671239852905,0.4427100419998169,0.4178451895713806,0.4059070944786072,0.3856341540813446,0.37748539447784424
48,740,0.28035032749176025,0.00020824636158067733,0.3544921875,0.2750244140625,0.20404052734375,0.16644287109375,4,697,637,583,540,0.17472174763679504,0.2663969397544861,0.34993621706962585,0.4430710971355438,0.41700538992881775,0.4072411358356476,0.3858112096786499,0.3777170777320862
48,760,0.28027451038360596,0.00020824636158067733,0.353759765625,0.27398681640625,0.20574951171875,0.16650390625,4,696,639,584,536,0.1747862547636032,0.26552993059158325,0.35017791390419006,0.44228097796440125,0.4169057607650757,0.40593716502189636,0.38606205582618713,0.376884400844574
48,780,0.2802550792694092,0.00020824636158067733,0.35540771484375,0.2716064453125,0.20654296875,0.16644287109375,4,696,642,586,537,0.17495425045490265,0.2655571699142456,0.35041332244873047,0.44202882051467896,0.41716307401657104,0.40559351444244385,0.38654351234436035,0.3764747679233551
48,800,0.27965956926345825,0.00020824636158067733,0.354736328125,0.27313232421875,0.20672607421875,0.1654052734375,4,697,639,589,538,0.17426840960979462,0.2649911940097809,0.3496890366077423,0.4423845112323761,0.4163854122161865,0.40523210167884827,0.3854312002658844,0.37695854902267456
48,820,0.2796977162361145,0.00020824636158067733,0.35321044921875,0.2755126953125,0.2056884765625,0.16558837890625,4,696,639,587,540,0.1737276166677475,0.2651671767234802,0.35020360350608826,0.4423351287841797,0.41566401720046997,0.4053053855895996,0.3864079713821411,0.3769366443157196
48,840,0.2800873816013336,0.00020824636158067733,0.35247802734375,0.27490234375,0.20654296875,0.16607666015625,4,696,642,588,542,0.1740102767944336,0.26535606384277344,0.3497922718524933,0.4429185688495636,0.4158404469490051,0.40557345747947693,0.385917603969574,0.3776077628135681
48,860,0.2803124487400055,0.00020824636158067733,0.3526611328125,0.2760009765625,0.20440673828125,0.16693115234375,4,698,645,586,544,0.17407256364822388,0.26607638597488403,0.34960925579071045,0.44344016909599304,0.416120707988739,0.40641868114471436,0.3859143555164337,0.37831300497055054
48,880,0.2792297303676605,0.00020824636158067733,0.354248046875,0.27618408203125,0.205078125,0.16448974609375,4,699,641,586,545,0.17352347075939178,0.265535831451416,0.34927356243133545,0.44254565238952637,0.41528719663619995,0.4059399366378784,0.38521280884742737,0.3772020936012268
48,900,0.2795380651950836,0.00020824636158067733,0.35418701171875,0.27484130859375,0.20465087890625,0.16632080078125,4,697,641,587,542,0.17317022383213043,0.26576676964759827,0.3496282994747162,0.4425663948059082,0.41475415229797363,0.4059648811817169,0.3857913315296173,0.3771820664405823
48,920,0.2796272039413452,0.00020824636158067733,0.35235595703125,0.27569580078125,0.2066650390625,0.165283203125,4,697,640,584,543,0.17350055277347565,0.2653462290763855,0.3489917516708374,0.4429611563682556,0.41517481207847595,0.4054657220840454,0.3848559856414795,0.3777288496494293
48,940,0.2795223295688629,0.00020824636158067733,0.35260009765625,0.277587890625,0.20465087890625,0.1651611328125,4,699,641,589,541,0.17402827739715576,0.265185683965683,0.3489595353603363,0.44279634952545166,0.4155499041080475,0.40543851256370544,0.38488876819610596,0.3775143325328827
48,960,0.2790863513946533,0.00020824636158067733,0.3538818359375,0.27703857421875,0.20361328125,0.16546630859375,4,698,642,586,541,0.17320947349071503,0.2652294337749481,0.34887608885765076,0.44284588098526,0.4147648811340332,0.4053914248943329,0.38469377160072327,0.37749695777893066
48,980,0.27914685010910034,0.00020824636158067733,0.35552978515625,0.27398681640625,0.20477294921875,0.16571044921875,4,698,644,585,542,0.17322957515716553,0.2650248408317566,0.3493785858154297,0.4429532289505005,0.4150068759918213,0.40515196323394775,0.385409951210022,0.3777095079421997
48,1000,0.27842724323272705,0.00020824636158067733,0.35687255859375,0.2742919921875,0.20343017578125,0.1654052734375,4,697,642,588,542,0.17246870696544647,0.2647742033004761,0.34939801692962646,0.4423943758010864,0.41415345668792725,0.40488260984420776,0.3852413594722748,0.3770536184310913
48,1020,0.2790831923484802,0.00020824636158067733,0.35394287109375,0.275390625,0.20489501953125,0.165771484375,4,698,643,585,542,0.17331382632255554,0.26432427763938904,0.34908178448677063,0.44291356205940247,0.414847195148468,0.404399573802948,0.38489118218421936,0.3776884973049164
48,1040,0.2786349058151245,0.00020824636158067733,0.35711669921875,0.2742919921875,0.20281982421875,0.165771484375,4,699,642,588,541,0.1730227917432785,0.26482850313186646,0.3487232029438019,0.44324421882629395,0.4146560728549957,0.40489277243614197,0.38459789752960205,0.3780626058578491
48,1060,0.2792571783065796,0.00020824636158067733,0.35205078125,0.2763671875,0.20648193359375,0.16510009765625,4,698,641,587,539,0.17331211268901825,0.2643709182739258,0.3490566909313202,0.44279301166534424,0.4146604835987091,0.4044105112552643,0.3847653865814209,0.3775385320186615
48,1080,0.2782807946205139,0.00020824636158067733,0.35723876953125,0.273193359375,0.20416259765625,0.1654052734375,4,700,640,589,540,0.17271466553211212,0.26404374837875366,0.3488289415836334,0.44271624088287354,0.41403335332870483,0.40382662415504456,0.38457319140434265,0.37741217017173767
48,1100,0.2790626287460327,0.00020824636158067733,0.3565673828125,0.2723388671875,0.2049560546875,0.1661376953125,4,699,642,589,542,0.17290101945400238,0.2649996876716614,0.34891462326049805,0.44378793239593506,0.41460123658180237,0.40494635701179504,0.3846817910671234,0.37856730818748474
48,1120,0.278240442276001,0.00020824636158067733,0.35662841796875,0.2750244140625,0.203857421875,0.16448974609375,4,697,644,589,540,0.1723049432039261,0.264321506023407,0.3493247330188751,0.44309309124946594,0.41384750604629517,0.40427955985069275,0.38504642248153687,0.37772175669670105
48,1140,0.2777846157550812,0.00020824636158067733,0.354736328125,0.27734375,0.2041015625,0.163818359375,4,699,644,591,539,0.17157480120658875,0.2638489603996277,0.34940919280052185,0.44212961196899414,0.4128071367740631,0.4038125276565552,0.3851691484451294,0.37662655115127563
48,1160,0.2779525816440582,0.00020824636158067733,0.3555908203125,0.2774658203125,0.2012939453125,0.1656494140625,4,698,643,592,541,0.17177611589431763,0.26392248272895813,0.3488914966583252,0.4431730806827545,0.41318538784980774,0.403836727142334,0.3848210871219635,0.3779226839542389
48,1180,0.27790316939353943,0.00020824636158067733,0.3544921875,0.277099609375,0.20428466796875,0.16412353515625,4,698,643,590,546,0.1714392602443695,0.2642113268375397,0.34914228320121765,0.44230106472969055,0.4126267433166504,0.4040883183479309,0.3848346173763275,0.37672969698905945
48,1200,0.27793368697166443,0.00020824636158067733,0.35369873046875,0.27777099609375,0.2049560546875,0.16357421875,4,698,643,591,541,0.1715390533208847,0.26404884457588196,0.3494725525379181,0.44193339347839355,0.4125695824623108,0.4038102328777313,0.3853536546230316,0.376254677772522
48,1220,0.277833491563797,0.00020824636158067733,0.35357666015625,0.28033447265625,0.20166015625,0.1644287109375,4,699,641,590,544,0.1713230013847351,0.2640484571456909,0.3493225872516632,0.44269251823425293,0.41242900490760803,0.403995543718338,0.3852408528327942,0.3772198259830475
48,1240,0.2775086760520935,0.00020824636158067733,0.35662841796875,0.2757568359375,0.20440673828125,0.1632080078125,4,700,643,591,542,0.1706097275018692,0.26410719752311707,0.3505009412765503,0.4423205852508545,0.41172337532043457,0.40395140647888184,0.3866877555847168,0.376575767993927
48,1260,0.27695363759994507,0.00020824636158067733,0.35675048828125,0.275634765625,0.20513916015625,0.1624755859375,4,700,643,584,537,0.17006918787956238,0.2636862099170685,0.3500347435474396,0.4418785274028778,0.41107386350631714,0.4033702611923218,0.3856710195541382,0.3761483430862427
48,1280,0.27767351269721985,0.00020824636158067733,0.3548583984375,0.2763671875,0.2052001953125,0.16357421875,4,699,642,590,541,0.1701732575893402,0.26370513439178467,0.35057392716407776,0.4430334270000458,0.41117528080940247,0.40355709195137024,0.3866254985332489,0.37745189666748047
48,1300,0.2764906883239746,0.00020824636158067733,0.3575439453125,0.27642822265625,0.203125,0.16290283203125,4,698,639,590,539,0.16952458024024963,0.26335734128952026,0.34999358654022217,0.4418976902961731,0.4105471670627594,0.40276578068733215,0.38581910729408264,0.376229852437973
48,1320,0.27675241231918335,0.00020824636158067733,0.355224609375,0.27899169921875,0.20428466796875,0.1614990234375,4,699,643,590,539,0.16970162093639374,0.2635768949985504,0.3501485288143158,0.4421357214450836,0.41082921624183655,0.4033796787261963,0.3860892653465271,0.37640970945358276
48,1340,0.2770962715148926,0.00020824636158067733,0.35498046875,0.27679443359375,0.2059326171875,0.16229248046875,4,696,640,591,541,0.1699208915233612,0.26325350999832153,0.35054969787597656,0.44192400574684143,0.410817950963974,0.4029117822647095,0.38670405745506287,0.3759876787662506
48,1360,0.27662330865859985,0.00020824636158067733,0.35552978515625,0.27880859375,0.203125,0.16253662109375,4,698,644,589,540,0.16971944272518158,0.2631398141384125,0.35016578435897827,0.4416844844818115,0.41079580783843994,0.4027082622051239,0.38612210750579834,0.3758562207221985
48,1380,0.2771538496017456,0.00020824636158067733,0.35498046875,0.2774658203125,0.2042236328125,0.163330078125,4,699,640,589,542,0.17004549503326416,0.2628121078014374,0.3502458930015564,0.4429141581058502,0.41118764877319336,0.40256673097610474,0.38632306456565857,0.3773075342178345
48,1400,0.2765093445777893,0.00020824636158067733,0.35626220703125,0.2767333984375,0.20343017578125,0.16357421875,4,699,641,589,541,0.1693829447031021,0.26217207312583923,0.35021650791168213,0.44241824746131897,0.4103817641735077,0.4014739394187927,0.3862958550453186,0.37676385045051575
48,1420,0.2768333852291107,0.00020824636158067733,0.3538818359375,0.27630615234375,0.20574951171875,0.1640625,4,698,641,590,540,0.16943088173866272,0.2621740996837616,0.3495062291622162,0.44204989075660706,0.4101635813713074,0.40141943097114563,0.385236531496048,0.3763238787651062
48,1440,0.27638888359069824,0.00020824636158067733,0.35546875,0.2764892578125,0.20452880859375,0.16351318359375,4,697,641,589,542,0.1691119372844696,0.2619587481021881,0.3499884009361267,0.4419424533843994,0.4098932147026062,0.4011509120464325,0.3858819901943207,0.37618258595466614
48,1460,0.27598223090171814,0.00020824636158067733,0.35693359375,0.27716064453125,0.2034912109375,0.16241455078125,4,697,644,586,541,0.1692545861005783,0.2618928849697113,0.3499448895454407,0.44190922379493713,0.41031646728515625,0.4010452628135681,0.38603144884109497,0.3761724829673767
48,1480,0.27596163749694824,0.00020824636158067733,0.35626220703125,0.2786865234375,0.20245361328125,0.16259765625,4,696,643,590,541,0.16900832951068878,0.26174062490463257,0.3501344621181488,0.4423237144947052,0.4099937379360199,0.40106040239334106,0.38617751002311707,0.3766757845878601
48,1500,0.27621325850486755,0.00020824636158067733,0.3564453125,0.27655029296875,0.2037353515625,0.16326904296875,4,696,641,586,542,0.16916081309318542,0.2617437541484833,0.34998732805252075,0.44237765669822693,0.40990394353866577,0.4007730782032013,0.3861691653728485,0.3767767548561096
48,1520,0.27626967430114746,0.00020824636158067733,0.35565185546875,0.2764892578125,0.2047119140625,0.16314697265625,4,699,640,590,543,0.16893334686756134,0.26130229234695435,0.3502083718776703,0.44284680485725403,0.4098469018936157,0.4003678858280182,0.386321485042572,0.3773428797721863
48,1540,0.2753520607948303,0.00020824636158067733,0.35791015625,0.276611328125,0.20257568359375,0.16290283203125,4,699,642,587,537,0.16850554943084717,0.26066672801971436,0.3499314486980438,0.4422959089279175,0.40934252738952637,0.39964598417282104,0.38586416840553284,0.3767305910587311
48,1560,0.2759258449077606,0.00020824636158067733,0.35748291015625,0.27508544921875,0.2037353515625,0.1636962890625,4,697,641,591,540,0.16845311224460602,0.2608581483364105,0.35012727975845337,0.44359681010246277,0.40912848711013794,0.3999621272087097,0.3862234354019165,0.37826475501060486
48,1580,0.2751834988594055,0.00020824636158067733,0.3597412109375,0.274169921875,0.203369140625,0.1627197265625,4,699,642,587,542,0.16875667870044708,0.26074516773223877,0.349497526884079,0.4419209063053131,0.40982696413993835,0.3995670974254608,0.38522496819496155,0.3762148320674896
48,1600,0.27569401264190674,0.00020824636158067733,0.3577880859375,0.27532958984375,0.20361328125,0.16326904296875,4,700,640,587,543,0.16895048320293427,0.2606017589569092,0.3499884605407715,0.44241005182266235,0.4099195897579193,0.39941278100013733,0.38606080412864685,0.37681713700294495
48,1620,0.2759959101676941,0.00020824636158067733,0.35552978515625,0.27862548828125,0.20098876953125,0.16485595703125,4,700,641,590,541,0.1684723198413849,0.2606169283390045,0.35086214542388916,0.44259923696517944,0.4093838930130005,0.3995475769042969,0.38700637221336365,0.37666305899620056
48,1640,0.2759397327899933,0.00020824636158067733,0.3555908203125,0.2772216796875,0.20361328125,0.16357421875,4,699,641,591,540,0.16845959424972534,0.26081228256225586,0.35016748309135437,0.4428294599056244,0.4092366695404053,0.3999553918838501,0.3859943151473999,0.3772115409374237
48,1660,0.2746172547340393,0.00020824636158067733,0.35894775390625,0.27655029296875,0.20379638671875,0.16070556640625,4,701,641,588,536,0.16849978268146515,0.2592867314815521,0.3502662777900696,0.44208675622940063,0.40936601161956787,0.3980650305747986,0.3863646686077118,0.37646540999412537
48,1680,0.2744995355606079,0.00020824636158067733,0.35858154296875,0.27789306640625,0.203125,0.160400390625,4,701,642,589,540,0.16845019161701202,0.2593841552734375,0.35019057989120483,0.4419119358062744,0.4094226360321045,0.3981834650039673,0.38614943623542786,0.37623995542526245
48,1700,0.27500835061073303,0.00020824636158067733,0.35888671875,0.2744140625,0.203369140625,0.163330078125,4,697,639,590,539,0.16810625791549683,0.2588824927806854,0.35058704018592834,0.4428926110267639,0.4085715115070343,0.3973434865474701,0.38685062527656555,0.3772294819355011
48,1720,0.2743663191795349,0.00020824636158067733,0.35821533203125,0.27777099609375,0.20135498046875,0.16265869140625,4,701,643,589,536,0.16808883845806122,0.25918048620224,0.34920015931129456,0.4417121708393097,0.4087446630001068,0.3977140784263611,0.3845909833908081,0.3758179545402527
48,1740,0.27466750144958496,0.00020824636158067733,0.35748291015625,0.27593994140625,0.203369140625,0.1632080078125,4,701,641,589,540,0.16756509244441986,0.25856390595436096,0.34989574551582336,0.4427463710308075,0.408127099275589,0.39712950587272644,0.38592395186424255,0.3770820200443268
48,1760,0.27502304315567017,0.00020824636158067733,0.35797119140625,0.2755126953125,0.20220947265625,0.164306640625,4,698,641,586,538,0.16792139410972595,0.2588978409767151,0.35003215074539185,0.4430895745754242,0.408790647983551,0.39734452962875366,0.3861604630947113,0.3773666024208069
48,1780,0.2750166058540344,0.00020824636158067733,0.3575439453125,0.27593994140625,0.20281982421875,0.1636962890625,4,699,641,588,541,0.1675800383090973,0.25930845737457275,0.3504563868045807,0.4426877498626709,0.4083271026611328,0.3977988362312317,0.38664907217025757,0.3768753111362457
48,1800,0.27603834867477417,0.00020824636158067733,0.35577392578125,0.277099609375,0.20074462890625,0.1663818359375,4,699,642,587,543,0.16813820600509644,0.2598074972629547,0.3506624400615692,0.4437563121318817,0.40886515378952026,0.3984929621219635,0.3867844343185425,0.3778478503227234
48,1820,0.27429401874542236,0.00020824636158067733,0.357666015625,0.2786865234375,0.2008056640625,0.162841796875,4,699,642,590,542,0.16805453598499298,0.25908568501472473,0.34906718134880066,0.44146060943603516,0.4084244668483734,0.3973907232284546,0.3843640089035034,0.37557968497276306
48,1840,0.2740841507911682,0.00020824636158067733,0.3594970703125,0.2779541015625,0.2001953125,0.162353515625,4,699,642,589,539,0.16757966578006744,0.25951841473579407,0.34959876537323,0.4417366683483124,0.40814921259880066,0.3981006443500519,0.38520804047584534,0.37588825821876526
48,1860,0.274372935295105,0.00020824636158067733,0.35699462890625,0.278564453125,0.19976806640625,0.1646728515625,4,700,642,587,542,0.16814817488193512,0.25761762261390686,0.34942349791526794,0.441956102848053,0.40842312574386597,0.3958044946193695,0.384763240814209,0.3759921193122864
48,1880,0.2739485502243042,0.00020824636158067733,0.35870361328125,0.278076171875,0.201171875,0.16204833984375,4,700,643,587,541,0.1681477576494217,0.2583399713039398,0.34874287247657776,0.4420776069164276,0.40874922275543213,0.3966526985168457,0.3839668929576874,0.3764069974422455
48,1900,0.27387863397598267,0.00020824636158067733,0.35986328125,0.27691650390625,0.20013427734375,0.1630859375,4,700,640,588,541,0.16754156351089478,0.25844624638557434,0.3490239679813385,0.4425083100795746,0.4079630672931671,0.3967972695827484,0.38450759649276733,0.3767288327217102
48,1920,0.27444761991500854,0.00020824636158067733,0.3583984375,0.27587890625,0.20208740234375,0.16363525390625,4,701,643,589,541,0.16773565113544464,0.2581965923309326,0.3496818542480469,0.4426560401916504,0.4083176553249359,0.39653828740119934,0.3853490352630615,0.3769344985485077
48,1940,0.2739703953266144,0.00020824636158067733,0.35723876953125,0.27691650390625,0.2025146484375,0.163330078125,4,701,643,587,541,0.16735383868217468,0.2580999732017517,0.34841251373291016,0.44176986813545227,0.40771788358688354,0.39627203345298767,0.38366463780403137,0.37599626183509827
48,1960,0.27299731969833374,0.00020824636158067733,0.35888671875,0.27764892578125,0.20074462890625,0.1627197265625,4,700,643,588,537,0.16661083698272705,0.2579028904438019,0.34783676266670227,0.4410656690597534,0.40670517086982727,0.39617350697517395,0.3827989995479584,0.37506330013275146
48,1980,0.2742931842803955,0.00020824636158067733,0.3565673828125,0.27801513671875,0.2010498046875,0.16436767578125,4,699,643,588,538,0.16718034446239471,0.2580799162387848,0.34966886043548584,0.4418824315071106,0.40738946199417114,0.3964127004146576,0.3852876126766205,0.3759659230709076
48,2000,0.2740113139152527,0.00020824636158067733,0.35784912109375,0.2755126953125,0.202392578125,0.16424560546875,4,698,643,588,538,0.1671653836965561,0.2578454613685608,0.3488081097602844,0.4417499601840973,0.4074752628803253,0.3959980010986328,0.38408786058425903,0.3758021891117096
49,0,0.3266095817089081,0.00020824636158067733,0.3424072265625,0.19195556640625,0.2198486328125,0.24578857421875,4,699,618,591,545,0.21550236642360687,0.28231704235076904,0.3891638517379761,0.46003177762031555,0.4450817406177521,0.4139275550842285,0.4193696677684784,0.3780082166194916
49,20,0.29810070991516113,0.00020824636158067733,0.32427978515625,0.25146484375,0.22052001953125,0.2037353515625,4,695,621,591,528,0.18720637261867523,0.2718357741832733,0.3636206388473511,0.4361082911491394,0.43234309554100037,0.41118690371513367,0.4015406668186188,0.3665209114551544
49,40,0.2821112871170044,0.00020824636158067733,0.3424072265625,0.27618408203125,0.2076416015625,0.17376708984375,4,688,619,579,511,0.1792849898338318,0.2662239670753479,0.35088834166526794,0.42779651284217834,0.4224293828010559,0.40721845626831055,0.38823050260543823,0.35739535093307495
49,60,0.28229373693466187,0.00020824636158067733,0.34173583984375,0.27288818359375,0.208740234375,0.1766357421875,4,689,620,580,519,0.17835751175880432,0.26617950201034546,0.3497217297554016,0.4285900592803955,0.4211106598377228,0.40694689750671387,0.3868958652019501,0.3584258258342743
49,80,0.2843461334705353,0.00020824636158067733,0.33990478515625,0.2711181640625,0.2115478515625,0.17742919921875,4,690,620,579,527,0.17935383319854736,0.267535537481308,0.3517826795578003,0.4307650625705719,0.42289525270462036,0.4088135063648224,0.3893258571624756,0.36124473810195923
49,100,0.2832527756690979,0.00020824636158067733,0.34027099609375,0.27471923828125,0.207275390625,0.177734375,4,693,619,581,524,0.17876853048801422,0.26678141951560974,0.35063880681991577,0.4301601052284241,0.4221274256706238,0.4075459837913513,0.3879913091659546,0.36051297187805176
49,120,0.2824912667274475,0.00020824636158067733,0.343017578125,0.27203369140625,0.20953369140625,0.1754150390625,4,691,619,582,524,0.17902134358882904,0.2650337517261505,0.35041582584381104,0.43075984716415405,0.4222155809402466,0.40551549196243286,0.3876934349536896,0.361418217420578
49,140,0.282082736492157,0.00020824636158067733,0.344482421875,0.27264404296875,0.2098388671875,0.17303466796875,4,694,620,582,521,0.1791224330663681,0.26474493741989136,0.350943386554718,0.4308704733848572,0.4224536716938019,0.405159592628479,0.38824784755706787,0.3615959882736206
49,160,0.282260000705719,0.00020824636158067733,0.341796875,0.274658203125,0.2091064453125,0.1744384765625,4,695,620,582,526,0.17904041707515717,0.2641943395137787,0.3506757915019989,0.430941641330719,0.4222053289413452,0.4043816924095154,0.38791802525520325,0.3617071211338043
49,180,0.28207117319107056,0.00020824636158067733,0.34478759765625,0.271484375,0.209716796875,0.17401123046875,4,696,621,583,525,0.17900477349758148,0.26372992992401123,0.35168108344078064,0.4310098886489868,0.42222294211387634,0.40361589193344116,0.3890432119369507,0.3618113696575165
49,200,0.28203341364860535,0.00020824636158067733,0.34295654296875,0.273193359375,0.20867919921875,0.1751708984375,4,693,619,582,523,0.17839643359184265,0.26355600357055664,0.3507355749607086,0.4319109320640564,0.42125383019447327,0.4033508598804474,0.3879695534706116,0.363008052110672
49,220,0.28212475776672363,0.00020824636158067733,0.3447265625,0.27264404296875,0.2076416015625,0.17498779296875,4,695,618,581,528,0.17903925478458405,0.2630905210971832,0.3509838581085205,0.4331516623497009,0.4221729040145874,0.40278491377830505,0.3882288932800293,0.36469268798828125
49,240,0.28163957595825195,0.00020824636158067733,0.3450927734375,0.27264404296875,0.2078857421875,0.17437744140625,4,690,622,581,529,0.17829139530658722,0.26173707842826843,0.35189345479011536,0.43352973461151123,0.4210895597934723,0.4014914333820343,0.38928279280662537,0.36518722772598267
49,260,0.28149649500846863,0.00020824636158067733,0.3472900390625,0.271240234375,0.20794677734375,0.17352294921875,4,692,620,582,528,0.17804406583309174,0.2614085078239441,0.3534674346446991,0.43369850516319275,0.42083311080932617,0.40053287148475647,0.3913457989692688,0.3654528558254242
49,280,0.2811166048049927,0.00020824636158067733,0.34747314453125,0.2745361328125,0.20709228515625,0.1708984375,4,693,622,585,533,0.17793352901935577,0.26228851079940796,0.3532842695713043,0.43370407819747925,0.42063623666763306,0.40201252698898315,0.391026109457016,0.36540576815605164
49,300,0.28147757053375244,0.00020824636158067733,0.34857177734375,0.2723388671875,0.20819091796875,0.1708984375,4,692,624,584,533,0.17804694175720215,0.2623741924762726,0.3542819023132324,0.4341905415058136,0.42081284523010254,0.40217068791389465,0.3920246660709381,0.36598673462867737
49,320,0.28028595447540283,0.00020824636158067733,0.349365234375,0.2752685546875,0.20635986328125,0.16900634765625,4,692,621,583,530,0.17736859619617462,0.26108577847480774,0.3543163537979126,0.43391379714012146,0.4198821187019348,0.40028050541877747,0.39214810729026794,0.36581385135650635
49,340,0.2812112867832184,0.00020824636158067733,0.34930419921875,0.2720947265625,0.2071533203125,0.17144775390625,4,693,623,582,532,0.17725805938243866,0.26187148690223694,0.3545031249523163,0.43514108657836914,0.41964665055274963,0.4013133645057678,0.3924216628074646,0.36721184849739075
49,360,0.2811426520347595,0.00020824636158067733,0.34979248046875,0.2747802734375,0.20452880859375,0.1708984375,4,696,625,581,531,0.17739726603031158,0.26175743341445923,0.35565057396888733,0.4354861378669739,0.4200797379016876,0.4010634422302246,0.39385417103767395,0.36770159006118774
49,380,0.2803693413734436,0.00020824636158067733,0.3511962890625,0.27374267578125,0.207275390625,0.16778564453125,4,695,627,581,531,0.17736142873764038,0.261965811252594,0.3538932204246521,0.43517476320266724,0.41955795884132385,0.4014952778816223,0.3915221095085144,0.3673996925354004
49,400,0.2800535559654236,0.00020824636158067733,0.3511962890625,0.2747802734375,0.20556640625,0.16845703125,4,694,624,584,531,0.176614448428154,0.26117607951164246,0.3547590672969818,0.4353313148021698,0.4187643826007843,0.3998790979385376,0.39264750480651855,0.36775028705596924
49,420,0.28057944774627686,0.00020824636158067733,0.35064697265625,0.27587890625,0.2044677734375,0.16900634765625,4,695,636,583,532,0.1767989993095398,0.2623600661754608,0.3543977439403534,0.43633216619491577,0.419232577085495,0.4015362858772278,0.39237648248672485,0.368997186422348
49,440,0.27967652678489685,0.00020824636158067733,0.35223388671875,0.27313232421875,0.20684814453125,0.16778564453125,4,693,630,586,531,0.1759313941001892,0.26157620549201965,0.3539803624153137,0.43533167243003845,0.4177832305431366,0.40073031187057495,0.3916918933391571,0.3676817715167999
49,460,0.28018295764923096,0.00020824636158067733,0.3521728515625,0.2728271484375,0.206298828125,0.168701171875,4,694,632,584,533,0.176203653216362,0.261656254529953,0.35405391454696655,0.4368728697299957,0.41819071769714355,0.4008883237838745,0.39182212948799133,0.36970558762550354
49,480,0.28020477294921875,0.00020824636158067733,0.35150146484375,0.2760009765625,0.20404052734375,0.16845703125,4,697,630,586,533,0.17637377977371216,0.26232782006263733,0.3541133403778076,0.43662723898887634,0.4186353087425232,0.4011777341365814,0.3920246660709381,0.3695206344127655
49,500,0.27981245517730713,0.00020824636158067733,0.35540771484375,0.27362060546875,0.2034912109375,0.16748046875,4,697,634,585,531,0.17561456561088562,0.26358261704444885,0.35431569814682007,0.4369221329689026,0.4179668426513672,0.40354031324386597,0.39231589436531067,0.36961251497268677
49,520,0.27991998195648193,0.00020824636158067733,0.35333251953125,0.27471923828125,0.2042236328125,0.167724609375,4,699,632,585,535,0.17578761279582977,0.26297053694725037,0.3539285361766815,0.4369356334209442,0.4179275631904602,0.4022001624107361,0.39180445671081543,0.3698270618915558
49,540,0.2794826626777649,0.00020824636158067733,0.35455322265625,0.275634765625,0.20220947265625,0.1676025390625,4,698,630,584,538,0.1752198040485382,0.26320815086364746,0.35419678688049316,0.4366678297519684,0.41707855463027954,0.4025338590145111,0.39212530851364136,0.36950838565826416
49,560,0.2796812057495117,0.00020824636158067733,0.354736328125,0.27545166015625,0.2034912109375,0.16632080078125,4,697,636,586,535,0.17510081827640533,0.2640987038612366,0.35450756549835205,0.4369928240776062,0.417061448097229,0.40402674674987793,0.3925781548023224,0.36979320645332336
49,580,0.2802782654762268,0.00020824636158067733,0.35186767578125,0.27679443359375,0.20355224609375,0.16778564453125,4,696,635,587,535,0.175007626414299,0.2638835310935974,0.3555136024951935,0.43681713938713074,0.4167373776435852,0.4036995768547058,0.39375171065330505,0.3696306049823761
49,600,0.2802666127681732,0.00020824636158067733,0.35345458984375,0.27508544921875,0.203125,0.1683349609375,4,697,639,587,538,0.17507438361644745,0.2637622356414795,0.3554423153400421,0.43739819526672363,0.41697725653648376,0.40342551469802856,0.39372894167900085,0.37037116289138794
49,620,0.27970847487449646,0.00020824636158067733,0.35528564453125,0.27484130859375,0.2032470703125,0.1666259765625,4,700,638,589,534,0.17422308027744293,0.2646685540676117,0.35534152388572693,0.437179833650589,0.4159668982028961,0.4051312804222107,0.39363494515419006,0.37004604935646057
49,640,0.28021544218063354,0.00020824636158067733,0.3538818359375,0.27532958984375,0.20367431640625,0.1671142578125,4,699,638,588,532,0.17464041709899902,0.2652767300605774,0.35522928833961487,0.43696892261505127,0.416509747505188,0.40538665652275085,0.39342451095581055,0.36984166502952576
49,660,0.27996110916137695,0.00020824636158067733,0.35491943359375,0.2750244140625,0.2025146484375,0.16754150390625,4,700,639,584,537,0.17464859783649445,0.26545488834381104,0.3545414209365845,0.43671879172325134,0.41641712188720703,0.40500444173812866,0.3925500512123108,0.36955180764198303
49,680,0.2801980972290039,0.00020824636158067733,0.35394287109375,0.275634765625,0.20257568359375,0.1678466796875,4,700,639,585,534,0.17442864179611206,0.2659051716327667,0.35432955622673035,0.4372387230396271,0.4159916341304779,0.4061901569366455,0.3922758400440216,0.37003812193870544
49,700,0.2793438732624054,0.00020824636158067733,0.35540771484375,0.27569580078125,0.20330810546875,0.16558837890625,4,699,640,587,536,0.17372801899909973,0.2658919095993042,0.3546285927295685,0.43599358201026917,0.41508370637893677,0.4055165946483612,0.3926965892314911,0.3686739504337311
49,720,0.2803170680999756,0.00020824636158067733,0.354736328125,0.2742919921875,0.20501708984375,0.16595458984375,4,701,639,590,539,0.17389647662639618,0.26737138628959656,0.3554288446903229,0.43640169501304626,0.4154503643512726,0.4079458713531494,0.39363348484039307,0.3689913749694824
49,740,0.2793387472629547,0.00020824636158067733,0.35687255859375,0.27410888671875,0.20361328125,0.1654052734375,4,698,642,584,539,0.17322561144828796,0.2666480243206024,0.354685515165329,0.43656405806541443,0.41451898217201233,0.4071628451347351,0.39282554388046265,0.36927902698516846
49,760,0.2799700200557709,0.00020824636158067733,0.35455322265625,0.27618408203125,0.20355224609375,0.16571044921875,4,701,641,586,538,0.17344415187835693,0.2674006521701813,0.354696124792099,0.43705055117607117,0.4149045944213867,0.40819627046585083,0.3928373157978058,0.3697831928730011
49,780,0.2792428731918335,0.00020824636158067733,0.3551025390625,0.27642822265625,0.20361328125,0.16485595703125,4,699,642,587,534,0.17256252467632294,0.2670898139476776,0.35479509830474854,0.4360978901386261,0.41372042894363403,0.4075809121131897,0.39288899302482605,0.3687319755554199
49,800,0.27970805764198303,0.00020824636158067733,0.35430908203125,0.275390625,0.20379638671875,0.16650390625,4,700,644,584,536,0.17306703329086304,0.26665687561035156,0.3544377088546753,0.43675199151039124,0.41418132185935974,0.4067972004413605,0.39250266551971436,0.3695731461048126
49,820,0.27928000688552856,0.00020824636158067733,0.35736083984375,0.271240234375,0.205810546875,0.16558837890625,4,700,644,589,538,0.17284084856510162,0.266643762588501,0.3549571633338928,0.4356285333633423,0.4142114818096161,0.40679100155830383,0.39314597845077515,0.36807340383529663
49,840,0.27925294637680054,0.00020824636158067733,0.35675048828125,0.271728515625,0.2060546875,0.16546630859375,4,700,642,586,536,0.17308145761489868,0.26608699560165405,0.354764461517334,0.43574872612953186,0.4141606390476227,0.40621957182884216,0.39281409978866577,0.36827683448791504
49,860,0.2785039246082306,0.00020824636158067733,0.358154296875,0.2728271484375,0.204833984375,0.1641845703125,4,699,642,586,540,0.1726808398962021,0.2653404176235199,0.35475173592567444,0.43609619140625,0.413944810628891,0.4052945375442505,0.3928895592689514,0.3687550127506256
49,880,0.279327929019928,0.00020824636158067733,0.3560791015625,0.2733154296875,0.2032470703125,0.1673583984375,4,700,643,587,538,0.17298035323619843,0.26561424136161804,0.3543904721736908,0.4368347227573395,0.4141843318939209,0.40560993552207947,0.3924189805984497,0.3696587383747101
49,900,0.2793683409690857,0.00020824636158067733,0.35601806640625,0.27410888671875,0.20428466796875,0.16558837890625,4,700,640,584,541,0.17331258952617645,0.26563751697540283,0.3548920750617981,0.43694695830345154,0.4148422181606293,0.4056653082370758,0.3930356502532959,0.3698224723339081
49,920,0.279443621635437,0.00020824636158067733,0.35504150390625,0.273193359375,0.20501708984375,0.166748046875,4,699,642,586,536,0.17251740396022797,0.265796422958374,0.3555935323238373,0.43584445118904114,0.4136156439781189,0.40578246116638184,0.39392992854118347,0.36838510632514954
49,940,0.2791113257408142,0.00020824636158067733,0.35626220703125,0.2711181640625,0.20660400390625,0.166015625,4,701,641,585,537,0.1728026419878006,0.26483553647994995,0.3552697002887726,0.43578073382377625,0.4139004349708557,0.40470510721206665,0.393561989068985,0.3682612180709839
49,960,0.27879273891448975,0.00020824636158067733,0.356689453125,0.27252197265625,0.20428466796875,0.16650390625,4,701,641,581,536,0.17268045246601105,0.26500293612480164,0.3546651303768158,0.4355914294719696,0.4138185977935791,0.4048728048801422,0.3927202820777893,0.36802008748054504
49,980,0.27877289056777954,0.00020824636158067733,0.35504150390625,0.27490234375,0.20477294921875,0.165283203125,4,700,644,584,537,0.17237535119056702,0.26511362195014954,0.3548102378845215,0.43583735823631287,0.4134717285633087,0.4053797423839569,0.39288079738616943,0.3682824671268463
49,1000,0.2790282368659973,0.00020824636158067733,0.3572998046875,0.27093505859375,0.20587158203125,0.1658935546875,4,698,643,583,539,0.17296352982521057,0.2651277184486389,0.3550572693347931,0.43582049012184143,0.4143606126308441,0.4051497280597687,0.3931686580181122,0.36826685070991516
49,1020,0.27885639667510986,0.00020824636158067733,0.3558349609375,0.271728515625,0.20599365234375,0.16644287109375,4,698,642,581,538,0.17233119904994965,0.26505011320114136,0.3541873097419739,0.43590283393859863,0.41332802176475525,0.4047453701496124,0.39212682843208313,0.36842453479766846
49,1040,0.2788997292518616,0.00020824636158067733,0.3564453125,0.2713623046875,0.2066650390625,0.16552734375,4,699,644,582,541,0.1727229803800583,0.2651563882827759,0.35432079434394836,0.43590548634529114,0.41401007771492004,0.40494003891944885,0.3922378718852997,0.36838382482528687
49,1060,0.27866244316101074,0.00020824636158067733,0.357666015625,0.271484375,0.20611572265625,0.16473388671875,4,700,645,584,535,0.17251046001911163,0.26517677307128906,0.3549439013004303,0.4359177052974701,0.41385552287101746,0.40516921877861023,0.3930934965610504,0.36837270855903625
49,1080,0.2786504030227661,0.00020824636158067733,0.355712890625,0.27227783203125,0.2073974609375,0.16461181640625,4,697,643,585,540,0.1719159036874771,0.2653927206993103,0.35473504662513733,0.4353635609149933,0.41302353143692017,0.4053214490413666,0.39288628101348877,0.36762064695358276
49,1100,0.2785840928554535,0.00020824636158067733,0.354736328125,0.2730712890625,0.206298828125,0.1658935546875,4,699,646,583,537,0.1718066930770874,0.2650713622570038,0.35416632890701294,0.4351617991924286,0.412847101688385,0.40502920746803284,0.3920946419239044,0.3672814667224884
49,1120,0.2779306471347809,0.00020824636158067733,0.356201171875,0.2730712890625,0.20745849609375,0.16326904296875,4,700,646,584,538,0.1721695363521576,0.2642233073711395,0.35356056690216064,0.4354942739009857,0.41308632493019104,0.40422266721725464,0.39129847288131714,0.3677818179130554
49,1140,0.2788366973400116,0.00020824636158067733,0.35699462890625,0.2718505859375,0.2064208984375,0.16473388671875,4,698,646,581,543,0.17248572409152985,0.26562073826789856,0.35483184456825256,0.43589305877685547,0.413983017206192,0.40549758076667786,0.39286595582962036,0.3682805299758911
49,1160,0.27761176228523254,0.00020824636158067733,0.3577880859375,0.2728271484375,0.20709228515625,0.16229248046875,4,699,642,582,534,0.17251461744308472,0.2641950845718384,0.35322362184524536,0.43537819385528564,0.4136884808540344,0.4039747714996338,0.39092737436294556,0.36771246790885925
49,1180,0.27817317843437195,0.00020824636158067733,0.35595703125,0.27398681640625,0.205322265625,0.16473388671875,4,698,644,580,539,0.1717367172241211,0.26500406861305237,0.3539449870586395,0.4356229901313782,0.41274625062942505,0.40487906336784363,0.39189693331718445,0.3678206205368042
49,1200,0.2776596248149872,0.00020824636158067733,0.35748291015625,0.27227783203125,0.20751953125,0.1627197265625,4,698,643,586,537,0.1722376048564911,0.2637603282928467,0.35381901264190674,0.4353938400745392,0.41339635848999023,0.4035455882549286,0.3915873169898987,0.3676849901676178
49,1220,0.27727463841438293,0.00020824636158067733,0.35791015625,0.2718505859375,0.20782470703125,0.16241455078125,4,699,645,582,537,0.17203779518604279,0.2637185752391815,0.35269948840141296,0.4353601634502411,0.4130750298500061,0.40326303243637085,0.39021167159080505,0.36769339442253113
49,1240,0.2776355743408203,0.00020824636158067733,0.35784912109375,0.2723388671875,0.2064208984375,0.16339111328125,4,697,645,583,537,0.17224128544330597,0.26440346240997314,0.35274988412857056,0.43562281131744385,0.4135143756866455,0.40422430634498596,0.39028048515319824,0.3679807186126709
49,1260,0.27708297967910767,0.00020824636158067733,0.35931396484375,0.271728515625,0.206298828125,0.16265869140625,4,697,644,584,535,0.17208965122699738,0.264078825712204,0.35294070839881897,0.434528112411499,0.41332823038101196,0.40349283814430237,0.3905273377895355,0.36653950810432434
49,1280,0.2772214710712433,0.00020824636158067733,0.35595703125,0.2725830078125,0.20916748046875,0.16229248046875,4,697,644,584,536,0.17150717973709106,0.2632056772708893,0.35272276401519775,0.43531742691993713,0.41238653659820557,0.4026698172092438,0.39016929268836975,0.3676961362361908
49,1300,0.2777485251426697,0.00020824636158067733,0.35467529296875,0.2740478515625,0.20782470703125,0.1634521484375,4,698,645,585,538,0.1716606318950653,0.264220267534256,0.3525370955467224,0.4355393052101135,0.41267818212509155,0.4039323329925537,0.39002126455307007,0.36780232191085815
49,1320,0.27714860439300537,0.00020824636158067733,0.35552978515625,0.27349853515625,0.20831298828125,0.16265869140625,4,697,643,585,536,0.17124757170677185,0.26378434896469116,0.3522178530693054,0.43495258688926697,0.4122266173362732,0.40333428978919983,0.3895598351955414,0.36711087822914124
49,1340,0.27730584144592285,0.00020824636158067733,0.3558349609375,0.2730712890625,0.20758056640625,0.16351318359375,4,699,643,586,539,0.17130976915359497,0.263931006193161,0.3519802391529083,0.43550992012023926,0.4123207628726959,0.40355759859085083,0.38916414976119995,0.36773064732551575
49,1360,0.27748098969459534,0.00020824636158067733,0.3548583984375,0.2735595703125,0.20953369140625,0.16204833984375,4,697,645,585,534,0.17147445678710938,0.2640048861503601,0.35256442427635193,0.43528157472610474,0.41254058480262756,0.40324848890304565,0.39000141620635986,0.3675561547279358
49,1380,0.2773534059524536,0.00020824636158067733,0.3538818359375,0.27691650390625,0.20648193359375,0.1627197265625,4,697,645,587,534,0.17104485630989075,0.26441487669944763,0.3529682457447052,0.43462052941322327,0.41209226846694946,0.4042573571205139,0.39040663838386536,0.36658304929733276
49,1400,0.2774546146392822,0.00020824636158067733,0.35321044921875,0.2764892578125,0.2071533203125,0.16314697265625,4,698,645,587,534,0.17104598879814148,0.26379072666168213,0.352969229221344,0.43510061502456665,0.41201093792915344,0.4032086730003357,0.39047083258628845,0.3672119975090027
49,1420,0.2776429057121277,0.00020824636158067733,0.3551025390625,0.27203369140625,0.20892333984375,0.1639404296875,4,697,645,584,542,0.17128655314445496,0.26295268535614014,0.3523663282394409,0.4371653199195862,0.4122808575630188,0.40242379903793335,0.3898012936115265,0.3698785901069641
49,1440,0.2774350643157959,0.00020824636158067733,0.35565185546875,0.27276611328125,0.2093505859375,0.1622314453125,4,697,644,588,540,0.17110049724578857,0.26361653208732605,0.35347431898117065,0.43565627932548523,0.412178099155426,0.4029383063316345,0.39103636145591736,0.367958664894104
49,1460,0.27708500623703003,0.00020824636158067733,0.35357666015625,0.2750244140625,0.2103271484375,0.16107177734375,4,697,645,588,535,0.17094899713993073,0.2629598081111908,0.3525417447090149,0.4356563985347748,0.4118148982524872,0.4025096893310547,0.38982224464416504,0.3681308925151825
49,1480,0.2771291732788086,0.00020824636158067733,0.3543701171875,0.2744140625,0.2093505859375,0.161865234375,4,699,645,585,539,0.17146208882331848,0.2628677189350128,0.352531760931015,0.43511995673179626,0.41250738501548767,0.4020580053329468,0.3898540437221527,0.36734986305236816
49,1500,0.27688437700271606,0.00020824636158067733,0.3544921875,0.27459716796875,0.2081298828125,0.16278076171875,4,698,645,588,538,0.17074914276599884,0.2629099488258362,0.3522595167160034,0.4352179169654846,0.4117046296596527,0.40226972103118896,0.38964444398880005,0.3673824369907379
49,1520,0.277336448431015,0.00020824636158067733,0.35272216796875,0.2742919921875,0.209716796875,0.16326904296875,4,695,645,588,537,0.17064955830574036,0.26297956705093384,0.3523339331150055,0.4356063902378082,0.41146621108055115,0.4024590253829956,0.3895874321460724,0.36787745356559753
49,1540,0.27733731269836426,0.00020824636158067733,0.3526611328125,0.2734375,0.20965576171875,0.16424560546875,4,699,642,583,538,0.1708088219165802,0.2624501585960388,0.3516480326652527,0.43599894642829895,0.41149231791496277,0.4015498757362366,0.3886331617832184,0.36845430731773376
49,1560,0.27633747458457947,0.00020824636158067733,0.35479736328125,0.2734375,0.210693359375,0.16107177734375,4,699,642,583,538,0.1701069176197052,0.2620850205421448,0.3518906533718109,0.435700923204422,0.41085606813430786,0.4010966718196869,0.38893112540245056,0.3682285249233246
49,1580,0.2768650949001312,0.00020824636158067733,0.35540771484375,0.27288818359375,0.209228515625,0.1624755859375,4,701,646,583,540,0.1709233671426773,0.26253026723861694,0.3522131145000458,0.43565428256988525,0.4120609164237976,0.40201449394226074,0.3893672823905945,0.3679705858230591
49,1600,0.2771894037723541,0.00020824636158067733,0.35308837890625,0.2747802734375,0.20819091796875,0.1639404296875,4,699,643,584,536,0.17015817761421204,0.263019859790802,0.3525426685810089,0.4357660710811615,0.411032110452652,0.402416467666626,0.3898892402648926,0.3680177330970764
49,1620,0.27651259303092957,0.00020824636158067733,0.35369873046875,0.27471923828125,0.2078857421875,0.1636962890625,4,699,644,582,541,0.16998794674873352,0.26247772574424744,0.3510631024837494,0.43555888533592224,0.4105715751647949,0.4017452597618103,0.3880396783351898,0.3679320812225342
49,1640,0.2762776017189026,0.00020824636158067733,0.35302734375,0.27679443359375,0.20831298828125,0.161865234375,4,700,643,584,538,0.1695338487625122,0.26214590668678284,0.35211291909217834,0.43565425276756287,0.4103045165538788,0.40160486102104187,0.3892500400543213,0.36811837553977966
49,1660,0.27699124813079834,0.00020824636158067733,0.3531494140625,0.2740478515625,0.209716796875,0.1630859375,4,696,642,588,538,0.16960836946964264,0.2627624273300171,0.3528182804584503,0.4359220266342163,0.4103775918483734,0.4023212194442749,0.390092670917511,0.36830803751945496
49,1680,0.2758027911186218,0.00020824636158067733,0.35394287109375,0.27569580078125,0.2098388671875,0.1605224609375,4,698,643,588,540,0.16942554712295532,0.2617672085762024,0.35151928663253784,0.43548616766929626,0.4099626839160919,0.40113627910614014,0.3885519802570343,0.36797308921813965
49,1700,0.2760361135005951,0.00020824636158067733,0.35467529296875,0.2752685546875,0.2086181640625,0.16143798828125,4,698,643,586,540,0.1698157638311386,0.2622922360897064,0.351468563079834,0.4353567659854889,0.4107142686843872,0.4016376733779907,0.3885805904865265,0.3677018880844116
49,1720,0.27596426010131836,0.00020824636158067733,0.3553466796875,0.2735595703125,0.2100830078125,0.1610107421875,4,698,644,584,542,0.1697172224521637,0.2621428370475769,0.35143953561782837,0.435452938079834,0.41063109040260315,0.4013913571834564,0.38845813274383545,0.36779263615608215
49,1740,0.2763504981994629,0.00020824636158067733,0.35479736328125,0.2747802734375,0.208984375,0.16143798828125,4,697,643,585,539,0.16974179446697235,0.26263129711151123,0.35227954387664795,0.4357072412967682,0.4107356667518616,0.40213513374328613,0.3895409405231476,0.36811375617980957
49,1760,0.2762563228607178,0.00020824636158067733,0.3536376953125,0.27410888671875,0.20880126953125,0.1634521484375,4,700,643,584,538,0.16972869634628296,0.26216036081314087,0.3511655330657959,0.43468108773231506,0.4105994999408722,0.40141353011131287,0.3881392776966095,0.36671021580696106
49,1780,0.27690988779067993,0.00020824636158067733,0.3514404296875,0.27630615234375,0.208740234375,0.16351318359375,4,697,645,586,538,0.16979733109474182,0.2622068524360657,0.3520219326019287,0.43608546257019043,0.41059741377830505,0.40157178044319153,0.3892427682876587,0.3685411214828491
49,1800,0.27661046385765076,0.00020824636158067733,0.3526611328125,0.27569580078125,0.20831298828125,0.163330078125,4,698,645,587,540,0.16954924166202545,0.26231932640075684,0.35197675228118896,0.43577641248703003,0.410285621881485,0.40141674876213074,0.389260858297348,0.36820924282073975
49,1820,0.27586954832077026,0.00020824636158067733,0.354736328125,0.2763671875,0.20635986328125,0.16253662109375,4,699,643,584,537,0.16953791677951813,0.26159530878067017,0.35152915120124817,0.4361504912376404,0.4104372560977936,0.40102052688598633,0.3885405957698822,0.36873576045036316
49,1840,0.27627435326576233,0.00020824636158067733,0.3524169921875,0.2763671875,0.21026611328125,0.16094970703125,4,699,644,588,537,0.16943183541297913,0.2620161771774292,0.3519324064254761,0.435860276222229,0.4102124571800232,0.4012550413608551,0.38901180028915405,0.36836493015289307
49,1860,0.27555418014526367,0.00020824636158067733,0.3543701171875,0.2757568359375,0.2099609375,0.159912109375,4,699,642,588,538,0.16940715909004211,0.26100611686706543,0.3518470823764801,0.4356953501701355,0.4102160930633545,0.40014880895614624,0.38895678520202637,0.3681994080543518
49,1880,0.27561521530151367,0.00020824636158067733,0.3529052734375,0.27850341796875,0.20806884765625,0.1605224609375,4,700,644,585,535,0.16926254332065582,0.2613869607448578,0.3515630066394806,0.43567177653312683,0.4099857807159424,0.40070298314094543,0.38859349489212036,0.3681454360485077
49,1900,0.2752816677093506,0.00020824636158067733,0.35467529296875,0.27716064453125,0.20721435546875,0.16094970703125,4,698,644,585,538,0.16914403438568115,0.26100632548332214,0.3511519432067871,0.4360744059085846,0.40975528955459595,0.4002608060836792,0.38802966475486755,0.36866524815559387
49,1920,0.27579352259635925,0.00020824636158067733,0.35333251953125,0.2755126953125,0.210693359375,0.16046142578125,4,700,641,589,537,0.16933536529541016,0.26111263036727905,0.351893812417984,0.4354957938194275,0.4099224805831909,0.4001806080341339,0.3889203667640686,0.36780595779418945
49,1940,0.27615886926651,0.00020824636158067733,0.353271484375,0.27587890625,0.208740234375,0.162109375,4,699,642,588,539,0.16966612637043,0.2609093487262726,0.3518114984035492,0.4367671608924866,0.4105542302131653,0.39997413754463196,0.3887019455432892,0.369465708732605
49,1960,0.27581530809402466,0.00020824636158067733,0.35321044921875,0.27655029296875,0.2098388671875,0.160400390625,4,698,646,589,535,0.16907170414924622,0.26139041781425476,0.3518635928630829,0.4362528622150421,0.40969422459602356,0.40087008476257324,0.3889760673046112,0.36874356865882874
49,1980,0.2753828465938568,0.00020824636158067733,0.354736328125,0.2733154296875,0.20977783203125,0.16217041015625,4,698,644,588,536,0.16898886859416962,0.26092252135276794,0.351010262966156,0.43465420603752136,0.40951773524284363,0.39986902475357056,0.38791707158088684,0.3667389154434204
49,2000,0.2755557596683502,0.00020824636158067733,0.3529052734375,0.27703857421875,0.2091064453125,0.16094970703125,4,699,644,587,537,0.16845820844173431,0.26198646426200867,0.3511190414428711,0.435566782951355,0.40892475843429565,0.4014153778553009,0.3880738914012909,0.36782121658325195
50,0,0.3135272264480591,0.00020824636158067733,0.35595703125,0.1644287109375,0.40765380859375,0.07196044921875,4,693,580,594,427,0.1979534775018692,0.2814353406429291,0.4034694731235504,0.44902947545051575,0.4423416256904602,0.400543212890625,0.39433804154396057,0.3626345098018646
50,20,0.2909398078918457,0.00020824636158067733,0.35223388671875,0.2247314453125,0.31561279296875,0.107421875,4,690,625,597,484,0.18855133652687073,0.26956257224082947,0.36910951137542725,0.44172364473342896,0.43411916494369507,0.40466034412384033,0.397805392742157,0.3653726279735565
50,40,0.2830624580383301,0.00020824636158067733,0.35223388671875,0.2559814453125,0.243896484375,0.14788818359375,4,695,629,582,516,0.18388064205646515,0.264946848154068,0.3522527813911438,0.436537504196167,0.4280482232570648,0.4060473144054413,0.3894290626049042,0.36603274941444397
50,60,0.2839149534702301,0.00020824636158067733,0.33941650390625,0.2745361328125,0.2130126953125,0.17303466796875,4,694,629,567,525,0.18132784962654114,0.26389649510383606,0.34958818554878235,0.43605971336364746,0.425062894821167,0.40453392267227173,0.3866751194000244,0.3685743808746338
50,80,0.28452473878860474,0.00020824636158067733,0.33367919921875,0.27978515625,0.208984375,0.17755126953125,4,693,630,566,529,0.18057939410209656,0.26412373781204224,0.3486997187137604,0.4364849925041199,0.424164742231369,0.40473130345344543,0.38541072607040405,0.36925140023231506
50,100,0.2844272553920746,0.00020824636158067733,0.33502197265625,0.27423095703125,0.21282958984375,0.17791748046875,4,686,629,568,525,0.17980320751667023,0.2641085386276245,0.3485839366912842,0.4360084533691406,0.42306846380233765,0.40469932556152344,0.3852055072784424,0.3685002326965332
50,120,0.2833041846752167,0.00020824636158067733,0.337158203125,0.2755126953125,0.21234130859375,0.17498779296875,4,688,629,571,528,0.17862051725387573,0.263949453830719,0.34863945841789246,0.4361950755119324,0.4218437969684601,0.4045552611351013,0.38537395000457764,0.3688637614250183
50,140,0.2841145098209381,0.00020824636158067733,0.33843994140625,0.271728515625,0.21331787109375,0.176513671875,4,692,635,572,527,0.1793494075536728,0.2651333808898926,0.34836897253990173,0.43655475974082947,0.42298004031181335,0.40572792291641235,0.3850157856941223,0.3693082630634308
50,160,0.2826227843761444,0.00020824636158067733,0.33721923828125,0.27716064453125,0.21063232421875,0.17498779296875,4,689,629,571,525,0.17740589380264282,0.2640823721885681,0.34774887561798096,0.43636012077331543,0.4203837811946869,0.4047324061393738,0.38416609168052673,0.36907899379730225
50,180,0.28235161304473877,0.00020824636158067733,0.34014892578125,0.27288818359375,0.21112060546875,0.17584228515625,4,688,632,575,522,0.17665739357471466,0.2640148103237152,0.34770193696022034,0.43680182099342346,0.41960299015045166,0.404677152633667,0.3839751183986664,0.3695344030857086
50,200,0.28227508068084717,0.00020824636158067733,0.33880615234375,0.27520751953125,0.2113037109375,0.1746826171875,4,688,635,575,530,0.17623814940452576,0.26464366912841797,0.34726211428642273,0.43710580468177795,0.41910994052886963,0.4054451286792755,0.3833991587162018,0.36992347240448
50,220,0.2825224995613098,0.00020824636158067733,0.33770751953125,0.27398681640625,0.2122802734375,0.176025390625,4,689,632,578,525,0.1758861243724823,0.26421746611595154,0.3478338420391083,0.43683499097824097,0.4186509847640991,0.40474140644073486,0.3841797411441803,0.3696120083332062
50,240,0.28122183680534363,0.00020824636158067733,0.34051513671875,0.2762451171875,0.2108154296875,0.17242431640625,4,690,637,575,526,0.17534767091274261,0.2642623484134674,0.34709984064102173,0.4369345009326935,0.418071985244751,0.4049229025840759,0.3831994831562042,0.36977067589759827
50,260,0.28096073865890503,0.00020824636158067733,0.34051513671875,0.27484130859375,0.21087646484375,0.17376708984375,4,687,633,574,529,0.17443540692329407,0.2640535235404968,0.3467150330543518,0.4366535246372223,0.41678959131240845,0.40446609258651733,0.38267192244529724,0.3694048523902893
50,280,0.28150737285614014,0.00020824636158067733,0.3431396484375,0.271728515625,0.20977783203125,0.17535400390625,4,691,640,574,530,0.174885556101799,0.2647912800312042,0.34738773107528687,0.43723899126052856,0.41763460636138916,0.4053339660167694,0.38355717062950134,0.3699418306350708
50,300,0.28039729595184326,0.00020824636158067733,0.34039306640625,0.27734375,0.21044921875,0.17181396484375,4,687,635,576,528,0.17353539168834686,0.264244943857193,0.3471606969833374,0.43640604615211487,0.4157651960849762,0.40474870800971985,0.3831426501274109,0.36896127462387085
50,320,0.28078025579452515,0.00020824636158067733,0.340087890625,0.2762451171875,0.21075439453125,0.17291259765625,4,690,638,576,533,0.1733209192752838,0.2637781798839569,0.3478219509124756,0.4375821650028229,0.41558489203453064,0.4041363000869751,0.3841548562049866,0.3705315887928009
50,340,0.27996471524238586,0.00020824636158067733,0.343994140625,0.2742919921875,0.21014404296875,0.17156982421875,4,692,639,580,529,0.17363005876541138,0.26389726996421814,0.3465070128440857,0.4373478293418884,0.4158783555030823,0.40440574288368225,0.38219717144966125,0.3701074719429016
50,360,0.2792208194732666,0.00020824636158067733,0.343505859375,0.27734375,0.20697021484375,0.17218017578125,4,690,640,576,531,0.17223557829856873,0.2639213800430298,0.34587863087654114,0.4371779263019562,0.41407638788223267,0.4044049084186554,0.38131988048553467,0.36991167068481445
50,380,0.27916425466537476,0.00020824636158067733,0.3446044921875,0.27728271484375,0.206298828125,0.17181396484375,4,690,639,579,531,0.17273229360580444,0.26376691460609436,0.34578073024749756,0.43749502301216125,0.4147411584854126,0.40405356884002686,0.38121339678764343,0.37034592032432556
50,400,0.27897122502326965,0.00020824636158067733,0.34423828125,0.278564453125,0.20697021484375,0.17022705078125,4,690,641,579,531,0.17247067391872406,0.26398205757141113,0.34595945477485657,0.4374209940433502,0.4144875109195709,0.40438902378082275,0.3814130425453186,0.37023165822029114
50,420,0.2784944772720337,0.00020824636158067733,0.3466796875,0.2774658203125,0.20538330078125,0.17047119140625,4,694,640,578,533,0.17294597625732422,0.2632499635219574,0.3449547290802002,0.4378851056098938,0.41501104831695557,0.40332216024398804,0.38009798526763916,0.3707291781902313
50,440,0.2786540687084198,0.00020824636158067733,0.34600830078125,0.277099609375,0.205810546875,0.17108154296875,4,692,639,578,534,0.17203232645988464,0.2633471190929413,0.3460116982460022,0.4380554258823395,0.41394004225730896,0.40339869260787964,0.3814823627471924,0.3709329068660736
50,460,0.2783496677875519,0.00020824636158067733,0.34375,0.27935791015625,0.2071533203125,0.16973876953125,4,690,638,575,532,0.17120115458965302,0.26288044452667236,0.3460598886013031,0.4381679892539978,0.4125203788280487,0.40295618772506714,0.3815127909183502,0.3712438941001892
50,480,0.279019832611084,0.00020824636158067733,0.34521484375,0.274169921875,0.2083740234375,0.1722412109375,4,693,635,578,536,0.17175450921058655,0.2619800269603729,0.3465275764465332,0.4394603967666626,0.41339659690856934,0.4016772210597992,0.38214412331581116,0.3728939890861511
50,500,0.2782248556613922,0.00020824636158067733,0.34783935546875,0.27618408203125,0.206298828125,0.169677734375,4,694,638,579,536,0.1715562492609024,0.2621985971927643,0.3465059995651245,0.43996328115463257,0.41334569454193115,0.40206900238990784,0.3820936679840088,0.37349236011505127
50,520,0.27772432565689087,0.00020824636158067733,0.34637451171875,0.2791748046875,0.20745849609375,0.1669921875,4,694,637,577,537,0.17046785354614258,0.2622641324996948,0.34765538573265076,0.4391641318798065,0.4118190407752991,0.40230777859687805,0.3835896849632263,0.3725036382675171
50,540,0.27808043360710144,0.00020824636158067733,0.34539794921875,0.28192138671875,0.203857421875,0.1688232421875,4,694,640,577,538,0.1711607575416565,0.2623410224914551,0.34760040044784546,0.43916577100753784,0.4126436412334442,0.40209200978279114,0.38362425565719604,0.3725707530975342
50,560,0.2775439918041229,0.00020824636158067733,0.35064697265625,0.2764892578125,0.205078125,0.16778564453125,4,695,641,577,536,0.17115528881549835,0.26253706216812134,0.34750896692276,0.43909451365470886,0.4128519892692566,0.4022819399833679,0.38337379693984985,0.3725183606147766
50,580,0.27802667021751404,0.00020824636158067733,0.34783935546875,0.2774658203125,0.2059326171875,0.16876220703125,4,697,642,577,537,0.17083536088466644,0.2624890208244324,0.3478351831436157,0.43932271003723145,0.41229015588760376,0.40236997604370117,0.38378700613975525,0.37277552485466003
50,600,0.27779680490493774,0.00020824636158067733,0.34820556640625,0.27801513671875,0.20538330078125,0.16839599609375,4,698,643,577,537,0.17037762701511383,0.2626941204071045,0.3475450873374939,0.43978163599967957,0.41168636083602905,0.402536004781723,0.38346001505851746,0.37346306443214417
50,620,0.2786041796207428,0.00020824636158067733,0.3460693359375,0.2764892578125,0.2076416015625,0.1697998046875,4,700,641,580,535,0.17091165482997894,0.2621181607246399,0.3477821946144104,0.44034188985824585,0.4122583568096161,0.4018455445766449,0.3837530314922333,0.37412771582603455
50,640,0.2779587507247925,0.00020824636158067733,0.35028076171875,0.27459716796875,0.20538330078125,0.16973876953125,4,699,639,581,539,0.17054051160812378,0.2619456946849823,0.3478720486164093,0.4409424662590027,0.41197729110717773,0.4015074372291565,0.3839336931705475,0.37492746114730835
50,660,0.2763955891132355,0.00020824636158067733,0.3515625,0.2794189453125,0.2052001953125,0.163818359375,4,698,640,579,536,0.16940206289291382,0.26241639256477356,0.348833829164505,0.43911615014076233,0.4105806350708008,0.40227001905441284,0.3851107954978943,0.3725661635398865
50,680,0.2778741419315338,0.00020824636158067733,0.34808349609375,0.27728271484375,0.20703125,0.1676025390625,4,698,643,581,538,0.16989336907863617,0.2623642683029175,0.3493577241897583,0.43949228525161743,0.41101527214050293,0.40223798155784607,0.38575097918510437,0.37303823232650757
50,700,0.2767598330974579,0.00020824636158067733,0.35125732421875,0.27752685546875,0.20574951171875,0.16546630859375,4,697,642,579,535,0.16961579024791718,0.2622019946575165,0.348766952753067,0.4390883445739746,0.4107746481895447,0.4019252359867096,0.38503390550613403,0.3726009726524353
50,720,0.27741849422454834,0.00020824636158067733,0.3516845703125,0.27374267578125,0.20587158203125,0.168701171875,4,698,641,581,534,0.16991479694843292,0.2612226903438568,0.34920215606689453,0.4402075409889221,0.4113190770149231,0.4005306661128998,0.3855662941932678,0.3740163743495941
50,740,0.27731481194496155,0.00020824636158067733,0.351806640625,0.2730712890625,0.20721435546875,0.16790771484375,4,700,637,585,535,0.16954463720321655,0.26147928833961487,0.3494183123111725,0.4398898482322693,0.4107182025909424,0.4010137617588043,0.38587436079978943,0.37351179122924805
50,760,0.27719125151634216,0.00020824636158067733,0.35009765625,0.276123046875,0.2069091796875,0.1668701171875,4,699,642,583,535,0.16919292509555817,0.2615186870098114,0.3495562970638275,0.439979612827301,0.41012710332870483,0.4011840522289276,0.38593339920043945,0.3738281726837158
50,780,0.277201384305954,0.00020824636158067733,0.34967041015625,0.27655029296875,0.20526123046875,0.16851806640625,4,695,645,581,536,0.16914348304271698,0.26127496361732483,0.34903064370155334,0.4400642216205597,0.4100152254104614,0.40081679821014404,0.38524365425109863,0.3738867938518524
50,800,0.2776039242744446,0.00020824636158067733,0.34912109375,0.27581787109375,0.207275390625,0.16778564453125,4,699,642,584,534,0.16903023421764374,0.26205477118492126,0.34927669167518616,0.4405384063720703,0.40990951657295227,0.40168899297714233,0.3858424723148346,0.3743605613708496
50,820,0.2774989604949951,0.00020824636158067733,0.35015869140625,0.27362060546875,0.21063232421875,0.16558837890625,4,699,645,585,535,0.16903120279312134,0.2625991106033325,0.3500250577926636,0.43923407793045044,0.410053014755249,0.40251603722572327,0.3864504396915436,0.3727076053619385
50,840,0.2774337828159332,0.00020824636158067733,0.35137939453125,0.27447509765625,0.20501708984375,0.16912841796875,4,699,644,583,536,0.16894589364528656,0.2618468403816223,0.3495247960090637,0.440734326839447,0.4099617600440979,0.40152254700660706,0.3859259784221649,0.3746303617954254
50,860,0.27735450863838196,0.00020824636158067733,0.3509521484375,0.2740478515625,0.20648193359375,0.16851806640625,4,700,644,584,537,0.16894054412841797,0.261575847864151,0.34908798336982727,0.44090113043785095,0.409790575504303,0.4012255370616913,0.38532862067222595,0.3749115467071533
50,880,0.2768512964248657,0.00020824636158067733,0.35443115234375,0.27264404296875,0.20611572265625,0.16680908203125,4,702,644,580,538,0.16928264498710632,0.26151275634765625,0.34950244426727295,0.44070982933044434,0.4105684459209442,0.4010026752948761,0.3859712779521942,0.37464892864227295
50,900,0.27716439962387085,0.00020824636158067733,0.3525390625,0.27337646484375,0.20477294921875,0.1693115234375,4,700,644,582,534,0.1689482480287552,0.26143878698349,0.34942376613616943,0.44048866629600525,0.40998801589012146,0.40084201097488403,0.3857633173465729,0.37432798743247986
50,920,0.27577096223831177,0.00020824636158067733,0.3546142578125,0.273193359375,0.206787109375,0.1654052734375,4,699,643,584,535,0.16799646615982056,0.26108214259147644,0.34920361638069153,0.43928655982017517,0.4086529612541199,0.40077683329582214,0.3852871358394623,0.37277933955192566
50,940,0.2762944996356964,0.00020824636158067733,0.352294921875,0.2752685546875,0.2061767578125,0.166259765625,4,702,643,586,537,0.1682645082473755,0.26099732518196106,0.34939515590667725,0.43987929821014404,0.4090622365474701,0.4006994664669037,0.3857388198375702,0.3736210763454437
50,960,0.2765437960624695,0.00020824636158067733,0.35211181640625,0.27508544921875,0.2049560546875,0.1678466796875,4,699,644,584,538,0.1683715432882309,0.2608855068683624,0.34908056259155273,0.44055798649787903,0.40903496742248535,0.40048709511756897,0.3852589428424835,0.3745182752609253
50,980,0.27644845843315125,0.00020824636158067733,0.35223388671875,0.27447509765625,0.2060546875,0.167236328125,4,701,644,585,537,0.16837100684642792,0.2606169283390045,0.3491210639476776,0.4405238628387451,0.40892040729522705,0.400116890668869,0.38539519906044006,0.37452414631843567
50,1000,0.2768610715866089,0.00020824636158067733,0.35113525390625,0.27587890625,0.204833984375,0.16815185546875,4,700,643,587,537,0.1687784194946289,0.2606552243232727,0.34913402795791626,0.4411084055900574,0.4094259440898895,0.40012890100479126,0.38549506664276123,0.3752257227897644
50,1020,0.27553173899650574,0.00020824636158067733,0.3538818359375,0.27459716796875,0.2064208984375,0.16510009765625,4,699,645,589,537,0.168011873960495,0.2606653869152069,0.34897780418395996,0.4388920068740845,0.4085550010204315,0.400161474943161,0.3851148188114166,0.3724031150341034
50,1040,0.2768908143043518,0.00020824636158067733,0.35064697265625,0.27508544921875,0.20709228515625,0.16717529296875,4,700,644,586,539,0.16864879429340363,0.2609962522983551,0.34951213002204895,0.44011953473091125,0.40921080112457275,0.4005380868911743,0.38572004437446594,0.3739226162433624
50,1060,0.27573245763778687,0.00020824636158067733,0.3543701171875,0.274658203125,0.2061767578125,0.164794921875,4,698,645,585,536,0.16815640032291412,0.26078206300735474,0.3496510982513428,0.4394977390766144,0.40877291560173035,0.4003881514072418,0.3858746588230133,0.37310272455215454
50,1080,0.2751641869544983,0.00020824636158067733,0.35626220703125,0.276611328125,0.20233154296875,0.164794921875,4,700,645,584,535,0.16876259446144104,0.2606489062309265,0.34846094250679016,0.4395606815814972,0.4096485674381256,0.40011531114578247,0.3842630684375763,0.37325185537338257
50,1100,0.2761657238006592,0.00020824636158067733,0.3563232421875,0.275390625,0.20074462890625,0.16754150390625,4,701,643,581,539,0.1697634607553482,0.2608257830142975,0.3485899865627289,0.44089674949645996,0.41101187467575073,0.4002838432788849,0.384626179933548,0.3748234510421753
50,1120,0.2762388288974762,0.00020824636158067733,0.3544921875,0.2742919921875,0.2042236328125,0.1669921875,4,702,644,581,537,0.1689428687095642,0.2607247233390808,0.34878575801849365,0.44076859951019287,0.40973544120788574,0.400010347366333,0.38497525453567505,0.3747324049472809
50,1140,0.27524322271347046,0.00020824636158067733,0.35723876953125,0.27557373046875,0.20172119140625,0.16546630859375,4,701,643,585,538,0.16844329237937927,0.26102086901664734,0.34846338629722595,0.44024550914764404,0.4092905521392822,0.40053591132164,0.38438475131988525,0.37408801913261414
50,1160,0.2752270996570587,0.00020824636158067733,0.35833740234375,0.27410888671875,0.2032470703125,0.164306640625,4,701,644,587,541,0.16892960667610168,0.2610715925693512,0.3487089276313782,0.43977031111717224,0.41004833579063416,0.40077275037765503,0.38426750898361206,0.3734719157218933
50,1180,0.2757587134838104,0.00020824636158067733,0.3544921875,0.273681640625,0.2064208984375,0.1654052734375,4,700,645,588,538,0.1684407889842987,0.2600477933883667,0.34981030225753784,0.4393409788608551,0.4091157615184784,0.399450421333313,0.3862130045890808,0.37290090322494507
50,1200,0.2752780020236969,0.00020824636158067733,0.35455322265625,0.274658203125,0.20587158203125,0.1649169921875,4,700,639,587,537,0.1682557761669159,0.260265976190567,0.3489415943622589,0.43840843439102173,0.4087591767311096,0.3994021713733673,0.38508015871047974,0.3717557489871979
50,1220,0.2762855887413025,0.00020824636158067733,0.353271484375,0.27362060546875,0.2066650390625,0.16644287109375,4,701,641,590,540,0.1685245782136917,0.2603732943534851,0.3504795730113983,0.4390411674976349,0.4091433882713318,0.3997047543525696,0.3868062198162079,0.3724290728569031
50,1240,0.276676207780838,0.00020824636158067733,0.3525390625,0.2734375,0.20599365234375,0.16802978515625,4,698,642,585,536,0.16888664662837982,0.25993892550468445,0.3500347137451172,0.4401305615901947,0.4095527231693268,0.3989609181880951,0.3866569697856903,0.3738248348236084
50,1260,0.2761923372745514,0.00020824636158067733,0.3531494140625,0.27325439453125,0.206298828125,0.16729736328125,4,700,640,586,538,0.16868828237056732,0.2601025104522705,0.34892237186431885,0.4397183656692505,0.40913695096969604,0.3992226719856262,0.3849000334739685,0.3733561336994171
50,1280,0.27621254324913025,0.00020824636158067733,0.3525390625,0.274658203125,0.20538330078125,0.16741943359375,4,702,639,585,535,0.16853247582912445,0.2603577971458435,0.3491526246070862,0.43948760628700256,0.4089597165584564,0.3995463252067566,0.3853714168071747,0.37307631969451904
50,1300,0.2760717272758484,0.00020824636158067733,0.3533935546875,0.2744140625,0.20343017578125,0.16876220703125,4,701,640,585,537,0.1685202419757843,0.259935200214386,0.3488174378871918,0.4398372173309326,0.40895700454711914,0.39895185828208923,0.3849833011627197,0.3733682632446289
50,1320,0.2755662500858307,0.00020824636158067733,0.35400390625,0.27423095703125,0.20599365234375,0.165771484375,4,699,644,585,538,0.16780808568000793,0.2601339817047119,0.34870266914367676,0.44033026695251465,0.408329039812088,0.399402379989624,0.38466325402259827,0.3742235004901886
50,1340,0.275600790977478,0.00020824636158067733,0.35516357421875,0.273193359375,0.20562744140625,0.166015625,4,701,641,585,537,0.16809900104999542,0.2604592740535736,0.3490088880062103,0.4395766258239746,0.40888866782188416,0.39976465702056885,0.38519713282585144,0.3731605112552643
50,1360,0.275178462266922,0.00020824636158067733,0.35589599609375,0.274169921875,0.2032470703125,0.16668701171875,4,699,642,583,536,0.1679934859275818,0.2601966857910156,0.3485628366470337,0.43919312953948975,0.4085495173931122,0.3992626667022705,0.3846772611141205,0.3726503849029541
50,1380,0.27544087171554565,0.00020824636158067733,0.35662841796875,0.27252197265625,0.204833984375,0.166015625,4,702,644,585,540,0.16792646050453186,0.2606884241104126,0.34923261404037476,0.4395701587200165,0.40874791145324707,0.3998836874961853,0.38538309931755066,0.37295690178871155
50,1400,0.2754114270210266,0.00020824636158067733,0.3546142578125,0.2734375,0.20574951171875,0.16619873046875,4,701,642,587,538,0.16796736419200897,0.25975266098976135,0.3492463231086731,0.4390193521976471,0.40843719244003296,0.39864417910575867,0.38521674275398254,0.37242841720581055
50,1420,0.2764076590538025,0.00020824636158067733,0.35443115234375,0.272216796875,0.2049560546875,0.16839599609375,4,700,643,586,542,0.1689208745956421,0.2599021792411804,0.3496781587600708,0.4401436150074005,0.4098447561264038,0.3989090025424957,0.38598015904426575,0.37368690967559814
50,1440,0.27513161301612854,0.00020824636158067733,0.3544921875,0.27490234375,0.2052001953125,0.1654052734375,4,697,640,586,538,0.16770604252815247,0.2596263587474823,0.349073201417923,0.439401775598526,0.4079548418521881,0.39867931604385376,0.3851480782032013,0.3728899657726288
50,1460,0.2750178575515747,0.00020824636158067733,0.3563232421875,0.2735595703125,0.20526123046875,0.16485595703125,4,699,640,584,538,0.16799932718276978,0.26018357276916504,0.34908393025398254,0.43872636556625366,0.40876156091690063,0.3993472754955292,0.38495492935180664,0.3720603883266449
50,1480,0.2747810184955597,0.00020824636158067733,0.35595703125,0.276123046875,0.20440673828125,0.16351318359375,4,701,641,584,535,0.16792671382427216,0.26024875044822693,0.34945181012153625,0.4385906457901001,0.4085703194141388,0.3994747996330261,0.3856963813304901,0.37186312675476074
50,1500,0.27506422996520996,0.00020824636158067733,0.3560791015625,0.2728271484375,0.20587158203125,0.16522216796875,4,701,640,588,539,0.16793431341648102,0.2598203122615814,0.3490917682647705,0.4388768970966339,0.4085416793823242,0.3990255296230316,0.3849990963935852,0.37218111753463745
50,1520,0.2747145891189575,0.00020824636158067733,0.35626220703125,0.27337646484375,0.2056884765625,0.1646728515625,4,702,640,586,539,0.1677408069372177,0.2594555616378784,0.34932416677474976,0.4382866621017456,0.40830937027931213,0.3984908163547516,0.38533642888069153,0.3714618980884552
50,1540,0.27548760175704956,0.00020824636158067733,0.35565185546875,0.27276611328125,0.204833984375,0.166748046875,4,702,642,589,539,0.16784490644931793,0.25987210869789124,0.3496212959289551,0.43955326080322266,0.4085528552532196,0.3989317715167999,0.38578474521636963,0.3728584349155426
50,1560,0.27446696162223816,0.00020824636158067733,0.3560791015625,0.27532958984375,0.204833984375,0.16375732421875,4,701,644,585,536,0.1675826460123062,0.25948387384414673,0.3494966924190521,0.4382210075855255,0.40820688009262085,0.398442804813385,0.38570332527160645,0.3713594079017639
50,1580,0.275912880897522,0.00020824636158067733,0.3533935546875,0.27423095703125,0.20465087890625,0.167724609375,4,698,638,585,537,0.1684383749961853,0.2597000002861023,0.34928789734840393,0.43933913111686707,0.40901434421539307,0.3985937237739563,0.38536685705184937,0.37251776456832886
50,1600,0.2746642827987671,0.00020824636158067733,0.35626220703125,0.2738037109375,0.20526123046875,0.1646728515625,4,700,641,588,537,0.16768185794353485,0.25950339436531067,0.3486641049385071,0.43908509612083435,0.40813973546028137,0.3983593285083771,0.3846019208431244,0.37249842286109924
50,1620,0.2751874327659607,0.00020824636158067733,0.3536376953125,0.27484130859375,0.2061767578125,0.16534423828125,4,701,644,585,541,0.16761445999145508,0.2596994936466217,0.3493455648422241,0.4385368525981903,0.40810656547546387,0.39882203936576843,0.38542768359184265,0.3717377483844757
50,1640,0.2743864357471466,0.00020824636158067733,0.35498046875,0.27490234375,0.205810546875,0.164306640625,4,700,638,585,541,0.16738080978393555,0.2588048279285431,0.3487512767314911,0.43848952651023865,0.40765437483787537,0.3977377414703369,0.38462331891059875,0.37172940373420715
50,1660,0.27464559674263,0.00020824636158067733,0.35540771484375,0.27459716796875,0.20526123046875,0.16473388671875,4,699,643,588,537,0.1674380600452423,0.25925660133361816,0.3489229083061218,0.43904349207878113,0.4079039394855499,0.3982265293598175,0.3849344849586487,0.3723803162574768
50,1680,0.27530840039253235,0.00020824636158067733,0.354736328125,0.2738037109375,0.20465087890625,0.16680908203125,4,700,641,588,543,0.16786350309848785,0.259259968996048,0.34867405891418457,0.4401337206363678,0.4084963798522949,0.39805853366851807,0.3847719132900238,0.3736070394515991
50,1700,0.27597054839134216,0.00020824636158067733,0.35076904296875,0.27685546875,0.205322265625,0.16705322265625,4,700,642,585,540,0.16778329014778137,0.26032009720802307,0.3486556112766266,0.43973758816719055,0.4081542491912842,0.39949873089790344,0.38455745577812195,0.3732203245162964
50,1720,0.2747841775417328,0.00020824636158067733,0.3538818359375,0.2762451171875,0.204345703125,0.16552734375,4,701,640,586,538,0.16748517751693726,0.2597094774246216,0.348531037569046,0.43829572200775146,0.40782347321510315,0.3987049460411072,0.3845917284488678,0.3713509440422058
50,1740,0.27396008372306824,0.00020824636158067733,0.35546875,0.27813720703125,0.2017822265625,0.16461181640625,4,701,643,584,537,0.16702131927013397,0.2593161165714264,0.3486977219581604,0.4380166530609131,0.40747031569480896,0.3984164297580719,0.3847903609275818,0.3709869980812073
50,1760,0.27430644631385803,0.00020824636158067733,0.355712890625,0.2767333984375,0.20361328125,0.1639404296875,4,700,641,586,540,0.16734275221824646,0.25986728072166443,0.3483816385269165,0.4387652277946472,0.4080590605735779,0.3989579677581787,0.38429373502731323,0.37197476625442505
50,1780,0.2750343978404999,0.00020824636158067733,0.35491943359375,0.27447509765625,0.20513916015625,0.16546630859375,4,701,640,587,541,0.16785205900669098,0.25949329137802124,0.34895169734954834,0.43907636404037476,0.4085932970046997,0.39836177229881287,0.3851637840270996,0.3722408711910248
50,1800,0.2752196788787842,0.00020824636158067733,0.35235595703125,0.27606201171875,0.205078125,0.16650390625,4,700,640,582,538,0.16706377267837524,0.25947305560112,0.34872865676879883,0.4396681487560272,0.4073381721973419,0.3983663320541382,0.38463884592056274,0.3731694519519806
50,1820,0.2745937705039978,0.00020824636158067733,0.35369873046875,0.27691650390625,0.20416259765625,0.16522216796875,4,702,640,585,537,0.16717462241649628,0.25947919487953186,0.3481658101081848,0.4389713704586029,0.40756604075431824,0.3985007405281067,0.38410258293151855,0.37230101227760315
50,1840,0.2741965651512146,0.00020824636158067733,0.3560791015625,0.27655029296875,0.20208740234375,0.165283203125,4,701,643,585,538,0.16743002831935883,0.2595674395561218,0.34775903820991516,0.43874454498291016,0.4082289934158325,0.39852026104927063,0.38339903950691223,0.37194907665252686
50,1860,0.2738981544971466,0.00020824636158067733,0.3558349609375,0.2752685546875,0.20635986328125,0.16253662109375,4,700,644,584,541,0.16697637736797333,0.2593357563018799,0.34839996695518494,0.43805134296417236,0.40738826990127563,0.39840570092201233,0.38435593247413635,0.37096408009529114
50,1880,0.2749435007572174,0.00020824636158067733,0.35321044921875,0.27447509765625,0.2069091796875,0.1654052734375,4,699,642,588,538,0.16731157898902893,0.2592160105705261,0.34842798113822937,0.4389582574367523,0.40761861205101013,0.39804866909980774,0.3843461275100708,0.37229520082473755
50,1900,0.2737767696380615,0.00020824636158067733,0.3536376953125,0.27850341796875,0.20477294921875,0.1630859375,4,701,644,586,532,0.16638052463531494,0.2594059109687805,0.34839141368865967,0.4375103712081909,0.4065338969230652,0.3984716534614563,0.3843952715396881,0.3704656660556793
50,1920,0.27429693937301636,0.00020824636158067733,0.35333251953125,0.27593994140625,0.2064208984375,0.164306640625,4,699,645,586,535,0.16666635870933533,0.2593733072280884,0.348392128944397,0.43772682547569275,0.4069457948207855,0.39841681718826294,0.3843056857585907,0.37069207429885864
50,1940,0.2742420732975006,0.00020824636158067733,0.35614013671875,0.2738037109375,0.20452880859375,0.16552734375,4,701,641,587,534,0.16683848202228546,0.25920984148979187,0.3481504023075104,0.43886882066726685,0.4073701500892639,0.39800798892974854,0.38403791189193726,0.37200409173965454
50,1960,0.27477991580963135,0.00020824636158067733,0.3538818359375,0.27496337890625,0.2052001953125,0.16595458984375,4,700,644,585,537,0.16708174347877502,0.25935375690460205,0.3484126627445221,0.43894898891448975,0.4076727330684662,0.3981187045574188,0.38429924845695496,0.3721829056739807
50,1980,0.27459439635276794,0.00020824636158067733,0.35333251953125,0.27532958984375,0.2054443359375,0.1658935546875,4,700,640,586,537,0.1665935516357422,0.25935590267181396,0.3486673831939697,0.4381808936595917,0.40695682168006897,0.3981556296348572,0.38471660017967224,0.37106895446777344
50,2000,0.2742214500904083,0.00020824636158067733,0.3548583984375,0.274658203125,0.20477294921875,0.16571044921875,4,699,640,589,541,0.16667670011520386,0.25869426131248474,0.3483864665031433,0.4386097490787506,0.40722596645355225,0.39707115292549133,0.3844611346721649,0.37178587913513184
51,0,0.3220728039741516,0.00020824636158067733,0.318603515625,0.16583251953125,0.24090576171875,0.274658203125,4,671,580,573,544,0.19604873657226562,0.28522101044654846,0.36266690492630005,0.4549054801464081,0.41776224970817566,0.39489126205444336,0.3999888300895691,0.38012734055519104
51,20,0.2971906065940857,0.00020824636158067733,0.330810546875,0.2459716796875,0.221923828125,0.2012939453125,4,690,629,583,535,0.18154273927211761,0.2736566364765167,0.3620510697364807,0.4444982707500458,0.42364242672920227,0.41218674182891846,0.40087977051734924,0.37803715467453003
51,40,0.28335055708885193,0.00020824636158067733,0.33612060546875,0.28411865234375,0.208740234375,0.1710205078125,4,686,634,585,525,0.17249436676502228,0.26760897040367126,0.3571459949016571,0.4373055100440979,0.41492751240730286,0.40850672125816345,0.3949149549007416,0.3703354299068451
51,60,0.27881714701652527,0.00020824636158067733,0.34979248046875,0.27447509765625,0.20770263671875,0.16802978515625,4,684,622,582,523,0.17032131552696228,0.26411962509155273,0.3540727496147156,0.43566033244132996,0.4122180640697479,0.40410351753234863,0.39133715629577637,0.3681718409061432
51,80,0.28140345215797424,0.00020824636158067733,0.343505859375,0.27447509765625,0.2066650390625,0.17535400390625,4,686,626,581,529,0.17047815024852753,0.2642785906791687,0.3547250032424927,0.4390893876552582,0.41231244802474976,0.4046056866645813,0.39235252141952515,0.372662752866745
51,100,0.2805194854736328,0.00020824636158067733,0.34368896484375,0.2745361328125,0.208251953125,0.17352294921875,4,686,625,583,534,0.16939927637577057,0.26363447308540344,0.3542338013648987,0.43885692954063416,0.4108831584453583,0.40375474095344543,0.3919272720813751,0.37251678109169006
51,120,0.2801128625869751,0.00020824636158067733,0.34564208984375,0.275146484375,0.2056884765625,0.17352294921875,4,682,630,587,531,0.1692448854446411,0.26368921995162964,0.3538084030151367,0.43963783979415894,0.410929799079895,0.4040497839450836,0.3910152316093445,0.3734058439731598
51,140,0.28037169575691223,0.00020824636158067733,0.3441162109375,0.2750244140625,0.2080078125,0.1728515625,4,683,625,587,532,0.16949047148227692,0.26335227489471436,0.3536221385002136,0.440047025680542,0.41080236434936523,0.4035167694091797,0.39112401008605957,0.3739567697048187
51,160,0.278720885515213,0.00020824636158067733,0.3475341796875,0.2745361328125,0.20806884765625,0.16986083984375,4,682,624,587,530,0.1684691160917282,0.2628844678401947,0.3531886339187622,0.4386725425720215,0.4096425175666809,0.4029320776462555,0.39042961597442627,0.3722117245197296
51,180,0.279217928647995,0.00020824636158067733,0.34649658203125,0.275390625,0.20587158203125,0.1722412109375,4,682,625,587,533,0.16824916005134583,0.2628183364868164,0.3534238934516907,0.43997904658317566,0.4094163477420807,0.4029195010662079,0.39047563076019287,0.3737962245941162
51,200,0.2781134843826294,0.00020824636158067733,0.349853515625,0.274658203125,0.2066650390625,0.1688232421875,4,684,627,579,533,0.16811659932136536,0.2625398635864258,0.3534978926181793,0.4391157627105713,0.4094785153865814,0.40248656272888184,0.39072635769844055,0.37282127141952515
51,220,0.27888235449790955,0.00020824636158067733,0.34527587890625,0.2783203125,0.20538330078125,0.1710205078125,4,684,629,585,533,0.16783270239830017,0.26246118545532227,0.354089617729187,0.4394875764846802,0.40865185856819153,0.4024915099143982,0.39149484038352966,0.3731737434864044
51,240,0.2794010043144226,0.00020824636158067733,0.348876953125,0.27349853515625,0.20599365234375,0.171630859375,4,687,631,586,531,0.16959241032600403,0.2626126706600189,0.3544711470603943,0.43926334381103516,0.4114273190498352,0.402468740940094,0.39181241393089294,0.37289348244667053
51,260,0.2785225212574005,0.00020824636158067733,0.3502197265625,0.27484130859375,0.20745849609375,0.16748046875,4,689,631,588,527,0.16914375126361847,0.2630070149898529,0.35443153977394104,0.4386782646179199,0.41060230135917664,0.40312114357948303,0.39203956723213196,0.37206411361694336
51,280,0.2785245478153229,0.00020824636158067733,0.3487548828125,0.2738037109375,0.2059326171875,0.1715087890625,4,687,626,587,537,0.16788338124752045,0.2620636224746704,0.3536325693130493,0.4396039545536041,0.408372700214386,0.40185412764549255,0.3912082016468048,0.3730665445327759
51,300,0.27819591760635376,0.00020824636158067733,0.3486328125,0.27764892578125,0.20733642578125,0.1663818359375,4,690,630,583,531,0.1687043458223343,0.26282623410224915,0.35391372442245483,0.4389145076274872,0.4101477861404419,0.40276965498924255,0.39144542813301086,0.3724581301212311
51,320,0.2775767147541046,0.00020824636158067733,0.3519287109375,0.2730712890625,0.206787109375,0.168212890625,4,692,629,584,534,0.16820621490478516,0.2618742287158966,0.35339388251304626,0.4386849105358124,0.40937697887420654,0.4013841450214386,0.3907395303249359,0.3721499741077423
51,340,0.278022438287735,0.00020824636158067733,0.34893798828125,0.27667236328125,0.2061767578125,0.168212890625,4,692,635,584,533,0.1683126538991928,0.2621971070766449,0.3537045419216156,0.4388687312602997,0.409332275390625,0.4019140601158142,0.39121776819229126,0.3722521662712097
51,360,0.2770534157752991,0.00020824636158067733,0.35369873046875,0.27374267578125,0.20733642578125,0.16522216796875,4,692,631,591,533,0.16854707896709442,0.26252928376197815,0.35314226150512695,0.43791839480400085,0.40996253490448,0.4021760821342468,0.3904985785484314,0.3710736632347107
51,380,0.2769733667373657,0.00020824636158067733,0.35443115234375,0.2740478515625,0.20587158203125,0.1656494140625,4,694,634,591,536,0.1689082682132721,0.26186081767082214,0.3530314266681671,0.43867027759552,0.4104034900665283,0.40151628851890564,0.39029115438461304,0.3719813823699951
51,400,0.2772097587585449,0.00020824636158067733,0.3505859375,0.27691650390625,0.205810546875,0.16668701171875,4,694,632,589,534,0.1683962047100067,0.2616608440876007,0.3528149127960205,0.4385535418987274,0.4094155728816986,0.40103811025619507,0.3900653123855591,0.3718932271003723
51,420,0.27732256054878235,0.00020824636158067733,0.35009765625,0.2769775390625,0.20526123046875,0.16766357421875,4,695,634,590,537,0.16841989755630493,0.261604368686676,0.3524438440799713,0.43872109055519104,0.4093191921710968,0.40081527829170227,0.3896639943122864,0.37204164266586304
51,440,0.276475727558136,0.00020824636158067733,0.35406494140625,0.27490234375,0.2041015625,0.16693115234375,4,695,632,588,538,0.1681874543428421,0.26109978556632996,0.35249850153923035,0.4385281503200531,0.409452348947525,0.40020957589149475,0.38963139057159424,0.37173283100128174
51,460,0.2753811180591583,0.00020824636158067733,0.35711669921875,0.27520751953125,0.202880859375,0.164794921875,4,694,632,586,538,0.16807568073272705,0.2607933580875397,0.3513037860393524,0.43880823254585266,0.4091198742389679,0.39980748295783997,0.3879188597202301,0.37216830253601074
51,480,0.2768594026565552,0.00020824636158067733,0.3511962890625,0.2772216796875,0.20391845703125,0.16766357421875,4,696,635,589,538,0.16852575540542603,0.26072296500205994,0.3520483672618866,0.43901345133781433,0.40944772958755493,0.3995441794395447,0.38919883966445923,0.3723590075969696
51,500,0.27578407526016235,0.00020824636158067733,0.35455322265625,0.276611328125,0.20147705078125,0.1673583984375,4,696,636,588,537,0.16816531121730804,0.2599278688430786,0.3514261543750763,0.438921719789505,0.40893927216529846,0.3986682593822479,0.38795334100723267,0.3721640408039093
51,520,0.2768447697162628,0.00020824636158067733,0.35150146484375,0.27691650390625,0.20550537109375,0.16607666015625,4,695,639,591,534,0.16819261014461517,0.26153382658958435,0.3518201410770416,0.43956124782562256,0.40903645753860474,0.40076494216918945,0.3886922001838684,0.37298229336738586
51,540,0.2755183279514313,0.00020824636158067733,0.3572998046875,0.27386474609375,0.20306396484375,0.165771484375,4,696,632,584,536,0.1683712899684906,0.2602387070655823,0.3518696129322052,0.4381757378578186,0.4095028042793274,0.3990742564201355,0.38858988881111145,0.37135958671569824
51,560,0.27569401264190674,0.00020824636158067733,0.3572998046875,0.27557373046875,0.2008056640625,0.16632080078125,4,696,635,589,538,0.16871124505996704,0.2604862451553345,0.3514207899570465,0.4392900764942169,0.4100636839866638,0.39943814277648926,0.38807740807533264,0.3727148473262787
51,580,0.27491825819015503,0.00020824636158067733,0.3563232421875,0.27655029296875,0.20135498046875,0.165771484375,4,695,636,585,538,0.16776390373706818,0.2599460184574127,0.35038211941719055,0.43856003880500793,0.4085535407066345,0.3987058699131012,0.38664859533309937,0.3718462288379669
51,600,0.27571699023246765,0.00020824636158067733,0.354736328125,0.27667236328125,0.20123291015625,0.1673583984375,4,696,636,586,536,0.16843175888061523,0.2602561116218567,0.35064876079559326,0.4385821223258972,0.40943801403045654,0.3989672064781189,0.38702139258384705,0.37174177169799805
51,620,0.27534252405166626,0.00020824636158067733,0.35614013671875,0.27618408203125,0.1990966796875,0.1685791015625,4,697,633,585,537,0.16845746338367462,0.25944244861602783,0.350101113319397,0.4389050006866455,0.40945926308631897,0.3977600336074829,0.3861420750617981,0.37209585309028625
51,640,0.2745398283004761,0.00020824636158067733,0.3587646484375,0.27581787109375,0.1990966796875,0.16632080078125,4,696,636,587,536,0.1686447709798813,0.2585641145706177,0.35040879249572754,0.43863558769226074,0.4097844064235687,0.39666175842285156,0.38671058416366577,0.3718651831150055
51,660,0.2751019299030304,0.00020824636158067733,0.3587646484375,0.27337646484375,0.20159912109375,0.166259765625,4,697,636,589,536,0.16904397308826447,0.2587108910083771,0.35024186968803406,0.43979984521865845,0.41011932492256165,0.39705920219421387,0.38651469349861145,0.37316104769706726
51,680,0.27463504672050476,0.00020824636158067733,0.35791015625,0.27392578125,0.2025146484375,0.1656494140625,4,697,637,592,534,0.1686512976884842,0.2583523690700531,0.3499090373516083,0.4385282099246979,0.40932515263557434,0.396648645401001,0.38603800535202026,0.3716985583305359
51,700,0.275002121925354,0.00020824636158067733,0.35699462890625,0.2757568359375,0.20098876953125,0.166259765625,4,697,634,587,535,0.16891324520111084,0.25822025537490845,0.35045889019966125,0.4394129812717438,0.409894198179245,0.39658600091934204,0.38665562868118286,0.372696191072464
51,720,0.2739015221595764,0.00020824636158067733,0.35821533203125,0.27630615234375,0.2000732421875,0.1654052734375,4,697,637,587,531,0.16810812056064606,0.25759148597717285,0.34986957907676697,0.438371479511261,0.4088149964809418,0.3958083987236023,0.38587847352027893,0.37151873111724854
51,740,0.274167537689209,0.00020824636158067733,0.358642578125,0.27520751953125,0.20098876953125,0.1651611328125,4,694,635,590,535,0.16847048699855804,0.2586195468902588,0.3495791554450989,0.43782272934913635,0.40935999155044556,0.3969500660896301,0.38549476861953735,0.37067413330078125
51,760,0.27432653307914734,0.00020824636158067733,0.3577880859375,0.27587890625,0.2017822265625,0.16455078125,4,697,635,586,536,0.1682976931333542,0.25855857133865356,0.34986940026283264,0.4386690855026245,0.40911707282066345,0.39704617857933044,0.3860391676425934,0.37172800302505493
51,780,0.2738194465637207,0.00020824636158067733,0.3602294921875,0.2745361328125,0.2001953125,0.1650390625,4,697,633,586,537,0.16787855327129364,0.258726567029953,0.349403977394104,0.43847689032554626,0.40862780809402466,0.39717066287994385,0.38529643416404724,0.3713986575603485
51,800,0.27433937788009644,0.00020824636158067733,0.3585205078125,0.2747802734375,0.20220947265625,0.16448974609375,4,695,634,591,535,0.16828356683254242,0.25917577743530273,0.34945228695869446,0.4384911060333252,0.40917736291885376,0.3975488841533661,0.385425865650177,0.3714695870876312
51,820,0.27407991886138916,0.00020824636158067733,0.36083984375,0.27239990234375,0.201904296875,0.16485595703125,4,697,637,593,536,0.1682634949684143,0.25889110565185547,0.3496663272380829,0.4382168650627136,0.409266859292984,0.39754998683929443,0.385516494512558,0.3710375428199768
51,840,0.27362218499183655,0.00020824636158067733,0.3614501953125,0.27301025390625,0.198486328125,0.16705322265625,4,698,637,591,537,0.1675611138343811,0.25830933451652527,0.34891626238822937,0.438668429851532,0.4084399938583374,0.3966468274593353,0.38489705324172974,0.3714713156223297
51,860,0.27374762296676636,0.00020824636158067733,0.35821533203125,0.27496337890625,0.1995849609375,0.167236328125,4,697,637,585,534,0.1675148606300354,0.2576861083507538,0.34860944747924805,0.4383605420589447,0.40810084342956543,0.39576342701911926,0.3842775821685791,0.37104663252830505
51,880,0.2739802896976471,0.00020824636158067733,0.35687255859375,0.27655029296875,0.20062255859375,0.16595458984375,4,696,636,591,535,0.1680707186460495,0.25808775424957275,0.3495335280895233,0.4368780553340912,0.40881532430648804,0.39625388383865356,0.38540518283843994,0.369346559047699
51,900,0.2738274931907654,0.00020824636158067733,0.35821533203125,0.2752685546875,0.2008056640625,0.16571044921875,4,697,634,590,536,0.16809847950935364,0.2581425905227661,0.34867146611213684,0.437741219997406,0.40897223353385925,0.3964361846446991,0.38440442085266113,0.3703601062297821
51,920,0.2729867696762085,0.00020824636158067733,0.3609619140625,0.2742919921875,0.199462890625,0.165283203125,4,699,637,591,538,0.1674821376800537,0.25782299041748047,0.34834370017051697,0.43762269616127014,0.4083300828933716,0.3960321843624115,0.3839835524559021,0.3701953589916229
51,940,0.27404603362083435,0.00020824636158067733,0.35870361328125,0.27471923828125,0.200439453125,0.1661376953125,4,695,637,590,534,0.16823987662792206,0.25839659571647644,0.34921661019325256,0.43767574429512024,0.40922942757606506,0.39677855372428894,0.38492831587791443,0.37012913823127747
51,960,0.2737302780151367,0.00020824636158067733,0.3570556640625,0.2762451171875,0.2017822265625,0.1649169921875,4,699,639,588,534,0.1683393120765686,0.25725874304771423,0.34959423542022705,0.43667683005332947,0.40899285674095154,0.3952021896839142,0.3854869604110718,0.3690645396709442
51,980,0.2736443281173706,0.00020824636158067733,0.35687255859375,0.2755126953125,0.2003173828125,0.16729736328125,4,698,640,589,536,0.16781912744045258,0.25707298517227173,0.348441481590271,0.4371170103549957,0.40823134779930115,0.3950199484825134,0.3839431405067444,0.36941343545913696
51,1000,0.2736140489578247,0.00020824636158067733,0.35821533203125,0.27545166015625,0.20074462890625,0.16558837890625,4,697,639,588,535,0.1681298315525055,0.25765886902809143,0.34852057695388794,0.43753769993782043,0.40889453887939453,0.395841121673584,0.38411080837249756,0.3700437843799591
51,1020,0.2733278274536133,0.00020824636158067733,0.35821533203125,0.2742919921875,0.200927734375,0.16656494140625,4,698,639,588,534,0.1671723872423172,0.25735902786254883,0.3484954535961151,0.4372480809688568,0.40766724944114685,0.39534202218055725,0.3838912844657898,0.36956003308296204
51,1040,0.2733124792575836,0.00020824636158067733,0.3603515625,0.27392578125,0.19775390625,0.16796875,4,699,640,584,537,0.16759361326694489,0.2571597099304199,0.3481939136981964,0.4382987320423126,0.40846699476242065,0.3951355218887329,0.38387331366539,0.37090790271759033
51,1060,0.27342769503593445,0.00020824636158067733,0.3585205078125,0.27349853515625,0.20513916015625,0.162841796875,4,700,638,588,535,0.16758430004119873,0.2572290301322937,0.34971651434898376,0.43755948543548584,0.4083400070667267,0.39550554752349854,0.3854828476905823,0.36996322870254517
51,1080,0.27338293194770813,0.00020824636158067733,0.3587646484375,0.27490234375,0.2012939453125,0.1650390625,4,697,638,588,533,0.1680740863084793,0.25713661313056946,0.3488551080226898,0.43731459975242615,0.40887653827667236,0.39496374130249023,0.38457179069519043,0.3698280453681946
51,1100,0.27355390787124634,0.00020824636158067733,0.35675048828125,0.27691650390625,0.19964599609375,0.16668701171875,4,699,639,588,533,0.16798250377178192,0.25686657428741455,0.34881213307380676,0.4370857775211334,0.40868452191352844,0.3947862982749939,0.3843628764152527,0.36951035261154175
51,1120,0.2727791666984558,0.00020824636158067733,0.360595703125,0.27276611328125,0.201904296875,0.16473388671875,4,699,639,591,534,0.16754867136478424,0.25633081793785095,0.34881043434143066,0.4371725916862488,0.4082900285720825,0.39421162009239197,0.384459912776947,0.3694048225879669
51,1140,0.2726215124130249,0.00020824636158067733,0.36004638671875,0.273681640625,0.20263671875,0.16363525390625,4,699,640,588,535,0.16742046177387238,0.25627389550209045,0.3494715988636017,0.4362699091434479,0.408099502325058,0.393857479095459,0.3852774500846863,0.3684070408344269
51,1160,0.27285605669021606,0.00020824636158067733,0.3597412109375,0.2745361328125,0.1990966796875,0.1666259765625,4,699,642,585,538,0.1677027940750122,0.25633054971694946,0.34830695390701294,0.4369528889656067,0.4084653854370117,0.3938543200492859,0.38390615582466125,0.3691704571247101
51,1180,0.2729395031929016,0.00020824636158067733,0.359375,0.27374267578125,0.20062255859375,0.166259765625,4,700,639,589,536,0.16738848388195038,0.2562468945980072,0.3487730026245117,0.4370681345462799,0.40808337926864624,0.39386075735092163,0.3843613862991333,0.3693358302116394
51,1200,0.27214139699935913,0.00020824636158067733,0.35888671875,0.27593994140625,0.20013427734375,0.1650390625,4,699,641,587,536,0.16699348390102386,0.25542595982551575,0.34816351532936096,0.43655088543891907,0.4074350595474243,0.3928404748439789,0.38358548283576965,0.3688311278820038
51,1220,0.2731231451034546,0.00020824636158067733,0.35748291015625,0.27459716796875,0.203125,0.164794921875,4,699,640,590,537,0.1676868349313736,0.25642287731170654,0.3487233519554138,0.4364851117134094,0.4084131419658661,0.3940470516681671,0.3842054605484009,0.36867931485176086
51,1240,0.27280110120773315,0.00020824636158067733,0.35894775390625,0.27484130859375,0.1995849609375,0.1666259765625,4,698,639,591,540,0.16713465750217438,0.2560221552848816,0.3484996557235718,0.4374331533908844,0.40773674845695496,0.39346179366111755,0.38413184881210327,0.36976948380470276
51,1260,0.2730177342891693,0.00020824636158067733,0.3583984375,0.2752685546875,0.19805908203125,0.16827392578125,4,697,640,589,538,0.16706523299217224,0.2563192844390869,0.34795379638671875,0.43779656291007996,0.40768539905548096,0.39383798837661743,0.38342878222465515,0.37005969882011414
51,1280,0.27262765169143677,0.00020824636158067733,0.3585205078125,0.27392578125,0.202880859375,0.1646728515625,4,699,640,591,539,0.16666382551193237,0.2558678984642029,0.3489997684955597,0.4371156096458435,0.4071192145347595,0.3935023844242096,0.3847286105155945,0.3694247305393219
51,1300,0.2727304995059967,0.00020824636158067733,0.358154296875,0.27398681640625,0.2003173828125,0.16754150390625,4,699,638,588,539,0.16631659865379333,0.2562353312969208,0.3479858934879303,0.43720975518226624,0.4067481458187103,0.3936392366886139,0.3833286762237549,0.36950406432151794
51,1320,0.2725588083267212,0.00020824636158067733,0.35760498046875,0.27520751953125,0.201171875,0.166015625,4,700,639,586,539,0.16648860275745392,0.25564342737197876,0.3482637107372284,0.43734318017959595,0.4068749248981476,0.39315131306648254,0.3837266266345978,0.3697134852409363
51,1340,0.27232953906059265,0.00020824636158067733,0.35791015625,0.27703857421875,0.19781494140625,0.167236328125,4,700,640,590,537,0.16682536900043488,0.25595739483833313,0.34789738059043884,0.4358603358268738,0.4073544144630432,0.39314520359039307,0.38323360681533813,0.36799171566963196
51,1360,0.2721877694129944,0.00020824636158067733,0.35809326171875,0.275634765625,0.2012939453125,0.16497802734375,4,698,638,588,540,0.16627705097198486,0.25602203607559204,0.3480850160121918,0.43647682666778564,0.4066866636276245,0.393603652715683,0.3833889961242676,0.3686264157295227
51,1380,0.2726452350616455,0.00020824636158067733,0.35931396484375,0.27484130859375,0.2003173828125,0.16552734375,4,700,641,591,539,0.16684666275978088,0.2567112445831299,0.3483894169330597,0.4370972514152527,0.4076225757598877,0.3942858874797821,0.3839607238769531,0.3693216145038605
51,1400,0.2729506194591522,0.00020824636158067733,0.358642578125,0.27581787109375,0.19964599609375,0.1658935546875,4,700,642,589,540,0.1675083488225937,0.2563171088695526,0.347964346408844,0.43828389048576355,0.40838995575904846,0.3937428891658783,0.38348665833473206,0.37096714973449707
51,1420,0.27293679118156433,0.00020824636158067733,0.358642578125,0.275146484375,0.200927734375,0.165283203125,4,698,641,588,537,0.16711001098155975,0.2563937306404114,0.3489706814289093,0.43767493963241577,0.40790310502052307,0.3939332962036133,0.38467806577682495,0.37026190757751465
51,1440,0.273182213306427,0.00020824636158067733,0.357177734375,0.27667236328125,0.20074462890625,0.1654052734375,4,697,642,586,538,0.16702285408973694,0.2571174204349518,0.3490770161151886,0.4371853172779083,0.40772682428359985,0.3949732780456543,0.38457992672920227,0.3691886067390442
51,1460,0.273369163274765,0.00020824636158067733,0.3564453125,0.27618408203125,0.2003173828125,0.16705322265625,4,700,643,589,538,0.16665586829185486,0.2568381726741791,0.34876129031181335,0.43799152970314026,0.4071182310581207,0.39456114172935486,0.3845111131668091,0.37031814455986023
51,1480,0.27309101819992065,0.00020824636158067733,0.35699462890625,0.2757568359375,0.20196533203125,0.165283203125,4,699,639,588,535,0.16687043011188507,0.2569034993648529,0.34920305013656616,0.436519593000412,0.40751224756240845,0.39453020691871643,0.3849869668483734,0.36845889687538147
51,1500,0.2722521722316742,0.00020824636158067733,0.35809326171875,0.27447509765625,0.20416259765625,0.16326904296875,4,696,640,589,543,0.1662542074918747,0.2556421756744385,0.34930479526519775,0.43630608916282654,0.40667569637298584,0.39304885268211365,0.38494908809661865,0.3682626783847809
51,1520,0.2718621492385864,0.00020824636158067733,0.35931396484375,0.2747802734375,0.20355224609375,0.162353515625,4,698,644,588,538,0.1663358509540558,0.2560301125049591,0.3485405147075653,0.43606770038604736,0.4068116843700409,0.3938055634498596,0.38397613167762756,0.3679516613483429
51,1540,0.2728261947631836,0.00020824636158067733,0.35760498046875,0.27545166015625,0.20416259765625,0.16278076171875,4,699,640,587,541,0.16704292595386505,0.2564089298248291,0.34967291355133057,0.43661433458328247,0.4078007638454437,0.3942705988883972,0.38545602560043335,0.36862871050834656
51,1560,0.27268344163894653,0.00020824636158067733,0.3597412109375,0.27294921875,0.2032470703125,0.1640625,4,698,642,588,533,0.1667475551366806,0.25571832060813904,0.3501409888267517,0.43723729252815247,0.4074419140815735,0.39349356293678284,0.3860659897327423,0.36913207173347473
51,1580,0.27279677987098694,0.00020824636158067733,0.35791015625,0.2757568359375,0.20184326171875,0.16448974609375,4,701,642,590,538,0.16707412898540497,0.2558828294277191,0.3497679531574249,0.4367416799068451,0.4077308475971222,0.39358678460121155,0.38574567437171936,0.3684214651584625
51,1600,0.27255967259407043,0.00020824636158067733,0.35845947265625,0.2735595703125,0.20367431640625,0.164306640625,4,699,641,587,537,0.166615292429924,0.2557649612426758,0.3494895398616791,0.43629321455955505,0.40707576274871826,0.39324527978897095,0.3851550817489624,0.36800849437713623
51,1620,0.2717874348163605,0.00020824636158067733,0.36041259765625,0.274169921875,0.20361328125,0.16180419921875,4,699,643,588,541,0.16648584604263306,0.2554900646209717,0.34950029850006104,0.4361644685268402,0.40714651346206665,0.39308658242225647,0.38516050577163696,0.36800819635391235
51,1640,0.2723478376865387,0.00020824636158067733,0.3585205078125,0.27471923828125,0.20269775390625,0.1640625,4,697,643,592,537,0.16650457680225372,0.2555586099624634,0.34910786151885986,0.4369205832481384,0.407002717256546,0.3931402564048767,0.38480502367019653,0.3689032196998596
51,1660,0.2723640203475952,0.00020824636158067733,0.35791015625,0.2747802734375,0.20477294921875,0.16253662109375,4,699,640,584,536,0.16667082905769348,0.2557009756565094,0.34940242767333984,0.4362158477306366,0.40731698274612427,0.3933080732822418,0.38496133685112,0.36801955103874207
51,1680,0.27204394340515137,0.00020824636158067733,0.35919189453125,0.2747802734375,0.20172119140625,0.164306640625,4,697,639,590,534,0.1664404273033142,0.255607545375824,0.3483427166938782,0.43671929836273193,0.4071148931980133,0.3930286169052124,0.38391390442848206,0.3684335947036743
51,1700,0.27227678894996643,0.00020824636158067733,0.35821533203125,0.27490234375,0.20489501953125,0.1619873046875,4,699,639,590,540,0.16652518510818481,0.2557632327079773,0.3494795262813568,0.43650567531585693,0.40715330839157104,0.3933035433292389,0.38531261682510376,0.36841097474098206
51,1720,0.27226561307907104,0.00020824636158067733,0.3594970703125,0.273681640625,0.2032470703125,0.16357421875,4,700,639,589,541,0.16670961678028107,0.2555607259273529,0.34913739562034607,0.43668586015701294,0.4074822962284088,0.3929848074913025,0.38480260968208313,0.3687896728515625
51,1740,0.2721773386001587,0.00020824636158067733,0.35784912109375,0.27587890625,0.20098876953125,0.165283203125,4,698,639,586,542,0.1659395396709442,0.25510719418525696,0.3492518365383148,0.4369566738605499,0.40630042552948,0.39226484298706055,0.3849739730358124,0.3689451217651367
51,1760,0.27282625436782837,0.00020824636158067733,0.3570556640625,0.27490234375,0.20391845703125,0.16412353515625,4,700,637,588,537,0.1667453944683075,0.2559988498687744,0.3494977653026581,0.43653178215026855,0.4073055684566498,0.39345845580101013,0.38520005345344543,0.3683322072029114
51,1780,0.27197927236557007,0.00020824636158067733,0.35992431640625,0.27496337890625,0.20184326171875,0.16326904296875,4,700,642,586,541,0.1669164001941681,0.25562572479248047,0.34926971793174744,0.43557894229888916,0.407605916261673,0.39304471015930176,0.3847636282444,0.3671894967556
51,1800,0.2725560665130615,0.00020824636158067733,0.35760498046875,0.27618408203125,0.20245361328125,0.16375732421875,4,701,641,589,544,0.167070209980011,0.25566136837005615,0.3490099608898163,0.4368841350078583,0.4077295660972595,0.3933960199356079,0.3845089375972748,0.368770033121109
51,1820,0.27236801385879517,0.00020824636158067733,0.3594970703125,0.27435302734375,0.20379638671875,0.162353515625,4,698,640,589,535,0.16710220277309418,0.25583916902542114,0.35029321908950806,0.4355713427066803,0.40785902738571167,0.3930172920227051,0.386272132396698,0.367279052734375
51,1840,0.2717273235321045,0.00020824636158067733,0.359375,0.27630615234375,0.20025634765625,0.1640625,4,700,638,590,540,0.16660049557685852,0.25494661927223206,0.34815356135368347,0.436979740858078,0.4072761535644531,0.392167329788208,0.38356128334999084,0.3691370189189911
51,1860,0.2725101709365845,0.00020824636158067733,0.35443115234375,0.27685546875,0.207763671875,0.16094970703125,4,695,640,589,535,0.16617977619171143,0.25522923469543457,0.34993287920951843,0.43644648790359497,0.40660181641578674,0.3927304446697235,0.38573238253593445,0.36825937032699585
51,1880,0.2729867994785309,0.00020824636158067733,0.35546875,0.27532958984375,0.20440673828125,0.164794921875,4,699,640,587,539,0.16646708548069,0.2556610703468323,0.35005447268486023,0.4361081123352051,0.4069104492664337,0.3931424021720886,0.3857893943786621,0.36777615547180176
51,1900,0.27282625436782837,0.00020824636158067733,0.35467529296875,0.2781982421875,0.20355224609375,0.16357421875,4,700,641,588,540,0.16653041541576385,0.25568756461143494,0.3501712381839752,0.43620601296424866,0.4070539176464081,0.39321208000183105,0.385925829410553,0.3677918314933777
51,1920,0.27229955792427063,0.00020824636158067733,0.3564453125,0.27642822265625,0.20465087890625,0.1624755859375,4,700,639,587,540,0.16643434762954712,0.25504711270332336,0.3493773639202118,0.4368177056312561,0.40686753392219543,0.3925594985485077,0.3849104940891266,0.368694007396698
51,1940,0.272162526845932,0.00020824636158067733,0.35748291015625,0.27593994140625,0.201904296875,0.1646728515625,4,700,637,587,542,0.16622081398963928,0.25504106283187866,0.3491020202636719,0.4365030825138092,0.40675508975982666,0.39232808351516724,0.38464105129241943,0.3683926463127136
51,1960,0.271979421377182,0.00020824636158067733,0.35968017578125,0.2734375,0.20465087890625,0.1622314453125,4,699,641,585,539,0.16677001118659973,0.255318820476532,0.34942230582237244,0.43562591075897217,0.4075191915035248,0.3926398754119873,0.3849372863769531,0.3672575354576111
51,1980,0.27125084400177,0.00020824636158067733,0.359375,0.27606201171875,0.20159912109375,0.1629638671875,4,699,638,587,536,0.16603870689868927,0.2546248733997345,0.34832924604415894,0.43608173727989197,0.40644460916519165,0.3919004499912262,0.38379690051078796,0.36783385276794434
51,2000,0.272358775138855,0.00020824636158067733,0.3585205078125,0.27301025390625,0.2059326171875,0.16253662109375,4,701,640,588,539,0.1668315827846527,0.2550122141838074,0.3499855697154999,0.4359130859375,0.40760934352874756,0.39241424202919006,0.38572707772254944,0.3676851689815521
