seed,phase,epoch,temperature,mean_f,best_f,p_left,p_right,occupied_basins,unique_left,unique_right,mean_f_left,mean_f_right,spread_left,spread_right,reverse_kl,kl_allocation,kl_shape,forward_kl
42,anneal,0,0.2,0.7616021633148193,0.00020824636158067733,0.49444580078125,0.50555419921875,2,1327,1137,0.7463897466659546,0.7764802575111389,0.7188590168952942,0.6498392224311829,12.092306321607076,1.349174792597889,10.743131529009187,2.3026137374333504
42,anneal,20,0.19453098948245712,0.5849266052246094,0.00020824636158067733,0.55169677734375,0.44830322265625,2,1316,1087,0.5304509997367859,0.6519662141799927,0.6546681523323059,0.5978074073791504,8.565532100860047,1.1252415369951694,7.4402905638648775,1.9408322651076761
42,anneal,40,0.1892115293451192,0.443618506193161,0.00020824636158067733,0.62139892578125,0.37860107421875,2,1275,977,0.3890286386013031,0.5332170724868774,0.5911110639572144,0.540361762046814,5.869088262219712,0.8705796356128083,4.998508626606904,1.6336246300713557
42,anneal,60,0.18403753012497504,0.34729278087615967,0.00020824636158067733,0.67047119140625,0.32952880859375,2,1194,860,0.2969202697277069,0.4497824013233185,0.5344658493995667,0.4851316809654236,4.107301593347266,0.7036306933959178,3.403670899951348,1.412828899487724
42,anneal,80,0.1790050141855945,0.29410281777381897,0.00020824636158067733,0.6947021484375,0.3052978515625,2,1128,784,0.24638451635837555,0.40268537402153015,0.49349430203437805,0.44310835003852844,3.172158841645988,0.6251706540545268,2.5469881875914613,1.2662752028088309
42,anneal,100,0.17411011265922482,0.26119711995124817,0.00020824636158067733,0.718017578125,0.281982421875,2,1065,726,0.2153284251689911,0.37799346446990967,0.4631451964378357,0.41383862495422363,2.6123466104365534,0.5522890424518239,2.06005756798473,1.1461350436700033
42,anneal,120,0.16934906247250545,0.24078355729579926,0.00020824636158067733,0.7283935546875,0.2716064453125,2,1012,689,0.19543024897575378,0.3624120056629181,0.44165030121803284,0.39405301213264465,2.266056153728833,0.5207106395752846,1.7453455141535485,1.0613877118782713
42,anneal,140,0.16471820345351462,0.22577762603759766,0.00020824636158067733,0.74224853515625,0.25775146484375,2,970,655,0.18206116557121277,0.35166817903518677,0.4262678325176239,0.37835371494293213,2.0187194699171513,0.4793951655864813,1.5393243043306701,0.9805549305244515
42,anneal,160,0.16021397551792443,0.21404334902763367,0.00020824636158067733,0.75079345703125,0.24920654296875,2,954,637,0.17108547687530518,0.3434641659259796,0.4131423830986023,0.3654347062110901,1.8316545286599464,0.4544123882206277,1.377242140439319,0.9124382687739147
42,anneal,180,0.1558329159321,0.2057228684425354,0.00020824636158067733,0.7586669921875,0.2413330078125,2,921,617,0.1632351279258728,0.3392895460128784,0.4034222364425659,0.3579435348510742,1.7014243547900705,0.43173784041010005,1.2696865143799707,0.8594681559268086
42,anneal,200,0.1515716566510398,0.19849996268749237,0.00020824636158067733,0.7696533203125,0.2303466796875,2,908,606,0.15710632503032684,0.33680784702301025,0.39580950140953064,0.3523971140384674,1.5929106225402947,0.4006665585979243,1.1922440639423706,0.8127442877746237
42,anneal,220,0.14742692172911012,0.1909123957157135,0.00020824636158067733,0.779541015625,0.220458984375,2,884,585,0.15033771097660065,0.3343840539455414,0.387167364358902,0.3460604250431061,1.4813560020372378,0.37328400984020893,1.1080719921970288,0.7631291341828931
42,anneal,240,0.14339552480158274,0.18339014053344727,0.00020824636158067733,0.7939453125,0.2060546875,2,872,559,0.14515545964241028,0.3307114839553833,0.38056403398513794,0.3397243320941925,1.374405121170831,0.3344168582453044,1.0399882629255266,0.7184100509627772
42,anneal,260,0.13947436663504054,0.17789660394191742,0.00020824636158067733,0.80340576171875,0.19659423828125,2,859,545,0.14105632901191711,0.3284488320350647,0.37512582540512085,0.3362886905670166,1.2937430950862208,0.3095759864048768,0.9841671086813439,0.6828396492134946
42,anneal,280,0.1356604327447672,0.1734025627374649,0.00020824636158067733,0.8138427734375,0.1861572265625,2,846,539,0.13808083534240723,0.3278222978115082,0.37102988362312317,0.3351347744464874,1.2288945159054592,0.28282936241077006,0.9460651534946894,0.6486177446501845
42,anneal,300,0.13195079107728944,0.1670900285243988,0.00020824636158067733,0.826904296875,0.173095703125,2,838,516,0.13378840684890747,0.32617688179016113,0.36533427238464355,0.33027005195617676,1.1421110886533015,0.25037417668653045,0.8917369119667712,0.6064318081923578
42,anneal,320,0.12834258975629043,0.16157466173171997,0.00020824636158067733,0.83782958984375,0.16217041015625,2,833,495,0.13015872240066528,0.32388052344322205,0.36035916209220886,0.3271295726299286,1.065309959642228,0.22414017148941523,0.841169788152813,0.5705482646887706
42,anneal,340,0.1248330548901612,0.15659698843955994,0.00020824636158067733,0.84796142578125,0.15203857421875,2,830,486,0.1264898031949997,0.32451313734054565,0.3553374111652374,0.3262993097305298,0.9963412041781439,0.20059597121483957,0.7957452329633043,0.535516629461856
42,anneal,360,0.1214194884395047,0.15085816383361816,0.00020824636158067733,0.85833740234375,0.14166259765625,2,816,466,0.12240269780158997,0.3232705891132355,0.349541574716568,0.3234383165836334,0.9204902892472191,0.1773105946394824,0.7431796946077367,0.4954640164075702
42,anneal,380,0.11809926614295303,0.14503386616706848,0.00020824636158067733,0.8721923828125,0.1278076171875,2,812,447,0.11952988058328629,0.31907984614372253,0.34530016779899597,0.3191474378108978,0.8425721931636971,0.147609283451466,0.6949629097122311,0.4568293327253944
42,anneal,400,0.11486983549970349,0.14017973840236664,0.00020824636158067733,0.88079833984375,0.11920166015625,2,800,432,0.11609342694282532,0.3181570768356323,0.34042710065841675,0.31904739141464233,0.7791255355880011,0.1300184291061799,0.649107106481821,0.426956225070828
42,anneal,420,0.111728713807222,0.13594436645507812,0.00020824636158067733,0.88848876953125,0.11151123046875,2,798,431,0.11317484080791473,0.31736522912979126,0.3359852433204651,0.3188548982143402,0.72233670554143,0.11489486575628773,0.6074418397851422,0.39704783489353057
42,anneal,440,0.10867348625260581,0.13094870746135712,0.00020824636158067733,0.8956298828125,0.1043701171875,2,785,415,0.10954838991165161,0.3145909011363983,0.33059969544410706,0.31538817286491394,0.660441702512081,0.10138564506784613,0.5590560574442349,0.36431398975466645
42,anneal,460,0.10570180405613804,0.12638194859027863,0.00020824636158067733,0.9014892578125,0.0985107421875,2,774,398,0.10612516850233078,0.31175515055656433,0.3254300653934479,0.31361398100852966,0.6033050832922626,0.09070737457594974,0.5125977087163127,0.3388709484431477
42,anneal,480,0.10281138266560666,0.12277037650346756,0.00020824636158067733,0.90692138671875,0.09307861328125,2,768,392,0.10344523191452026,0.31106698513031006,0.3213749825954437,0.31340542435646057,0.5595718577789839,0.08115279465385349,0.47841906312513005,0.31709057217151193
42,anneal,500,0.1,0.1200171634554863,0.00020824636158067733,0.9111328125,0.0888671875,2,761,393,0.10155747830867767,0.3092796504497528,0.31829413771629333,0.3118879497051239,0.5258869012033855,0.07398502490810883,0.45190187629527634,0.2977286136381029
42,anneal,520,0.09726549474122856,0.11600524932146072,0.00020824636158067733,0.9161376953125,0.0838623046875,2,752,378,0.09845587611198425,0.3077198565006256,0.3136216700077057,0.3123287260532379,0.47899541704847337,0.06575252915051227,0.41324288789796104,0.28025953034441253
42,anneal,540,0.0946057646725596,0.11375391483306885,0.00020824636158067733,0.9183349609375,0.0816650390625,2,738,383,0.09649699926376343,0.3078104257583618,0.31026092171669006,0.3120793402194977,0.4526239625303887,0.06224024768643278,0.3903837148439562,0.26193343462429974
42,anneal,560,0.09201876506248752,0.11076164245605469,0.00020824636158067733,0.921875,0.078125,2,732,370,0.09398266673088074,0.30875352025032043,0.3062758147716522,0.3131551742553711,0.4202413921886645,0.05671768785776018,0.3635237043309042,0.24593551383506773
42,anneal,580,0.08950250709279725,0.10704212635755539,0.00020824636158067733,0.92620849609375,0.07379150390625,2,721,354,0.09103761613368988,0.3079259991645813,0.3016074299812317,0.312563955783844,0.38217473145069647,0.05019501668506596,0.33197971476563054,0.22909646416585228
42,anneal,600,0.08705505632961241,0.10420504957437515,0.00020824636158067733,0.92840576171875,0.07159423828125,2,705,358,0.08851069957017899,0.30772313475608826,0.2972925305366516,0.3117517828941345,0.35197401758724567,0.04699183396758612,0.3049821836196594,0.2126546306833209
42,anneal,620,0.08467453123625272,0.10109803825616837,0.00020824636158067733,0.93316650390625,0.06683349609375,2,706,352,0.08644566684961319,0.30568256974220276,0.29389429092407227,0.31070539355278015,0.322546721640002,0.04030366254933569,0.28224305909066605,0.19791805878114455
42,anneal,640,0.08235910172675731,0.09859885275363922,0.00020824636158067733,0.93597412109375,0.06402587890625,2,697,340,0.08435479551553726,0.3068280816078186,0.290290892124176,0.31222599744796753,0.29783855247679725,0.036528270216182414,0.2613102822606151,0.18496940901306724
42,anneal,660,0.0801069877589622,0.09564433991909027,0.00020824636158067733,0.9395751953125,0.0604248046875,2,683,337,0.08214039355516434,0.3056239187717438,0.28651660680770874,0.31091806292533875,0.27033126355691905,0.03187929391921536,0.23845196963770376,0.1727860496764354
42,anneal,680,0.07791645796604998,0.09298618882894516,0.00020824636158067733,0.94525146484375,0.05474853515625,2,682,316,0.08099737018346786,0.29997718334198,0.28443536162376404,0.3032885789871216,0.24636067659613303,0.02502050455658849,0.22134017203954467,0.16066339072196778
42,anneal,700,0.07578582832551992,0.08991985023021698,0.00020824636158067733,0.949462890625,0.050537109375,2,672,306,0.07881401479244232,0.29857006669044495,0.28062403202056885,0.30001428723335266,0.22029541546381637,0.02033120354440089,0.1999642119194155,0.14812886947104043
42,anneal,720,0.07371346086455506,0.08707307279109955,0.00020824636158067733,0.95263671875,0.04736328125,2,661,297,0.07655180245637894,0.29869168996810913,0.2765962481498718,0.29898199439048767,0.19723128526694467,0.01704011656421043,0.18019116870273422,0.13673012562569264
42,anneal,740,0.07169776240079137,0.08433277904987335,0.00020824636158067733,0.9561767578125,0.0438232421875,2,658,277,0.07450427860021591,0.298780232667923,0.27291780710220337,0.296705037355423,0.17522919420317606,0.01363352754909564,0.16159566665408043,0.1261323582445787
42,anneal,760,0.06973718331752027,0.08202259242534637,0.00020824636158067733,0.959228515625,0.040771484375,2,643,270,0.07282576709985733,0.2983958423137665,0.2697460353374481,0.2932375371456146,0.15848065653718635,0.01093621844905495,0.14754443808813142,0.11616407339963397
42,anneal,780,0.0678302163723836,0.07958541810512543,0.00020824636158067733,0.96221923828125,0.03778076171875,2,634,251,0.07104219496250153,0.29716840386390686,0.26646655797958374,0.29020994901657104,0.1427550288574011,0.008523985792407276,0.1342310430649939,0.10745085600567317
42,anneal,800,0.06597539553864472,0.07693690061569214,0.00020824636158067733,0.96563720703125,0.03436279296875,2,632,238,0.0691862553358078,0.29473960399627686,0.2629473805427551,0.28570398688316345,0.12685150610942486,0.006069872292021352,0.12078163381740353,0.09877884613590349
42,anneal,820,0.06417129487814521,0.0744146928191185,0.00020824636158067733,0.9688720703125,0.0311279296875,2,614,220,0.06729323416948318,0.2960735261440277,0.2593730092048645,0.2838188409805298,0.11130032214006036,0.004071449941967901,0.10722887219809249,0.09073559031887479
42,anneal,840,0.0624165274450806,0.0723271369934082,0.00020824636158067733,0.9720458984375,0.0279541015625,2,607,210,0.06590813398361206,0.29553425312042236,0.2566978633403778,0.28306326270103455,0.10111584820716502,0.0024483130419040468,0.09866753516526092,0.08485793906649841
42,anneal,860,0.06070974421975235,0.07003667950630188,0.00020824636158067733,0.97509765625,0.02490234375,2,602,201,0.06437316536903381,0.2918020486831665,0.2536897659301758,0.27531686425209045,0.08766136803770763,0.0012374103964178903,0.0864239576412898,0.0787758541707465
42,anneal,880,0.059049633071476516,0.06728614866733551,0.00020824636158067733,0.97821044921875,0.02178955078125,2,591,181,0.06236158311367035,0.2883671224117279,0.24969598650932312,0.26398006081581116,0.0764562307596961,0.0003987212873747298,0.07605750947232136,0.07353408370611059
42,anneal,900,0.057434917749851745,0.0651920735836029,0.00020824636158067733,0.9808349609375,0.0191650390625,2,578,167,0.060855504125356674,0.2871306240558624,0.24667465686798096,0.2586956024169922,0.06525401814743503,4.3232003280540806e-05,0.06521078614415451,0.06970793075808823
42,anneal,920,0.055864356903610995,0.06320895254611969,0.00020824636158067733,0.98321533203125,0.01678466796875,2,574,161,0.059425607323646545,0.2848305404186249,0.2437516450881958,0.25267812609672546,0.05588967374225007,3.726014047560934e-05,0.055852413601774495,0.06647614319146877
42,anneal,940,0.05433674312630291,0.06109775975346565,0.00020824636158067733,0.985107421875,0.014892578125,2,571,139,0.057706642895936966,0.2854118347167969,0.24020683765411377,0.244293212890625,0.05017391403108462,0.0002757583361745336,0.049898155694909914,0.06467923016382182
42,anneal,960,0.052850902028069024,0.05923710763454437,0.00020824636158067733,0.987060546875,0.012939453125,2,557,127,0.05627463012933731,0.28522396087646484,0.2371765524148941,0.23585738241672516,0.04551271090186759,0.0007789606345512323,0.044733750267316255,0.06385841226503752
42,anneal,980,0.05140569133280333,0.05743211880326271,0.00020824636158067733,0.98907470703125,0.01092529296875,2,549,112,0.054941948503255844,0.2828693389892578,0.2343665212392807,0.22797901928424835,0.0410402134950445,0.001612424528797899,0.039427788966246755,0.06375684248698443
42,anneal,1000,0.05,0.05586495250463486,0.00020824636158067733,0.99005126953125,0.00994873046875,1,541,102,0.053557779639959335,0.2854641377925873,0.23140683770179749,0.22229816019535065,0.03707434090775763,0.002147958422893832,0.03492638248486371,0.06413773955202695
42,anneal,1020,0.05,0.05445575341582298,0.00020824636158067733,0.990966796875,0.009033203125,1,529,93,0.05231903865933418,0.28885942697525024,0.22869659960269928,0.21726036071777344,0.03393822863309737,0.0027379087371749494,0.0312003198959223,0.06548865334545761
42,anneal,1040,0.05,0.05335650220513344,0.00020824636158067733,0.9923095703125,0.0076904296875,1,528,79,0.051549311727285385,0.28654131293296814,0.22702224552631378,0.20999674499034882,0.031272317865123966,0.003775705719159918,0.027496612145964102,0.06701815621702034
42,anneal,1060,0.05,0.05282431095838547,0.00020824636158067733,0.99273681640625,0.00726318359375,1,529,81,0.051097843796014786,0.28879880905151367,0.22600966691970825,0.20683780312538147,0.031574325745360454,0.004153689181115446,0.02742063656424504,0.06818570158131687
42,anneal,1080,0.05,0.05241861194372177,0.00020824636158067733,0.9931640625,0.0068359375,1,525,76,0.0507626049220562,0.2930118441581726,0.22528542578220367,0.2039143145084381,0.03134094254365749,0.004557003154804356,0.026783939388853203,0.0688715027724559
42,anneal,1100,0.05,0.05171666294336319,0.00020824636158067733,0.99407958984375,0.00592041015625,1,518,64,0.050256311893463135,0.2969205379486084,0.22413919866085052,0.20200838148593903,0.03075756237395666,0.005514142368249763,0.025243420005706833,0.07115490675707614
42,anneal,1120,0.05,0.05170803144574165,0.00020824636158067733,0.9945068359375,0.0054931640625,1,523,61,0.05034932494163513,0.29769542813301086,0.22433581948280334,0.19478392601013184,0.031008037142065348,0.006008349119141512,0.024999688022923756,0.07202188983567093
42,anneal,1140,0.05,0.051443230360746384,0.00020824636158067733,0.99481201171875,0.00518798828125,1,524,57,0.05014868080615997,0.2996766269207001,0.2239217609167099,0.194480761885643,0.030617872253252187,0.006381676616086091,0.02423619563716618,0.07224414246659061
42,anneal,1160,0.05,0.05107080936431885,0.00020824636158067733,0.994873046875,0.005126953125,1,520,61,0.04977389797568321,0.30273500084877014,0.22308987379074097,0.19596219062805176,0.03080979754323465,0.0064584747498868415,0.02435132279334777,0.07266698005762218
42,anneal,1180,0.05,0.05093306303024292,0.00020824636158067733,0.9951171875,0.0048828125,1,518,57,0.04967936873435974,0.30643483996391296,0.2228783220052719,0.1926478147506714,0.02979888336286507,0.006773059614540458,0.02302582374832461,0.0735394626760556
42,anneal,1200,0.05,0.05096814036369324,0.00020824636158067733,0.9951171875,0.0048828125,1,520,57,0.04972417652606964,0.30448776483535767,0.22297455370426178,0.19514289498329163,0.02938746036689821,0.006773059614540458,0.02261440075235764,0.0728574223983035
42,anneal,1220,0.05,0.051153603941202164,0.00020824636158067733,0.99517822265625,0.00482177734375,1,520,58,0.049917422235012054,0.30629271268844604,0.22339995205402374,0.1960977017879486,0.029212428642686916,0.006853599324309117,0.022358829318377675,0.07266001798481947
42,anneal,1240,0.05,0.051019880920648575,0.00020824636158067733,0.99530029296875,0.00469970703125,1,515,57,0.049815285950899124,0.3061273396015167,0.22315740585327148,0.1941041797399521,0.028498501437034918,0.007017017732173234,0.021481483704861748,0.07247916602566173
42,anneal,1260,0.05,0.050971582531929016,0.00020824636158067733,0.99530029296875,0.00469970703125,1,516,58,0.04976186528801918,0.30716586112976074,0.2230665385723114,0.19628220796585083,0.028565429747878568,0.007017017732173234,0.021548412015705204,0.0721061024530375
42,anneal,1280,0.05,0.050932012498378754,0.00020824636158067733,0.99554443359375,0.00445556640625,1,514,52,0.04977064207196236,0.31042492389678955,0.22306671738624573,0.1956435889005661,0.028640267883211834,0.0073534970830356735,0.02128677080017604,0.07302477211553404
42,anneal,1300,0.05,0.050986554473638535,0.00020824636158067733,0.99560546875,0.00439453125,1,514,49,0.049832772463560104,0.312383770942688,0.22320656478405,0.1962663233280182,0.028738664441526396,0.0074396887112326915,0.021298975730293872,0.07280038709061254
42,anneal,1320,0.05,0.05081678554415703,0.00020824636158067733,0.9957275390625,0.0042724609375,1,510,48,0.04968953877687454,0.3135300874710083,0.22289985418319702,0.19632835686206818,0.030038204793719103,0.007614638346629044,0.022423566447089864,0.07307045615081942
42,anneal,1340,0.05,0.05074450001120567,0.00020824636158067733,0.9962158203125,0.0037841796875,1,512,43,0.04974301531910896,0.31439459323883057,0.223026841878891,0.19753892719745636,0.029393017008452205,0.008350526427610229,0.021042490580841972,0.07413937802695936
42,anneal,1360,0.05,0.050765953958034515,0.00020824636158067733,0.99627685546875,0.00372314453125,1,512,42,0.049772944301366806,0.3164849877357483,0.22309479117393494,0.19843444228172302,0.02932416585846198,0.00844680268837621,0.02087736317008578,0.07428016991682151
42,anneal,1380,0.05,0.05084189027547836,0.00020824636158067733,0.9964599609375,0.0035400390625,1,518,43,0.04989634081721306,0.316998690366745,0.2233666181564331,0.1977267563343048,0.02923556404876848,0.008741724911608123,0.02049383913716027,0.07471216610494802
42,anneal,1400,0.05,0.05069978907704353,0.00020824636158067733,0.9964599609375,0.0035400390625,1,516,42,0.049757812172174454,0.3158497214317322,0.22305068373680115,0.1981596052646637,0.028133214778982563,0.008741724911608123,0.019391489867374316,0.07421868703451973
42,anneal,1420,0.05,0.05087006837129593,0.00020824636158067733,0.996337890625,0.003662109375,1,519,44,0.049905385822057724,0.3133277893066406,0.2233893871307373,0.1983666867017746,0.028944254350982135,0.008544083309507327,0.020400171041474634,0.07319658451953936
42,anneal,1440,0.05,0.050939492881298065,0.00020824636158067733,0.99658203125,0.00341796875,1,520,41,0.0500386580824852,0.31359854340553284,0.2236703336238861,0.19553504884243011,0.02880627010036818,0.008943591623515849,0.019862678476852448,0.07384101389536435
42,anneal,1460,0.05,0.05074770003557205,0.00020824636158067733,0.99688720703125,0.00311279296875,1,516,39,0.04993114620447159,0.31225308775901794,0.22342993319034576,0.1942058801651001,0.027709364694793237,0.009467758166895216,0.018241606527898052,0.07465588335682904
42,anneal,1480,0.05,0.05116737633943558,0.00020824636158067733,0.9964599609375,0.0035400390625,1,519,42,0.05023140087723732,0.3146289885044098,0.2241019904613495,0.1986226588487625,0.027774379399680527,0.008741724911608123,0.01903265448807241,0.07258723094193764
42,anneal,1500,0.05,0.05103031545877457,0.00020824636158067733,0.99639892578125,0.00360107421875,1,518,45,0.0500829704105854,0.31315553188323975,0.22376447916030884,0.19867131114006042,0.027725971929804416,0.008642384969325956,0.01908358696047848,0.07222652994161971
42,anneal,1520,0.05,0.0508563369512558,0.00020824636158067733,0.99639892578125,0.00360107421875,1,516,44,0.04990953952074051,0.3128308355808258,0.2233951836824417,0.2001831978559494,0.02702974394943425,0.008642384969325956,0.018387358980108313,0.07149142245245665
42,anneal,1540,0.05,0.05068473890423775,0.00020824636158067733,0.9964599609375,0.0035400390625,1,513,44,0.04976154491305351,0.31055018305778503,0.22306150197982788,0.19996950030326843,0.02685384972593141,0.008741724911608123,0.01811212481432316,0.0719682943679093
42,anneal,1560,0.05,0.050649493932724,0.00020824636158067733,0.99658203125,0.00341796875,1,517,41,0.049760930240154266,0.30973106622695923,0.223056361079216,0.19717998802661896,0.027433916904747946,0.008943591623515849,0.01849032528123214,0.07231007728907779
42,anneal,1580,0.05,0.05091450735926628,0.00020824636158067733,0.99627685546875,0.00372314453125,1,516,44,0.04994654655456543,0.30993032455444336,0.22346846759319305,0.20233777165412903,0.027130487484292587,0.00844680268837621,0.018683684795916547,0.07051500297595548
42,anneal,1600,0.05,0.050700969994068146,0.00020824636158067733,0.99627685546875,0.00372314453125,1,515,46,0.04973074048757553,0.31032636761665344,0.222989022731781,0.20195016264915466,0.026868656670750113,0.00844680268837621,0.018421853982373875,0.0713163893312615
42,anneal,1620,0.05,0.051072392612695694,0.00020824636158067733,0.99603271484375,0.00396728515625,1,518,48,0.05003663897514343,0.3111107647418976,0.22365066409111023,0.20486940443515778,0.026786428476235358,0.008067564943455537,0.018718863532779715,0.06951030874981579
42,anneal,1640,0.05,0.05090729892253876,0.00020824636158067733,0.99615478515625,0.00384521484375,1,523,46,0.049902986735105515,0.3110879957675934,0.2233700156211853,0.20395098626613617,0.026773962301568588,0.008255238386976622,0.018518723914592024,0.06912994259684846
42,anneal,1660,0.05,0.05084182322025299,0.00020824636158067733,0.99609375,0.00390625,1,517,47,0.04982692003250122,0.30964183807373047,0.22321155667304993,0.2057172954082489,0.02587392249571252,0.008160922938703897,0.017712999557008578,0.0684283699745013
42,anneal,1680,0.05,0.050826363265514374,0.00020824636158067733,0.99615478515625,0.00384521484375,1,517,45,0.049837708473205566,0.30694952607154846,0.2232312709093094,0.20474795997142792,0.025771116001315875,0.008255238386976622,0.017515877614339332,0.0681624160940576
42,anneal,1700,0.05,0.0510801300406456,0.00020824636158067733,0.99591064453125,0.00408935546875,1,517,47,0.05002043768763542,0.3091554343700409,0.223633274435997,0.2092631608247757,0.025701700222462875,0.007883663062952483,0.0178180371595104,0.06705916340499452
42,anneal,1720,0.05,0.05078482627868652,0.00020824636158067733,0.99609375,0.00390625,1,520,46,0.049777254462242126,0.3077155649662018,0.2230910360813141,0.21044759452342987,0.025481971890449984,0.008160922938703897,0.017321048951746177,0.0675860038979611
42,anneal,1740,0.05,0.05092622712254524,0.00020824636158067733,0.9959716796875,0.0040283203125,1,516,49,0.0498923659324646,0.30654022097587585,0.22333598136901855,0.21242749691009521,0.02513832609130162,0.007975149727784719,0.017163176363517066,0.06668049794163589
42,anneal,1760,0.05,0.05092557519674301,0.00020824636158067733,0.99591064453125,0.00408935546875,1,516,48,0.0498763732612133,0.30644509196281433,0.2233157902956009,0.21492205560207367,0.025510797233629035,0.007883663062952483,0.01762713417067654,0.06585285488901926
42,anneal,1780,0.05,0.051077187061309814,0.00020824636158067733,0.99591064453125,0.00408935546875,1,517,51,0.05004192516207695,0.3032001554965973,0.22369389235973358,0.21428219974040985,0.024749241405707778,0.007883663062952483,0.01686557834275528,0.06496478851542842
42,anneal,1800,0.05,0.051277045160532,0.00020824636158067733,0.9952392578125,0.0047607421875,1,508,53,0.05005199462175369,0.30737513303756714,0.22370874881744385,0.21811999380588531,0.02466289982131542,0.006934915394965589,0.017727984426349767,0.06356565601956599
42,anneal,1820,0.05,0.05121451988816261,0.00020824636158067733,0.9951171875,0.0048828125,1,513,58,0.04996267333626747,0.30634111166000366,0.22351610660552979,0.22711533308029175,0.024178419720747968,0.006773059614540458,0.017405360106207406,0.06295775074315524
42,anneal,1840,0.05,0.051189567893743515,0.00020824636158067733,0.9949951171875,0.0050048828125,1,510,58,0.0499291755259037,0.3017614483833313,0.22344154119491577,0.22911512851715088,0.024128569486684626,0.00661427088417659,0.01751429860250797,0.06194605059929226
42,anneal,1860,0.05,0.051131509244441986,0.00020824636158067733,0.99493408203125,0.00506591796875,1,508,61,0.04986263066530228,0.3003372251987457,0.223288431763649,0.23340460658073425,0.023463100195122877,0.0065360032543423496,0.01692709694078054,0.06150418856916284
42,anneal,1880,0.05,0.05132689327001572,0.00020824636158067733,0.99493408203125,0.00506591796875,1,513,61,0.05007311329245567,0.29756730794906616,0.22375814616680145,0.23582585155963898,0.022829725414531765,0.0065360032543423496,0.0162937221601894,0.06054253025715506
42,anneal,1900,0.05,0.051312156021595,0.00020824636158067733,0.994873046875,0.005126953125,1,512,63,0.05003441497683525,0.29925429821014404,0.22366948425769806,0.2378471940755844,0.023300272390962107,0.0064584747498868415,0.01684179764107525,0.06088913616324343
42,anneal,1920,0.05,0.05142325535416603,0.00020824636158067733,0.9947509765625,0.0052490234375,1,516,64,0.050141628831624985,0.2943066358566284,0.22390514612197876,0.23698174953460693,0.02261794807437667,0.006305600304230138,0.016312347770146448,0.059365558736974244
42,anneal,1940,0.05,0.0511707179248333,0.00020824636158067733,0.994873046875,0.005126953125,1,513,64,0.049899809062480927,0.2977866530418396,0.2233613282442093,0.23831428587436676,0.023153417620243033,0.0064584747498868415,0.016694942870356104,0.05960270769057596
42,anneal,1960,0.05,0.050948258489370346,0.00020824636158067733,0.99517822265625,0.00482177734375,1,508,57,0.04973452910780907,0.30145296454429626,0.22300447523593903,0.2254720777273178,0.023644537534174503,0.006853599324309117,0.016790938209865266,0.06124586661528364
42,anneal,1980,0.05,0.0510190911591053,0.00020824636158067733,0.9949951171875,0.0050048828125,1,517,58,0.04976581782102585,0.3001767694950104,0.2230723798274994,0.2340070605278015,0.02352501218430092,0.00661427088417659,0.016910741300124363,0.06005529486057848
42,anneal,2000,0.05,0.05076600983738899,0.00020824636158067733,0.9949951171875,0.0050048828125,1,514,59,0.04952152818441391,0.29817554354667664,0.22251437604427338,0.23456597328186035,0.023629350136808114,0.00661427088417659,0.01701507925263155,0.05987822660310693
43,anneal,0,0.2,0.6960572004318237,0.00020824636158067733,0.4755859375,0.5244140625,2,1331,1142,0.6155489683151245,0.7690693140029907,0.7225677967071533,0.6648993492126465,10.846749259992258,1.4258183534112656,9.420930906580992,2.3589117863236626
43,anneal,20,0.19453098948245712,0.5200576186180115,0.00020824636158067733,0.547119140625,0.452880859375,2,1300,1089,0.4431245028972626,0.612999439239502,0.6446661353111267,0.5941424369812012,7.356563597310206,1.1426622054140223,6.213901391896184,1.9885876748273605
43,anneal,40,0.1892115293451192,0.38955414295196533,0.00020824636158067733,0.6217041015625,0.3782958984375,2,1238,975,0.324325829744339,0.4967525005340576,0.5668338537216187,0.5227751731872559,4.907566113590484,0.8695091569318465,4.038056956658638,1.688082844183302
43,anneal,60,0.18403753012497504,0.3150582015514374,0.00020824636158067733,0.66949462890625,0.33050537109375,2,1158,862,0.2576863765716553,0.43127453327178955,0.5069385170936584,0.4722394347190857,3.5784031220066126,0.7068492240088666,2.871553897997746,1.4812105759781136
43,anneal,80,0.1790050141855945,0.2763536274433136,0.00020824636158067733,0.703857421875,0.296142578125,2,1085,776,0.22660678625106812,0.39458951354026794,0.4749113619327545,0.4356136918067932,2.896671676554625,0.5962401612409453,2.30043151531368,1.3175717979472412
43,anneal,100,0.17411011265922482,0.2539096772670746,0.00020824636158067733,0.72955322265625,0.27044677734375,2,1056,717,0.20859146118164062,0.37615934014320374,0.4564461410045624,0.4127695858478546,2.50037459274764,0.5172148639521588,1.983159728795481,1.1844889712271853
43,anneal,120,0.16934906247250545,0.23663848638534546,0.00020824636158067733,0.74273681640625,0.25726318359375,2,1021,691,0.19278831779956818,0.3632369935512543,0.4389229118824005,0.3950537145137787,2.204762430421134,0.4779572171424358,1.726805213278698,1.0780156622356318
43,anneal,140,0.16471820345351462,0.22369596362113953,0.00020824636158067733,0.7479248046875,0.2520751953125,2,981,663,0.18026787042617798,0.3525501489639282,0.42439791560173035,0.38028258085250854,1.9884965558910253,0.46275638366637967,1.5257401722246453,0.998923328858584
43,anneal,160,0.16021397551792443,0.2137170135974884,0.00020824636158067733,0.75665283203125,0.24334716796875,2,950,642,0.17154425382614136,0.3448472321033478,0.4139527678489685,0.368766725063324,1.8258802407679795,0.43750637142272464,1.3883738693452548,0.931514647004153
43,anneal,180,0.1558329159321,0.20593947172164917,0.00020824636158067733,0.7601318359375,0.2398681640625,2,922,620,0.1637556105852127,0.3396183252334595,0.40421536564826965,0.36035746335983276,1.7029236127712792,0.42755645511493934,1.27536715765634,0.8762729266534027
43,anneal,200,0.1515716566510398,0.1975361406803131,0.00020824636158067733,0.77001953125,0.22998046875,2,901,604,0.15625186264514923,0.33576393127441406,0.3948907256126404,0.3529477119445801,1.5778959900389609,0.3996424513655964,1.1782535386733646,0.8214166417899126
43,anneal,220,0.14742692172911012,0.19043362140655518,0.00020824636158067733,0.78125,0.21875,2,882,583,0.15089070796966553,0.3316583037376404,0.38801318407058716,0.3457016348838806,1.4738367120619031,0.3686083851709395,1.105228326890964,0.7737177614187406
43,anneal,240,0.14339552480158274,0.18352995812892914,0.00020824636158067733,0.79400634765625,0.20599365234375,2,874,555,0.14602027833461761,0.3281117379665375,0.38153740763664246,0.33959823846817017,1.3741425317668572,0.334254820656411,1.0398877111104463,0.7254502102884747
43,anneal,260,0.13947436663504054,0.1775113046169281,0.00020824636158067733,0.80242919921875,0.19757080078125,2,860,545,0.14122742414474487,0.32487753033638,0.3752097189426422,0.33448222279548645,1.288460985824905,0.31211431941676354,0.9763466664081413,0.6864242496091922
43,anneal,280,0.1356604327447672,0.17130984365940094,0.00020824636158067733,0.81378173828125,0.18621826171875,2,848,528,0.13702648878097534,0.3211296796798706,0.36961787939071655,0.32988840341567993,1.2014740421693304,0.282983714780783,0.9184903273885475,0.6488245226362072
43,anneal,300,0.13195079107728944,0.1662047803401947,0.00020824636158067733,0.822509765625,0.177490234375,2,842,517,0.13321004807949066,0.31910616159439087,0.3645354211330414,0.3268381953239441,1.1296588988863832,0.2611640202870517,0.8684948785993315,0.6175328678661774
43,anneal,320,0.12834258975629043,0.16217967867851257,0.00020824636158067733,0.82843017578125,0.17156982421875,2,822,507,0.13000379502773285,0.3175419569015503,0.35994797945022583,0.3243992328643799,1.0739234299364497,0.24665912487004238,0.827264305066407,0.5861724170469845
43,anneal,340,0.1248330548901612,0.15682855248451233,0.00020824636158067733,0.8385009765625,0.1614990234375,2,815,496,0.12600767612457275,0.3168502748012543,0.35449936985969543,0.3228256404399872,1.0016873015176415,0.22255620712039983,0.7791310943972415,0.5508348950831735
43,anneal,360,0.1214194884395047,0.1521981656551361,0.00020824636158067733,0.8453369140625,0.1546630859375,2,805,485,0.1220398023724556,0.3170337378978729,0.3486815094947815,0.32158994674682617,0.940841842053679,0.20662004834633804,0.734221793707341,0.5142516412749704
43,anneal,380,0.11809926614295303,0.14657719433307648,0.00020824636158067733,0.85498046875,0.14501953125,2,793,469,0.11768261343240738,0.3169287145137787,0.34287789463996887,0.3216077983379364,0.870229017573557,0.1847497211759614,0.6854792963975955,0.4881087895489348
43,anneal,400,0.11486983549970349,0.14417541027069092,0.00020824636158067733,0.85723876953125,0.14276123046875,2,789,469,0.1153634712100029,0.3171824514865875,0.33905819058418274,0.3215755820274353,0.8373059223924528,0.17973510387565406,0.6575708185167989,0.45876622913121745
43,anneal,420,0.111728713807222,0.13873064517974854,0.00020824636158067733,0.86614990234375,0.13385009765625,2,775,449,0.11169520765542984,0.31367820501327515,0.3337996006011963,0.31852784752845764,0.7694080063121973,0.16035980243676487,0.6090482038754322,0.430749917992873
43,anneal,440,0.10867348625260581,0.13455849885940552,0.00020824636158067733,0.8748779296875,0.1251220703125,2,771,435,0.10937459766864777,0.31064924597740173,0.33031153678894043,0.3168269395828247,0.7180169036330071,0.1420467613147238,0.5759701423182831,0.4043617538343117
43,anneal,460,0.10570180405613804,0.1311427503824234,0.00020824636158067733,0.8828125,0.1171875,2,764,435,0.10742101073265076,0.3098466098308563,0.32738634943962097,0.3168007731437683,0.6761595577483703,0.12600172579213617,0.5501578319562341,0.3831187309776599
43,anneal,480,0.10281138266560666,0.12688763439655304,0.00020824636158067733,0.888916015625,0.111083984375,2,749,427,0.10410349071025848,0.3092108964920044,0.3222176134586334,0.3157573938369751,0.6244011113887709,0.11407184958646345,0.5103292618023075,0.3576478764013903
43,anneal,500,0.1,0.12335018813610077,0.00020824636158067733,0.89263916015625,0.10736083984375,2,741,425,0.10102242976427078,0.30899178981781006,0.3174964189529419,0.31644144654273987,0.5841077227998639,0.10697878566219846,0.47712893713766547,0.33748088777858565
43,anneal,520,0.09726549474122856,0.12051474303007126,0.00020824636158067733,0.897216796875,0.102783203125,2,735,408,0.09908643364906311,0.3075670301914215,0.31438377499580383,0.3155754506587982,0.5497450563018091,0.0984565619769427,0.45128849432486673,0.3194761884157945
43,anneal,540,0.0946057646725596,0.11605577170848846,0.00020824636158067733,0.90338134765625,0.09661865234375,2,712,408,0.09569589793682098,0.30642005801200867,0.309181809425354,0.3149738609790802,0.5019907670068378,0.08734080443483822,0.4146499625719997,0.30027581529495573
43,anneal,560,0.09201876506248752,0.11372113972902298,0.00020824636158067733,0.906494140625,0.093505859375,2,717,396,0.09375957399606705,0.3072388172149658,0.30586671829223633,0.31641268730163574,0.47595845405177073,0.0818918446131251,0.3940666094386454,0.2832468493658983
43,anneal,580,0.08950250709279725,0.10946724563837051,0.00020824636158067733,0.9136962890625,0.0863037109375,2,704,383,0.09113801270723343,0.3035185635089874,0.30164337158203125,0.31137916445732117,0.4312632831572145,0.0697287092678307,0.3615345738893839,0.2656793729918011
43,anneal,600,0.08705505632961241,0.10626274347305298,0.00020824636158067733,0.9188232421875,0.0811767578125,2,697,379,0.08890794962644577,0.30269813537597656,0.29791519045829773,0.31008628010749817,0.3977591197292085,0.06146842841990015,0.3362906913093081,0.24884341177014202
43,anneal,620,0.08467453123625272,0.10364013910293579,0.00020824636158067733,0.92236328125,0.07763671875,2,690,363,0.08694998919963837,0.30192750692367554,0.29456526041030884,0.3087421655654907,0.37055095709020947,0.05596945175316144,0.3145815053370479,0.23585587556656018
43,anneal,640,0.08235910172675731,0.1003633663058281,0.00020824636158067733,0.92669677734375,0.07330322265625,2,678,349,0.08438555896282196,0.3023541569709778,0.2902861535549164,0.30854812264442444,0.34021631219021486,0.04947702438201794,0.2907392878081972,0.22132699265850742
43,anneal,660,0.0801069877589622,0.09729434549808502,0.00020824636158067733,0.93182373046875,0.06817626953125,2,670,340,0.08240042626857758,0.3008623719215393,0.28693827986717224,0.3059919774532318,0.31234091858296864,0.04215427693708195,0.2701866416458868,0.20868993703399819
43,anneal,680,0.07791645796604998,0.09555354714393616,0.00020824636158067733,0.93524169921875,0.06475830078125,2,667,331,0.08145584911108017,0.29915305972099304,0.2852109968662262,0.30405983328819275,0.2949972714088389,0.03750068647409531,0.25749658493474376,0.19838219892764963
43,anneal,700,0.07578582832551992,0.09242899715900421,0.00020824636158067733,0.938720703125,0.061279296875,2,654,327,0.07902467995882034,0.2977663576602936,0.2809253931045532,0.3015297055244446,0.2685209889497955,0.03296223262829307,0.23555875632150236,0.1867432725200363
43,anneal,720,0.07371346086455506,0.08958318829536438,0.00020824636158067733,0.94384765625,0.05615234375,2,660,310,0.07730558514595032,0.2959536910057068,0.2779659926891327,0.2983189523220062,0.2436882412514123,0.02666104898131018,0.21702719227010187,0.175654910483647
43,anneal,740,0.07169776240079137,0.08694742619991302,0.00020824636158067733,0.9478759765625,0.0521240234375,2,641,297,0.07551461458206177,0.2948535978794098,0.2744905352592468,0.29522788524627686,0.22066874039611406,0.02205628971071316,0.19861245068540095,0.16528567545967443
43,anneal,760,0.06973718331752027,0.08435995876789093,0.00020824636158067733,0.95208740234375,0.04791259765625,2,635,281,0.07384660094976425,0.29327458143234253,0.2715940773487091,0.2915562093257904,0.2003469616758693,0.01759413625860599,0.18275282541726318,0.15430655269367188
43,anneal,780,0.0678302163723836,0.08083586394786835,0.00020824636158067733,0.9560546875,0.0439453125,2,626,274,0.071072056889534,0.2932528257369995,0.26654374599456787,0.2884857654571533,0.1768699138630936,0.01374614476356201,0.16312376909953166,0.1446401020882352
43,anneal,800,0.06597539553864472,0.07901906222105026,0.00020824636158067733,0.95953369140625,0.04046630859375,2,615,253,0.07005632668733597,0.29154276847839355,0.2646101415157318,0.28494566679000854,0.16152442921903543,0.010679313530605312,0.15084511568843012,0.13678746854631962
43,anneal,820,0.06417129487814521,0.07709315419197083,0.00020824636158067733,0.96240234375,0.03759765625,2,607,248,0.06875179708003998,0.29061025381088257,0.2620733082294464,0.2813727855682373,0.14828981689080223,0.008384108089787401,0.13990570880101486,0.1303443863441519
43,anneal,840,0.0624165274450806,0.07392172515392303,0.00020824636158067733,0.96661376953125,0.03338623046875,2,607,232,0.06649621576070786,0.28890836238861084,0.25784292817115784,0.2756907641887665,0.12911846335938293,0.005431964153796619,0.12368649920558636,0.12216427308951305
43,anneal,860,0.06070974421975235,0.07178864628076553,0.00020824636158067733,0.96990966796875,0.03009033203125,2,593,211,0.0650826245546341,0.28794553875923157,0.2550380825996399,0.27115964889526367,0.11716439684115443,0.003502362898363233,0.11366203394279109,0.11542258847541442
43,anneal,880,0.059049633071476516,0.06987284123897552,0.00020824636158067733,0.97418212890625,0.02581787109375,2,593,201,0.06415007263422012,0.2858089208602905,0.2532588541507721,0.2646067440509796,0.1052234107994181,0.0015623662249855275,0.10366104457443247,0.1085937124450741
43,anneal,900,0.057434917749851745,0.06738999485969543,0.00020824636158067733,0.9766845703125,0.0233154296875,2,573,186,0.062198881059885025,0.284845769405365,0.24932745099067688,0.25960737466812134,0.09369861863543605,0.0007566826898150573,0.09294193594562097,0.10407472493600134
43,anneal,920,0.055864356903610995,0.06523869931697845,0.00020824636158067733,0.9794921875,0.0205078125,2,573,165,0.06071850657463074,0.28113189339637756,0.24634455144405365,0.2487604171037674,0.08206555417583417,0.00018219957016799276,0.08188335460566622,0.09969720221190281
43,anneal,940,0.05433674312630291,0.0634559839963913,0.00020824636158067733,0.9815673828125,0.0184326171875,2,566,162,0.059357985854148865,0.2816809415817261,0.24357286095619202,0.24521921575069427,0.07534709890770586,7.462581939157958e-06,0.0753396363257667,0.09775584160590578
43,anneal,960,0.052850902028069024,0.06146453320980072,0.00020824636158067733,0.98382568359375,0.01617431640625,2,560,138,0.057864960283041,0.28041383624076843,0.24052926898002625,0.23725625872612,0.06727048010380798,8.925936948101171e-05,0.06718122073432714,0.09534403131758362
43,anneal,980,0.05140569133280333,0.05950571596622467,0.00020824636158067733,0.98565673828125,0.01434326171875,2,550,124,0.056300628930330276,0.27975666522979736,0.23719826340675354,0.22905896604061127,0.06253921386106498,0.0003894430689334316,0.06214977079213138,0.09406959705004037
43,anneal,1000,0.05,0.05759509652853012,0.00020824636158067733,0.98748779296875,0.01251220703125,2,540,112,0.054723918437957764,0.28419357538223267,0.23390068113803864,0.2237071841955185,0.05801605201869364,0.0009274190656904614,0.05708863295300319,0.09327006384475889
43,anneal,1020,0.05,0.05632180720567703,0.00020824636158067733,0.9888916015625,0.0111083984375,2,532,101,0.0537429079413414,0.2859005630016327,0.23174789547920227,0.21970432996749878,0.05327170719120744,0.0015220839727577993,0.05174962321844946,0.09284268956318764
43,anneal,1040,0.05,0.05532468855381012,0.00020824636158067733,0.99029541015625,0.00970458984375,1,527,94,0.053041547536849976,0.28830572962760925,0.2302587777376175,0.21512030065059662,0.051041924758656876,0.0022966213213223745,0.048745303437334374,0.09272203546490554
43,anneal,1060,0.05,0.05443426966667175,0.00020824636158067733,0.9913330078125,0.0086669921875,1,526,85,0.05239107459783554,0.28813523054122925,0.22881880402565002,0.21289369463920593,0.0489970178534449,0.0029996123206219453,0.045997405532822874,0.09234032290325767
43,anneal,1080,0.05,0.053803931921720505,0.00020824636158067733,0.991943359375,0.008056640625,1,519,75,0.05187419801950455,0.29139500856399536,0.22773151099681854,0.20903226733207703,0.04644709979785233,0.0034708167343516297,0.04297628306350045,0.09049705634308547
43,anneal,1100,0.05,0.053262438625097275,0.00020824636158067733,0.99237060546875,0.00762939453125,1,514,78,0.0514228418469429,0.2925431430339813,0.22674642503261566,0.2081288844347,0.04392467188173299,0.003828207222234677,0.04009646465949834,0.08952961540555615
43,anneal,1120,0.05,0.052870482206344604,0.00020824636158067733,0.99322509765625,0.00677490234375,1,517,71,0.051248449832201004,0.2906660735607147,0.2263481765985489,0.20770636200904846,0.043005058723984746,0.0046167765445512595,0.03838828217943333,0.0889958002160004
43,anneal,1140,0.05,0.05270032212138176,0.00020824636158067733,0.99371337890625,0.00628662109375,1,518,67,0.05119962990283966,0.28991198539733887,0.22625789046287537,0.20712639391422272,0.04103842146306391,0.005115325924083516,0.03592309553898032,0.08747199652927728
43,anneal,1160,0.05,0.05257738009095192,0.00020824636158067733,0.99383544921875,0.00616455078125,1,518,66,0.05110476538538933,0.2899893522262573,0.22601468861103058,0.20669330656528473,0.03956793439302686,0.005245816072993421,0.0343221183200333,0.08608570270073168
43,anneal,1180,0.05,0.05242982879281044,0.00020824636158067733,0.99395751953125,0.00604248046875,1,518,66,0.050984907895326614,0.2901118993759155,0.22578397393226624,0.20449058711528778,0.039581737379386084,0.005378738607402851,0.034202998771983226,0.08432812726889305
43,anneal,1200,0.05,0.05220106616616249,0.00020824636158067733,0.994873046875,0.005126953125,1,519,58,0.05101325362920761,0.2826937437057495,0.22585046291351318,0.19788238406181335,0.038419593344052316,0.0064584747498868415,0.031961118594165415,0.08368334547478506
43,anneal,1220,0.05,0.052019454538822174,0.00020824636158067733,0.9949951171875,0.0050048828125,1,520,58,0.05085531622171402,0.28345611691474915,0.22546420991420746,0.19591332972049713,0.03865525662714475,0.00661427088417659,0.03204098574296812,0.083184586096397
43,anneal,1240,0.05,0.05184178799390793,0.00020824636158067733,0.9952392578125,0.0047607421875,1,519,58,0.050739288330078125,0.2823214828968048,0.22524714469909668,0.19598378241062164,0.03756591417933208,0.006934915394965589,0.030630998784366415,0.08121023197665844
43,anneal,1260,0.05,0.051768116652965546,0.00020824636158067733,0.99530029296875,0.00469970703125,1,520,58,0.05068163201212883,0.2818625867366791,0.22511155903339386,0.19679974019527435,0.03621811156354937,0.007017017732173234,0.029201093831376135,0.07945013337368645
43,anneal,1280,0.05,0.05151990428566933,0.00020824636158067733,0.995361328125,0.004638671875,1,516,57,0.05044618621468544,0.28191766142845154,0.2245805859565735,0.19547617435455322,0.035254071095742745,0.00709991649891192,0.02815415459683062,0.07726970450378057
43,anneal,1300,0.05,0.05179215595126152,0.00020824636158067733,0.995361328125,0.004638671875,1,520,57,0.050721343606710434,0.28156691789627075,0.22519443929195404,0.1950862556695938,0.03488702751948125,0.00709991649891192,0.0277871110205691,0.0754315073724886
43,anneal,1320,0.05,0.05206684023141861,0.00020824636158067733,0.99493408203125,0.00506591796875,1,518,56,0.05088856816291809,0.2834767699241638,0.22557276487350464,0.19962911307811737,0.0341747991407928,0.0065360032543423496,0.02763879588645049,0.07319312496904085
43,anneal,1340,0.05,0.05202484503388405,0.00020824636158067733,0.99493408203125,0.00506591796875,1,517,58,0.05084426701068878,0.28388822078704834,0.22546930611133575,0.2004004865884781,0.03426734066325565,0.0065360032543423496,0.027731337408913176,0.07239434339200879
43,anneal,1360,0.05,0.05198618024587631,0.00020824636158067733,0.9952392578125,0.0047607421875,1,518,58,0.05090199410915375,0.2786371111869812,0.22558055818080902,0.19569085538387299,0.03394821553248306,0.006934915394965589,0.027013300137517418,0.07261508869189337
43,anneal,1380,0.05,0.051458582282066345,0.00020824636158067733,0.99542236328125,0.00457763671875,1,517,53,0.0504005067050457,0.28154104948043823,0.22447925806045532,0.19705639779567719,0.03259470212670834,0.007183622125638152,0.02541108000107003,0.0735406106548201
43,anneal,1400,0.05,0.0515378937125206,0.00020824636158067733,0.9954833984375,0.0045166015625,1,517,54,0.0504891574382782,0.28268516063690186,0.22467486560344696,0.19781450927257538,0.032240172579086845,0.007268145320983837,0.02497202725810299,0.07376074943087796
43,anneal,1420,0.05,0.05143067240715027,0.00020824636158067733,0.99542236328125,0.00457763671875,1,511,53,0.050369199365377426,0.28225186467170715,0.22442293167114258,0.19789926707744598,0.03145385099943354,0.007183622125638152,0.02427022887379538,0.07262447085733792
43,anneal,1440,0.05,0.051522146910429,0.00020824636158067733,0.99530029296875,0.00469970703125,1,521,57,0.05042954534292221,0.28291192650794983,0.22456416487693787,0.20204126834869385,0.03076296035597892,0.007017017732173234,0.023745942623805673,0.07223109743856393
43,anneal,1460,0.05,0.051094599068164825,0.00020824636158067733,0.9954833984375,0.0045166015625,1,507,53,0.05004120245575905,0.2832705080509186,0.22369368374347687,0.19880861043930054,0.030720555049093434,0.007268145320983837,0.023452409728109618,0.07247860114214044
43,anneal,1480,0.05,0.051076557487249374,0.00020824636158067733,0.9954833984375,0.0045166015625,1,507,53,0.05002501234412193,0.2828427255153656,0.22365307807922363,0.20296724140644073,0.03046756789282057,0.007268145320983837,0.023199422571836742,0.07180694602786597
43,anneal,1500,0.05,0.0511787012219429,0.00020824636158067733,0.99542236328125,0.00457763671875,1,509,55,0.050121840089559555,0.28099679946899414,0.22387856245040894,0.20190107822418213,0.030094031477538863,0.007183622125638152,0.02291040935190053,0.07107457475715118
43,anneal,1520,0.05,0.05127803608775139,0.00020824636158067733,0.9954833984375,0.0045166015625,1,511,52,0.05023455619812012,0.28126683831214905,0.22410693764686584,0.20065473020076752,0.030904495142941357,0.007268145320983837,0.02363634982195759,0.07070538454056285
43,anneal,1540,0.05,0.051417820155620575,0.00020824636158067733,0.99530029296875,0.00469970703125,1,511,57,0.05032804608345032,0.28220874071121216,0.2243371456861496,0.20390048623085022,0.03092342920009372,0.007017017732173234,0.0239064114679204,0.0696274673470928
43,anneal,1560,0.05,0.051276836544275284,0.00020824636158067733,0.99530029296875,0.00469970703125,1,517,57,0.05019083991646767,0.28126752376556396,0.22400543093681335,0.20377227663993835,0.030210680204810103,0.007017017732173234,0.02319366247263693,0.06955442441605764
43,anneal,1580,0.05,0.05141063779592514,0.00020824636158067733,0.99542236328125,0.00457763671875,1,511,54,0.050349123775959015,0.28224071860313416,0.22436825931072235,0.20369304716587067,0.030791715289716137,0.007183622125638152,0.02360809316407799,0.06944048265788505
43,anneal,1600,0.05,0.05075746402144432,0.00020824636158067733,0.99560546875,0.00439453125,1,511,53,0.0497351810336113,0.28236153721809387,0.22301191091537476,0.20215056836605072,0.02885202381022367,0.0074396887112326915,0.02141233509899101,0.07011476041290943
43,anneal,1620,0.05,0.051035329699516296,0.00020824636158067733,0.99542236328125,0.00457763671875,1,510,55,0.0499684102833271,0.2830404043197632,0.22353477776050568,0.20660068094730377,0.029547473888861475,0.007183622125638152,0.02236385176322331,0.06874727163878769
43,anneal,1640,0.05,0.05119854211807251,0.00020824636158067733,0.99530029296875,0.00469970703125,1,515,57,0.050099100917577744,0.2840369939804077,0.22382518649101257,0.20850631594657898,0.02928151711258664,0.007017017732173234,0.022264499380413402,0.06851861879906418
43,anneal,1660,0.05,0.05086351931095123,0.00020824636158067733,0.99560546875,0.00439453125,1,518,52,0.04984093829989433,0.28253504633903503,0.22324387729167938,0.20611077547073364,0.02839453354700794,0.0074396887112326915,0.020954844835775376,0.06983015265788917
43,anneal,1680,0.05,0.050774235278367996,0.00020824636158067733,0.9957275390625,0.0042724609375,1,512,52,0.0497916080057621,0.2797822058200836,0.2231329381465912,0.20504975318908691,0.028454508159676095,0.007614638346629044,0.02083986981304689,0.06932367589681443
43,anneal,1700,0.05,0.05109765753149986,0.00020824636158067733,0.99542236328125,0.00457763671875,1,514,53,0.05002444237470627,0.28447315096855164,0.2236379086971283,0.2095089554786682,0.0286846610180973,0.007183622125638152,0.021501038892458968,0.06832855111926828
43,anneal,1720,0.05,0.050985634326934814,0.00020824636158067733,0.9957275390625,0.0042724609375,1,521,52,0.050003498792648315,0.2798774242401123,0.22361356019973755,0.20642468333244324,0.027541135568945663,0.007614638346629044,0.019926497222316583,0.06832746930806233
43,anneal,1740,0.05,0.05109824240207672,0.00020824636158067733,0.9957275390625,0.0042724609375,1,520,51,0.050112511962652206,0.28082942962646484,0.22385595738887787,0.204485222697258,0.027993235991935705,0.007614638346629044,0.02037859764530656,0.0686049005823609
43,anneal,1760,0.05,0.05102357268333435,0.00020824636158067733,0.99560546875,0.00439453125,1,520,54,0.05000220611691475,0.282419353723526,0.22360330820083618,0.2114291936159134,0.027254101551271503,0.0074396887112326915,0.019814412840038823,0.06747343361414304
43,anneal,1780,0.05,0.051050834357738495,0.00020824636158067733,0.99542236328125,0.00457763671875,1,517,56,0.0499807670712471,0.28374016284942627,0.22355668246746063,0.2109164595603943,0.027698471793165425,0.007183622125638152,0.020514849667527084,0.06662104255585499
43,anneal,1800,0.05,0.051448576152324677,0.00020824636158067733,0.99530029296875,0.00469970703125,1,515,58,0.050343580543994904,0.28546494245529175,0.22437119483947754,0.21409019827842712,0.0276261681794594,0.007017017732173234,0.02060915044728616,0.06516545459519174
43,anneal,1820,0.05,0.051252350211143494,0.00020824636158067733,0.99566650390625,0.00433349609375,1,519,54,0.050247468054294586,0.28213420510292053,0.22414861619472504,0.21249182522296906,0.027290280202770134,0.007526731818922816,0.019763548383847376,0.06645337689471698
43,anneal,1840,0.05,0.05099213868379593,0.00020824636158067733,0.9957275390625,0.0042724609375,1,521,52,0.04998987168073654,0.2845778465270996,0.22357742488384247,0.20887985825538635,0.02765997912521101,0.007614638346629044,0.02004534077858193,0.06779885878561098
43,anneal,1860,0.05,0.05112066864967346,0.00020824636158067733,0.99566650390625,0.00433349609375,1,517,51,0.050108376890420914,0.28370633721351624,0.22384342551231384,0.2127886712551117,0.027050354168942192,0.007526731818922816,0.019523622350019497,0.06678467684170963
43,anneal,1880,0.05,0.051069729030132294,0.00020824636158067733,0.99566650390625,0.00433349609375,1,515,53,0.05005189776420593,0.28492650389671326,0.22371868789196014,0.21144253015518188,0.028016177202708548,0.007526731818922816,0.020489445383785797,0.066724182179971
43,anneal,1900,0.05,0.051235977560281754,0.00020824636158067733,0.99566650390625,0.00433349609375,1,520,53,0.050231944769620895,0.2819230258464813,0.22411057353019714,0.2125898003578186,0.027011488135222805,0.007526731818922816,0.019484756316300096,0.06550764513005769
43,anneal,1920,0.05,0.05124463140964508,0.00020824636158067733,0.99554443359375,0.00445556640625,1,521,55,0.05020662397146225,0.2831759750843048,0.2240668535232544,0.21571320295333862,0.026377651236735744,0.0073534970830356735,0.01902415415369991,0.06478926728661671
43,anneal,1940,0.05,0.05055078864097595,0.00020824636158067733,0.99566650390625,0.00433349609375,1,512,51,0.049532029777765274,0.2846214473247528,0.222524493932724,0.21430224180221558,0.02755568909943662,0.007526731818922816,0.020028957280514063,0.06701344592940794
43,anneal,1960,0.05,0.050775352865457535,0.00020824636158067733,0.99566650390625,0.00433349609375,1,521,57,0.049759771674871445,0.2841169536113739,0.2230629026889801,0.21395035088062286,0.028776535946427373,0.007526731818922816,0.021249804127504737,0.06747357140622834
43,anneal,1980,0.05,0.050983402878046036,0.00020824636158067733,0.99560546875,0.00439453125,1,518,52,0.04996002838015556,0.28283587098121643,0.223511204123497,0.21483838558197021,0.027418117846728762,0.0074396887112326915,0.019978429135496238,0.06511771921279641
43,anneal,2000,0.05,0.05125455930829048,0.00020824636158067733,0.99542236328125,0.00457763671875,1,523,54,0.05019038915634155,0.2826627790927887,0.2240283489227295,0.2160441279411316,0.026334414258791128,0.007183622125638152,0.019150792133152985,0.06299513314363347
44,anneal,0,0.2,0.7800021767616272,0.00020824636158067733,0.47039794921875,0.52960205078125,2,1321,1144,0.6747490763664246,0.8734890818595886,0.691622793674469,0.6733536124229431,12.443699730938725,1.4471514745507719,10.996548256387953,2.285486514738952
44,anneal,20,0.19453098948245712,0.5496934056282043,0.00020824636158067733,0.55279541015625,0.44720458984375,2,1297,1086,0.4695569574832916,0.6487512588500977,0.621825098991394,0.5887661576271057,7.869842687661922,1.121073177658455,6.748769510003467,1.8608262576023864
44,anneal,40,0.1892115293451192,0.38765329122543335,0.00020824636158067733,0.6268310546875,0.3731689453125,2,1209,949,0.3212924897670746,0.49912306666374207,0.5472882986068726,0.5100550055503845,4.8134139373198295,0.8515844233914087,3.9618295139284205,1.5216675744711412
44,anneal,60,0.18403753012497504,0.2997216582298279,0.00020824636158067733,0.67230224609375,0.32769775390625,2,1109,823,0.24349133670330048,0.4150833189487457,0.48955169320106506,0.448688805103302,3.2510196120976715,0.6976075878220265,2.5534120242756444,1.2965727808957328
44,anneal,80,0.1790050141855945,0.25907015800476074,0.00020824636158067733,0.698486328125,0.301513671875,2,1036,729,0.2078990787267685,0.3776130974292755,0.4549381136894226,0.41027262806892395,2.564564772009554,0.6131644126837713,1.9514003593257825,1.1632881107586601
44,anneal,100,0.17411011265922482,0.23799875378608704,0.00020824636158067733,0.72064208984375,0.27935791015625,2,996,672,0.19181455671787262,0.3571372628211975,0.4373248219490051,0.3832100033760071,2.2189142173792433,0.5442508441162329,1.6746633732630103,1.073093868770886
44,anneal,120,0.16934906247250545,0.22605517506599426,0.00020824636158067733,0.73406982421875,0.26593017578125,2,966,645,0.1823970228433609,0.3465685546398163,0.42640572786331177,0.3682040572166443,2.023604010655127,0.5036648778669786,1.5199391327881484,1.0118740803452257
44,anneal,140,0.16471820345351462,0.21612600982189178,0.00020824636158067733,0.74676513671875,0.25323486328125,2,942,622,0.17397677898406982,0.3404199779033661,0.4165671467781067,0.3580174446105957,1.8664013636063927,0.46614189602445544,1.4002594675819375,0.957971783588366
44,anneal,160,0.16021397551792443,0.20803090929985046,0.00020824636158067733,0.758056640625,0.241943359375,2,915,603,0.167186439037323,0.33600473403930664,0.40836799144744873,0.3493201732635498,1.742024655666647,0.4334835460043289,1.3085411096623183,0.9080749889187448
44,anneal,180,0.1558329159321,0.20092107355594635,0.00020824636158067733,0.7691650390625,0.2308349609375,2,901,582,0.16171656548976898,0.33155447244644165,0.4015395939350128,0.34045669436454773,1.6342369983285252,0.402033211476944,1.2322037868515812,0.861749045573308
44,anneal,200,0.1515716566510398,0.19604423642158508,0.00020824636158067733,0.77459716796875,0.22540283203125,2,884,577,0.15702776610851288,0.3301243484020233,0.3957343101501465,0.3364492356777191,1.5620589278336965,0.38690528510689304,1.1751536427268034,0.8295870289154866
44,anneal,220,0.14742692172911012,0.1897488534450531,0.00020824636158067733,0.7860107421875,0.2139892578125,2,872,552,0.15214401483535767,0.32787635922431946,0.38962414860725403,0.33005449175834656,1.4723741972995512,0.35567385093042525,1.1167003463691256,0.7897913188651021
44,anneal,240,0.14339552480158274,0.18575385212898254,0.00020824636158067733,0.79058837890625,0.20941162109375,2,859,546,0.1482553482055664,0.3273213505744934,0.38459667563438416,0.3281240165233612,1.4141610691160267,0.3433638561446042,1.0707972129714225,0.7628155696226916
44,anneal,260,0.13947436663504054,0.18002991378307343,0.00020824636158067733,0.80712890625,0.19287109375,2,857,529,0.14449985325336456,0.3287164270877838,0.37991639971733093,0.3266947865486145,1.3360700445366192,0.29995418056551754,1.0361158639711012,0.7241400897407605
44,anneal,280,0.1356604327447672,0.17552277445793152,0.00020824636158067733,0.81683349609375,0.18316650390625,2,840,521,0.14144673943519592,0.3274852931499481,0.37580448389053345,0.3229164779186249,1.2722478400830468,0.27529634065095143,0.9969514994320952,0.6924769940530698
44,anneal,300,0.13195079107728944,0.1707262098789215,0.00020824636158067733,0.83062744140625,0.16937255859375,2,835,513,0.13885298371315002,0.3270370662212372,0.3722991943359375,0.32058146595954895,1.205631772040043,0.24133825887250113,0.964293513167542,0.6575395850674998
44,anneal,320,0.12834258975629043,0.16569872200489044,0.00020824636158067733,0.8419189453125,0.1580810546875,2,823,504,0.13533800840377808,0.3273959159851074,0.3675107955932617,0.31746864318847656,1.135935158412586,0.2145442357956017,0.9213909226169844,0.621165614161075
44,anneal,340,0.1248330548901612,0.16009384393692017,0.00020824636158067733,0.85052490234375,0.14947509765625,2,814,485,0.1306123435497284,0.327845960855484,0.361014187335968,0.3148985505104065,1.0598826899769946,0.19476356384035792,0.8651191261366366,0.5849407075372458
44,anneal,360,0.1214194884395047,0.1539454460144043,0.00020824636158067733,0.865234375,0.134765625,2,803,467,0.12649667263031006,0.3301744759082794,0.355509877204895,0.31423816084861755,0.9799087244520805,0.16231947662092905,0.8175892478311515,0.5456709655706821
44,anneal,380,0.11809926614295303,0.14868424832820892,0.00020824636158067733,0.87713623046875,0.12286376953125,2,807,456,0.12305328249931335,0.33166617155075073,0.35059839487075806,0.3136984407901764,0.9086150692184773,0.1374201350295958,0.7711949341888813,0.5067324545895847
44,anneal,400,0.11486983549970349,0.1437690556049347,0.00020824636158067733,0.8868408203125,0.1131591796875,2,789,443,0.12012805044651031,0.3290461301803589,0.3463178277015686,0.3121170401573181,0.841284846934478,0.11808656054183664,0.7231982863926414,0.47333085426427923
44,anneal,420,0.111728713807222,0.13909724354743958,0.00020824636158067733,0.89459228515625,0.10540771484375,2,781,431,0.11703994125127792,0.32629692554473877,0.3419172465801239,0.31065088510513306,0.778152284780127,0.10331540383171779,0.6748368809484092,0.4430746893565104
44,anneal,440,0.10867348625260581,0.1334070861339569,0.00020824636158067733,0.9034423828125,0.0965576171875,2,775,407,0.11296341568231583,0.324688583612442,0.33582836389541626,0.3090440034866333,0.7033450810269741,0.08723288446902429,0.6161121965579497,0.4056448293492597
44,anneal,460,0.10570180405613804,0.12829533219337463,0.00020824636158067733,0.910888671875,0.089111328125,2,768,395,0.10928362607955933,0.3226315677165985,0.3303600549697876,0.30903536081314087,0.6377916762978302,0.07439465480375067,0.5633970214940794,0.3731768510776622
44,anneal,480,0.10281138266560666,0.1249038353562355,0.00020824636158067733,0.91412353515625,0.08587646484375,2,758,387,0.10658987611532211,0.31984925270080566,0.3262185752391815,0.3112739622592926,0.5929926496830475,0.06902736572814512,0.5239652839549022,0.35196160704865387
44,anneal,500,0.1,0.12146016955375671,0.00020824636158067733,0.919921875,0.080078125,2,747,386,0.10435960441827774,0.3179081976413727,0.3228621184825897,0.31308484077453613,0.5483161190060954,0.05974354927174859,0.4885725697343469,0.32897787795875255
44,anneal,520,0.09726549474122856,0.1173153668642044,0.00020824636158067733,0.92498779296875,0.07501220703125,2,742,373,0.10107884556055069,0.3175305426120758,0.31778016686439514,0.3150208294391632,0.49869403110661636,0.052005213161883834,0.44668881794473236,0.3042929254304202
44,anneal,540,0.0946057646725596,0.11473989486694336,0.00020824636158067733,0.926025390625,0.073974609375,2,732,361,0.09879452735185623,0.3143466114997864,0.3140006363391876,0.31458383798599243,0.4686035474225818,0.050465164294830306,0.41813838312775115,0.2866165017410115
44,anneal,560,0.09201876506248752,0.11166148632764816,0.00020824636158067733,0.92926025390625,0.07073974609375,2,728,363,0.09607771784067154,0.3163749575614929,0.3097335696220398,0.3183215260505676,0.4336485385139994,0.04576565684751594,0.38788288166648344,0.2670739079919461
44,anneal,580,0.08950250709279725,0.10837195813655853,0.00020824636158067733,0.93280029296875,0.06719970703125,2,711,365,0.09348449856042862,0.3150249123573303,0.3054725229740143,0.3176756799221039,0.3986962160053835,0.04080553087823675,0.35789068512714695,0.2478713016759887
44,anneal,600,0.08705505632961241,0.10397498309612274,0.00020824636158067733,0.93756103515625,0.06243896484375,2,701,339,0.09011734277009964,0.31205639243125916,0.2999553084373474,0.315580278635025,0.3542130480493242,0.03445220697715934,0.319760841072165,0.22591204245029284
44,anneal,620,0.08467453123625272,0.10015835613012314,0.00020824636158067733,0.94317626953125,0.05682373046875,2,693,323,0.0875440388917923,0.30953434109687805,0.2957839071750641,0.313541978597641,0.31730259679189743,0.027458856048400135,0.28984374074349706,0.20793886464591405
44,anneal,640,0.08235910172675731,0.09834092855453491,0.00020824636158067733,0.94512939453125,0.05487060546875,2,694,323,0.08602368831634521,0.3105015456676483,0.2931014895439148,0.31482481956481934,0.29825894740516645,0.02516166197622524,0.27309728542894113,0.19612555721025482
44,anneal,660,0.0801069877589622,0.0948631763458252,0.00020824636158067733,0.94927978515625,0.05072021484375,2,674,314,0.08347027748823166,0.30809250473976135,0.288854718208313,0.3127976357936859,0.26583836168011743,0.020527602596462677,0.24531075908365477,0.1820212851314157
44,anneal,680,0.07791645796604998,0.09226483106613159,0.00020824636158067733,0.95166015625,0.04833984375,2,671,307,0.08136153221130371,0.306916743516922,0.2851247489452362,0.31165650486946106,0.24290501271044462,0.018029617447817357,0.22487539526262712,0.16981831615769105
44,anneal,700,0.07578582832551992,0.09038262814283371,0.00020824636158067733,0.952880859375,0.047119140625,2,662,293,0.07965299487113953,0.30736568570137024,0.2820367217063904,0.31148478388786316,0.22524524558703973,0.01679602790740348,0.20844921767963626,0.15908599190945305
44,anneal,720,0.07371346086455506,0.0873609259724617,0.00020824636158067733,0.955810546875,0.044189453125,2,653,275,0.0771927684545517,0.30729642510414124,0.2777870297431946,0.31056270003318787,0.20258755487903812,0.013972442267394053,0.188615112611644,0.14752614724486401
44,anneal,740,0.07169776240079137,0.08444207906723022,0.00020824636158067733,0.95867919921875,0.04132080078125,2,639,277,0.07493459433317184,0.30502423644065857,0.2736566960811615,0.3069455027580261,0.18077445488616917,0.011404636942177224,0.1693698179439918,0.1353220617026839
44,anneal,760,0.06973718331752027,0.08172817528247833,0.00020824636158067733,0.9615478515625,0.0384521484375,2,625,266,0.07278041541576385,0.3054791986942291,0.26972708106040955,0.30639201402664185,0.16068813714829133,0.009044728889846164,0.1516434082584453,0.12535255957547842
44,anneal,780,0.0678302163723836,0.0792044848203659,0.00020824636158067733,0.96429443359375,0.03570556640625,2,628,242,0.07089128345251083,0.30371782183647156,0.26621127128601074,0.3021157383918762,0.14335265875725867,0.006993772550866639,0.13635888620639203,0.116291179358743
44,anneal,800,0.06597539553864472,0.07739511877298355,0.00020824636158067733,0.96697998046875,0.03302001953125,2,619,229,0.06965982913970947,0.3039204478263855,0.26387718319892883,0.30208176374435425,0.1317767760558226,0.005200323318695847,0.1265764527371268,0.1088672176926796
44,anneal,820,0.06417129487814521,0.07502862066030502,0.00020824636158067733,0.96923828125,0.03076171875,2,606,220,0.06779437512159348,0.3029647171497345,0.26026976108551025,0.29799553751945496,0.11897323506874358,0.003866459062244273,0.11510677600649932,0.10121364515427766
44,anneal,840,0.0624165274450806,0.07255169749259949,0.00020824636158067733,0.97320556640625,0.02679443359375,2,603,201,0.06640169024467468,0.2959277033805847,0.2576127350330353,0.2904253900051117,0.10514671519941743,0.0019456981728545875,0.1032010170265629,0.09408105302347602
44,anneal,860,0.06070974421975235,0.06931697577238083,0.00020824636158067733,0.976806640625,0.023193359375,2,594,187,0.06402173638343811,0.29232996702194214,0.25296750664711,0.283484548330307,0.08748672223756415,0.0007241936599968858,0.08676252857756742,0.08770605852689395
44,anneal,880,0.059049633071476516,0.06753712892532349,0.00020824636158067733,0.97845458984375,0.02154541015625,2,582,181,0.06255433708429337,0.2938236594200134,0.25007253885269165,0.2823135256767273,0.07806151002315431,0.00035139681722558876,0.07771011320592852,0.0832630801603248
44,anneal,900,0.057434917749851745,0.0651637464761734,0.00020824636158067733,0.98095703125,0.01904296875,2,573,163,0.06078079342842102,0.29094234108924866,0.2464926540851593,0.27560991048812866,0.06615165027343295,3.5259201314548306e-05,0.06611639107211845,0.07918558266166864
44,anneal,920,0.055864356903610995,0.06313036382198334,0.00020824636158067733,0.983154296875,0.016845703125,2,568,151,0.059237945824861526,0.29030054807662964,0.24336305260658264,0.272760808467865,0.057647902125800954,3.331532273338398e-05,0.05761458680306755,0.07622309888458612
44,anneal,940,0.05433674312630291,0.061172474175691605,0.00020824636158067733,0.98480224609375,0.01519775390625,2,561,143,0.0576377809047699,0.2902176082134247,0.24004340171813965,0.26885610818862915,0.05101825475886557,0.00022153690269417466,0.05079671785617122,0.07485347294343436
44,anneal,960,0.052850902028069024,0.05973019823431969,0.00020824636158067733,0.98602294921875,0.01397705078125,2,548,137,0.05646732449531555,0.28991249203681946,0.23759807646274567,0.2653438150882721,0.047029475427017076,0.0004770430192355228,0.046552432407781695,0.07315586875549551
44,anneal,980,0.05140569133280333,0.057733021676540375,0.00020824636158067733,0.9881591796875,0.0118408203125,2,545,121,0.0549897737801075,0.2866670787334442,0.2344752848148346,0.2554810345172882,0.0425905462545515,0.0011907626726159913,0.04139978358193566,0.07291184290145092
44,anneal,1000,0.05,0.05620099976658821,0.00020824636158067733,0.989013671875,0.010986328125,2,541,109,0.053585272282361984,0.29167476296424866,0.23144884407520294,0.2535823583602905,0.04004000178266409,0.0015819687818964786,0.038458033000767444,0.0729657568233254
44,anneal,1020,0.05,0.0546242818236351,0.00020824636158067733,0.990478515625,0.009521484375,1,534,102,0.05236797779798508,0.28933778405189514,0.22876699268817902,0.2473367601633072,0.03594733370137959,0.002412180511411982,0.03353515318996779,0.07490117081099223
44,anneal,1040,0.05,0.05330372601747513,0.00020824636158067733,0.99169921875,0.00830078125,1,522,91,0.051290325820446014,0.2938457429409027,0.2264488935470581,0.2459944784641266,0.034659635828766966,0.0032769294962498134,0.03138270633251705,0.0770296233101565
44,anneal,1060,0.05,0.05244132876396179,0.00020824636158067733,0.99261474609375,0.00738525390625,1,515,87,0.05063062161207199,0.29580891132354736,0.22499877214431763,0.24155862629413605,0.03346539585637487,0.00404317333664296,0.029422222519731735,0.07818162116811644
44,anneal,1080,0.05,0.05192947015166283,0.00020824636158067733,0.99310302734375,0.00689697265625,1,516,80,0.0502280667424202,0.296915739774704,0.22411181032657623,0.2384898066520691,0.03321601593071222,0.0044977784799817375,0.02871823745073064,0.07839637631034047
44,anneal,1100,0.05,0.05205642059445381,0.00020824636158067733,0.99310302734375,0.00689697265625,1,518,79,0.0503494031727314,0.29785192012786865,0.22436749935150146,0.23891887068748474,0.032987631559272756,0.0044977784799817375,0.028489853079290972,0.07753264736013288
44,anneal,1120,0.05,0.051784638315439224,0.00020824636158067733,0.99346923828125,0.00653076171875,1,518,70,0.050171200186014175,0.29722389578819275,0.2239679992198944,0.23588356375694275,0.03243003896951535,0.004861456796432804,0.027568582173082695,0.07777954389232244
44,anneal,1140,0.05,0.0515124537050724,0.00020824636158067733,0.99383544921875,0.00616455078125,1,517,68,0.04999588429927826,0.29600992798805237,0.22358357906341553,0.23206952214241028,0.03166221663578739,0.005245816072993421,0.02641640056279384,0.07817925825722549
44,anneal,1160,0.05,0.05130329355597496,0.00020824636158067733,0.993896484375,0.006103515625,1,516,71,0.04980647936463356,0.2950437068939209,0.22315047681331635,0.23227286338806152,0.030580495397053653,0.005311970285246772,0.025268525111806973,0.07827990888538106
44,anneal,1180,0.05,0.05140272527933121,0.00020824636158067733,0.9940185546875,0.0059814453125,1,520,68,0.049943599849939346,0.2938852310180664,0.22346575558185577,0.23146416246891022,0.030249517949606286,0.005446127204709988,0.024803390744896212,0.07754420313787913
44,anneal,1200,0.05,0.05124954134225845,0.00020824636158067733,0.9940185546875,0.0059814453125,1,519,71,0.04978064447641373,0.2953557074069977,0.22310471534729004,0.23370571434497833,0.029631176345183974,0.005446127204709988,0.024185049140473924,0.0767170352416745
44,anneal,1220,0.05,0.051354531198740005,0.00020824636158067733,0.9940185546875,0.0059814453125,1,517,68,0.049879103899002075,0.29654568433761597,0.22331170737743378,0.2341172993183136,0.029583582640235306,0.005446127204709988,0.024137455435525416,0.07637016606961178
44,anneal,1240,0.05,0.05120166391134262,0.00020824636158067733,0.99444580078125,0.00555419921875,1,517,68,0.049848202615976334,0.2935301959514618,0.22326108813285828,0.2359546273946762,0.028469407596467988,0.0059357604117135174,0.022533647184754396,0.07578335142963832
44,anneal,1260,0.05,0.05082761496305466,0.00020824636158067733,0.9945068359375,0.0054931640625,1,514,67,0.04948229342699051,0.2943912148475647,0.22244173288345337,0.23635993897914886,0.027410027491178823,0.006008349119141512,0.021401678372037308,0.07522501899868284
44,anneal,1280,0.05,0.05099274963140488,0.00020824636158067733,0.9945068359375,0.0054931640625,1,519,62,0.04965175688266754,0.2937711179256439,0.222812220454216,0.23677681386470795,0.02741863568390812,0.006008349119141512,0.021410286564766488,0.07553091679503476
44,anneal,1300,0.05,0.051086802035570145,0.00020824636158067733,0.9945068359375,0.0054931640625,1,519,65,0.04973896965384483,0.29510390758514404,0.2230159044265747,0.23755905032157898,0.027789419691735873,0.006008349119141512,0.021781070572594437,0.07523858913984649
44,anneal,1320,0.05,0.05065808445215225,0.00020824636158067733,0.99481201171875,0.00518798828125,1,520,62,0.04938381910324097,0.29500213265419006,0.22221580147743225,0.23564761877059937,0.027513703244231635,0.006381676616086091,0.02113202662814561,0.07567801125034956
44,anneal,1340,0.05,0.05067938193678856,0.00020824636158067733,0.994873046875,0.005126953125,1,519,63,0.049423832446336746,0.2943158745765686,0.22230497002601624,0.23706266283988953,0.027187644693377422,0.0064584747498868415,0.020729169943490514,0.07552573157656506
44,anneal,1360,0.05,0.05105353146791458,0.00020824636158067733,0.99481201171875,0.00518798828125,1,521,62,0.049793798476457596,0.29261094331741333,0.22314347326755524,0.2357611060142517,0.027911274170229206,0.006381676616086091,0.021529597554143066,0.07348008934124872
44,anneal,1380,0.05,0.051015760749578476,0.00020824636158067733,0.9947509765625,0.0052490234375,1,522,63,0.0497402623295784,0.29273751378059387,0.22301152348518372,0.23536032438278198,0.027372193522943178,0.006305600304230138,0.021066593218712907,0.07290294040351208
44,anneal,1400,0.05,0.051237333565950394,0.00020824636158067733,0.99462890625,0.00537109375,1,523,68,0.04995418339967728,0.28885501623153687,0.22349880635738373,0.2350359857082367,0.02677410782072087,0.006155579938786347,0.020618527881934495,0.07169146533917437
44,anneal,1420,0.05,0.05119333416223526,0.00020824636158067733,0.9942626953125,0.0057373046875,1,521,67,0.04980063810944557,0.2925456762313843,0.2231440395116806,0.23738965392112732,0.026960572460858145,0.005722012137439885,0.02123856032341836,0.07101197821677696
44,anneal,1440,0.05,0.051315151154994965,0.00020824636158067733,0.9942626953125,0.0057373046875,1,524,66,0.049932971596717834,0.29084426164627075,0.2234526127576828,0.23749762773513794,0.026762600813718507,0.005722012137439885,0.02104058867627881,0.07040088580899673
44,anneal,1460,0.05,0.051097322255373,0.00020824636158067733,0.99462890625,0.00537109375,1,520,70,0.049816932529211044,0.2882018983364105,0.22317823767662048,0.23661555349826813,0.02685554504588339,0.006155579938786347,0.020699965107097047,0.07137291022874914
44,anneal,1480,0.05,0.05101148411631584,0.00020824636158067733,0.99481201171875,0.00518798828125,1,517,64,0.04975992068648338,0.2910037636756897,0.22305633127689362,0.2369571477174759,0.027521554992027575,0.006381676616086091,0.0211398783759415,0.07210478078261284
44,anneal,1500,0.05,0.05102958902716637,0.00020824636158067733,0.9947509765625,0.0052490234375,1,519,60,0.049754370003938675,0.2926987409591675,0.2230418622493744,0.23856191337108612,0.027545284392736846,0.006305600304230138,0.021239684088506558,0.07203689585796591
44,anneal,1520,0.05,0.05092586204409599,0.00020824636158067733,0.994873046875,0.005126953125,1,517,64,0.04968686401844025,0.2913508415222168,0.2228987067937851,0.2367861121892929,0.027714149597350968,0.0064584747498868415,0.021255674847464164,0.07110735061789664
44,anneal,1540,0.05,0.05086567625403404,0.00020824636158067733,0.9947509765625,0.0052490234375,1,521,64,0.04961371421813965,0.288127064704895,0.22273297607898712,0.23596441745758057,0.027063525180174963,0.006305600304230138,0.020757924875944876,0.0703859517531985
44,anneal,1560,0.05,0.05121006816625595,0.00020824636158067733,0.994873046875,0.005126953125,1,515,65,0.049981728196144104,0.2895658612251282,0.22355206310749054,0.2362690567970276,0.026669325991143467,0.0064584747498868415,0.020210851241256614,0.07045038983116891
44,anneal,1580,0.05,0.051289450377225876,0.00020824636158067733,0.99462890625,0.00537109375,1,521,63,0.05000258609652519,0.289593368768692,0.2235938012599945,0.23561739921569824,0.026836696568544482,0.006155579938786347,0.02068111662975807,0.06929378640845452
44,anneal,1600,0.05,0.05137971043586731,0.00020824636158067733,0.99444580078125,0.00555419921875,1,519,64,0.05005485191941261,0.28858718276023865,0.22371631860733032,0.23530489206314087,0.026075981630320655,0.0059357604117135174,0.020140221218606907,0.06824111169473535
44,anneal,1620,0.05,0.05145583301782608,0.00020824636158067733,0.9942626953125,0.0057373046875,1,523,65,0.05006914585828781,0.29176580905914307,0.22374960780143738,0.23808597028255463,0.0259932038827273,0.005722012137439885,0.02027119174528745,0.06786282367167795
44,anneal,1640,0.05,0.05130008980631828,0.00020824636158067733,0.99444580078125,0.00555419921875,1,516,65,0.04997004196047783,0.28943848609924316,0.22350506484508514,0.23705704510211945,0.026073267610819073,0.0059357604117135174,0.020137507199105356,0.06838610789484145
44,anneal,1660,0.05,0.050991952419281006,0.00020824636158067733,0.994873046875,0.005126953125,1,522,63,0.04977098107337952,0.2879197299480438,0.22308951616287231,0.23626305162906647,0.025708318142470432,0.0064584747498868415,0.019249843392583555,0.068446484467788
44,anneal,1680,0.05,0.05106716230511665,0.00020824636158067733,0.99468994140625,0.00531005859375,1,517,64,0.04979303479194641,0.2897399067878723,0.22313424944877625,0.23680946230888367,0.025695637225190637,0.006230237464435199,0.019465399760755356,0.06760447307962958
44,anneal,1700,0.05,0.05106212571263313,0.00020824636158067733,0.9947509765625,0.0052490234375,1,517,64,0.04980379715561867,0.28953149914741516,0.22316090762615204,0.23645314574241638,0.02607994207229325,0.006305600304230138,0.019774341768062947,0.067982261739164
44,anneal,1720,0.05,0.05102820321917534,0.00020824636158067733,0.99493408203125,0.00506591796875,1,516,60,0.04981004074215889,0.2902711033821106,0.2231738567352295,0.23748332262039185,0.02571190117324562,0.0065360032543423496,0.01917589791890329,0.06839301424836075
44,anneal,1740,0.05,0.05105392634868622,0.00020824636158067733,0.99493408203125,0.00506591796875,1,518,60,0.049845047295093536,0.2884746789932251,0.223244771361351,0.23856231570243835,0.02612188454096298,0.0065360032543423496,0.019585881286620522,0.0684782361283599
44,anneal,1760,0.05,0.05119786411523819,0.00020824636158067733,0.994873046875,0.005126953125,1,523,68,0.049982234835624695,0.28708675503730774,0.22355908155441284,0.2378288209438324,0.025491895678179333,0.0064584747498868415,0.019033420928292504,0.0674772060089911
44,anneal,1780,0.05,0.051285140216350555,0.00020824636158067733,0.9945068359375,0.0054931640625,1,519,67,0.04998650774359703,0.28639453649520874,0.22355905175209045,0.23728227615356445,0.02521591331625217,0.006008349119141512,0.019207564197110626,0.06636203284208231
44,anneal,1800,0.05,0.05122193694114685,0.00020824636158067733,0.99456787109375,0.00543212890625,1,516,65,0.04993356764316559,0.28711023926734924,0.2234387844800949,0.2386043667793274,0.02564704435663856,0.00608161975479402,0.01956542460184468,0.06688580750844475
44,anneal,1820,0.05,0.05108034983277321,0.00020824636158067733,0.9945068359375,0.0054931640625,1,526,64,0.0497819185256958,0.2861539125442505,0.22310560941696167,0.2377178817987442,0.025110169903392432,0.006008349119141512,0.019101820784250788,0.06656840576826861
44,anneal,1840,0.05,0.05128607153892517,0.00020824636158067733,0.9942626953125,0.0057373046875,1,522,68,0.04991231858730316,0.2893555164337158,0.22340482473373413,0.23931893706321716,0.025165299972478294,0.005722012137439885,0.019443287835038583,0.06539626835067092
44,anneal,1860,0.05,0.05114965885877609,0.00020824636158067733,0.994384765625,0.005615234375,1,521,67,0.04981223866343498,0.28798869252204895,0.22317536175251007,0.2373301088809967,0.025149932124087115,0.005863846179885101,0.019286085944202024,0.06540348465998458
44,anneal,1880,0.05,0.051269035786390305,0.00020824636158067733,0.994384765625,0.005615234375,1,522,66,0.04993683472275734,0.28718289732933044,0.22344422340393066,0.23798976838588715,0.025077569356845686,0.005863846179885101,0.019213723176960587,0.06592809161586255
44,anneal,1900,0.05,0.051126062870025635,0.00020824636158067733,0.99444580078125,0.00555419921875,1,526,64,0.04981466382741928,0.28592345118522644,0.22317813336849213,0.23810960352420807,0.025055671642085997,0.0059357604117135174,0.01911991123037242,0.06568442566706134
44,anneal,1920,0.05,0.051193080842494965,0.00020824636158067733,0.99432373046875,0.00567626953125,1,528,67,0.04985174164175987,0.28615811467170715,0.2232683151960373,0.238414466381073,0.02439446908120857,0.005792599133058974,0.018601869948149573,0.0654692806353726
44,anneal,1940,0.05,0.05128142237663269,0.00020824636158067733,0.99456787109375,0.00543212890625,1,526,63,0.050006914883852005,0.2846300005912781,0.22361083328723907,0.24019105732440948,0.024294455805112136,0.00608161975479402,0.01821283605031826,0.06536527792261249
44,anneal,1960,0.05,0.0514393076300621,0.00020824636158067733,0.9942626953125,0.0057373046875,1,530,71,0.05009466037154198,0.28446391224861145,0.22381162643432617,0.23941661417484283,0.02468889635220961,0.005722012137439885,0.018966884214769927,0.06427851144028163
44,anneal,1980,0.05,0.05135471373796463,0.00020824636158067733,0.99420166015625,0.00579833984375,1,531,70,0.049996111541986465,0.28430479764938354,0.22358551621437073,0.2416197657585144,0.02358166310315113,0.005652078211028203,0.01792958489212302,0.06346769356671056
44,anneal,2000,0.05,0.0512068048119545,0.00020824636158067733,0.99432373046875,0.00567626953125,1,531,71,0.04987122118473053,0.28516390919685364,0.22329610586166382,0.2413341999053955,0.02315789143923297,0.005792599133058974,0.01736529230617393,0.06392583606131874
45,anneal,0,0.2,0.8382323980331421,0.00020824636158067733,0.37762451171875,0.62237548828125,2,1281,1132,0.9312098622322083,0.7818184494972229,0.7110745906829834,0.712488055229187,13.843606118756917,1.8471098672237085,11.996496251533209,2.7909335338924595
45,anneal,20,0.19453098948245712,0.6708789467811584,0.00020824636158067733,0.4927978515625,0.5072021484375,2,1315,1107,0.6799659132957458,0.6620501279830933,0.7054142355918884,0.6523653268814087,10.364054307439993,1.3558150350447027,9.00823927239529,2.282424699894111
45,anneal,40,0.1892115293451192,0.5215024948120117,0.00020824636158067733,0.59393310546875,0.40606689453125,2,1310,1048,0.49395105242729187,0.5618006587028503,0.6526373624801636,0.589752197265625,7.416482867018395,0.9685296807227003,6.447953186295695,1.9270462506217174
45,anneal,60,0.18403753012497504,0.4051896929740906,0.00020824636158067733,0.66278076171875,0.33721923828125,2,1260,939,0.3600331246852875,0.49394187331199646,0.5849341750144958,0.5366383194923401,5.219105375166883,0.7290929576508298,4.490012417516053,1.6422026846382525
45,anneal,80,0.1790050141855945,0.3296877145767212,0.00020824636158067733,0.7108154296875,0.2891845703125,2,1187,861,0.27933168411254883,0.4534629285335541,0.5260659456253052,0.4968608021736145,3.849715438977192,0.5745215664409804,3.275193872536212,1.4256338754537157
45,anneal,100,0.17411011265922482,0.2862977683544159,0.00020824636158067733,0.73455810546875,0.26544189453125,2,1113,803,0.23577016592025757,0.4261230230331421,0.48543232679367065,0.46703535318374634,3.084249822201137,0.5022062539038425,2.582043568297295,1.2797183949594202
45,anneal,120,0.16934906247250545,0.2594005763530731,0.00020824636158067733,0.747314453125,0.252685546875,2,1064,756,0.210561141371727,0.40384259819984436,0.45882144570350647,0.44215381145477295,2.6136585046367244,0.4645373444817136,2.1491211601550106,1.171405684421845
45,anneal,140,0.16471820345351462,0.23804855346679688,0.00020824636158067733,0.75811767578125,0.24188232421875,2,999,734,0.1903603971004486,0.38751474022865295,0.4360410273075104,0.4213310480117798,2.2476808290163817,0.4333088839849282,1.8143719450314533,1.0616534850894115
45,anneal,160,0.16021397551792443,0.22227147221565247,0.00020824636158067733,0.76666259765625,0.23333740234375,2,957,685,0.17631855607032776,0.37325629591941833,0.4195789098739624,0.40230995416641235,1.9845055171833437,0.4090583408884272,1.5754471762949163,0.9695917604264853
45,anneal,180,0.1558329159321,0.21213427186012268,0.00020824636158067733,0.771484375,0.228515625,2,928,671,0.16678278148174286,0.365244060754776,0.40819409489631653,0.39094793796539307,1.8150927569014854,0.3955536039609759,1.4195391529405095,0.9064095451401247
45,anneal,200,0.1515716566510398,0.20272913575172424,0.00020824636158067733,0.78167724609375,0.21832275390625,2,916,640,0.1595437228679657,0.3573489785194397,0.399231880903244,0.37898820638656616,1.6670222337915774,0.3674421455541581,1.2995800882374193,0.8458198577943424
45,anneal,220,0.14742692172911012,0.1943453550338745,0.00020824636158067733,0.79034423828125,0.20965576171875,2,894,622,0.15302039682865143,0.35012906789779663,0.39102739095687866,0.36815816164016724,1.5379925097206169,0.34401721181963685,1.1939752979009801,0.7956648112965216
45,anneal,240,0.14339552480158274,0.1867276132106781,0.00020824636158067733,0.79913330078125,0.20086669921875,2,879,595,0.14661501348018646,0.3463127017021179,0.3827556371688843,0.3608664274215698,1.4235440668282635,0.32072547484411823,1.1028185919841453,0.7460311460460819
45,anneal,260,0.13947436663504054,0.18070624768733978,0.00020824636158067733,0.80364990234375,0.19635009765625,2,857,582,0.14181818068027496,0.33987289667129517,0.37645822763442993,0.35335227847099304,1.3334077427641304,0.30894234570976714,1.0244653970543633,0.7125938229444021
45,anneal,280,0.1356604327447672,0.1745131015777588,0.00020824636158067733,0.81390380859375,0.18609619140625,2,845,563,0.1373002976179123,0.3372657895088196,0.3703268766403198,0.3475671112537384,1.2453641374433673,0.282675034629692,0.962689102813675,0.6662593142543504
45,anneal,300,0.13195079107728944,0.17006602883338928,0.00020824636158067733,0.8203125,0.1796875,2,832,552,0.13371895253658295,0.3359982967376709,0.36549004912376404,0.34548401832580566,1.180361083243234,0.26660871257511265,0.9137523706681212,0.6354938282681563
45,anneal,320,0.12834258975629043,0.16511011123657227,0.00020824636158067733,0.82763671875,0.17236328125,2,821,556,0.12972237169742584,0.3350313603878021,0.3600759506225586,0.3431906998157501,1.1112576977013404,0.24858891471627217,0.8626687829850681,0.6035391604388881
45,anneal,340,0.1248330548901612,0.16046959161758423,0.00020824636158067733,0.8345947265625,0.1654052734375,2,817,531,0.12646499276161194,0.3320484459400177,0.3554454743862152,0.3397047817707062,1.0459480128540335,0.2318183049820848,0.8141297078719485,0.5704769950686771
45,anneal,360,0.1214194884395047,0.15564347803592682,0.00020824636158067733,0.84124755859375,0.15875244140625,2,802,522,0.12293530255556107,0.3289678394794464,0.3504308760166168,0.33615872263908386,0.980058223074785,0.21611113620112607,0.763947086873659,0.5391947670511602
45,anneal,380,0.11809926614295303,0.1499401032924652,0.00020824636158067733,0.8525390625,0.1474609375,2,787,500,0.11913891136646271,0.3280157744884491,0.3450033664703369,0.3335026800632477,0.9065416402101718,0.19021718449888791,0.7163244557112838,0.5004945017360317
45,anneal,400,0.11486983549970349,0.14416228234767914,0.00020824636158067733,0.86419677734375,0.13580322265625,2,774,490,0.11543601751327515,0.326964408159256,0.33956030011177063,0.33130303025245667,0.8323281863560723,0.16454912847501335,0.667779057881059,0.4611757016980139
45,anneal,420,0.111728713807222,0.14051125943660736,0.00020824636158067733,0.8701171875,0.1298828125,2,765,474,0.11308986693620682,0.32421398162841797,0.3360825181007385,0.32948702573776245,0.7839003138908183,0.15195197193413895,0.6319483419566791,0.4376753182957348
45,anneal,440,0.10867348625260581,0.1369427740573883,0.00020824636158067733,0.87640380859375,0.12359619140625,2,763,460,0.11052592098712921,0.3242610991001129,0.3322348892688751,0.3283535838127136,0.7377322468166412,0.1389155131490025,0.5988167336676388,0.41236675730099004
45,anneal,460,0.10570180405613804,0.13357087969779968,0.00020824636158067733,0.88299560546875,0.11700439453125,2,756,460,0.10834284126758575,0.323959082365036,0.328893780708313,0.3274877071380615,0.6929643281402704,0.1256385067220288,0.5673258214182417,0.3895423653527562
45,anneal,480,0.10281138266560666,0.12825745344161987,0.00020824636158067733,0.89202880859375,0.10797119140625,2,739,441,0.10463074594736099,0.323454886674881,0.32334303855895996,0.32610905170440674,0.6307545714045872,0.10813178588925641,0.5226227855153307,0.3604710636506955
45,anneal,500,0.1,0.12504807114601135,0.00020824636158067733,0.8970947265625,0.1029052734375,2,737,430,0.10252245515584946,0.3214191198348999,0.3200629651546478,0.3249860107898712,0.591491572326241,0.09868091127258567,0.49281066105365523,0.3404122134749944
45,anneal,520,0.09726549474122856,0.12171221524477005,0.00020824636158067733,0.9031982421875,0.0968017578125,2,737,415,0.10036444664001465,0.32089513540267944,0.3166041672229767,0.3238786458969116,0.5523146354318769,0.08766482031820733,0.4646498151136696,0.3187785192210161
45,anneal,540,0.0946057646725596,0.11778692156076431,0.00020824636158067733,0.91021728515625,0.08978271484375,2,724,410,0.0978536382317543,0.31987062096595764,0.31270232796669006,0.32292360067367554,0.5073913066919076,0.07552491788981128,0.4318663888020965,0.2961505064747346
45,anneal,560,0.09201876506248752,0.11355943977832794,0.00020824636158067733,0.9158935546875,0.0841064453125,2,717,395,0.09477044641971588,0.3181658685207367,0.3077201545238495,0.31937357783317566,0.46178847665233747,0.06614668940109683,0.39564178725124083,0.2721896220761867
45,anneal,580,0.08950250709279725,0.11040586233139038,0.00020824636158067733,0.92230224609375,0.07769775390625,2,714,378,0.09299048036336899,0.31713321805000305,0.30476248264312744,0.3178696632385254,0.42621463114138436,0.05606279957962759,0.3701518315617568,0.2532806592068685
45,anneal,600,0.08705505632961241,0.10680314153432846,0.00020824636158067733,0.92724609375,0.07275390625,2,703,357,0.09045472741127014,0.31516316533088684,0.30066415667533875,0.31562793254852295,0.38821951533119403,0.048673479425091676,0.33954603590610244,0.2362015236001046
45,anneal,620,0.08467453123625272,0.10378286242485046,0.00020824636158067733,0.93206787109375,0.06793212890625,2,694,358,0.08853522688150406,0.31298917531967163,0.29741865396499634,0.31345757842063904,0.3562939164187,0.04181567522062148,0.3144782411980783,0.22057289100550614
45,anneal,640,0.08235910172675731,0.10114488005638123,0.00020824636158067733,0.93658447265625,0.06341552734375,2,697,345,0.08690216392278671,0.31149569153785706,0.29470324516296387,0.3119763731956482,0.3287837286772728,0.0357247574740928,0.2930589712031801,0.2076226459546181
45,anneal,660,0.0801069877589622,0.09816445410251617,0.00020824636158067733,0.94073486328125,0.05926513671875,2,682,330,0.08471741527318954,0.31161391735076904,0.290996253490448,0.31212738156318665,0.3012344671735363,0.030430195536786497,0.2708042716367496,0.19211824887381435
45,anneal,680,0.07791645796604998,0.09507518261671066,0.00020824636158067733,0.94561767578125,0.05438232421875,2,680,311,0.08284264802932739,0.3077784776687622,0.2877311706542969,0.3081471920013428,0.27201911309403926,0.024598762359503208,0.24742035073453583,0.17806541694219258
45,anneal,700,0.07578582832551992,0.09193721413612366,0.00020824636158067733,0.94915771484375,0.05084228515625,2,670,305,0.08045624196529388,0.306271493434906,0.2835693657398224,0.3047201931476593,0.24350007581252697,0.02065892230621999,0.22284115350630687,0.16332954998572158
45,anneal,720,0.07371346086455506,0.08881282806396484,0.00020824636158067733,0.953125,0.046875,2,667,286,0.07823802530765533,0.3038336932659149,0.2796637713909149,0.30082082748413086,0.21754840921513363,0.016553266785632178,0.20099514242950156,0.15093408878667314
45,anneal,740,0.07169776240079137,0.08625254034996033,0.00020824636158067733,0.9569091796875,0.0430908203125,2,658,268,0.07654151320457458,0.3019033670425415,0.27660489082336426,0.29653623700141907,0.19554787373655103,0.012965325501759346,0.1825825482347918,0.14056961908565635
45,anneal,760,0.06973718331752027,0.08329274505376816,0.00020824636158067733,0.960693359375,0.039306640625,2,651,257,0.07443726807832718,0.2997294068336487,0.2727724611759186,0.2915154993534088,0.17331640696666994,0.00972509932420752,0.16359130764246224,0.12921211265413357
45,anneal,780,0.0678302163723836,0.08095180243253708,0.00020824636158067733,0.963134765625,0.036865234375,2,649,241,0.07266084849834442,0.29756006598472595,0.26949796080589294,0.28687411546707153,0.15593276648015575,0.007833906954203905,0.1480988595259517,0.1196288965372535
45,anneal,800,0.06597539553864472,0.07830601930618286,0.00020824636158067733,0.96612548828125,0.03387451171875,2,629,236,0.07065153867006302,0.2966170310974121,0.2657544016838074,0.2835153043270111,0.13826320389508595,0.005747275567851436,0.13251592832723447,0.11058711313009761
45,anneal,820,0.06417129487814521,0.07588814198970795,0.00020824636158067733,0.96929931640625,0.03070068359375,2,628,218,0.06897569447755814,0.2941319942474365,0.26252642273902893,0.2798364758491516,0.12148295389507524,0.003832729831543145,0.11765022406353218,0.10377874210164217
45,anneal,840,0.0624165274450806,0.07376554608345032,0.00020824636158067733,0.971923828125,0.028076171875,2,612,212,0.06745190173387527,0.29232752323150635,0.2596336007118225,0.27728211879730225,0.1086524053536877,0.0025041342488721363,0.10614827110481553,0.09660232067901442
45,anneal,860,0.06070974421975235,0.07122722268104553,0.00020824636158067733,0.97509765625,0.02490234375,2,602,188,0.06568406522274017,0.2882802188396454,0.2562061548233032,0.2679270803928375,0.0947885155839785,0.0012374103964178903,0.09355110518756062,0.09015305743443813
45,anneal,880,0.059049633071476516,0.06894501298666,0.00020824636158067733,0.97747802734375,0.02252197265625,2,593,178,0.0638781487941742,0.28885242342948914,0.25266939401626587,0.2639739215373993,0.08257055806480906,0.0005573529284808457,0.08201320513632834,0.08516965774535701
45,anneal,900,0.057434917749851745,0.06683406233787537,0.00020824636158067733,0.9794921875,0.0205078125,2,585,165,0.06222326681017876,0.28705450892448425,0.24932940304279327,0.2559095323085785,0.07283445772210229,0.00018219957016799276,0.0726522581519344,0.08192616071093861
45,anneal,920,0.055864356903610995,0.06465946137905121,0.00020824636158067733,0.98260498046875,0.01739501953125,2,573,145,0.060721516609191895,0.2871048152446747,0.24633806943893433,0.2504563629627228,0.06391442394689051,7.839296277005687e-06,0.06390658465061366,0.0791353119281869
45,anneal,940,0.05433674312630291,0.0628206804394722,0.00020824636158067733,0.984375,0.015625,2,568,134,0.05924898386001587,0.28783777356147766,0.243331179022789,0.24539916217327118,0.058650911800405936,0.00015605437165852262,0.05849485742874738,0.07700126378105987
45,anneal,960,0.052850902028069024,0.060809727758169174,0.00020824636158067733,0.98651123046875,0.01348876953125,2,560,122,0.05772382393479347,0.28649961948394775,0.24016699194908142,0.23725979030132294,0.052899230868398206,0.0006090260896235672,0.05229020477877471,0.07596269779671483
45,anneal,980,0.05140569133280333,0.05912897735834122,0.00020824636158067733,0.98748779296875,0.01251220703125,2,558,117,0.05619692802429199,0.2905324101448059,0.23697057366371155,0.2340826690196991,0.04630633475627377,0.0009274190656904614,0.04537891569058338,0.07559322966037352
45,anneal,1000,0.05,0.057505734264850616,0.00020824636158067733,0.98907470703125,0.01092529296875,2,539,105,0.05490724742412567,0.2927488684654236,0.23421578109264374,0.22910107672214508,0.0440663363626399,0.001612424528797899,0.042453911833842076,0.0760740437624211
45,anneal,1020,0.05,0.055927325040102005,0.00020824636158067733,0.99078369140625,0.00921630859375,1,536,91,0.05373919755220413,0.2911582291126251,0.23172469437122345,0.22188188135623932,0.039854551774816116,0.0026127138733992757,0.03724183790141686,0.0775638278507561
45,anneal,1040,0.05,0.054931268095970154,0.00020824636158067733,0.99169921875,0.00830078125,1,533,87,0.0529225654900074,0.2949114739894867,0.22995798289775848,0.2185380905866623,0.03799391657977225,0.0032769294962498134,0.034716987083522326,0.07889007548576255
45,anneal,1060,0.05,0.05429285392165184,0.00020824636158067733,0.99224853515625,0.00775146484375,1,533,85,0.052397750318050385,0.2968805730342865,0.2288692444562912,0.21729277074337006,0.03615867025674646,0.0037236923813339954,0.03243497787541255,0.07920043839178315
45,anneal,1080,0.05,0.05365555360913277,0.00020824636158067733,0.99285888671875,0.00714111328125,1,531,70,0.0518936924636364,0.2986145615577698,0.22776545584201813,0.21416383981704712,0.03620987849736679,0.0042662717342573705,0.031943606763109506,0.08015264555499224
45,anneal,1100,0.05,0.053342435508966446,0.00020824636158067733,0.9932861328125,0.0067138671875,1,531,69,0.05170362815260887,0.2957972586154938,0.2273397445678711,0.20967769622802734,0.03545933009464619,0.004677103558710138,0.030782226535936055,0.08037892696367843
45,anneal,1120,0.05,0.05273402854800224,0.00020824636158067733,0.99432373046875,0.00567626953125,1,523,61,0.05136498063802719,0.2925533056259155,0.2266097068786621,0.20867043733596802,0.0343587214376484,0.005792599133058974,0.028566122304589374,0.08212557833823875
45,anneal,1140,0.05,0.05218810588121414,0.00020824636158067733,0.994873046875,0.005126953125,1,522,59,0.05095162242650986,0.29212433099746704,0.22571247816085815,0.2051863968372345,0.03304189397041313,0.0064584747498868415,0.026583419220526334,0.083566042347886
45,anneal,1160,0.05,0.051989682018756866,0.00020824636158067733,0.99530029296875,0.00469970703125,1,532,59,0.05086430162191391,0.2903222143650055,0.22547511756420135,0.2021942138671875,0.03236695364486053,0.007017017732173234,0.025349935912687367,0.08398884772097726
45,anneal,1180,0.05,0.05187339708209038,0.00020824636158067733,0.99542236328125,0.00457763671875,1,528,54,0.05077207833528519,0.29135915637016296,0.22531169652938843,0.20141348242759705,0.031013974519929377,0.007183622125638152,0.02383035239429112,0.08383448547894867
45,anneal,1200,0.05,0.05164990574121475,0.00020824636158067733,0.995361328125,0.004638671875,1,530,57,0.050526782870292664,0.2926478087902069,0.2247610241174698,0.2021775096654892,0.030961555552686093,0.00709991649891192,0.0238616390537739,0.08338649979916435
45,anneal,1220,0.05,0.05142398923635483,0.00020824636158067733,0.9957275390625,0.0042724609375,1,524,54,0.05039636045694351,0.2909204363822937,0.22447578608989716,0.20143641531467438,0.03016394871539063,0.007614638346629044,0.022549310368761368,0.08367366567901835
45,anneal,1240,0.05,0.05130862444639206,0.00020824636158067733,0.99578857421875,0.00421142578125,1,522,52,0.0502847321331501,0.29340609908103943,0.22421211004257202,0.2030390501022339,0.03053452004697732,0.007703420576073742,0.02283109947090367,0.0840434873250363
45,anneal,1260,0.05,0.05134238302707672,0.00020824636158067733,0.99578857421875,0.00421142578125,1,525,52,0.050303779542446136,0.29691916704177856,0.22428229451179504,0.20472274720668793,0.029712875744927203,0.007703420576073742,0.022009455168853404,0.08378539725592626
45,anneal,1280,0.05,0.051028572022914886,0.00020824636158067733,0.9959716796875,0.0040283203125,1,522,48,0.05002213269472122,0.29986369609832764,0.22363261878490448,0.2042689472436905,0.029060969216708088,0.007975149727784719,0.021085819488923446,0.08537893678360187
45,anneal,1300,0.05,0.05093832686543465,0.00020824636158067733,0.99603271484375,0.00396728515625,1,518,48,0.04994843155145645,0.29946181178092957,0.22346699237823486,0.19999384880065918,0.02854584352481737,0.008067564943455537,0.020478278581361718,0.08499354642183088
45,anneal,1320,0.05,0.05106573924422264,0.00020824636158067733,0.9959716796875,0.0040283203125,1,521,49,0.05006261542439461,0.2990811765193939,0.2237398326396942,0.20408537983894348,0.029405510504339816,0.007975149727784719,0.021430360776555246,0.08396593283461906
45,anneal,1340,0.05,0.05110936239361763,0.00020824636158067733,0.9959716796875,0.0040283203125,1,518,51,0.050106506794691086,0.29905596375465393,0.2238377332687378,0.20552143454551697,0.028146845863567194,0.007975149727784719,0.020171696135782492,0.0827663156530637
45,anneal,1360,0.05,0.05126183480024338,0.00020824636158067733,0.9959716796875,0.0040283203125,1,521,50,0.05025908723473549,0.2991822063922882,0.22417005896568298,0.20628298819065094,0.02893155324291996,0.007975149727784719,0.0209564035151354,0.08214692688554559
45,anneal,1380,0.05,0.05106725916266441,0.00020824636158067733,0.99603271484375,0.00396728515625,1,524,47,0.050091203302145004,0.29611697793006897,0.22380033135414124,0.2060936838388443,0.02831266013546241,0.008067564943455537,0.02024509519200675,0.0821491359972445
45,anneal,1400,0.05,0.0508916936814785,0.00020824636158067733,0.99615478515625,0.00384521484375,1,518,45,0.0499492809176445,0.2950364649295807,0.22347325086593628,0.20393863320350647,0.027857222543580917,0.008255238386976622,0.0196019841566042,0.0823574360481164
45,anneal,1420,0.05,0.051056936383247375,0.00020824636158067733,0.99609375,0.00390625,1,524,45,0.05009268969297409,0.29693880677223206,0.22380727529525757,0.2068687230348587,0.027834684959280764,0.008160922938703897,0.01967376202057696,0.08212721281663315
45,anneal,1440,0.05,0.0512215681374073,0.00020824636158067733,0.99591064453125,0.00408935546875,1,526,49,0.0502149872481823,0.2963622510433197,0.22406797111034393,0.21156486868858337,0.027180310993763612,0.007883663062952483,0.019296647930811005,0.08082333974082057
45,anneal,1460,0.05,0.05098937079310417,0.00020824636158067733,0.99603271484375,0.00396728515625,1,523,51,0.05000646784901619,0.2977573573589325,0.22361356019973755,0.2114836871623993,0.026476659462979057,0.008067564943455537,0.018409094519523432,0.08167008806842413
45,anneal,1480,0.05,0.05070951581001282,0.00020824636158067733,0.99627685546875,0.00372314453125,1,522,46,0.049787793308496475,0.297353595495224,0.223098024725914,0.208411306142807,0.027307566924910986,0.00844680268837621,0.0188607642365349,0.08287310150692273
45,anneal,1500,0.05,0.050924889743328094,0.00020824636158067733,0.99615478515625,0.00384521484375,1,522,45,0.0499749481678009,0.2970198094844818,0.22354213893413544,0.20627163350582123,0.02628171076522534,0.008255238386976622,0.018026472378248677,0.0810237062039253
45,anneal,1520,0.05,0.05085652694106102,0.00020824636158067733,0.9959716796875,0.0040283203125,1,519,48,0.04985341802239418,0.2988666594028473,0.22325757145881653,0.21093149483203888,0.025682918414723588,0.007975149727784719,0.017707768686938994,0.07949106774387682
45,anneal,1540,0.05,0.05071099475026131,0.00020824636158067733,0.9962158203125,0.0037841796875,1,523,47,0.049778785556554794,0.29612258076667786,0.22310534119606018,0.2100643664598465,0.026182163332315156,0.008350526427610229,0.017831636904704868,0.07971730471828986
45,anneal,1560,0.05,0.050989627838134766,0.00020824636158067733,0.9959716796875,0.0040283203125,1,524,48,0.050001662224531174,0.2952570617198944,0.22359515726566315,0.21008850634098053,0.02613653165482077,0.007975149727784719,0.018161381927036042,0.07764839691001024
45,anneal,1580,0.05,0.05093007907271385,0.00020824636158067733,0.99609375,0.00390625,1,521,47,0.04997412487864494,0.29470014572143555,0.22354565560817719,0.2098417729139328,0.0262498720114408,0.008160922938703897,0.01808894907273685,0.07785738151207833
45,anneal,1600,0.05,0.050686076283454895,0.00020824636158067733,0.99627685546875,0.00372314453125,1,521,47,0.0497819222509861,0.2926287353038788,0.223108172416687,0.2069864422082901,0.02630578316912846,0.00844680268837621,0.01785898048075231,0.07861024389487492
45,anneal,1620,0.05,0.05072217807173729,0.00020824636158067733,0.99627685546875,0.00372314453125,1,519,48,0.049818769097328186,0.292464941740036,0.22318783402442932,0.20786923170089722,0.026157343360146967,0.00844680268837621,0.017710540671770907,0.07807469473548034
45,anneal,1640,0.05,0.05064200237393379,0.00020824636158067733,0.9962158203125,0.0037841796875,1,521,46,0.04972999915480614,0.29073506593704224,0.2229810506105423,0.20702919363975525,0.0259251838217196,0.008350526427610229,0.017574657394109308,0.07782832989389343
45,anneal,1660,0.05,0.0506274551153183,0.00020824636158067733,0.99627685546875,0.00372314453125,1,525,47,0.04973416402935982,0.28966549038887024,0.22300410270690918,0.20603032410144806,0.025315150691504584,0.00844680268837621,0.016868348003128388,0.07761739981717464
45,anneal,1680,0.05,0.05053457245230675,0.00020824636158067733,0.99627685546875,0.00372314453125,1,524,47,0.049640923738479614,0.28966549038887024,0.22278036177158356,0.20771841704845428,0.02499195632864115,0.00844680268837621,0.01654515364026504,0.07759434184910996
45,anneal,1700,0.05,0.050522301346063614,0.00020824636158067733,0.9964599609375,0.0035400390625,1,519,44,0.04966133460402489,0.29287081956863403,0.22282354533672333,0.2086721956729889,0.02498361843773722,0.008741724911608123,0.01624189352612913,0.07841608978262438
45,anneal,1720,0.05,0.050501301884651184,0.00020824636158067733,0.9964599609375,0.0035400390625,1,519,47,0.04963531345129013,0.29426389932632446,0.22278687357902527,0.2082528918981552,0.026028633801807644,0.008741724911608123,0.01728690889019936,0.07935443201924708
45,anneal,1740,0.05,0.050686877220869064,0.00020824636158067733,0.9964599609375,0.0035400390625,1,522,44,0.04982531815767288,0.29320111870765686,0.22320827841758728,0.20787683129310608,0.025720933830790216,0.008741724911608123,0.016979208919182046,0.07809993740440613
45,anneal,1760,0.05,0.050844043493270874,0.00020824636158067733,0.99627685546875,0.00372314453125,1,528,45,0.04994012415409088,0.2927243709564209,0.22345727682113647,0.20945917069911957,0.0251819969127709,0.00844680268837621,0.016735194224394796,0.07654948253977845
45,anneal,1780,0.05,0.05072829872369766,0.00020824636158067733,0.99603271484375,0.00396728515625,1,525,51,0.04976973310112953,0.29138824343681335,0.2230781763792038,0.2132365107536316,0.025467369196313427,0.008067564943455537,0.017399804252857816,0.07538032517252058
45,anneal,1800,0.05,0.0507211796939373,0.00020824636158067733,0.99603271484375,0.00396728515625,1,522,49,0.04976268112659454,0.29136258363723755,0.22306224703788757,0.2120739072561264,0.02455670112995989,0.008067564943455537,0.016489136186504293,0.0754981331926704
45,anneal,1820,0.05,0.05070222541689873,0.00020824636158067733,0.9959716796875,0.0040283203125,1,524,53,0.0497329980134964,0.2903348505496979,0.22300593554973602,0.21424531936645508,0.02489034843912208,0.007975149727784719,0.016915198711337384,0.07545752071084488
45,anneal,1840,0.05,0.05087433010339737,0.00020824636158067733,0.99578857421875,0.00421142578125,1,525,55,0.04987209662795067,0.2878529131412506,0.22331111133098602,0.2169044464826584,0.024551346767303528,0.007703420576073742,0.016847926191229743,0.0744996996224675
45,anneal,1860,0.05,0.050944216549396515,0.00020824636158067733,0.9954833984375,0.0045166015625,1,529,56,0.049870364367961884,0.2876267731189728,0.22329974174499512,0.21880380809307098,0.024194297519180452,0.007268145320983837,0.016926152198196542,0.07381433857583242
45,anneal,1880,0.05,0.05097489431500435,0.00020824636158067733,0.9952392578125,0.0047607421875,1,527,59,0.049843668937683105,0.287458211183548,0.22324377298355103,0.2184605747461319,0.024293956972734065,0.006934915394965589,0.017359041577768554,0.07350047952852246
45,anneal,1900,0.05,0.051004622131586075,0.00020824636158067733,0.99542236328125,0.00457763671875,1,527,57,0.04992111399769783,0.2866166830062866,0.2234082818031311,0.21841104328632355,0.024430560042866034,0.007183622125638152,0.017246937917227895,0.07324813950319575
45,anneal,1920,0.05,0.05114683881402016,0.00020824636158067733,0.9952392578125,0.0047607421875,1,526,60,0.05001434311270714,0.2878960967063904,0.22362634539604187,0.21798938512802124,0.023818374793528108,0.006934915394965589,0.016883459398562603,0.07254110362621058
45,anneal,1940,0.05,0.050942353904247284,0.00020824636158067733,0.9952392578125,0.0047607421875,1,525,59,0.049808070063591,0.28806692361831665,0.22316907346248627,0.22165170311927795,0.02388252560941595,0.006934915394965589,0.016947610214450237,0.07299185826625243
45,anneal,1960,0.05,0.05089050903916359,0.00020824636158067733,0.9951171875,0.0048828125,1,525,57,0.04971509054303169,0.29044151306152344,0.2229577898979187,0.22133097052574158,0.023992603019188152,0.006773059614540458,0.017219543404647705,0.07396760980984463
45,anneal,1980,0.05,0.05114441365003586,0.00020824636158067733,0.99505615234375,0.00494384765625,1,523,57,0.04995279759168625,0.2909832298755646,0.22349129617214203,0.22388708591461182,0.023800721690541593,0.006693286607663828,0.0171074350828777,0.07352650108871084
45,anneal,2000,0.05,0.05089499428868294,0.00020824636158067733,0.9949951171875,0.0050048828125,1,517,61,0.049697041511535645,0.289053350687027,0.22291801869869232,0.22429822385311127,0.023432265130587382,0.00661427088417659,0.016817994246410728,0.07379944282795103
46,anneal,0,0.2,0.7060337066650391,0.00020824636158067733,0.58880615234375,0.41119384765625,2,1341,1094,0.7434523701667786,0.6524525284767151,0.7082312703132629,0.6192954182624817,11.001419411564903,0.9871623086745616,10.014257102890342,2.1971306326529176
46,anneal,20,0.19453098948245712,0.4933580160140991,0.00020824636158067733,0.62603759765625,0.37396240234375,2,1310,977,0.48165029287338257,0.5129573941230774,0.6263018846511841,0.5355947613716125,6.813404945329431,0.8543511550148088,5.959053790314622,1.768090702841366
46,anneal,40,0.1892115293451192,0.34763312339782715,0.00020824636158067733,0.67425537109375,0.32574462890625,2,1204,817,0.31134355068206787,0.4227483570575714,0.5388625264167786,0.46220532059669495,4.0991573103294385,0.69119971690337,3.407957593426069,1.4168559903234583
46,anneal,60,0.18403753012497504,0.2715083956718445,0.00020824636158067733,0.7161865234375,0.2838134765625,2,1073,719,0.2291969507932663,0.37827882170677185,0.4755217134952545,0.41377654671669006,2.7741633063321487,0.5579172467660944,2.2162460595660542,1.188980619623837
46,anneal,80,0.1790050141855945,0.2390855997800827,0.00020824636158067733,0.73260498046875,0.26739501953125,2,1004,674,0.19622047245502472,0.3565269112586975,0.44226640462875366,0.3858189880847931,2.236879339055996,0.5080480720730294,1.7288312669829666,1.0691405410259196
46,anneal,100,0.17411011265922482,0.2257944941520691,0.00020824636158067733,0.7353515625,0.2646484375,2,966,650,0.18196116387844086,0.34758976101875305,0.4260597229003906,0.3741624653339386,2.0162282681105452,0.49983859854162815,1.5163896695689172,1.0046860719746493
46,anneal,120,0.16934906247250545,0.21546512842178345,0.00020824636158067733,0.74188232421875,0.25811767578125,2,926,635,0.17185762524604797,0.3408018946647644,0.4140405058860779,0.36381787061691284,1.850595998646206,0.48047444482634316,1.3701215538198626,0.9474473730158227
46,anneal,140,0.16471820345351462,0.20867082476615906,0.00020824636158067733,0.74371337890625,0.25628662109375,2,898,626,0.16459959745407104,0.33656030893325806,0.4049578011035919,0.3568929433822632,1.7437337693649155,0.47508506505685394,1.2686487043080616,0.9007836722600789
46,anneal,160,0.16021397551792443,0.20134133100509644,0.00020824636158067733,0.75457763671875,0.24542236328125,2,890,611,0.15819573402404785,0.33399713039398193,0.3970549404621124,0.3515703082084656,1.63281783362671,0.44347274947079285,1.1893450841559172,0.8563719173623415
46,anneal,180,0.1558329159321,0.19662046432495117,0.00020824636158067733,0.75933837890625,0.24066162109375,2,873,596,0.15393447875976562,0.33130377531051636,0.3916863799095154,0.34710681438446045,1.5622629156659613,0.42981991442796386,1.1324430012379971,0.8263139369016447
46,anneal,200,0.1515716566510398,0.19079028069972992,0.00020824636158067733,0.7684326171875,0.2315673828125,2,858,593,0.14907677471637726,0.3292122185230255,0.3855941593647003,0.3425365388393402,1.476732487771379,0.40408570797111737,1.072646779800262,0.7903630814623487
46,anneal,220,0.14742692172911012,0.18633060157299042,0.00020824636158067733,0.777099609375,0.222900390625,2,836,580,0.1456821709871292,0.3280435800552368,0.38118231296539307,0.3393653333187103,1.4126080765674587,0.3799929309415746,1.032615145625884,0.7577199414379013
46,anneal,240,0.14339552480158274,0.18033269047737122,0.00020824636158067733,0.78778076171875,0.21221923828125,2,831,559,0.14091089367866516,0.32667076587677,0.3749615550041199,0.3345881402492523,1.3260894968936654,0.3508991056784663,0.9751903912151989,0.7179909212506775
46,anneal,260,0.13947436663504054,0.17520771920681,0.00020824636158067733,0.799072265625,0.200927734375,2,826,557,0.13705818355083466,0.326925128698349,0.369803249835968,0.3322203755378723,1.2534205480025875,0.3208855814862962,0.9325349665162912,0.6797018269651037
46,anneal,280,0.1356604327447672,0.17080169916152954,0.00020824636158067733,0.80706787109375,0.19293212890625,2,817,546,0.13400575518608093,0.32472532987594604,0.3656439781188965,0.32934942841529846,1.1886874458943666,0.30011120071185104,0.8885762451825154,0.6497905491348522
46,anneal,300,0.13195079107728944,0.16649259626865387,0.00020824636158067733,0.81414794921875,0.18585205078125,2,808,534,0.13071675598621368,0.3232130706310272,0.361304372549057,0.32799941301345825,1.12719123860753,0.2820579695191947,0.8451332690883351,0.6234055695829032
46,anneal,320,0.12834258975629043,0.16160809993743896,0.00020824636158067733,0.82403564453125,0.17596435546875,2,796,518,0.12688396871089935,0.32422006130218506,0.3558823764324188,0.32707875967025757,1.057586589724643,0.2574024224440535,0.8001841672805896,0.5832872091784541
46,anneal,340,0.1248330548901612,0.15645843744277954,0.00020824636158067733,0.83367919921875,0.16632080078125,2,783,516,0.12329395860433578,0.3226945400238037,0.35080739855766296,0.32497096061706543,0.9858712673360159,0.23400517655754768,0.7518660907784682,0.5463865540157006
46,anneal,360,0.1214194884395047,0.1518898904323578,0.00020824636158067733,0.8438720703125,0.1561279296875,2,773,505,0.1208353266119957,0.31973981857299805,0.3474337160587311,0.323128342628479,0.9208479315058966,0.21000528010439123,0.7108426514015056,0.5199373887014392
46,anneal,380,0.11809926614295303,0.14822298288345337,0.00020824636158067733,0.85003662109375,0.14996337890625,2,767,511,0.11816553771495819,0.3185974359512329,0.34355807304382324,0.32333657145500183,0.867258190843323,0.19587053559397682,0.671387655249346,0.4936119211567732
46,anneal,400,0.11486983549970349,0.1427106261253357,0.00020824636158067733,0.8612060546875,0.1387939453125,2,754,490,0.1145486906170845,0.31745344400405884,0.338284969329834,0.32230401039123535,0.7930826064550374,0.17102689459072912,0.6220557118643082,0.45816575867567944
46,anneal,420,0.111728713807222,0.13841992616653442,0.00020824636158067733,0.8677978515625,0.1322021484375,2,751,480,0.11154577881097794,0.31482651829719543,0.33384132385253906,0.3204543888568878,0.735429158539965,0.15685063659371307,0.5785785219462519,0.43150711993141366
46,anneal,440,0.10867348625260581,0.13497444987297058,0.00020824636158067733,0.87408447265625,0.12591552734375,2,741,468,0.10924533754587173,0.31358158588409424,0.33041495084762573,0.32032641768455505,0.6903233809536786,0.14368343028961797,0.5466399506640607,0.40898215621629996
46,anneal,460,0.10570180405613804,0.13139595091342926,0.00020824636158067733,0.87664794921875,0.12335205078125,2,731,464,0.10599500685930252,0.31191742420196533,0.32524287700653076,0.31839999556541443,0.6452414289235193,0.1384165022633253,0.5068249266601941,0.3820592689669159
46,anneal,480,0.10281138266560666,0.12757065892219543,0.00020824636158067733,0.88397216796875,0.11602783203125,2,724,442,0.10357365012168884,0.31039464473724365,0.32170939445495605,0.31735959649086,0.6002755751362301,0.1237068299314921,0.4765687452047378,0.36216940177175483
46,anneal,500,0.1,0.12305550277233124,0.00020824636158067733,0.8922119140625,0.1077880859375,2,711,438,0.10057739168405533,0.30911722779273987,0.31700649857521057,0.31530413031578064,0.5477778829665212,0.10778547881627842,0.43999240415024266,0.3349387114219301
46,anneal,520,0.09726549474122856,0.11990930885076523,0.00020824636158067733,0.89666748046875,0.10333251953125,2,700,434,0.09822890907526016,0.3080408573150635,0.31328028440475464,0.31507229804992676,0.5114241705161575,0.09946740384148005,0.41195676667467723,0.3159596264310697
46,anneal,540,0.0946057646725596,0.1167985275387764,0.00020824636158067733,0.9014892578125,0.0985107421875,2,690,422,0.09591401368379593,0.3079163730144501,0.30947941541671753,0.31381434202194214,0.4769096610436563,0.09070737457594974,0.3862022864677063,0.29555265534210984
46,anneal,560,0.09201876506248752,0.1126621663570404,0.00020824636158067733,0.90826416015625,0.09173583984375,2,688,413,0.09315145015716553,0.305835098028183,0.3050767183303833,0.31095004081726074,0.43389638239769823,0.07884418566517533,0.3550521967325228,0.2739277066145608
46,anneal,580,0.08950250709279725,0.10928020626306534,0.00020824636158067733,0.914794921875,0.085205078125,2,679,399,0.09107199311256409,0.30477070808410645,0.3016819655895233,0.3098461329936981,0.39815766289776633,0.06792995655427994,0.3302277063434862,0.25603582499090616
46,anneal,600,0.08705505632961241,0.10617057234048843,0.00020824636158067733,0.9193115234375,0.0806884765625,2,667,378,0.08894804120063782,0.30239272117614746,0.2981013357639313,0.3060610592365265,0.36837498574478644,0.06069980568369535,0.3076751800610912,0.23834856080859235
46,anneal,620,0.08467453123625272,0.10255017131567001,0.00020824636158067733,0.9251708984375,0.0748291015625,2,665,372,0.0865066647529602,0.30090853571891785,0.2940325438976288,0.3039543926715851,0.33048136020826036,0.051732306685037234,0.2787490535232231,0.2209620134387681
46,anneal,640,0.08235910172675731,0.09961389750242233,0.00020824636158067733,0.92919921875,0.07080078125,2,656,350,0.0843355804681778,0.3001285493373871,0.29025664925575256,0.3011638820171356,0.30424049763697525,0.045852874026645576,0.25838762361032985,0.20453859076289727
46,anneal,660,0.0801069877589622,0.09697367250919342,0.00020824636158067733,0.9344482421875,0.0655517578125,2,653,353,0.0828065350651741,0.2989279627799988,0.28764843940734863,0.300260454416275,0.2788768918400919,0.03856412997646642,0.2403127618636255,0.1918035294299646
46,anneal,680,0.07791645796604998,0.09437525272369385,0.00020824636158067733,0.93890380859375,0.06109619140625,2,644,330,0.08126246929168701,0.29588767886161804,0.28491994738578796,0.29637575149536133,0.2551383296233425,0.03272910010723054,0.22240922951611197,0.17885422898754977
46,anneal,700,0.07578582832551992,0.09151531010866165,0.00020824636158067733,0.942626953125,0.057373046875,2,640,333,0.07907511293888092,0.29590508341789246,0.28108304738998413,0.29539257287979126,0.22932603658428974,0.028117867371218554,0.2012081692130713,0.16568350028021295
46,anneal,720,0.07371346086455506,0.08803495019674301,0.00020824636158067733,0.94757080078125,0.05242919921875,2,633,316,0.07665905356407166,0.2936355471611023,0.27675163745880127,0.29049164056777954,0.2021323193186717,0.022393926541153297,0.17973839277751824,0.15049166389573865
46,anneal,740,0.07169776240079137,0.08462878316640854,0.00020824636158067733,0.95123291015625,0.04876708984375,2,613,302,0.07398121058940887,0.2923163175582886,0.27187371253967285,0.2868570387363434,0.17539226916434103,0.018469066662525978,0.15692320250181507,0.1364561605084621
46,anneal,760,0.06973718331752027,0.08268901705741882,0.00020824636158067733,0.95440673828125,0.04559326171875,2,611,285,0.07272530347108841,0.2912602424621582,0.2695678174495697,0.2851312458515167,0.16125734311227546,0.01530081429371075,0.14595652881856472,0.1276854770992234
46,anneal,780,0.0678302163723836,0.07987219095230103,0.00020824636158067733,0.95819091796875,0.04180908203125,2,607,276,0.07074342668056488,0.2890872657299042,0.26586076617240906,0.28072431683540344,0.14071617578903073,0.011827406912501177,0.1288887688765295,0.11726439366677577
46,anneal,800,0.06597539553864472,0.07720281928777695,0.00020824636158067733,0.961181640625,0.038818359375,2,595,260,0.06856611371040344,0.29105615615844727,0.26181963086128235,0.28140804171562195,0.12486829282735101,0.009333922348807453,0.11553437047854354,0.108106817024893
46,anneal,820,0.06417129487814521,0.07489299029111862,0.00020824636158067733,0.96356201171875,0.03643798828125,2,593,257,0.06671829521656036,0.29106375575065613,0.25823500752449036,0.28006380796432495,0.11022646963120764,0.007519915252190257,0.10270655437901757,0.09906989610383088
46,anneal,840,0.0624165274450806,0.07282057404518127,0.00020824636158067733,0.96630859375,0.03369140625,2,581,246,0.06523662805557251,0.2903367877006531,0.2553540766239166,0.27695220708847046,0.09815670901317475,0.005628174582758647,0.09252853443041607,0.09177320065711891
46,anneal,860,0.06070974421975235,0.07031156867742538,0.00020824636158067733,0.97027587890625,0.02972412109375,2,578,217,0.06368183344602585,0.2867242395877838,0.2522657513618469,0.27117595076560974,0.08405797545875515,0.0033102539215441786,0.08074772153721102,0.08446383199109031
46,anneal,880,0.059049633071476516,0.06818197667598724,0.00020824636158067733,0.97271728515625,0.02728271484375,2,568,215,0.062082864344120026,0.28563499450683594,0.2490779310464859,0.27013733983039856,0.0743131722485586,0.0021511619886190447,0.07216201025993937,0.07795605558269225
46,anneal,900,0.057434917749851745,0.06559760868549347,0.00020824636158067733,0.976318359375,0.023681640625,2,560,195,0.06033468618988991,0.28257083892822266,0.24558113515377045,0.26394039392471313,0.06440326222237758,0.0008580627347015892,0.063545199487676,0.07206124753495013
46,anneal,920,0.055864356903610995,0.06343639642000198,0.00020824636158067733,0.97857666015625,0.02142333984375,2,555,184,0.058661457151174545,0.28154662251472473,0.24215812981128693,0.25969865918159485,0.054527508429792704,0.00032879290908068666,0.05419871552071195,0.06707554031229146
46,anneal,940,0.05433674312630291,0.06136886030435562,0.00020824636158067733,0.98126220703125,0.01873779296875,2,546,170,0.05724062770605087,0.27755656838417053,0.2391931265592575,0.25289207696914673,0.04769451388002466,1.8828181612866486e-05,0.04767568569841171,0.0640696505949766
46,anneal,960,0.052850902028069024,0.05923439934849739,0.00020824636158067733,0.98291015625,0.01708984375,2,539,156,0.05545482784509659,0.27661392092704773,0.235423281788826,0.24595266580581665,0.039242741346434684,1.9777414010556317e-05,0.03922296393242412,0.06196019220144289
46,anneal,980,0.05140569133280333,0.05747312307357788,0.00020824636158067733,0.9844970703125,0.0155029296875,2,525,147,0.054019518196582794,0.2767905294895172,0.23234574496746063,0.24166333675384521,0.03621125446098716,0.0001735384783423605,0.03603771598264471,0.05986387217919609
46,anneal,1000,0.05,0.055600788444280624,0.00020824636158067733,0.986328125,0.013671875,2,523,133,0.05253266543149948,0.2769434154033661,0.2291555404663086,0.23567724227905273,0.03164901554574584,0.0005574664766257475,0.031091549069120095,0.05968550591271404
46,anneal,1020,0.05,0.054155461490154266,0.00020824636158067733,0.987548828125,0.012451171875,2,515,124,0.051316481083631516,0.27932560443878174,0.2265116572380066,0.22937357425689697,0.031141455329098733,0.0009498220149203726,0.030191633314178394,0.060790398144238034
46,anneal,1040,0.05,0.05321594700217247,0.00020824636158067733,0.9884033203125,0.0115966796875,2,511,119,0.05053097382187843,0.2820601165294647,0.22474543750286102,0.23163951933383942,0.030790642515249544,0.001295965771811164,0.0294946767434383,0.060921560558856336
46,anneal,1060,0.05,0.05263659358024597,0.00020824636158067733,0.9891357421875,0.0108642578125,2,512,109,0.050128720700740814,0.28096580505371094,0.22388462722301483,0.2299409955739975,0.029139784179470496,0.0016432250224392942,0.02749655915703133,0.05938873247280052
46,anneal,1080,0.05,0.052462100982666016,0.00020824636158067733,0.98980712890625,0.01019287109375,2,511,108,0.05012747645378113,0.2791723608970642,0.22387216985225677,0.22854386270046234,0.028352290821395343,0.0020053475105067126,0.02634694331088853,0.05954401744449778
46,anneal,1100,0.05,0.052124276757240295,0.00020824636158067733,0.99017333984375,0.00982666015625,1,511,103,0.049882013350725174,0.2780640125274658,0.22330820560455322,0.22750429809093475,0.028743592629517423,0.002221524127386316,0.026522068502131287,0.059153445975173136
46,anneal,1120,0.05,0.052162349224090576,0.00020824636158067733,0.99029541015625,0.00970458984375,1,511,102,0.049944326281547546,0.27849847078323364,0.22342772781848907,0.22998978197574615,0.028315215953817585,0.0022966213213223745,0.026018594632495128,0.058398006455465556
46,anneal,1140,0.05,0.05197310447692871,0.00020824636158067733,0.99102783203125,0.00897216796875,1,510,97,0.04994634911417961,0.27584004402160645,0.22347965836524963,0.23067119717597961,0.02830152642146544,0.0027804690047640527,0.025521057416701305,0.05725844160835758
46,anneal,1160,0.05,0.051934752613306046,0.00020824636158067733,0.99127197265625,0.00872802734375,1,509,96,0.04997236654162407,0.2748100459575653,0.22353194653987885,0.22983458638191223,0.027909390301111614,0.0029549283827714655,0.024954461918340356,0.056593362511850764
46,anneal,1180,0.05,0.05184612050652504,0.00020824636158067733,0.99151611328125,0.00848388671875,1,510,95,0.049952417612075806,0.27316346764564514,0.2234594225883484,0.22855283319950104,0.027112123316520353,0.003136277889460858,0.02397584542705935,0.057039549538533074
46,anneal,1200,0.05,0.05176735296845436,0.00020824636158067733,0.99163818359375,0.00836181640625,1,511,89,0.0498976893723011,0.27349281311035156,0.22336332499980927,0.23014076054096222,0.026939629788294894,0.0032295974306388664,0.023710032357655775,0.055808619400270154
46,anneal,1220,0.05,0.05203082039952278,0.00020824636158067733,0.9915771484375,0.0084228515625,1,510,88,0.05015045031905174,0.273396372795105,0.22389286756515503,0.23274731636047363,0.026156590109359,0.0031827146377769004,0.02297387547158225,0.05512768794935463
46,anneal,1240,0.05,0.051944732666015625,0.00020824636158067733,0.99176025390625,0.00823974609375,1,511,90,0.05011041834950447,0.2727274000644684,0.22382156550884247,0.23382915556430817,0.02570195277822762,0.0033247141102904117,0.022377238667937463,0.05497417611397604
46,anneal,1260,0.05,0.051670629531145096,0.00020824636158067733,0.991943359375,0.008056640625,1,505,88,0.049892861396074295,0.2705514132976532,0.22335407137870789,0.23117734491825104,0.02562957056235149,0.0034708167343516297,0.022158753827999728,0.05484762646003427
46,anneal,1280,0.05,0.051679983735084534,0.00020824636158067733,0.991943359375,0.008056640625,1,504,89,0.049899786710739136,0.2708606421947479,0.22337833046913147,0.2327081710100174,0.02467686482142284,0.0034708167343516297,0.02120604808707112,0.05423225325714365
46,anneal,1300,0.05,0.05145485699176788,0.00020824636158067733,0.991943359375,0.008056640625,1,505,92,0.04966462031006813,0.27187031507492065,0.22282619774341583,0.23522228002548218,0.02519716768457414,0.0034708167343516297,0.02172635095022233,0.05417599654240102
46,anneal,1320,0.05,0.05139419436454773,0.00020824636158067733,0.99200439453125,0.00799560546875,1,502,86,0.04961683973670006,0.2719086706638336,0.22273212671279907,0.23499614000320435,0.024766193710284767,0.0035204452860838013,0.021245748424200905,0.0535958438055989
46,anneal,1340,0.05,0.051662251353263855,0.00020824636158067733,0.9918212890625,0.0081787109375,1,506,93,0.04985539987683296,0.27077585458755493,0.22327129542827606,0.23688243329524994,0.024024315906181926,0.0033729545969747154,0.020651361309207198,0.05234009323678246
46,anneal,1360,0.05,0.05161517485976219,0.00020824636158067733,0.9918212890625,0.0081787109375,1,507,93,0.04980885982513428,0.27066394686698914,0.22316426038742065,0.23677782714366913,0.02449986305892793,0.0033729545969747154,0.021126908461953076,0.05293596056501182
46,anneal,1380,0.05,0.05149777978658676,0.00020824636158067733,0.9918212890625,0.0081787109375,1,505,89,0.04968511685729027,0.2713167071342468,0.22289182245731354,0.23984281718730927,0.024492569908225903,0.0033729545969747154,0.021119615311250974,0.052669124511087184
46,anneal,1400,0.05,0.05173218250274658,0.00020824636158067733,0.991455078125,0.008544921875,1,511,97,0.049830563366413116,0.27237462997436523,0.22321951389312744,0.24326734244823456,0.02336518919056374,0.003090284003942086,0.02027490518662176,0.051850205768207425
46,anneal,1420,0.05,0.05191989243030548,0.00020824636158067733,0.99151611328125,0.00848388671875,1,505,96,0.050033025443553925,0.2724383473396301,0.22367653250694275,0.243666410446167,0.024018105468904594,0.003136277889460858,0.02088182757944367,0.05182301643864984
46,anneal,1440,0.05,0.05148642137646675,0.00020824636158067733,0.99200439453125,0.00799560546875,1,504,94,0.0496995635330677,0.27318042516708374,0.22291919589042664,0.24254588782787323,0.02354454822508245,0.0035204452860838013,0.020024102938998565,0.05266536768678842
46,anneal,1460,0.05,0.05139724910259247,0.00020824636158067733,0.99200439453125,0.00799560546875,1,507,96,0.04960346221923828,0.2739498019218445,0.22270415723323822,0.2410741001367569,0.024387507022957777,0.0035204452860838013,0.020867061736873995,0.05285095197243417
46,anneal,1480,0.05,0.05147045850753784,0.00020824636158067733,0.9920654296875,0.0079345703125,1,508,95,0.04970153421163559,0.27263960242271423,0.22293563187122345,0.24083535373210907,0.02371752372729219,0.003570543514880652,0.020146980212411607,0.05215873461631626
46,anneal,1500,0.05,0.05157875269651413,0.00020824636158067733,0.99200439453125,0.00799560546875,1,503,92,0.04979965463280678,0.27230924367904663,0.22313730418682098,0.24517488479614258,0.02294614506555348,0.0035204452860838013,0.019425699779469667,0.05199337321457487
46,anneal,1520,0.05,0.051454123109579086,0.00020824636158067733,0.9915771484375,0.0084228515625,1,512,93,0.049571990966796875,0.2730281352996826,0.2226286679506302,0.24591568112373352,0.02316672557227406,0.0031827146377769004,0.019984010934497178,0.05168842926716233
46,anneal,1540,0.05,0.051323335617780685,0.00020824636158067733,0.99188232421875,0.00811767578125,1,503,93,0.049524303525686264,0.2711436152458191,0.22253501415252686,0.24542541801929474,0.022928605940442992,0.0034216543301374205,0.01950695161030565,0.051349427449824625
46,anneal,1560,0.05,0.05139876902103424,0.00020824636158067733,0.9920654296875,0.0079345703125,1,507,92,0.04963814467191696,0.2715311050415039,0.2227698117494583,0.2430938184261322,0.023266321070160245,0.003570543514880652,0.019695777555279816,0.05195723764402127
46,anneal,1580,0.05,0.051321037113666534,0.00020824636158067733,0.9920654296875,0.0079345703125,1,504,93,0.04956173524260521,0.2712876498699188,0.22261102497577667,0.24440334737300873,0.023220030962157523,0.003570543514880652,0.01964948744727696,0.05150970771566998
46,anneal,1600,0.05,0.051495470106601715,0.00020824636158067733,0.991455078125,0.008544921875,1,504,101,0.049569398164749146,0.2749747335910797,0.2226395457983017,0.249406635761261,0.022859296346915414,0.003090284003942086,0.019769012342973416,0.0505538981749144
46,anneal,1620,0.05,0.05170382186770439,0.00020824636158067733,0.99139404296875,0.00860595703125,1,509,104,0.04977777600288391,0.27358192205429077,0.22310331463813782,0.24956519901752472,0.022791293246164912,0.003044729844929108,0.01974656340123586,0.04980858007249689
46,anneal,1640,0.05,0.051340606063604355,0.00020824636158067733,0.991455078125,0.008544921875,1,506,101,0.04941904544830322,0.27429643273353577,0.22228603065013885,0.2499285340309143,0.02179390819966187,0.003090284003942086,0.018703624195719817,0.050818683514737395
46,anneal,1660,0.05,0.051400549709796906,0.00020824636158067733,0.991455078125,0.008544921875,1,508,96,0.0494883731007576,0.27326712012290955,0.22245723009109497,0.24887287616729736,0.022066354162426194,0.003090284003942086,0.018976070158484164,0.050387294898175505
46,anneal,1680,0.05,0.05137172341346741,0.00020824636158067733,0.991455078125,0.008544921875,1,506,95,0.04946278780698776,0.2728625237941742,0.22239166498184204,0.24830186367034912,0.0218193967814031,0.003090284003942086,0.0187291127774612,0.05061466558320016
46,anneal,1700,0.05,0.05149827152490616,0.00020824636158067733,0.9913330078125,0.0086669921875,1,504,99,0.04954690858721733,0.2746959626674652,0.22258415818214417,0.2533535659313202,0.021972717186336865,0.0029996123206219453,0.018973104865714997,0.05020777820093125
46,anneal,1720,0.05,0.05170534923672676,0.00020824636158067733,0.9913330078125,0.0086669921875,1,506,99,0.04975277557969093,0.2750420868396759,0.223048135638237,0.2540324330329895,0.022115395695628592,0.0029996123206219453,0.019115783375006513,0.04964144912148394
46,anneal,1740,0.05,0.0516631156206131,0.00020824636158067733,0.99114990234375,0.00885009765625,1,502,101,0.04966030642390251,0.27596405148506165,0.22284051775932312,0.25824639201164246,0.022183173372660292,0.002866849285739874,0.019316324086920418,0.049308297734316775
46,anneal,1760,0.05,0.05179673433303833,0.00020824636158067733,0.9910888671875,0.0089111328125,1,507,104,0.049805812537670135,0.2732257843017578,0.22316308319568634,0.25571706891059875,0.022543469429557206,0.0028234482397172253,0.019720021189840134,0.048705202717176044
46,anneal,1780,0.05,0.05147867277264595,0.00020824636158067733,0.9910888671875,0.0089111328125,1,505,102,0.04947426915168762,0.2744067907333374,0.22242620587348938,0.25728946924209595,0.02235045882863318,0.0028234482397172253,0.01952701058891601,0.049474198662867175
46,anneal,1800,0.05,0.05181484296917915,0.00020824636158067733,0.99102783203125,0.00897216796875,1,509,101,0.04980168119072914,0.27417969703674316,0.22313947975635529,0.25860103964805603,0.02234943697859393,0.0027804690047640527,0.019568967973829714,0.0489088268229555
46,anneal,1820,0.05,0.05176902562379837,0.00020824636158067733,0.9910888671875,0.0089111328125,1,507,101,0.04976698011159897,0.2744353115558624,0.2230733036994934,0.2582719326019287,0.022089059304754244,0.0028234482397172253,0.019265611065037137,0.04875394563052604
46,anneal,1840,0.05,0.051907412707805634,0.00020824636158067733,0.9906005859375,0.0093994140625,1,510,106,0.04977385327219963,0.27676185965538025,0.2230890542268753,0.2628679871559143,0.022155492865032045,0.0024911909454666667,0.019664301919565308,0.04847947459413471
46,anneal,1860,0.05,0.05177905410528183,0.00020824636158067733,0.990966796875,0.009033203125,1,505,103,0.04974491521716118,0.27492934465408325,0.22300486266613007,0.26030924916267395,0.02234608175077568,0.0027379087371749494,0.019608173013600752,0.04884727206146844
46,anneal,1880,0.05,0.05151019245386124,0.00020824636158067733,0.9910888671875,0.0089111328125,1,508,98,0.0495004802942276,0.27502870559692383,0.22248561680316925,0.2602735161781311,0.02156625270455237,0.0028234482397172253,0.018742804464835137,0.048519310272897465
46,anneal,1900,0.05,0.05150417611002922,0.00020824636158067733,0.9913330078125,0.0086669921875,1,504,104,0.04955198988318443,0.2747957408428192,0.22259902954101562,0.2574799954891205,0.02187517951843887,0.0029996123206219453,0.018875567197816974,0.04896855481704032
46,anneal,1920,0.05,0.051482975482940674,0.00020824636158067733,0.9913330078125,0.0086669921875,1,507,106,0.049537014216184616,0.2740624248981476,0.22254803776741028,0.2575642168521881,0.02179537335924664,0.0029996123206219453,0.018795761038624743,0.04903989782971829
46,anneal,1940,0.05,0.05158716067671776,0.00020824636158067733,0.9912109375,0.0087890625,1,507,104,0.04961838200688362,0.27362096309661865,0.2227461189031601,0.25780174136161804,0.021849251010472415,0.002910675025765066,0.018938575984707273,0.04859521506361697
46,anneal,1960,0.05,0.05150722339749336,0.00020824636158067733,0.9913330078125,0.0086669921875,1,509,105,0.04955685883760452,0.2745904326438904,0.22257579863071442,0.2566216289997101,0.02154623483530571,0.0029996123206219453,0.01854662251468379,0.049251826109614094
46,anneal,1980,0.05,0.05147856846451759,0.00020824636158067733,0.99114990234375,0.00885009765625,1,507,103,0.04948795586824417,0.27441301941871643,0.2224547266960144,0.25812792778015137,0.02159979466542694,0.002866849285739874,0.018732945379687074,0.04841912768526735
46,anneal,2000,0.05,0.051706232130527496,0.00020824636158067733,0.99114990234375,0.00885009765625,1,507,105,0.049719806760549545,0.2741716504096985,0.22297316789627075,0.2585515081882477,0.021484126431651873,0.002866849285739874,0.01861727714591196,0.048119141087883954
47,anneal,0,0.2,0.7132543325424194,0.00020824636158067733,0.54058837890625,0.45941162109375,2,1332,1135,0.6208370327949524,0.822001576423645,0.7235851883888245,0.7076432704925537,11.231351406604709,1.1676620522413952,10.063689354363316,2.226602373739954
47,anneal,20,0.19453098948245712,0.5119667649269104,0.00020824636158067733,0.615966796875,0.384033203125,2,1303,1094,0.42450305819511414,0.6522534489631653,0.634647011756897,0.629332423210144,7.230295965695596,0.8897002771776232,6.340595688517973,1.8441243157837763
47,anneal,40,0.1892115293451192,0.3769947588443756,0.00020824636158067733,0.66741943359375,0.33258056640625,2,1218,994,0.301603227853775,0.5282897353172302,0.5484107136726379,0.5533391833305359,4.706014146726567,0.7137029040400338,3.9923112426865326,1.574646826055616
47,anneal,60,0.18403753012497504,0.30752304196357727,0.00020824636158067733,0.70098876953125,0.29901123046875,2,1135,895,0.2453993558883667,0.4531629681587219,0.4945544898509979,0.49422287940979004,3.463209960493451,0.6052621215764054,2.8579478389170454,1.405223149112064
47,anneal,80,0.1790050141855945,0.27305132150650024,0.00020824636158067733,0.71417236328125,0.28582763671875,2,1068,808,0.21776624023914337,0.4111873209476471,0.4653814136981964,0.45344793796539307,2.843738554202183,0.5641273204867514,2.2796112337154315,1.2789231917201707
47,anneal,100,0.17411011265922482,0.25157812237739563,0.00020824636158067733,0.7264404296875,0.2735595703125,2,1026,757,0.19987256824970245,0.3888827860355377,0.4464569687843323,0.42802390456199646,2.4540402555173486,0.5266136177795142,1.9274266377378344,1.1674025456747787
47,anneal,120,0.16934906247250545,0.23452487587928772,0.00020824636158067733,0.73394775390625,0.26605224609375,2,978,725,0.18448199331760406,0.37257617712020874,0.4291202127933502,0.40744537115097046,2.1534049749413597,0.5040297247474199,1.64937525019394,1.0687698272965664
47,anneal,140,0.16471820345351462,0.21988055109977722,0.00020824636158067733,0.74163818359375,0.25836181640625,2,925,679,0.1715172529220581,0.3587094247341156,0.4139869511127472,0.38913559913635254,1.9070927953107102,0.48119435343826095,1.4258984418724494,0.9790725517457052
47,anneal,160,0.16021397551792443,0.20844165980815887,0.00020824636158067733,0.75091552734375,0.24908447265625,2,904,661,0.16180452704429626,0.349038690328598,0.40219566226005554,0.37558889389038086,1.7208126188387993,0.45405829781620966,1.26675432102259,0.9054981675369366
47,anneal,180,0.1558329159321,0.1994740515947342,0.00020824636158067733,0.75555419921875,0.24444580078125,2,888,636,0.1543717384338379,0.3388802111148834,0.39278745651245117,0.36279386281967163,1.5796690489639431,0.44066213729985615,1.1390069116640866,0.8487593371907881
47,anneal,200,0.1515716566510398,0.19206388294696808,0.00020824636158067733,0.7667236328125,0.2332763671875,2,856,615,0.14880582690238953,0.33424273133277893,0.3855031132698059,0.35487037897109985,1.4660260492196002,0.40888657871411904,1.057139470505481,0.7932635420736208
47,anneal,220,0.14742692172911012,0.18362988531589508,0.00020824636158067733,0.77825927734375,0.22174072265625,2,840,586,0.14225542545318604,0.32884469628334045,0.37694501876831055,0.3462640047073364,1.3449158118566729,0.3768018862485448,0.968113925608128,0.7397259211581716
47,anneal,240,0.14339552480158274,0.17708784341812134,0.00020824636158067733,0.7879638671875,0.2120361328125,2,821,560,0.13743895292282104,0.3244301378726959,0.37052789330482483,0.3396107852458954,1.2514741372944727,0.3504062341506438,0.901067903143829,0.7000256021208063
47,anneal,260,0.13947436663504054,0.1732696145772934,0.00020824636158067733,0.79150390625,0.20849609375,2,806,547,0.13428948819637299,0.32124802470207214,0.36608895659446716,0.3352377712726593,1.1972239552107666,0.3409169813337844,0.8563069738769822,0.6694406330504737
47,anneal,280,0.1356604327447672,0.16791149973869324,0.00020824636158067733,0.80120849609375,0.19879150390625,2,800,535,0.13018329441547394,0.3199710547924042,0.36057549715042114,0.3320002853870392,1.125518525692506,0.3152956923667976,0.8102228333257085,0.6361621964976824
47,anneal,300,0.13195079107728944,0.16405652463436127,0.00020824636158067733,0.8087158203125,0.1912841796875,2,783,519,0.12784920632839203,0.31713464856147766,0.3572770953178406,0.3279130160808563,1.0729519748621996,0.29588007326621446,0.7770719015959853,0.6100537713652759
47,anneal,320,0.12834258975629043,0.1585950255393982,0.00020824636158067733,0.81787109375,0.18212890625,2,776,503,0.12367750704288483,0.315396249294281,0.35147354006767273,0.32390737533569336,1.0024877837333506,0.27269677347797916,0.7297910102553713,0.574983586114033
47,anneal,340,0.1248330548901612,0.1550208032131195,0.00020824636158067733,0.8272705078125,0.1727294921875,2,765,491,0.12202562391757965,0.313047856092453,0.34905949234962463,0.32083892822265625,0.9546234868032215,0.24948107643564896,0.7051424103675726,0.5512050027034295
47,anneal,360,0.1214194884395047,0.15165917575359344,0.00020824636158067733,0.83636474609375,0.16363525390625,2,759,481,0.12043607234954834,0.31124523282051086,0.34666430950164795,0.3175479769706726,0.9095421462245312,0.22760759418393775,0.6819345520405935,0.5269603920030225
47,anneal,380,0.11809926614295303,0.14643624424934387,0.00020824636158067733,0.843505859375,0.156494140625,2,740,468,0.11641361564397812,0.30825865268707275,0.3408065736293793,0.3126063644886017,0.8440900911629896,0.21085413768612019,0.6332359534768697,0.49494722175652195
47,anneal,400,0.11486983549970349,0.1425444632768631,0.00020824636158067733,0.85235595703125,0.14764404296875,2,733,453,0.11408458650112152,0.3068446218967438,0.33749115467071533,0.3098728656768799,0.7941491821659028,0.19062916368639665,0.603520018479506,0.47278430642538505
47,anneal,420,0.111728713807222,0.13870087265968323,0.00020824636158067733,0.85882568359375,0.14117431640625,2,723,442,0.11135445535182953,0.3050611913204193,0.33356472849845886,0.3064075708389282,0.7492538035259813,0.17623621743161286,0.5730175860943685,0.4514305296404221
47,anneal,440,0.10867348625260581,0.1354757845401764,0.00020824636158067733,0.86248779296875,0.13751220703125,2,722,428,0.10887300223112106,0.3023305833339691,0.32965365052223206,0.3025374412536621,0.709392487133492,0.16824146640879983,0.5411510207246923,0.4275785039578498
47,anneal,460,0.10570180405613804,0.13173925876617432,0.00020824636158067733,0.87030029296875,0.12969970703125,2,713,412,0.10647477209568024,0.3012669086456299,0.3260113298892975,0.2990944981575012,0.6636404744969795,0.15156725312453107,0.5120732213724484,0.4048763190082557
47,anneal,480,0.10281138266560666,0.12763294577598572,0.00020824636158067733,0.87774658203125,0.12225341796875,2,700,407,0.10373376309871674,0.29922258853912354,0.3219410181045532,0.29545336961746216,0.6176771037100579,0.13617778796696367,0.4814993157430943,0.38391690395721734
47,anneal,500,0.1,0.12532362341880798,0.00020824636158067733,0.88177490234375,0.11822509765625,2,690,401,0.10221801698207855,0.2976556122303009,0.319487988948822,0.29320207238197327,0.5893386162935812,0.12806607586603436,0.4612725404275466,0.3669840142253836
47,anneal,520,0.09726549474122856,0.12185336649417877,0.00020824636158067733,0.8883056640625,0.1116943359375,2,682,390,0.09982845187187195,0.2970176637172699,0.3158142566680908,0.29099929332733154,0.54881222957939,0.1152481513350436,0.43356407824434634,0.3473088941907211
47,anneal,540,0.0946057646725596,0.118888720870018,0.00020824636158067733,0.89300537109375,0.10699462890625,2,677,381,0.09769415855407715,0.295784056186676,0.3123747408390045,0.28887641429901123,0.5158650652521928,0.10628885015056275,0.4095762151016302,0.3272201970473564
47,anneal,560,0.09201876506248752,0.11592254787683487,0.00020824636158067733,0.89764404296875,0.10235595703125,2,668,375,0.09560898691415787,0.29406899213790894,0.30900898575782776,0.28677481412887573,0.48257923504225886,0.09767261304041898,0.3849066220018399,0.30884524366476607
47,anneal,580,0.08950250709279725,0.11268439143896103,0.00020824636158067733,0.904541015625,0.095458984375,2,659,361,0.09375135600566864,0.292088121175766,0.3059749901294708,0.2839007079601288,0.4466201009892856,0.08529765104263541,0.36132244994665025,0.28980558965915615
47,anneal,600,0.08705505632961241,0.10929104685783386,0.00020824636158067733,0.9110107421875,0.0889892578125,2,657,350,0.09169933199882507,0.2893829047679901,0.3026714324951172,0.2796037495136261,0.4107407839257675,0.07418974795304191,0.33655103597272584,0.27140043114988865
47,anneal,620,0.08467453123625272,0.10705937445163727,0.00020824636158067733,0.91448974609375,0.08551025390625,2,651,342,0.08997611701488495,0.2897563576698303,0.29982221126556396,0.27930358052253723,0.3871299875720169,0.06842806447269884,0.31870192309931794,0.2562670923805147
47,anneal,640,0.08235910172675731,0.10411246120929718,0.00020824636158067733,0.91943359375,0.08056640625,2,648,331,0.08790940791368484,0.2890235185623169,0.29640212655067444,0.2773800790309906,0.35630460737612424,0.060508151519469526,0.2957964558566545,0.2393347920594554
47,anneal,660,0.0801069877589622,0.10046331584453583,0.00020824636158067733,0.92474365234375,0.07525634765625,2,638,325,0.08520528674125671,0.28795284032821655,0.29178667068481445,0.2746553421020508,0.3212291094498241,0.05236983993588394,0.26885926951393996,0.2188307562398425
47,anneal,680,0.07791645796604998,0.09706901758909225,0.00020824636158067733,0.929931640625,0.070068359375,2,622,314,0.08285326510667801,0.28573736548423767,0.28763866424560547,0.2713128924369812,0.2897872947143796,0.044810018135651775,0.2449772765787278,0.20014961912304197
47,anneal,700,0.07578582832551992,0.0941818356513977,0.00020824636158067733,0.9329833984375,0.0670166015625,2,617,304,0.08033612370491028,0.2869374752044678,0.28331416845321655,0.27234387397766113,0.2638047310030842,0.040554328601434084,0.22325040240164998,0.18478612153623752
47,anneal,720,0.07371346086455506,0.0919211208820343,0.00020824636158067733,0.9366455078125,0.0633544921875,2,611,302,0.0787033811211586,0.28733476996421814,0.28043317794799805,0.2726852297782898,0.2432396104342942,0.035644750244922585,0.20759486018937168,0.17253844767467152
47,anneal,740,0.07169776240079137,0.08853667974472046,0.00020824636158067733,0.94232177734375,0.05767822265625,2,600,287,0.07652222365140915,0.28482377529144287,0.27657079696655273,0.26826292276382446,0.2170655876763803,0.02848639891730559,0.18857918875907498,0.15756593417674802
47,anneal,760,0.06973718331752027,0.08556416630744934,0.00020824636158067733,0.94696044921875,0.05303955078125,2,598,277,0.07437333464622498,0.2853636145591736,0.2726674973964691,0.267169326543808,0.19200582457434479,0.023074813869625288,0.1689310107047196,0.14372724537017556
47,anneal,780,0.0678302163723836,0.08260758966207504,0.00020824636158067733,0.9517822265625,0.0482177734375,2,589,273,0.07239259034395218,0.2842439115047455,0.2690257430076599,0.2652894854545593,0.1712784233534066,0.017904787892667896,0.15337363546073865,0.13140307241039617
47,anneal,800,0.06597539553864472,0.08035322278738022,0.00020824636158067733,0.9554443359375,0.0445556640625,2,590,250,0.07086823880672455,0.2837476432323456,0.2661428153514862,0.2631697952747345,0.15481836213458422,0.014314532228411933,0.1405038299061722,0.12066819050298572
47,anneal,820,0.06417129487814521,0.07742953300476074,0.00020824636158067733,0.95977783203125,0.04022216796875,2,576,247,0.06882793456315994,0.2826802134513855,0.26224765181541443,0.2608315944671631,0.13574867750886455,0.010475515723589367,0.12527316178527523,0.10974128659356419
47,anneal,840,0.0624165274450806,0.07394780218601227,0.00020824636158067733,0.96466064453125,0.03533935546875,2,568,226,0.06630925834178925,0.2824580669403076,0.2574736177921295,0.2560868561267853,0.1134653477422134,0.006736524887172128,0.10672882285504118,0.09964447488229988
47,anneal,860,0.06070974421975235,0.07141510397195816,0.00020824636158067733,0.96881103515625,0.03118896484375,2,559,204,0.06462589651346207,0.2823054790496826,0.25417274236679077,0.2519195079803467,0.09965668877722322,0.004106048790544079,0.09555063998667909,0.0918949889680537
47,anneal,880,0.059049633071476516,0.06915291398763657,0.00020824636158067733,0.972412109375,0.027587890625,2,556,191,0.06310216337442398,0.2824288010597229,0.25119563937187195,0.24998214840888977,0.08647828596459561,0.0022841491229840666,0.08419413684161163,0.08574695124181952
47,anneal,900,0.057434917749851745,0.06700701266527176,0.00020824636158067733,0.9747314453125,0.0252685546875,2,548,189,0.061344586312770844,0.28543445467948914,0.2476629614830017,0.24773578345775604,0.07811163781317276,0.0013633183503406207,0.07674831946283218,0.08023298745749552
47,anneal,920,0.055864356903610995,0.06497640907764435,0.00020824636158067733,0.9771728515625,0.0228271484375,2,531,169,0.05983632057905197,0.28501027822494507,0.24455368518829346,0.24383270740509033,0.0699763840386467,0.0006306865962561322,0.06934569744239041,0.07563811561769607
47,anneal,940,0.05433674312630291,0.062454722821712494,0.00020824636158067733,0.9808349609375,0.0191650390625,2,526,162,0.058149565011262894,0.2827853262424469,0.24109111726284027,0.23968826234340668,0.06038107359946565,4.3232003280540806e-05,0.060337841596185146,0.07231442143595113
47,anneal,960,0.052850902028069024,0.060219500213861465,0.00020824636158067733,0.98419189453125,0.01580810546875,2,522,143,0.05672764033079147,0.27761805057525635,0.2381439507007599,0.23169754445552826,0.05174866191392624,0.00013164243811568518,0.05161701947581043,0.07084301801726023
47,anneal,980,0.05140569133280333,0.058007970452308655,0.00020824636158067733,0.986328125,0.013671875,2,518,124,0.05495580658316612,0.27820032835006714,0.2343847155570984,0.22398599982261658,0.04539120975842792,0.0005574664766257475,0.044833743281802244,0.07049084677484851
47,anneal,1000,0.05,0.05621958151459694,0.00020824636158067733,0.988037109375,0.011962890625,2,507,110,0.05343868210911751,0.2858995795249939,0.23113930225372314,0.2178484946489334,0.04038859273733664,0.0011400780151617617,0.039248514722174985,0.07060371950567268
47,anneal,1020,0.05,0.05497944727540016,0.00020824636158067733,0.98944091796875,0.01055908203125,2,504,99,0.05250227451324463,0.28710365295410156,0.22911213338375092,0.21478542685508728,0.039366919285576785,0.0018024664964211463,0.0375644527891558,0.0718820406116013
47,anneal,1040,0.05,0.053930725902318954,0.00020824636158067733,0.9908447265625,0.0091552734375,1,501,89,0.05177375674247742,0.2873719334602356,0.227492094039917,0.2108764499425888,0.03852164059954788,0.0026540339206542864,0.03586760667889355,0.07330867979974054
47,anneal,1060,0.05,0.05285906791687012,0.00020824636158067733,0.9923095703125,0.0076904296875,1,492,80,0.05106328800320625,0.28457126021385193,0.22588743269443512,0.20600105822086334,0.036250633042264724,0.003775705719159918,0.03247492732310476,0.0753388363234283
47,anneal,1080,0.05,0.05246331915259361,0.00020824636158067733,0.992919921875,0.007080078125,1,499,76,0.050786811858415604,0.2875784635543823,0.2253352403640747,0.20385675132274628,0.03410203775293752,0.0043233489400629176,0.029778688812874436,0.07538502149029436
47,anneal,1100,0.05,0.05218104273080826,0.00020824636158067733,0.99359130859375,0.00640869140625,1,503,73,0.050670403987169266,0.2863866090774536,0.2250855565071106,0.2035103291273117,0.033850218860798975,0.004987221216906844,0.028862997643892184,0.07619858413156388
47,anneal,1120,0.05,0.05222009867429733,0.00020824636158067733,0.9940185546875,0.0059814453125,1,498,66,0.0507960207760334,0.28887882828712463,0.2253762036561966,0.20293347537517548,0.03312444497733935,0.005446127204709988,0.02767831777262939,0.07536227057491696
47,anneal,1140,0.05,0.05123194307088852,0.00020824636158067733,0.99468994140625,0.00531005859375,1,491,60,0.04995296522974968,0.29081225395202637,0.2234887033700943,0.19677717983722687,0.031172554409032216,0.006230237464435199,0.024942316944596993,0.07891245437415118
47,anneal,1160,0.05,0.051242195069789886,0.00020824636158067733,0.99493408203125,0.00506591796875,1,496,58,0.05003044009208679,0.2892273962497711,0.22367480397224426,0.19225981831550598,0.03072466251634154,0.0065360032543423496,0.024188659261999073,0.0781497462455466
47,anneal,1180,0.05,0.051124148070812225,0.00020824636158067733,0.99542236328125,0.00457763671875,1,491,54,0.050048548728227615,0.28501737117767334,0.2237054705619812,0.18909509479999542,0.030333209906721947,0.007183622125638152,0.023149587781083752,0.07881565891941344
47,anneal,1200,0.05,0.050926368683576584,0.00020824636158067733,0.9954833984375,0.0045166015625,1,495,55,0.04985422641038895,0.2872328460216522,0.2232755422592163,0.1902923285961151,0.029426048560900142,0.007268145320983837,0.022157903239916336,0.07918632483117316
47,anneal,1220,0.05,0.05082923173904419,0.00020824636158067733,0.995849609375,0.004150390625,1,492,52,0.049867115914821625,0.28168168663978577,0.22328157722949982,0.1862940490245819,0.029932351040962146,0.007793091145013891,0.02213925989594825,0.07901559188096352
47,anneal,1240,0.05,0.050753626972436905,0.00020824636158067733,0.99591064453125,0.00408935546875,1,491,48,0.049797192215919495,0.2836809456348419,0.223139226436615,0.1861100196838379,0.029188719512795558,0.007883663062952483,0.02130505644984307,0.07854659413780818
47,anneal,1260,0.05,0.05073362961411476,0.00020824636158067733,0.99609375,0.00390625,1,496,48,0.04981839284300804,0.2841186225414276,0.22319787740707397,0.1871688961982727,0.029538189446803642,0.008160922938703897,0.021377266508099714,0.0795675374544974
47,anneal,1280,0.05,0.050765298306941986,0.00020824636158067733,0.9962158203125,0.0037841796875,1,499,46,0.04988662153482437,0.282082736492157,0.22335250675678253,0.18636375665664673,0.028632637055316934,0.008350526427610229,0.020282110627706733,0.0786635418996614
47,anneal,1300,0.05,0.05051875859498978,0.00020824636158067733,0.99627685546875,0.00372314453125,1,496,45,0.04965506121516228,0.2816360592842102,0.22283107042312622,0.18488551676273346,0.028470167854003137,0.00844680268837621,0.020023365165627027,0.07921335163766552
47,anneal,1320,0.05,0.05053212493658066,0.00020824636158067733,0.996337890625,0.003662109375,1,493,42,0.04968387261033058,0.28131335973739624,0.22289258241653442,0.1819622963666916,0.028551248630002135,0.008544083309507327,0.020007165320494742,0.07891759589321945
47,anneal,1340,0.05,0.05083468556404114,0.00020824636158067733,0.99627685546875,0.00372314453125,1,500,44,0.04997808858752251,0.2800520360469818,0.22355712950229645,0.18610922992229462,0.027594181309005705,0.00844680268837621,0.019147378620629547,0.07703492714128723
47,anneal,1360,0.05,0.05094098672270775,0.00020824636158067733,0.99578857421875,0.00421142578125,1,503,55,0.04994291067123413,0.28693538904190063,0.22347505390644073,0.1978277713060379,0.027931321790866548,0.007703420576073742,0.020227901214792725,0.0754336430843271
47,anneal,1380,0.05,0.051092252135276794,0.00020824636158067733,0.99566650390625,0.00433349609375,1,503,53,0.050064459443092346,0.2872377634048462,0.22374412417411804,0.20182551443576813,0.027394061864661978,0.007526731818922816,0.01986733004573922,0.07374413358840892
47,anneal,1400,0.05,0.05079864338040352,0.00020824636158067733,0.99566650390625,0.00433349609375,1,499,50,0.04976646229624748,0.28795337677001953,0.2230566442012787,0.20075009763240814,0.027635582002595527,0.007526731818922816,0.0201088501836729,0.0734893737250989
47,anneal,1420,0.05,0.051028285175561905,0.00020824636158067733,0.99578857421875,0.00421142578125,1,499,51,0.050030775368213654,0.28688713908195496,0.22367437183856964,0.2003953605890274,0.02705257659564353,0.007703420576073742,0.0193491560195697,0.07271309402196702
47,anneal,1440,0.05,0.05106932669878006,0.00020824636158067733,0.99560546875,0.00439453125,1,500,54,0.050027232617139816,0.28716275095939636,0.22366337478160858,0.2030143290758133,0.027136763288773125,0.0074396887112326915,0.01969707457754046,0.07096056298243847
47,anneal,1460,0.05,0.05129219591617584,0.00020824636158067733,0.99517822265625,0.00482177734375,1,499,52,0.05013367906212807,0.29040274024009705,0.22390538454055786,0.2072325050830841,0.027048116928391153,0.006853599324309117,0.020194517604081995,0.07001955767984536
47,anneal,1480,0.05,0.05120120570063591,0.00020824636158067733,0.99505615234375,0.00494384765625,1,496,58,0.05002208054065704,0.28852537274360657,0.22364430129528046,0.2058611810207367,0.026726799296930892,0.006693286607663828,0.02003351268926684,0.06954776768609217
47,anneal,1500,0.05,0.051497410982847214,0.00020824636158067733,0.9949951171875,0.0050048828125,1,505,62,0.050322726368904114,0.28503063321113586,0.22431433200836182,0.212071493268013,0.026118571004381863,0.00661427088417659,0.019504300120205324,0.06841013195728218
47,anneal,1520,0.05,0.05117512866854668,0.00020824636158067733,0.9949951171875,0.0050048828125,1,500,66,0.04998139292001724,0.28849464654922485,0.2235589176416397,0.21815581619739532,0.026023796861601056,0.00661427088417659,0.019409525977424576,0.0684651545240943
47,anneal,1540,0.05,0.05094907432794571,0.00020824636158067733,0.99517822265625,0.00482177734375,1,497,55,0.04977764934301376,0.2927224636077881,0.22310395538806915,0.21143804490566254,0.026337078488914756,0.006853599324309117,0.019483479164605536,0.06938878841967588
47,anneal,1560,0.05,0.0509435310959816,0.00020824636158067733,0.99517822265625,0.00482177734375,1,495,58,0.0497695729136467,0.29323911666870117,0.22308693826198578,0.21250343322753906,0.0263088789508501,0.006853599324309117,0.01945527962654099,0.06977606455686536
47,anneal,1580,0.05,0.0506930872797966,0.00020824636158067733,0.9951171875,0.0048828125,1,490,56,0.04951762035489082,0.29025405645370483,0.22250999510288239,0.21584828197956085,0.024778691186121193,0.006773059614540458,0.018005631571580822,0.06997529525026247
47,anneal,1600,0.05,0.05113755166530609,0.00020824636158067733,0.99505615234375,0.00494384765625,1,499,60,0.04993920400738716,0.2923303544521332,0.22345653176307678,0.22178587317466736,0.026080086398188485,0.006693286607663828,0.01938679979052459,0.06860513309286242
47,anneal,1620,0.05,0.05104806274175644,0.00020824636158067733,0.99505615234375,0.00494384765625,1,501,58,0.04988136515021324,0.28587213158607483,0.22334113717079163,0.2215762585401535,0.024432750171591522,0.006693286607663828,0.017739463563927464,0.06717750891468521
47,anneal,1640,0.05,0.05090271309018135,0.00020824636158067733,0.99505615234375,0.00494384765625,1,504,60,0.049739938229322433,0.2849363386631012,0.22301283478736877,0.22071164846420288,0.023654888638894533,0.006693286607663828,0.016961602031230472,0.06684851015663507
47,anneal,1660,0.05,0.05097777023911476,0.00020824636158067733,0.994873046875,0.005126953125,1,496,62,0.0497874841094017,0.2819499969482422,0.2231176495552063,0.22222711145877838,0.024449703167384484,0.0064584747498868415,0.017991228417497618,0.06505063021242885
47,anneal,1680,0.05,0.05103141814470291,0.00020824636158067733,0.9947509765625,0.0052490234375,1,504,67,0.04981371387839317,0.28180214762687683,0.22317945957183838,0.22515955567359924,0.02373775421457225,0.006305600304230138,0.017432153910342064,0.06399637889328214
47,anneal,1700,0.05,0.050968144088983536,0.00020824636158067733,0.99505615234375,0.00494384765625,1,510,58,0.049806155264377594,0.2848438024520874,0.2231728732585907,0.2177267223596573,0.024464369977259537,0.006693286607663828,0.017771083369595573,0.0654363390792444
47,anneal,1720,0.05,0.05083661898970604,0.00020824636158067733,0.99505615234375,0.00494384765625,1,508,58,0.049681540578603745,0.2833217978477478,0.22288212180137634,0.21744081377983093,0.024899539916269475,0.006693286607663828,0.01820625330860541,0.06512798152900567
47,anneal,1740,0.05,0.051104605197906494,0.00020824636158067733,0.9949951171875,0.0050048828125,1,507,64,0.04993632808327675,0.2833646535873413,0.2234494537115097,0.21890580654144287,0.024369363345805084,0.00661427088417659,0.01775509246162858,0.0637693908363165
47,anneal,1760,0.05,0.0513133741915226,0.00020824636158067733,0.994873046875,0.005126953125,1,509,65,0.05012527480721474,0.2818607687950134,0.22388428449630737,0.21965865790843964,0.023150627443293104,0.0064584747498868415,0.016692152693406147,0.06242993931002483
47,anneal,1780,0.05,0.050902772694826126,0.00020824636158067733,0.9949951171875,0.0050048828125,1,509,60,0.04973664507269859,0.28273484110832214,0.22301217913627625,0.22072389721870422,0.02328872006929572,0.00661427088417659,0.016674449185119178,0.06329030940171132
47,anneal,1800,0.05,0.0512249693274498,0.00020824636158067733,0.99481201171875,0.00518798828125,1,510,64,0.050030626356601715,0.28024354577064514,0.2236691117286682,0.22250568866729736,0.023336564045358443,0.006381676616086091,0.016954887429272418,0.06169310851757681
47,anneal,1820,0.05,0.050976190716028214,0.00020824636158067733,0.99493408203125,0.00506591796875,1,512,64,0.04979875683784485,0.28222227096557617,0.22314448654651642,0.2245532125234604,0.02336661805767193,0.0065360032543423496,0.016830614803329605,0.062388262588431
47,anneal,1840,0.05,0.05103899538516998,0.00020824636158067733,0.9947509765625,0.0052490234375,1,510,69,0.04983348771929741,0.2794969379901886,0.2232092320919037,0.22595149278640747,0.023295704231905745,0.006305600304230138,0.016990103927675623,0.06249123915106092
47,anneal,1860,0.05,0.05142725259065628,0.00020824636158067733,0.99432373046875,0.00567626953125,1,511,69,0.050129234790802,0.2788045406341553,0.22388960421085358,0.22589674592018127,0.02463634002216253,0.005792599133058974,0.018843740889103552,0.06095359152161317
47,anneal,1880,0.05,0.05135282129049301,0.00020824636158067733,0.99432373046875,0.00567626953125,1,510,69,0.05005335435271263,0.2789836525917053,0.2237175703048706,0.22837133705615997,0.023733211099361995,0.005792599133058974,0.017940611966302873,0.06037309932500856
47,anneal,1900,0.05,0.05129171162843704,0.00020824636158067733,0.99432373046875,0.00567626953125,1,511,72,0.05001699551939964,0.27458587288856506,0.2236306071281433,0.22554856538772583,0.02311636415125662,0.005792599133058974,0.01732376501819753,0.05855656419655342
47,anneal,1920,0.05,0.05099569633603096,0.00020824636158067733,0.9945068359375,0.0054931640625,1,509,68,0.049755435436964035,0.27553796768188477,0.22303429245948792,0.2232421338558197,0.022472690354526037,0.006008349119141512,0.016464341235384504,0.05956078988740254
47,anneal,1940,0.05,0.05131686478853226,0.00020824636158067733,0.9945068359375,0.0054931640625,1,511,67,0.0500895231962204,0.2735203206539154,0.22379039227962494,0.2232697606086731,0.02149915570790739,0.006008349119141512,0.015490806588765837,0.059352676101045554
47,anneal,1960,0.05,0.05094967037439346,0.00020824636158067733,0.99468994140625,0.00531005859375,1,510,65,0.04976098984479904,0.27361637353897095,0.2230568379163742,0.22462885081768036,0.022130134442896576,0.006230237464435199,0.015899896978461378,0.05950135163650183
47,anneal,1980,0.05,0.051200538873672485,0.00020824636158067733,0.9945068359375,0.0054931640625,1,507,66,0.04997771605849266,0.27258551120758057,0.223543182015419,0.22655045986175537,0.02270585438255779,0.006008349119141512,0.016697505263416266,0.05845942606603993
47,anneal,2000,0.05,0.05119944363832474,0.00020824636158067733,0.99481201171875,0.00518798828125,1,507,65,0.05002029985189438,0.2773035764694214,0.2236490100622177,0.2157660722732544,0.021953903728181956,0.006381676616086091,0.015572227112095936,0.06099692366908338
48,anneal,0,0.2,0.8664990067481995,0.00020824636158067733,0.6500244140625,0.3499755859375,2,1340,1085,0.7984694242477417,0.9928531646728516,0.7597692608833313,0.7218818068504333,14.300184006642858,0.7719101238779096,13.52827388276495,2.19096553008487
48,anneal,20,0.19453098948245712,0.6603186130523682,0.00020824636158067733,0.66436767578125,0.33563232421875,2,1335,1075,0.6004197597503662,0.7788856029510498,0.694041907787323,0.6531610488891602,10.105827707819309,0.7238170721243643,9.382010635694945,1.893648017416783
48,anneal,40,0.1892115293451192,0.4873259663581848,0.00020824636158067733,0.679931640625,0.320068359375,2,1296,999,0.43326807022094727,0.6021628975868225,0.6220986247062683,0.5767372846603394,6.7385697100873685,0.6726756265125915,6.065894083574777,1.63658165511217
48,anneal,60,0.18403753012497504,0.37007012963294983,0.00020824636158067733,0.7022705078125,0.2977294921875,2,1228,879,0.325953871011734,0.4741295576095581,0.5598803758621216,0.500928521156311,4.54810323630246,0.6012261679111837,3.9468770683912764,1.4475717305110467
48,anneal,80,0.1790050141855945,0.30499252676963806,0.00020824636158067733,0.7142333984375,0.2857666015625,2,1157,772,0.26523202657699585,0.40436816215515137,0.5126613974571228,0.4431779682636261,3.384317298316283,0.5639388440156015,2.8203784543006822,1.3245809417646544
48,anneal,100,0.17411011265922482,0.27003857493400574,0.00020824636158067733,0.7225341796875,0.2774658203125,2,1103,699,0.2312263399362564,0.3711074888706207,0.4800751507282257,0.40562745928764343,2.78237388964245,0.5384770775195279,2.243896812122922,1.2309953182854971
48,anneal,120,0.16934906247250545,0.25125256180763245,0.00020824636158067733,0.72955322265625,0.27044677734375,2,1063,665,0.21316121518611908,0.3540070652961731,0.4611413776874542,0.38364410400390625,2.4594993536245155,0.5172148639521588,1.9422844896723568,1.162341916330408
48,anneal,140,0.16471820345351462,0.23827047646045685,0.00020824636158067733,0.735595703125,0.264404296875,2,1032,632,0.20089156925678253,0.3422618508338928,0.447706937789917,0.36788758635520935,2.2353714764551214,0.4991107397524267,1.7362607367026948,1.1002752981373507
48,anneal,160,0.16021397551792443,0.2264767289161682,0.00020824636158067733,0.7503662109375,0.2496337890625,2,1007,596,0.19070446491241455,0.33400338888168335,0.43626055121421814,0.3541894555091858,2.039361349322654,0.4556523316431582,1.5837090176794955,1.0270054364234258
48,anneal,180,0.1558329159321,0.21729843318462372,0.00020824636158067733,0.7586669921875,0.2413330078125,2,980,572,0.18236036598682404,0.32713162899017334,0.4264298379421234,0.3423957824707031,1.888559127144923,0.43173784041010005,1.4568212867348231,0.9668639865419412
48,anneal,200,0.1515716566510398,0.20833320915699005,0.00020824636158067733,0.77081298828125,0.22918701171875,2,967,549,0.17484401166439056,0.3209657371044159,0.4176594316959381,0.33143487572669983,1.7464159811295517,0.39742615146508786,1.348989829664464,0.9132976148036708
48,anneal,220,0.14742692172911012,0.19874520599842072,0.00020824636158067733,0.78582763671875,0.21417236328125,2,941,518,0.166606605052948,0.3166660666465759,0.40764304995536804,0.32187163829803467,1.6022505706569845,0.3561688551324117,1.2460817155245727,0.8529216046160603
48,anneal,240,0.14339552480158274,0.19154280424118042,0.00020824636158067733,0.7950439453125,0.2049560546875,2,922,496,0.160508930683136,0.3119261562824249,0.39999696612358093,0.3130127191543579,1.4927618203957636,0.3315036705015908,1.1612581498941728,0.8059441575757976
48,anneal,260,0.13947436663504054,0.185330331325531,0.00020824636158067733,0.80181884765625,0.19818115234375,2,899,479,0.15459057688713074,0.3096998929977417,0.3928530216217041,0.30900052189826965,1.3988794838721432,0.31370383371780614,1.085175650154337,0.7722985164880104
48,anneal,280,0.1356604327447672,0.17922203242778778,0.00020824636158067733,0.81146240234375,0.18853759765625,2,886,460,0.1502373069524765,0.3039718270301819,0.3871448040008545,0.30013492703437805,1.3080437721020743,0.2888672642257263,1.0191765078763484,0.7321666746581489
48,anneal,300,0.13195079107728944,0.1730964183807373,0.00020824636158067733,0.81927490234375,0.18072509765625,2,857,451,0.14468702673912048,0.3018837869167328,0.37990182638168335,0.29611241817474365,1.2168341090257044,0.2691912222198747,0.9476428868058296,0.6917638812380776
48,anneal,320,0.12834258975629043,0.16743740439414978,0.00020824636158067733,0.82855224609375,0.17144775390625,2,852,436,0.14018255472183228,0.2991512417793274,0.3739279508590698,0.29155170917510986,1.1352605381727798,0.24636262686550714,0.8888979113072725,0.6527394223018949
48,anneal,340,0.1248330548901612,0.16156423091888428,0.00020824636158067733,0.8389892578125,0.1610107421875,2,834,420,0.13557881116867065,0.2969681918621063,0.3678061068058014,0.28790321946144104,1.052966753948759,0.2214063231409714,0.8315604308077874,0.6139971436211656
48,anneal,360,0.1214194884395047,0.15776270627975464,0.00020824636158067733,0.84332275390625,0.15667724609375,2,827,416,0.13158084452152252,0.2986878752708435,0.3623124361038208,0.28827527165412903,0.9977833970189849,0.21127894758307725,0.7865044494359075,0.582909436598786
48,anneal,380,0.11809926614295303,0.15150845050811768,0.00020824636158067733,0.85491943359375,0.14508056640625,2,808,403,0.12689489126205444,0.29654937982559204,0.3558657765388489,0.2844792902469635,0.9145480077606507,0.184885824648724,0.7296621831119267,0.543432076826068
48,anneal,400,0.11486983549970349,0.14596900343894958,0.00020824636158067733,0.86328125,0.13671875,2,791,383,0.12225162237882614,0.2957272529602051,0.34922105073928833,0.28190386295318604,0.8428014016719416,0.1665240884624993,0.6762773132094425,0.5037432213509622
48,anneal,420,0.111728713807222,0.14268197119235992,0.00020824636158067733,0.86895751953125,0.13104248046875,2,793,382,0.11960455030202866,0.29571107029914856,0.3453667163848877,0.2818980813026428,0.7991627191733741,0.1543953991046022,0.6447673200687716,0.4788497331471465
48,anneal,440,0.10867348625260581,0.13944222033023834,0.00020824636158067733,0.87237548828125,0.12762451171875,2,772,380,0.11674170196056366,0.294611394405365,0.3412918746471405,0.28343045711517334,0.7571119228525376,0.14722795205383604,0.6098839707987015,0.4587539899882561
48,anneal,460,0.10570180405613804,0.13486652076244354,0.00020824636158067733,0.88128662109375,0.11871337890625,2,774,369,0.11356497555971146,0.29300162196159363,0.33679893612861633,0.28071022033691406,0.700652597221243,0.12904111303855936,0.5716114841826835,0.4303606637847427
48,anneal,480,0.10281138266560666,0.13179096579551697,0.00020824636158067733,0.88494873046875,0.11505126953125,2,759,366,0.11084655672311783,0.2928906977176666,0.3326047658920288,0.2811286747455597,0.6623014772560154,0.12178445144751956,0.5405170258084959,0.40675444679138517
48,anneal,500,0.1,0.1275176703929901,0.00020824636158067733,0.89202880859375,0.10797119140625,2,747,359,0.10756521672010422,0.29235944151878357,0.3276301324367523,0.2796391546726227,0.6136366413777168,0.10813178588925641,0.5055048554884605,0.3775250363694088
48,anneal,520,0.09726549474122856,0.12283385545015335,0.00020824636158067733,0.89971923828125,0.10028076171875,2,736,350,0.10403655469417572,0.2914833724498749,0.32237258553504944,0.2786828577518463,0.5597044011157877,0.09389325713311844,0.4658111439826693,0.35176943436883656
48,anneal,540,0.0946057646725596,0.11930274218320847,0.00020824636158067733,0.90362548828125,0.09637451171875,2,720,338,0.1010790765285492,0.2901712954044342,0.317709743976593,0.2764565050601959,0.5190053209409697,0.08690938089481944,0.4320959400461506,0.32734999399756115
48,anneal,560,0.09201876506248752,0.11604778468608856,0.00020824636158067733,0.90850830078125,0.09149169921875,2,717,328,0.09857236593961716,0.2895778715610504,0.313649982213974,0.27567288279533386,0.48366653637659596,0.07842675523889009,0.4052397811377058,0.30524224459142923
48,anneal,580,0.08950250709279725,0.11214766651391983,0.00020824636158067733,0.91473388671875,0.08526611328125,2,701,325,0.09558563679456711,0.289824903011322,0.30897340178489685,0.274856835603714,0.4426395607481126,0.06802948267446808,0.37461007807364416,0.28332827281767303
48,anneal,600,0.08705505632961241,0.10732059180736542,0.00020824636158067733,0.9212646484375,0.0787353515625,2,694,313,0.09207817912101746,0.2856687903404236,0.3031245768070221,0.2693857252597809,0.39390940829272125,0.057657636029795734,0.3362517722629253,0.2567181407436895
48,anneal,620,0.08467453123625272,0.10505400598049164,0.00020824636158067733,0.924072265625,0.075927734375,2,688,308,0.09014539420604706,0.28649798035621643,0.3000306785106659,0.27050474286079407,0.3701509234744762,0.05337697213725245,0.3167739513372235,0.2421407010049027
48,anneal,640,0.08235910172675731,0.10150086879730225,0.00020824636158067733,0.92803955078125,0.07196044921875,2,674,299,0.08726733177900314,0.28506404161453247,0.29515910148620605,0.2674528658390045,0.3350143797690279,0.047520708316139075,0.28749367145288884,0.2234805499763045
48,anneal,660,0.0801069877589622,0.0989551693201065,0.00020824636158067733,0.9320068359375,0.0679931640625,2,664,284,0.08547772467136383,0.2836953103542328,0.29223594069480896,0.2661903202533722,0.31159233469607983,0.04190023751920208,0.2696920971768779,0.21103658375861623
48,anneal,680,0.07791645796604998,0.09583404660224915,0.00020824636158067733,0.9351806640625,0.0648193359375,2,655,276,0.08288514614105225,0.2826542556285858,0.28774023056030273,0.2628401219844818,0.2840991842969842,0.037582122266165335,0.2465170620308188,0.1958840039521622
48,anneal,700,0.07578582832551992,0.09331756830215454,0.00020824636158067733,0.938720703125,0.061279296875,2,653,273,0.08095185458660126,0.2827444076538086,0.2844010889530182,0.2614559531211853,0.2626942002536552,0.03296223262829307,0.22973196762536197,0.18273514643144362
48,anneal,720,0.07371346086455506,0.09045735001564026,0.00020824636158067733,0.94268798828125,0.05731201171875,2,643,273,0.07871805131435394,0.2835494577884674,0.2804226875305176,0.25994324684143066,0.2382488612640472,0.028044367436634653,0.21020449382741258,0.1687182516550113
48,anneal,740,0.07169776240079137,0.08713564276695251,0.00020824636158067733,0.94793701171875,0.05206298828125,2,637,248,0.07644046097993851,0.2818682789802551,0.27634692192077637,0.25699087977409363,0.21406190042053908,0.021988988211559896,0.1920729122089792,0.1547384409211393
48,anneal,760,0.06973718331752027,0.08489098399877548,0.00020824636158067733,0.95172119140625,0.04827880859375,2,628,253,0.07497528940439224,0.2803592085838318,0.2737305164337158,0.2538984715938568,0.196437216211244,0.017967162132090136,0.17847005407915378,0.14498290600087993
48,anneal,780,0.0678302163723836,0.08215411752462387,0.00020824636158067733,0.95501708984375,0.04498291015625,2,618,231,0.07281550765037537,0.28041908144950867,0.2697727680206299,0.251620352268219,0.17686297405472118,0.014717617151848151,0.16214535690287307,0.13465188863549182
48,anneal,800,0.06597539553864472,0.07956129312515259,0.00020824636158067733,0.9588623046875,0.0411376953125,2,608,225,0.0709545910358429,0.2801712453365326,0.26624318957328796,0.24832943081855774,0.15939793416347214,0.011247646253832753,0.1481502879096394,0.12434669037677148
48,anneal,820,0.06417129487814521,0.07688194513320923,0.00020824636158067733,0.96258544921875,0.03741455078125,2,597,211,0.06890010833740234,0.2822349965572357,0.2624248266220093,0.2466307431459427,0.1426945932255066,0.008245156975523454,0.1344494362499831,0.11531581590017803
48,anneal,840,0.0624165274450806,0.07449740916490555,0.00020824636158067733,0.96588134765625,0.03411865234375,2,586,204,0.067144013941288,0.28266793489456177,0.2590315043926239,0.2426883578300476,0.12911719787390297,0.0059076695768181565,0.12320952829708477,0.1076106967745748
48,anneal,860,0.06070974421975235,0.07215389609336853,0.00020824636158067733,0.9697265625,0.0302734375,2,582,191,0.0656716376543045,0.279795378446579,0.2562224268913269,0.23714914917945862,0.11541445169878983,0.0036001440045483925,0.11181430769424139,0.10140546278919127
48,anneal,880,0.059049633071476516,0.06976911425590515,0.00020824636158067733,0.97235107421875,0.02764892578125,2,576,172,0.06379550695419312,0.279847651720047,0.2525222599506378,0.23135331273078918,0.10345187945514311,0.002311164344399659,0.10114071511074348,0.09572695125163799
48,anneal,900,0.057434917749851745,0.06740681827068329,0.00020824636158067733,0.9754638671875,0.0245361328125,2,561,161,0.06202341616153717,0.2814306318759918,0.24903641641139984,0.22745206952095032,0.09246170525894826,0.0011170256269953972,0.09134467963195297,0.09110771163316012
48,anneal,920,0.055864356903610995,0.06562025845050812,0.00020824636158067733,0.97784423828125,0.02215576171875,2,556,151,0.060717903077602386,0.28198549151420593,0.24633580446243286,0.22205473482608795,0.0863438636226519,0.00047494185887980624,0.085868921763772,0.08775429872978047
48,anneal,940,0.05433674312630291,0.06365100294351578,0.00020824636158067733,0.98040771484375,0.01959228515625,2,546,134,0.059215858578681946,0.2855880558490753,0.24330325424671173,0.2171272337436676,0.07951520860680006,7.734731442828914e-05,0.07943786129237178,0.0864524701907815
48,anneal,960,0.052850902028069024,0.0617922842502594,0.00020824636158067733,0.98291015625,0.01708984375,2,540,121,0.057875365018844604,0.2870708405971527,0.24055470526218414,0.2126053273677826,0.07186457212102226,1.9777414010556317e-05,0.0718447947070118,0.08450694126142688
48,anneal,980,0.05140569133280333,0.05976790934801102,0.00020824636158067733,0.985595703125,0.014404296875,2,536,105,0.05639231204986572,0.2907390296459198,0.23743845522403717,0.20843081176280975,0.0661371713287835,0.000375771871761616,0.06576139945702182,0.08485818061373929
48,anneal,1000,0.05,0.05763375386595726,0.00020824636158067733,0.98846435546875,0.01153564453125,2,523,91,0.05491998791694641,0.2901707887649536,0.23430711030960083,0.20034746825695038,0.061982490304409055,0.001323074884648853,0.06065941541976021,0.08901438998211442
48,anneal,1020,0.05,0.056264013051986694,0.00020824636158067733,0.99053955078125,0.00946044921875,1,512,82,0.0540480837225914,0.28827908635139465,0.23245854675769806,0.1951889544725418,0.056708677853940515,0.0024514869590376263,0.054257190894902746,0.0892114976383912
48,anneal,1040,0.05,0.05494692176580429,0.00020824636158067733,0.99169921875,0.00830078125,1,507,73,0.05297567695379257,0.2904525101184845,0.23013131320476532,0.18776196241378784,0.05361612993166176,0.0032769294962498134,0.05033920043541185,0.09127937369405326
48,anneal,1060,0.05,0.05382264405488968,0.00020824636158067733,0.99261474609375,0.00738525390625,1,501,65,0.05203604698181152,0.29395022988319397,0.2280818372964859,0.18442147970199585,0.05022295013642264,0.00404317333664296,0.04617977679977963,0.09355554099667851
48,anneal,1080,0.05,0.05312605947256088,0.00020824636158067733,0.993896484375,0.006103515625,1,500,61,0.05166821926832199,0.29052063822746277,0.22729884088039398,0.17975318431854248,0.047724898140778294,0.005311970285246772,0.04241292785553149,0.09679743157969123
48,anneal,1100,0.05,0.05236951261758804,0.00020824636158067733,0.99481201171875,0.00518798828125,1,505,56,0.0511402003467083,0.2880932092666626,0.22610780596733093,0.17265427112579346,0.04475239052427327,0.006381676616086091,0.03837071390818721,0.09960715112604002
48,anneal,1120,0.05,0.05184320732951164,0.00020824636158067733,0.995361328125,0.004638671875,1,497,48,0.05073380470275879,0.28989675641059875,0.22524063289165497,0.1705094426870346,0.04424962619687989,0.00709991649891192,0.03714970969796775,0.1010203674383977
48,anneal,1140,0.05,0.05156320706009865,0.00020824636158067733,0.99554443359375,0.00445556640625,1,503,51,0.05049261078238487,0.2907755672931671,0.2246963381767273,0.1659432351589203,0.04355478575617866,0.0073534970830356735,0.03620128867314283,0.10284884561471908
48,anneal,1160,0.05,0.05116252973675728,0.00020824636158067733,0.99609375,0.00390625,1,498,43,0.05021294206380844,0.29330748319625854,0.22406741976737976,0.1556788831949234,0.04280331011997163,0.008160922938703897,0.03464238718126768,0.10835998110335121
48,anneal,1180,0.05,0.050841040909290314,0.00020824636158067733,0.996337890625,0.003662109375,1,493,41,0.04995274171233177,0.2925170660018921,0.2234964221715927,0.15240979194641113,0.041248119814746076,0.008544083309507327,0.03270403650523873,0.10955973598240443
48,anneal,1200,0.05,0.050878092646598816,0.00020824636158067733,0.9964599609375,0.0035400390625,1,494,40,0.05000404268503189,0.2969064712524414,0.22359633445739746,0.14609301090240479,0.04009039569810824,0.008741724911608123,0.031348670786500055,0.11281268040395143
48,anneal,1220,0.05,0.05078768730163574,0.00020824636158067733,0.99658203125,0.00341796875,1,498,38,0.049930915236473083,0.3005979657173157,0.2234208583831787,0.14856474101543427,0.03940654222989082,0.008943591623515849,0.030462950606375043,0.11200189718576647
48,anneal,1240,0.05,0.05066331848502159,0.00020824636158067733,0.9967041015625,0.0032958984375,1,502,39,0.049834124743938446,0.3014160692691803,0.22322453558444977,0.14878886938095093,0.03868495924708526,0.009149833868979206,0.029535125378106174,0.10953121710983604
48,anneal,1260,0.05,0.05049797147512436,0.00020824636158067733,0.99676513671875,0.00323486328125,1,503,36,0.049664705991744995,0.3072548508644104,0.22285431623458862,0.14729225635528564,0.03765370578204141,0.009254645839153173,0.028399059942887987,0.11222608758609776
48,anneal,1280,0.05,0.05050799250602722,0.00020824636158067733,0.99676513671875,0.00323486328125,1,504,34,0.049667153507471085,0.3095966577529907,0.22285683453083038,0.14718349277973175,0.03757246237383782,0.009254645839153173,0.028317816534684487,0.11436994859898031
48,anneal,1300,0.05,0.05058571696281433,0.00020824636158067733,0.9969482421875,0.0030517578125,1,500,35,0.049790769815444946,0.3102790415287018,0.22312413156032562,0.14579373598098755,0.037098513930878596,0.009576103693413178,0.027522410237465413,0.11211978666026179
48,anneal,1320,0.05,0.05079512670636177,0.00020824636158067733,0.99700927734375,0.00299072265625,1,504,35,0.050010934472084045,0.31221941113471985,0.22357134521007538,0.14772771298885345,0.03635595361284771,0.009685673741143375,0.026670279871704308,0.11086205607782385
48,anneal,1340,0.05,0.05071229487657547,0.00020824636158067733,0.9970703125,0.0029296875,1,501,35,0.049945469945669174,0.3116895854473114,0.22343312203884125,0.14662882685661316,0.03570669074562005,0.009796493227251513,0.02591019751836834,0.11022237165954929
48,anneal,1360,0.05,0.05042736232280731,0.00020824636158067733,0.997314453125,0.002685546875,1,499,30,0.0497165322303772,0.31440308690071106,0.22294627130031586,0.14365606009960175,0.03552083493578806,0.01025280167776877,0.02526803325801935,0.1127590214389077
48,anneal,1380,0.05,0.05040929839015007,0.00020824636158067733,0.99749755859375,0.00250244140625,1,501,29,0.049754489213228226,0.31142207980155945,0.2230364978313446,0.13696996867656708,0.03515382336646411,0.010609543020773108,0.024544280345691182,0.11282322058898198
48,anneal,1400,0.05,0.050399210304021835,0.00020824636158067733,0.99774169921875,0.00225830078125,1,504,27,0.04981212690472603,0.30977970361709595,0.22315573692321777,0.1362014263868332,0.03478004563677217,0.01110628885490645,0.023673756781865743,0.11525518653136013
48,anneal,1420,0.05,0.050391774624586105,0.00020824636158067733,0.9979248046875,0.0020751953125,1,503,26,0.04984857141971588,0.3116079568862915,0.2232288122177124,0.1307201236486435,0.03494375562896579,0.011496078844348605,0.023447676784617188,0.11896599271924269
48,anneal,1440,0.05,0.05022815242409706,0.00020824636158067733,0.998046875,0.001953125,1,501,25,0.049715399742126465,0.3122449219226837,0.2229326069355011,0.13145802915096283,0.03477575170855829,0.011764854048686914,0.023010897659871313,0.1206959906855648
48,anneal,1460,0.05,0.050101395696401596,0.00020824636158067733,0.9981689453125,0.0018310546875,1,503,23,0.049616336822509766,0.3145217299461365,0.22274422645568848,0.13129781186580658,0.03337051823492487,0.012041278552709523,0.021329239682215246,0.12296036877589567
48,anneal,1480,0.05,0.050176121294498444,0.00020824636158067733,0.998291015625,0.001708984375,1,509,21,0.04972432553768158,0.3140893876552582,0.22297675907611847,0.12739892303943634,0.03362393748849257,0.012325862044967707,0.02129807544352487,0.12459482779442832
48,anneal,1500,0.05,0.05000905692577362,0.00020824636158067733,0.998291015625,0.001708984375,1,507,22,0.04955045506358147,0.31789731979370117,0.22259415686130524,0.12793156504631042,0.03340110598966106,0.012325862044967707,0.021075243944693407,0.12607733774413854
48,anneal,1520,0.05,0.05000772699713707,0.00020824636158067733,0.9984130859375,0.0015869140625,1,510,23,0.04957721754908562,0.32086309790611267,0.22265902161598206,0.13117483258247375,0.032588533300632605,0.012619187201482515,0.019969346099150048,0.128973251878708
48,anneal,1540,0.05,0.05024562031030655,0.00020824636158067733,0.99835205078125,0.00164794921875,1,510,21,0.04979514330625534,0.3231508731842041,0.2231312096118927,0.13063885271549225,0.03167796640646969,0.01247139221828312,0.01920657418818654,0.13076348281240124
48,anneal,1560,0.05,0.05024062469601631,0.00020824636158067733,0.99847412109375,0.00152587890625,1,511,21,0.04982009157538414,0.3254227340221405,0.22317606210708618,0.12401717156171799,0.032628422122989775,0.012769334001019136,0.019859088121970438,0.12995953687706996
48,anneal,1580,0.05,0.050165124237537384,0.00020824636158067733,0.99853515625,0.00146484375,1,504,20,0.049758557230234146,0.3273080885410309,0.22305737435817719,0.12842106819152832,0.032257837258121924,0.012921926589247994,0.0193359106688739,0.13195806442010716
48,anneal,1600,0.05,0.05023588985204697,0.00020824636158067733,0.99853515625,0.00146484375,1,508,20,0.049830399453639984,0.32664862275123596,0.2232239991426468,0.12748298048973083,0.03131154074818454,0.012921926589247994,0.018389614158936543,0.12885973057629807
48,anneal,1620,0.05,0.050446540117263794,0.00020824636158067733,0.9984130859375,0.0015869140625,1,509,21,0.050010211765766144,0.3249639868736267,0.22358626127243042,0.12375028431415558,0.032374062168138096,0.012619187201482515,0.019754874966655636,0.12946006086051265
48,anneal,1640,0.05,0.05030681937932968,0.00020824636158067733,0.99847412109375,0.00152587890625,1,506,21,0.04988276958465576,0.32778847217559814,0.2233302891254425,0.12506592273712158,0.03081202347694756,0.012769334001019136,0.018042689475928124,0.12848697206274873
48,anneal,1660,0.05,0.050107259303331375,0.00020824636158067733,0.99859619140625,0.00140380859375,1,503,19,0.049716781824827194,0.32787245512008667,0.2229676991701126,0.13096188008785248,0.030470101905130775,0.01307706677611385,0.01739303512901701,0.12992486725190455
48,anneal,1680,0.05,0.05013014003634453,0.00020824636158067733,0.99859619140625,0.00140380859375,1,509,20,0.04973388463258743,0.3320011794567108,0.22300711274147034,0.128926083445549,0.029926420989987434,0.01307706677611385,0.01684935421387356,0.1335596227224617
48,anneal,1700,0.05,0.050282709300518036,0.00020824636158067733,0.99859619140625,0.00140380859375,1,504,19,0.04988866671919823,0.3305887281894684,0.2233435958623886,0.13249197602272034,0.02996217596247419,0.01307706677611385,0.016885109186360325,0.13256251638151506
48,anneal,1720,0.05,0.05044657364487648,0.00020824636158067733,0.99859619140625,0.00140380859375,1,514,20,0.0500507727265358,0.3320011794567108,0.2236916571855545,0.128926083445549,0.029903792572632426,0.01307706677611385,0.01682672579651858,0.13473743777351255
48,anneal,1740,0.05,0.05008462443947792,0.00020824636158067733,0.99871826171875,0.00128173828125,1,514,17,0.0497162826359272,0.3370956778526306,0.2229623794555664,0.13196693360805511,0.02914064405214134,0.013395442700926977,0.01574520135121439,0.1376411910830232
48,anneal,1760,0.05,0.04980601370334625,0.00020824636158067733,0.99871826171875,0.00128173828125,1,509,15,0.04943598806858063,0.3381269872188568,0.2223406583070755,0.12983129918575287,0.02927838538035843,0.013395442700926977,0.015882942679431532,0.1391721265979161
48,anneal,1780,0.05,0.05019272118806839,0.00020824636158067733,0.9986572265625,0.0013427734375,1,508,17,0.049808695912361145,0.33579567074775696,0.2231452763080597,0.12463612109422684,0.029299316898878658,0.01323486523266034,0.016064451666218296,0.1394017801364701
48,anneal,1800,0.05,0.049956098198890686,0.00020824636158067733,0.99871826171875,0.00128173828125,1,508,16,0.04958682879805565,0.33769068121910095,0.22267302870750427,0.1269180029630661,0.029009489903010888,0.013395442700926977,0.015614047202084034,0.1412172264105923
48,anneal,1820,0.05,0.04999060928821564,0.00020824636158067733,0.99884033203125,0.00115966796875,1,510,13,0.04965423420071602,0.3397115468978882,0.2228236347436905,0.1272360235452652,0.028156865977699397,0.013725476928968906,0.014431389048730422,0.14347172192421775
48,anneal,1840,0.05,0.050031181424856186,0.00020824636158067733,0.99884033203125,0.00115966796875,1,512,15,0.049694500863552094,0.34001848101615906,0.22290095686912537,0.12152211368083954,0.029415398756292177,0.013725476928968906,0.0156899218273231,0.1453264490780587
48,anneal,1860,0.05,0.050254933536052704,0.00020824636158067733,0.99884033203125,0.00115966796875,1,516,15,0.04992105811834335,0.33782637119293213,0.22339387238025665,0.12485619634389877,0.028706794757646037,0.013725476928968906,0.014981317828677058,0.14462734222681528
48,anneal,1880,0.05,0.050038862973451614,0.00020824636158067733,0.998779296875,0.001220703125,1,510,15,0.04968418553471565,0.3402332663536072,0.22288091480731964,0.1281333565711975,0.029101789077877527,0.013558931434700617,0.015542857643177001,0.14737372647570945
48,anneal,1900,0.05,0.05010286346077919,0.00020824636158067733,0.9989013671875,0.0010986328125,1,510,13,0.04978436231613159,0.33968719840049744,0.22309796512126923,0.12653793394565582,0.02832191177022736,0.013895240014235026,0.014426671755992366,0.15193898867503075
48,anneal,1920,0.05,0.049812909215688705,0.00020824636158067733,0.99896240234375,0.00103759765625,1,512,12,0.04951159656047821,0.3399049937725067,0.2225072979927063,0.12929567694664001,0.028795214624743437,0.014068399417319617,0.01472681520742367,0.15306614732319057
48,anneal,1940,0.05,0.05008948594331741,0.00020824636158067733,0.99896240234375,0.00103759765625,1,511,12,0.04979034885764122,0.33809199929237366,0.22312217950820923,0.12875954806804657,0.02850450693241413,0.014068399417319617,0.014436107515094535,0.15379300026754417
48,anneal,1960,0.05,0.050165098160505295,0.00020824636158067733,0.998779296875,0.001220703125,1,510,15,0.049815673381090164,0.336068332195282,0.22317612171173096,0.1236337199807167,0.028520574844343116,0.013558931434700617,0.014961643409642584,0.14660739678285817
48,anneal,1980,0.05,0.05012654885649681,0.00020824636158067733,0.99896240234375,0.00103759765625,1,514,12,0.04982805997133255,0.3375040292739868,0.22320683300495148,0.12105222791433334,0.02764752023377781,0.014068399417319617,0.013579120816458115,0.1497217497751283
48,anneal,2000,0.05,0.049813054502010345,0.00020824636158067733,0.9990234375,0.0009765625,1,510,12,0.049529753625392914,0.3396293520927429,0.22255006432533264,0.1236126720905304,0.028155673477350263,0.01424515492627651,0.013910518551073652,0.15202575056239065
49,anneal,0,0.2,0.8177340626716614,0.00020824636158067733,0.5762939453125,0.4237060546875,2,1338,1115,0.679446816444397,1.0058221817016602,0.7231155633926392,0.6196210384368896,13.276088545524736,1.0330898001438196,12.242998745380916,2.2508474161010983
49,anneal,20,0.19453098948245712,0.6092653274536133,0.00020824636158067733,0.60888671875,0.39111328125,2,1326,1071,0.5176331400871277,0.7519187331199646,0.6525360941886902,0.576026439666748,9.060673767169838,0.9148087160524951,8.145865051117344,1.9049054700596773
49,anneal,40,0.1892115293451192,0.43863075971603394,0.00020824636158067733,0.65087890625,0.34912109375,2,1265,965,0.36919212341308594,0.5680875778198242,0.5755115151405334,0.5184891223907471,5.7737873564203355,0.7690194980674058,5.004767858352929,1.585854555822809
49,anneal,60,0.18403753012497504,0.325606107711792,0.00020824636158067733,0.6871337890625,0.3128662109375,2,1142,846,0.2702089250087738,0.447272390127182,0.5098326206207275,0.4584179222583771,3.6996432323887447,0.6493852340089868,3.0502579983797573,1.3366062363172406
49,anneal,80,0.1790050141855945,0.26726198196411133,0.00020824636158067733,0.7059326171875,0.2940673828125,2,1055,728,0.21824753284454346,0.38492509722709656,0.46476730704307556,0.4133348762989044,2.689279106836885,0.5897382340679556,2.0995408727689298,1.1799314815950512
49,anneal,100,0.17411011265922482,0.2389921396970749,0.00020824636158067733,0.721923828125,0.278076171875,2,985,669,0.19349844753742218,0.3570999801158905,0.43909165263175964,0.38421449065208435,2.2275243972314556,0.5403376353610235,1.6871867618704317,1.0796629258554478
49,anneal,120,0.16934906247250545,0.2236611247062683,0.00020824636158067733,0.73583984375,0.26416015625,2,956,632,0.18014390766620636,0.34488189220428467,0.42383554577827454,0.36716756224632263,1.9847382985880913,0.49838318742228105,1.48635511116581,1.0031528785409338
49,anneal,140,0.16471820345351462,0.21490874886512756,0.00020824636158067733,0.7447509765625,0.2552490234375,2,937,604,0.17308762669563293,0.33693188428878784,0.41537120938301086,0.3547321557998657,1.8470239266609596,0.4720388860451989,1.3749850406157607,0.9500968458894224
49,anneal,160,0.16021397551792443,0.20652040839195251,0.00020824636158067733,0.7574462890625,0.2425537109375,2,913,581,0.16688697040081024,0.3302876353263855,0.40790867805480957,0.3438553214073181,1.718290706829599,0.43523128276315787,1.283059424066441,0.9013804248031395
49,anneal,180,0.1558329159321,0.20083679258823395,0.00020824636158067733,0.76470947265625,0.23529052734375,2,909,558,0.16189460456371307,0.3274014890193939,0.4015900790691376,0.3375190794467926,1.6333515561141994,0.4145657051473386,1.2187858509668605,0.8613191289047993
49,anneal,200,0.1515716566510398,0.195176899433136,0.00020824636158067733,0.7747802734375,0.2252197265625,2,888,549,0.15762872993946075,0.324346661567688,0.3962382674217224,0.33077526092529297,1.549098551337316,0.38639828346356175,1.1627002678737541,0.8247751010501109
49,anneal,220,0.14742692172911012,0.19148500263690948,0.00020824636158067733,0.7784423828125,0.2215576171875,2,881,545,0.15397532284259796,0.32327520847320557,0.3917040526866913,0.3278924226760864,1.4942635844008336,0.37629874870873536,1.1179648356920984,0.8021234439154089
49,anneal,240,0.14339552480158274,0.18729695677757263,0.00020824636158067733,0.784912109375,0.215087890625,2,867,528,0.1506776213645935,0.32093048095703125,0.38742271065711975,0.322957843542099,1.4340778700177097,0.3586468618258257,1.0754310081918839,0.7740955214255539
49,anneal,260,0.13947436663504054,0.18169866502285004,0.00020824636158067733,0.7984619140625,0.2015380859375,2,854,511,0.1467534601688385,0.3201459050178528,0.38238510489463806,0.3180219233036041,1.3552465536387999,0.3224879231747275,1.0327586304640723,0.73474005891396
49,anneal,280,0.1356604327447672,0.1768682599067688,0.00020824636158067733,0.81072998046875,0.18927001953125,2,846,492,0.14396263659000397,0.3178180456161499,0.37870922684669495,0.3121928870677948,1.2861424209570131,0.29073254797329884,0.9954098729837143,0.7021050315094929
49,anneal,300,0.13195079107728944,0.17353318631649017,0.00020824636158067733,0.81634521484375,0.18365478515625,2,839,486,0.1415797472000122,0.31556621193885803,0.37567010521888733,0.30871546268463135,1.23823836171524,0.2765221582107046,0.9617162035045352,0.6836586319047658
49,anneal,320,0.12834258975629043,0.16894404590129852,0.00020824636158067733,0.82598876953125,0.17401123046875,2,834,475,0.13809451460838318,0.31537920236587524,0.37109410762786865,0.30517706274986267,1.1729852011887587,0.25261102309761374,0.9203741780911446,0.6533239657080433
49,anneal,340,0.1248330548901612,0.1637362539768219,0.00020824636158067733,0.8375244140625,0.1624755859375,2,825,454,0.1343269795179367,0.3153343200683594,0.36602649092674255,0.3003997206687927,1.1016968530095355,0.22486125267376836,0.8768356003357671,0.6175923846828685
49,anneal,360,0.1214194884395047,0.15845416486263275,0.00020824636158067733,0.85260009765625,0.14739990234375,2,826,426,0.13178113102912903,0.31273797154426575,0.3626673221588135,0.29308009147644043,1.0293202791583198,0.19007991735461216,0.8392403618037074,0.5852133311206874
49,anneal,380,0.11809926614295303,0.15326371788978577,0.00020824636158067733,0.8651123046875,0.1348876953125,2,820,405,0.12879043817520142,0.3102249801158905,0.3585573732852936,0.284139484167099,0.9600995471993983,0.16258131053569846,0.7975182366637001,0.55039432635451
49,anneal,400,0.11486983549970349,0.1481233686208725,0.00020824636158067733,0.87762451171875,0.12237548828125,2,809,385,0.12534543871879578,0.3114769458770752,0.35366564989089966,0.2807639241218567,0.8936808261953146,0.13642598012742846,0.7572548460678861,0.5147645719123123
49,anneal,420,0.111728713807222,0.14392830431461334,0.00020824636158067733,0.885498046875,0.114501953125,2,807,370,0.12242813408374786,0.3101992607116699,0.349575936794281,0.27550625801086426,0.8381690590979005,0.1207072254133795,0.717461833684521,0.4892993831315128
49,anneal,440,0.10867348625260581,0.13778334856033325,0.00020824636158067733,0.89959716796875,0.10040283203125,2,790,338,0.11867467314004898,0.30899477005004883,0.3442822992801666,0.26750877499580383,0.7630625807944043,0.09411425942038232,0.6689483213740217,0.453250913946906
49,anneal,460,0.10570180405613804,0.1319621056318283,0.00020824636158067733,0.91241455078125,0.08758544921875,2,787,305,0.11490525305271149,0.3096504509449005,0.3387469947338104,0.2596814036369324,0.6927641037074963,0.07184658790236441,0.6209175158051321,0.4162497484655635
49,anneal,480,0.10281138266560666,0.12786459922790527,0.00020824636158067733,0.9176025390625,0.0823974609375,2,776,285,0.11185982823371887,0.30609869956970215,0.33407047390937805,0.25166934728622437,0.6430934832571538,0.06340393202486219,0.5796895512322917,0.3915387089007002
49,anneal,500,0.1,0.12266306579113007,0.00020824636158067733,0.92852783203125,0.07147216796875,2,772,266,0.1085551455616951,0.30594560503959656,0.3293331265449524,0.24410060048103333,0.5835806147190041,0.04681599041671153,0.5367646243022923,0.36447448345345246
49,anneal,520,0.09726549474122856,0.11721247434616089,0.00020824636158067733,0.938720703125,0.061279296875,2,761,238,0.10489679872989655,0.3058730959892273,0.3236793875694275,0.23350940644741058,0.5248341946900936,0.03296223262829307,0.4918719620618006,0.3321985898589649
49,anneal,540,0.0946057646725596,0.11289425194263458,0.00020824636158067733,0.94677734375,0.05322265625,2,760,213,0.10216748714447021,0.30371251702308655,0.3195072412490845,0.2232488989830017,0.4772752558712554,0.023280530073716228,0.45399472579753924,0.30949560753717587
49,anneal,560,0.09201876506248752,0.10916323214769363,0.00020824636158067733,0.949462890625,0.050537109375,2,743,201,0.09902522712945938,0.29963043332099915,0.31455114483833313,0.2135126143693924,0.43675136666953307,0.02033120354440089,0.4164201631251324,0.29193190012367476
49,anneal,580,0.08950250709279725,0.10499575734138489,0.00020824636158067733,0.95550537109375,0.04449462890625,2,730,184,0.09588056057691574,0.30074137449264526,0.30955058336257935,0.20628879964351654,0.39506156761873257,0.014257297793380377,0.3808042698253522,0.2716644444378492
49,anneal,600,0.08705505632961241,0.10106492787599564,0.00020824636158067733,0.96075439453125,0.03924560546875,2,714,173,0.09287117421627045,0.3016524910926819,0.3045324981212616,0.20001870393753052,0.3561110536104124,0.009675855365027367,0.34643519824538516,0.2510768651852434
49,anneal,620,0.08467453123625272,0.09732739627361298,0.00020824636158067733,0.966552734375,0.033447265625,2,714,155,0.09029053151607513,0.3006773293018341,0.3003580570220947,0.19333286583423615,0.32109696201606397,0.005470976179540543,0.31562598583652346,0.23552177054873236
49,anneal,640,0.08235910172675731,0.09414641559123993,0.00020824636158067733,0.9693603515625,0.0306396484375,2,706,145,0.08754172176122665,0.3031019866466522,0.29581212997436523,0.19026334583759308,0.29136972424768004,0.0037991257864625726,0.28757059846121746,0.223707542347913
49,anneal,660,0.0801069877589622,0.09103022515773773,0.00020824636158067733,0.97265625,0.02734375,2,690,130,0.08505982905626297,0.3034055829048157,0.2915601432323456,0.18216608464717865,0.2630877434205203,0.0021774798818850766,0.26091026353863533,0.20999352963619666
49,anneal,680,0.07791645796604998,0.08803373575210571,0.00020824636158067733,0.97564697265625,0.02435302734375,2,678,129,0.08261999487876892,0.3049223721027374,0.28735196590423584,0.1797066181898117,0.2357902705263868,0.0010589294479353894,0.23473134107845134,0.19920701976727495
49,anneal,700,0.07578582832551992,0.08554916828870773,0.00020824636158067733,0.97747802734375,0.02252197265625,2,670,118,0.08044112473726273,0.30724361538887024,0.28344467282295227,0.17310087382793427,0.21555235431898012,0.0005573529284808457,0.21499500139049926,0.1889850313025111
49,anneal,720,0.07371346086455506,0.08252467960119247,0.00020824636158067733,0.9808349609375,0.0191650390625,2,656,107,0.07821084558963776,0.30329960584640503,0.2795192301273346,0.16540871560573578,0.19138834892529388,4.3232003280540806e-05,0.19134511692201314,0.1809755930086997
49,anneal,740,0.07169776240079137,0.07962244749069214,0.00020824636158067733,0.98333740234375,0.01666259765625,2,641,96,0.07578178495168686,0.306278258562088,0.2751898467540741,0.161375492811203,0.16967597374624432,4.5827791944071106e-05,0.16963014595430032,0.17439565347806119
49,anneal,760,0.06973718331752027,0.07723018527030945,0.00020824636158067733,0.9847412109375,0.0152587890625,2,636,86,0.07361377030611038,0.31061893701553345,0.2712143063545227,0.1593691110610962,0.15280488415029225,0.0002114433064314943,0.15259344084386067,0.1692282547525995
49,anneal,780,0.0678302163723836,0.0755888894200325,0.00020824636158067733,0.98577880859375,0.01422119140625,2,630,84,0.07214440405368805,0.3143523931503296,0.2685161530971527,0.1602044701576233,0.14137741320902109,0.00041757708604580647,0.1409598361229753,0.1655851320763052
49,anneal,800,0.06597539553864472,0.07301725447177887,0.00020824636158067733,0.98797607421875,0.01202392578125,2,622,70,0.07010648399591446,0.3121878504753113,0.2646835446357727,0.15532192587852478,0.1245500786828515,0.0011152092482068256,0.12343486943464466,0.16155745674106792
49,anneal,820,0.06417129487814521,0.07039069384336472,0.00020824636158067733,0.99017333984375,0.00982666015625,1,609,68,0.06795467436313629,0.31585365533828735,0.26059481501579285,0.15360067784786224,0.10854194917938997,0.002221524127386316,0.10632042505200384,0.16026869398112675
49,anneal,840,0.0624165274450806,0.06795540452003479,0.00020824636158067733,0.9918212890625,0.0081787109375,1,599,60,0.06588570028543472,0.31894612312316895,0.25662651658058167,0.14726650714874268,0.09522772710644034,0.0033729545969747154,0.0918547725094655,0.16055893659424536
49,anneal,860,0.06070974421975235,0.06580300629138947,0.00020824636158067733,0.993896484375,0.006103515625,1,593,58,0.06429319828748703,0.31166180968284607,0.25351810455322266,0.14170615375041962,0.08359131043126666,0.005311970285246772,0.07827934014601998,0.16159005022993578
49,anneal,880,0.059049633071476516,0.06359977275133133,0.00020824636158067733,0.99481201171875,0.00518798828125,1,579,47,0.062284503132104874,0.31580716371536255,0.24949471652507782,0.13857682049274445,0.07393607292780047,0.006381676616086091,0.06755439631171435,0.16318125085738056
49,anneal,900,0.057434917749851745,0.0619870163500309,0.00020824636158067733,0.99505615234375,0.00494384765625,1,574,46,0.06070559099316597,0.3199011981487274,0.2463074028491974,0.13864265382289886,0.06617876297260494,0.006693286607663828,0.05948547636494095,0.16447927988403743
49,anneal,920,0.055864356903610995,0.06079205125570297,0.00020824636158067733,0.9954833984375,0.0045166015625,1,569,44,0.05961543694138527,0.3201245367527008,0.24404914677143097,0.13146519660949707,0.06066417229904886,0.007268145320983837,0.05339602697806508,0.16629362044543294
49,anneal,940,0.05433674312630291,0.05864092707633972,0.00020824636158067733,0.996337890625,0.003662109375,1,560,35,0.05767500773072243,0.3214355409145355,0.24009117484092712,0.12668047845363617,0.05349244808186171,0.008544083309507327,0.04494836477235419,0.17272685679265332
49,anneal,960,0.052850902028069024,0.05731415003538132,0.00020824636158067733,0.99658203125,0.00341796875,1,546,35,0.05638379976153374,0.3285774290561676,0.2374163568019867,0.12679284811019897,0.04941713839817652,0.008943591623515849,0.04047354677466082,0.17770294217254767
49,anneal,980,0.05140569133280333,0.05581267178058624,0.00020824636158067733,0.9969482421875,0.0030517578125,1,535,28,0.05497666075825691,0.3289213180541992,0.23435457050800323,0.11524379998445511,0.045877906079304864,0.009576103693413178,0.03630180238589155,0.18471993415070964
49,anneal,1000,0.05,0.05386783927679062,0.00020824636158067733,0.99749755859375,0.00250244140625,1,531,27,0.053154777735471725,0.3380979895591736,0.23050068318843842,0.11777471005916595,0.04152460385395074,0.010609543020773108,0.03091506083317767,0.19645060232935274
49,anneal,1020,0.05,0.05243482440710068,0.00020824636158067733,0.998046875,0.001953125,1,524,25,0.05186847224831581,0.34184199571609497,0.22773520648479462,0.1254352629184723,0.03837333551219757,0.011764854048686914,0.026608481463510567,0.20576810819395386
49,anneal,1040,0.05,0.051533401012420654,0.00020824636158067733,0.99810791015625,0.00189208984375,1,523,23,0.0509737990796566,0.3467332422733307,0.22573304176330566,0.1236254870891571,0.037390094701741816,0.011902079825715535,0.025488014876026324,0.21167614082580466
49,anneal,1060,0.05,0.05129311606287956,0.00020824636158067733,0.99822998046875,0.00177001953125,1,518,19,0.05076676607131958,0.34813517332077026,0.22530187666416168,0.1259813904762268,0.0373787297869157,0.012182515893963852,0.02519621389295201,0.21294294600440689
49,anneal,1080,0.05,0.050979819148778915,0.00020824636158067733,0.9984130859375,0.0015869140625,1,515,19,0.05051093176007271,0.3459809124469757,0.2247224748134613,0.12627364695072174,0.03603001135362405,0.012619187201482515,0.023410824152141584,0.2147724275425592
49,anneal,1100,0.05,0.05088508874177933,0.00020824636158067733,0.99847412109375,0.00152587890625,1,516,18,0.05043596029281616,0.3447813391685486,0.22456492483615875,0.1270325779914856,0.03573487499689776,0.012769334001019136,0.022965540995878404,0.2150267981566888
49,anneal,1120,0.05,0.05103650316596031,0.00020824636158067733,0.9984130859375,0.0015869140625,1,517,18,0.05056602507829666,0.3470381498336792,0.22480463981628418,0.12599033117294312,0.03554266756710689,0.012619187201482515,0.022923480365624492,0.2144723525786706
49,anneal,1140,0.05,0.050906334072351456,0.00020824636158067733,0.99859619140625,0.00140380859375,1,513,16,0.050493404269218445,0.3446408212184906,0.2246137261390686,0.12312865257263184,0.034991910295694595,0.01307706677611385,0.021914843519580788,0.2158073322795847
49,anneal,1160,0.05,0.05111214518547058,0.00020824636158067733,0.99853515625,0.00146484375,1,522,19,0.05068197101354599,0.34434959292411804,0.22502553462982178,0.12243716418743134,0.033824886886769434,0.012921926589247994,0.020902960297521287,0.21445793128870927
49,anneal,1180,0.05,0.050607215613126755,0.00020824636158067733,0.99884033203125,0.00115966796875,1,519,14,0.05027186498045921,0.3394485116004944,0.22419776022434235,0.11616332083940506,0.03281920649916259,0.013725476928968906,0.019093729570193518,0.21865943849181557
49,anneal,1200,0.05,0.05055255442857742,0.00020824636158067733,0.99884033203125,0.00115966796875,1,514,15,0.050212666392326355,0.3433065414428711,0.22405193746089935,0.11367353051900864,0.032242204397526564,0.013725476928968906,0.018516727468557512,0.2199537633066232
49,anneal,1220,0.05,0.05046377703547478,0.00020824636158067733,0.99896240234375,0.00103759765625,1,514,15,0.05015907064080238,0.3438248932361603,0.22394222021102905,0.11494559049606323,0.031892387916933274,0.014068399417319617,0.017823988499613717,0.22174041324680938
49,anneal,1240,0.05,0.05066801980137825,0.00020824636158067733,0.99884033203125,0.00115966796875,1,512,16,0.05032704025506973,0.34435874223709106,0.22428321838378906,0.11524596065282822,0.03154599512364342,0.013725476928968906,0.017820518194674465,0.22044307264215812
49,anneal,1260,0.05,0.050445832312107086,0.00020824636158067733,0.99896240234375,0.00103759765625,1,520,15,0.05014070123434067,0.344216912984848,0.22388048470020294,0.11112064868211746,0.031575177367095364,0.014068399417319617,0.017506777949775607,0.2232588247431725
49,anneal,1280,0.05,0.05063740909099579,0.00020824636158067733,0.9989013671875,0.0010986328125,1,520,15,0.05031369626522064,0.3449627459049225,0.22424951195716858,0.11292426288127899,0.0322592151789749,0.013895240014235026,0.01836397516473996,0.22194175786782788
49,anneal,1300,0.05,0.05052005499601364,0.00020824636158067733,0.9990234375,0.0009765625,1,523,14,0.05023042485117912,0.3468138575553894,0.22408796846866608,0.11379953473806381,0.03176112422826094,0.01424515492627651,0.017515969301984288,0.22325049227285698
49,anneal,1320,0.05,0.05051421374082565,0.00020824636158067733,0.9990234375,0.0009765625,1,521,14,0.050224266946315765,0.3471262454986572,0.2240753322839737,0.11628849059343338,0.031148635564214544,0.01424515492627651,0.016903480637937937,0.22366281571223434
49,anneal,1340,0.05,0.05044698715209961,0.00020824636158067733,0.99908447265625,0.00091552734375,1,520,13,0.05017409473657608,0.3482576608657837,0.2239830642938614,0.11985152214765549,0.03108295521834492,0.014425731348846376,0.01665722386949871,0.22470098209371125
49,anneal,1360,0.05,0.05035954341292381,0.00020824636158067733,0.99908447265625,0.00091552734375,1,524,12,0.0500846765935421,0.35031238198280334,0.223781555891037,0.12009838968515396,0.03038813046460831,0.014425731348846376,0.01596239911576206,0.22622032695719307
49,anneal,1380,0.05,0.050331734120845795,0.00020824636158067733,0.99908447265625,0.00091552734375,1,523,12,0.05005684122443199,0.35031238198280334,0.22371886670589447,0.12009838968515396,0.030687171333021013,0.014425731348846376,0.016261439984174775,0.22671366739880094
49,anneal,1400,0.05,0.05048537999391556,0.00020824636158067733,0.99908447265625,0.00091552734375,1,522,12,0.050210628658533096,0.35031238198280334,0.22405482828617096,0.12009838968515396,0.029966041707858437,0.014425731348846376,0.015540310359012283,0.22586347304670407
49,anneal,1420,0.05,0.05045934394001961,0.00020824636158067733,0.99908447265625,0.00091552734375,1,520,12,0.050184570252895355,0.35031238198280334,0.22400175034999847,0.12009838968515396,0.029400339277536602,0.014425731348846376,0.014974607928690386,0.22544900717977934
49,anneal,1440,0.05,0.05034952610731125,0.00020824636158067733,0.9991455078125,0.0008544921875,1,524,12,0.05009424686431885,0.3488368093967438,0.2238052636384964,0.11842622607946396,0.02946686516244057,0.014610383529989673,0.014856481632450881,0.22789105991316527
49,anneal,1460,0.05,0.05032273009419441,0.00020824636158067733,0.9991455078125,0.0008544921875,1,524,10,0.050066061317920685,0.3504433035850525,0.22373439371585846,0.1175256296992302,0.0291589618502357,0.014610383529989673,0.014548578320245812,0.22828410421127254
49,anneal,1480,0.05,0.05004075914621353,0.00020824636158067733,0.99920654296875,0.00079345703125,1,523,9,0.04980311170220375,0.34931281208992004,0.22315695881843567,0.11947441101074219,0.028676439120509656,0.014799402808402525,0.013877036312107217,0.23087213213213753
49,anneal,1500,0.05,0.05014609917998314,0.00020824636158067733,0.99920654296875,0.00079345703125,1,526,9,0.04990854114294052,0.34931281208992004,0.22338959574699402,0.11947441101074219,0.028292632305429777,0.014799402808402525,0.01349322949702724,0.23144582880260922
49,anneal,1520,0.05,0.05030950531363487,0.00020824636158067733,0.99920654296875,0.00079345703125,1,520,10,0.05007120966911316,0.3504020869731903,0.22373652458190918,0.12456411868333817,0.028512856042844703,0.014799402808402525,0.013713453234442338,0.23018540348923333
49,anneal,1540,0.05,0.050439655780792236,0.00020824636158067733,0.99920654296875,0.00079345703125,1,522,10,0.05020146444439888,0.3504020869731903,0.22403734922409058,0.12456411868333817,0.027705496744793834,0.014799402808402525,0.012906093936391347,0.22994130441722727
49,anneal,1560,0.05,0.050233446061611176,0.00020824636158067733,0.99920654296875,0.00079345703125,1,519,10,0.049993205815553665,0.35277289152145386,0.22357413172721863,0.12480130046606064,0.026689536564127536,0.014799402808402525,0.011890133755725164,0.2319026968259298
49,anneal,1580,0.05,0.05014360696077347,0.00020824636158067733,0.99920654296875,0.00079345703125,1,519,10,0.04990202188491821,0.35437482595443726,0.22337181866168976,0.12184370309114456,0.026921141056128306,0.014799402808402525,0.012121738247725845,0.23335809288321097
49,anneal,1600,0.05,0.05056849867105484,0.00020824636158067733,0.9991455078125,0.0008544921875,1,522,10,0.05031142383813858,0.3511572778224945,0.22425062954425812,0.12711505591869354,0.027024894683755463,0.014610383529989673,0.012414511153765654,0.22999157405931536
49,anneal,1620,0.05,0.05030828341841698,0.00020824636158067733,0.99920654296875,0.00079345703125,1,522,10,0.05006769299507141,0.3532855212688446,0.22375541925430298,0.11663533747196198,0.026391501072986046,0.014799402808402525,0.011592098264583644,0.23243604888623148
49,anneal,1640,0.05,0.050342753529548645,0.00020824636158067733,0.999267578125,0.000732421875,1,526,10,0.05011848360300064,0.3563237488269806,0.22385862469673157,0.1255742460489273,0.026943568045872723,0.014993125468266161,0.01195044257760652,0.23416736833380336
49,anneal,1660,0.05,0.050398118793964386,0.00020824636158067733,0.999267578125,0.000732421875,1,526,10,0.050173889845609665,0.3563237488269806,0.223968043923378,0.1255742460489273,0.026041965080558782,0.014993125468266161,0.011048839612292478,0.2322339000827217
49,anneal,1680,0.05,0.05027895048260689,0.00020824636158067733,0.999267578125,0.000732421875,1,529,10,0.05005462467670441,0.3563237488269806,0.2237113118171692,0.1255742460489273,0.025503386161481956,0.014993125468266161,0.010510260693215642,0.23440964836547418
49,anneal,1700,0.05,0.050266437232494354,0.00020824636158067733,0.999267578125,0.000732421875,1,522,10,0.05004211142659187,0.3563237488269806,0.22368986904621124,0.1255742460489273,0.02519071775187598,0.014993125468266161,0.010197592283609622,0.234387183569854
49,anneal,1720,0.05,0.05023171752691269,0.00020824636158067733,0.999267578125,0.000732421875,1,525,10,0.050008226186037064,0.3551436960697174,0.22361822426319122,0.12006369978189468,0.025905082744621666,0.014993125468266161,0.010911957276355251,0.23530482823182164
49,anneal,1740,0.05,0.05019368603825569,0.00020824636158067733,0.999267578125,0.000732421875,1,525,10,0.04997016862034798,0.3551436960697174,0.2235216200351715,0.12006369978189468,0.02543295305823534,0.014993125468266161,0.010439827589969081,0.23615681701696511
49,anneal,1760,0.05,0.050145380198955536,0.00020824636158067733,0.999267578125,0.000732421875,1,519,10,0.04992096871137619,0.3563237488269806,0.22340819239616394,0.1255742460489273,0.025512826731038274,0.014993125468266161,0.010519701262771922,0.23617862685270874
49,anneal,1780,0.05,0.05025489255785942,0.00020824636158067733,0.999267578125,0.000732421875,1,525,10,0.05003056302666664,0.3563237488269806,0.22364385426044464,0.1255742460489273,0.02512845113252382,0.014993125468266161,0.010135325664257473,0.23636801945460528
49,anneal,1800,0.05,0.05026379972696304,0.00020824636158067733,0.999267578125,0.000732421875,1,521,10,0.050039470195770264,0.3563237488269806,0.2236785888671875,0.1255742460489273,0.025377848163962824,0.014993125468266161,0.010384722695696484,0.23594837398625013
49,anneal,1820,0.05,0.050454139709472656,0.00020824636158067733,0.999267578125,0.000732421875,1,525,10,0.050229959189891815,0.3563237488269806,0.22411219775676727,0.1255742460489273,0.025187481755175156,0.014993125468266161,0.010194356286908901,0.23624189831091125
49,anneal,1840,0.05,0.05036797374486923,0.00020824636158067733,0.999267578125,0.000732421875,1,529,10,0.05014371871948242,0.3563237488269806,0.2239140272140503,0.1255742460489273,0.025090536102844396,0.014993125468266161,0.010097410634578165,0.23680536500680527
49,anneal,1860,0.05,0.0503871850669384,0.00020824636158067733,0.999267578125,0.000732421875,1,525,10,0.050162944942712784,0.3563237488269806,0.223931685090065,0.1255742460489273,0.025481398006569123,0.014993125468266161,0.010488272538302833,0.23740972475272637
49,anneal,1880,0.05,0.050177253782749176,0.00020824636158067733,0.99932861328125,0.00067138671875,1,528,10,0.04996982589364052,0.3589300215244293,0.2235255241394043,0.13097858428955078,0.025344615576806007,0.015191944022463667,0.010152671554342404,0.2394221769361341
49,anneal,1900,0.05,0.05021202564239502,0.00020824636158067733,0.9993896484375,0.0006103515625,1,527,10,0.05002346262335777,0.35897547006607056,0.2236333191394806,0.13708454370498657,0.024732747209974093,0.015396322623169617,0.0093364245868046,0.23989196373506483
49,anneal,1920,0.05,0.050110142678022385,0.00020824636158067733,0.9993896484375,0.0006103515625,1,524,10,0.049921512603759766,0.35897547006607056,0.22342129051685333,0.13708454370498657,0.02501819193295063,0.015396322623169617,0.009621869309781267,0.24019352177922182
49,anneal,1940,0.05,0.050152383744716644,0.00020824636158067733,0.99945068359375,0.00054931640625,1,526,9,0.049982622265815735,0.3590310215950012,0.22356286644935608,0.14412924647331238,0.02525630755572905,0.01560681868050127,0.009649488875227732,0.2412385979848498
49,anneal,1960,0.05,0.05022336170077324,0.00020824636158067733,0.99945068359375,0.00054931640625,1,524,9,0.050053633749485016,0.3590310215950012,0.22371777892112732,0.14412924647331238,0.02504565833825012,0.01560681868050127,0.009438839657748808,0.24157939010976615
49,anneal,1980,0.05,0.05032910779118538,0.00020824636158067733,0.99945068359375,0.00054931640625,1,526,9,0.05015944316983223,0.3590310215950012,0.22391116619110107,0.14412924647331238,0.025309577933704475,0.01560681868050127,0.00970275925320313,0.24087198103436303
49,anneal,2000,0.05,0.05018792301416397,0.00020824636158067733,0.99945068359375,0.00054931640625,1,527,9,0.050018176436424255,0.3590310215950012,0.22364576160907745,0.14412924647331238,0.0249974919499536,0.01560681868050127,0.009390673269452325,0.24150630914002458
50,anneal,0,0.2,0.8590648174285889,0.00020824636158067733,0.778564453125,0.221435546875,2,1335,959,0.9044234156608582,0.6995844841003418,0.7381370663642883,0.6700583696365356,14.323799483583763,0.3759634316734207,13.947836051910343,2.0613150745200275
50,anneal,20,0.19453098948245712,0.656488299369812,0.00020824636158067733,0.7567138671875,0.2432861328125,2,1333,949,0.6644175052642822,0.6318252682685852,0.6806767582893372,0.6126101016998291,10.11849330178321,0.43733124311464855,9.681162058668562,1.7780621018652911
50,anneal,40,0.1892115293451192,0.47394898533821106,0.00020824636158067733,0.74114990234375,0.25885009765625,2,1292,888,0.4569942057132721,0.5224947929382324,0.6068635582923889,0.5393877029418945,6.515221754060086,0.48263510368423185,6.032586650375854,1.520138890337623
50,anneal,60,0.18403753012497504,0.3473650813102722,0.00020824636158067733,0.74053955078125,0.25946044921875,2,1207,782,0.31911101937294006,0.4280063807964325,0.5390068292617798,0.4654161036014557,4.135365055472185,0.484437788938947,3.650927266533238,1.305807543955527
50,anneal,80,0.1790050141855945,0.2790328860282898,0.00020824636158067733,0.73828125,0.26171875,2,1110,696,0.24322566390037537,0.3800413906574249,0.4864267408847809,0.41547057032585144,2.9180253820170137,0.49112455949088685,2.4269008225261266,1.1653537872705075
50,anneal,100,0.17411011265922482,0.24884770810604095,0.00020824636158067733,0.729248046875,0.270751953125,2,1021,652,0.20821329951286316,0.3582930862903595,0.4541846811771393,0.38804543018341064,2.4038031772890562,0.5181341448249378,1.8856690324641185,1.089600061510939
50,anneal,120,0.16934906247250545,0.23263506591320038,0.00020824636158067733,0.73736572265625,0.26263427734375,2,985,634,0.1922151744365692,0.34611696004867554,0.43760573863983154,0.3723491132259369,2.1333700549348222,0.49384293991080686,1.6395271150240154,1.034072083305293
50,anneal,140,0.16471820345351462,0.2217126190662384,0.00020824636158067733,0.73944091796875,0.26055908203125,2,952,615,0.18101418018341064,0.3372108042240143,0.42461666464805603,0.36025115847587585,1.9510697166658346,0.4876875062773103,1.4633822103885241,0.9810760968982525
50,anneal,160,0.16021397551792443,0.21397289633750916,0.00020824636158067733,0.73980712890625,0.26019287109375,2,924,598,0.1732211410999298,0.3298424184322357,0.4151246249675751,0.3501124382019043,1.8217911401663045,0.48660357024742373,1.3351875699188809,0.9399461802028984
50,anneal,180,0.1558329159321,0.20462143421173096,0.00020824636158067733,0.75372314453125,0.24627685546875,2,903,585,0.16501224040985107,0.32584425806999207,0.40529096126556396,0.34241944551467896,1.6762415862439113,0.4459362599648933,1.2303053262790182,0.8849292707752486
50,anneal,200,0.1515716566510398,0.19789530336856842,0.00020824636158067733,0.7587890625,0.2412109375,2,884,565,0.15877532958984375,0.32095688581466675,0.397659033536911,0.33485355973243713,1.572586379323262,0.43138894333854116,1.1411974359847206,0.8461837511792712
50,anneal,220,0.14742692172911012,0.19091612100601196,0.00020824636158067733,0.76824951171875,0.23175048828125,2,873,537,0.15307237207889557,0.31636759638786316,0.390292763710022,0.32655689120292664,1.466471227245357,0.40459930339720124,1.0618719238481555,0.7998067707091853
50,anneal,240,0.14339552480158274,0.18632104992866516,0.00020824636158067733,0.77392578125,0.22607421875,2,856,537,0.14882855117321014,0.3146701157093048,0.38491347432136536,0.3232499063014984,1.3963378740047219,0.38876593320967967,1.007571940795042,0.7670818115300083
50,anneal,260,0.13947436663504054,0.1787603199481964,0.00020824636158067733,0.78741455078125,0.21258544921875,2,845,510,0.1429528146982193,0.3113909661769867,0.3773687481880188,0.31623223423957825,1.2869565525690732,0.3518854502437997,0.9350711023252732,0.7172987895034769
50,anneal,280,0.1356604327447672,0.1730348765850067,0.00020824636158067733,0.800537109375,0.199462890625,2,828,500,0.13896137475967407,0.3097877502441406,0.3722020387649536,0.31256136298179626,1.205100343131754,0.3170494381378778,0.8880509049938761,0.6770491495123881
50,anneal,300,0.13195079107728944,0.16956256330013275,0.00020824636158067733,0.8035888671875,0.1964111328125,2,823,499,0.13609875738620758,0.30647507309913635,0.36813047528266907,0.3091731667518616,1.151093368171324,0.30910072048516174,0.8419926476861622,0.6509371686995312
50,anneal,320,0.12834258975629043,0.16395504772663116,0.00020824636158067733,0.8154296875,0.1845703125,2,804,479,0.13202576339244843,0.30501824617385864,0.36296990513801575,0.30583667755126953,1.0734275708111554,0.2788248497770297,0.7946027210341258,0.6162111103046503
50,anneal,340,0.1248330548901612,0.15921835601329803,0.00020824636158067733,0.82452392578125,0.17547607421875,2,799,462,0.12873508036136627,0.30245259404182434,0.3581783175468445,0.30226391553878784,1.0043192430095687,0.25620209719719156,0.748117145812377,0.5830420403951596
50,anneal,360,0.1214194884395047,0.15558160841464996,0.00020824636158067733,0.8311767578125,0.1688232421875,2,791,447,0.1258675754070282,0.30187442898750305,0.3542383909225464,0.3010549545288086,0.9538134574724708,0.24001339074151531,0.7138000667309555,0.5561530213533136
50,anneal,380,0.11809926614295303,0.1498323678970337,0.00020824636158067733,0.84454345703125,0.15545654296875,2,788,438,0.12180636078119278,0.30208835005760193,0.34854570031166077,0.29798218607902527,0.8792678313222595,0.2084516863278821,0.6708161449943773,0.5163320409926403
50,anneal,400,0.11486983549970349,0.14573971927165985,0.00020824636158067733,0.8515625,0.1484375,2,778,423,0.1187480017542839,0.30058684945106506,0.3441813886165619,0.2955322563648224,0.825866079332819,0.1924174819583902,0.6334485973744289,0.48861780409126576
50,anneal,420,0.111728713807222,0.14214351773262024,0.00020824636158067733,0.85784912109375,0.14215087890625,2,769,417,0.11587930470705032,0.3006422817707062,0.340072363615036,0.29539674520492554,0.7788653554964284,0.17838693262161692,0.6004784228748112,0.4644532960307718
50,anneal,440,0.10867348625260581,0.13753405213356018,0.00020824636158067733,0.8685302734375,0.1314697265625,2,765,403,0.11334895342588425,0.2973083555698395,0.33632639050483704,0.29046499729156494,0.7215626879407964,0.1552985909334143,0.5662640970073819,0.43509266398243407
50,anneal,460,0.10570180405613804,0.13285307586193085,0.00020824636158067733,0.87664794921875,0.12335205078125,2,756,389,0.10979600250720978,0.2967167794704437,0.33102142810821533,0.28761789202690125,0.6653463001568625,0.1384165022633253,0.5269297978935371,0.4045387738158045
50,anneal,480,0.10281138266560666,0.13107872009277344,0.00020824636158067733,0.8782958984375,0.1217041015625,2,753,385,0.10810735076665878,0.296855092048645,0.3281635046005249,0.28814029693603516,0.6407370809103767,0.13506264341524776,0.505674437495129,0.3867906308375698
50,anneal,500,0.1,0.12593252956867218,0.00020824636158067733,0.8876953125,0.1123046875,2,737,371,0.10450007766485214,0.2953420877456665,0.3229895234107971,0.2853969633579254,0.5836186665730665,0.1164282077250146,0.46719045884805177,0.36032516261250047
50,anneal,520,0.09726549474122856,0.1233878955245018,0.00020824636158067733,0.89215087890625,0.10784912109375,2,734,364,0.10288923233747482,0.29295727610588074,0.32035768032073975,0.28236451745033264,0.5524986252532571,0.10790087579637393,0.44459774945688296,0.3409249102848865
50,anneal,540,0.0946057646725596,0.12022608518600464,0.00020824636158067733,0.8968505859375,0.1031494140625,2,729,356,0.10026942938566208,0.29374274611473083,0.316265344619751,0.2833337187767029,0.5163074128433536,0.09913009393998502,0.4171773189033684,0.32052447598173084
50,anneal,560,0.09201876506248752,0.11646237969398499,0.00020824636158067733,0.90185546875,0.09814453125,2,708,347,0.09745650738477707,0.2911083996295929,0.31179410219192505,0.2794293165206909,0.47572462740591703,0.09005261258947864,0.385672014816438,0.29797185296840534
50,anneal,580,0.08950250709279725,0.1137712299823761,0.00020824636158067733,0.90753173828125,0.09246826171875,2,703,343,0.09591874480247498,0.2889848053455353,0.3092499077320099,0.27662816643714905,0.4436517682990697,0.0801007623317755,0.36355100596729456,0.27923340856134227
50,anneal,600,0.08705505632961241,0.10847533494234085,0.00020824636158067733,0.91552734375,0.08447265625,2,689,328,0.09210989624261856,0.2858463227748871,0.30310821533203125,0.27014464139938354,0.3907609630043325,0.06673937994129514,0.3240215830630376,0.2525696030504353
50,anneal,620,0.08467453123625272,0.10638545453548431,0.00020824636158067733,0.91888427734375,0.08111572265625,2,687,325,0.09049797803163528,0.2863599359989166,0.30050191283226013,0.27062177658081055,0.3687910282244147,0.061372175408011716,0.3074188528164029,0.23717828254368423
50,anneal,640,0.08235910172675731,0.10244359076023102,0.00020824636158067733,0.92535400390625,0.07464599609375,2,676,316,0.0877935066819191,0.2840544879436493,0.29586106538772583,0.26530492305755615,0.3301677629062496,0.05145988450380657,0.2787078784024428,0.21632722692513406
50,anneal,660,0.0801069877589622,0.09863076359033585,0.00020824636158067733,0.92938232421875,0.07061767578125,2,665,304,0.08461201936006546,0.28312820196151733,0.29064488410949707,0.2618776559829712,0.2957197891448331,0.04559139254685802,0.2501283965979753,0.19866777876515906
50,anneal,680,0.07791645796604998,0.09621582925319672,0.00020824636158067733,0.93328857421875,0.06671142578125,2,660,296,0.08283960074186325,0.2833483815193176,0.28768977522850037,0.26138556003570557,0.27320557550429925,0.04013685042362667,0.23306872508067272,0.18538947797125938
50,anneal,700,0.07578582832551992,0.09261727333068848,0.00020824636158067733,0.938720703125,0.061279296875,2,655,274,0.08038057386875153,0.28006789088249207,0.28342968225479126,0.2548971176147461,0.2434595114393332,0.03296223262829307,0.21049727881104024,0.16958334075818338
50,anneal,720,0.07371346086455506,0.09008178114891052,0.00020824636158067733,0.9427490234375,0.0572509765625,2,647,275,0.07846036553382874,0.2814510762691498,0.28003039956092834,0.2548057734966278,0.22343067506900383,0.027970936454003885,0.19545973861499977,0.1564003480022823
50,anneal,740,0.07169776240079137,0.08730448782444,0.00020824636158067733,0.94622802734375,0.05377197265625,2,634,266,0.07630997151136398,0.2807753086090088,0.27607011795043945,0.2508194148540497,0.20194234368701558,0.023901662270399436,0.17804068141661603,0.142788636520638
50,anneal,760,0.06973718331752027,0.08448953926563263,0.00020824636158067733,0.94989013671875,0.05010986328125,2,623,248,0.07415984570980072,0.2803007662296295,0.2721993923187256,0.2470439374446869,0.181706306801253,0.01987566056937347,0.16183064623187945,0.13015548358154982
50,anneal,780,0.0678302163723836,0.08208567649126053,0.00020824636158067733,0.95330810546875,0.04669189453125,2,622,238,0.0723586454987526,0.2806823253631592,0.2688416838645935,0.2447708398103714,0.16570095706284604,0.016372071090350333,0.14932888597249583,0.11996352630442042
50,anneal,800,0.06597539553864472,0.07991083711385727,0.00020824636158067733,0.95623779296875,0.04376220703125,2,612,230,0.0707300677895546,0.28051766753196716,0.2657777667045593,0.24151286482810974,0.15287881790592195,0.013577352237725392,0.13930146566819657,0.11078358232836971
50,anneal,820,0.06417129487814521,0.07607153058052063,0.00020824636158067733,0.96307373046875,0.03692626953125,2,598,207,0.06843620538711548,0.2752086818218231,0.2615080177783966,0.232921302318573,0.1279849657659824,0.007879183933956781,0.12010578183202557,0.10095168552718159
50,anneal,840,0.0624165274450806,0.07438196241855621,0.00020824636158067733,0.9656982421875,0.0343017578125,2,593,195,0.0672781690955162,0.27437514066696167,0.25925391912460327,0.229061558842659,0.1177587412314196,0.006029152727974971,0.1117295885034447,0.09348816159829065
50,anneal,860,0.06070974421975235,0.07214156538248062,0.00020824636158067733,0.96783447265625,0.03216552734375,2,584,192,0.06539309024810791,0.2751975953578949,0.25551697611808777,0.2269435077905655,0.10574114113861555,0.004676241180294208,0.10106489995832134,0.08702482344299123
50,anneal,880,0.059049633071476516,0.0697612464427948,0.00020824636158067733,0.970947265625,0.029052734375,2,578,177,0.0635717511177063,0.2766155004501343,0.25206053256988525,0.22223740816116333,0.09453817699269251,0.002970172187932293,0.0915680048047603,0.08154480353616445
50,anneal,900,0.057434917749851745,0.06751202791929245,0.00020824636158067733,0.97393798828125,0.02606201171875,2,574,157,0.06190263107419014,0.27713561058044434,0.24875426292419434,0.21655133366584778,0.08588306578186433,0.0016546979282380577,0.08422836785362625,0.07689788565105327
50,anneal,920,0.055864356903610995,0.06485836952924728,0.00020824636158067733,0.97698974609375,0.02301025390625,2,562,145,0.05984073132276535,0.2779013514518738,0.24456073343753815,0.21242083609104156,0.07629324718455877,0.0006766944254587336,0.07561655275909993,0.07310807662790675
50,anneal,940,0.05433674312630291,0.06300056725740433,0.00020824636158067733,0.98004150390625,0.01995849609375,2,562,132,0.05866730958223343,0.2757807672023773,0.24216213822364807,0.205927774310112,0.06881895039278874,0.00011416090075094983,0.06870478949203775,0.07038172296663314
50,anneal,960,0.052850902028069024,0.061001379042863846,0.00020824636158067733,0.98248291015625,0.01751708984375,2,559,121,0.05710917338728905,0.279304176568985,0.23892813920974731,0.19965587556362152,0.06220220318956393,4.59501435601771e-06,0.06219760817520774,0.06912544279541388
50,anneal,980,0.05140569133280333,0.058992452919483185,0.00020824636158067733,0.984619140625,0.015380859375,2,544,107,0.05545208975672722,0.28563234210014343,0.2354402095079422,0.19893361628055573,0.05816805980449402,0.00019199891433254422,0.05797606089016165,0.06892233007303938
50,anneal,1000,0.05,0.0570322647690773,0.00020824636158067733,0.987060546875,0.012939453125,2,533,97,0.05400874465703964,0.28767573833465576,0.23235900700092316,0.19697929918766022,0.054456356592901045,0.0007789606345512323,0.05367739595834971,0.07032503069851581
50,anneal,1020,0.05,0.05519922822713852,0.00020824636158067733,0.9901123046875,0.0098876953125,1,522,84,0.05295344069600105,0.2800823748111725,0.23005589842796326,0.1899692714214325,0.05010600046099256,0.0021845510125853866,0.04792144944840699,0.07433757238388561
50,anneal,1040,0.05,0.0544150285422802,0.00020824636158067733,0.990966796875,0.009033203125,1,522,79,0.05236253887414932,0.2795783281326294,0.2287745624780655,0.1885388046503067,0.04853898858728911,0.0027379087371749494,0.0458010798501141,0.0770804936262014
50,anneal,1060,0.05,0.053797874599695206,0.00020824636158067733,0.991455078125,0.008544921875,1,515,73,0.05182519555091858,0.2826858162879944,0.22759133577346802,0.18634413182735443,0.04659408712924318,0.003090284003942086,0.043503803125301256,0.07666075712106457
50,anneal,1080,0.05,0.0528620220720768,0.00020824636158067733,0.99224853515625,0.00775146484375,1,515,75,0.051052019000053406,0.2845563292503357,0.22591640055179596,0.186559796333313,0.044963506290706334,0.0037236923813339954,0.041239813909372286,0.07852403329227153
50,anneal,1100,0.05,0.052536845207214355,0.00020824636158067733,0.9927978515625,0.0072021484375,1,515,67,0.05086662247776985,0.2827727496623993,0.225519061088562,0.18590115010738373,0.043777304279693396,0.0042097199548897166,0.039567584324803694,0.08045676773392396
50,anneal,1120,0.05,0.05235372483730316,0.00020824636158067733,0.99322509765625,0.00677490234375,1,512,63,0.05078524351119995,0.2822986841201782,0.22534476220607758,0.18579016625881195,0.042227248093887226,0.0046167765445512595,0.037610471549335805,0.08102121964541065
50,anneal,1140,0.05,0.05241651087999344,0.00020824636158067733,0.99334716796875,0.00665283203125,1,517,62,0.050885237753391266,0.2810537815093994,0.2255203276872635,0.18417882919311523,0.041014618873497,0.004737989196039105,0.036276629677457706,0.0808894505905503
50,anneal,1160,0.05,0.052157554775476456,0.00020824636158067733,0.9935302734375,0.0064697265625,1,511,63,0.05068046972155571,0.2789883017539978,0.22509104013442993,0.18754936754703522,0.04022939273291826,0.004924049225944186,0.03530534350697397,0.08027970264876994
50,anneal,1180,0.05,0.05173138901591301,0.00020824636158067733,0.9942626953125,0.0057373046875,1,513,57,0.0504116490483284,0.2804408073425293,0.22450193762779236,0.1817297339439392,0.03951880516270734,0.005722012137439885,0.03379679302526761,0.08393731027237872
50,anneal,1200,0.05,0.05193130671977997,0.00020824636158067733,0.99420166015625,0.00579833984375,1,513,58,0.05060465261340141,0.27940332889556885,0.2249177098274231,0.1832779496908188,0.03790305192543286,0.005652078211028203,0.03225097371440472,0.08312194690435926
50,anneal,1220,0.05,0.052161671221256256,0.00020824636158067733,0.99420166015625,0.00579833984375,1,511,59,0.050811052322387695,0.28374361991882324,0.2253328412771225,0.1851946860551834,0.0379527283368688,0.005652078211028203,0.0323006501258407,0.08394915978780981
50,anneal,1240,0.05,0.05192568898200989,0.00020824636158067733,0.99456787109375,0.00543212890625,1,512,57,0.05065945163369179,0.28375959396362305,0.22505345940589905,0.1810123175382614,0.03705537459628516,0.00608161975479402,0.03097375484149134,0.08350663227676913
50,anneal,1260,0.05,0.051874082535505295,0.00020824636158067733,0.99456787109375,0.00543212890625,1,509,56,0.05060276389122009,0.2846393883228302,0.22492264211177826,0.1797776222229004,0.03603767502519162,0.00608161975479402,0.029956055270397738,0.08043237237936618
50,anneal,1280,0.05,0.051816426217556,0.00020824636158067733,0.99456787109375,0.00543212890625,1,512,53,0.050534263253211975,0.2865673899650574,0.22475971281528473,0.17984311282634735,0.034919873542285984,0.00608161975479402,0.028838253787492104,0.08019729923464392
50,anneal,1300,0.05,0.051668331027030945,0.00020824636158067733,0.9951171875,0.0048828125,1,516,49,0.050548993051052094,0.27978968620300293,0.22478488087654114,0.17969542741775513,0.03432387917583668,0.006773059614540458,0.027550819561296125,0.08205557417452136
50,anneal,1320,0.05,0.05157751217484474,0.00020824636158067733,0.99530029296875,0.00469970703125,1,517,50,0.05050131306052208,0.27949339151382446,0.2246781438589096,0.17911601066589355,0.03394074433182226,0.007017017732173234,0.026923726599648895,0.07995830680804128
50,anneal,1340,0.05,0.0514899343252182,0.00020824636158067733,0.99560546875,0.00439453125,1,513,49,0.05048830062150955,0.2784164249897003,0.2246415615081787,0.1774512231349945,0.03297178286467073,0.0074396887112326915,0.025532094153438073,0.08191803830479538
50,anneal,1360,0.05,0.05136603116989136,0.00020824636158067733,0.99566650390625,0.00433349609375,1,518,49,0.05036848783493042,0.2805621027946472,0.22436994314193726,0.1795773208141327,0.03270037365310685,0.007526731818922816,0.025173641834184253,0.08307141304314636
50,anneal,1380,0.05,0.051266372203826904,0.00020824636158067733,0.99578857421875,0.00421142578125,1,516,46,0.05029050260782242,0.28200992941856384,0.22420592606067657,0.1798381805419922,0.031836981965362554,0.007703420576073742,0.024133561389288745,0.08476140611375949
50,anneal,1400,0.05,0.051423680037260056,0.00020824636158067733,0.9957275390625,0.0042724609375,1,519,47,0.05044123902916908,0.28038913011550903,0.22454756498336792,0.17939862608909607,0.03173646826345333,0.007614638346629044,0.024121829916824062,0.08368795206544954
50,anneal,1420,0.05,0.05108792334794998,0.00020824636158067733,0.9957275390625,0.0042724609375,1,512,48,0.050106439739465714,0.27982982993125916,0.22383707761764526,0.1806347668170929,0.0313787195265931,0.007614638346629044,0.023764081179963932,0.08417565513875369
50,anneal,1440,0.05,0.05146059766411781,0.00020824636158067733,0.99566650390625,0.00433349609375,1,518,49,0.05046570673584938,0.28004589676856995,0.22457589209079742,0.18093407154083252,0.03102811766458302,0.007526731818922816,0.023501385845660323,0.08442421149149804
50,anneal,1460,0.05,0.051307205110788345,0.00020824636158067733,0.9957275390625,0.0042724609375,1,521,48,0.05031761899590492,0.2819361090660095,0.22425709664821625,0.1822565495967865,0.03027562011285312,0.007614638346629044,0.022660981766223824,0.0862042355736069
50,anneal,1480,0.05,0.05122032016515732,0.00020824636158067733,0.9957275390625,0.0042724609375,1,525,47,0.05023041367530823,0.28192418813705444,0.22407768666744232,0.1815434694290161,0.029924162583675695,0.007614638346629044,0.022309524237046525,0.08530616427808335
50,anneal,1500,0.05,0.050972796976566315,0.00020824636158067733,0.9959716796875,0.0040283203125,1,518,47,0.05003540217876434,0.28273701667785645,0.2236451655626297,0.18386493623256683,0.029914665137958707,0.007975149727784719,0.021939515410174047,0.08977212997772066
50,anneal,1520,0.05,0.051128219813108444,0.00020824636158067733,0.9959716796875,0.0040283203125,1,518,46,0.05019022524356842,0.2830398976802826,0.22398388385772705,0.1861061006784439,0.0299891574761304,0.007975149727784719,0.022014007748345672,0.0917096651689665
50,anneal,1540,0.05,0.05076424032449722,0.00020824636158067733,0.99603271484375,0.00396728515625,1,514,45,0.049828991293907166,0.2855701446533203,0.22321449220180511,0.18269163370132446,0.029614490216964384,0.008067564943455537,0.021546925273508797,0.09405651674817117
50,anneal,1560,0.05,0.051336534321308136,0.00020824636158067733,0.995849609375,0.004150390625,1,519,46,0.05037902295589447,0.2810814380645752,0.22442050278186798,0.18530024588108063,0.028386153484653676,0.007793091145013891,0.020593062339639815,0.09005289039552944
50,anneal,1580,0.05,0.051576338708400726,0.00020824636158067733,0.99591064453125,0.00408935546875,1,519,46,0.0506383515894413,0.2800133228302002,0.22501204907894135,0.1835215985774994,0.02773054080918058,0.007883663062952483,0.01984687774622805,0.08731528608834405
50,anneal,1600,0.05,0.051956333220005035,0.00020824636158067733,0.995849609375,0.004150390625,1,524,46,0.05100855976343155,0.27936646342277527,0.22578836977481842,0.1862853616476059,0.02731166737813595,0.007793091145013891,0.019518576233122076,0.08507213872573838
50,anneal,1620,0.05,0.05172434821724892,0.00020824636158067733,0.995849609375,0.004150390625,1,522,47,0.050774481147527695,0.2796359658241272,0.22531156241893768,0.18766696751117706,0.027863013478246046,0.007793091145013891,0.020069922333232095,0.08484903522978338
50,anneal,1640,0.05,0.05161650478839874,0.00020824636158067733,0.9959716796875,0.0040283203125,1,523,46,0.050674665719270706,0.28447869420051575,0.2250630259513855,0.19011543691158295,0.027756256728217465,0.007975149727784719,0.01978110700043291,0.08685073655280784
50,anneal,1660,0.05,0.05158529430627823,0.00020824636158067733,0.995849609375,0.004150390625,1,525,44,0.05060605704784393,0.2865448296070099,0.2249065786600113,0.19153396785259247,0.02686184996147034,0.007793091145013891,0.019068758816456515,0.08430205364195198
50,anneal,1680,0.05,0.05186391621828079,0.00020824636158067733,0.9957275390625,0.0042724609375,1,524,47,0.05087989196181297,0.28119832277297974,0.22551415860652924,0.1904466450214386,0.02656658192446315,0.007614638346629044,0.018951943577833863,0.07937511273550835
50,anneal,1700,0.05,0.05159292370080948,0.00020824636158067733,0.99578857421875,0.00421142578125,1,525,47,0.05061889439821243,0.2819012701511383,0.22494837641716003,0.19134864211082458,0.02660548912555072,0.007703420576073742,0.01890206854947688,0.08076079673694248
50,anneal,1720,0.05,0.05127733200788498,0.00020824636158067733,0.99603271484375,0.00396728515625,1,521,42,0.05035412684082985,0.2830583453178406,0.2243913859128952,0.1899879276752472,0.027119923601468088,0.008067564943455537,0.019052358658012438,0.08184493331711773
50,anneal,1740,0.05,0.05135558173060417,0.00020824636158067733,0.99603271484375,0.00396728515625,1,530,43,0.050424724817276,0.28505751490592957,0.22450833022594452,0.19177481532096863,0.026686040612013073,0.008067564943455537,0.018618475668557528,0.08426862235566868
50,anneal,1760,0.05,0.05142950639128685,0.00020824636158067733,0.99603271484375,0.00396728515625,1,529,42,0.05050741136074066,0.2829301953315735,0.22473230957984924,0.19186730682849884,0.025864612071210047,0.008067564943455537,0.017797047127754595,0.0837822543914829
50,anneal,1780,0.05,0.051368746906518936,0.00020824636158067733,0.99603271484375,0.00396728515625,1,530,42,0.05044141411781311,0.28418609499931335,0.2245824784040451,0.1922573745250702,0.026788348041201004,0.008067564943455537,0.01872078309774551,0.0844886121710463
50,anneal,1800,0.05,0.05151176452636719,0.00020824636158067733,0.99603271484375,0.00396728515625,1,529,40,0.05056106671690941,0.29019641876220703,0.22482402622699738,0.19363480806350708,0.02632756593830976,0.008067564943455537,0.018260000994854232,0.08130645888079224
50,anneal,1820,0.05,0.05132798105478287,0.00020824636158067733,0.99652099609375,0.00347900390625,1,528,36,0.050515417009592056,0.2840768098831177,0.22475621104240417,0.18851709365844727,0.026410750331898214,0.008842120974838564,0.017568629357059676,0.0792340112536497
50,anneal,1840,0.05,0.05111714079976082,0.00020824636158067733,0.99652099609375,0.00347900390625,1,531,36,0.0503024160861969,0.28448599576950073,0.22425822913646698,0.19017444550991058,0.027217284252593288,0.008842120974838564,0.018375163277754715,0.08306619491552036
50,anneal,1860,0.05,0.052005521953105927,0.00020824636158067733,0.99615478515625,0.00384521484375,1,531,40,0.051091551780700684,0.2887824773788452,0.22597931325435638,0.1905004382133484,0.025667495530989015,0.008255238386976622,0.01741225714401237,0.07657808075666461
50,anneal,1880,0.05,0.05146358534693718,0.00020824636158067733,0.9964599609375,0.0035400390625,1,532,35,0.050634581595659256,0.2848138213157654,0.22501921653747559,0.19032084941864014,0.026880658108176192,0.008741724911608123,0.018138933196568063,0.08119632853115244
50,anneal,1900,0.05,0.05176357924938202,0.00020824636158067733,0.99603271484375,0.00396728515625,1,534,43,0.05082869157195091,0.28648003935813904,0.2253662347793579,0.19591432809829712,0.02565669266206072,0.008067564943455537,0.017589127718605053,0.0832188925930698
50,anneal,1920,0.05,0.05104342848062515,0.00020824636158067733,0.9964599609375,0.0035400390625,1,533,34,0.05021461471915245,0.28433990478515625,0.2240833044052124,0.19085222482681274,0.025235614586755162,0.008741724911608123,0.016493889675147068,0.08277090918338426
50,anneal,1940,0.05,0.05123745650053024,0.00020824636158067733,0.99627685546875,0.00372314453125,1,533,35,0.05035924166440964,0.2862379848957062,0.2243797928094864,0.19122324883937836,0.025293190760031337,0.00844680268837621,0.01684638807165529,0.07987933571050443
50,anneal,1960,0.05,0.05094824358820915,0.00020824636158067733,0.99658203125,0.00341796875,1,529,39,0.050153546035289764,0.28265902400016785,0.2239350974559784,0.1886882483959198,0.02605380528276413,0.008943591623515849,0.01711021365924832,0.07792697249599068
50,anneal,1980,0.05,0.051154181361198425,0.00020824636158067733,0.99676513671875,0.00323486328125,1,534,37,0.050409965217113495,0.2804735600948334,0.22450093924999237,0.18791544437408447,0.02499314967300137,0.009254645839153173,0.015738503833848096,0.07596961063311236
50,anneal,2000,0.05,0.05132303386926651,0.00020824636158067733,0.99676513671875,0.00323486328125,1,537,35,0.05057170242071152,0.282831072807312,0.2248249500989914,0.18935544788837433,0.025443273567553604,0.009254645839153173,0.016188627728400226,0.0776674139494592
51,anneal,0,0.2,0.8036784529685974,0.00020824636158067733,0.57659912109375,0.42340087890625,2,1292,1076,0.6153594851493835,1.0601364374160767,0.6150924563407898,0.570644199848175,12.988567691041872,1.031961967946962,11.95660572309491,2.1410955731487067
51,anneal,20,0.19453098948245712,0.5878391265869141,0.00020824636158067733,0.6204833984375,0.3795166015625,2,1250,1026,0.4686426520347595,0.7827170491218567,0.5713604092597961,0.5287923216819763,8.700038942759612,0.8737934463520943,7.826245496407518,1.770289406115555
51,anneal,40,0.1892115293451192,0.43427228927612305,0.00020824636158067733,0.654541015625,0.345458984375,2,1191,916,0.3549298942089081,0.5846022367477417,0.5288814902305603,0.48042944073677063,5.744104370507749,0.7566675419695668,4.987436828538183,1.4523642674837194
51,anneal,60,0.18403753012497504,0.331442654132843,0.00020824636158067733,0.68585205078125,0.31414794921875,2,1119,807,0.27498191595077515,0.45470860600471497,0.4894173741340637,0.4297850430011749,3.8377470712823296,0.6535125708162124,3.1842345004661174,1.2188656468794963
51,anneal,80,0.1790050141855945,0.2664753794670105,0.00020824636158067733,0.7130126953125,0.2869873046875,2,1042,697,0.22162017226219177,0.37791708111763,0.4546516537666321,0.38573721051216125,2.6899542592020325,0.5677118382010118,2.1222424210010202,1.0562499509985375
51,anneal,100,0.17411011265922482,0.2330552488565445,0.00020824636158067733,0.72845458984375,0.27154541015625,2,977,621,0.19240041077136993,0.34211698174476624,0.43101271986961365,0.35865625739097595,2.129915858881695,0.5205264817535395,1.6093893771281556,0.9598970808153556
51,anneal,120,0.16934906247250545,0.21446754038333893,0.00020824636158067733,0.74224853515625,0.25775146484375,2,943,570,0.17574860155582428,0.32596665620803833,0.4154352843761444,0.3421850800514221,1.83455749787489,0.4793951655864813,1.3551623322884085,0.8993732944806855
51,anneal,140,0.16471820345351462,0.20637476444244385,0.00020824636158067733,0.74566650390625,0.25433349609375,2,921,559,0.16774189472198486,0.3196403384208679,0.40687328577041626,0.335275799036026,1.7091643753294292,0.4693557837808427,1.2398085915485864,0.8697807818614113
51,anneal,160,0.16021397551792443,0.19887396693229675,0.00020824636158067733,0.75860595703125,0.24139404296875,2,895,540,0.16178156435489655,0.31544068455696106,0.4003526270389557,0.32815054059028625,1.5946065957498021,0.4319123194675598,1.1626942762822419,0.8355400306179238
51,anneal,180,0.1558329159321,0.19634000957012177,0.00020824636158067733,0.75628662109375,0.24371337890625,2,896,529,0.15836617350578308,0.3141796886920929,0.3961847722530365,0.3262881934642792,1.5546069666404136,0.43855756602118606,1.1160494006192276,0.8211053604106585
51,anneal,200,0.1515716566510398,0.1910610795021057,0.00020824636158067733,0.76824951171875,0.23175048828125,2,888,528,0.15450797975063324,0.3122340738773346,0.39177921414375305,0.3221767842769623,1.4760453628911918,0.40459930339720124,1.0714460594939903,0.7907404660297491
51,anneal,220,0.14742692172911012,0.18568387627601624,0.00020824636158067733,0.77874755859375,0.22125244140625,2,872,509,0.15032224357128143,0.3101470172405243,0.3867783844470978,0.3174184262752533,1.3965580523292473,0.3754606181924731,1.0210974341367742,0.760687822178372
51,anneal,240,0.14339552480158274,0.18209612369537354,0.00020824636158067733,0.78729248046875,0.21270751953125,2,863,499,0.14776885509490967,0.30915138125419617,0.3836158514022827,0.31483006477355957,1.342946792634585,0.35221440985356356,0.9907323827810213,0.7379696877476111
51,anneal,260,0.13947436663504054,0.17967577278614044,0.00020824636158067733,0.78912353515625,0.21087646484375,2,860,499,0.1455935537815094,0.30721524357795715,0.38058632612228394,0.31196096539497375,1.3051223335644053,0.34728937976597274,0.9578329537984324,0.7203467152873803
51,anneal,280,0.1356604327447672,0.17408715188503265,0.00020824636158067733,0.80291748046875,0.19708251953125,2,846,484,0.14172972738742828,0.3059118688106537,0.3758488893508911,0.3077256977558136,1.225252273292618,0.3108443995701,0.9144078737225179,0.6856019153644614
51,anneal,300,0.13195079107728944,0.1713448464870453,0.00020824636158067733,0.8057861328125,0.1942138671875,2,846,473,0.13953670859336853,0.30331557989120483,0.37270665168762207,0.30442631244659424,1.1822915218601437,0.30341414154008817,0.8788773803200556,0.6669171680848397
51,anneal,320,0.12834258975629043,0.16647687554359436,0.00020824636158067733,0.817138671875,0.182861328125,2,839,465,0.13606083393096924,0.3023947477340698,0.3683060109615326,0.3004137873649597,1.1132360899939258,0.27453101368246,0.8387050763114657,0.637017766079882
51,anneal,340,0.1248330548901612,0.1619262397289276,0.00020824636158067733,0.8255615234375,0.1744384765625,2,821,449,0.13266031444072723,0.300432413816452,0.3636591136455536,0.29634225368499756,1.049658294274387,0.25365688195448693,0.7960014123199003,0.607319830560957
51,anneal,360,0.1214194884395047,0.157903254032135,0.00020824636158067733,0.83465576171875,0.16534423828125,2,810,445,0.1299946904182434,0.29878535866737366,0.36009591817855835,0.292886883020401,0.9940433105495785,0.2316727291328236,0.7623705814167552,0.5807151700289271
51,anneal,380,0.11809926614295303,0.1531924456357956,0.00020824636158067733,0.84423828125,0.15576171875,2,806,425,0.1265365183353424,0.29766926169395447,0.3553979694843292,0.28842127323150635,0.9320913182857211,0.20915744042414328,0.7229338778615779,0.5511210764386508
51,anneal,400,0.11486983549970349,0.14983172714710236,0.00020824636158067733,0.8480224609375,0.1519775390625,2,799,408,0.12374626100063324,0.2953864634037018,0.35124102234840393,0.28429171442985535,0.8862952273741129,0.20045650919271712,0.6858387181813956,0.5274514067211588
51,anneal,420,0.111728713807222,0.14596320688724518,0.00020824636158067733,0.85711669921875,0.14288330078125,2,783,399,0.1211717501282692,0.294680118560791,0.34769293665885925,0.2817286550998688,0.8358701045073857,0.18000510375721696,0.6558650007501688,0.5031481241246386
51,anneal,440,0.10867348625260581,0.14243610203266144,0.00020824636158067733,0.8646240234375,0.1353759765625,2,781,386,0.11869057267904282,0.294094979763031,0.34417712688446045,0.2786616086959839,0.7896202929952878,0.16362992217541436,0.6259903708198733,0.4800107330090416
51,anneal,460,0.10570180405613804,0.13807880878448486,0.00020824636158067733,0.8736572265625,0.1263427734375,2,777,372,0.11579808592796326,0.2921493947505951,0.3400479257106781,0.2743847966194153,0.7376179783716097,0.1445670848897697,0.5930508934818399,0.45270728775423985
51,anneal,480,0.10281138266560666,0.13365240395069122,0.00020824636158067733,0.88262939453125,0.11737060546875,2,760,354,0.11291194707155228,0.2896210849285126,0.3357894718647003,0.26919952034950256,0.6844868253358172,0.12636526894283595,0.5581215563929814,0.42614448333253885
51,anneal,500,0.1,0.12984490394592285,0.00020824636158067733,0.88983154296875,0.11016845703125,2,755,340,0.11020100116729736,0.28850895166397095,0.3316376507282257,0.26495736837387085,0.640362690668745,0.11231447642949233,0.5280482142392523,0.39851057036932824
51,anneal,520,0.09726549474122856,0.1252622902393341,0.00020824636158067733,0.89801025390625,0.10198974609375,2,745,320,0.1069926843047142,0.28612449765205383,0.32688838243484497,0.26009106636047363,0.587274680038,0.09700223780943812,0.4902724422285617,0.37344843668754246
51,anneal,540,0.0946057646725596,0.12162354588508606,0.00020824636158067733,0.90380859375,0.09619140625,2,741,315,0.10423790663480759,0.28497782349586487,0.3226461410522461,0.25700414180755615,0.5463204298868831,0.0865862623130568,0.45973416757382635,0.3505980872730309
51,anneal,560,0.09201876506248752,0.11822902411222458,0.00020824636158067733,0.90972900390625,0.09027099609375,2,731,302,0.10168810188770294,0.2849244475364685,0.3186229467391968,0.2542756199836731,0.509262892505113,0.07635039401624223,0.4329124984888708,0.32935056056951206
51,anneal,580,0.08950250709279725,0.11415442079305649,0.00020824636158067733,0.91796875,0.08203125,2,719,284,0.09916938841342926,0.28184401988983154,0.3147059977054596,0.2477317601442337,0.4658041859404065,0.0628211993704075,0.4029829865699987,0.30597110722803544
51,anneal,600,0.08705505632961241,0.10970807820558548,0.00020824636158067733,0.9234619140625,0.0765380859375,2,708,271,0.09533455967903137,0.2831302583217621,0.30867817997932434,0.245223268866539,0.42116060350618767,0.054298123275070054,0.36686248023111745,0.28280134822918834
51,anneal,620,0.08467453123625272,0.10624373704195023,0.00020824636158067733,0.92901611328125,0.07098388671875,2,695,252,0.09288594126701355,0.2810666859149933,0.3046070337295532,0.24169805645942688,0.385385822625004,0.04611486513785245,0.33927095748715147,0.26207809170657337
51,anneal,640,0.08235910172675731,0.10321871936321259,0.00020824636158067733,0.93341064453125,0.06658935546875,2,686,247,0.0905182734131813,0.2812461256980896,0.3006807863712311,0.23802919685840607,0.3556256424528428,0.03997027763178996,0.3156553648210527,0.24425762963139486
51,anneal,660,0.0801069877589622,0.10005122423171997,0.00020824636158067733,0.9384765625,0.0615234375,2,680,239,0.0881519466638565,0.2815624475479126,0.2966720163822174,0.23423407971858978,0.3284555806205489,0.03327398235667196,0.29518159826387697,0.22621580275947262
51,anneal,680,0.07791645796604998,0.09540395438671112,0.00020824636158067733,0.94580078125,0.05419921875,2,663,222,0.08479693531990051,0.2805013656616211,0.2910883128643036,0.2276008576154709,0.2870335607514889,0.02438886819047699,0.26264469256101164,0.2061604844791166
51,anneal,700,0.07578582832551992,0.09210103005170822,0.00020824636158067733,0.9503173828125,0.0496826171875,2,652,210,0.0822548195719719,0.2804369032382965,0.28669002652168274,0.22455744445323944,0.25847023574916506,0.01942395258760175,0.23904628316156343,0.1893428319023972
51,anneal,720,0.07371346086455506,0.08918623626232147,0.00020824636158067733,0.95635986328125,0.04364013671875,2,647,198,0.08050096780061722,0.2795213758945465,0.2835845649242401,0.21901437640190125,0.23427585845657717,0.013465268798267146,0.22081058965831002,0.17566967565719305
51,anneal,740,0.07169776240079137,0.08575372397899628,0.00020824636158067733,0.96136474609375,0.03863525390625,2,640,184,0.077919602394104,0.2806907594203949,0.27902767062187195,0.2155454456806183,0.20860479016865696,0.00918887428097839,0.1994159158876787,0.1621200218512261
51,anneal,760,0.06973718331752027,0.08369313180446625,0.00020824636158067733,0.9625244140625,0.0374755859375,2,628,178,0.07601109892129898,0.2809984087944031,0.27550625801086426,0.21364180743694305,0.19290251313960738,0.008291370791238976,0.18461114234836834,0.149772603305539
51,anneal,780,0.0678302163723836,0.08094827830791473,0.00020824636158067733,0.9664306640625,0.0335693359375,2,619,166,0.07402437925338745,0.2802809178829193,0.2719881236553192,0.20936726033687592,0.17395976133430935,0.005549345725258363,0.16841041560905098,0.139794397750595
51,anneal,800,0.06597539553864472,0.07740043848752975,0.00020824636158067733,0.97088623046875,0.02911376953125,2,612,155,0.07125667482614517,0.2822827398777008,0.2668638229370117,0.20491379499435425,0.15128551029211934,0.003000433720704094,0.14828507657141538,0.12976728327405207
51,anneal,820,0.06417129487814521,0.07505892217159271,0.00020824636158067733,0.97296142578125,0.02703857421875,2,601,138,0.06929217278957367,0.282570481300354,0.26318812370300293,0.2012019157409668,0.13550246708492608,0.0020472972202194243,0.13345516986470662,0.12194572598739095
51,anneal,840,0.0624165274450806,0.07238852977752686,0.00020824636158067733,0.97650146484375,0.02349853515625,2,598,129,0.06728610396385193,0.2844242453575134,0.2593432664871216,0.19686345756053925,0.11943082891976786,0.0008066421398977416,0.11862418677987004,0.11497529298569342
51,anneal,860,0.06070974421975235,0.0703001320362091,0.00020824636158067733,0.97882080078125,0.02117919921875,2,584,122,0.06560215353965759,0.28742215037345886,0.256062388420105,0.19649331271648407,0.10798188915233453,0.0002857214424065008,0.10769616770992815,0.10962761782204533
51,anneal,880,0.059049633071476516,0.0674404501914978,0.00020824636158067733,0.98248291015625,0.01751708984375,2,579,111,0.0634261965751648,0.2925884425640106,0.25178173184394836,0.1917346864938736,0.09581735471893893,4.59501435601771e-06,0.09581275970458274,0.10723679717986878
51,anneal,900,0.057434917749851745,0.0654585212469101,0.00020824636158067733,0.984619140625,0.015380859375,2,574,94,0.06184680014848709,0.29666608572006226,0.24865800142288208,0.18885725736618042,0.0867986062805457,0.00019199891433254422,0.08660660736621328,0.10467652260624372
51,anneal,920,0.055864356903610995,0.06349010765552521,0.00020824636158067733,0.9862060546875,0.0137939453125,2,560,92,0.06024310365319252,0.29563677310943604,0.2454148530960083,0.1857553869485855,0.07918509044994693,0.0005244767366307211,0.07866061371331609,0.10311376941601547
51,anneal,940,0.05433674312630291,0.06170370429754257,0.00020824636158067733,0.98797607421875,0.01202392578125,2,550,81,0.05887101963162422,0.2944583296775818,0.24258045852184296,0.18456478416919708,0.07291404980806959,0.0011152092482068256,0.07179884055986258,0.1022905765573544
51,anneal,960,0.052850902028069024,0.06018666923046112,0.00020824636158067733,0.989501953125,0.010498046875,2,546,79,0.05771856755018234,0.2928198575973511,0.2401295304298401,0.18313966691493988,0.06742324119132803,0.0018353764647601164,0.06558786472656802,0.10326431854693718
51,anneal,980,0.05140569133280333,0.05780009552836418,0.00020824636158067733,0.99169921875,0.00830078125,1,538,64,0.055854883044958115,0.2901952862739563,0.23627209663391113,0.17548170685768127,0.059465350001310924,0.0032769294962498134,0.05618842050506111,0.10634150361940764
51,anneal,1000,0.05,0.055804766714572906,0.00020824636158067733,0.99359130859375,0.00640869140625,1,536,55,0.05429841950535774,0.28934574127197266,0.23298242688179016,0.1694599688053131,0.05521190114833274,0.004987221216906844,0.050224679931425854,0.11168770055585109
51,anneal,1020,0.05,0.054460559040308,0.00020824636158067733,0.99371337890625,0.00628662109375,1,519,58,0.052936211228370667,0.2954113185405731,0.23005890846252441,0.1639946699142456,0.05282725548769207,0.005115325924083516,0.04771192956360843,0.11436700035912717
51,anneal,1040,0.05,0.05370794236660004,0.00020824636158067733,0.99444580078125,0.00555419921875,1,519,50,0.05237405374646187,0.29253241419792175,0.22879566252231598,0.16363947093486786,0.05036018875417625,0.0059357604117135174,0.044424428342462685,0.1160771777510693
51,anneal,1060,0.05,0.0528096929192543,0.00020824636158067733,0.99493408203125,0.00506591796875,1,512,47,0.05158526450395584,0.2932819128036499,0.22708407044410706,0.16365882754325867,0.047850188595667476,0.0065360032543423496,0.04131418534132514,0.11840125881346675
51,anneal,1080,0.05,0.052430130541324615,0.00020824636158067733,0.9952392578125,0.0047607421875,1,510,47,0.05128047987818718,0.2927658259868622,0.22641980648040771,0.15888352692127228,0.047081947079469444,0.006934915394965589,0.04014703168450379,0.11951529732388944
51,anneal,1100,0.05,0.052134741097688675,0.00020824636158067733,0.995849609375,0.004150390625,1,512,45,0.05115385726094246,0.28748807311058044,0.22596849501132965,0.15650390088558197,0.04539634604608267,0.007793091145013891,0.03760325490106871,0.1220835546125475
51,anneal,1120,0.05,0.05133340135216713,0.00020824636158067733,0.9962158203125,0.0037841796875,1,508,41,0.050408706068992615,0.2947656512260437,0.22448749840259552,0.15330135822296143,0.04403174339696392,0.008350526427610229,0.035681216969353606,0.1254457413167277
51,anneal,1140,0.05,0.051024533808231354,0.00020824636158067733,0.99627685546875,0.00372314453125,1,505,38,0.05008724331855774,0.3018326163291931,0.22379173338413239,0.15508581697940826,0.04278094193451665,0.00844680268837621,0.034334139246140406,0.12681910510648076
51,anneal,1160,0.05,0.05106464400887489,0.00020824636158067733,0.996337890625,0.003662109375,1,505,39,0.05013471096754074,0.3040677607059479,0.223872572183609,0.15707512199878693,0.04226787837270507,0.008544083309507327,0.03372379506319776,0.12753200557992594
51,anneal,1180,0.05,0.05083686485886574,0.00020824636158067733,0.99639892578125,0.00360107421875,1,505,39,0.049908414483070374,0.30773407220840454,0.2233903408050537,0.1555524468421936,0.04157147202223399,0.008642384969325956,0.032929087052908104,0.1288344120991699
51,anneal,1200,0.05,0.050801411271095276,0.00020824636158067733,0.99658203125,0.00341796875,1,504,36,0.049916017800569534,0.308957576751709,0.22340139746665955,0.15516908466815948,0.04104961450521927,0.008943591623515849,0.03210602288170356,0.1292938665726272
51,anneal,1220,0.05,0.050746336579322815,0.00020824636158067733,0.99676513671875,0.00323486328125,1,506,32,0.04989657923579216,0.3125828504562378,0.22337155044078827,0.15367692708969116,0.041005398510797875,0.009254645839153173,0.03175075267164445,0.13081688341546605
51,anneal,1240,0.05,0.0506858266890049,0.00020824636158067733,0.99688720703125,0.00311279296875,1,505,31,0.04987280070781708,0.3110607862472534,0.22330544888973236,0.15495653450489044,0.04062026046468503,0.009467758166895216,0.031152502297789812,0.13053055437987704
51,anneal,1260,0.05,0.051111940294504166,0.00020824636158067733,0.9967041015625,0.0032958984375,1,508,34,0.05025393143296242,0.31057894229888916,0.22409068048000336,0.1536698341369629,0.040269621538946865,0.009149833868979206,0.031119787669967824,0.12821866450460428
51,anneal,1280,0.05,0.05115920677781105,0.00020824636158067733,0.99688720703125,0.00311279296875,1,514,34,0.05034919083118439,0.31057077646255493,0.22432425618171692,0.1552579700946808,0.03878433520750235,0.009467758166895216,0.02931657704060705,0.1289446363304908
51,anneal,1300,0.05,0.05098658800125122,0.00020824636158067733,0.9970703125,0.0029296875,1,516,32,0.05024294927716255,0.30407121777534485,0.22412769496440887,0.14781005680561066,0.03832329926827782,0.009796493227251513,0.028526806041026292,0.12887992201351361
51,anneal,1320,0.05,0.05111639201641083,0.00020824636158067733,0.9969482421875,0.0030517578125,1,512,33,0.05032939836382866,0.3082132637500763,0.2243223786354065,0.15235592424869537,0.03747311605567205,0.009576103693413178,0.02789701236225873,0.12722497765273355
51,anneal,1340,0.05,0.051196832209825516,0.00020824636158067733,0.99688720703125,0.00311279296875,1,509,32,0.05039667710661888,0.30745115876197815,0.22442898154258728,0.15227128565311432,0.03766119432130921,0.009467758166895216,0.028193436154413994,0.12627124496859532
51,anneal,1360,0.05,0.05090471729636192,0.00020824636158067733,0.997314453125,0.002685546875,1,509,31,0.050228968262672424,0.3018515110015869,0.22410058975219727,0.14906805753707886,0.036513154220493504,0.01025280167776877,0.026260352542724838,0.1294899500141785
51,anneal,1380,0.05,0.05092804506421089,0.00020824636158067733,0.99737548828125,0.00262451171875,1,510,31,0.050265513360500336,0.3027043342590332,0.2241349071264267,0.14980795979499817,0.03578554787983279,0.010370280905165855,0.025415266974667228,0.12936080316351062
51,anneal,1400,0.05,0.05091169849038124,0.00020824636158067733,0.9976806640625,0.0023193359375,1,510,28,0.05033866688609123,0.29740461707115173,0.22433272004127502,0.14251349866390228,0.03519773417811933,0.0109797279176558,0.024218006260463457,0.1298248702521253
51,anneal,1420,0.05,0.050688840448856354,0.00020824636158067733,0.9979248046875,0.0020751953125,1,512,26,0.05018197000026703,0.29443371295928955,0.2240058332681656,0.1384565383195877,0.033822512130619486,0.011496078844348605,0.022326433286270743,0.13125460576040704
51,anneal,1440,0.05,0.050843607634305954,0.00020824636158067733,0.99786376953125,0.00213623046875,1,511,26,0.050318051129579544,0.296334832906723,0.22428114712238312,0.138230562210083,0.034063089246238576,0.01136441716886086,0.022698672077377566,0.13085939417280523
51,anneal,1460,0.05,0.05119500681757927,0.00020824636158067733,0.9974365234375,0.0025634765625,1,508,31,0.05055161193013191,0.30153506994247437,0.22480177879333496,0.14718139171600342,0.03382628576238034,0.01048918341786691,0.023337102344513336,0.12539098568297258
51,anneal,1480,0.05,0.05103987082839012,0.00020824636158067733,0.9976806640625,0.0023193359375,1,510,28,0.05047141760587692,0.295563280582428,0.22463716566562653,0.14434747397899628,0.03309934052978036,0.0109797279176558,0.02211961261212462,0.12528122991418267
51,anneal,1500,0.05,0.050929319113492966,0.00020824636158067733,0.99786376953125,0.00213623046875,1,517,26,0.05040472373366356,0.2959778606891632,0.2245033085346222,0.14165136218070984,0.03253123415216663,0.01136441716886086,0.021166816983305674,0.1287263989367805
51,anneal,1520,0.05,0.05098677799105644,0.00020824636158067733,0.99786376953125,0.00213623046875,1,515,28,0.05046535283327103,0.2945498824119568,0.22461524605751038,0.14115123450756073,0.03143888287760177,0.01136441716886086,0.020074465708740687,0.12894301493426819
51,anneal,1540,0.05,0.05131520703434944,0.00020824636158067733,0.99786376953125,0.00213623046875,1,515,26,0.05079632252454758,0.29369309544563293,0.22535455226898193,0.1425796002149582,0.03224310909737227,0.01136441716886086,0.020878691928511307,0.12617223364279406
51,anneal,1560,0.05,0.05086154490709305,0.00020824636158067733,0.9979248046875,0.0020751953125,1,517,23,0.05034744367003441,0.2980841398239136,0.22436325252056122,0.13957098126411438,0.031083191708795255,0.011496078844348605,0.01958711286444656,0.12850694872097146
51,anneal,1580,0.05,0.05047118291258812,0.00020824636158067733,0.99798583984375,0.00201416015625,1,513,24,0.04995470866560936,0.3063761293888092,0.22349578142166138,0.14275939762592316,0.031553189226734446,0.011629539663434005,0.019923649563300627,0.1311850646095284
51,anneal,1600,0.05,0.050775062292814255,0.00020824636158067733,0.9979248046875,0.0020751953125,1,516,25,0.0502365380525589,0.3097459673881531,0.22404874861240387,0.1431393325328827,0.032386786442849314,0.011496078844348605,0.020890707598500556,0.13195556319326196
51,anneal,1620,0.05,0.05070763826370239,0.00020824636158067733,0.998046875,0.001953125,1,515,25,0.05020753666758537,0.30625784397125244,0.2240643948316574,0.1412767916917801,0.030427413614425802,0.011764854048686914,0.01866255956573882,0.1316386318728494
51,anneal,1640,0.05,0.05097247660160065,0.00020824636158067733,0.99798583984375,0.00201416015625,1,517,25,0.05045334994792938,0.308193564414978,0.2245945930480957,0.1437312364578247,0.0311379794731792,0.011629539663434005,0.019508439809745367,0.13033330893879091
51,anneal,1660,0.05,0.050991445779800415,0.00020824636158067733,0.9979248046875,0.0020751953125,1,517,25,0.05045652389526367,0.308227002620697,0.22459101676940918,0.14281678199768066,0.031117122715123458,0.011496078844348605,0.0196210438707747,0.12995916248539496
51,anneal,1680,0.05,0.05072624236345291,0.00020824636158067733,0.99810791015625,0.00189208984375,1,513,24,0.05024294555187225,0.30567508935928345,0.2241407036781311,0.14080215990543365,0.030565690664126066,0.011902079825715535,0.01866361083841043,0.13223544760760186
51,anneal,1700,0.05,0.05101071298122406,0.00020824636158067733,0.99798583984375,0.00201416015625,1,514,24,0.05049099773168564,0.30852174758911133,0.22460956871509552,0.13986894488334656,0.03136081991416262,0.011629539663434005,0.019731280250728588,0.13154054926482994
51,anneal,1720,0.05,0.05059969797730446,0.00020824636158067733,0.99810791015625,0.00189208984375,1,512,24,0.05011779069900513,0.30481523275375366,0.22384785115718842,0.14033350348472595,0.030263454900897102,0.011902079825715535,0.018361375075181433,0.13177587388119927
51,anneal,1740,0.05,0.05116083845496178,0.00020824636158067733,0.99810791015625,0.00189208984375,1,517,24,0.05067723989486694,0.3062662184238434,0.22509756684303284,0.1400119662284851,0.03010751563871139,0.011902079825715535,0.018205435812995784,0.1338241722484984
51,anneal,1760,0.05,0.05099397152662277,0.00020824636158067733,0.99810791015625,0.00189208984375,1,513,23,0.05050613731145859,0.30833524465560913,0.2247256636619568,0.13871829211711884,0.02967806255784211,0.011902079825715535,0.017775982732126445,0.13352906557767918
51,anneal,1780,0.05,0.05065770447254181,0.00020824636158067733,0.9981689453125,0.0018310546875,1,515,23,0.05018319934606552,0.30932945013046265,0.22400563955307007,0.1367330104112625,0.02932840332524478,0.012041278552709523,0.017287124772535183,0.13422155690998105
51,anneal,1800,0.05,0.05068952217698097,0.00020824636158067733,0.998291015625,0.001708984375,1,518,19,0.050244107842445374,0.31087639927864075,0.2241288125514984,0.13610821962356567,0.030048662483942223,0.012325862044967707,0.017722800438974375,0.1351614402526341
51,anneal,1820,0.05,0.05064231529831886,0.00020824636158067733,0.99859619140625,0.00140380859375,1,518,19,0.050283387303352356,0.3059613108634949,0.2242155224084854,0.14327263832092285,0.029439556638145348,0.01307706677611385,0.01636248986203148,0.1376745004751886
51,anneal,1840,0.05,0.05057840794324875,0.00020824636158067733,0.99859619140625,0.00140380859375,1,516,19,0.05021939426660538,0.3059613108634949,0.2240942269563675,0.14327263832092285,0.02842471891946019,0.01307706677611385,0.015347652143346262,0.13738859930228708
51,anneal,1860,0.05,0.051082294434309006,0.00020824636158067733,0.99859619140625,0.00140380859375,1,522,19,0.05072801187634468,0.30310019850730896,0.22518198192119598,0.1440180540084839,0.029264493190758856,0.01307706677611385,0.01618742641464502,0.1355328756187394
51,anneal,1880,0.05,0.0505458228290081,0.00020824636158067733,0.99859619140625,0.00140380859375,1,516,18,0.05018121004104614,0.309908926486969,0.22400526702404022,0.14214718341827393,0.028311483191110653,0.01307706677611385,0.015234416414996736,0.13894959631645387
51,anneal,1900,0.05,0.050623856484889984,0.00020824636158067733,0.99859619140625,0.00140380859375,1,520,18,0.05025935545563698,0.309908926486969,0.224168598651886,0.14214718341827393,0.028331634115794202,0.01307706677611385,0.015254567339680359,0.13820034518787205
51,anneal,1920,0.05,0.05082026124000549,0.00020824636158067733,0.99859619140625,0.00140380859375,1,521,19,0.05046285688877106,0.3050558567047119,0.22461079061031342,0.1403411477804184,0.028692333195259323,0.01307706677611385,0.015615266419145546,0.1373239106112326
51,anneal,1940,0.05,0.05092193931341171,0.00020824636158067733,0.99859619140625,0.00140380859375,1,519,19,0.05056381598114967,0.3056715726852417,0.22484272718429565,0.13882951438426971,0.028271917435823468,0.01307706677611385,0.015194850659709606,0.13792161297962802
51,anneal,1960,0.05,0.051305439323186874,0.00020824636158067733,0.99859619140625,0.00140380859375,1,524,18,0.05095244571566582,0.3024120330810547,0.22568584978580475,0.13796480000019073,0.029165622676565306,0.01307706677611385,0.016088555900451527,0.13557887869021423
51,anneal,1980,0.05,0.051024384796619415,0.00020824636158067733,0.99859619140625,0.00140380859375,1,524,19,0.05066721886396408,0.30509209632873535,0.2250882238149643,0.140206441283226,0.027897488376957824,0.01307706677611385,0.014820421600843932,0.1361463540895077
51,anneal,2000,0.05,0.0509820394217968,0.00020824636158067733,0.99859619140625,0.00140380859375,1,524,18,0.05061794072389603,0.3099813759326935,0.22493581473827362,0.13830678164958954,0.029345905124692706,0.01307706677611385,0.016268838348578955,0.1380226235421308
