seed,epoch,mean_f,best_f,p_left,p_right,occupied_basins,unique_left,unique_right,mean_f_left,mean_f_right,spread_left,spread_right
42,0,0.7616021633148193,0.00020824636158067733,0.49444580078125,0.50555419921875,2,1327,1137,0.7463897466659546,0.7764802575111389,0.7188590168952942,0.6498392224311829
42,20,0.5880073308944702,0.00020824636158067733,0.5474853515625,0.4525146484375,2,1318,1092,0.5295925140380859,0.6586818695068359,0.6537384390830994,0.6007153987884521
42,40,0.4631974697113037,0.00020824636158067733,0.59405517578125,0.40594482421875,2,1280,1013,0.4000825583934784,0.5555590987205505,0.5945086479187012,0.5536193251609802
42,60,0.3958587050437927,0.00020824636158067733,0.600341796875,0.399658203125,2,1220,978,0.32951319217681885,0.4955187737941742,0.5524895191192627,0.5186155438423157
42,80,0.3689853250980377,0.00020824636158067733,0.599609375,0.400390625,2,1188,967,0.2986688017845154,0.4742886424064636,0.528899610042572,0.5014276504516602
42,100,0.3558846712112427,0.00020824636158067733,0.60467529296875,0.39532470703125,2,1166,954,0.28372079133987427,0.46626412868499756,0.5150063633918762,0.4915630519390106
42,120,0.34860706329345703,0.00020824636158067733,0.6011962890625,0.3988037109375,2,1150,950,0.27533233165740967,0.4590685963630676,0.5069900155067444,0.4849899113178253
42,140,0.34319832921028137,0.00020824636158067733,0.60479736328125,0.39520263671875,2,1139,942,0.2711544632911682,0.45345044136047363,0.5020025968551636,0.47916701436042786
42,160,0.3405264914035797,0.00020824636158067733,0.60382080078125,0.39617919921875,2,1131,934,0.26808905601501465,0.450929194688797,0.49873360991477966,0.47742000222206116
42,180,0.33872875571250916,0.00020824636158067733,0.60595703125,0.39404296875,2,1134,938,0.26533910632133484,0.4515869915485382,0.49757152795791626,0.47883328795433044
42,200,0.33977943658828735,0.00020824636158067733,0.60626220703125,0.39373779296875,2,1144,937,0.26750078797340393,0.45107123255729675,0.49907562136650085,0.47816479206085205
42,220,0.3398367166519165,0.00020824636158067733,0.60565185546875,0.39434814453125,2,1139,943,0.2674013674259186,0.4510851204395294,0.49825775623321533,0.47899773716926575
42,240,0.3371637761592865,0.00020824636158067733,0.6102294921875,0.3897705078125,2,1143,943,0.26473963260650635,0.45055192708969116,0.4966617524623871,0.47860294580459595
42,260,0.33796221017837524,0.00020824636158067733,0.60919189453125,0.39080810546875,2,1145,947,0.2642027735710144,0.4529384672641754,0.4961344599723816,0.48049697279930115
42,280,0.33868834376335144,0.00020824636158067733,0.60882568359375,0.39117431640625,2,1148,946,0.26463931798934937,0.45393866300582886,0.4968556761741638,0.4829610586166382
42,300,0.33787527680397034,0.00020824636158067733,0.6131591796875,0.3868408203125,2,1138,935,0.26501113176345825,0.4533681273460388,0.49704834818840027,0.4821164906024933
42,320,0.3365689516067505,0.00020824636158067733,0.613525390625,0.386474609375,2,1145,942,0.26424846053123474,0.45137715339660645,0.49635449051856995,0.4803248643875122
42,340,0.3403504192829132,0.00020824636158067733,0.6151123046875,0.3848876953125,2,1147,950,0.2672269642353058,0.457213431596756,0.49832454323768616,0.484255850315094
42,360,0.3363916277885437,0.00020824636158067733,0.61383056640625,0.38616943359375,2,1140,940,0.2639840245246887,0.451486200094223,0.4963214099407196,0.4795173406600952
42,380,0.3358064293861389,0.00020824636158067733,0.620849609375,0.379150390625,2,1146,944,0.2641690969467163,0.45311084389686584,0.4959806203842163,0.48009243607521057
42,400,0.33749473094940186,0.00020824636158067733,0.615966796875,0.384033203125,2,1149,949,0.2661004662513733,0.4520069658756256,0.49744507670402527,0.4802166521549225
42,420,0.33538371324539185,0.00020824636158067733,0.61529541015625,0.38470458984375,2,1146,944,0.2630474269390106,0.4510780870914459,0.4947139024734497,0.48093152046203613
42,440,0.333049476146698,0.00020824636158067733,0.62005615234375,0.37994384765625,2,1143,935,0.26137953996658325,0.4500123858451843,0.4928037226200104,0.4776122570037842
42,460,0.3328598737716675,0.00020824636158067733,0.61932373046875,0.38067626953125,2,1143,938,0.2608115077018738,0.4500756561756134,0.4920583963394165,0.4790697693824768
42,480,0.3330122232437134,0.00020824636158067733,0.61907958984375,0.38092041015625,2,1142,942,0.2606976330280304,0.45053941011428833,0.4926484227180481,0.4786820113658905
42,500,0.3301519453525543,0.00020824636158067733,0.62042236328125,0.37957763671875,2,1140,948,0.25894835591316223,0.4465347230434418,0.4906216561794281,0.47581925988197327
42,520,0.3297213912010193,0.00020824636158067733,0.6243896484375,0.3756103515625,2,1140,945,0.2575744390487671,0.4496538043022156,0.4900553524494171,0.4778486490249634
42,540,0.32912108302116394,0.00020824636158067733,0.62225341796875,0.37774658203125,2,1138,944,0.2578270733356476,0.4465620815753937,0.4896620512008667,0.47498318552970886
42,560,0.3282981216907501,0.00020824636158067733,0.62176513671875,0.37823486328125,2,1132,945,0.2560329735279083,0.4470919668674469,0.48842334747314453,0.4765966832637787
42,580,0.32885873317718506,0.00020824636158067733,0.62353515625,0.37646484375,2,1134,953,0.2560797333717346,0.44940185546875,0.4882115125656128,0.4768306314945221
42,600,0.32855042815208435,0.00020824636158067733,0.62176513671875,0.37823486328125,2,1127,947,0.2556024491786957,0.44846662878990173,0.48787736892700195,0.47688278555870056
42,620,0.32675987482070923,0.00020824636158067733,0.6224365234375,0.3775634765625,2,1127,940,0.2544022500514984,0.44604578614234924,0.48652225732803345,0.4756345748901367
42,640,0.32740518450737,0.00020824636158067733,0.6219482421875,0.3780517578125,2,1128,934,0.2555162310600281,0.4456726312637329,0.48698508739471436,0.4748081564903259
42,660,0.3262779116630554,0.00020824636158067733,0.61968994140625,0.38031005859375,2,1127,944,0.2536836564540863,0.44456541538238525,0.48589015007019043,0.4742627739906311
42,680,0.3257499933242798,0.00020824636158067733,0.62078857421875,0.37921142578125,2,1127,942,0.25366684794425964,0.44375380873680115,0.4853161573410034,0.4743363857269287
42,700,0.32633256912231445,0.00020824636158067733,0.6199951171875,0.3800048828125,2,1122,943,0.2536619007587433,0.4448981285095215,0.4856266975402832,0.474454790353775
42,720,0.3264733850955963,0.00020824636158067733,0.62255859375,0.37744140625,2,1121,945,0.2543216347694397,0.4454817473888397,0.4866119623184204,0.4749264419078827
42,740,0.3263736963272095,0.00020824636158067733,0.62322998046875,0.37677001953125,2,1135,938,0.254257470369339,0.44566401839256287,0.48651888966560364,0.4745461940765381
42,760,0.32715755701065063,0.00020824636158067733,0.62249755859375,0.37750244140625,2,1131,937,0.25525811314582825,0.4457189440727234,0.4867344796657562,0.4742872416973114
42,780,0.32637718319892883,0.00020824636158067733,0.623046875,0.376953125,2,1131,938,0.25480416417121887,0.4446766972541809,0.48666059970855713,0.47404414415359497
42,800,0.32550498843193054,0.00020824636158067733,0.6220703125,0.3779296875,2,1128,939,0.25467461347579956,0.4420914649963379,0.48669177293777466,0.47212696075439453
42,820,0.32529035210609436,0.00020824636158067733,0.621337890625,0.378662109375,2,1135,940,0.2539253532886505,0.44239145517349243,0.4857098460197449,0.4722154140472412
42,840,0.32522404193878174,0.00020824636158067733,0.62109375,0.37890625,2,1130,935,0.25380948185920715,0.44228509068489075,0.48591023683547974,0.47223958373069763
42,860,0.32524794340133667,0.00020824636158067733,0.6219482421875,0.3780517578125,2,1127,941,0.2530827224254608,0.44396984577178955,0.48495930433273315,0.47360530495643616
42,880,0.3251558542251587,0.00020824636158067733,0.62200927734375,0.37799072265625,2,1129,941,0.25310149788856506,0.44372621178627014,0.4851612150669098,0.4731437563896179
42,900,0.3277513384819031,0.00020824636158067733,0.621337890625,0.378662109375,2,1136,952,0.2550767958164215,0.44700121879577637,0.48617079854011536,0.47510814666748047
42,920,0.32466256618499756,0.00020824636158067733,0.6231689453125,0.3768310546875,2,1128,933,0.2526457905769348,0.4437572956085205,0.48460108041763306,0.47340497374534607
42,940,0.32360440492630005,0.00020824636158067733,0.623291015625,0.376708984375,2,1133,936,0.25225502252578735,0.4416569471359253,0.4840739369392395,0.47173866629600525
42,960,0.3247172236442566,0.00020824636158067733,0.623046875,0.376953125,2,1128,933,0.25364789366722107,0.44218412041664124,0.4852781295776367,0.47163310647010803
42,980,0.32640916109085083,0.00020824636158067733,0.62255859375,0.37744140625,2,1128,945,0.2550632953643799,0.44408825039863586,0.48655423521995544,0.473416268825531
42,1000,0.32609328627586365,0.00020824636158067733,0.622314453125,0.377685546875,2,1137,932,0.25489726662635803,0.44340336322784424,0.48663920164108276,0.47242194414138794
42,1020,0.3247705399990082,0.00020824636158067733,0.6231689453125,0.3768310546875,2,1127,936,0.25389131903648376,0.4419841766357422,0.48530083894729614,0.47192463278770447
42,1040,0.32454562187194824,0.00020824636158067733,0.6240234375,0.3759765625,2,1133,938,0.2544934153556824,0.44081395864486694,0.4862131178379059,0.47107625007629395
42,1060,0.32497942447662354,0.00020824636158067733,0.621826171875,0.378173828125,2,1127,938,0.254259318113327,0.44126367568969727,0.4855025112628937,0.4713324308395386
42,1080,0.3254680633544922,0.00020824636158067733,0.6234130859375,0.3765869140625,2,1136,941,0.2549881339073181,0.44214266538619995,0.48611143231391907,0.4712836742401123
42,1100,0.3256051540374756,0.00020824636158067733,0.623046875,0.376953125,2,1133,943,0.2546963691711426,0.44280675053596497,0.4860207438468933,0.4724486172199249
42,1120,0.32394933700561523,0.00020824636158067733,0.62274169921875,0.37725830078125,2,1138,936,0.2527863681316376,0.4414183497428894,0.4844672977924347,0.47147825360298157
42,1140,0.3247036039829254,0.00020824636158067733,0.62359619140625,0.37640380859375,2,1138,935,0.25424355268478394,0.4414362907409668,0.48580291867256165,0.4711822271347046
42,1160,0.32446953654289246,0.00020824636158067733,0.622802734375,0.377197265625,2,1139,943,0.25377777218818665,0.4411909878253937,0.48547127842903137,0.47061771154403687
42,1180,0.324857234954834,0.00020824636158067733,0.6239013671875,0.3760986328125,2,1131,946,0.25274038314819336,0.4444901943206787,0.4842763841152191,0.4733196496963501
42,1200,0.32318705320358276,0.00020824636158067733,0.6259765625,0.3740234375,2,1130,938,0.25287678837776184,0.4408603608608246,0.4845826029777527,0.47043657302856445
42,1220,0.3235448896884918,0.00020824636158067733,0.62353515625,0.37646484375,2,1137,940,0.2530573010444641,0.44029274582862854,0.484566867351532,0.47011640667915344
42,1240,0.32474249601364136,0.00020824636158067733,0.6221923828125,0.3778076171875,2,1134,949,0.2532361149787903,0.44250279664993286,0.48473691940307617,0.47180527448654175
42,1260,0.323660671710968,0.00020824636158067733,0.62408447265625,0.37591552734375,2,1141,940,0.253536581993103,0.44007864594459534,0.485210120677948,0.47040805220603943
42,1280,0.3248257040977478,0.00020824636158067733,0.62432861328125,0.37567138671875,2,1134,952,0.2537687122821808,0.4429154098033905,0.48529329895973206,0.47227153182029724
42,1300,0.3243808150291443,0.00020824636158067733,0.6243896484375,0.3756103515625,2,1135,940,0.2542923092842102,0.440891295671463,0.48533859848976135,0.47061705589294434
42,1320,0.32235264778137207,0.00020824636158067733,0.6243896484375,0.3756103515625,2,1128,934,0.2514815330505371,0.44016405940055847,0.4832945168018341,0.47001913189888
42,1340,0.3237939774990082,0.00020824636158067733,0.62481689453125,0.37518310546875,2,1134,941,0.2530110478401184,0.4416734576225281,0.4848976731300354,0.4717912971973419
42,1360,0.3244912028312683,0.00020824636158067733,0.6234130859375,0.3765869140625,2,1139,943,0.2539169192314148,0.4413219690322876,0.48526954650878906,0.47103095054626465
42,1380,0.3242078423500061,0.00020824636158067733,0.62237548828125,0.37762451171875,2,1143,934,0.2533479928970337,0.4409942924976349,0.4849034249782562,0.4705508053302765
42,1400,0.32389992475509644,0.00020824636158067733,0.62322998046875,0.37677001953125,2,1143,934,0.253060907125473,0.4410775899887085,0.4844532907009125,0.470806747674942
42,1420,0.323906272649765,0.00020824636158067733,0.62225341796875,0.37774658203125,2,1142,939,0.2521805167198181,0.4420584738254547,0.48391374945640564,0.47189971804618835
42,1440,0.3240010738372803,0.00020824636158067733,0.62274169921875,0.37725830078125,2,1146,938,0.25299495458602905,0.44121119379997253,0.4845571219921112,0.470563143491745
42,1460,0.3237763047218323,0.00020824636158067733,0.62335205078125,0.37664794921875,2,1145,934,0.2527015209197998,0.4414050579071045,0.48423364758491516,0.47108393907546997
42,1480,0.3235321640968323,0.00020824636158067733,0.622314453125,0.377685546875,2,1143,936,0.251380056142807,0.44241756200790405,0.48315730690956116,0.47159096598625183
42,1500,0.3240506052970886,0.00020824636158067733,0.62347412109375,0.37652587890625,2,1148,941,0.25413236021995544,0.4398253858089447,0.485161155462265,0.47004416584968567
42,1520,0.32470470666885376,0.00020824636158067733,0.622314453125,0.377685546875,2,1144,935,0.2526949942111969,0.4433554410934448,0.4842001795768738,0.4721740484237671
42,1540,0.3232123553752899,0.00020824636158067733,0.62322998046875,0.37677001953125,2,1146,932,0.2517319917678833,0.4414507746696472,0.4836164712905884,0.4710614085197449
42,1560,0.324238657951355,0.00020824636158067733,0.6219482421875,0.3780517578125,2,1140,936,0.2532251477241516,0.44106578826904297,0.4846661388874054,0.47081470489501953
42,1580,0.3228291869163513,0.00020824636158067733,0.6241455078125,0.3758544921875,2,1145,930,0.25223422050476074,0.44005948305130005,0.48381876945495605,0.46970292925834656
42,1600,0.323780357837677,0.00020824636158067733,0.62274169921875,0.37725830078125,2,1137,938,0.25265946984291077,0.4411798119544983,0.48415428400039673,0.47102078795433044
42,1620,0.3244439363479614,0.00020824636158067733,0.6220703125,0.3779296875,2,1144,934,0.2532466948032379,0.4416341781616211,0.4850589334964752,0.47146937251091003
42,1640,0.32262563705444336,0.00020824636158067733,0.62420654296875,0.37579345703125,2,1140,941,0.25253188610076904,0.43905383348464966,0.48419082164764404,0.46916142106056213
42,1660,0.3221849203109741,0.00020824636158067733,0.6234130859375,0.3765869140625,2,1143,938,0.2517358362674713,0.43880847096443176,0.4835992157459259,0.46872058510780334
42,1680,0.32344821095466614,0.00020824636158067733,0.62359619140625,0.37640380859375,2,1140,937,0.253447562456131,0.43941983580589294,0.48518484830856323,0.46860867738723755
42,1700,0.32446417212486267,0.00020824636158067733,0.6229248046875,0.3770751953125,2,1140,936,0.2531488537788391,0.4422765076160431,0.4846995174884796,0.4714263081550598
42,1720,0.32291868329048157,0.00020824636158067733,0.62286376953125,0.37713623046875,2,1136,936,0.25266361236572266,0.43894919753074646,0.48418673872947693,0.46918898820877075
42,1740,0.32315245270729065,0.00020824636158067733,0.62335205078125,0.37664794921875,2,1136,937,0.2527303099632263,0.43970105051994324,0.4843078553676605,0.47005999088287354
42,1760,0.32353395223617554,0.00020824636158067733,0.6239013671875,0.3760986328125,2,1145,937,0.25354036688804626,0.4396447539329529,0.484823614358902,0.46977201104164124
42,1780,0.32451656460762024,0.00020824636158067733,0.6219482421875,0.3780517578125,2,1143,938,0.2537115514278412,0.4410008192062378,0.48516538739204407,0.4704081118106842
42,1800,0.3239006996154785,0.00020824636158067733,0.623291015625,0.376708984375,2,1144,936,0.25402963161468506,0.4395071566104889,0.48505738377571106,0.4694155156612396
42,1820,0.32265734672546387,0.00020824636158067733,0.62432861328125,0.37567138671875,2,1141,937,0.2527860403060913,0.438776433467865,0.484373539686203,0.46842631697654724
42,1840,0.3227781355381012,0.00020824636158067733,0.6239013671875,0.3760986328125,2,1139,940,0.25202667713165283,0.4401460886001587,0.4837581217288971,0.4697857201099396
42,1860,0.3249654173851013,0.00020824636158067733,0.62255859375,0.37744140625,2,1144,944,0.2547994554042816,0.44069838523864746,0.48549866676330566,0.4697316884994507
42,1880,0.3258502185344696,0.00020824636158067733,0.62237548828125,0.37762451171875,2,1138,954,0.2532976567745209,0.44542646408081055,0.4849916994571686,0.4738512933254242
42,1900,0.32384830713272095,0.00020824636158067733,0.62103271484375,0.37896728515625,2,1132,949,0.25137779116630554,0.44260936975479126,0.4831126630306244,0.47148218750953674
42,1920,0.3236117959022522,0.00020824636158067733,0.62451171875,0.37548828125,2,1142,943,0.25418582558631897,0.43908101320266724,0.4852771461009979,0.4688902199268341
42,1940,0.3236933946609497,0.00020824636158067733,0.6240234375,0.3759765625,2,1132,946,0.25330987572669983,0.4405117928981781,0.48474380373954773,0.4699528217315674
42,1960,0.32354918122291565,0.00020824636158067733,0.6221923828125,0.3778076171875,2,1138,942,0.2522923946380615,0.4408983290195465,0.4843018352985382,0.4704381823539734
42,1980,0.3226485252380371,0.00020824636158067733,0.62335205078125,0.37664794921875,2,1136,943,0.2514086961746216,0.4405503571033478,0.48313993215560913,0.4697311222553253
42,2000,0.32273411750793457,0.00020824636158067733,0.6231689453125,0.3768310546875,2,1137,946,0.25181707739830017,0.44001033902168274,0.4836364686489105,0.4696182608604431
43,0,0.6960572004318237,0.00020824636158067733,0.4755859375,0.5244140625,2,1331,1142,0.6155489683151245,0.7690693140029907,0.7225677967071533,0.6648993492126465
43,20,0.5257803201675415,0.00020824636158067733,0.5396728515625,0.4603271484375,2,1310,1095,0.45065370202064514,0.6138563752174377,0.6468095183372498,0.5968087315559387
43,40,0.4238538146018982,0.00020824636158067733,0.58673095703125,0.41326904296875,2,1265,1014,0.35967010259628296,0.5149775147438049,0.5873659253120422,0.5391183495521545
43,60,0.3870583772659302,0.00020824636158067733,0.60504150390625,0.39495849609375,2,1234,971,0.3277663588523865,0.4778884947299957,0.5575916767120361,0.50886070728302
43,80,0.367961049079895,0.00020824636158067733,0.6060791015625,0.3939208984375,2,1206,941,0.30524805188179016,0.4644501209259033,0.5361998677253723,0.4941607415676117
43,100,0.3571544587612152,0.00020824636158067733,0.60369873046875,0.39630126953125,2,1179,937,0.29141056537628174,0.4573042690753937,0.5227564573287964,0.4850829839706421
43,120,0.3491944670677185,0.00020824636158067733,0.60247802734375,0.39752197265625,2,1166,930,0.2818012237548828,0.4513345956802368,0.5134507417678833,0.4787987172603607
43,140,0.34455832839012146,0.00020824636158067733,0.6024169921875,0.3975830078125,2,1156,924,0.2779516875743866,0.4454806447029114,0.5093416571617126,0.4739624857902527
43,160,0.34383440017700195,0.00020824636158067733,0.60321044921875,0.39678955078125,2,1157,929,0.27712100744247437,0.4452539086341858,0.5085583925247192,0.47305911779403687
43,180,0.34399300813674927,0.00020824636158067733,0.5968017578125,0.4031982421875,2,1159,922,0.2776590883731842,0.4421783983707428,0.5068628787994385,0.47162124514579773
43,200,0.33863717317581177,0.00020824636158067733,0.60760498046875,0.39239501953125,2,1151,925,0.27191075682640076,0.44195976853370667,0.503682017326355,0.4712275564670563
43,220,0.3403269648551941,0.00020824636158067733,0.6065673828125,0.3934326171875,2,1153,921,0.2748990058898926,0.44119930267333984,0.5039854645729065,0.4701937437057495
43,240,0.3374037444591522,0.00020824636158067733,0.609619140625,0.390380859375,2,1150,917,0.2707083523273468,0.44155535101890564,0.5021234154701233,0.46982160210609436
43,260,0.34005171060562134,0.00020824636158067733,0.60797119140625,0.39202880859375,2,1155,918,0.27351078391075134,0.44324567914009094,0.5036595463752747,0.4715100824832916
43,280,0.3382491171360016,0.00020824636158067733,0.60906982421875,0.39093017578125,2,1159,913,0.27389734983444214,0.4385092258453369,0.5042905211448669,0.46891921758651733
43,300,0.34027260541915894,0.00020824636158067733,0.609130859375,0.390869140625,2,1157,923,0.274405837059021,0.44291943311691284,0.5055828094482422,0.47213059663772583
43,320,0.3385383188724518,0.00020824636158067733,0.6141357421875,0.3858642578125,2,1165,917,0.27439406514167786,0.4406292736530304,0.5062057971954346,0.47118842601776123
43,340,0.3387393057346344,0.00020824636158067733,0.614990234375,0.385009765625,2,1151,912,0.27495479583740234,0.4406245946884155,0.5049617886543274,0.46990421414375305
43,360,0.3387095034122467,0.00020824636158067733,0.61199951171875,0.38800048828125,2,1159,912,0.27465447783470154,0.4397445321083069,0.5036897659301758,0.46989187598228455
43,380,0.33692049980163574,0.00020824636158067733,0.61932373046875,0.38067626953125,2,1157,920,0.2715141475200653,0.443330317735672,0.5036300420761108,0.4715963900089264
43,400,0.33684927225112915,0.00020824636158067733,0.6182861328125,0.3817138671875,2,1161,906,0.27534735202789307,0.43646788597106934,0.5050554871559143,0.4674784541130066
43,420,0.3369387984275818,0.00020824636158067733,0.616455078125,0.383544921875,2,1152,908,0.27346712350845337,0.43895411491394043,0.504041850566864,0.46910718083381653
43,440,0.3354930281639099,0.00020824636158067733,0.619873046875,0.380126953125,2,1148,911,0.2725643813610077,0.43811073899269104,0.5036224126815796,0.46839118003845215
43,460,0.33726850152015686,0.00020824636158067733,0.621826171875,0.378173828125,2,1156,915,0.2750091850757599,0.43964067101478577,0.5034940242767334,0.47007516026496887
43,480,0.3349686861038208,0.00020824636158067733,0.61956787109375,0.38043212890625,2,1141,917,0.2702910602092743,0.4403020739555359,0.5014154314994812,0.4708841145038605
43,500,0.3333718180656433,0.00020824636158067733,0.6263427734375,0.3736572265625,2,1153,913,0.27152764797210693,0.4370381534099579,0.5017895102500916,0.46778762340545654
43,520,0.33428817987442017,0.00020824636158067733,0.620849609375,0.379150390625,2,1151,919,0.27060097455978394,0.4385743737220764,0.5000525712966919,0.4696601629257202
43,540,0.3312939405441284,0.00020824636158067733,0.62347412109375,0.37652587890625,2,1152,915,0.2676275074481964,0.43671661615371704,0.4984806776046753,0.4689033329486847
43,560,0.3315492868423462,0.00020824636158067733,0.6195068359375,0.3804931640625,2,1147,906,0.2688148617744446,0.43369147181510925,0.4984450042247772,0.466700941324234
43,580,0.3315003514289856,0.00020824636158067733,0.62322998046875,0.37677001953125,2,1149,912,0.26702946424484253,0.4381442368030548,0.4969679117202759,0.46927621960639954
43,600,0.328341007232666,0.00020824636158067733,0.6259765625,0.3740234375,2,1147,919,0.26439952850341797,0.4353553354740143,0.4955671727657318,0.4669508934020996
43,620,0.3285354971885681,0.00020824636158067733,0.62591552734375,0.37408447265625,2,1145,920,0.26372477412223816,0.43697643280029297,0.49464598298072815,0.4679502546787262
43,640,0.32890960574150085,0.00020824636158067733,0.62615966796875,0.37384033203125,2,1134,917,0.26260241866111755,0.43997010588645935,0.49347519874572754,0.46968215703964233
43,660,0.3278052508831024,0.00020824636158067733,0.62677001953125,0.37322998046875,2,1132,919,0.26186949014663696,0.43853193521499634,0.49239975214004517,0.4688700735569
43,680,0.3269408345222473,0.00020824636158067733,0.62469482421875,0.37530517578125,2,1141,920,0.260934978723526,0.4368075132369995,0.4917791783809662,0.467771977186203
43,700,0.327122300863266,0.00020824636158067733,0.6243896484375,0.3756103515625,2,1143,926,0.2614746689796448,0.4362506568431854,0.4915672540664673,0.4669932723045349
43,720,0.3261069059371948,0.00020824636158067733,0.625244140625,0.374755859375,2,1133,927,0.2602095901966095,0.43605026602745056,0.491519957780838,0.4672170579433441
43,740,0.3271928131580353,0.00020824636158067733,0.6240234375,0.3759765625,2,1138,917,0.2605692446231842,0.43777066469192505,0.4915931522846222,0.4680885076522827
43,760,0.325171560049057,0.00020824636158067733,0.62481689453125,0.37518310546875,2,1133,918,0.25968557596206665,0.4342295825481415,0.4899308681488037,0.46583861112594604
43,780,0.32718491554260254,0.00020824636158067733,0.62408447265625,0.37591552734375,2,1134,925,0.2607872784137726,0.4374164342880249,0.4914340078830719,0.4675041139125824
43,800,0.3272901177406311,0.00020824636158067733,0.62451171875,0.37548828125,2,1134,927,0.2605769634246826,0.4382474720478058,0.49139276146888733,0.4689842760562897
43,820,0.32533422112464905,0.00020824636158067733,0.62518310546875,0.37481689453125,2,1138,918,0.25895461440086365,0.4360533654689789,0.4900497794151306,0.46638867259025574
43,840,0.3262603282928467,0.00020824636158067733,0.62493896484375,0.37506103515625,2,1136,924,0.26020926237106323,0.43631675839424133,0.4912049472332001,0.46740391850471497
43,860,0.3261592388153076,0.00020824636158067733,0.62408447265625,0.37591552734375,2,1142,920,0.25996291637420654,0.43605655431747437,0.4907994866371155,0.4671933650970459
43,880,0.3264114558696747,0.00020824636158067733,0.62371826171875,0.37628173828125,2,1139,923,0.25999799370765686,0.4364973306655884,0.4902155101299286,0.4674663245677948
43,900,0.3259865641593933,0.00020824636158067733,0.625,0.375,2,1140,925,0.259681761264801,0.4364945888519287,0.4901939630508423,0.4666902422904968
43,920,0.3268899917602539,0.00020824636158067733,0.6219482421875,0.3780517578125,2,1137,933,0.25896090269088745,0.4386429488658905,0.48964446783065796,0.4690230190753937
43,940,0.3255351185798645,0.00020824636158067733,0.62359619140625,0.37640380859375,2,1140,934,0.25910520553588867,0.435590922832489,0.48951292037963867,0.4667463004589081
43,960,0.3254378139972687,0.00020824636158067733,0.62347412109375,0.37652587890625,2,1136,930,0.2577842175960541,0.4374626874923706,0.4890125095844269,0.468027800321579
43,980,0.32517001032829285,0.00020824636158067733,0.6240234375,0.3759765625,2,1145,926,0.25799205899238586,0.43666788935661316,0.48919790983200073,0.46763187646865845
43,1000,0.3262694776058197,0.00020824636158067733,0.62396240234375,0.37603759765625,2,1146,927,0.2590101361274719,0.4378734827041626,0.48982879519462585,0.4684087038040161
43,1020,0.32619044184684753,0.00020824636158067733,0.6251220703125,0.3748779296875,2,1138,928,0.2584627866744995,0.43912872672080994,0.4893021583557129,0.46870529651641846
43,1040,0.32498791813850403,0.00020824636158067733,0.6258544921875,0.3741455078125,2,1144,921,0.2580333948135376,0.4369865357875824,0.48917239904403687,0.4671257734298706
43,1060,0.3256146311759949,0.00020824636158067733,0.6236572265625,0.3763427734375,2,1143,921,0.2588086426258087,0.43632230162620544,0.48942455649375916,0.4669593274593353
43,1080,0.32635751366615295,0.00020824636158067733,0.62420654296875,0.37579345703125,2,1134,936,0.2580035328865051,0.43989601731300354,0.4896027445793152,0.4696033000946045
43,1100,0.32615014910697937,0.00020824636158067733,0.622314453125,0.377685546875,2,1134,926,0.25728639960289,0.4396173357963562,0.4885618984699249,0.4691859185695648
43,1120,0.3259139955043793,0.00020824636158067733,0.62347412109375,0.37652587890625,2,1139,923,0.257676899433136,0.4389050304889679,0.48817169666290283,0.4690636098384857
43,1140,0.3255299925804138,0.00020824636158067733,0.6248779296875,0.3751220703125,2,1138,921,0.2582190930843353,0.4376564621925354,0.48847365379333496,0.46804946660995483
43,1160,0.32661372423171997,0.00020824636158067733,0.6231689453125,0.3768310546875,2,1149,927,0.2582552433013916,0.4396587610244751,0.4891163110733032,0.4692007303237915
43,1180,0.3244098722934723,0.00020824636158067733,0.623291015625,0.376708984375,2,1138,932,0.2554170489311218,0.4385632574558258,0.48688140511512756,0.4689774215221405
43,1200,0.32536831498146057,0.00020824636158067733,0.62274169921875,0.37725830078125,2,1137,925,0.25695958733558655,0.4382908344268799,0.4881049394607544,0.46833711862564087
43,1220,0.3273082673549652,0.00020824636158067733,0.62164306640625,0.37835693359375,2,1147,931,0.25870272517204285,0.4400276243686676,0.4891098737716675,0.4700336754322052
43,1240,0.32605016231536865,0.00020824636158067733,0.6226806640625,0.3773193359375,2,1144,926,0.2576664388179779,0.43890202045440674,0.48829707503318787,0.46863144636154175
43,1260,0.3257272243499756,0.00020824636158067733,0.62322998046875,0.37677001953125,2,1139,927,0.2571538984775543,0.4391569495201111,0.4886527955532074,0.46877917647361755
43,1280,0.3251524269580841,0.00020824636158067733,0.6229248046875,0.3770751953125,2,1135,929,0.25643858313560486,0.43866708874702454,0.4877098500728607,0.46913808584213257
43,1300,0.325981080532074,0.00020824636158067733,0.623046875,0.376953125,2,1137,942,0.2564733028411865,0.44086694717407227,0.4876917898654938,0.47033536434173584
43,1320,0.32581424713134766,0.00020824636158067733,0.62518310546875,0.37481689453125,2,1136,936,0.2558727562427521,0.4424745440483093,0.4871842563152313,0.4716828167438507
43,1340,0.3241073787212372,0.00020824636158067733,0.62750244140625,0.37249755859375,2,1144,933,0.256519079208374,0.4379653334617615,0.4879879057407379,0.4680953919887543
43,1360,0.32472318410873413,0.00020824636158067733,0.62445068359375,0.37554931640625,2,1143,934,0.256211519241333,0.43864211440086365,0.4876191318035126,0.46834224462509155
43,1380,0.3250848054885864,0.00020824636158067733,0.623046875,0.376953125,2,1135,938,0.25624340772628784,0.43886932730674744,0.48757365345954895,0.4687405824661255
43,1400,0.32450056076049805,0.00020824636158067733,0.62457275390625,0.37542724609375,2,1137,939,0.25610122084617615,0.43829184770584106,0.4878123998641968,0.46803244948387146
43,1420,0.32476478815078735,0.00020824636158067733,0.6217041015625,0.3782958984375,2,1145,937,0.25641921162605286,0.4370861351490021,0.48738807439804077,0.4677079916000366
43,1440,0.324285626411438,0.00020824636158067733,0.6260986328125,0.3739013671875,2,1143,925,0.2561274468898773,0.43841663002967834,0.4874557554721832,0.46790599822998047
43,1460,0.32473090291023254,0.00020824636158067733,0.6231689453125,0.3768310546875,2,1150,931,0.2569854259490967,0.43676215410232544,0.48738715052604675,0.4674842953681946
43,1480,0.3262263536453247,0.00020824636158067733,0.6241455078125,0.3758544921875,2,1149,930,0.2577367126941681,0.4399605691432953,0.48885172605514526,0.4693700969219208
43,1500,0.32519176602363586,0.00020824636158067733,0.6243896484375,0.3756103515625,2,1141,925,0.25720494985580444,0.43820855021476746,0.4877350926399231,0.4680835008621216
43,1520,0.32482990622520447,0.00020824636158067733,0.62506103515625,0.37493896484375,2,1139,931,0.25620847940444946,0.43922877311706543,0.4874158203601837,0.4688446819782257
43,1540,0.3255130350589752,0.00020824636158067733,0.62530517578125,0.37469482421875,2,1144,933,0.2565537393093109,0.44059497117996216,0.48761242628097534,0.47009292244911194
43,1560,0.327052503824234,0.00020824636158067733,0.622314453125,0.377685546875,2,1150,935,0.2570967376232147,0.44231900572776794,0.48792803287506104,0.4706534743309021
43,1580,0.32565543055534363,0.00020824636158067733,0.62200927734375,0.37799072265625,2,1145,936,0.25593262910842896,0.4403889775276184,0.4870999753475189,0.4693058431148529
43,1600,0.3251803517341614,0.00020824636158067733,0.62396240234375,0.37603759765625,2,1142,935,0.25616249442100525,0.43970227241516113,0.48776987195014954,0.46936312317848206
43,1620,0.32421445846557617,0.00020824636158067733,0.62548828125,0.37451171875,2,1142,932,0.25603577494621277,0.43808257579803467,0.4875532388687134,0.4676363468170166
43,1640,0.3245239555835724,0.00020824636158067733,0.623779296875,0.376220703125,2,1142,934,0.2563216984272003,0.4376043379306793,0.48754414916038513,0.46764224767684937
43,1660,0.3258915841579437,0.00020824636158067733,0.62445068359375,0.37554931640625,2,1140,937,0.2575235664844513,0.43957164883613586,0.48844629526138306,0.46936437487602234
43,1680,0.32513993978500366,0.00020824636158067733,0.62371826171875,0.37628173828125,2,1142,930,0.25657546520233154,0.4387911856174469,0.487543523311615,0.4688611924648285
43,1700,0.32709234952926636,0.00020824636158067733,0.6214599609375,0.3785400390625,2,1146,929,0.2582727372646332,0.44007551670074463,0.4888167381286621,0.46941080689430237
43,1720,0.3252565562725067,0.00020824636158067733,0.62359619140625,0.37640380859375,2,1145,932,0.25668737292289734,0.4388565719127655,0.4873965084552765,0.4680967926979065
43,1740,0.3266838490962982,0.00020824636158067733,0.62255859375,0.37744140625,2,1145,940,0.25814348459243774,0.4397355914115906,0.4882054328918457,0.4692894518375397
43,1760,0.32487156987190247,0.00020824636158067733,0.624755859375,0.375244140625,2,1143,938,0.2558130919933319,0.43984919786453247,0.4868306815624237,0.46933138370513916
43,1780,0.3252947926521301,0.00020824636158067733,0.624755859375,0.375244140625,2,1148,935,0.25687044858932495,0.43921664357185364,0.4876299798488617,0.4689238965511322
43,1800,0.3283103406429291,0.00020824636158067733,0.62322998046875,0.37677001953125,2,1143,938,0.25934600830078125,0.44238683581352234,0.4890190064907074,0.46958231925964355
43,1820,0.3259606659412384,0.00020824636158067733,0.6251220703125,0.3748779296875,2,1150,932,0.25790125131607056,0.4394521415233612,0.48878243565559387,0.4686058759689331
43,1840,0.32424670457839966,0.00020824636158067733,0.62457275390625,0.37542724609375,2,1142,936,0.2557027041912079,0.4382787048816681,0.48771563172340393,0.4674471914768219
43,1860,0.32440680265426636,0.00020824636158067733,0.62506103515625,0.37493896484375,2,1140,939,0.2544706165790558,0.44099754095077515,0.48606860637664795,0.4702018201351166
43,1880,0.3245200216770172,0.00020824636158067733,0.62420654296875,0.37579345703125,2,1143,933,0.2559628188610077,0.43839603662490845,0.48646169900894165,0.4684683382511139
43,1900,0.3248140513896942,0.00020824636158067733,0.62567138671875,0.37432861328125,2,1151,931,0.25708091259002686,0.4380265474319458,0.4881700873374939,0.4678313732147217
43,1920,0.3252926170825958,0.00020824636158067733,0.623291015625,0.376708984375,2,1145,928,0.25643453001976013,0.4392230808734894,0.48716652393341064,0.4684862792491913
43,1940,0.32372501492500305,0.00020824636158067733,0.62506103515625,0.37493896484375,2,1139,930,0.2556628882884979,0.43719151616096497,0.48733285069465637,0.46718040108680725
43,1960,0.3256175220012665,0.00020824636158067733,0.62286376953125,0.37713623046875,2,1144,933,0.2560787498950958,0.4404650926589966,0.4870101511478424,0.46924030780792236
43,1980,0.32498815655708313,0.00020824636158067733,0.62139892578125,0.37860107421875,2,1138,930,0.25550293922424316,0.4390344023704529,0.4867693781852722,0.4690173864364624
43,2000,0.32425838708877563,0.00020824636158067733,0.62396240234375,0.37603759765625,2,1144,931,0.2556983530521393,0.43802058696746826,0.48694536089897156,0.46812188625335693
44,0,0.7800021767616272,0.00020824636158067733,0.47039794921875,0.52960205078125,2,1321,1144,0.6747490763664246,0.8734890818595886,0.691622793674469,0.6733536124229431
44,20,0.5545657873153687,0.00020824636158067733,0.55072021484375,0.44927978515625,2,1305,1088,0.4747661054134369,0.6523829698562622,0.62337327003479,0.5907087922096252
44,40,0.41527852416038513,0.00020824636158067733,0.59649658203125,0.40350341796875,2,1235,991,0.34469059109687805,0.51962810754776,0.5584105849266052,0.525632381439209
44,60,0.3611244857311249,0.00020824636158067733,0.5977783203125,0.4022216796875,2,1178,938,0.29296305775642395,0.4624253213405609,0.5220571756362915,0.48923832178115845
44,80,0.3484393358230591,0.00020824636158067733,0.5975341796875,0.4024658203125,2,1164,932,0.2780715227127075,0.4529133439064026,0.5098606944084167,0.4801027476787567
44,100,0.3447699546813965,0.00020824636158067733,0.5992431640625,0.4007568359375,2,1146,940,0.2726394534111023,0.4526251554489136,0.5051673650741577,0.47735026478767395
44,120,0.34425896406173706,0.00020824636158067733,0.59503173828125,0.40496826171875,2,1144,939,0.27152830362319946,0.4511241614818573,0.5031603574752808,0.4780677556991577
44,140,0.34268423914909363,0.00020824636158067733,0.6009521484375,0.3990478515625,2,1143,948,0.2697086036205292,0.4525830149650574,0.5022465586662292,0.47862979769706726
44,160,0.34174296259880066,0.00020824636158067733,0.6024169921875,0.3975830078125,2,1140,951,0.2681787312030792,0.45320725440979004,0.5015349984169006,0.47945436835289
44,180,0.3416074514389038,0.00020824636158067733,0.60064697265625,0.39935302734375,2,1136,953,0.26829802989959717,0.4518684446811676,0.5006014704704285,0.47799333930015564
44,200,0.33981844782829285,0.00020824636158067733,0.602783203125,0.397216796875,2,1145,950,0.26655566692352295,0.4509959816932678,0.4993242919445038,0.47649911046028137
44,220,0.3375607132911682,0.00020824636158067733,0.6070556640625,0.3929443359375,2,1146,938,0.26549088954925537,0.44890061020851135,0.4990534484386444,0.47454220056533813
44,240,0.34072625637054443,0.00020824636158067733,0.60284423828125,0.39715576171875,2,1150,953,0.2671751081943512,0.4523698091506958,0.49983322620391846,0.47915351390838623
44,260,0.3383541405200958,0.00020824636158067733,0.6051025390625,0.3948974609375,2,1135,962,0.26356270909309387,0.45295724272727966,0.4971540570259094,0.48076698184013367
44,280,0.33471378684043884,0.00020824636158067733,0.614013671875,0.385986328125,2,1131,952,0.2607153356075287,0.4524278938770294,0.49571675062179565,0.4782402217388153
44,300,0.3372704088687897,0.00020824636158067733,0.6109619140625,0.3890380859375,2,1142,955,0.2647314667701721,0.4511886537075043,0.4970358908176422,0.4785515367984772
44,320,0.33330363035202026,0.00020824636158067733,0.6143798828125,0.3856201171875,2,1135,961,0.26001083850860596,0.450075626373291,0.4933412969112396,0.4767165780067444
44,340,0.33399972319602966,0.00020824636158067733,0.61334228515625,0.38665771484375,2,1138,964,0.26074519753456116,0.4502008557319641,0.4931243062019348,0.47822046279907227
44,360,0.33209478855133057,0.00020824636158067733,0.6136474609375,0.3863525390625,2,1130,956,0.25856950879096985,0.44887566566467285,0.4915824830532074,0.4771398603916168
44,380,0.33333179354667664,0.00020824636158067733,0.61669921875,0.38330078125,2,1130,962,0.26050877571105957,0.4504980444908142,0.492792546749115,0.47864511609077454
44,400,0.33074790239334106,0.00020824636158067733,0.6185302734375,0.3814697265625,2,1128,945,0.25842219591140747,0.4480196535587311,0.4908234775066376,0.4762512147426605
44,420,0.3308504521846771,0.00020824636158067733,0.61712646484375,0.38287353515625,2,1136,940,0.25891461968421936,0.44679874181747437,0.4913620054721832,0.47590407729148865
44,440,0.3307384252548218,0.00020824636158067733,0.61737060546875,0.38262939453125,2,1130,944,0.2588277757167816,0.4467659294605255,0.4907209873199463,0.47543224692344666
44,460,0.32799288630485535,0.00020824636158067733,0.619384765625,0.380615234375,2,1121,937,0.2571023106575012,0.44335484504699707,0.4892750084400177,0.47294968366622925
44,480,0.32954129576683044,0.00020824636158067733,0.61767578125,0.38232421875,2,1129,944,0.25767943263053894,0.445639967918396,0.49022167921066284,0.47421300411224365
44,500,0.3273291289806366,0.00020824636158067733,0.62115478515625,0.37884521484375,2,1140,935,0.2561938762664795,0.443962424993515,0.4889977276325226,0.47301819920539856
44,520,0.32839474081993103,0.00020824636158067733,0.62005615234375,0.37994384765625,2,1138,945,0.25776809453964233,0.4436551034450531,0.49034684896469116,0.47311949729919434
44,540,0.3282724916934967,0.00020824636158067733,0.6190185546875,0.3809814453125,2,1129,946,0.25789913535118103,0.4426151514053345,0.4899861216545105,0.4720974266529083
44,560,0.32947006821632385,0.00020824636158067733,0.61761474609375,0.38238525390625,2,1134,945,0.2590447962284088,0.443218469619751,0.4903944432735443,0.47342559695243835
44,580,0.3309592604637146,0.00020824636158067733,0.61822509765625,0.38177490234375,2,1151,951,0.2602666914463043,0.4454348683357239,0.49181362986564636,0.47502294182777405
44,600,0.329750120639801,0.00020824636158067733,0.6187744140625,0.3812255859375,2,1143,949,0.2584776282310486,0.4454338252544403,0.49046146869659424,0.4746219217777252
44,620,0.3293667733669281,0.00020824636158067733,0.61920166015625,0.38079833984375,2,1147,952,0.2592313289642334,0.4434114098548889,0.491370290517807,0.47302666306495667
44,640,0.32807183265686035,0.00020824636158067733,0.6185302734375,0.3814697265625,2,1144,943,0.2581699788570404,0.4414135813713074,0.4896523058414459,0.47155916690826416
44,660,0.3278493583202362,0.00020824636158067733,0.619873046875,0.380126953125,2,1146,948,0.25842586159706116,0.44105827808380127,0.4897608160972595,0.47107797861099243
44,680,0.32850751280784607,0.00020824636158067733,0.619140625,0.380859375,2,1142,953,0.2583516836166382,0.4425557851791382,0.49030449986457825,0.4724069833755493
44,700,0.33001023530960083,0.00020824636158067733,0.62103271484375,0.37896728515625,2,1153,945,0.2612769305706024,0.44264692068099976,0.4924914538860321,0.4729396104812622
44,720,0.3264676332473755,0.00020824636158067733,0.62078857421875,0.37921142578125,2,1149,939,0.2581420838832855,0.43832001090049744,0.4900436997413635,0.46892881393432617
44,740,0.32826104760169983,0.00020824636158067733,0.6234130859375,0.3765869140625,2,1157,939,0.2608104944229126,0.4399206042289734,0.4918649196624756,0.46949973702430725
44,760,0.3269786536693573,0.00020824636158067733,0.62396240234375,0.37603759765625,2,1151,936,0.259170800447464,0.4394928216934204,0.4907462000846863,0.46938464045524597
44,780,0.3281342387199402,0.00020824636158067733,0.6231689453125,0.3768310546875,2,1161,937,0.26051759719848633,0.439952552318573,0.4916835129261017,0.46967434883117676
44,800,0.3262229561805725,0.00020824636158067733,0.62127685546875,0.37872314453125,2,1153,935,0.25779756903648376,0.43847140669822693,0.4899305999279022,0.46909281611442566
44,820,0.3285118043422699,0.00020824636158067733,0.62103271484375,0.37896728515625,2,1150,939,0.26101192831993103,0.4391271471977234,0.4914705157279968,0.46914592385292053
44,840,0.3273335099220276,0.00020824636158067733,0.62396240234375,0.37603759765625,2,1160,934,0.26048699021339417,0.4382524788379669,0.49143773317337036,0.46806269884109497
44,860,0.3279714584350586,0.00020824636158067733,0.62469482421875,0.37530517578125,2,1164,929,0.259751558303833,0.44152337312698364,0.49211129546165466,0.47031664848327637
44,880,0.32459747791290283,0.00020824636158067733,0.62481689453125,0.37518310546875,2,1153,942,0.2567528784275055,0.4375835657119751,0.48936355113983154,0.4676915109157562
44,900,0.3284356892108917,0.00020824636158067733,0.6212158203125,0.3787841796875,2,1151,934,0.26019716262817383,0.44034868478775024,0.4906591773033142,0.47005772590637207
44,920,0.3268904685974121,0.00020824636158067733,0.6243896484375,0.3756103515625,2,1154,939,0.25925517082214355,0.4393227696418762,0.49022892117500305,0.4689277112483978
44,940,0.3260100185871124,0.00020824636158067733,0.62286376953125,0.37713623046875,2,1155,932,0.2578822672367096,0.4385272264480591,0.48981261253356934,0.46837344765663147
44,960,0.3265937864780426,0.00020824636158067733,0.62371826171875,0.37628173828125,2,1157,938,0.25817498564720154,0.44000354409217834,0.48976320028305054,0.46960675716400146
44,980,0.3268352746963501,0.00020824636158067733,0.623779296875,0.376220703125,2,1164,930,0.2586982250213623,0.4398074448108673,0.4898765981197357,0.4693058133125305
44,1000,0.3264698386192322,0.00020824636158067733,0.624755859375,0.375244140625,2,1162,931,0.2584877610206604,0.4396553337574005,0.48964741826057434,0.46855613589286804
44,1020,0.3261587917804718,0.00020824636158067733,0.62420654296875,0.37579345703125,2,1160,937,0.25860291719436646,0.43837156891822815,0.4895861744880676,0.4676625430583954
44,1040,0.32635554671287537,0.00020824636158067733,0.62615966796875,0.37384033203125,2,1164,937,0.2579151391983032,0.4409889578819275,0.4896549880504608,0.47024938464164734
44,1060,0.3258906900882721,0.00020824636158067733,0.62554931640625,0.37445068359375,2,1158,935,0.25761017203330994,0.43995869159698486,0.4888797998428345,0.46869605779647827
44,1080,0.3261963129043579,0.00020824636158067733,0.62518310546875,0.37481689453125,2,1165,941,0.257479727268219,0.44081348180770874,0.48934826254844666,0.46949973702430725
44,1100,0.3258824646472931,0.00020824636158067733,0.6251220703125,0.3748779296875,2,1163,933,0.25723955035209656,0.44034701585769653,0.4890870451927185,0.46945592761039734
44,1120,0.32655027508735657,0.00020824636158067733,0.62542724609375,0.37457275390625,2,1163,937,0.25789347290992737,0.4411870837211609,0.48930948972702026,0.46988382935523987
44,1140,0.3257348835468292,0.00020824636158067733,0.62646484375,0.37353515625,2,1161,940,0.257619172334671,0.4399733543395996,0.48951855301856995,0.46857786178588867
44,1160,0.3241124451160431,0.00020824636158067733,0.6285400390625,0.3714599609375,2,1160,940,0.25614893436431885,0.43911218643188477,0.4878898859024048,0.4673982858657837
44,1180,0.32642093300819397,0.00020824636158067733,0.62298583984375,0.37701416015625,2,1159,931,0.25756239891052246,0.4402041733264923,0.4889570474624634,0.4691435396671295
44,1200,0.325133740901947,0.00020824636158067733,0.624755859375,0.375244140625,2,1156,938,0.2566576600074768,0.4391416609287262,0.48856663703918457,0.4681117832660675
44,1220,0.32533520460128784,0.00020824636158067733,0.62664794921875,0.37335205078125,2,1157,931,0.25733476877212524,0.4394696354866028,0.4892759919166565,0.4679931104183197
44,1240,0.32528576254844666,0.00020824636158067733,0.62579345703125,0.37420654296875,2,1158,929,0.25670576095581055,0.43997353315353394,0.4884936213493347,0.46807554364204407
44,1260,0.3242564797401428,0.00020824636158067733,0.626220703125,0.373779296875,2,1151,939,0.2556719481945038,0.4391613006591797,0.4877835810184479,0.4681133031845093
44,1280,0.3252851963043213,0.00020824636158067733,0.62554931640625,0.37445068359375,2,1148,939,0.2562180161476135,0.44066742062568665,0.4888957440853119,0.46886658668518066
44,1300,0.3251654803752899,0.00020824636158067733,0.62640380859375,0.37359619140625,2,1158,928,0.25644439458847046,0.4403892755508423,0.4884087145328522,0.4686984717845917
44,1320,0.32401877641677856,0.00020824636158067733,0.62408447265625,0.37591552734375,2,1152,932,0.25544679164886475,0.4378601014614105,0.4874640107154846,0.4661354124546051
44,1340,0.325016587972641,0.00020824636158067733,0.6246337890625,0.3753662109375,2,1159,930,0.25667718052864075,0.4387378394603729,0.4883985221385956,0.4675676226615906
44,1360,0.3261494040489197,0.00020824636158067733,0.6268310546875,0.3731689453125,2,1172,927,0.25839635729789734,0.43995773792266846,0.48970356583595276,0.46784284710884094
44,1380,0.32466036081314087,0.00020824636158067733,0.6243896484375,0.3756103515625,2,1154,939,0.2562965750694275,0.4383038282394409,0.48805469274520874,0.4668715000152588
44,1400,0.32472163438796997,0.00020824636158067733,0.62548828125,0.37451171875,2,1158,931,0.2568661570549011,0.43804994225502014,0.48782655596733093,0.4669456481933594
44,1420,0.3242322504520416,0.00020824636158067733,0.62603759765625,0.37396240234375,2,1155,934,0.25692376494407654,0.436911016702652,0.4885837435722351,0.4659872353076935
44,1440,0.3253591060638428,0.00020824636158067733,0.62579345703125,0.37420654296875,2,1161,940,0.2563600540161133,0.4407476484775543,0.4882468283176422,0.46860864758491516
44,1460,0.3245519995689392,0.00020824636158067733,0.6251220703125,0.3748779296875,2,1158,939,0.25649163126945496,0.43804508447647095,0.4883792996406555,0.466426819562912
44,1480,0.32585853338241577,0.00020824636158067733,0.62542724609375,0.37457275390625,2,1167,938,0.25753065943717957,0.43994611501693726,0.48934951424598694,0.46837612986564636
44,1500,0.3239383399486542,0.00020824636158067733,0.62542724609375,0.37457275390625,2,1160,937,0.2557796537876129,0.4377434253692627,0.4876543879508972,0.46640753746032715
44,1520,0.32444146275520325,0.00020824636158067733,0.6270751953125,0.3729248046875,2,1155,942,0.2561548054218292,0.4392659366130829,0.48812174797058105,0.4674507677555084
44,1540,0.3246474862098694,0.00020824636158067733,0.62603759765625,0.37396240234375,2,1160,939,0.2574380040168762,0.4371604919433594,0.4887646436691284,0.46622148156166077
44,1560,0.32508063316345215,0.00020824636158067733,0.62890625,0.37109375,2,1163,937,0.25735822319984436,0.43985235691070557,0.489864706993103,0.4675888419151306
44,1580,0.32418373227119446,0.00020824636158067733,0.62689208984375,0.37310791015625,2,1162,932,0.25661250948905945,0.43771615624427795,0.4879337251186371,0.4660426080226898
44,1600,0.3255200684070587,0.00020824636158067733,0.6260986328125,0.3739013671875,2,1164,932,0.2576609253883362,0.439150333404541,0.4889949560165405,0.4676738679409027
44,1620,0.32483094930648804,0.00020824636158067733,0.62640380859375,0.37359619140625,2,1161,932,0.2570135295391083,0.4385395050048828,0.4885779619216919,0.4668654501438141
44,1640,0.3257770836353302,0.00020824636158067733,0.6268310546875,0.3731689453125,2,1167,934,0.25797367095947266,0.43967002630233765,0.4892783761024475,0.46777278184890747
44,1660,0.3239282965660095,0.00020824636158067733,0.62603759765625,0.37396240234375,2,1156,934,0.2552790641784668,0.4388515055179596,0.48717454075813293,0.46714577078819275
44,1680,0.3253780007362366,0.00020824636158067733,0.6287841796875,0.3712158203125,2,1162,930,0.25774693489074707,0.43993502855300903,0.48965686559677124,0.4675140082836151
44,1700,0.3235909640789032,0.00020824636158067733,0.62542724609375,0.37457275390625,2,1159,931,0.25497692823410034,0.43815648555755615,0.4868294596672058,0.4670722782611847
44,1720,0.32593634724617004,0.00020824636158067733,0.62384033203125,0.37615966796875,2,1159,930,0.25740179419517517,0.43959707021713257,0.4886646270751953,0.46791887283325195
44,1740,0.3239474296569824,0.00020824636158067733,0.62579345703125,0.37420654296875,2,1162,935,0.256000816822052,0.437576025724411,0.4879908859729767,0.4666445553302765
44,1760,0.32477107644081116,0.00020824636158067733,0.62481689453125,0.37518310546875,2,1162,931,0.25677353143692017,0.4380117952823639,0.48857834935188293,0.4661819636821747
44,1780,0.3251766860485077,0.00020824636158067733,0.6236572265625,0.3763427734375,2,1157,930,0.2568332850933075,0.43843206763267517,0.48848956823349,0.467335969209671
44,1800,0.3256155252456665,0.00020824636158067733,0.6256103515625,0.3743896484375,2,1166,932,0.257352739572525,0.4396836459636688,0.4887341558933258,0.4677191376686096
44,1820,0.32350093126296997,0.00020824636158067733,0.62762451171875,0.37237548828125,2,1161,927,0.2555987536907196,0.4379473328590393,0.48779577016830444,0.46626245975494385
44,1840,0.3254079818725586,0.00020824636158067733,0.6243896484375,0.3756103515625,2,1160,937,0.2568036615848541,0.4394512474536896,0.4885175824165344,0.4675717353820801
44,1860,0.3254992961883545,0.00020824636158067733,0.62701416015625,0.37298583984375,2,1162,932,0.25718924403190613,0.4403330385684967,0.48907214403152466,0.4676480293273926
44,1880,0.32566553354263306,0.00020824636158067733,0.62567138671875,0.37432861328125,2,1169,934,0.25767940282821655,0.4393010139465332,0.4891740381717682,0.4673750400543213
44,1900,0.32448744773864746,0.00020824636158067733,0.6239013671875,0.3760986328125,2,1161,928,0.25669723749160767,0.4369429647922516,0.48815956711769104,0.4658326506614685
44,1920,0.32472893595695496,0.00020824636158067733,0.62646484375,0.37353515625,2,1163,931,0.2563643455505371,0.4393848776817322,0.48850589990615845,0.4671245217323303
44,1940,0.32435542345046997,0.00020824636158067733,0.6268310546875,0.3731689453125,2,1163,923,0.25708189606666565,0.43735823035240173,0.488450288772583,0.46629977226257324
44,1960,0.32367950677871704,0.00020824636158067733,0.62652587890625,0.37347412109375,2,1160,922,0.2560965120792389,0.4370541572570801,0.48757418990135193,0.46548154950141907
44,1980,0.32510727643966675,0.00020824636158067733,0.627197265625,0.372802734375,2,1167,928,0.25728151202201843,0.4392162561416626,0.48890283703804016,0.46725863218307495
44,2000,0.3242810368537903,0.00020824636158067733,0.6263427734375,0.3736572265625,2,1157,926,0.2558377683162689,0.4390089809894562,0.4879203140735626,0.46730440855026245
45,0,0.8382323980331421,0.00020824636158067733,0.37762451171875,0.62237548828125,2,1281,1132,0.9312098622322083,0.7818184494972229,0.7110745906829834,0.712488055229187
45,20,0.6769332885742188,0.00020824636158067733,0.49114990234375,0.50885009765625,2,1318,1117,0.680109441280365,0.6738676428794861,0.7054296135902405,0.6559150218963623
45,40,0.542130708694458,0.00020824636158067733,0.57257080078125,0.42742919921875,2,1310,1072,0.5037630200386047,0.5935268998146057,0.6542845964431763,0.6056707501411438
45,60,0.45305153727531433,0.00020824636158067733,0.6080322265625,0.3919677734375,2,1268,1040,0.39091044664382935,0.5494465827941895,0.5992447137832642,0.5706337094306946
45,80,0.4065512716770172,0.00020824636158067733,0.61273193359375,0.38726806640625,2,1229,1024,0.3327358365058899,0.5233412384986877,0.5597667098045349,0.5452784895896912
45,100,0.38167405128479004,0.00020824636158067733,0.607421875,0.392578125,2,1200,999,0.30847105383872986,0.49493837356567383,0.538131833076477,0.5219693183898926
45,120,0.3677446246147156,0.00020824636158067733,0.60260009765625,0.39739990234375,2,1179,976,0.2952526807785034,0.47766828536987305,0.524145245552063,0.5063099265098572
45,140,0.35557690262794495,0.00020824636158067733,0.6038818359375,0.3961181640625,2,1160,951,0.28291815519332886,0.4663451611995697,0.5126975178718567,0.49404433369636536
45,160,0.347843199968338,0.00020824636158067733,0.60272216796875,0.39727783203125,2,1146,941,0.2770518362522125,0.455242782831192,0.5071961879730225,0.48563477396965027
45,180,0.34704145789146423,0.00020824636158067733,0.60205078125,0.39794921875,2,1146,941,0.27497240900993347,0.456073522567749,0.5044357180595398,0.48331165313720703
45,200,0.34172019362449646,0.00020824636158067733,0.603515625,0.396484375,2,1139,932,0.2708662748336792,0.4495718479156494,0.5010899901390076,0.4788954257965088
45,220,0.34109580516815186,0.00020824636158067733,0.603271484375,0.396728515625,2,1134,929,0.26902148127555847,0.45069313049316406,0.4992702007293701,0.4777856767177582
45,240,0.33986741304397583,0.00020824636158067733,0.603515625,0.396484375,2,1126,934,0.2689215838909149,0.44785869121551514,0.4989222288131714,0.4765285849571228
45,260,0.33927661180496216,0.00020824636158067733,0.6038818359375,0.3961181640625,2,1136,939,0.2678295075893402,0.4481975734233856,0.4977267384529114,0.47584211826324463
45,280,0.33526453375816345,0.00020824636158067733,0.60546875,0.39453125,2,1122,929,0.2655750811100006,0.44221368432044983,0.4960029125213623,0.4721825122833252
45,300,0.3370365500450134,0.00020824636158067733,0.6041259765625,0.3958740234375,2,1117,935,0.26641592383384705,0.44480758905410767,0.49645328521728516,0.4736534655094147
45,320,0.3360776901245117,0.00020824636158067733,0.60858154296875,0.39141845703125,2,1128,936,0.2650753855705261,0.44647279381752014,0.4965493679046631,0.47414106130599976
45,340,0.3341749310493469,0.00020824636158067733,0.60986328125,0.39013671875,2,1124,926,0.26522600650787354,0.44195613265037537,0.49552929401397705,0.4709407687187195
45,360,0.33456167578697205,0.00020824636158067733,0.60968017578125,0.39031982421875,2,1121,928,0.26445698738098145,0.44406530261039734,0.49557408690452576,0.4736902117729187
45,380,0.33553576469421387,0.00020824636158067733,0.6103515625,0.3896484375,2,1123,938,0.26495233178138733,0.44609877467155457,0.49575912952423096,0.4749167859554291
45,400,0.33345791697502136,0.00020824636158067733,0.61248779296875,0.38751220703125,2,1122,943,0.26287564635276794,0.44501763582229614,0.49395549297332764,0.4737143814563751
45,420,0.3325687050819397,0.00020824636158067733,0.61181640625,0.38818359375,2,1126,947,0.2611748278141022,0.44509273767471313,0.4929129481315613,0.47391772270202637
45,440,0.3320843577384949,0.00020824636158067733,0.60943603515625,0.39056396484375,2,1121,937,0.26012346148490906,0.44437214732170105,0.4915016293525696,0.4739416241645813
45,460,0.333711713552475,0.00020824636158067733,0.6142578125,0.3857421875,2,1119,934,0.26154717803001404,0.44862687587738037,0.4918193221092224,0.47653862833976746
45,480,0.3316032290458679,0.00020824636158067733,0.6142578125,0.3857421875,2,1125,935,0.2604609727859497,0.4448903799057007,0.49241703748703003,0.47356632351875305
45,500,0.3290652334690094,0.00020824636158067733,0.615966796875,0.384033203125,2,1111,933,0.25843873620033264,0.44234588742256165,0.4901959002017975,0.47201597690582275
45,520,0.3308020830154419,0.00020824636158067733,0.6134033203125,0.3865966796875,2,1117,940,0.2584470808506012,0.4456060826778412,0.4899945855140686,0.47360193729400635
45,540,0.32966816425323486,0.00020824636158067733,0.61810302734375,0.38189697265625,2,1122,941,0.2582671642303467,0.44523119926452637,0.48987019062042236,0.4735317826271057
45,560,0.330965518951416,0.00020824636158067733,0.6156005859375,0.3843994140625,2,1129,935,0.25954726338386536,0.4453389644622803,0.4903726577758789,0.47465017437934875
45,580,0.3295878767967224,0.00020824636158067733,0.61932373046875,0.38067626953125,2,1125,932,0.2587067484855652,0.4449046552181244,0.4898890256881714,0.4735480844974518
45,600,0.32854968309402466,0.00020824636158067733,0.61712646484375,0.38287353515625,2,1120,933,0.25790855288505554,0.44241106510162354,0.48922890424728394,0.4719780683517456
45,620,0.3279024362564087,0.00020824636158067733,0.6181640625,0.3818359375,2,1116,937,0.25627920031547546,0.4438551068305969,0.4881294071674347,0.4734851121902466
45,640,0.33044615387916565,0.00020824636158067733,0.61761474609375,0.38238525390625,2,1121,933,0.25911790132522583,0.4456530511379242,0.4903334379196167,0.47527948021888733
45,660,0.32942721247673035,0.00020824636158067733,0.61566162109375,0.38433837890625,2,1121,936,0.25759559869766235,0.4444924592971802,0.4891306757926941,0.47415629029273987
45,680,0.3293600380420685,0.00020824636158067733,0.6219482421875,0.3780517578125,2,1126,943,0.2573007345199585,0.44790777564048767,0.4891420900821686,0.4760262668132782
45,700,0.3260275423526764,0.00020824636158067733,0.622314453125,0.377685546875,2,1122,938,0.25454455614089966,0.44381052255630493,0.48701736330986023,0.4733397364616394
45,720,0.327714741230011,0.00020824636158067733,0.62225341796875,0.37774658203125,2,1128,950,0.25569355487823486,0.44635358452796936,0.48786240816116333,0.4749876856803894
45,740,0.33045414090156555,0.00020824636158067733,0.6212158203125,0.3787841796875,2,1134,947,0.25869521498680115,0.4481406807899475,0.49002888798713684,0.47627416253089905
45,760,0.32906243205070496,0.00020824636158067733,0.619873046875,0.380126953125,2,1130,941,0.2575412094593048,0.44569215178489685,0.4889988303184509,0.47434553503990173
45,780,0.32992497086524963,0.00020824636158067733,0.62188720703125,0.37811279296875,2,1136,945,0.25778093934059143,0.4485812187194824,0.48935574293136597,0.475739061832428
45,800,0.32864636182785034,0.00020824636158067733,0.62188720703125,0.37811279296875,2,1137,950,0.25624820590019226,0.44772055745124817,0.48841914534568787,0.4759657084941864
45,820,0.3284228444099426,0.00020824636158067733,0.6217041015625,0.3782958984375,2,1136,950,0.25711148977279663,0.4456183612346649,0.4890323877334595,0.47427797317504883
45,840,0.32866352796554565,0.00020824636158067733,0.62060546875,0.37939453125,2,1141,945,0.256599098443985,0.4465450644493103,0.48827049136161804,0.47396743297576904
45,860,0.3301175832748413,0.00020824636158067733,0.62152099609375,0.37847900390625,2,1147,949,0.25898241996765137,0.4469323754310608,0.4893251359462738,0.4747413992881775
45,880,0.3297412395477295,0.00020824636158067733,0.6234130859375,0.3765869140625,2,1142,955,0.2578687071800232,0.4487210810184479,0.489391952753067,0.47598499059677124
45,900,0.3286531865596771,0.00020824636158067733,0.6207275390625,0.3792724609375,2,1140,949,0.25683680176734924,0.44618985056877136,0.4881937503814697,0.47449153661727905
45,920,0.3294791877269745,0.00020824636158067733,0.6258544921875,0.3741455078125,2,1151,947,0.25879931449890137,0.4477095305919647,0.48994338512420654,0.47486740350723267
45,940,0.32844457030296326,0.00020824636158067733,0.62286376953125,0.37713623046875,2,1145,950,0.25677672028541565,0.44680842757225037,0.4885692298412323,0.47514674067497253
45,960,0.3283066749572754,0.00020824636158067733,0.627685546875,0.372314453125,2,1145,944,0.25810420513153076,0.4466611444950104,0.48940739035606384,0.474746435880661
45,980,0.3288189172744751,0.00020824636158067733,0.6258544921875,0.3741455078125,2,1146,947,0.25760889053344727,0.4479360282421112,0.48939305543899536,0.4756311774253845
45,1000,0.327391654253006,0.00020824636158067733,0.6253662109375,0.3746337890625,2,1146,941,0.2567068636417389,0.44538384675979614,0.4887121021747589,0.47402140498161316
45,1020,0.3280852437019348,0.00020824636158067733,0.6251220703125,0.3748779296875,2,1142,946,0.2578701972961426,0.4451712965965271,0.4892341196537018,0.4741653800010681
45,1040,0.3271205723285675,0.00020824636158067733,0.625,0.375,2,1140,943,0.2562996745109558,0.44515538215637207,0.48749107122421265,0.4727272391319275
45,1060,0.3287341594696045,0.00020824636158067733,0.62603759765625,0.37396240234375,2,1149,945,0.2587757110595703,0.44584915041923523,0.48981574177742004,0.4732121527194977
45,1080,0.32707977294921875,0.00020824636158067733,0.62799072265625,0.37200927734375,2,1143,938,0.25795793533325195,0.44376468658447266,0.4892105758190155,0.47264331579208374
45,1100,0.32700586318969727,0.00020824636158067733,0.62445068359375,0.37554931640625,2,1143,944,0.25709807872772217,0.4432462453842163,0.4885413646697998,0.47237667441368103
45,1120,0.325766384601593,0.00020824636158067733,0.6278076171875,0.3721923828125,2,1144,938,0.25694048404693604,0.44186070561408997,0.48850974440574646,0.4713660180568695
45,1140,0.326524555683136,0.00020824636158067733,0.62896728515625,0.37103271484375,2,1146,941,0.25716713070869446,0.4440978169441223,0.4889756739139557,0.47249266505241394
45,1160,0.32619765400886536,0.00020824636158067733,0.62872314453125,0.37127685546875,2,1150,941,0.25749310851097107,0.44254252314567566,0.4891507029533386,0.4715982675552368
45,1180,0.3282325565814972,0.00020824636158067733,0.62713623046875,0.37286376953125,2,1153,944,0.2591627240180969,0.444404274225235,0.4902169406414032,0.4730152189731598
45,1200,0.32654014229774475,0.00020824636158067733,0.62615966796875,0.37384033203125,2,1151,946,0.2573106288909912,0.44249528646469116,0.48883306980133057,0.47234001755714417
45,1220,0.3276122808456421,0.00020824636158067733,0.6259765625,0.3740234375,2,1156,945,0.2582162916660309,0.44375547766685486,0.4894731938838959,0.47220271825790405
45,1240,0.3266405165195465,0.00020824636158067733,0.62646484375,0.37353515625,2,1150,943,0.2573036253452301,0.4429270923137665,0.4889545142650604,0.4714975357055664
45,1260,0.3263440430164337,0.00020824636158067733,0.6273193359375,0.3726806640625,2,1152,940,0.2571529150009155,0.44281092286109924,0.4887557923793793,0.4713885486125946
45,1280,0.3262706696987152,0.00020824636158067733,0.628662109375,0.371337890625,2,1160,941,0.2573309540748596,0.4429832100868225,0.48888131976127625,0.4714670777320862
45,1300,0.32707881927490234,0.00020824636158067733,0.62615966796875,0.37384033203125,2,1154,945,0.257760226726532,0.44318318367004395,0.4894324839115143,0.47160303592681885
45,1320,0.3266422152519226,0.00020824636158067733,0.6268310546875,0.3731689453125,2,1150,948,0.2568286061286926,0.4439117908477783,0.4881764054298401,0.4718187749385834
45,1340,0.32614612579345703,0.00020824636158067733,0.6285400390625,0.3714599609375,2,1159,942,0.25755536556243896,0.4422071874141693,0.48885783553123474,0.4707561731338501
45,1360,0.3268263339996338,0.00020824636158067733,0.62725830078125,0.37274169921875,2,1157,944,0.2584604024887085,0.44187405705451965,0.4893827438354492,0.4708688259124756
45,1380,0.3257333040237427,0.00020824636158067733,0.62762451171875,0.37237548828125,2,1151,948,0.2568822205066681,0.44177913665771484,0.48855406045913696,0.4701802432537079
45,1400,0.3275746703147888,0.00020824636158067733,0.62713623046875,0.37286376953125,2,1157,950,0.25831493735313416,0.444065660238266,0.4894201159477234,0.47247299551963806
45,1420,0.32526642084121704,0.00020824636158067733,0.6285400390625,0.3714599609375,2,1151,941,0.2571870982646942,0.44046205282211304,0.488358736038208,0.4686892330646515
45,1440,0.32695916295051575,0.00020824636158067733,0.6256103515625,0.3743896484375,2,1154,942,0.25762251019477844,0.4428217113018036,0.489057332277298,0.47153761982917786
45,1460,0.3259889781475067,0.00020824636158067733,0.6290283203125,0.3709716796875,2,1158,948,0.2577419579029083,0.4417102336883545,0.4894300103187561,0.47007328271865845
45,1480,0.3271414637565613,0.00020824636158067733,0.62615966796875,0.37384033203125,2,1165,943,0.2583349645137787,0.4423881471157074,0.4895116090774536,0.4712788760662079
45,1500,0.3249487280845642,0.00020824636158067733,0.6268310546875,0.3731689453125,2,1144,951,0.25599339604377747,0.4407765865325928,0.4876011610031128,0.46952253580093384
45,1520,0.3267967402935028,0.00020824636158067733,0.62701416015625,0.37298583984375,2,1155,949,0.25724145770072937,0.44372376799583435,0.48883670568466187,0.4711300730705261
45,1540,0.3257696032524109,0.00020824636158067733,0.62677001953125,0.37322998046875,2,1157,948,0.25662946701049805,0.4418776333332062,0.4885298013687134,0.4705241620540619
45,1560,0.3279585540294647,0.00020824636158067733,0.62445068359375,0.37554931640625,2,1159,951,0.2578457295894623,0.44453975558280945,0.48896804451942444,0.47099781036376953
45,1580,0.3280373513698578,0.00020824636158067733,0.62579345703125,0.37420654296875,2,1157,947,0.25889939069747925,0.44365814328193665,0.48984548449516296,0.471432626247406
45,1600,0.32545074820518494,0.00020824636158067733,0.62811279296875,0.37188720703125,2,1157,948,0.2567935287952423,0.44141197204589844,0.4879448115825653,0.4705490171909332
45,1620,0.3275957703590393,0.00020824636158067733,0.625244140625,0.374755859375,2,1161,950,0.2586817443370819,0.4425722360610962,0.48971986770629883,0.47096049785614014
45,1640,0.32645195722579956,0.00020824636158067733,0.62603759765625,0.37396240234375,2,1155,944,0.25798967480659485,0.4410623610019684,0.48917892575263977,0.4695431590080261
45,1660,0.32578542828559875,0.00020824636158067733,0.62579345703125,0.37420654296875,2,1156,946,0.25718575716018677,0.44050607085227966,0.4886711835861206,0.46890372037887573
45,1680,0.32632285356521606,0.00020824636158067733,0.62518310546875,0.37481689453125,2,1151,948,0.25755152106285095,0.4410313069820404,0.488707959651947,0.4698009788990021
45,1700,0.32643160223960876,0.00020824636158067733,0.62579345703125,0.37420654296875,2,1155,948,0.2577149569988251,0.4413479268550873,0.4887549877166748,0.46988049149513245
45,1720,0.3268907964229584,0.00020824636158067733,0.6251220703125,0.3748779296875,2,1155,950,0.2574913799762726,0.44261685013771057,0.4890993535518646,0.47092464566230774
45,1740,0.32533007860183716,0.00020824636158067733,0.6256103515625,0.3743896484375,2,1148,949,0.2565802037715912,0.4402121305465698,0.4880255162715912,0.4693070650100708
45,1760,0.32519441843032837,0.00020824636158067733,0.62554931640625,0.37445068359375,2,1148,936,0.2563474774360657,0.4402087330818176,0.4873763918876648,0.46768656373023987
45,1780,0.3253433406352997,0.00020824636158067733,0.62640380859375,0.37359619140625,2,1145,940,0.2562193274497986,0.4412427246570587,0.4881829619407654,0.4704018831253052
45,1800,0.32673680782318115,0.00020824636158067733,0.62310791015625,0.37689208984375,2,1145,940,0.25771400332450867,0.44085076451301575,0.4885305166244507,0.46822336316108704
45,1820,0.3261306583881378,0.00020824636158067733,0.62481689453125,0.37518310546875,2,1153,940,0.25803500413894653,0.4395347833633423,0.48917701840400696,0.46906188130378723
45,1840,0.32639750838279724,0.00020824636158067733,0.625,0.375,2,1151,939,0.25788193941116333,0.44059014320373535,0.48868805170059204,0.46948492527008057
45,1860,0.32615208625793457,0.00020824636158067733,0.625,0.375,2,1148,947,0.2572830021381378,0.4409339427947998,0.4881393015384674,0.469036728143692
45,1880,0.32622092962265015,0.00020824636158067733,0.6275634765625,0.3724365234375,2,1152,940,0.25895214080810547,0.4395703077316284,0.49052271246910095,0.468745619058609
45,1900,0.326763778924942,0.00020824636158067733,0.62579345703125,0.37420654296875,2,1146,943,0.2579871714115143,0.44178035855293274,0.4891918897628784,0.46938368678092957
45,1920,0.32547006011009216,0.00020824636158067733,0.62591552734375,0.37408447265625,2,1147,941,0.25657492876052856,0.4407448470592499,0.4879187047481537,0.46901410818099976
45,1940,0.3274564743041992,0.00020824636158067733,0.6240234375,0.3759765625,2,1150,944,0.2566734850406647,0.4449377954006195,0.48807492852211,0.47146162390708923
45,1960,0.3247363865375519,0.00020824636158067733,0.62603759765625,0.37396240234375,2,1155,950,0.2556571960449219,0.44037947058677673,0.4873178005218506,0.4679684042930603
45,1980,0.3269598186016083,0.00020824636158067733,0.62823486328125,0.37176513671875,2,1159,948,0.25961706042289734,0.4407602846622467,0.4901106357574463,0.4695974588394165
45,2000,0.32682982087135315,0.00020824636158067733,0.6243896484375,0.3756103515625,2,1145,942,0.25817081332206726,0.440964013338089,0.4890926778316498,0.46823909878730774
46,0,0.7060337066650391,0.00020824636158067733,0.58880615234375,0.41119384765625,2,1341,1094,0.7434523701667786,0.6524525284767151,0.7082312703132629,0.6192954182624817
46,20,0.5029494166374207,0.00020824636158067733,0.595703125,0.404296875,2,1298,1014,0.4771603047847748,0.5409479737281799,0.6253405213356018,0.5516157150268555
46,40,0.3851219117641449,0.00020824636158067733,0.6094970703125,0.3905029296875,2,1209,948,0.3290906250476837,0.47257545590400696,0.5493700504302979,0.5018570423126221
46,60,0.3476368486881256,0.00020824636158067733,0.6072998046875,0.3927001953125,2,1147,930,0.28042012453079224,0.451585590839386,0.512854278087616,0.4820997416973114
46,80,0.3425765037536621,0.00020824636158067733,0.60638427734375,0.39361572265625,2,1134,937,0.2726888060569763,0.45024195313453674,0.5034690499305725,0.4790840148925781
46,100,0.34218159317970276,0.00020824636158067733,0.6055908203125,0.3944091796875,2,1139,941,0.27112001180648804,0.4512922465801239,0.5021635293960571,0.47992047667503357
46,120,0.3406055271625519,0.00020824636158067733,0.60797119140625,0.39202880859375,2,1128,941,0.2690981328487396,0.4515014588832855,0.5010063052177429,0.47930508852005005
46,140,0.342375248670578,0.00020824636158067733,0.60711669921875,0.39288330078125,2,1131,939,0.2706233561038971,0.45325231552124023,0.5014962553977966,0.4821126163005829
46,160,0.3407015800476074,0.00020824636158067733,0.6107177734375,0.3892822265625,2,1126,949,0.26785215735435486,0.4549899697303772,0.4995250105857849,0.4835506081581116
46,180,0.33962997794151306,0.00020824636158067733,0.607421875,0.392578125,2,1112,961,0.26553913950920105,0.4542680084705353,0.49673783779144287,0.48320651054382324
46,200,0.33582788705825806,0.00020824636158067733,0.61572265625,0.38427734375,2,1117,949,0.26259008049964905,0.4531759023666382,0.4946404993534088,0.48197120428085327
46,220,0.3353193700313568,0.00020824636158067733,0.61474609375,0.38525390625,2,1111,951,0.26023584604263306,0.4551295042037964,0.49261507391929626,0.4832053780555725
46,240,0.3333628177642822,0.00020824636158067733,0.61627197265625,0.38372802734375,2,1120,948,0.25907230377197266,0.45267438888549805,0.49163541197776794,0.48038914799690247
46,260,0.3329223394393921,0.00020824636158067733,0.619140625,0.380859375,2,1117,952,0.2602600157260895,0.45104527473449707,0.49291959404945374,0.4794692397117615
46,280,0.33247557282447815,0.00020824636158067733,0.61920166015625,0.38079833984375,2,1114,958,0.25970494747161865,0.4508052170276642,0.4912463128566742,0.4795336425304413
46,300,0.3273256719112396,0.00020824636158067733,0.61993408203125,0.38006591796875,2,1105,943,0.2531833350658417,0.4482610523700714,0.48664620518684387,0.4771217703819275
46,320,0.32835841178894043,0.00020824636158067733,0.62225341796875,0.37774658203125,2,1106,942,0.2557470202445984,0.4479694962501526,0.48750755190849304,0.4768134355545044
46,340,0.3271329700946808,0.00020824636158067733,0.62213134765625,0.37786865234375,2,1107,944,0.2542334198951721,0.4471564292907715,0.48663464188575745,0.47621622681617737
46,360,0.32577788829803467,0.00020824636158067733,0.621337890625,0.378662109375,2,1101,944,0.25324326753616333,0.4447983205318451,0.4853556752204895,0.4743932783603668
46,380,0.32472673058509827,0.00020824636158067733,0.6236572265625,0.3763427734375,2,1099,943,0.25358811020851135,0.44261419773101807,0.4851221740245819,0.47264349460601807
46,400,0.32570111751556396,0.00020824636158067733,0.6236572265625,0.3763427734375,2,1099,941,0.25424724817276,0.4441109597682953,0.4860062897205353,0.47366032004356384
46,420,0.323713093996048,0.00020824636158067733,0.6253662109375,0.3746337890625,2,1101,937,0.2522171437740326,0.44305938482284546,0.4847926199436188,0.47191542387008667
46,440,0.3247329294681549,0.00020824636158067733,0.626953125,0.373046875,2,1105,939,0.2538986802101135,0.4437789022922516,0.4857371747493744,0.47339242696762085
46,460,0.32615017890930176,0.00020824636158067733,0.6220703125,0.3779296875,2,1095,933,0.25454264879226685,0.4440157413482666,0.48633596301078796,0.4730444848537445
46,480,0.32472607493400574,0.00020824636158067733,0.62115478515625,0.37884521484375,2,1099,938,0.25339800119400024,0.44167560338974,0.4856327474117279,0.4713141918182373
46,500,0.3247314393520355,0.00020824636158067733,0.622802734375,0.377197265625,2,1098,944,0.25332945585250854,0.44262561202049255,0.4848032295703888,0.471743643283844
46,520,0.32621827721595764,0.00020824636158067733,0.621826171875,0.378173828125,2,1106,951,0.2553213834762573,0.4427930414676666,0.48716437816619873,0.47228163480758667
46,540,0.3233214020729065,0.00020824636158067733,0.62237548828125,0.37762451171875,2,1096,945,0.25244036316871643,0.44014284014701843,0.48435983061790466,0.47020289301872253
46,560,0.32393813133239746,0.00020824636158067733,0.6241455078125,0.3758544921875,2,1104,943,0.2530770003795624,0.4416104257106781,0.4849977195262909,0.47096335887908936
46,580,0.3257285952568054,0.00020824636158067733,0.62347412109375,0.37652587890625,2,1107,943,0.25566646456718445,0.4417417347431183,0.4864461123943329,0.4717145264148712
46,600,0.32436174154281616,0.00020824636158067733,0.62335205078125,0.37664794921875,2,1098,947,0.2529224753379822,0.4425937235355377,0.4850247800350189,0.47177454829216003
46,620,0.3237573802471161,0.00020824636158067733,0.6243896484375,0.3756103515625,2,1101,940,0.25334128737449646,0.4408124089241028,0.48543545603752136,0.4704402983188629
46,640,0.3251156806945801,0.00020824636158067733,0.62200927734375,0.37799072265625,2,1112,943,0.25346243381500244,0.4430257976055145,0.48566603660583496,0.47184401750564575
46,660,0.3236755132675171,0.00020824636158067733,0.6236572265625,0.3763427734375,2,1112,943,0.25339430570602417,0.4401421844959259,0.4852924644947052,0.47009676694869995
46,680,0.3239097595214844,0.00020824636158067733,0.6241455078125,0.3758544921875,2,1109,944,0.2532431483268738,0.4412589967250824,0.484873503446579,0.4705744683742523
46,700,0.32359862327575684,0.00020824636158067733,0.62164306640625,0.37835693359375,2,1101,947,0.2530823349952698,0.43945732712745667,0.4855618476867676,0.4692988097667694
46,720,0.32362064719200134,0.00020824636158067733,0.62225341796875,0.37774658203125,2,1104,945,0.25340932607650757,0.43927809596061707,0.48477232456207275,0.46952468156814575
46,740,0.32626473903656006,0.00020824636158067733,0.6226806640625,0.3773193359375,2,1110,950,0.25611403584480286,0.44203266501426697,0.48722967505455017,0.47084134817123413
46,760,0.32447564601898193,0.00020824636158067733,0.623046875,0.376953125,2,1123,943,0.2551491856575012,0.4390619397163391,0.48649540543556213,0.4692170321941376
46,780,0.32339707016944885,0.00020824636158067733,0.6214599609375,0.3785400390625,2,1108,943,0.2526160776615143,0.4396001994609833,0.48437726497650146,0.4692451059818268
46,800,0.3247905671596527,0.00020824636158067733,0.6251220703125,0.3748779296875,2,1117,941,0.2555931806564331,0.44017961621284485,0.4861682057380676,0.469754695892334
46,820,0.3223506510257721,0.00020824636158067733,0.6234130859375,0.3765869140625,2,1110,935,0.2528690993785858,0.43737250566482544,0.48432090878486633,0.4679373800754547
46,840,0.32408106327056885,0.00020824636158067733,0.6239013671875,0.3760986328125,2,1121,941,0.25603827834129333,0.4369557499885559,0.4871283769607544,0.4676973223686218
46,860,0.32388582825660706,0.00020824636158067733,0.62371826171875,0.37628173828125,2,1116,939,0.2540073096752167,0.4397152066230774,0.48542532324790955,0.46931177377700806
46,880,0.32249391078948975,0.00020824636158067733,0.62451171875,0.37548828125,2,1113,939,0.2525959610939026,0.43874800205230713,0.4843296706676483,0.4682827889919281
46,900,0.32610341906547546,0.00020824636158067733,0.6241455078125,0.3758544921875,2,1127,938,0.25782305002212524,0.43949007987976074,0.48847025632858276,0.4690709114074707
46,920,0.32212308049201965,0.00020824636158067733,0.623046875,0.376953125,2,1114,933,0.25203561782836914,0.4379671812057495,0.4843466579914093,0.46724560856819153
46,940,0.3248628079891205,0.00020824636158067733,0.62200927734375,0.37799072265625,2,1119,948,0.25568005442619324,0.4387076497077942,0.4870665371417999,0.4688156545162201
46,960,0.3229077160358429,0.00020824636158067733,0.6231689453125,0.3768310546875,2,1113,942,0.25313758850097656,0.4382871985435486,0.48427191376686096,0.4679845869541168
46,980,0.3239728808403015,0.00020824636158067733,0.62237548828125,0.37762451171875,2,1110,945,0.25325682759284973,0.4405224323272705,0.4849953055381775,0.46998512744903564
46,1000,0.3226100206375122,0.00020824636158067733,0.623291015625,0.376708984375,2,1111,934,0.25267264246940613,0.43832623958587646,0.4837456941604614,0.46793437004089355
46,1020,0.32207635045051575,0.00020824636158067733,0.62420654296875,0.37579345703125,2,1120,939,0.25372228026390076,0.43561500310897827,0.48465919494628906,0.46638068556785583
46,1040,0.32440435886383057,0.00020824636158067733,0.62347412109375,0.37652587890625,2,1119,941,0.255886435508728,0.43786048889160156,0.4863211214542389,0.46806800365448
46,1060,0.32370883226394653,0.00020824636158067733,0.62274169921875,0.37725830078125,2,1118,943,0.2532908320426941,0.439948171377182,0.4843469560146332,0.4689566493034363
46,1080,0.32127031683921814,0.00020824636158067733,0.6239013671875,0.3760986328125,2,1119,934,0.2525460124015808,0.4352754056453705,0.48419317603111267,0.4653508961200714
46,1100,0.3238992393016815,0.00020824636158067733,0.6259765625,0.3740234375,2,1120,949,0.2536969482898712,0.44139185547828674,0.4850154221057892,0.4696914255619049
46,1120,0.3244588077068329,0.00020824636158067733,0.6243896484375,0.3756103515625,2,1122,936,0.25483790040016174,0.44019192457199097,0.48603731393814087,0.4693269431591034
46,1140,0.3236290216445923,0.00020824636158067733,0.62420654296875,0.37579345703125,2,1120,942,0.25339892506599426,0.44028377532958984,0.4847327172756195,0.46945732831954956
46,1160,0.32264646887779236,0.00020824636158067733,0.6234130859375,0.3765869140625,2,1121,932,0.2543337345123291,0.4357334077358246,0.4854201078414917,0.46650758385658264
46,1180,0.32601451873779297,0.00020824636158067733,0.623046875,0.376953125,2,1131,941,0.2578801214694977,0.4386304020881653,0.48802706599235535,0.46934789419174194
46,1200,0.32305553555488586,0.00020824636158067733,0.621826171875,0.378173828125,2,1120,946,0.253145307302475,0.4380078911781311,0.4845619201660156,0.46819642186164856
46,1220,0.32229307293891907,0.00020824636158067733,0.62298583984375,0.37701416015625,2,1125,940,0.25310051441192627,0.4366281032562256,0.4842466711997986,0.46625563502311707
46,1240,0.3241201639175415,0.00020824636158067733,0.62353515625,0.37646484375,2,1128,950,0.2554546594619751,0.43785008788108826,0.4860598146915436,0.46794602274894714
46,1260,0.32252728939056396,0.00020824636158067733,0.624267578125,0.375732421875,2,1131,931,0.2532835006713867,0.4375736117362976,0.48496779799461365,0.4674991965293884
46,1280,0.3245156407356262,0.00020824636158067733,0.62188720703125,0.37811279296875,2,1130,934,0.25605347752571106,0.4371163845062256,0.48670345544815063,0.4672601819038391
46,1300,0.32338327169418335,0.00020824636158067733,0.62274169921875,0.37725830078125,2,1131,937,0.25440528988838196,0.4372454583644867,0.48480668663978577,0.46769315004348755
46,1320,0.32292070984840393,0.00020824636158067733,0.626220703125,0.373779296875,2,1133,932,0.25548189878463745,0.4359060823917389,0.4858804941177368,0.4667694568634033
46,1340,0.3245393633842468,0.00020824636158067733,0.62347412109375,0.37652587890625,2,1137,946,0.2547415792942047,0.4401145875453949,0.485706090927124,0.4691966474056244
46,1360,0.32487040758132935,0.00020824636158067733,0.6221923828125,0.3778076171875,2,1131,944,0.2560679614543915,0.43817758560180664,0.4861771762371063,0.46777671575546265
46,1380,0.3242366909980774,0.00020824636158067733,0.6239013671875,0.3760986328125,2,1133,939,0.25599661469459534,0.43743857741355896,0.4863400459289551,0.4676549434661865
46,1400,0.3221186101436615,0.00020824636158067733,0.625732421875,0.374267578125,2,1135,932,0.25307026505470276,0.43755948543548584,0.4849174916744232,0.4673817753791809
46,1420,0.3218415677547455,0.00020824636158067733,0.624755859375,0.375244140625,2,1132,934,0.25350868701934814,0.43561112880706787,0.48429277539253235,0.4662054777145386
46,1440,0.32213094830513,0.00020824636158067733,0.62371826171875,0.37628173828125,2,1128,944,0.2533486485481262,0.43614330887794495,0.48434293270111084,0.46632322669029236
46,1460,0.32220152020454407,0.00020824636158067733,0.62261962890625,0.37738037109375,2,1126,938,0.2537374198436737,0.4351567029953003,0.48407232761383057,0.4656122028827667
46,1480,0.3235492408275604,0.00020824636158067733,0.624267578125,0.375732421875,2,1145,937,0.2556847333908081,0.436303973197937,0.48631709814071655,0.4667401909828186
46,1500,0.3223772943019867,0.00020824636158067733,0.62457275390625,0.37542724609375,2,1133,941,0.2530919909477234,0.4376426637172699,0.48434728384017944,0.46747568249702454
46,1520,0.3216288983821869,0.00020824636158067733,0.624755859375,0.375244140625,2,1130,931,0.25328198075294495,0.43542182445526123,0.4844835698604584,0.4659669101238251
46,1540,0.32332420349121094,0.00020824636158067733,0.62664794921875,0.37335205078125,2,1135,935,0.25543808937072754,0.4372667074203491,0.48622533679008484,0.4670408070087433
46,1560,0.3226146101951599,0.00020824636158067733,0.62506103515625,0.37493896484375,2,1135,935,0.2544068396091461,0.436323881149292,0.4851009249687195,0.4663606882095337
46,1580,0.3248230218887329,0.00020824636158067733,0.62506103515625,0.37493896484375,2,1139,937,0.2562897205352783,0.439074844121933,0.48662257194519043,0.4680832326412201
46,1600,0.3228696286678314,0.00020824636158067733,0.6239013671875,0.3760986328125,2,1128,936,0.2550688683986664,0.4353427588939667,0.48515599966049194,0.4656989574432373
46,1620,0.32252272963523865,0.00020824636158067733,0.62530517578125,0.37469482421875,2,1130,927,0.255787193775177,0.4338935315608978,0.4863523244857788,0.46455585956573486
46,1640,0.3229035437107086,0.00020824636158067733,0.62445068359375,0.37554931640625,2,1135,930,0.2562015950679779,0.43381330370903015,0.48606589436531067,0.4643244445323944
46,1660,0.32422423362731934,0.00020824636158067733,0.62371826171875,0.37628173828125,2,1136,934,0.256199449300766,0.4369810223579407,0.4869886338710785,0.4668422043323517
46,1680,0.32359611988067627,0.00020824636158067733,0.62506103515625,0.37493896484375,2,1134,937,0.2561918795108795,0.43596577644348145,0.4856261909008026,0.465796560049057
46,1700,0.3228907585144043,0.00020824636158067733,0.62841796875,0.37158203125,2,1146,931,0.25694623589515686,0.4344159662723541,0.48774629831314087,0.4653095602989197
46,1720,0.32214778661727905,0.00020824636158067733,0.6260986328125,0.3739013671875,2,1138,937,0.25505751371383667,0.4344905912876129,0.48526284098625183,0.46430784463882446
46,1740,0.3232121467590332,0.00020824636158067733,0.6265869140625,0.3734130859375,2,1132,938,0.2555510401725769,0.4367474913597107,0.48616376519203186,0.4665587544441223
46,1760,0.3230590224266052,0.00020824636158067733,0.62640380859375,0.37359619140625,2,1134,931,0.2564956247806549,0.43466493487358093,0.4862995147705078,0.4653414487838745
46,1780,0.3232220411300659,0.00020824636158067733,0.62744140625,0.37255859375,2,1131,940,0.257106214761734,0.43457040190696716,0.4867061376571655,0.4645366966724396
46,1800,0.32299697399139404,0.00020824636158067733,0.6246337890625,0.3753662109375,2,1135,930,0.25631675124168396,0.43395718932151794,0.4861297011375427,0.4645691514015198
46,1820,0.3193320631980896,0.00020824636158067733,0.62591552734375,0.37408447265625,2,1127,937,0.25073006749153137,0.4341164827346802,0.48309746384620667,0.4636364281177521
46,1840,0.32279518246650696,0.00020824636158067733,0.62481689453125,0.37518310546875,2,1133,933,0.2558968663215637,0.4342053234577179,0.48580440878868103,0.4641672670841217
46,1860,0.3219038248062134,0.00020824636158067733,0.62884521484375,0.37115478515625,2,1138,933,0.2554408609867096,0.43451160192489624,0.48553067445755005,0.4646642208099365
46,1880,0.3229503333568573,0.00020824636158067733,0.6270751953125,0.3729248046875,2,1132,929,0.254917711019516,0.4373475909233093,0.4865032136440277,0.46683934330940247
46,1900,0.3226598799228668,0.00020824636158067733,0.62286376953125,0.37713623046875,2,1129,941,0.2539146840572357,0.43619680404663086,0.4852837920188904,0.4657003581523895
46,1920,0.32341429591178894,0.00020824636158067733,0.626220703125,0.373779296875,2,1135,942,0.25569283962249756,0.436873197555542,0.48609113693237305,0.4662759602069855
46,1940,0.32608360052108765,0.00020824636158067733,0.6241455078125,0.3758544921875,2,1136,936,0.25911471247673035,0.4372924268245697,0.48761504888534546,0.4667744040489197
46,1960,0.32375556230545044,0.00020824636158067733,0.62353515625,0.37646484375,2,1130,942,0.25606846809387207,0.4358650743961334,0.4860491454601288,0.46577492356300354
46,1980,0.32271748781204224,0.00020824636158067733,0.62548828125,0.37451171875,2,1135,938,0.2548914849758148,0.43599656224250793,0.4856630265712738,0.4660434126853943
46,2000,0.32617121934890747,0.00020824636158067733,0.6231689453125,0.3768310546875,2,1145,939,0.25816810131073,0.4386286437511444,0.48701226711273193,0.46777570247650146
47,0,0.7132543325424194,0.00020824636158067733,0.54058837890625,0.45941162109375,2,1332,1135,0.6208370327949524,0.822001576423645,0.7235851883888245,0.7076432704925537
47,20,0.5214301347732544,0.00020824636158067733,0.5889892578125,0.4110107421875,2,1303,1096,0.43113869428634644,0.6508203744888306,0.6367461681365967,0.6322267055511475
47,40,0.4224190413951874,0.00020824636158067733,0.595458984375,0.404541015625,2,1252,1039,0.3378165364265442,0.5469486117362976,0.5726785063743591,0.5701892375946045
47,60,0.39100056886672974,0.00020824636158067733,0.60650634765625,0.39349365234375,2,1221,1006,0.3127296566963196,0.5116425156593323,0.5472481846809387,0.5359630584716797
47,80,0.3719243109226227,0.00020824636158067733,0.60003662109375,0.39996337890625,2,1187,980,0.295881062746048,0.4860065281391144,0.5279567241668701,0.5115655660629272
47,100,0.3548567295074463,0.00020824636158067733,0.60321044921875,0.39678955078125,2,1163,951,0.2812880873680115,0.46669772267341614,0.5139636397361755,0.49341243505477905
47,120,0.3453879952430725,0.00020824636158067733,0.6038818359375,0.3961181640625,2,1134,940,0.27087509632110596,0.4589829444885254,0.5037997961044312,0.4846143424510956
47,140,0.3379783034324646,0.00020824636158067733,0.6083984375,0.3916015625,2,1131,931,0.2654508948326111,0.45065799355506897,0.4981062114238739,0.477436900138855
47,160,0.3366389870643616,0.00020824636158067733,0.60675048828125,0.39324951171875,2,1121,928,0.2639140188694,0.44884735345840454,0.49648553133010864,0.47586342692375183
47,180,0.3363831043243408,0.00020824636158067733,0.6063232421875,0.3936767578125,2,1130,918,0.2649567127227783,0.4463908076286316,0.49677127599716187,0.4734914004802704
47,200,0.33332663774490356,0.00020824636158067733,0.609375,0.390625,2,1119,926,0.2627147138118744,0.44348129630088806,0.49363699555397034,0.4711204767227173
47,220,0.3303315341472626,0.00020824636158067733,0.613037109375,0.386962890625,2,1116,910,0.26048019528388977,0.44099193811416626,0.4917238652706146,0.4685754179954529
47,240,0.3289685547351837,0.00020824636158067733,0.61602783203125,0.38397216796875,2,1110,925,0.25955623388290405,0.4403305649757385,0.49139389395713806,0.46848753094673157
47,260,0.3292877972126007,0.00020824636158067733,0.61700439453125,0.38299560546875,2,1113,921,0.25967541337013245,0.4414331018924713,0.49081531167030334,0.4692035913467407
47,280,0.3283935785293579,0.00020824636158067733,0.6148681640625,0.3851318359375,2,1109,927,0.25833895802497864,0.4402366876602173,0.49003514647483826,0.469255656003952
47,300,0.32919082045555115,0.00020824636158067733,0.6177978515625,0.3822021484375,2,1125,930,0.2600328028202057,0.4409790337085724,0.4913398325443268,0.4697992503643036
47,320,0.3274337649345398,0.00020824636158067733,0.620361328125,0.379638671875,2,1119,928,0.2560390830039978,0.444098562002182,0.4890144169330597,0.4710097908973694
47,340,0.3281620442867279,0.00020824636158067733,0.6192626953125,0.3807373046875,2,1118,927,0.25797340273857117,0.44232267141342163,0.4895377457141876,0.4714254140853882
47,360,0.3275119662284851,0.00020824636158067733,0.61883544921875,0.38116455078125,2,1108,935,0.2574600875377655,0.44124388694763184,0.4884931743144989,0.470209538936615
47,380,0.32809683680534363,0.00020824636158067733,0.6197509765625,0.3802490234375,2,1118,930,0.25831338763237,0.4418337047100067,0.48910650610923767,0.47024106979370117
47,400,0.32675182819366455,0.00020824636158067733,0.61883544921875,0.38116455078125,2,1111,931,0.25661996006965637,0.44061365723609924,0.4884525239467621,0.4696873426437378
47,420,0.3271269202232361,0.00020824636158067733,0.6220703125,0.3779296875,2,1122,928,0.25904858112335205,0.4391835629940033,0.49032264947891235,0.46865490078926086
47,440,0.3264475464820862,0.00020824636158067733,0.624755859375,0.375244140625,2,1129,931,0.2577948272228241,0.4407497048377991,0.4886328876018524,0.4697090685367584
47,460,0.32623884081840515,0.00020824636158067733,0.6214599609375,0.3785400390625,2,1122,927,0.2572946846485138,0.43942639231681824,0.48790261149406433,0.46899858117103577
47,480,0.3267625570297241,0.00020824636158067733,0.62335205078125,0.37664794921875,2,1126,937,0.2578403353691101,0.44082868099212646,0.49002984166145325,0.46982377767562866
47,500,0.3279106616973877,0.00020824636158067733,0.62237548828125,0.37762451171875,2,1123,942,0.25891244411468506,0.44162899255752563,0.4899534285068512,0.4709954261779785
47,520,0.3276347517967224,0.00020824636158067733,0.621337890625,0.378662109375,2,1133,950,0.25817686319351196,0.4416065216064453,0.48930129408836365,0.47008177638053894
47,540,0.32602745294570923,0.00020824636158067733,0.62628173828125,0.37371826171875,2,1127,929,0.25826674699783325,0.4395817816257477,0.48983234167099,0.468779057264328
47,560,0.32598137855529785,0.00020824636158067733,0.62286376953125,0.37713623046875,2,1131,942,0.25680530071258545,0.44023001194000244,0.48810964822769165,0.46953028440475464
47,580,0.32626381516456604,0.00020824636158067733,0.62225341796875,0.37774658203125,2,1129,936,0.257374107837677,0.43974435329437256,0.48951098322868347,0.4701389968395233
47,600,0.3257291316986084,0.00020824636158067733,0.62506103515625,0.37493896484375,2,1128,931,0.2583126127719879,0.43811914324760437,0.4893566370010376,0.46832242608070374
47,620,0.32849907875061035,0.00020824636158067733,0.6241455078125,0.3758544921875,2,1129,937,0.25940901041030884,0.4432303011417389,0.4903280436992645,0.4721272885799408
47,640,0.3264561593532562,0.00020824636158067733,0.6268310546875,0.3731689453125,2,1132,943,0.25885385274887085,0.4400111734867096,0.4904034435749054,0.4694044888019562
47,660,0.32690876722335815,0.00020824636158067733,0.62628173828125,0.37371826171875,2,1135,941,0.2576777935028076,0.44292691349983215,0.48870566487312317,0.4709363877773285
47,680,0.3272041082382202,0.00020824636158067733,0.62353515625,0.37646484375,2,1131,938,0.25857633352279663,0.4408716857433319,0.489700049161911,0.46981126070022583
47,700,0.3258359730243683,0.00020824636158067733,0.6231689453125,0.3768310546875,2,1134,943,0.2570093274116516,0.43965524435043335,0.48824000358581543,0.4694982171058655
47,720,0.32526060938835144,0.00020824636158067733,0.62359619140625,0.37640380859375,2,1128,938,0.2566474378108978,0.4389335811138153,0.48841533064842224,0.4689306318759918
47,740,0.32687708735466003,0.00020824636158067733,0.6234130859375,0.3765869140625,2,1131,932,0.2592012286186218,0.43890970945358276,0.48980221152305603,0.4692634344100952
47,760,0.3262551426887512,0.00020824636158067733,0.62481689453125,0.37518310546875,2,1135,939,0.2576891779899597,0.4404424726963043,0.4887681007385254,0.47001442313194275
47,780,0.3262298107147217,0.00020824636158067733,0.62646484375,0.37353515625,2,1136,940,0.25815290212631226,0.44040313363075256,0.48979490995407104,0.46973761916160583
47,800,0.3246089816093445,0.00020824636158067733,0.62548828125,0.37451171875,2,1130,936,0.25621259212493896,0.43884074687957764,0.4871390163898468,0.4686121344566345
47,820,0.32557690143585205,0.00020824636158067733,0.62530517578125,0.37469482421875,2,1137,946,0.25692272186279297,0.4401496648788452,0.48842766880989075,0.4693200886249542
47,840,0.32585012912750244,0.00020824636158067733,0.62603759765625,0.37396240234375,2,1137,949,0.2576872408390045,0.43995925784111023,0.48862093687057495,0.4695371687412262
47,860,0.32796937227249146,0.00020824636158067733,0.624755859375,0.375244140625,2,1135,950,0.25903642177581787,0.44273802638053894,0.48946794867515564,0.4709235429763794
47,880,0.3259902894496918,0.00020824636158067733,0.6259765625,0.3740234375,2,1132,942,0.2570115923881531,0.4414351284503937,0.4877294898033142,0.47091954946517944
47,900,0.32671502232551575,0.00020824636158067733,0.62249755859375,0.37750244140625,2,1136,943,0.2582779824733734,0.43956702947616577,0.4888530969619751,0.4697449803352356
47,920,0.32706591486930847,0.00020824636158067733,0.620849609375,0.379150390625,2,1136,945,0.2568821609020233,0.4419901371002197,0.48755785822868347,0.4714067578315735
47,940,0.3258974552154541,0.00020824636158067733,0.62615966796875,0.37384033203125,2,1133,951,0.2573246657848358,0.44075262546539307,0.48840227723121643,0.47004953026771545
47,960,0.3247843384742737,0.00020824636158067733,0.626953125,0.373046875,2,1129,953,0.25600719451904297,0.4403732120990753,0.4874662756919861,0.46954479813575745
47,980,0.3254051208496094,0.00020824636158067733,0.6240234375,0.3759765625,2,1130,946,0.2562068998813629,0.4402562081813812,0.4876328110694885,0.4698195159435272
47,1000,0.32565245032310486,0.00020824636158067733,0.62347412109375,0.37652587890625,2,1124,947,0.2561602294445038,0.44072186946868896,0.487308531999588,0.47007322311401367
47,1020,0.3267018795013428,0.00020824636158067733,0.6231689453125,0.3768310546875,2,1132,942,0.2569958567619324,0.4419754445552826,0.48725393414497375,0.4717335104942322
47,1040,0.32699766755104065,0.00020824636158067733,0.6224365234375,0.3775634765625,2,1132,945,0.2567217946052551,0.4428517818450928,0.48726686835289,0.4723491668701172
47,1060,0.32649147510528564,0.00020824636158067733,0.6240234375,0.3759765625,2,1137,940,0.2572799623012543,0.4413646459579468,0.4882206916809082,0.4711377024650574
47,1080,0.3260202407836914,0.00020824636158067733,0.62359619140625,0.37640380859375,2,1135,949,0.2559920847415924,0.4420373737812042,0.4868318736553192,0.47088584303855896
47,1100,0.32583561539649963,0.00020824636158067733,0.62371826171875,0.37628173828125,2,1133,937,0.256362646818161,0.4409928619861603,0.48758888244628906,0.4702546000480652
47,1120,0.32745423913002014,0.00020824636158067733,0.624267578125,0.375732421875,2,1138,946,0.2577000856399536,0.4433484375476837,0.4882931411266327,0.47191300988197327
47,1140,0.3266870081424713,0.00020824636158067733,0.62615966796875,0.37384033203125,2,1130,948,0.256216436624527,0.44472089409828186,0.48770976066589355,0.4724627733230591
47,1160,0.32652589678764343,0.00020824636158067733,0.62469482421875,0.37530517578125,2,1127,949,0.25629010796546936,0.4434331953525543,0.4876531660556793,0.47179222106933594
47,1180,0.32559534907341003,0.00020824636158067733,0.6229248046875,0.3770751953125,2,1129,945,0.2547793686389923,0.4425826966762543,0.48591724038124084,0.4715837836265564
47,1200,0.3253459334373474,0.00020824636158067733,0.62298583984375,0.37701416015625,2,1129,941,0.2546226680278778,0.44221052527427673,0.4855904281139374,0.47137451171875
47,1220,0.32671695947647095,0.00020824636158067733,0.6263427734375,0.3736572265625,2,1133,948,0.25704705715179443,0.44350114464759827,0.4880181849002838,0.47204577922821045
47,1240,0.3232981264591217,0.00020824636158067733,0.62493896484375,0.37506103515625,2,1122,944,0.25305449962615967,0.4403403401374817,0.4853549897670746,0.46950283646583557
47,1260,0.3256230354309082,0.00020824636158067733,0.6234130859375,0.3765869140625,2,1132,940,0.25560852885246277,0.4415270984172821,0.4871630072593689,0.4705856442451477
47,1280,0.3271544575691223,0.00020824636158067733,0.6273193359375,0.3726806640625,2,1136,947,0.25714391469955444,0.44500061869621277,0.4878796637058258,0.4727136790752411
47,1300,0.3253399133682251,0.00020824636158067733,0.626220703125,0.373779296875,2,1129,949,0.25520196557044983,0.44284728169441223,0.485964298248291,0.4713435769081116
47,1320,0.32598868012428284,0.00020824636158067733,0.6256103515625,0.3743896484375,2,1138,950,0.2571078836917877,0.44108960032463074,0.48741573095321655,0.47084951400756836
47,1340,0.32520410418510437,0.00020824636158067733,0.62518310546875,0.37481689453125,2,1138,950,0.2555628716945648,0.44136354327201843,0.48697391152381897,0.4706895053386688
47,1360,0.3250560462474823,0.00020824636158067733,0.6260986328125,0.3739013671875,2,1132,951,0.2554019093513489,0.44169196486473083,0.48657330870628357,0.470628947019577
47,1380,0.32506248354911804,0.00020824636158067733,0.62384033203125,0.37615966796875,2,1131,943,0.25582802295684814,0.439884215593338,0.48703256249427795,0.4694089889526367
47,1400,0.3257548213005066,0.00020824636158067733,0.62408447265625,0.37591552734375,2,1135,945,0.25534170866012573,0.4426526725292206,0.48684388399124146,0.47170525789260864
47,1420,0.3265434801578522,0.00020824636158067733,0.625244140625,0.374755859375,2,1149,944,0.25744444131851196,0.4418286383152008,0.487947016954422,0.47112905979156494
47,1440,0.32323718070983887,0.00020824636158067733,0.62628173828125,0.37371826171875,2,1129,949,0.25366416573524475,0.43982839584350586,0.48531508445739746,0.4689115881919861
47,1460,0.32545945048332214,0.00020824636158067733,0.62493896484375,0.37506103515625,2,1138,948,0.25607579946517944,0.4410688281059265,0.4873165190219879,0.47079384326934814
47,1480,0.3246808350086212,0.00020824636158067733,0.62518310546875,0.37481689453125,2,1138,944,0.2547825872898102,0.44126901030540466,0.486345112323761,0.4706754684448242
47,1500,0.3246275782585144,0.00020824636158067733,0.62353515625,0.37646484375,2,1134,946,0.25506922602653503,0.43983644247055054,0.4860273003578186,0.4693945646286011
47,1520,0.3249365985393524,0.00020824636158067733,0.62628173828125,0.37371826171875,2,1137,951,0.25474345684051514,0.4425671100616455,0.48603907227516174,0.4710530638694763
47,1540,0.3264833688735962,0.00020824636158067733,0.62347412109375,0.37652587890625,2,1145,949,0.2564418315887451,0.44246238470077515,0.4872293174266815,0.4714885652065277
47,1560,0.32516130805015564,0.00020824636158067733,0.62628173828125,0.37371826171875,2,1142,941,0.25750407576560974,0.4385421574115753,0.48777419328689575,0.46710944175720215
47,1580,0.3245505392551422,0.00020824636158067733,0.625732421875,0.374267578125,2,1140,954,0.2554458677768707,0.4400855600833893,0.4869738817214966,0.46968984603881836
47,1600,0.32793211936950684,0.00020824636158067733,0.625244140625,0.374755859375,2,1139,958,0.2573404014110565,0.44570764899253845,0.48803070187568665,0.47378674149513245
47,1620,0.3253795802593231,0.00020824636158067733,0.62371826171875,0.37628173828125,2,1138,948,0.25642451643943787,0.4396783411502838,0.48680543899536133,0.46779197454452515
47,1640,0.3269430100917816,0.00020824636158067733,0.62457275390625,0.37542724609375,2,1146,947,0.2572183907032013,0.4429391622543335,0.48789703845977783,0.4714610278606415
47,1660,0.32789158821105957,0.00020824636158067733,0.6260986328125,0.3739013671875,2,1149,948,0.25865063071250916,0.4438358247280121,0.48831501603126526,0.4724576771259308
47,1680,0.32405704259872437,0.00020824636158067733,0.62353515625,0.37646484375,2,1134,947,0.2545629143714905,0.4391595721244812,0.48552873730659485,0.46800845861434937
47,1700,0.3258831799030304,0.00020824636158067733,0.62664794921875,0.37335205078125,2,1148,954,0.25629329681396484,0.44268539547920227,0.48728665709495544,0.47111818194389343
47,1720,0.32538753747940063,0.00020824636158067733,0.6241455078125,0.3758544921875,2,1134,950,0.2554979920387268,0.44144633412361145,0.48713842034339905,0.47019365429878235
47,1740,0.3225269913673401,0.00020824636158067733,0.62506103515625,0.37493896484375,2,1134,935,0.25378671288490295,0.4371240437030792,0.4852478802204132,0.46697986125946045
47,1760,0.32267332077026367,0.00020824636158067733,0.62420654296875,0.37579345703125,2,1136,938,0.2533961534500122,0.4377453029155731,0.485554575920105,0.46738943457603455
47,1780,0.32363057136535645,0.00020824636158067733,0.62384033203125,0.37615966796875,2,1142,943,0.2553369998931885,0.4368917644023895,0.48660993576049805,0.46736449003219604
47,1800,0.32408472895622253,0.00020824636158067733,0.6263427734375,0.3736572265625,2,1140,948,0.2550027370452881,0.43988338112831116,0.4859957695007324,0.4691522419452667
47,1820,0.3259969651699066,0.00020824636158067733,0.62420654296875,0.37579345703125,2,1142,960,0.25552043318748474,0.4430609941482544,0.48661544919013977,0.4709402620792389
47,1840,0.32545599341392517,0.00020824636158067733,0.62451171875,0.37548828125,2,1141,955,0.2549304962158203,0.4427538514137268,0.48578229546546936,0.4707344174385071
47,1860,0.3249804377555847,0.00020824636158067733,0.6226806640625,0.3773193359375,2,1140,952,0.2548813223838806,0.4406631290912628,0.4856237769126892,0.46923449635505676
47,1880,0.3247693181037903,0.00020824636158067733,0.62677001953125,0.37322998046875,2,1139,952,0.2552383244037628,0.4415336847305298,0.4864306151866913,0.4699753522872925
47,1900,0.32322120666503906,0.00020824636158067733,0.62481689453125,0.37518310546875,2,1135,939,0.254609078168869,0.4374854564666748,0.48546406626701355,0.467210978269577
47,1920,0.32466188073158264,0.00020824636158067733,0.62591552734375,0.37408447265625,2,1146,942,0.2567289173603058,0.43832674622535706,0.4874766170978546,0.46801242232322693
47,1940,0.3241601586341858,0.00020824636158067733,0.62591552734375,0.37408447265625,2,1139,948,0.2556016445159912,0.4388718008995056,0.4865226745605469,0.46838197112083435
47,1960,0.3253137469291687,0.00020824636158067733,0.62677001953125,0.37322998046875,2,1139,953,0.25618356466293335,0.44140496850013733,0.4871644377708435,0.47002118825912476
47,1980,0.3261067867279053,0.00020824636158067733,0.62591552734375,0.37408447265625,2,1147,948,0.25744786858558655,0.44098639488220215,0.4880940914154053,0.46963274478912354
47,2000,0.32229697704315186,0.00020824636158067733,0.62646484375,0.37353515625,2,1136,943,0.2541317045688629,0.4366185665130615,0.4850875735282898,0.46615779399871826
48,0,0.8664990067481995,0.00020824636158067733,0.6500244140625,0.3499755859375,2,1340,1085,0.7984694242477417,0.9928531646728516,0.7597692608833313,0.7218818068504333
48,20,0.6764344573020935,0.00020824636158067733,0.60821533203125,0.39178466796875,2,1326,1097,0.5957173109054565,0.8017415404319763,0.6936957240104675,0.6606823801994324
48,40,0.5238956212997437,0.00020824636158067733,0.590576171875,0.409423828125,2,1301,1072,0.44873687624931335,0.6323087811470032,0.6297240257263184,0.5973178148269653
48,60,0.4306916296482086,0.00020824636158067733,0.592041015625,0.407958984375,2,1269,1012,0.3654749393463135,0.5253357887268066,0.5838829874992371,0.5412139892578125
48,80,0.3872503340244293,0.00020824636158067733,0.59417724609375,0.40582275390625,2,1229,966,0.3256954550743103,0.4773746728897095,0.5551812052726746,0.5078135132789612
48,100,0.3684713840484619,0.00020824636158067733,0.59588623046875,0.40411376953125,2,1202,935,0.30720075964927673,0.45881807804107666,0.5386391282081604,0.49053895473480225
48,120,0.3608654737472534,0.00020824636158067733,0.59173583984375,0.40826416015625,2,1182,935,0.29627561569213867,0.45448169112205505,0.5275679230690002,0.4839043617248535
48,140,0.3553858697414398,0.00020824636158067733,0.59356689453125,0.40643310546875,2,1180,940,0.2873759865760803,0.4547095000743866,0.5192797183990479,0.48162078857421875
48,160,0.35044410824775696,0.00020824636158067733,0.59912109375,0.40087890625,2,1166,927,0.2833608388900757,0.45070135593414307,0.5147730112075806,0.47805988788604736
48,180,0.34766384959220886,0.00020824636158067733,0.59661865234375,0.40338134765625,2,1160,925,0.28062838315963745,0.446812242269516,0.5115551352500916,0.4741547107696533
48,200,0.34443536400794983,0.00020824636158067733,0.60076904296875,0.39923095703125,2,1155,919,0.2770000100135803,0.4459131956100464,0.5081745982170105,0.4716900885105133
48,220,0.34114089608192444,0.00020824636158067733,0.60418701171875,0.39581298828125,2,1152,920,0.2734226882457733,0.4445091784000397,0.5059148073196411,0.471131831407547
48,240,0.3418852686882019,0.00020824636158067733,0.60205078125,0.39794921875,2,1156,913,0.27597296237945557,0.4416029751300812,0.5070338249206543,0.4692753255367279
48,260,0.3408236503601074,0.00020824636158067733,0.6044921875,0.3955078125,2,1155,913,0.2751063108444214,0.441265732049942,0.5075036883354187,0.46711480617523193
48,280,0.339181125164032,0.00020824636158067733,0.6031494140625,0.3968505859375,2,1151,912,0.27330395579338074,0.4393038749694824,0.506011962890625,0.4660787582397461
48,300,0.33901679515838623,0.00020824636158067733,0.603759765625,0.396240234375,2,1151,922,0.273118257522583,0.43942785263061523,0.5056204795837402,0.4667883515357971
48,320,0.3388237953186035,0.00020824636158067733,0.60565185546875,0.39434814453125,2,1157,922,0.2739006578922272,0.4385347068309784,0.5065775513648987,0.4659159779548645
48,340,0.3374554216861725,0.00020824636158067733,0.6104736328125,0.3895263671875,2,1156,916,0.27314797043800354,0.43823930621147156,0.5053616166114807,0.46445706486701965
48,360,0.33715230226516724,0.00020824636158067733,0.6077880859375,0.3922119140625,2,1156,917,0.2711106240749359,0.43949323892593384,0.5042465925216675,0.4657559394836426
48,380,0.3335515856742859,0.00020824636158067733,0.615234375,0.384765625,2,1143,914,0.26910173892974854,0.436605840921402,0.5026715993881226,0.46337226033210754
48,400,0.33420395851135254,0.00020824636158067733,0.61126708984375,0.38873291015625,2,1147,919,0.27021723985671997,0.4348205626010895,0.5025548934936523,0.4615292251110077
48,420,0.3332977294921875,0.00020824636158067733,0.6177978515625,0.3822021484375,2,1147,914,0.26946014165878296,0.43648582696914673,0.5020802021026611,0.46302250027656555
48,440,0.3339405059814453,0.00020824636158067733,0.6123046875,0.3876953125,2,1144,919,0.26944082975387573,0.4358077645301819,0.5019182562828064,0.46426916122436523
48,460,0.3328128159046173,0.00020824636158067733,0.6171875,0.3828125,2,1135,914,0.26609957218170166,0.4403708279132843,0.4995127320289612,0.4658176600933075
48,480,0.3320083022117615,0.00020824636158067733,0.61358642578125,0.38641357421875,2,1131,923,0.2644266188144684,0.4393213093280792,0.4976158142089844,0.46606016159057617
48,500,0.33115440607070923,0.00020824636158067733,0.61431884765625,0.38568115234375,2,1130,919,0.26525187492370605,0.4361249804496765,0.49664565920829773,0.4648090898990631
48,520,0.33267587423324585,0.00020824636158067733,0.61383056640625,0.38616943359375,2,1137,930,0.2654536962509155,0.43952804803848267,0.49757808446884155,0.4674929976463318
48,540,0.3307808041572571,0.00020824636158067733,0.6187744140625,0.3812255859375,2,1133,921,0.26453956961631775,0.4382982552051544,0.4961013197898865,0.4665924906730652
48,560,0.3307374119758606,0.00020824636158067733,0.614501953125,0.385498046875,2,1130,932,0.26388636231422424,0.4373010993003845,0.4951092302799225,0.4670827090740204
48,580,0.3296440541744232,0.00020824636158067733,0.61663818359375,0.38336181640625,2,1133,928,0.26279768347740173,0.4371665120124817,0.49419817328453064,0.4664990305900574
48,600,0.3301107883453369,0.00020824636158067733,0.6175537109375,0.3824462890625,2,1134,925,0.26270008087158203,0.4389619529247284,0.49376553297042847,0.4683275520801544
48,620,0.3302185535430908,0.00020824636158067733,0.61285400390625,0.38714599609375,2,1138,923,0.26288512349128723,0.4368077218532562,0.49325186014175415,0.4678698778152466
48,640,0.3302237391471863,0.00020824636158067733,0.61798095703125,0.38201904296875,2,1135,935,0.26234814524650574,0.4400240182876587,0.4924880862236023,0.46986135840415955
48,660,0.3303656280040741,0.00020824636158067733,0.614990234375,0.385009765625,2,1134,933,0.26162654161453247,0.44016507267951965,0.49256253242492676,0.46998873353004456
48,680,0.32829442620277405,0.00020824636158067733,0.61822509765625,0.38177490234375,2,1128,937,0.2608892619609833,0.43744656443595886,0.49198123812675476,0.4683641791343689
48,700,0.32916513085365295,0.00020824636158067733,0.6182861328125,0.3817138671875,2,1130,932,0.2619113028049469,0.4381003975868225,0.4925076365470886,0.4694671928882599
48,720,0.3298719525337219,0.00020824636158067733,0.62066650390625,0.37933349609375,2,1133,931,0.26153695583343506,0.4416818916797638,0.49228954315185547,0.47166502475738525
48,740,0.3294508457183838,0.00020824636158067733,0.61602783203125,0.38397216796875,2,1131,925,0.2621402144432068,0.43744102120399475,0.4924056828022003,0.4680826663970947
48,760,0.3301049768924713,0.00020824636158067733,0.615966796875,0.384033203125,2,1136,937,0.2618146538734436,0.4396386742591858,0.4919511377811432,0.4701254069805145
48,780,0.3295113444328308,0.00020824636158067733,0.6185302734375,0.3814697265625,2,1139,937,0.26118966937065125,0.44029074907302856,0.49167799949645996,0.47027483582496643
48,800,0.32879412174224854,0.00020824636158067733,0.61773681640625,0.38226318359375,2,1138,933,0.26122748851776123,0.4379817247390747,0.4916941225528717,0.4689657986164093
48,820,0.3286314308643341,0.00020824636158067733,0.61907958984375,0.38092041015625,2,1133,931,0.2618087828159332,0.43723294138908386,0.4918578267097473,0.4686712920665741
48,840,0.3291798233985901,0.00020824636158067733,0.6177978515625,0.3822021484375,2,1138,924,0.26236289739608765,0.43718376755714417,0.49193498492240906,0.46861761808395386
48,860,0.33053168654441833,0.00020824636158067733,0.61700439453125,0.38299560546875,2,1134,935,0.26281315088272095,0.43962597846984863,0.4925718307495117,0.4705565273761749
48,880,0.3271816372871399,0.00020824636158067733,0.6190185546875,0.3809814453125,2,1133,926,0.2601265013217926,0.4361327290534973,0.49070608615875244,0.467678427696228
48,900,0.3287498354911804,0.00020824636158067733,0.6197509765625,0.3802490234375,2,1129,926,0.2618240714073181,0.4378291368484497,0.49167290329933167,0.4687269926071167
48,920,0.328304648399353,0.00020824636158067733,0.619384765625,0.380615234375,2,1135,927,0.261445552110672,0.43710610270500183,0.49131134152412415,0.4686127305030823
48,940,0.32802635431289673,0.00020824636158067733,0.6187744140625,0.3812255859375,2,1129,923,0.2604985237121582,0.4376319646835327,0.49071648716926575,0.4686211347579956
48,960,0.32881468534469604,0.00020824636158067733,0.6181640625,0.3818359375,2,1132,926,0.2605419158935547,0.4393431842327118,0.49106720089912415,0.46973153948783875
48,980,0.3295905292034149,0.00020824636158067733,0.6207275390625,0.3792724609375,2,1139,934,0.26181161403656006,0.4405192732810974,0.4913305640220642,0.47083985805511475
48,1000,0.32888707518577576,0.00020824636158067733,0.61865234375,0.38134765625,2,1142,935,0.26132118701934814,0.4384979009628296,0.4908892810344696,0.46991005539894104
48,1020,0.3275095224380493,0.00020824636158067733,0.61962890625,0.38037109375,2,1139,930,0.26013195514678955,0.43726834654808044,0.49017468094825745,0.4680689573287964
48,1040,0.3288213014602661,0.00020824636158067733,0.61920166015625,0.38079833984375,2,1141,941,0.26063674688339233,0.43969371914863586,0.49063050746917725,0.47014474868774414
48,1060,0.3270823359489441,0.00020824636158067733,0.6195068359375,0.3804931640625,2,1139,932,0.2591245472431183,0.4377289116382599,0.48983123898506165,0.4686683714389801
48,1080,0.32726991176605225,0.00020824636158067733,0.62188720703125,0.37811279296875,2,1140,920,0.2605421543121338,0.4370179772377014,0.4904446005821228,0.468112587928772
48,1100,0.3287530839443207,0.00020824636158067733,0.61962890625,0.38037109375,2,1137,928,0.2610497772693634,0.4390425682067871,0.4913560152053833,0.46958550810813904
48,1120,0.32878032326698303,0.00020824636158067733,0.62054443359375,0.37945556640625,2,1140,927,0.2613285779953003,0.439087837934494,0.49164000153541565,0.46975910663604736
48,1140,0.32776254415512085,0.00020824636158067733,0.62078857421875,0.37921142578125,2,1138,931,0.26008617877960205,0.43855223059654236,0.490616112947464,0.46860483288764954
48,1160,0.32913729548454285,0.00020824636158067733,0.61993408203125,0.38006591796875,2,1140,928,0.261374294757843,0.4396669566631317,0.4914531111717224,0.4704401195049286
48,1180,0.32612180709838867,0.00020824636158067733,0.6231689453125,0.3768310546875,2,1142,922,0.25997111201286316,0.43551576137542725,0.4902878403663635,0.46724066138267517
48,1200,0.32664811611175537,0.00020824636158067733,0.6219482421875,0.3780517578125,2,1136,921,0.2597428560256958,0.43671664595603943,0.49015265703201294,0.46785494685173035
48,1220,0.32873600721359253,0.00020824636158067733,0.62176513671875,0.37823486328125,2,1142,926,0.2615494132041931,0.4391813576221466,0.491199791431427,0.4692886769771576
48,1240,0.32758817076683044,0.00020824636158067733,0.623046875,0.376953125,2,1143,939,0.2595751881599426,0.4400034546852112,0.4901924431324005,0.4703296422958374
48,1260,0.32699012756347656,0.00020824636158067733,0.62139892578125,0.37860107421875,2,1135,935,0.25973623991012573,0.4373740553855896,0.4902175962924957,0.46832218766212463
48,1280,0.32862189412117004,0.00020824636158067733,0.62042236328125,0.37957763671875,2,1144,932,0.2614592909812927,0.4383997321128845,0.4911504089832306,0.4694249629974365
48,1300,0.3264755606651306,0.00020824636158067733,0.62213134765625,0.37786865234375,2,1145,932,0.25951048731803894,0.436728298664093,0.49010205268859863,0.4682634174823761
48,1320,0.3278736472129822,0.00020824636158067733,0.6197509765625,0.3802490234375,2,1142,926,0.2613495886325836,0.43629834055900574,0.4909690022468567,0.46761032938957214
48,1340,0.32739928364753723,0.00020824636158067733,0.61761474609375,0.38238525390625,2,1144,931,0.26040494441986084,0.43560612201690674,0.49002689123153687,0.46713438630104065
48,1360,0.3267356753349304,0.00020824636158067733,0.62158203125,0.37841796875,2,1139,936,0.25931766629219055,0.4374752640724182,0.4899173378944397,0.4682549834251404
48,1380,0.3277222216129303,0.00020824636158067733,0.621826171875,0.378173828125,2,1145,936,0.26042839884757996,0.43837255239486694,0.49062100052833557,0.4687117636203766
48,1400,0.3272925615310669,0.00020824636158067733,0.6173095703125,0.3826904296875,2,1138,933,0.25862085819244385,0.43806540966033936,0.48903706669807434,0.46878814697265625
48,1420,0.326814204454422,0.00020824636158067733,0.62091064453125,0.37908935546875,2,1146,934,0.258749783039093,0.43829697370529175,0.48921307921409607,0.4686809182167053
48,1440,0.32694047689437866,0.00020824636158067733,0.62200927734375,0.37799072265625,2,1143,927,0.2592247724533081,0.4383711516857147,0.4896472692489624,0.46898895502090454
48,1460,0.32621827721595764,0.00020824636158067733,0.62286376953125,0.37713623046875,2,1136,925,0.258372038602829,0.4382705092430115,0.4890328049659729,0.46894094347953796
48,1480,0.3279181122779846,0.00020824636158067733,0.62030029296875,0.37969970703125,2,1145,933,0.26040399074554443,0.43821319937705994,0.4899384081363678,0.4693223536014557
48,1500,0.3269159197807312,0.00020824636158067733,0.620361328125,0.379638671875,2,1147,930,0.2591050863265991,0.4377244710922241,0.48900485038757324,0.46875229477882385
48,1520,0.32705366611480713,0.00020824636158067733,0.62255859375,0.37744140625,2,1132,932,0.2591549754142761,0.4390470087528229,0.4896416664123535,0.4704760015010834
48,1540,0.3253036141395569,0.00020824636158067733,0.622802734375,0.377197265625,2,1142,922,0.25857362151145935,0.4354836940765381,0.4888247549533844,0.4667247533798218
48,1560,0.32678651809692383,0.00020824636158067733,0.6199951171875,0.3800048828125,2,1136,926,0.25887638330459595,0.4375849664211273,0.4890747666358948,0.46945199370384216
48,1580,0.32618987560272217,0.00020824636158067733,0.61956787109375,0.38043212890625,2,1131,927,0.2577618956565857,0.4376309812068939,0.4885934889316559,0.4691401422023773
48,1600,0.32630085945129395,0.00020824636158067733,0.62109375,0.37890625,2,1134,936,0.25807857513427734,0.43812915682792664,0.488444447517395,0.46927422285079956
48,1620,0.3280523121356964,0.00020824636158067733,0.619384765625,0.380615234375,2,1135,939,0.25871971249580383,0.4408789873123169,0.4894278049468994,0.4714479446411133
48,1640,0.3285553455352783,0.00020824636158067733,0.6209716796875,0.3790283203125,2,1146,937,0.2602068781852722,0.4405324459075928,0.4898679256439209,0.47096866369247437
48,1660,0.3264960050582886,0.00020824636158067733,0.6214599609375,0.3785400390625,2,1139,935,0.2586018145084381,0.4379597306251526,0.4885444641113281,0.4693233370780945
48,1680,0.32713180780410767,0.00020824636158067733,0.62213134765625,0.37786865234375,2,1140,933,0.25897741317749023,0.4393427073955536,0.48930445313453674,0.4704568684101105
48,1700,0.3269493877887726,0.00020824636158067733,0.62109375,0.37890625,2,1141,938,0.2593429982662201,0.43776804208755493,0.48881393671035767,0.4691414535045624
48,1720,0.32740339636802673,0.00020824636158067733,0.6209716796875,0.3790283203125,2,1144,936,0.25867050886154175,0.4400102198123932,0.48910024762153625,0.4710305631160736
48,1740,0.3271746337413788,0.00020824636158067733,0.62200927734375,0.37799072265625,2,1145,939,0.2581230103969574,0.4408036768436432,0.48908132314682007,0.4711003303527832
48,1760,0.32655075192451477,0.00020824636158067733,0.6209716796875,0.3790283203125,2,1141,937,0.2574526369571686,0.439755916595459,0.48856815695762634,0.4703355133533478
48,1780,0.32798856496810913,0.00020824636158067733,0.61944580078125,0.38055419921875,2,1145,949,0.25938719511032104,0.4396542012691498,0.489674836397171,0.46998193860054016
48,1800,0.3310191035270691,0.00020824636158067733,0.61737060546875,0.38262939453125,2,1147,953,0.25981953740119934,0.4458991587162018,0.48993054032325745,0.47473159432411194
48,1820,0.32755938172340393,0.00020824636158067733,0.617431640625,0.382568359375,2,1148,940,0.258193701505661,0.43950945138931274,0.48839065432548523,0.4702169597148895
48,1840,0.3277229070663452,0.00020824636158067733,0.62115478515625,0.37884521484375,2,1147,944,0.25890225172042847,0.44056132435798645,0.4892210364341736,0.470536470413208
48,1860,0.3271520137786865,0.00020824636158067733,0.6182861328125,0.3817138671875,2,1143,945,0.2594658136367798,0.4367876350879669,0.489139586687088,0.46814972162246704
48,1880,0.3262014389038086,0.00020824636158067733,0.6224365234375,0.3775634765625,2,1145,939,0.25849995017051697,0.4378114640712738,0.48903888463974,0.4688470661640167
48,1900,0.3275766372680664,0.00020824636158067733,0.61962890625,0.38037109375,2,1142,942,0.25844183564186096,0.4401981234550476,0.4891159236431122,0.47083020210266113
48,1920,0.3278793394565582,0.00020824636158067733,0.62139892578125,0.37860107421875,2,1150,940,0.25938737392425537,0.4402953088283539,0.4893607199192047,0.4705891013145447
48,1940,0.3274652361869812,0.00020824636158067733,0.61932373046875,0.38067626953125,2,1143,940,0.25892242789268494,0.4389778673648834,0.48901402950286865,0.4694451689720154
48,1960,0.32620272040367126,0.00020824636158067733,0.618408203125,0.381591796875,2,1142,939,0.2578815817832947,0.4369240999221802,0.4886540472507477,0.470082551240921
48,1980,0.3263508677482605,0.00020824636158067733,0.619873046875,0.380126953125,2,1139,935,0.25785335898399353,0.4380497336387634,0.4879036247730255,0.46925294399261475
48,2000,0.3266938626766205,0.00020824636158067733,0.6192626953125,0.3807373046875,2,1144,943,0.25785744190216064,0.4386550188064575,0.4882528483867645,0.4691081643104553
49,0,0.8177340626716614,0.00020824636158067733,0.5762939453125,0.4237060546875,2,1338,1115,0.679446816444397,1.0058221817016602,0.7231155633926392,0.6196210384368896
49,20,0.6176905035972595,0.00020824636158067733,0.5806884765625,0.4193115234375,2,1327,1075,0.521293044090271,0.751187801361084,0.6539387106895447,0.5819478034973145
49,40,0.46576112508773804,0.00020824636158067733,0.591064453125,0.408935546875,2,1275,1002,0.3895130455493927,0.5759679675102234,0.58452969789505,0.5336072444915771
49,60,0.38020795583724976,0.00020824636158067733,0.60479736328125,0.39520263671875,2,1198,935,0.3134370446205139,0.4823906421661377,0.5381421446800232,0.49090254306793213
49,80,0.3507607579231262,0.00020824636158067733,0.602783203125,0.397216796875,2,1166,912,0.284995973110199,0.45055991411209106,0.5172924995422363,0.47390156984329224
49,100,0.3443833291530609,0.00020824636158067733,0.60162353515625,0.39837646484375,2,1148,909,0.2757661044597626,0.44800829887390137,0.5097498297691345,0.47216907143592834
49,120,0.3427194356918335,0.00020824636158067733,0.6024169921875,0.3975830078125,2,1140,914,0.2717035412788391,0.45032256841659546,0.5055769681930542,0.4726865291595459
49,140,0.34178459644317627,0.00020824636158067733,0.60443115234375,0.39556884765625,2,1141,918,0.27132511138916016,0.4494470953941345,0.5048249363899231,0.4724457263946533
49,160,0.34027451276779175,0.00020824636158067733,0.60504150390625,0.39495849609375,2,1148,913,0.27190491557121277,0.4450106620788574,0.5053332448005676,0.46961572766304016
49,180,0.33994060754776,0.00020824636158067733,0.6065673828125,0.3934326171875,2,1151,918,0.27250799536705017,0.4439036250114441,0.5053128600120544,0.468067467212677
49,200,0.3385671079158783,0.00020824636158067733,0.6044921875,0.3955078125,2,1140,910,0.2698978781700134,0.44352084398269653,0.5032108426094055,0.4672326445579529
49,220,0.3388943672180176,0.00020824636158067733,0.60552978515625,0.39447021484375,2,1141,915,0.2703988552093506,0.44403812289237976,0.5042001605033875,0.46777719259262085
49,240,0.33820706605911255,0.00020824636158067733,0.6044921875,0.3955078125,2,1144,916,0.27136728167533875,0.44036462903022766,0.5042053461074829,0.46584346890449524
49,260,0.33670774102211,0.00020824636158067733,0.6077880859375,0.3922119140625,2,1149,915,0.2701675295829773,0.4398213028907776,0.504202663898468,0.4652344584465027
49,280,0.33714210987091064,0.00020824636158067733,0.60443115234375,0.39556884765625,2,1150,911,0.27067598700523376,0.4387025833129883,0.5037451386451721,0.4645494520664215
49,300,0.33666104078292847,0.00020824636158067733,0.60894775390625,0.39105224609375,2,1146,917,0.2701666057109833,0.44020646810531616,0.5039459466934204,0.4673864543437958
49,320,0.33510518074035645,0.00020824636158067733,0.60906982421875,0.39093017578125,2,1145,918,0.2695162296295166,0.4372929036617279,0.502399206161499,0.46534761786460876
49,340,0.33510449528694153,0.00020824636158067733,0.609619140625,0.390380859375,2,1148,923,0.2696247398853302,0.43735769391059875,0.5019568800926208,0.4655751585960388
49,360,0.334608793258667,0.00020824636158067733,0.61053466796875,0.38946533203125,2,1139,917,0.2690398693084717,0.43739616870880127,0.5024917721748352,0.4649457037448883
49,380,0.3328069746494293,0.00020824636158067733,0.61376953125,0.38623046875,2,1136,914,0.26751455664634705,0.43656492233276367,0.5001959204673767,0.46517306566238403
49,400,0.33214956521987915,0.00020824636158067733,0.6131591796875,0.3868408203125,2,1132,913,0.2656644284725189,0.437531441450119,0.4984682500362396,0.46695476770401
49,420,0.3315776586532593,0.00020824636158067733,0.61279296875,0.38720703125,2,1138,914,0.2658766508102417,0.4355558753013611,0.4985327124595642,0.4645662009716034
49,440,0.33148854970932007,0.00020824636158067733,0.61492919921875,0.38507080078125,2,1139,919,0.26531192660331726,0.4371677041053772,0.49715548753738403,0.4660913944244385
49,460,0.3315671384334564,0.00020824636158067733,0.61395263671875,0.38604736328125,2,1132,922,0.2635907828807831,0.43967369198799133,0.4962407350540161,0.468174010515213
49,480,0.328646719455719,0.00020824636158067733,0.61480712890625,0.38519287109375,2,1137,906,0.26274871826171875,0.43382662534713745,0.49499356746673584,0.46456965804100037
49,500,0.33089113235473633,0.00020824636158067733,0.6114501953125,0.3885498046875,2,1134,921,0.26249149441719055,0.4385298192501068,0.4945376217365265,0.46750274300575256
49,520,0.327886700630188,0.00020824636158067733,0.61614990234375,0.38385009765625,2,1137,919,0.26138922572135925,0.4346272647380829,0.4935208261013031,0.46508872509002686
49,540,0.32820382714271545,0.00020824636158067733,0.6136474609375,0.3863525390625,2,1128,911,0.26159432530403137,0.4340003430843353,0.49316370487213135,0.4643576443195343
49,560,0.32788515090942383,0.00020824636158067733,0.61688232421875,0.38311767578125,2,1125,916,0.2614994943141937,0.43477699160575867,0.4931071102619171,0.46551814675331116
49,580,0.3277849555015564,0.00020824636158067733,0.61529541015625,0.38470458984375,2,1129,920,0.2616764307022095,0.433518648147583,0.49339544773101807,0.4645156264305115
49,600,0.3280225396156311,0.00020824636158067733,0.61505126953125,0.38494873046875,2,1127,923,0.26002001762390137,0.4366735816001892,0.4920027256011963,0.4668359160423279
49,620,0.3280460238456726,0.00020824636158067733,0.61566162109375,0.38433837890625,2,1130,924,0.26073911786079407,0.4358631670475006,0.4921579957008362,0.4669862389564514
49,640,0.33011335134506226,0.00020824636158067733,0.615478515625,0.384521484375,2,1125,929,0.25962406396865845,0.44294095039367676,0.49171191453933716,0.47207796573638916
49,660,0.3260485827922821,0.00020824636158067733,0.6177978515625,0.3822021484375,2,1123,923,0.25903111696243286,0.4343767464160919,0.49074092507362366,0.4656679928302765
49,680,0.32602256536483765,0.00020824636158067733,0.6180419921875,0.3819580078125,2,1121,922,0.25769829750061035,0.43657732009887695,0.48949190974235535,0.4670381247997284
49,700,0.32715561985969543,0.00020824636158067733,0.61822509765625,0.38177490234375,2,1121,922,0.25870031118392944,0.43800830841064453,0.49063336849212646,0.46816882491111755
49,720,0.3262629210948944,0.00020824636158067733,0.61956787109375,0.38043212890625,2,1125,921,0.2580670118331909,0.4373261630535126,0.48948073387145996,0.4682055413722992
49,740,0.32575517892837524,0.00020824636158067733,0.62103271484375,0.37896728515625,2,1121,919,0.25751644372940063,0.4375813901424408,0.48933500051498413,0.4680209457874298
49,760,0.3250522017478943,0.00020824636158067733,0.62078857421875,0.37921142578125,2,1117,917,0.2570197582244873,0.43642476201057434,0.4890938699245453,0.46650436520576477
49,780,0.32541897892951965,0.00020824636158067733,0.6243896484375,0.3756103515625,2,1132,929,0.2575605809688568,0.4382222294807434,0.48967957496643066,0.46864810585975647
49,800,0.3241115212440491,0.00020824636158067733,0.621337890625,0.378662109375,2,1123,920,0.25682568550109863,0.43451935052871704,0.4888199269771576,0.4652051627635956
49,820,0.32586824893951416,0.00020824636158067733,0.62353515625,0.37646484375,2,1129,923,0.25822359323501587,0.4379073679447174,0.4897381663322449,0.46794506907463074
49,840,0.3260550796985626,0.00020824636158067733,0.6239013671875,0.3760986328125,2,1126,927,0.2579467296600342,0.4390384554862976,0.48939248919487,0.4693537652492523
49,860,0.32660698890686035,0.00020824636158067733,0.62200927734375,0.37799072265625,2,1124,930,0.25774139165878296,0.43992993235588074,0.48902127146720886,0.4696784019470215
49,880,0.3243965804576874,0.00020824636158067733,0.62469482421875,0.37530517578125,2,1126,927,0.25728553533554077,0.43610280752182007,0.48865848779678345,0.4669015109539032
49,900,0.3256487250328064,0.00020824636158067733,0.62158203125,0.37841796875,2,1124,928,0.2576877772808075,0.43727999925613403,0.4888980984687805,0.46774011850357056
49,920,0.325680136680603,0.00020824636158067733,0.62249755859375,0.37750244140625,2,1129,930,0.25871551036834717,0.4361041486263275,0.49006107449531555,0.4669877290725708
49,940,0.32565242052078247,0.00020824636158067733,0.62445068359375,0.37554931640625,2,1128,919,0.25902798771858215,0.43643325567245483,0.4903314411640167,0.46669459342956543
49,960,0.32716235518455505,0.00020824636158067733,0.622802734375,0.377197265625,2,1131,933,0.25861474871635437,0.4403436481952667,0.4896007776260376,0.4702865779399872
49,980,0.32501184940338135,0.00020824636158067733,0.62286376953125,0.37713623046875,2,1133,933,0.25739914178848267,0.4366784691810608,0.48861056566238403,0.4674493372440338
49,1000,0.3268435597419739,0.00020824636158067733,0.62396240234375,0.37603759765625,2,1131,933,0.2588326632976532,0.43969470262527466,0.48981526494026184,0.47009706497192383
49,1020,0.32713019847869873,0.00020824636158067733,0.624267578125,0.375732421875,2,1135,937,0.2601413130760193,0.4384300708770752,0.49091029167175293,0.46849125623703003
49,1040,0.3242116868495941,0.00020824636158067733,0.62469482421875,0.37530517578125,2,1139,921,0.2566475570201874,0.436672180891037,0.4879170060157776,0.46745842695236206
49,1060,0.3271882236003876,0.00020824636158067733,0.6241455078125,0.3758544921875,2,1148,928,0.2601923942565918,0.43844175338745117,0.4906582832336426,0.4690675735473633
49,1080,0.32598772644996643,0.00020824636158067733,0.62445068359375,0.37554931640625,2,1138,937,0.2586687505245209,0.437923401594162,0.4893973469734192,0.46840423345565796
49,1100,0.32627323269844055,0.00020824636158067733,0.62353515625,0.37646484375,2,1136,950,0.2588193118572235,0.4379964768886566,0.49018189311027527,0.46840307116508484
49,1120,0.3258952796459198,0.00020824636158067733,0.62493896484375,0.37506103515625,2,1142,939,0.2591541111469269,0.4371015131473541,0.4901560842990875,0.4679982364177704
49,1140,0.32472115755081177,0.00020824636158067733,0.625244140625,0.374755859375,2,1138,940,0.2576325535774231,0.4366520643234253,0.4887917637825012,0.46733084321022034
49,1160,0.32670554518699646,0.00020824636158067733,0.6234130859375,0.3765869140625,2,1135,939,0.2593476176261902,0.4382118582725525,0.49006471037864685,0.4689699113368988
49,1180,0.3258034884929657,0.00020824636158067733,0.62359619140625,0.37640380859375,2,1144,935,0.259182870388031,0.43617525696754456,0.48964738845825195,0.4669928252696991
49,1200,0.3270299434661865,0.00020824636158067733,0.6240234375,0.3759765625,2,1142,942,0.25998997688293457,0.4382988512516022,0.4902809262275696,0.4688835144042969
49,1220,0.3254409730434418,0.00020824636158067733,0.62579345703125,0.37420654296875,2,1145,935,0.2581387758255005,0.4379919171333313,0.4889915883541107,0.4685530364513397
49,1240,0.3272635042667389,0.00020824636158067733,0.625732421875,0.374267578125,2,1142,934,0.26025286316871643,0.43929752707481384,0.49055856466293335,0.4694875478744507
49,1260,0.32687073945999146,0.00020824636158067733,0.6240234375,0.3759765625,2,1139,936,0.2591358721256256,0.43929311633110046,0.489046186208725,0.46981388330459595
49,1280,0.3269919753074646,0.00020824636158067733,0.627197265625,0.372802734375,2,1147,939,0.25974100828170776,0.4401338994503021,0.49019956588745117,0.4702709913253784
49,1300,0.3246142566204071,0.00020824636158067733,0.626220703125,0.373779296875,2,1139,937,0.2568158209323883,0.4382020831108093,0.48785409331321716,0.4684131145477295
49,1320,0.3259742558002472,0.00020824636158067733,0.62664794921875,0.37335205078125,2,1144,949,0.2578822672367096,0.44026246666908264,0.4890705347061157,0.47018367052078247
49,1340,0.32601141929626465,0.00020824636158067733,0.62481689453125,0.37518310546875,2,1136,933,0.2589320242404938,0.4377230405807495,0.48930761218070984,0.46785685420036316
49,1360,0.32585063576698303,0.00020824636158067733,0.626708984375,0.373291015625,2,1139,941,0.25807639956474304,0.43963509798049927,0.48942041397094727,0.4692753851413727
49,1380,0.3255387246608734,0.00020824636158067733,0.624755859375,0.375244140625,2,1142,936,0.2576667070388794,0.4385409653186798,0.4886948764324188,0.46912455558776855
49,1400,0.3248482048511505,0.00020824636158067733,0.62530517578125,0.37469482421875,2,1138,937,0.2568831145763397,0.4382709264755249,0.48758256435394287,0.46853235363960266
49,1420,0.32604044675827026,0.00020824636158067733,0.6263427734375,0.3736572265625,2,1146,944,0.2582316994667053,0.4397048354148865,0.48910021781921387,0.4699723720550537
49,1440,0.3262019157409668,0.00020824636158067733,0.6258544921875,0.3741455078125,2,1146,944,0.25845736265182495,0.43952205777168274,0.48947152495384216,0.46928486227989197
49,1460,0.3258294463157654,0.00020824636158067733,0.62579345703125,0.37420654296875,2,1149,942,0.2578998804092407,0.43942946195602417,0.48883065581321716,0.4694754183292389
49,1480,0.3257044553756714,0.00020824636158067733,0.6253662109375,0.3746337890625,2,1142,942,0.2573431730270386,0.4398181140422821,0.4881346523761749,0.47029823064804077
49,1500,0.3248685300350189,0.00020824636158067733,0.6268310546875,0.3731689453125,2,1138,935,0.25743162631988525,0.43814581632614136,0.4882897436618805,0.4678822457790375
49,1520,0.32587000727653503,0.00020824636158067733,0.62506103515625,0.37493896484375,2,1145,944,0.25750645995140076,0.4398389458656311,0.4887438714504242,0.46978598833084106
49,1540,0.324871301651001,0.00020824636158067733,0.62542724609375,0.37457275390625,2,1136,941,0.2567017376422882,0.43869465589523315,0.4881282150745392,0.4685214161872864
49,1560,0.32617437839508057,0.00020824636158067733,0.62615966796875,0.37384033203125,2,1148,942,0.2581159174442291,0.4401681423187256,0.4889114499092102,0.4699835479259491
49,1580,0.32400625944137573,0.00020824636158067733,0.6278076171875,0.3721923828125,2,1139,928,0.25551196932792664,0.4395412802696228,0.486875981092453,0.469465970993042
49,1600,0.32649528980255127,0.00020824636158067733,0.62432861328125,0.37567138671875,2,1148,942,0.2582385241985321,0.4399312436580658,0.4887528419494629,0.46981194615364075
49,1620,0.3260877728462219,0.00020824636158067733,0.62701416015625,0.37298583984375,2,1142,941,0.25780245661735535,0.4408799409866333,0.4886992275714874,0.4702814817428589
49,1640,0.3255575895309448,0.00020824636158067733,0.6258544921875,0.3741455078125,2,1144,928,0.2577616274356842,0.4389638602733612,0.48861685395240784,0.4687548875808716
49,1660,0.3252760171890259,0.00020824636158067733,0.62554931640625,0.37445068359375,2,1138,939,0.25698184967041016,0.43936681747436523,0.48835936188697815,0.4691545069217682
49,1680,0.32595694065093994,0.00020824636158067733,0.62347412109375,0.37652587890625,2,1141,938,0.2576432526111603,0.43907493352890015,0.4881094992160797,0.46924763917922974
49,1700,0.3246695399284363,0.00020824636158067733,0.6263427734375,0.3736572265625,2,1140,936,0.25644931197166443,0.43902355432510376,0.4877309799194336,0.4683317244052887
49,1720,0.32545292377471924,0.00020824636158067733,0.62884521484375,0.37115478515625,2,1138,947,0.2566951513290405,0.4419487416744232,0.4884004592895508,0.4706340730190277
49,1740,0.326107382774353,0.00020824636158067733,0.625,0.375,2,1144,940,0.257512629032135,0.4404318630695343,0.48833218216896057,0.47005578875541687
49,1760,0.323454886674881,0.00020824636158067733,0.6285400390625,0.3714599609375,2,1143,927,0.2549940347671509,0.4392961263656616,0.48633065819740295,0.46898916363716125
49,1780,0.3252825140953064,0.00020824636158067733,0.626220703125,0.373779296875,2,1139,933,0.25684016942977905,0.439949095249176,0.4875944256782532,0.4691730737686157
49,1800,0.3239835500717163,0.00020824636158067733,0.62762451171875,0.37237548828125,2,1134,932,0.25510457158088684,0.44007647037506104,0.48679080605506897,0.46938666701316833
49,1820,0.32575517892837524,0.00020824636158067733,0.626708984375,0.373291015625,2,1137,941,0.25751298666000366,0.44032540917396545,0.48822811245918274,0.46992993354797363
49,1840,0.32488366961479187,0.00020824636158067733,0.62408447265625,0.37591552734375,2,1143,933,0.25608450174331665,0.4391022026538849,0.48688405752182007,0.46881070733070374
49,1860,0.3252558708190918,0.00020824636158067733,0.6273193359375,0.3726806640625,2,1137,932,0.2566998600959778,0.4406536817550659,0.48794853687286377,0.47016721963882446
49,1880,0.32457441091537476,0.00020824636158067733,0.626708984375,0.373291015625,2,1134,936,0.2557624578475952,0.44010108709335327,0.4870963990688324,0.46940112113952637
49,1900,0.3247529864311218,0.00020824636158067733,0.62664794921875,0.37335205078125,2,1139,931,0.2562694549560547,0.4396982192993164,0.4875134527683258,0.4690394103527069
49,1920,0.32519957423210144,0.00020824636158067733,0.62249755859375,0.37750244140625,2,1141,933,0.25647780299186707,0.4385209381580353,0.4875612258911133,0.4689282476902008
49,1940,0.32634440064430237,0.00020824636158067733,0.62615966796875,0.37384033203125,2,1144,933,0.258640855550766,0.43974360823631287,0.48919790983200073,0.4691160321235657
49,1960,0.3268429934978485,0.00020824636158067733,0.626953125,0.373046875,2,1147,942,0.2573552131652832,0.4436262547969818,0.4886547029018402,0.4728201925754547
49,1980,0.32433998584747314,0.00020824636158067733,0.6258544921875,0.3741455078125,2,1144,938,0.2563994526863098,0.4379880130290985,0.4875941872596741,0.46694886684417725
49,2000,0.3246608078479767,0.00020824636158067733,0.6236572265625,0.3763427734375,2,1140,928,0.25554901361465454,0.4391895532608032,0.48681333661079407,0.46954047679901123
50,0,0.8590648174285889,0.00020824636158067733,0.778564453125,0.221435546875,2,1335,959,0.9044234156608582,0.6995844841003418,0.7381370663642883,0.6700583696365356
50,20,0.6749652624130249,0.00020824636158067733,0.69476318359375,0.30523681640625,2,1339,1022,0.6948137283325195,0.6297873258590698,0.680094301700592,0.6219833493232727
50,40,0.5147665143013,0.00020824636158067733,0.64398193359375,0.35601806640625,2,1306,1015,0.49363428354263306,0.5529913902282715,0.619452953338623,0.5651406645774841
50,60,0.41647082567214966,0.00020824636158067733,0.61907958984375,0.38092041015625,2,1248,962,0.3723961412906647,0.48810192942619324,0.5703397393226624,0.5162076950073242
50,80,0.3717837631702423,0.00020824636158067733,0.60198974609375,0.39801025390625,2,1186,950,0.3136199116706848,0.45975643396377563,0.5371710658073425,0.49170947074890137
50,100,0.35523727536201477,0.00020824636158067733,0.595458984375,0.404541015625,2,1156,938,0.29042044281959534,0.45064347982406616,0.5195514559745789,0.4817672669887543
50,120,0.34803029894828796,0.00020824636158067733,0.60015869140625,0.39984130859375,2,1145,933,0.2804628312587738,0.44944849610328674,0.5109876990318298,0.47762924432754517
50,140,0.34373369812965393,0.00020824636158067733,0.599609375,0.400390625,2,1136,930,0.27699047327041626,0.4436856806278229,0.5074391961097717,0.4727502465248108
50,160,0.3423495590686798,0.00020824636158067733,0.59710693359375,0.40289306640625,2,1141,922,0.27481043338775635,0.44244584441185,0.5046115517616272,0.47078484296798706
50,180,0.3405931890010834,0.00020824636158067733,0.60089111328125,0.39910888671875,2,1127,926,0.27201396226882935,0.44384482502937317,0.502811849117279,0.4717676639556885
50,200,0.34102827310562134,0.00020824636158067733,0.60137939453125,0.39862060546875,2,1138,925,0.2725927233695984,0.44427362084388733,0.5034893751144409,0.47241607308387756
50,220,0.3414231538772583,0.00020824636158067733,0.60595703125,0.39404296875,2,1135,922,0.2741163969039917,0.4449271261692047,0.5042887926101685,0.4710950553417206
50,240,0.3392201066017151,0.00020824636158067733,0.60516357421875,0.39483642578125,2,1134,924,0.27315753698349,0.44047385454177856,0.5041362047195435,0.46797046065330505
50,260,0.33658087253570557,0.00020824636158067733,0.60614013671875,0.39385986328125,2,1135,916,0.2698037326335907,0.43934911489486694,0.5014181137084961,0.4662742018699646
50,280,0.336536169052124,0.00020824636158067733,0.60748291015625,0.39251708984375,2,1130,932,0.26797837018966675,0.4426402747631073,0.5006118416786194,0.4679133892059326
50,300,0.33646339178085327,0.00020824636158067733,0.6055908203125,0.3944091796875,2,1134,931,0.268297016620636,0.4411287009716034,0.5006219148635864,0.46740877628326416
50,320,0.33692091703414917,0.00020824636158067733,0.6053466796875,0.3946533203125,2,1129,928,0.26950323581695557,0.4403308629989624,0.5013639330863953,0.4675174355506897
50,340,0.3353237807750702,0.00020824636158067733,0.61102294921875,0.38897705078125,2,1134,929,0.2677305340766907,0.4415023624897003,0.5001545548439026,0.46966370940208435
50,360,0.3349703252315521,0.00020824636158067733,0.615478515625,0.384521484375,2,1128,932,0.2657563090324402,0.445756733417511,0.498045951128006,0.4715588092803955
50,380,0.3337070047855377,0.00020824636158067733,0.61212158203125,0.38787841796875,2,1128,931,0.2656291723251343,0.4411424398422241,0.4971373975276947,0.4693126082420349
50,400,0.33272585272789,0.00020824636158067733,0.612060546875,0.387939453125,2,1139,933,0.26497575640678406,0.4396166503429413,0.49670496582984924,0.4689989686012268
50,420,0.3332212567329407,0.00020824636158067733,0.6129150390625,0.3870849609375,2,1128,938,0.2635878622531891,0.44347962737083435,0.49557003378868103,0.47161343693733215
50,440,0.33273300528526306,0.00020824636158067733,0.61492919921875,0.38507080078125,2,1131,942,0.2621588706970215,0.4454346001148224,0.4939897358417511,0.4733736515045166
50,460,0.32949844002723694,0.00020824636158067733,0.61505126953125,0.38494873046875,2,1116,936,0.26096633076667786,0.4389955699443817,0.49187254905700684,0.4696381688117981
50,480,0.33193039894104004,0.00020824636158067733,0.61431884765625,0.38568115234375,2,1120,949,0.26202163100242615,0.4432821273803711,0.49239853024482727,0.4727133810520172
50,500,0.3313477337360382,0.00020824636158067733,0.6165771484375,0.3834228515625,2,1122,949,0.2620512843132019,0.44278237223625183,0.49268850684165955,0.47326523065567017
50,520,0.33125990629196167,0.00020824636158067733,0.614990234375,0.385009765625,2,1129,933,0.26223599910736084,0.44151437282562256,0.4924067258834839,0.4729149341583252
50,540,0.32935917377471924,0.00020824636158067733,0.61492919921875,0.38507080078125,2,1125,940,0.25915035605430603,0.44147738814353943,0.48999127745628357,0.47281700372695923
50,560,0.3289640247821808,0.00020824636158067733,0.615966796875,0.384033203125,2,1128,937,0.25960811972618103,0.440206915140152,0.48999589681625366,0.47202110290527344
50,580,0.3277505338191986,0.00020824636158067733,0.61700439453125,0.38299560546875,2,1121,939,0.25802651047706604,0.4400756061077118,0.4885879158973694,0.47186794877052307
50,600,0.3279985785484314,0.00020824636158067733,0.61871337890625,0.38128662109375,2,1126,935,0.25956279039382935,0.43904927372932434,0.48960697650909424,0.47109541296958923
50,620,0.3284284174442291,0.00020824636158067733,0.6175537109375,0.3824462890625,2,1127,942,0.25934937596321106,0.43997347354888916,0.48932600021362305,0.4716348350048065
50,640,0.32853448390960693,0.00020824636158067733,0.61993408203125,0.38006591796875,2,1126,947,0.25900304317474365,0.4419488310813904,0.48961713910102844,0.473257839679718
50,660,0.3264094591140747,0.00020824636158067733,0.619140625,0.380859375,2,1132,935,0.25818392634391785,0.43731963634490967,0.4886941909790039,0.4703461229801178
50,680,0.328504353761673,0.00020824636158067733,0.62091064453125,0.37908935546875,2,1130,943,0.2586551606655121,0.4429103136062622,0.48902297019958496,0.473384827375412
50,700,0.3285181224346161,0.00020824636158067733,0.6182861328125,0.3817138671875,2,1132,939,0.25975456833839417,0.4398987293243408,0.48938435316085815,0.47144123911857605
50,720,0.3270970582962036,0.00020824636158067733,0.62017822265625,0.37982177734375,2,1135,934,0.25844070315361023,0.4392000436782837,0.4890039563179016,0.4703083038330078
50,740,0.3269155025482178,0.00020824636158067733,0.62066650390625,0.37933349609375,2,1133,929,0.2588399648666382,0.4383009374141693,0.4888589084148407,0.4702869951725006
50,760,0.3280685544013977,0.00020824636158067733,0.61883544921875,0.38116455078125,2,1137,937,0.25903263688087463,0.4401509463787079,0.48965752124786377,0.4714091122150421
50,780,0.326835572719574,0.00020824636158067733,0.62188720703125,0.37811279296875,2,1136,933,0.2588801681995392,0.4386027455329895,0.48910412192344666,0.4701893627643585
50,800,0.326852023601532,0.00020824636158067733,0.61962890625,0.38037109375,2,1132,934,0.259290486574173,0.4369105398654938,0.48930954933166504,0.4693099558353424
50,820,0.32798758149147034,0.00020824636158067733,0.61883544921875,0.38116455078125,2,1133,931,0.2600403130054474,0.4383026659488678,0.489306777715683,0.4705590009689331
50,840,0.3291585445404053,0.00020824636158067733,0.61859130859375,0.38140869140625,2,1129,932,0.26136308908462524,0.43911319971084595,0.490761935710907,0.47033560276031494
50,860,0.32803407311439514,0.00020824636158067733,0.62091064453125,0.37908935546875,2,1128,938,0.2602350413799286,0.43908217549324036,0.490310400724411,0.47001588344573975
50,880,0.32662227749824524,0.00020824636158067733,0.621826171875,0.378173828125,2,1125,937,0.2590698301792145,0.43769779801368713,0.489390105009079,0.46871018409729004
50,900,0.3264784812927246,0.00020824636158067733,0.6220703125,0.3779296875,2,1129,936,0.25902560353279114,0.4375056028366089,0.4891088306903839,0.4691959619522095
50,920,0.32842952013015747,0.00020824636158067733,0.62127685546875,0.37872314453125,2,1130,940,0.26077136397361755,0.43941935896873474,0.4908220171928406,0.4704534411430359
50,940,0.32766294479370117,0.00020824636158067733,0.62078857421875,0.37921142578125,2,1143,937,0.2603197693824768,0.43790721893310547,0.4899614155292511,0.46987178921699524
50,960,0.32806694507598877,0.00020824636158067733,0.62152099609375,0.37847900390625,2,1142,939,0.26005783677101135,0.4397485554218292,0.490261435508728,0.4703013002872467
50,980,0.32729318737983704,0.00020824636158067733,0.62255859375,0.37744140625,2,1136,937,0.2588462829589844,0.44019073247909546,0.48954862356185913,0.4707755744457245
50,1000,0.329551100730896,0.00020824636158067733,0.61798095703125,0.38201904296875,2,1142,933,0.26172032952308655,0.43927887082099915,0.4908095598220825,0.47085073590278625
50,1020,0.32651829719543457,0.00020824636158067733,0.61859130859375,0.38140869140625,2,1140,931,0.2578035891056061,0.43796390295028687,0.4878954291343689,0.4693062901496887
50,1040,0.32910194993019104,0.00020824636158067733,0.6217041015625,0.3782958984375,2,1143,930,0.26151877641677856,0.44017037749290466,0.49138736724853516,0.4707060158252716
50,1060,0.32850536704063416,0.00020824636158067733,0.61981201171875,0.38018798828125,2,1139,926,0.2604151666164398,0.43951132893562317,0.4901426434516907,0.4705660939216614
50,1080,0.3276982009410858,0.00020824636158067733,0.62139892578125,0.37860107421875,2,1134,936,0.259933203458786,0.4389210343360901,0.49029040336608887,0.4693618714809418
50,1100,0.3273361623287201,0.00020824636158067733,0.62274169921875,0.37725830078125,2,1137,930,0.2597423791885376,0.43891358375549316,0.49042412638664246,0.46979284286499023
50,1120,0.32897573709487915,0.00020824636158067733,0.6209716796875,0.3790283203125,2,1146,941,0.2600248456001282,0.44193965196609497,0.4903094470500946,0.4720347225666046
50,1140,0.32828542590141296,0.00020824636158067733,0.6195068359375,0.3804931640625,2,1140,933,0.26016977429389954,0.439189076423645,0.49007463455200195,0.4699127972126007
50,1160,0.3296143412590027,0.00020824636158067733,0.62481689453125,0.37518310546875,2,1139,945,0.2613210082054138,0.44334766268730164,0.49232813715934753,0.47167062759399414
50,1180,0.3262866139411926,0.00020824636158067733,0.62451171875,0.37548828125,2,1139,936,0.2577129900455475,0.44033822417259216,0.48895201086997986,0.47077903151512146
50,1200,0.3270277976989746,0.00020824636158067733,0.6214599609375,0.3785400390625,2,1141,943,0.25901055335998535,0.4386935830116272,0.48924508690834045,0.46905139088630676
50,1220,0.3293604850769043,0.00020824636158067733,0.6209716796875,0.3790283203125,2,1146,938,0.2606630325317383,0.44190916419029236,0.49029505252838135,0.471932590007782
50,1240,0.32934868335723877,0.00020824636158067733,0.62164306640625,0.37835693359375,2,1143,938,0.2607825994491577,0.4420032203197479,0.4908125102519989,0.4714016020298004
50,1260,0.3276474177837372,0.00020824636158067733,0.621337890625,0.378662109375,2,1142,933,0.2593046724796295,0.43978938460350037,0.48925483226776123,0.46954238414764404
50,1280,0.32755956053733826,0.00020824636158067733,0.62225341796875,0.37774658203125,2,1147,933,0.25980615615844727,0.4391683042049408,0.4899144768714905,0.46916598081588745
50,1300,0.3281317353248596,0.00020824636158067733,0.6212158203125,0.3787841796875,2,1138,938,0.25906646251678467,0.44140058755874634,0.4896652400493622,0.470847487449646
50,1320,0.3281497359275818,0.00020824636158067733,0.6212158203125,0.3787841796875,2,1145,937,0.2602442502975464,0.43951651453971863,0.4900205731391907,0.469653457403183
50,1340,0.3275447487831116,0.00020824636158067733,0.6207275390625,0.3792724609375,2,1141,935,0.2595077455043793,0.43889594078063965,0.4897328317165375,0.46934235095977783
50,1360,0.32631951570510864,0.00020824636158067733,0.62237548828125,0.37762451171875,2,1145,942,0.25792384147644043,0.4390448033809662,0.4882185757160187,0.46991071105003357
50,1380,0.3266361951828003,0.00020824636158067733,0.62274169921875,0.37725830078125,2,1145,936,0.25833845138549805,0.43937554955482483,0.4887048602104187,0.46940240263938904
50,1400,0.32700997591018677,0.00020824636158067733,0.62322998046875,0.37677001953125,2,1144,937,0.25898799300193787,0.43952786922454834,0.4895901083946228,0.46945926547050476
50,1420,0.3271140456199646,0.00020824636158067733,0.62298583984375,0.37701416015625,2,1150,941,0.25821009278297424,0.4409722685813904,0.48901960253715515,0.4703920781612396
50,1440,0.3269365429878235,0.00020824636158067733,0.62286376953125,0.37713623046875,2,1149,939,0.258109450340271,0.44060882925987244,0.48911014199256897,0.47085943818092346
50,1460,0.3275270164012909,0.00020824636158067733,0.62176513671875,0.37823486328125,2,1147,932,0.25965505838394165,0.4390990734100342,0.4895840585231781,0.4694110155105591
50,1480,0.3270398676395416,0.00020824636158067733,0.6195068359375,0.3804931640625,2,1148,929,0.25838473439216614,0.438821941614151,0.4887852072715759,0.4695495069026947
50,1500,0.32729029655456543,0.00020824636158067733,0.6197509765625,0.3802490234375,2,1150,936,0.2577521800994873,0.4406275153160095,0.4886060357093811,0.47033947706222534
50,1520,0.32588550448417664,0.00020824636158067733,0.6246337890625,0.3753662109375,2,1141,939,0.25687894225120544,0.4407169818878174,0.4881257712841034,0.47036901116371155
50,1540,0.3282599449157715,0.00020824636158067733,0.62359619140625,0.37640380859375,2,1143,938,0.25957807898521423,0.4420466721057892,0.49023136496543884,0.47077611088752747
50,1560,0.32749515771865845,0.00020824636158067733,0.62042236328125,0.37957763671875,2,1138,935,0.25900474190711975,0.43944332003593445,0.48941487073898315,0.4701322615146637
50,1580,0.3274223208427429,0.00020824636158067733,0.62274169921875,0.37725830078125,2,1147,940,0.25922924280166626,0.4399888515472412,0.4897516667842865,0.4704957902431488
50,1600,0.32709336280822754,0.00020824636158067733,0.62152099609375,0.37847900390625,2,1141,939,0.25928157567977905,0.4384506642818451,0.4893660843372345,0.4688774645328522
50,1620,0.3271256983280182,0.00020824636158067733,0.6229248046875,0.3770751953125,2,1138,937,0.25907060503959656,0.43955206871032715,0.48948463797569275,0.4694921374320984
50,1640,0.32609397172927856,0.00020824636158067733,0.62261962890625,0.37738037109375,2,1141,928,0.258149653673172,0.4381917119026184,0.48883870244026184,0.4682967960834503
50,1660,0.3281520903110504,0.00020824636158067733,0.6220703125,0.3779296875,2,1143,947,0.2595914304256439,0.44100260734558105,0.4903208017349243,0.47027987241744995
50,1680,0.32650047540664673,0.00020824636158067733,0.62066650390625,0.37933349609375,2,1135,937,0.2579871416091919,0.43860217928886414,0.4886334240436554,0.46917349100112915
50,1700,0.3273494839668274,0.00020824636158067733,0.61968994140625,0.38031005859375,2,1136,945,0.25846049189567566,0.43959957361221313,0.48860618472099304,0.46985429525375366
50,1720,0.3266045153141022,0.00020824636158067733,0.62078857421875,0.37921142578125,2,1135,935,0.25859129428863525,0.437945693731308,0.48913976550102234,0.46811163425445557
50,1740,0.3265875279903412,0.00020824636158067733,0.61737060546875,0.38262939453125,2,1139,938,0.25799083709716797,0.4372679591178894,0.488132506608963,0.4681142270565033
50,1760,0.3269435167312622,0.00020824636158067733,0.61871337890625,0.38128662109375,2,1136,943,0.2580665946006775,0.43871012330055237,0.48881325125694275,0.46921616792678833
50,1780,0.32712191343307495,0.00020824636158067733,0.6224365234375,0.3775634765625,2,1140,946,0.2585911154747009,0.44009914994239807,0.4898253381252289,0.47033512592315674
50,1800,0.3266618549823761,0.00020824636158067733,0.62310791015625,0.37689208984375,2,1143,941,0.2587510347366333,0.43893739581108093,0.48896268010139465,0.46880781650543213
50,1820,0.3276631236076355,0.00020824636158067733,0.61871337890625,0.38128662109375,2,1138,944,0.2582149803638458,0.4403565526008606,0.4888542592525482,0.47038552165031433
50,1840,0.3280211389064789,0.00020824636158067733,0.6197509765625,0.3802490234375,2,1142,944,0.2596938908100128,0.4393848180770874,0.490068256855011,0.46947264671325684
50,1860,0.32751572132110596,0.00020824636158067733,0.61895751953125,0.38104248046875,2,1143,945,0.2590159475803375,0.4387853443622589,0.4896996021270752,0.4693693518638611
50,1880,0.3289519250392914,0.00020824636158067733,0.61956787109375,0.38043212890625,2,1142,943,0.2604043781757355,0.44058775901794434,0.4904242753982544,0.46983399987220764
50,1900,0.32541823387145996,0.00020824636158067733,0.61981201171875,0.38018798828125,2,1137,942,0.25684693455696106,0.4372085630893707,0.48815950751304626,0.46730098128318787
50,1920,0.32806065678596497,0.00020824636158067733,0.619384765625,0.380615234375,2,1143,941,0.25999191403388977,0.4388306438922882,0.49002718925476074,0.4689261019229889
50,1940,0.32756370306015015,0.00020824636158067733,0.62188720703125,0.37811279296875,2,1149,942,0.2594720125198364,0.4395551085472107,0.4900928735733032,0.4684876799583435
50,1960,0.3266479969024658,0.00020824636158067733,0.619384765625,0.380615234375,2,1143,938,0.2574235200881958,0.4392988085746765,0.48821088671684265,0.4689934551715851
50,1980,0.329563170671463,0.00020824636158067733,0.6187744140625,0.3812255859375,2,1150,942,0.2610229253768921,0.4408121705055237,0.4905353784561157,0.4701137840747833
50,2000,0.3263329565525055,0.00020824636158067733,0.61834716796875,0.38165283203125,2,1150,934,0.2584517002105713,0.43631288409233093,0.4886634647846222,0.46633660793304443
51,0,0.8036784529685974,0.00020824636158067733,0.57659912109375,0.42340087890625,2,1292,1076,0.6153594851493835,1.0601364374160767,0.6150924563407898,0.570644199848175
51,20,0.605387806892395,0.00020824636158067733,0.58685302734375,0.41314697265625,2,1263,1059,0.4892623722553253,0.770337700843811,0.5791144371032715,0.5487692356109619
51,40,0.47840794920921326,0.00020824636158067733,0.59771728515625,0.40228271484375,2,1234,1005,0.39913409948349,0.5961940288543701,0.5537444949150085,0.5168506503105164
51,60,0.4008762538433075,0.00020824636158067733,0.61297607421875,0.38702392578125,2,1199,949,0.3388153314590454,0.4991695284843445,0.5338128805160522,0.48580893874168396
51,80,0.36265936493873596,0.00020824636158067733,0.6121826171875,0.3878173828125,2,1196,915,0.30284175276756287,0.45708343386650085,0.5201548337936401,0.4701228737831116
51,100,0.347284734249115,0.00020824636158067733,0.61187744140625,0.38812255859375,2,1164,905,0.2864854335784912,0.44313517212867737,0.5130886435508728,0.46597692370414734
51,120,0.3419509828090668,0.00020824636158067733,0.6124267578125,0.3875732421875,2,1163,917,0.2789696753025055,0.4414713382720947,0.5092256665229797,0.4664950668811798
51,140,0.3430907428264618,0.00020824636158067733,0.6109619140625,0.3890380859375,2,1156,921,0.27792441844940186,0.4454306662082672,0.5096250176429749,0.470584511756897
51,160,0.3383890390396118,0.00020824636158067733,0.61419677734375,0.38580322265625,2,1150,914,0.27338939905166626,0.4418681859970093,0.5057923793792725,0.46582740545272827
51,180,0.34247270226478577,0.00020824636158067733,0.61224365234375,0.38775634765625,2,1164,928,0.27655404806137085,0.4465542137622833,0.5089044570922852,0.4709866940975189
51,200,0.33790257573127747,0.00020824636158067733,0.61627197265625,0.38372802734375,2,1154,915,0.2728618383407593,0.4423588216304779,0.5057438015937805,0.46620461344718933
51,220,0.33684492111206055,0.00020824636158067733,0.6204833984375,0.3795166015625,2,1154,917,0.2718164026737213,0.44316211342811584,0.505497932434082,0.4674820899963379
51,240,0.338981032371521,0.00020824636158067733,0.6229248046875,0.3770751953125,2,1165,919,0.27535879611968994,0.44408443570137024,0.5094112157821655,0.4679741859436035
51,260,0.3358583152294159,0.00020824636158067733,0.618408203125,0.381591796875,2,1160,923,0.2691282331943512,0.44400128722190857,0.5036610960960388,0.4670918881893158
51,280,0.334494948387146,0.00020824636158067733,0.62457275390625,0.37542724609375,2,1153,917,0.26838091015815735,0.4444843530654907,0.5012661814689636,0.4667971432209015
51,300,0.33789223432540894,0.00020824636158067733,0.61700439453125,0.38299560546875,2,1159,928,0.2707737982273102,0.4460197389125824,0.5046122670173645,0.4697358012199402
51,320,0.3320498764514923,0.00020824636158067733,0.6260986328125,0.3739013671875,2,1145,917,0.26546311378479004,0.4435495436191559,0.5003067851066589,0.4651421904563904
51,340,0.33293265104293823,0.00020824636158067733,0.625,0.375,2,1160,921,0.2669313848018646,0.44293466210365295,0.5006031394004822,0.4665731191635132
51,360,0.33356979489326477,0.00020824636158067733,0.62109375,0.37890625,2,1160,917,0.2676597833633423,0.44160789251327515,0.5015817880630493,0.4654761552810669
51,380,0.3333495855331421,0.00020824636158067733,0.624755859375,0.375244140625,2,1153,923,0.2665923535823822,0.44449582695961,0.5010232329368591,0.4671323597431183
51,400,0.33240997791290283,0.00020824636158067733,0.61968994140625,0.38031005859375,2,1151,927,0.2649097442626953,0.4423970878124237,0.49892109632492065,0.46649885177612305
51,420,0.33206111192703247,0.00020824636158067733,0.61895751953125,0.38104248046875,2,1153,919,0.2652779221534729,0.4405423104763031,0.49933871626853943,0.46631860733032227
51,440,0.33189859986305237,0.00020824636158067733,0.6220703125,0.3779296875,2,1150,931,0.26357656717300415,0.44435635209083557,0.49794745445251465,0.4686138331890106
51,460,0.3312074840068817,0.00020824636158067733,0.61895751953125,0.38104248046875,2,1144,934,0.26247143745422363,0.4428609013557434,0.49672389030456543,0.4682748019695282
51,480,0.33231574296951294,0.00020824636158067733,0.61865234375,0.38134765625,2,1156,923,0.2654576599597931,0.4407782256603241,0.4991980493068695,0.4663734436035156
51,500,0.32919958233833313,0.00020824636158067733,0.61932373046875,0.38067626953125,2,1136,932,0.25964993238449097,0.442350298166275,0.4931890368461609,0.4677891433238983
51,520,0.3305385112762451,0.00020824636158067733,0.61590576171875,0.38409423828125,2,1141,933,0.26135486364364624,0.441476434469223,0.4945926368236542,0.4694598317146301
51,540,0.32997703552246094,0.00020824636158067733,0.61834716796875,0.38165283203125,2,1144,933,0.2606187164783478,0.44235023856163025,0.494419127702713,0.46894174814224243
51,560,0.33156055212020874,0.00020824636158067733,0.6175537109375,0.3824462890625,2,1146,936,0.2620294392108917,0.44383564591407776,0.49527499079704285,0.47025537490844727
51,580,0.3268502354621887,0.00020824636158067733,0.61944580078125,0.38055419921875,2,1143,927,0.25734981894493103,0.43997931480407715,0.49111393094062805,0.46590256690979004
51,600,0.32781633734703064,0.00020824636158067733,0.62139892578125,0.37860107421875,2,1137,926,0.2592155337333679,0.4404110014438629,0.49253830313682556,0.46687084436416626
51,620,0.32686102390289307,0.00020824636158067733,0.61785888671875,0.38214111328125,2,1142,927,0.25694137811660767,0.43990951776504517,0.49063605070114136,0.4661426842212677
51,640,0.32798492908477783,0.00020824636158067733,0.61920166015625,0.38079833984375,2,1136,934,0.2588846683502197,0.4403461813926697,0.4924432039260864,0.46733999252319336
51,660,0.3276684880256653,0.00020824636158067733,0.6190185546875,0.3809814453125,2,1136,934,0.2576870322227478,0.4413743019104004,0.4912538230419159,0.4681151509284973
51,680,0.3273623585700989,0.00020824636158067733,0.62255859375,0.37744140625,2,1144,933,0.25861790776252747,0.44075068831443787,0.49147361516952515,0.46795281767845154
51,700,0.32926568388938904,0.00020824636158067733,0.619384765625,0.380615234375,2,1145,937,0.2601308226585388,0.44177061319351196,0.4931359589099884,0.46915289759635925
51,720,0.3257932662963867,0.00020824636158067733,0.6204833984375,0.3795166015625,2,1144,928,0.2565878927707672,0.43893933296203613,0.48954886198043823,0.46511635184288025
51,740,0.3280348479747772,0.00020824636158067733,0.62286376953125,0.37713623046875,2,1144,936,0.25934696197509766,0.44147711992263794,0.4917847216129303,0.46874889731407166
51,760,0.3285766839981079,0.00020824636158067733,0.619873046875,0.380126953125,2,1144,938,0.2589377462863922,0.44213685393333435,0.49190661311149597,0.4683699607849121
51,780,0.32656624913215637,0.00020824636158067733,0.6201171875,0.3798828125,2,1139,937,0.2564038932323456,0.44109848141670227,0.48973721265792847,0.4681665003299713
51,800,0.3269122838973999,0.00020824636158067733,0.621826171875,0.378173828125,2,1143,939,0.2575168311595917,0.4410182535648346,0.490524560213089,0.4677869379520416
51,820,0.32964760065078735,0.00020824636158067733,0.62738037109375,0.37261962890625,2,1159,941,0.26152303814888,0.444349080324173,0.4937918782234192,0.4718238115310669
51,840,0.3274170756340027,0.00020824636158067733,0.6234130859375,0.3765869140625,2,1151,938,0.25861266255378723,0.44131797552108765,0.49173852801322937,0.4674653708934784
51,860,0.3262295722961426,0.00020824636158067733,0.6214599609375,0.3785400390625,2,1139,945,0.256276935338974,0.44107288122177124,0.48935943841934204,0.4671129584312439
51,880,0.328646719455719,0.00020824636158067733,0.625732421875,0.374267578125,2,1152,936,0.26100096106529236,0.4417427182197571,0.4930647313594818,0.4693441689014435
51,900,0.3265531063079834,0.00020824636158067733,0.622314453125,0.377685546875,2,1145,945,0.25749683380126953,0.44033750891685486,0.49060487747192383,0.4665622115135193
51,920,0.3268589675426483,0.00020824636158067733,0.62359619140625,0.37640380859375,2,1149,942,0.2579874098300934,0.4409599006175995,0.4911012351512909,0.4680410325527191
51,940,0.3290409445762634,0.00020824636158067733,0.620849609375,0.379150390625,2,1153,941,0.26036936044692993,0.44148901104927063,0.4918222427368164,0.4693223536014557
51,960,0.3265567719936371,0.00020824636158067733,0.62188720703125,0.37811279296875,2,1146,932,0.25744813680648804,0.4402206540107727,0.4904932677745819,0.4677523076534271
51,980,0.32696282863616943,0.00020824636158067733,0.622314453125,0.377685546875,2,1152,936,0.25784850120544434,0.4408428370952606,0.48989567160606384,0.46820178627967834
51,1000,0.3260089159011841,0.00020824636158067733,0.62237548828125,0.37762451171875,2,1148,929,0.25713321566581726,0.43952518701553345,0.4893816113471985,0.46677491068840027
51,1020,0.3278931677341461,0.00020824636158067733,0.62384033203125,0.37615966796875,2,1157,936,0.25900208950042725,0.4421452581882477,0.49094486236572266,0.46996912360191345
51,1040,0.3262968957424164,0.00020824636158067733,0.6219482421875,0.3780517578125,2,1138,936,0.25634047389030457,0.44138503074645996,0.48928767442703247,0.4685629904270172
51,1060,0.3283537030220032,0.00020824636158067733,0.623779296875,0.376220703125,2,1156,940,0.2594899535179138,0.4425307512283325,0.49070289731025696,0.47065213322639465
51,1080,0.3270500898361206,0.00020824636158067733,0.62200927734375,0.37799072265625,2,1146,933,0.257316529750824,0.4418012499809265,0.4897382855415344,0.4687303602695465
51,1100,0.3266788721084595,0.00020824636158067733,0.6219482421875,0.3780517578125,2,1154,942,0.2576045095920563,0.44031593203544617,0.4894122779369354,0.46860262751579285
51,1120,0.3259636163711548,0.00020824636158067733,0.62237548828125,0.37762451171875,2,1146,938,0.25641730427742004,0.4405851662158966,0.4886441230773926,0.46762531995773315
51,1140,0.32779601216316223,0.00020824636158067733,0.6243896484375,0.3756103515625,2,1153,941,0.2589668929576874,0.44221293926239014,0.4906773269176483,0.46985846757888794
51,1160,0.3264208436012268,0.00020824636158067733,0.62493896484375,0.37506103515625,2,1149,940,0.25818657875061035,0.4401150643825531,0.490200400352478,0.46836432814598083
51,1180,0.3277831971645355,0.00020824636158067733,0.62066650390625,0.37933349609375,2,1150,945,0.25927186012268066,0.4398816227912903,0.4906347990036011,0.4687037467956543
51,1200,0.32630467414855957,0.00020824636158067733,0.6221923828125,0.3778076171875,2,1141,938,0.25690168142318726,0.4406009316444397,0.48909878730773926,0.4686117172241211
51,1220,0.32731521129608154,0.00020824636158067733,0.62445068359375,0.37554931640625,2,1146,944,0.2591668963432312,0.44062986969947815,0.49068430066108704,0.4687415361404419
51,1240,0.3273848593235016,0.00020824636158067733,0.62103271484375,0.37896728515625,2,1150,946,0.2574187219142914,0.4420417845249176,0.4895065724849701,0.4695146083831787
51,1260,0.32617491483688354,0.00020824636158067733,0.62200927734375,0.37799072265625,2,1145,940,0.25706198811531067,0.4399048984050751,0.48915961384773254,0.467739999294281
51,1280,0.3290141224861145,0.00020824636158067733,0.6219482421875,0.3780517578125,2,1147,949,0.2599198520183563,0.4426839053630829,0.4911361038684845,0.4713945984840393
51,1300,0.32739952206611633,0.00020824636158067733,0.62353515625,0.37646484375,2,1153,946,0.2584521472454071,0.4415963888168335,0.48972272872924805,0.46937039494514465
51,1320,0.3273836076259613,0.00020824636158067733,0.623291015625,0.376708984375,2,1153,936,0.25977399945259094,0.4392484128475189,0.49094876646995544,0.46748051047325134
51,1340,0.325915664434433,0.00020824636158067733,0.62164306640625,0.37835693359375,2,1152,941,0.2578018605709076,0.43782711029052734,0.4893036484718323,0.46585267782211304
51,1360,0.32819700241088867,0.00020824636158067733,0.62249755859375,0.37750244140625,2,1154,939,0.26007282733917236,0.4405330717563629,0.4912487864494324,0.46891045570373535
51,1380,0.32633182406425476,0.00020824636158067733,0.6220703125,0.3779296875,2,1145,939,0.25763872265815735,0.43940025568008423,0.4894130229949951,0.46741625666618347
51,1400,0.32689809799194336,0.00020824636158067733,0.62237548828125,0.37762451171875,2,1144,935,0.2577485740184784,0.44086572527885437,0.4898456037044525,0.4691809415817261
51,1420,0.32674509286880493,0.00020824636158067733,0.62213134765625,0.37786865234375,2,1148,941,0.2580602765083313,0.4398293197154999,0.4898451864719391,0.46797531843185425
51,1440,0.3277716338634491,0.00020824636158067733,0.622314453125,0.377685546875,2,1156,942,0.2593172788619995,0.44056421518325806,0.49065274000167847,0.46929362416267395
51,1460,0.3256666362285614,0.00020824636158067733,0.62249755859375,0.37750244140625,2,1146,940,0.25733864307403564,0.4383387267589569,0.48915839195251465,0.46640557050704956
51,1480,0.3271356225013733,0.00020824636158067733,0.62298583984375,0.37701416015625,2,1149,940,0.2585277557373047,0.44050461053848267,0.49000030755996704,0.46879836916923523
51,1500,0.3266192376613617,0.00020824636158067733,0.6220703125,0.3779296875,2,1144,937,0.25809088349342346,0.4394165277481079,0.48938167095184326,0.46696823835372925
51,1520,0.3281295895576477,0.00020824636158067733,0.62249755859375,0.37750244140625,2,1151,944,0.2598772943019867,0.44067689776420593,0.49144843220710754,0.468843936920166
51,1540,0.32730093598365784,0.00020824636158067733,0.621337890625,0.378662109375,2,1154,940,0.25986266136169434,0.4379589259624481,0.4907901883125305,0.46653416752815247
51,1560,0.327541708946228,0.00020824636158067733,0.62200927734375,0.37799072265625,2,1153,944,0.25919288396835327,0.4400142729282379,0.49025291204452515,0.46841493248939514
51,1580,0.32658493518829346,0.00020824636158067733,0.62139892578125,0.37860107421875,2,1150,946,0.2583240866661072,0.43862155079841614,0.4894790053367615,0.46698397397994995
51,1600,0.326219379901886,0.00020824636158067733,0.6212158203125,0.3787841796875,2,1152,942,0.2582463324069977,0.4376969635486603,0.48926448822021484,0.46612292528152466
51,1620,0.32752153277397156,0.00020824636158067733,0.6209716796875,0.3790283203125,2,1160,935,0.25962695479393005,0.43875494599342346,0.4905214309692383,0.4679941236972809
51,1640,0.3277640640735626,0.00020824636158067733,0.62274169921875,0.37725830078125,2,1155,942,0.25977614521980286,0.43999195098876953,0.4907644987106323,0.46855229139328003
51,1660,0.3270881175994873,0.00020824636158067733,0.6229248046875,0.3770751953125,2,1152,937,0.2592136561870575,0.43921610713005066,0.49040231108665466,0.4676912724971771
51,1680,0.3277924060821533,0.00020824636158067733,0.62353515625,0.37646484375,2,1155,938,0.25994187593460083,0.44017255306243896,0.49121248722076416,0.46881723403930664
51,1700,0.32557016611099243,0.00020824636158067733,0.6221923828125,0.3778076171875,2,1153,940,0.25721055269241333,0.4381481409072876,0.4886813759803772,0.4663906693458557
51,1720,0.3267022669315338,0.00020824636158067733,0.62286376953125,0.37713623046875,2,1153,928,0.2587546706199646,0.43892180919647217,0.4898780882358551,0.46723854541778564
51,1740,0.3274722397327423,0.00020824636158067733,0.6212158203125,0.3787841796875,2,1154,930,0.260217547416687,0.4377717673778534,0.49099478125572205,0.46641647815704346
51,1760,0.32639241218566895,0.00020824636158067733,0.62286376953125,0.37713623046875,2,1157,942,0.2586202919483185,0.43832218647003174,0.4897673726081848,0.4666104316711426
51,1780,0.327042818069458,0.00020824636158067733,0.62164306640625,0.37835693359375,2,1156,935,0.2593619227409363,0.4382430613040924,0.49018335342407227,0.4671425521373749
51,1800,0.326110303401947,0.00020824636158067733,0.6220703125,0.3779296875,2,1152,938,0.25748032331466675,0.439074844121933,0.4886641800403595,0.46721649169921875
51,1820,0.3265995383262634,0.00020824636158067733,0.62103271484375,0.37896728515625,2,1153,932,0.25886908173561096,0.43759283423423767,0.4899410605430603,0.46635156869888306
51,1840,0.32679131627082825,0.00020824636158067733,0.621826171875,0.378173828125,2,1157,931,0.2582626938819885,0.4394719898700714,0.4894949793815613,0.4678029417991638
51,1860,0.3276125192642212,0.00020824636158067733,0.621826171875,0.378173828125,2,1156,941,0.2597671151161194,0.43916988372802734,0.4905776381492615,0.4679419696331024
51,1880,0.32699277997016907,0.00020824636158067733,0.62200927734375,0.37799072265625,2,1156,942,0.25862595438957214,0.43949493765830994,0.48966479301452637,0.46807464957237244
51,1900,0.32709619402885437,0.00020824636158067733,0.62188720703125,0.37811279296875,2,1154,937,0.2584039568901062,0.44007524847984314,0.4897640347480774,0.46908679604530334
51,1920,0.328265517950058,0.00020824636158067733,0.62103271484375,0.37896728515625,2,1158,949,0.2596076726913452,0.440778523683548,0.4904542565345764,0.46929189562797546
51,1940,0.3266182541847229,0.00020824636158067733,0.6229248046875,0.3770751953125,2,1153,944,0.2591976821422577,0.43799641728401184,0.4902012348175049,0.466974139213562
51,1960,0.32747453451156616,0.00020824636158067733,0.62274169921875,0.37725830078125,2,1159,936,0.25902479887008667,0.4404647648334503,0.49075376987457275,0.46870157122612
51,1980,0.32524925470352173,0.00020824636158067733,0.6217041015625,0.3782958984375,2,1143,937,0.25767457485198975,0.43630367517471313,0.489340603351593,0.4653698801994324
51,2000,0.32662636041641235,0.00020824636158067733,0.62255859375,0.37744140625,2,1154,935,0.25848060846328735,0.43902719020843506,0.4897756278514862,0.46810194849967957
