seed,epoch,mean_f,best_f,p_left,p_right,occupied_basins,unique_left,unique_right,mean_f_left,mean_f_right,spread_left,spread_right
42,0,0.7616021633148193,0.00020824636158067733,0.49444580078125,0.50555419921875,2,1327,1137,0.7463897466659546,0.7764802575111389,0.7188590168952942,0.6498392224311829
42,20,0.5814909934997559,0.00020824636158067733,0.5548095703125,0.4451904296875,2,1316,1083,0.5322502851486206,0.6428563594818115,0.6555555462837219,0.5940412878990173
42,40,0.42053329944610596,0.00020824636158067733,0.65081787109375,0.34918212890625,2,1269,927,0.3753271698951721,0.5047900676727295,0.5845194458961487,0.5212999582290649
42,60,0.293923020362854,0.00020824636158067733,0.76263427734375,0.23736572265625,2,1154,698,0.25993871688842773,0.40311163663864136,0.5061799883842468,0.435238778591156
42,80,0.2111893594264984,0.00020824636158067733,0.8858642578125,0.1141357421875,2,999,416,0.1917262077331543,0.3622525930404663,0.4314422607421875,0.3457556366920471
42,100,0.15531951189041138,0.00020824636158067733,0.97540283203125,0.02459716796875,2,837,153,0.1500600278377533,0.36388489603996277,0.3595658242702484,0.25455284118652344
42,120,0.11678832769393921,0.00020824636158067733,0.99420166015625,0.00579833984375,1,712,50,0.11510767042636871,0.40495628118515015,0.3132542669773102,0.210974782705307
42,140,0.08976928144693375,0.00020824636158067733,0.99920654296875,0.00079345703125,1,616,12,0.08950929343700409,0.41716912388801575,0.2796502709388733,0.18712294101715088
42,160,0.0706619843840599,0.00020824636158067733,1.0,0.0,1,532,0,0.0706619843840599,nan,0.2510521113872528,nan
42,180,0.05729734152555466,0.00020824636158067733,1.0,0.0,1,474,0,0.05729734152555466,nan,0.2318253219127655,nan
42,200,0.04801928997039795,0.00020824636158067733,1.0,0.0,1,424,0,0.04801928997039795,nan,0.21267415583133698,nan
42,220,0.04133724793791771,0.00020824636158067733,1.0,0.0,1,378,0,0.04133724793791771,nan,0.19866076111793518,nan
42,240,0.03676116466522217,0.00020824636158067733,1.0,0.0,1,355,0,0.03676116466522217,nan,0.1884845644235611,nan
42,260,0.033335622400045395,0.00020824636158067733,1.0,0.0,1,328,0,0.033335622400045395,nan,0.17965364456176758,nan
42,280,0.03080838918685913,0.00020824636158067733,1.0,0.0,1,313,0,0.03080838918685913,nan,0.17262351512908936,nan
42,300,0.028911497443914413,0.00020824636158067733,1.0,0.0,1,292,0,0.028911497443914413,nan,0.1665222942829132,nan
42,320,0.027325449511408806,0.00020824636158067733,1.0,0.0,1,287,0,0.027325449511408806,nan,0.1625075340270996,nan
42,340,0.026233524084091187,0.00020824636158067733,1.0,0.0,1,276,0,0.026233524084091187,nan,0.1599317193031311,nan
42,360,0.02536490187048912,0.00020824636158067733,1.0,0.0,1,271,0,0.02536490187048912,nan,0.15778771042823792,nan
42,380,0.024534761905670166,0.00020824636158067733,1.0,0.0,1,260,0,0.024534761905670166,nan,0.15343372523784637,nan
42,400,0.02395400032401085,0.00020824636158067733,1.0,0.0,1,267,0,0.02395400032401085,nan,0.15348400175571442,nan
42,420,0.02342870458960533,0.00020824636158067733,1.0,0.0,1,256,0,0.02342870458960533,nan,0.15056967735290527,nan
42,440,0.02304973267018795,0.00020824636158067733,1.0,0.0,1,257,0,0.02304973267018795,nan,0.14972782135009766,nan
42,460,0.022649303078651428,0.00020824636158067733,1.0,0.0,1,255,0,0.022649303078651428,nan,0.1493467539548874,nan
42,480,0.022326920181512833,0.00020824636158067733,1.0,0.0,1,251,0,0.022326920181512833,nan,0.14805381000041962,nan
42,500,0.022075099870562553,0.00020824636158067733,1.0,0.0,1,250,0,0.022075099870562553,nan,0.14767201244831085,nan
42,520,0.02186502330005169,0.00020824636158067733,1.0,0.0,1,248,0,0.02186502330005169,nan,0.1466844528913498,nan
42,540,0.021676402539014816,0.00020824636158067733,1.0,0.0,1,242,0,0.021676402539014816,nan,0.14504720270633698,nan
42,560,0.021473342552781105,0.00020824636158067733,1.0,0.0,1,239,0,0.021473342552781105,nan,0.14494827389717102,nan
42,580,0.02132580056786537,0.00020824636158067733,1.0,0.0,1,237,0,0.02132580056786537,nan,0.14481523633003235,nan
42,600,0.021234232932329178,0.00020824636158067733,1.0,0.0,1,240,0,0.021234232932329178,nan,0.14373719692230225,nan
42,620,0.02107194811105728,0.00020824636158067733,1.0,0.0,1,236,0,0.02107194811105728,nan,0.14334484934806824,nan
42,640,0.02098577283322811,0.00020824636158067733,1.0,0.0,1,238,0,0.02098577283322811,nan,0.14384232461452484,nan
42,660,0.020872600376605988,0.00020824636158067733,1.0,0.0,1,233,0,0.020872600376605988,nan,0.14310818910598755,nan
42,680,0.020793844014406204,0.00020824636158067733,1.0,0.0,1,236,0,0.020793844014406204,nan,0.142495259642601,nan
42,700,0.020775848999619484,0.00020824636158067733,1.0,0.0,1,234,0,0.020775848999619484,nan,0.14187520742416382,nan
42,720,0.020656319335103035,0.00020824636158067733,1.0,0.0,1,232,0,0.020656319335103035,nan,0.1422792673110962,nan
42,740,0.02063918672502041,0.00020824636158067733,1.0,0.0,1,233,0,0.02063918672502041,nan,0.14194735884666443,nan
42,760,0.02061086893081665,0.00020824636158067733,1.0,0.0,1,228,0,0.02061086893081665,nan,0.14043310284614563,nan
42,780,0.020540911704301834,0.00020824636158067733,1.0,0.0,1,230,0,0.020540911704301834,nan,0.14095978438854218,nan
42,800,0.02048111893236637,0.00020824636158067733,1.0,0.0,1,227,0,0.02048111893236637,nan,0.1406726986169815,nan
42,820,0.0204171109944582,0.00020824636158067733,1.0,0.0,1,238,0,0.0204171109944582,nan,0.14213338494300842,nan
42,840,0.020408162847161293,0.00020824636158067733,1.0,0.0,1,237,0,0.020408162847161293,nan,0.14217181503772736,nan
42,860,0.02033652737736702,0.00020824636158067733,1.0,0.0,1,230,0,0.02033652737736702,nan,0.14087870717048645,nan
42,880,0.020343035459518433,0.00020824636158067733,1.0,0.0,1,227,0,0.020343035459518433,nan,0.14080427587032318,nan
42,900,0.02032778225839138,0.00020824636158067733,1.0,0.0,1,232,0,0.02032778225839138,nan,0.14167903363704681,nan
42,920,0.020329155027866364,0.00020824636158067733,1.0,0.0,1,234,0,0.020329155027866364,nan,0.14158353209495544,nan
42,940,0.020243488252162933,0.00020824636158067733,1.0,0.0,1,235,0,0.020243488252162933,nan,0.14113599061965942,nan
42,960,0.020216235890984535,0.00020824636158067733,1.0,0.0,1,228,0,0.020216235890984535,nan,0.14040310680866241,nan
42,980,0.020146531984210014,0.00020824636158067733,1.0,0.0,1,231,0,0.020146531984210014,nan,0.14101305603981018,nan
42,1000,0.02015085332095623,0.00020824636158067733,1.0,0.0,1,233,0,0.02015085332095623,nan,0.14091159403324127,nan
42,1020,0.020172512158751488,0.00020824636158067733,1.0,0.0,1,229,0,0.020172512158751488,nan,0.14071373641490936,nan
42,1040,0.020122786983847618,0.00020824636158067733,1.0,0.0,1,232,0,0.020122786983847618,nan,0.1409110426902771,nan
42,1060,0.020165294408798218,0.00020824636158067733,1.0,0.0,1,225,0,0.020165294408798218,nan,0.13928104937076569,nan
42,1080,0.020119281485676765,0.00020824636158067733,1.0,0.0,1,229,0,0.020119281485676765,nan,0.13940000534057617,nan
42,1100,0.02010108157992363,0.00020824636158067733,1.0,0.0,1,228,0,0.02010108157992363,nan,0.13964538276195526,nan
42,1120,0.020137686282396317,0.00020824636158067733,1.0,0.0,1,231,0,0.020137686282396317,nan,0.14004391431808472,nan
42,1140,0.020128585398197174,0.00020824636158067733,1.0,0.0,1,232,0,0.020128585398197174,nan,0.13925042748451233,nan
42,1160,0.02008064091205597,0.00020824636158067733,1.0,0.0,1,232,0,0.02008064091205597,nan,0.13935326039791107,nan
42,1180,0.020092081278562546,0.00020824636158067733,1.0,0.0,1,233,0,0.020092081278562546,nan,0.14023007452487946,nan
42,1200,0.020044950768351555,0.00020824636158067733,1.0,0.0,1,231,0,0.020044950768351555,nan,0.14063191413879395,nan
42,1220,0.020016277208924294,0.00020824636158067733,1.0,0.0,1,231,0,0.020016277208924294,nan,0.13993342220783234,nan
42,1240,0.020017292350530624,0.00020824636158067733,1.0,0.0,1,229,0,0.020017292350530624,nan,0.1392558068037033,nan
42,1260,0.01995943672955036,0.00020824636158067733,1.0,0.0,1,226,0,0.01995943672955036,nan,0.13924218714237213,nan
42,1280,0.01999487355351448,0.00020824636158067733,1.0,0.0,1,231,0,0.01999487355351448,nan,0.1403205394744873,nan
42,1300,0.019972197711467743,0.00020824636158067733,1.0,0.0,1,228,0,0.019972197711467743,nan,0.14010104537010193,nan
42,1320,0.01997499167919159,0.00020824636158067733,1.0,0.0,1,230,0,0.01997499167919159,nan,0.13954049348831177,nan
42,1340,0.019944336265325546,0.00020824636158067733,1.0,0.0,1,231,0,0.019944336265325546,nan,0.13968943059444427,nan
42,1360,0.02000625990331173,0.00020824636158067733,1.0,0.0,1,228,0,0.02000625990331173,nan,0.13959845900535583,nan
42,1380,0.01994870975613594,0.00020824636158067733,1.0,0.0,1,229,0,0.01994870975613594,nan,0.13896356523036957,nan
42,1400,0.019947335124015808,0.00020824636158067733,1.0,0.0,1,229,0,0.019947335124015808,nan,0.13949719071388245,nan
42,1420,0.019944386556744576,0.00020824636158067733,1.0,0.0,1,230,0,0.019944386556744576,nan,0.13896222412586212,nan
42,1440,0.019895121455192566,0.00020824636158067733,1.0,0.0,1,227,0,0.019895121455192566,nan,0.1392667591571808,nan
42,1460,0.019906815141439438,0.00020824636158067733,1.0,0.0,1,233,0,0.019906815141439438,nan,0.14030466973781586,nan
42,1480,0.019890394061803818,0.00020824636158067733,1.0,0.0,1,233,0,0.019890394061803818,nan,0.14007125794887543,nan
42,1500,0.019898733124136925,0.00020824636158067733,1.0,0.0,1,226,0,0.019898733124136925,nan,0.13905441761016846,nan
42,1520,0.01989700272679329,0.00020824636158067733,1.0,0.0,1,227,0,0.01989700272679329,nan,0.13890427350997925,nan
42,1540,0.019870003685355186,0.00020824636158067733,1.0,0.0,1,226,0,0.019870003685355186,nan,0.13960061967372894,nan
42,1560,0.019853226840496063,0.00020824636158067733,1.0,0.0,1,226,0,0.019853226840496063,nan,0.1396106481552124,nan
42,1580,0.020035240799188614,0.00020824636158067733,1.0,0.0,1,233,0,0.020035240799188614,nan,0.1404409408569336,nan
42,1600,0.019868940114974976,0.00020824636158067733,1.0,0.0,1,228,0,0.019868940114974976,nan,0.13998377323150635,nan
42,1620,0.01985795795917511,0.00020824636158067733,1.0,0.0,1,225,0,0.01985795795917511,nan,0.13944019377231598,nan
42,1640,0.019849007949233055,0.00020824636158067733,1.0,0.0,1,231,0,0.019849007949233055,nan,0.13977132737636566,nan
42,1660,0.01986212655901909,0.00020824636158067733,1.0,0.0,1,225,0,0.01986212655901909,nan,0.1392543613910675,nan
42,1680,0.019835129380226135,0.00020824636158067733,1.0,0.0,1,227,0,0.019835129380226135,nan,0.13935326039791107,nan
42,1700,0.019922271370887756,0.00020824636158067733,1.0,0.0,1,227,0,0.019922271370887756,nan,0.13844485580921173,nan
42,1720,0.019844789057970047,0.00020824636158067733,1.0,0.0,1,225,0,0.019844789057970047,nan,0.13906949758529663,nan
42,1740,0.01992872729897499,0.00020824636158067733,1.0,0.0,1,232,0,0.01992872729897499,nan,0.14048945903778076,nan
42,1760,0.019837161526083946,0.00020824636158067733,1.0,0.0,1,225,0,0.019837161526083946,nan,0.1396944522857666,nan
42,1780,0.019866598770022392,0.00020824636158067733,1.0,0.0,1,223,0,0.019866598770022392,nan,0.13857829570770264,nan
42,1800,0.019929390400648117,0.00020824636158067733,1.0,0.0,1,224,0,0.019929390400648117,nan,0.13804061710834503,nan
42,1820,0.019827809184789658,0.00020824636158067733,1.0,0.0,1,225,0,0.019827809184789658,nan,0.13868726789951324,nan
42,1840,0.019827349111437798,0.00020824636158067733,1.0,0.0,1,227,0,0.019827349111437798,nan,0.1393904834985733,nan
42,1860,0.019827503710985184,0.00020824636158067733,1.0,0.0,1,229,0,0.019827503710985184,nan,0.1391264647245407,nan
42,1880,0.019899850711226463,0.00020824636158067733,1.0,0.0,1,229,0,0.019899850711226463,nan,0.13885217905044556,nan
42,1900,0.01983690820634365,0.00020824636158067733,1.0,0.0,1,228,0,0.01983690820634365,nan,0.13947513699531555,nan
42,1920,0.01982206106185913,0.00020824636158067733,1.0,0.0,1,228,0,0.01982206106185913,nan,0.13985201716423035,nan
42,1940,0.019997313618659973,0.00020824636158067733,1.0,0.0,1,233,0,0.019997313618659973,nan,0.1408834308385849,nan
42,1960,0.01982409693300724,0.00020824636158067733,1.0,0.0,1,230,0,0.01982409693300724,nan,0.13954704999923706,nan
42,1980,0.019860193133354187,0.00020824636158067733,1.0,0.0,1,229,0,0.019860193133354187,nan,0.13886097073554993,nan
42,2000,0.019805386662483215,0.00020824636158067733,1.0,0.0,1,226,0,0.019805386662483215,nan,0.13900543749332428,nan
43,0,0.6960572004318237,0.00020824636158067733,0.4755859375,0.5244140625,2,1331,1142,0.6155489683151245,0.7690693140029907,0.7225677967071533,0.6648993492126465
43,20,0.5159307718276978,0.00020824636158067733,0.5509033203125,0.4490966796875,2,1309,1092,0.43830427527427673,0.6111544370651245,0.6430491209030151,0.5914271473884583
43,40,0.36262601613998413,0.00020824636158067733,0.6529541015625,0.3470458984375,2,1210,937,0.2998066544532776,0.48081833124160767,0.5471387505531311,0.5070541501045227
43,60,0.2547638416290283,0.00020824636158067733,0.77154541015625,0.22845458984375,2,1046,698,0.21460872888565063,0.3903772830963135,0.4526749551296234,0.4208330810070038
43,80,0.19120529294013977,0.00020824636158067733,0.88568115234375,0.11431884765625,2,889,449,0.17067335546016693,0.3502756357192993,0.3843878507614136,0.34222733974456787
43,100,0.14371418952941895,0.00020824636158067733,0.95892333984375,0.04107666015625,2,802,219,0.13531848788261414,0.3397093415260315,0.3386835753917694,0.2684260606765747
43,120,0.10804957151412964,0.00020824636158067733,0.9884033203125,0.0115966796875,2,708,91,0.10511523485183716,0.3581468164920807,0.30034005641937256,0.2167506366968155
43,140,0.08332889527082443,0.00020824636158067733,0.9967041015625,0.0032958984375,1,623,33,0.08236314356327057,0.3753822147846222,0.27045971155166626,0.1464844048023224
43,160,0.06563778221607208,0.00020824636158067733,0.9993896484375,0.0006103515625,1,556,8,0.06544967740774155,0.37363600730895996,0.24441508948802948,0.11730699986219406
43,180,0.052799612283706665,0.00020824636158067733,0.99993896484375,6.103515625e-05,1,492,1,0.05277815833687782,0.40428993105888367,0.22010700404644012,0.0
43,200,0.04329759255051613,0.00020824636158067733,1.0,0.0,1,432,0,0.04329759255051613,nan,0.20203889906406403,nan
43,220,0.03676716238260269,0.00020824636158067733,1.0,0.0,1,372,0,0.03676716238260269,nan,0.18625958263874054,nan
43,240,0.03194037824869156,0.00020824636158067733,1.0,0.0,1,341,0,0.03194037824869156,nan,0.17554570734500885,nan
43,260,0.02859516069293022,0.00020824636158067733,1.0,0.0,1,307,0,0.02859516069293022,nan,0.1664368063211441,nan
43,280,0.026406235992908478,0.00020824636158067733,1.0,0.0,1,290,0,0.026406235992908478,nan,0.16065198183059692,nan
43,300,0.024916628375649452,0.00020824636158067733,1.0,0.0,1,279,0,0.024916628375649452,nan,0.15648707747459412,nan
43,320,0.023835688829421997,0.00020824636158067733,1.0,0.0,1,263,0,0.023835688829421997,nan,0.1516430377960205,nan
43,340,0.02317134663462639,0.00020824636158067733,1.0,0.0,1,258,0,0.02317134663462639,nan,0.14879313111305237,nan
43,360,0.022562671452760696,0.00020824636158067733,1.0,0.0,1,252,0,0.022562671452760696,nan,0.14798294007778168,nan
43,380,0.022102657705545425,0.00020824636158067733,1.0,0.0,1,243,0,0.022102657705545425,nan,0.14700941741466522,nan
43,400,0.02180899865925312,0.00020824636158067733,1.0,0.0,1,245,0,0.02180899865925312,nan,0.1468544602394104,nan
43,420,0.021599531173706055,0.00020824636158067733,1.0,0.0,1,240,0,0.021599531173706055,nan,0.14583297073841095,nan
43,440,0.02136138640344143,0.00020824636158067733,1.0,0.0,1,242,0,0.02136138640344143,nan,0.1448725312948227,nan
43,460,0.021178968250751495,0.00020824636158067733,1.0,0.0,1,241,0,0.021178968250751495,nan,0.14384694397449493,nan
43,480,0.021016888320446014,0.00020824636158067733,1.0,0.0,1,237,0,0.021016888320446014,nan,0.14314982295036316,nan
43,500,0.020883532240986824,0.00020824636158067733,1.0,0.0,1,238,0,0.020883532240986824,nan,0.14253437519073486,nan
43,520,0.020797761157155037,0.00020824636158067733,1.0,0.0,1,234,0,0.020797761157155037,nan,0.1422690600156784,nan
43,540,0.020724346861243248,0.00020824636158067733,1.0,0.0,1,230,0,0.020724346861243248,nan,0.14139942824840546,nan
43,560,0.020646102726459503,0.00020824636158067733,1.0,0.0,1,237,0,0.020646102726459503,nan,0.14227494597434998,nan
43,580,0.020554587244987488,0.00020824636158067733,1.0,0.0,1,235,0,0.020554587244987488,nan,0.14219053089618683,nan
43,600,0.02046729251742363,0.00020824636158067733,1.0,0.0,1,229,0,0.02046729251742363,nan,0.14112557470798492,nan
43,620,0.0204155333340168,0.00020824636158067733,1.0,0.0,1,235,0,0.0204155333340168,nan,0.14098311960697174,nan
43,640,0.020418383181095123,0.00020824636158067733,1.0,0.0,1,233,0,0.020418383181095123,nan,0.14064593613147736,nan
43,660,0.020335255190730095,0.00020824636158067733,1.0,0.0,1,230,0,0.020335255190730095,nan,0.14113356173038483,nan
43,680,0.02031029388308525,0.00020824636158067733,1.0,0.0,1,227,0,0.02031029388308525,nan,0.1408400684595108,nan
43,700,0.020253043621778488,0.00020824636158067733,1.0,0.0,1,233,0,0.020253043621778488,nan,0.14119774103164673,nan
43,720,0.02026066929101944,0.00020824636158067733,1.0,0.0,1,234,0,0.02026066929101944,nan,0.1413024365901947,nan
43,740,0.02015283703804016,0.00020824636158067733,1.0,0.0,1,228,0,0.02015283703804016,nan,0.14071694016456604,nan
43,760,0.02015039697289467,0.00020824636158067733,1.0,0.0,1,226,0,0.02015039697289467,nan,0.14038202166557312,nan
43,780,0.020139262080192566,0.00020824636158067733,1.0,0.0,1,226,0,0.020139262080192566,nan,0.14033135771751404,nan
43,800,0.020119789987802505,0.00020824636158067733,1.0,0.0,1,232,0,0.020119789987802505,nan,0.14060662686824799,nan
43,820,0.02009904757142067,0.00020824636158067733,1.0,0.0,1,231,0,0.02009904757142067,nan,0.14004875719547272,nan
43,840,0.02009604685008526,0.00020824636158067733,1.0,0.0,1,233,0,0.02009604685008526,nan,0.14097929000854492,nan
43,860,0.020043425261974335,0.00020824636158067733,1.0,0.0,1,235,0,0.020043425261974335,nan,0.14070440828800201,nan
43,880,0.02000061608850956,0.00020824636158067733,1.0,0.0,1,232,0,0.02000061608850956,nan,0.14020061492919922,nan
43,900,0.01999705843627453,0.00020824636158067733,1.0,0.0,1,230,0,0.01999705843627453,nan,0.1398838311433792,nan
43,920,0.0199687909334898,0.00020824636158067733,1.0,0.0,1,228,0,0.0199687909334898,nan,0.13985253870487213,nan
43,940,0.020045205950737,0.00020824636158067733,1.0,0.0,1,236,0,0.020045205950737,nan,0.14056529104709625,nan
43,960,0.0200445968657732,0.00020824636158067733,1.0,0.0,1,232,0,0.0200445968657732,nan,0.1400066465139389,nan
43,980,0.020044492557644844,0.00020824636158067733,1.0,0.0,1,230,0,0.020044492557644844,nan,0.14025212824344635,nan
43,1000,0.019979314878582954,0.00020824636158067733,1.0,0.0,1,226,0,0.019979314878582954,nan,0.13909412920475006,nan
43,1020,0.019922271370887756,0.00020824636158067733,1.0,0.0,1,229,0,0.019922271370887756,nan,0.13915139436721802,nan
43,1040,0.019938845187425613,0.00020824636158067733,1.0,0.0,1,229,0,0.019938845187425613,nan,0.1395825445652008,nan
43,1060,0.01989135891199112,0.00020824636158067733,1.0,0.0,1,231,0,0.01989135891199112,nan,0.13931308686733246,nan
43,1080,0.019883986562490463,0.00020824636158067733,1.0,0.0,1,228,0,0.019883986562490463,nan,0.13898850977420807,nan
43,1100,0.0199472326785326,0.00020824636158067733,1.0,0.0,1,228,0,0.0199472326785326,nan,0.13891737163066864,nan
43,1120,0.019922779873013496,0.00020824636158067733,1.0,0.0,1,231,0,0.019922779873013496,nan,0.13889816403388977,nan
43,1140,0.0198502279818058,0.00020824636158067733,1.0,0.0,1,232,0,0.0198502279818058,nan,0.13960137963294983,nan
43,1160,0.019909610971808434,0.00020824636158067733,1.0,0.0,1,226,0,0.019909610971808434,nan,0.13905033469200134,nan
43,1180,0.019894970580935478,0.00020824636158067733,1.0,0.0,1,228,0,0.019894970580935478,nan,0.14013904333114624,nan
43,1200,0.01985851489007473,0.00020824636158067733,1.0,0.0,1,229,0,0.01985851489007473,nan,0.1397220641374588,nan
43,1220,0.01987743005156517,0.00020824636158067733,1.0,0.0,1,227,0,0.01987743005156517,nan,0.13867780566215515,nan
43,1240,0.019864924252033234,0.00020824636158067733,1.0,0.0,1,227,0,0.019864924252033234,nan,0.13845926523208618,nan
43,1260,0.019865989685058594,0.00020824636158067733,1.0,0.0,1,226,0,0.019865989685058594,nan,0.13881824910640717,nan
43,1280,0.019934015348553658,0.00020824636158067733,1.0,0.0,1,224,0,0.019934015348553658,nan,0.13844755291938782,nan
43,1300,0.019913118332624435,0.00020824636158067733,1.0,0.0,1,225,0,0.019913118332624435,nan,0.13846755027770996,nan
43,1320,0.019817283377051353,0.00020824636158067733,1.0,0.0,1,231,0,0.019817283377051353,nan,0.13925129175186157,nan
43,1340,0.019840313121676445,0.00020824636158067733,1.0,0.0,1,227,0,0.019840313121676445,nan,0.13979430496692657,nan
43,1360,0.019857192412018776,0.00020824636158067733,1.0,0.0,1,229,0,0.019857192412018776,nan,0.13945619761943817,nan
43,1380,0.01977650821208954,0.00020824636158067733,1.0,0.0,1,228,0,0.01977650821208954,nan,0.13932493329048157,nan
43,1400,0.019829029217362404,0.00020824636158067733,1.0,0.0,1,226,0,0.019829029217362404,nan,0.1388566792011261,nan
43,1420,0.01983899250626564,0.00020824636158067733,1.0,0.0,1,228,0,0.01983899250626564,nan,0.13972824811935425,nan
43,1440,0.019878137856721878,0.00020824636158067733,1.0,0.0,1,226,0,0.019878137856721878,nan,0.13957954943180084,nan
43,1460,0.019815756008028984,0.00020824636158067733,1.0,0.0,1,228,0,0.019815756008028984,nan,0.1397262066602707,nan
43,1480,0.019812453538179398,0.00020824636158067733,1.0,0.0,1,227,0,0.019812453538179398,nan,0.13975650072097778,nan
43,1500,0.019796082749962807,0.00020824636158067733,1.0,0.0,1,226,0,0.019796082749962807,nan,0.13920262455940247,nan
43,1520,0.019799895584583282,0.00020824636158067733,1.0,0.0,1,227,0,0.019799895584583282,nan,0.1387186050415039,nan
43,1540,0.019798828288912773,0.00020824636158067733,1.0,0.0,1,227,0,0.019798828288912773,nan,0.13907401263713837,nan
43,1560,0.019785303622484207,0.00020824636158067733,1.0,0.0,1,227,0,0.019785303622484207,nan,0.13934336602687836,nan
43,1580,0.01981901004910469,0.00020824636158067733,1.0,0.0,1,228,0,0.01981901004910469,nan,0.14008097350597382,nan
43,1600,0.0197728481143713,0.00020824636158067733,1.0,0.0,1,227,0,0.0197728481143713,nan,0.13965395092964172,nan
43,1620,0.01978367753326893,0.00020824636158067733,1.0,0.0,1,226,0,0.01978367753326893,nan,0.13884824514389038,nan
43,1640,0.019811434671282768,0.00020824636158067733,1.0,0.0,1,224,0,0.019811434671282768,nan,0.14010201394557953,nan
43,1660,0.019825216382741928,0.00020824636158067733,1.0,0.0,1,227,0,0.019825216382741928,nan,0.13870131969451904,nan
43,1680,0.019832229241728783,0.00020824636158067733,1.0,0.0,1,227,0,0.019832229241728783,nan,0.13900238275527954,nan
43,1700,0.019761458039283752,0.00020824636158067733,1.0,0.0,1,224,0,0.019761458039283752,nan,0.1390697956085205,nan
43,1720,0.01985749788582325,0.00020824636158067733,1.0,0.0,1,223,0,0.01985749788582325,nan,0.13874328136444092,nan
43,1740,0.019815709441900253,0.00020824636158067733,1.0,0.0,1,226,0,0.019815709441900253,nan,0.13831478357315063,nan
43,1760,0.019860446453094482,0.00020824636158067733,1.0,0.0,1,222,0,0.019860446453094482,nan,0.138375923037529,nan
43,1780,0.019764458760619164,0.00020824636158067733,1.0,0.0,1,226,0,0.019764458760619164,nan,0.13918937742710114,nan
43,1800,0.019873157143592834,0.00020824636158067733,1.0,0.0,1,227,0,0.019873157143592834,nan,0.13831213116645813,nan
43,1820,0.01984311081469059,0.00020824636158067733,1.0,0.0,1,223,0,0.01984311081469059,nan,0.13845431804656982,nan
43,1840,0.019813470542430878,0.00020824636158067733,1.0,0.0,1,228,0,0.019813470542430878,nan,0.1386791616678238,nan
43,1860,0.01977894827723503,0.00020824636158067733,1.0,0.0,1,226,0,0.01977894827723503,nan,0.13867798447608948,nan
43,1880,0.019806504249572754,0.00020824636158067733,1.0,0.0,1,227,0,0.019806504249572754,nan,0.13899356126785278,nan
43,1900,0.019833704456686974,0.00020824636158067733,1.0,0.0,1,229,0,0.019833704456686974,nan,0.1397354006767273,nan
43,1920,0.019734462723135948,0.00020824636158067733,1.0,0.0,1,231,0,0.019734462723135948,nan,0.1393723487854004,nan
43,1940,0.019786981865763664,0.00020824636158067733,1.0,0.0,1,226,0,0.019786981865763664,nan,0.13906508684158325,nan
43,1960,0.019780727103352547,0.00020824636158067733,1.0,0.0,1,223,0,0.019780727103352547,nan,0.13861727714538574,nan
43,1980,0.019784847274422646,0.00020824636158067733,1.0,0.0,1,221,0,0.019784847274422646,nan,0.138648122549057,nan
43,2000,0.019748646765947342,0.00020824636158067733,1.0,0.0,1,224,0,0.019748646765947342,nan,0.1392524093389511,nan
44,0,0.7800021767616272,0.00020824636158067733,0.47039794921875,0.52960205078125,2,1321,1144,0.6747490763664246,0.8734890818595886,0.691622793674469,0.6733536124229431
44,20,0.5436747074127197,0.00020824636158067733,0.55364990234375,0.44635009765625,2,1301,1084,0.4624880254268646,0.6443780660629272,0.6190319061279297,0.587046205997467
44,40,0.35456594824790955,0.00020824636158067733,0.65814208984375,0.34185791015625,2,1180,900,0.2925431728363037,0.47397172451019287,0.5295990109443665,0.4912753403186798
44,60,0.2330142855644226,0.00020824636158067733,0.80133056640625,0.19866943359375,2,992,615,0.19815944135189056,0.37360092997550964,0.442817360162735,0.38741183280944824
44,80,0.16111630201339722,0.00020824636158067733,0.94915771484375,0.05084228515625,2,813,262,0.15105479955673218,0.3489508032798767,0.3659552037715912,0.29408833384513855
44,100,0.11205898225307465,0.00020824636158067733,0.9925537109375,0.0074462890625,1,693,65,0.11013957858085632,0.36790478229522705,0.3062460124492645,0.21893346309661865
44,120,0.08315583318471909,0.00020824636158067733,0.999755859375,0.000244140625,1,587,4,0.08308509737253189,0.3728446960449219,0.26830220222473145,0.17286810278892517
44,140,0.06467794626951218,0.00020824636158067733,1.0,0.0,1,501,0,0.06467794626951218,nan,0.24004873633384705,nan
44,160,0.05280453711748123,0.00020824636158067733,1.0,0.0,1,429,0,0.05280453711748123,nan,0.21968497335910797,nan
44,180,0.044912420213222504,0.00020824636158067733,1.0,0.0,1,390,0,0.044912420213222504,nan,0.20532114803791046,nan
44,200,0.03915848955512047,0.00020824636158067733,1.0,0.0,1,356,0,0.03915848955512047,nan,0.19316336512565613,nan
44,220,0.035303689539432526,0.00020824636158067733,1.0,0.0,1,321,0,0.035303689539432526,nan,0.18274381756782532,nan
44,240,0.032254017889499664,0.00020824636158067733,1.0,0.0,1,305,0,0.032254017889499664,nan,0.17537778615951538,nan
44,260,0.029900362715125084,0.00020824636158067733,1.0,0.0,1,294,0,0.029900362715125084,nan,0.17001235485076904,nan
44,280,0.028141146525740623,0.00020824636158067733,1.0,0.0,1,284,0,0.028141146525740623,nan,0.1647898405790329,nan
44,300,0.0267178937792778,0.00020824636158067733,1.0,0.0,1,272,0,0.0267178937792778,nan,0.16138184070587158,nan
44,320,0.02572241611778736,0.00020824636158067733,1.0,0.0,1,261,0,0.02572241611778736,nan,0.1591476947069168,nan
44,340,0.024851452559232712,0.00020824636158067733,1.0,0.0,1,263,0,0.024851452559232712,nan,0.15617169439792633,nan
44,360,0.02415609173476696,0.00020824636158067733,1.0,0.0,1,255,0,0.02415609173476696,nan,0.15353643894195557,nan
44,380,0.023625869303941727,0.00020824636158067733,1.0,0.0,1,250,0,0.023625869303941727,nan,0.15120941400527954,nan
44,400,0.02314053475856781,0.00020824636158067733,1.0,0.0,1,246,0,0.02314053475856781,nan,0.15020476281642914,nan
44,420,0.022729530930519104,0.00020824636158067733,1.0,0.0,1,243,0,0.022729530930519104,nan,0.14905835688114166,nan
44,440,0.022435568273067474,0.00020824636158067733,1.0,0.0,1,241,0,0.022435568273067474,nan,0.1469985991716385,nan
44,460,0.02209991216659546,0.00020824636158067733,1.0,0.0,1,245,0,0.02209991216659546,nan,0.14638487994670868,nan
44,480,0.021848399192094803,0.00020824636158067733,1.0,0.0,1,241,0,0.021848399192094803,nan,0.14609161019325256,nan
44,500,0.021723991259932518,0.00020824636158067733,1.0,0.0,1,241,0,0.021723991259932518,nan,0.1463707536458969,nan
44,520,0.021481020376086235,0.00020824636158067733,1.0,0.0,1,236,0,0.021481020376086235,nan,0.14449875056743622,nan
44,540,0.021445684134960175,0.00020824636158067733,1.0,0.0,1,240,0,0.021445684134960175,nan,0.14537720382213593,nan
44,560,0.021195797249674797,0.00020824636158067733,1.0,0.0,1,237,0,0.021195797249674797,nan,0.14398036897182465,nan
44,580,0.02116946317255497,0.00020824636158067733,1.0,0.0,1,240,0,0.02116946317255497,nan,0.144684836268425,nan
44,600,0.021040882915258408,0.00020824636158067733,1.0,0.0,1,233,0,0.021040882915258408,nan,0.14300233125686646,nan
44,620,0.020933203399181366,0.00020824636158067733,1.0,0.0,1,228,0,0.020933203399181366,nan,0.14226683974266052,nan
44,640,0.02085353434085846,0.00020824636158067733,1.0,0.0,1,229,0,0.02085353434085846,nan,0.14244121313095093,nan
44,660,0.0207488015294075,0.00020824636158067733,1.0,0.0,1,228,0,0.0207488015294075,nan,0.14199994504451752,nan
44,680,0.0207056887447834,0.00020824636158067733,1.0,0.0,1,228,0,0.0207056887447834,nan,0.14186769723892212,nan
44,700,0.020659472793340683,0.00020824636158067733,1.0,0.0,1,234,0,0.020659472793340683,nan,0.14212317764759064,nan
44,720,0.02058676816523075,0.00020824636158067733,1.0,0.0,1,232,0,0.02058676816523075,nan,0.14206594228744507,nan
44,740,0.020554637536406517,0.00020824636158067733,1.0,0.0,1,228,0,0.020554637536406517,nan,0.1409590095281601,nan
44,760,0.020545078441500664,0.00020824636158067733,1.0,0.0,1,238,0,0.020545078441500664,nan,0.14222277700901031,nan
44,780,0.02043297328054905,0.00020824636158067733,1.0,0.0,1,233,0,0.02043297328054905,nan,0.14101086556911469,nan
44,800,0.02039352059364319,0.00020824636158067733,1.0,0.0,1,227,0,0.02039352059364319,nan,0.1407698094844818,nan
44,820,0.020394742488861084,0.00020824636158067733,1.0,0.0,1,224,0,0.020394742488861084,nan,0.14053454995155334,nan
44,840,0.020341357216238976,0.00020824636158067733,1.0,0.0,1,227,0,0.020341357216238976,nan,0.14047874510288239,nan
44,860,0.020375166088342667,0.00020824636158067733,1.0,0.0,1,232,0,0.020375166088342667,nan,0.14175228774547577,nan
44,880,0.020259909331798553,0.00020824636158067733,1.0,0.0,1,232,0,0.020259909331798553,nan,0.14096687734127045,nan
44,900,0.02033184841275215,0.00020824636158067733,1.0,0.0,1,235,0,0.02033184841275215,nan,0.141801655292511,nan
44,920,0.02026621252298355,0.00020824636158067733,1.0,0.0,1,234,0,0.02026621252298355,nan,0.1415705680847168,nan
44,940,0.020212015137076378,0.00020824636158067733,1.0,0.0,1,233,0,0.020212015137076378,nan,0.14052921533584595,nan
44,960,0.020157769322395325,0.00020824636158067733,1.0,0.0,1,229,0,0.020157769322395325,nan,0.140369713306427,nan
44,980,0.02018984965980053,0.00020824636158067733,1.0,0.0,1,227,0,0.02018984965980053,nan,0.13966117799282074,nan
44,1000,0.020150547847151756,0.00020824636158067733,1.0,0.0,1,228,0,0.020150547847151756,nan,0.1400933414697647,nan
44,1020,0.0201539546251297,0.00020824636158067733,1.0,0.0,1,228,0,0.0201539546251297,nan,0.14058496057987213,nan
44,1040,0.020101791247725487,0.00020824636158067733,1.0,0.0,1,229,0,0.020101791247725487,nan,0.14046244323253632,nan
44,1060,0.02009442076086998,0.00020824636158067733,1.0,0.0,1,232,0,0.02009442076086998,nan,0.1406407505273819,nan
44,1080,0.02012878842651844,0.00020824636158067733,1.0,0.0,1,233,0,0.02012878842651844,nan,0.14109782874584198,nan
44,1100,0.020091470330953598,0.00020824636158067733,1.0,0.0,1,229,0,0.020091470330953598,nan,0.14057742059230804,nan
44,1120,0.020081710070371628,0.00020824636158067733,1.0,0.0,1,230,0,0.020081710070371628,nan,0.14073163270950317,nan
44,1140,0.019995685666799545,0.00020824636158067733,1.0,0.0,1,226,0,0.019995685666799545,nan,0.13980647921562195,nan
44,1160,0.020061882212758064,0.00020824636158067733,1.0,0.0,1,224,0,0.020061882212758064,nan,0.13911809027194977,nan
44,1180,0.02002573385834694,0.00020824636158067733,1.0,0.0,1,224,0,0.02002573385834694,nan,0.139347642660141,nan
44,1200,0.020024513825774193,0.00020824636158067733,1.0,0.0,1,225,0,0.020024513825774193,nan,0.1392582654953003,nan
44,1220,0.020031681284308434,0.00020824636158067733,1.0,0.0,1,223,0,0.020031681284308434,nan,0.1394484043121338,nan
44,1240,0.01998928189277649,0.00020824636158067733,1.0,0.0,1,227,0,0.01998928189277649,nan,0.13962766528129578,nan
44,1260,0.0199713334441185,0.00020824636158067733,1.0,0.0,1,223,0,0.0199713334441185,nan,0.13952983915805817,nan
44,1280,0.020006870850920677,0.00020824636158067733,1.0,0.0,1,229,0,0.020006870850920677,nan,0.14063657820224762,nan
44,1300,0.019964419305324554,0.00020824636158067733,1.0,0.0,1,229,0,0.019964419305324554,nan,0.1398637741804123,nan
44,1320,0.019981909543275833,0.00020824636158067733,1.0,0.0,1,230,0,0.019981909543275833,nan,0.14046244323253632,nan
44,1340,0.019975857809185982,0.00020824636158067733,1.0,0.0,1,230,0,0.019975857809185982,nan,0.14021629095077515,nan
44,1360,0.020058931782841682,0.00020824636158067733,1.0,0.0,1,232,0,0.020058931782841682,nan,0.14132866263389587,nan
44,1380,0.019916880875825882,0.00020824636158067733,1.0,0.0,1,229,0,0.019916880875825882,nan,0.13948030769824982,nan
44,1400,0.019938338547945023,0.00020824636158067733,1.0,0.0,1,225,0,0.019938338547945023,nan,0.139387309551239,nan
44,1420,0.019935287535190582,0.00020824636158067733,1.0,0.0,1,226,0,0.019935287535190582,nan,0.14041094481945038,nan
44,1440,0.019935794174671173,0.00020824636158067733,1.0,0.0,1,228,0,0.019935794174671173,nan,0.14014467597007751,nan
44,1460,0.01989130862057209,0.00020824636158067733,1.0,0.0,1,227,0,0.01989130862057209,nan,0.13930536806583405,nan
44,1480,0.019884545356035233,0.00020824636158067733,1.0,0.0,1,226,0,0.019884545356035233,nan,0.13918140530586243,nan
44,1500,0.01989903673529625,0.00020824636158067733,1.0,0.0,1,223,0,0.01989903673529625,nan,0.13908681273460388,nan
44,1520,0.019908595830202103,0.00020824636158067733,1.0,0.0,1,227,0,0.019908595830202103,nan,0.13958582282066345,nan
44,1540,0.01991281285881996,0.00020824636158067733,1.0,0.0,1,230,0,0.01991281285881996,nan,0.13999344408512115,nan
44,1560,0.019864464178681374,0.00020824636158067733,1.0,0.0,1,226,0,0.019864464178681374,nan,0.1396925151348114,nan
44,1580,0.019866548478603363,0.00020824636158067733,1.0,0.0,1,230,0,0.019866548478603363,nan,0.13978399336338043,nan
44,1600,0.019907323643565178,0.00020824636158067733,1.0,0.0,1,226,0,0.019907323643565178,nan,0.1397274285554886,nan
44,1620,0.0198949184268713,0.00020824636158067733,1.0,0.0,1,220,0,0.0198949184268713,nan,0.13902854919433594,nan
44,1640,0.01984148472547531,0.00020824636158067733,1.0,0.0,1,221,0,0.01984148472547531,nan,0.13903816044330597,nan
44,1660,0.019856635481119156,0.00020824636158067733,1.0,0.0,1,224,0,0.019856635481119156,nan,0.13942204415798187,nan
44,1680,0.01991637423634529,0.00020824636158067733,1.0,0.0,1,230,0,0.01991637423634529,nan,0.14042110741138458,nan
44,1700,0.019910728558897972,0.00020824636158067733,1.0,0.0,1,231,0,0.019910728558897972,nan,0.14055392146110535,nan
44,1720,0.019855719059705734,0.00020824636158067733,1.0,0.0,1,228,0,0.019855719059705734,nan,0.13967755436897278,nan
44,1740,0.01988719217479229,0.00020824636158067733,1.0,0.0,1,228,0,0.01988719217479229,nan,0.1400781273841858,nan
44,1760,0.0198071151971817,0.00020824636158067733,1.0,0.0,1,222,0,0.0198071151971817,nan,0.13918520510196686,nan
44,1780,0.01983482390642166,0.00020824636158067733,1.0,0.0,1,221,0,0.01983482390642166,nan,0.13874125480651855,nan
44,1800,0.019911237061023712,0.00020824636158067733,1.0,0.0,1,224,0,0.019911237061023712,nan,0.13915835320949554,nan
44,1820,0.01979857310652733,0.00020824636158067733,1.0,0.0,1,222,0,0.01979857310652733,nan,0.1393417865037918,nan
44,1840,0.01982780732214451,0.00020824636158067733,1.0,0.0,1,227,0,0.01982780732214451,nan,0.13937431573867798,nan
44,1860,0.01983746699988842,0.00020824636158067733,1.0,0.0,1,223,0,0.01983746699988842,nan,0.1393161416053772,nan
44,1880,0.01987956464290619,0.00020824636158067733,1.0,0.0,1,227,0,0.01987956464290619,nan,0.13982942700386047,nan
44,1900,0.019804926589131355,0.00020824636158067733,1.0,0.0,1,223,0,0.019804926589131355,nan,0.13929373025894165,nan
44,1920,0.019831111654639244,0.00020824636158067733,1.0,0.0,1,222,0,0.019831111654639244,nan,0.13897916674613953,nan
44,1940,0.019824504852294922,0.00020824636158067733,1.0,0.0,1,220,0,0.019824504852294922,nan,0.1388145387172699,nan
44,1960,0.019843924790620804,0.00020824636158067733,1.0,0.0,1,222,0,0.019843924790620804,nan,0.13879939913749695,nan
44,1980,0.019795622676610947,0.00020824636158067733,1.0,0.0,1,224,0,0.019795622676610947,nan,0.13896268606185913,nan
44,2000,0.01980563998222351,0.00020824636158067733,1.0,0.0,1,223,0,0.01980563998222351,nan,0.13930931687355042,nan
45,0,0.8382323980331421,0.00020824636158067733,0.37762451171875,0.62237548828125,2,1281,1132,0.9312098622322083,0.7818184494972229,0.7110745906829834,0.712488055229187
45,20,0.6681214570999146,0.00020824636158067733,0.4915771484375,0.5084228515625,2,1311,1103,0.6823952198028564,0.6543205380439758,0.7042621970176697,0.6495533585548401
45,40,0.4991065263748169,0.00020824636158067733,0.6343994140625,0.3656005859375,2,1298,1003,0.4716032147407532,0.5468310117721558,0.6466737389564514,0.5749639272689819
45,60,0.34312576055526733,0.00020824636158067733,0.78656005859375,0.21343994140625,2,1230,775,0.30907851457595825,0.46859511733055115,0.5515127778053284,0.49609312415122986
45,80,0.22674033045768738,0.00020824636158067733,0.9193115234375,0.0806884765625,2,1079,459,0.2084626704454422,0.43498435616493225,0.4514872431755066,0.4215463399887085
45,100,0.15305402874946594,0.00020824636158067733,0.98199462890625,0.01800537109375,2,885,155,0.1482173502445221,0.41684114933013916,0.3618009388446808,0.3393438458442688
45,120,0.107308529317379,0.00020824636158067733,0.9984130859375,0.0015869140625,1,688,21,0.10679133236408234,0.4327075779438019,0.29508084058761597,0.26007112860679626
45,140,0.07779091596603394,0.00020824636158067733,1.0,0.0,1,553,0,0.07779091596603394,nan,0.25601959228515625,nan
45,160,0.059100233018398285,0.00020824636158067733,1.0,0.0,1,465,0,0.059100233018398285,nan,0.2312804013490677,nan
45,180,0.04789360612630844,0.00020824636158067733,1.0,0.0,1,408,0,0.04789360612630844,nan,0.2117810845375061,nan
45,200,0.040633656084537506,0.00020824636158067733,1.0,0.0,1,369,0,0.040633656084537506,nan,0.1966593712568283,nan
45,220,0.035543713718652725,0.00020824636158067733,1.0,0.0,1,335,0,0.035543713718652725,nan,0.1848137229681015,nan
45,240,0.03207409009337425,0.00020824636158067733,1.0,0.0,1,317,0,0.03207409009337425,nan,0.17621052265167236,nan
45,260,0.02931685745716095,0.00020824636158067733,1.0,0.0,1,301,0,0.02931685745716095,nan,0.16842365264892578,nan
45,280,0.02723393216729164,0.00020824636158067733,1.0,0.0,1,286,0,0.02723393216729164,nan,0.16250120103359222,nan
45,300,0.0257917121052742,0.00020824636158067733,1.0,0.0,1,278,0,0.0257917121052742,nan,0.15873408317565918,nan
45,320,0.024686163291335106,0.00020824636158067733,1.0,0.0,1,274,0,0.024686163291335106,nan,0.15586815774440765,nan
45,340,0.02393960952758789,0.00020824636158067733,1.0,0.0,1,264,0,0.02393960952758789,nan,0.1538134068250656,nan
45,360,0.023315023630857468,0.00020824636158067733,1.0,0.0,1,255,0,0.023315023630857468,nan,0.15105034410953522,nan
45,380,0.022905748337507248,0.00020824636158067733,1.0,0.0,1,247,0,0.022905748337507248,nan,0.14823424816131592,nan
45,400,0.022436026483774185,0.00020824636158067733,1.0,0.0,1,246,0,0.022436026483774185,nan,0.1477840393781662,nan
45,420,0.02211984433233738,0.00020824636158067733,1.0,0.0,1,244,0,0.02211984433233738,nan,0.14677125215530396,nan
45,440,0.021847382187843323,0.00020824636158067733,1.0,0.0,1,243,0,0.021847382187843323,nan,0.14663687348365784,nan
45,460,0.021666284650564194,0.00020824636158067733,1.0,0.0,1,237,0,0.021666284650564194,nan,0.14539706707000732,nan
45,480,0.02154599502682686,0.00020824636158067733,1.0,0.0,1,234,0,0.02154599502682686,nan,0.14364545047283173,nan
45,500,0.021270280703902245,0.00020824636158067733,1.0,0.0,1,236,0,0.021270280703902245,nan,0.1443227380514145,nan
45,520,0.02114073559641838,0.00020824636158067733,1.0,0.0,1,241,0,0.02114073559641838,nan,0.14410413801670074,nan
45,540,0.020998023450374603,0.00020824636158067733,1.0,0.0,1,240,0,0.020998023450374603,nan,0.14317822456359863,nan
45,560,0.020925374701619148,0.00020824636158067733,1.0,0.0,1,234,0,0.020925374701619148,nan,0.14236490428447723,nan
45,580,0.020894765853881836,0.00020824636158067733,1.0,0.0,1,237,0,0.020894765853881836,nan,0.14166344702243805,nan
45,600,0.02079201675951481,0.00020824636158067733,1.0,0.0,1,230,0,0.02079201675951481,nan,0.14166377484798431,nan
45,620,0.020788660272955894,0.00020824636158067733,1.0,0.0,1,233,0,0.020788660272955894,nan,0.14123401045799255,nan
45,640,0.020626883953809738,0.00020824636158067733,1.0,0.0,1,232,0,0.020626883953809738,nan,0.14171510934829712,nan
45,660,0.020557483658194542,0.00020824636158067733,1.0,0.0,1,232,0,0.020557483658194542,nan,0.14146211743354797,nan
45,680,0.020517826080322266,0.00020824636158067733,1.0,0.0,1,233,0,0.020517826080322266,nan,0.14194859564304352,nan
45,700,0.02046053111553192,0.00020824636158067733,1.0,0.0,1,237,0,0.02046053111553192,nan,0.14168615639209747,nan
45,720,0.020443953573703766,0.00020824636158067733,1.0,0.0,1,236,0,0.020443953573703766,nan,0.141051784157753,nan
45,740,0.02036728709936142,0.00020824636158067733,1.0,0.0,1,233,0,0.02036728709936142,nan,0.14101840555667877,nan
45,760,0.020379384979605675,0.00020824636158067733,1.0,0.0,1,231,0,0.020379384979605675,nan,0.1408306062221527,nan
45,780,0.020336883142590523,0.00020824636158067733,1.0,0.0,1,232,0,0.020336883142590523,nan,0.14080972969532013,nan
45,800,0.020266111940145493,0.00020824636158067733,1.0,0.0,1,231,0,0.020266111940145493,nan,0.1405082792043686,nan
45,820,0.020255738869309425,0.00020824636158067733,1.0,0.0,1,234,0,0.020255738869309425,nan,0.14069251716136932,nan
45,840,0.020207542926073074,0.00020824636158067733,1.0,0.0,1,233,0,0.020207542926073074,nan,0.14106214046478271,nan
45,860,0.020209932699799538,0.00020824636158067733,1.0,0.0,1,231,0,0.020209932699799538,nan,0.14020121097564697,nan
45,880,0.020154310390353203,0.00020824636158067733,1.0,0.0,1,234,0,0.020154310390353203,nan,0.14101558923721313,nan
45,900,0.02012166939675808,0.00020824636158067733,1.0,0.0,1,232,0,0.02012166939675808,nan,0.14057184755802155,nan
45,920,0.02008409984409809,0.00020824636158067733,1.0,0.0,1,230,0,0.02008409984409809,nan,0.14019101858139038,nan
45,940,0.020237892866134644,0.00020824636158067733,1.0,0.0,1,228,0,0.020237892866134644,nan,0.1395462602376938,nan
45,960,0.020122230052947998,0.00020824636158067733,1.0,0.0,1,233,0,0.020122230052947998,nan,0.14041656255722046,nan
45,980,0.020116383209824562,0.00020824636158067733,1.0,0.0,1,229,0,0.020116383209824562,nan,0.14027948677539825,nan
45,1000,0.020042307674884796,0.00020824636158067733,1.0,0.0,1,230,0,0.020042307674884796,nan,0.13997617363929749,nan
45,1020,0.020076677203178406,0.00020824636158067733,1.0,0.0,1,234,0,0.020076677203178406,nan,0.14041215181350708,nan
45,1040,0.020064016804099083,0.00020824636158067733,1.0,0.0,1,236,0,0.020064016804099083,nan,0.14046895503997803,nan
45,1060,0.020056240260601044,0.00020824636158067733,1.0,0.0,1,233,0,0.020056240260601044,nan,0.14032681286334991,nan
45,1080,0.019984807819128036,0.00020824636158067733,1.0,0.0,1,232,0,0.019984807819128036,nan,0.13997423648834229,nan
45,1100,0.02012578956782818,0.00020824636158067733,1.0,0.0,1,226,0,0.02012578956782818,nan,0.13921338319778442,nan
45,1120,0.019993701949715614,0.00020824636158067733,1.0,0.0,1,229,0,0.019993701949715614,nan,0.13956992328166962,nan
45,1140,0.020000260323286057,0.00020824636158067733,1.0,0.0,1,230,0,0.020000260323286057,nan,0.13968996703624725,nan
45,1160,0.02000168338418007,0.00020824636158067733,1.0,0.0,1,235,0,0.02000168338418007,nan,0.14062044024467468,nan
45,1180,0.020008143037557602,0.00020824636158067733,1.0,0.0,1,229,0,0.020008143037557602,nan,0.14004413783550262,nan
45,1200,0.01997590810060501,0.00020824636158067733,1.0,0.0,1,232,0,0.01997590810060501,nan,0.13981890678405762,nan
45,1220,0.019952217116951942,0.00020824636158067733,1.0,0.0,1,232,0,0.019952217116951942,nan,0.14057762920856476,nan
45,1240,0.019923439249396324,0.00020824636158067733,1.0,0.0,1,227,0,0.019923439249396324,nan,0.13978080451488495,nan
45,1260,0.01999238133430481,0.00020824636158067733,1.0,0.0,1,226,0,0.01999238133430481,nan,0.13934919238090515,nan
45,1280,0.019988059997558594,0.00020824636158067733,1.0,0.0,1,225,0,0.019988059997558594,nan,0.13907894492149353,nan
45,1300,0.019912712275981903,0.00020824636158067733,1.0,0.0,1,227,0,0.019912712275981903,nan,0.13987882435321808,nan
45,1320,0.019975807517766953,0.00020824636158067733,1.0,0.0,1,234,0,0.019975807517766953,nan,0.14084112644195557,nan
45,1340,0.01991942524909973,0.00020824636158067733,1.0,0.0,1,230,0,0.01991942524909973,nan,0.13988450169563293,nan
45,1360,0.019941896200180054,0.00020824636158067733,1.0,0.0,1,231,0,0.019941896200180054,nan,0.13963863253593445,nan
45,1380,0.019865278154611588,0.00020824636158067733,1.0,0.0,1,227,0,0.019865278154611588,nan,0.13946697115898132,nan
45,1400,0.019922830164432526,0.00020824636158067733,1.0,0.0,1,228,0,0.019922830164432526,nan,0.1386726200580597,nan
45,1420,0.019900966435670853,0.00020824636158067733,1.0,0.0,1,229,0,0.019900966435670853,nan,0.13912062346935272,nan
45,1440,0.0198635496199131,0.00020824636158067733,1.0,0.0,1,234,0,0.0198635496199131,nan,0.13990680873394012,nan
45,1460,0.01984524540603161,0.00020824636158067733,1.0,0.0,1,229,0,0.01984524540603161,nan,0.1391030102968216,nan
45,1480,0.019864870235323906,0.00020824636158067733,1.0,0.0,1,226,0,0.019864870235323906,nan,0.13980630040168762,nan
45,1500,0.01984356716275215,0.00020824636158067733,1.0,0.0,1,227,0,0.01984356716275215,nan,0.1394548863172531,nan
45,1520,0.01984000951051712,0.00020824636158067733,1.0,0.0,1,226,0,0.01984000951051712,nan,0.1393883228302002,nan
45,1540,0.019974688068032265,0.00020824636158067733,1.0,0.0,1,223,0,0.019974688068032265,nan,0.13841576874256134,nan
45,1560,0.019854703918099403,0.00020824636158067733,1.0,0.0,1,225,0,0.019854703918099403,nan,0.1390795260667801,nan
45,1580,0.01986980251967907,0.00020824636158067733,1.0,0.0,1,221,0,0.01986980251967907,nan,0.13892324268817902,nan
45,1600,0.01985333114862442,0.00020824636158067733,1.0,0.0,1,226,0,0.01985333114862442,nan,0.13937969505786896,nan
45,1620,0.019905900582671165,0.00020824636158067733,1.0,0.0,1,225,0,0.019905900582671165,nan,0.13828884065151215,nan
45,1640,0.019839754328131676,0.00020824636158067733,1.0,0.0,1,226,0,0.019839754328131676,nan,0.13835076987743378,nan
45,1660,0.01982414536178112,0.00020824636158067733,1.0,0.0,1,224,0,0.01982414536178112,nan,0.1392289251089096,nan
45,1680,0.019840670749545097,0.00020824636158067733,1.0,0.0,1,230,0,0.019840670749545097,nan,0.13982966542243958,nan
45,1700,0.019828569144010544,0.00020824636158067733,1.0,0.0,1,224,0,0.019828569144010544,nan,0.139454185962677,nan
45,1720,0.019912410527467728,0.00020824636158067733,1.0,0.0,1,222,0,0.019912410527467728,nan,0.13855569064617157,nan
45,1740,0.019854499027132988,0.00020824636158067733,1.0,0.0,1,224,0,0.019854499027132988,nan,0.13896922767162323,nan
45,1760,0.01986614242196083,0.00020824636158067733,1.0,0.0,1,226,0,0.01986614242196083,nan,0.1384122371673584,nan
45,1780,0.019843263551592827,0.00020824636158067733,1.0,0.0,1,228,0,0.019843263551592827,nan,0.13868571817874908,nan
45,1800,0.0197826586663723,0.00020824636158067733,1.0,0.0,1,224,0,0.0197826586663723,nan,0.1392918825149536,nan
45,1820,0.019821299239993095,0.00020824636158067733,1.0,0.0,1,227,0,0.019821299239993095,nan,0.13897420465946198,nan
45,1840,0.019828060641884804,0.00020824636158067733,1.0,0.0,1,225,0,0.019828060641884804,nan,0.13897733390331268,nan
45,1860,0.019850991666316986,0.00020824636158067733,1.0,0.0,1,230,0,0.019850991666316986,nan,0.13938191533088684,nan
45,1880,0.01978057622909546,0.00020824636158067733,1.0,0.0,1,230,0,0.01978057622909546,nan,0.13949836790561676,nan
45,1900,0.019763899967074394,0.00020824636158067733,1.0,0.0,1,226,0,0.019763899967074394,nan,0.13922879099845886,nan
45,1920,0.01982257142663002,0.00020824636158067733,1.0,0.0,1,228,0,0.01982257142663002,nan,0.13927234709262848,nan
45,1940,0.019782815128564835,0.00020824636158067733,1.0,0.0,1,225,0,0.019782815128564835,nan,0.13908374309539795,nan
45,1960,0.019792675971984863,0.00020824636158067733,1.0,0.0,1,225,0,0.019792675971984863,nan,0.1393699049949646,nan
45,1980,0.019817586988210678,0.00020824636158067733,1.0,0.0,1,221,0,0.019817586988210678,nan,0.13882429897785187,nan
45,2000,0.01980157382786274,0.00020824636158067733,1.0,0.0,1,228,0,0.01980157382786274,nan,0.13979817926883698,nan
46,0,0.7060337066650391,0.00020824636158067733,0.58880615234375,0.41119384765625,2,1341,1094,0.7434523701667786,0.6524525284767151,0.7082312703132629,0.6192954182624817
46,20,0.4849937856197357,0.00020824636158067733,0.6572265625,0.3427734375,2,1305,933,0.4872549772262573,0.48065823316574097,0.626319169998169,0.5147175192832947
46,40,0.3087362051010132,0.00020824636158067733,0.75482177734375,0.24517822265625,2,1179,663,0.2879495322704315,0.3727315664291382,0.521228551864624,0.40612560510635376
46,60,0.1919804811477661,0.00020824636158067733,0.885986328125,0.114013671875,2,959,374,0.1730484813451767,0.33909890055656433,0.41525816917419434,0.3056647777557373
46,80,0.12342889606952667,0.00020824636158067733,0.98406982421875,0.01593017578125,2,732,99,0.11983366310596466,0.34552130103111267,0.32226312160491943,0.19582884013652802
46,100,0.08565826714038849,0.00020824636158067733,0.998291015625,0.001708984375,1,597,18,0.08515878766775131,0.3774261176586151,0.2705904245376587,0.12916307151317596
46,120,0.06277719885110855,0.00020824636158067733,0.9998779296875,0.0001220703125,1,511,2,0.06273575872182846,0.40220746397972107,0.23946310579776764,0.1428571343421936
46,140,0.048999056220054626,0.00020824636158067733,1.0,0.0,1,437,0,0.048999056220054626,nan,0.21393094956874847,nan
46,160,0.040209487080574036,0.00020824636158067733,1.0,0.0,1,384,0,0.040209487080574036,nan,0.1948920041322708,nan
46,180,0.03466842696070671,0.00020824636158067733,1.0,0.0,1,339,0,0.03466842696070671,nan,0.18287037312984467,nan
46,200,0.031050242483615875,0.00020824636158067733,1.0,0.0,1,318,0,0.031050242483615875,nan,0.17340360581874847,nan
46,220,0.028492359444499016,0.00020824636158067733,1.0,0.0,1,299,0,0.028492359444499016,nan,0.16635139286518097,nan
46,240,0.026716671884059906,0.00020824636158067733,1.0,0.0,1,283,0,0.026716671884059906,nan,0.16174931824207306,nan
46,260,0.02537674456834793,0.00020824636158067733,1.0,0.0,1,272,0,0.02537674456834793,nan,0.15629279613494873,nan
46,280,0.024530591443181038,0.00020824636158067733,1.0,0.0,1,265,0,0.024530591443181038,nan,0.15317577123641968,nan
46,300,0.023694301024079323,0.00020824636158067733,1.0,0.0,1,260,0,0.023694301024079323,nan,0.15194861590862274,nan
46,320,0.02303549461066723,0.00020824636158067733,1.0,0.0,1,250,0,0.02303549461066723,nan,0.15041013062000275,nan
46,340,0.02263750694692135,0.00020824636158067733,1.0,0.0,1,250,0,0.02263750694692135,nan,0.14914347231388092,nan
46,360,0.022312123328447342,0.00020824636158067733,1.0,0.0,1,251,0,0.022312123328447342,nan,0.14790230989456177,nan
46,380,0.02196548692882061,0.00020824636158067733,1.0,0.0,1,247,0,0.02196548692882061,nan,0.1467343270778656,nan
46,400,0.02163730561733246,0.00020824636158067733,1.0,0.0,1,247,0,0.02163730561733246,nan,0.14582094550132751,nan
46,420,0.021460477262735367,0.00020824636158067733,1.0,0.0,1,240,0,0.021460477262735367,nan,0.14447137713432312,nan
46,440,0.021368660032749176,0.00020824636158067733,1.0,0.0,1,245,0,0.021368660032749176,nan,0.14509445428848267,nan
46,460,0.021176936104893684,0.00020824636158067733,1.0,0.0,1,235,0,0.021176936104893684,nan,0.1428428292274475,nan
46,480,0.02098480425775051,0.00020824636158067733,1.0,0.0,1,237,0,0.02098480425775051,nan,0.14287057518959045,nan
46,500,0.020878802984952927,0.00020824636158067733,1.0,0.0,1,241,0,0.020878802984952927,nan,0.14328980445861816,nan
46,520,0.020794708281755447,0.00020824636158067733,1.0,0.0,1,238,0,0.020794708281755447,nan,0.14335492253303528,nan
46,540,0.02068936638534069,0.00020824636158067733,1.0,0.0,1,237,0,0.02068936638534069,nan,0.14219816029071808,nan
46,560,0.02062571607530117,0.00020824636158067733,1.0,0.0,1,238,0,0.02062571607530117,nan,0.14179618656635284,nan
46,580,0.020625459030270576,0.00020824636158067733,1.0,0.0,1,231,0,0.020625459030270576,nan,0.14104916155338287,nan
46,600,0.02054482325911522,0.00020824636158067733,1.0,0.0,1,235,0,0.02054482325911522,nan,0.14136351644992828,nan
46,620,0.02047247625887394,0.00020824636158067733,1.0,0.0,1,242,0,0.02047247625887394,nan,0.14250445365905762,nan
46,640,0.020377453416585922,0.00020824636158067733,1.0,0.0,1,233,0,0.020377453416585922,nan,0.1414480060338974,nan
46,660,0.02035493403673172,0.00020824636158067733,1.0,0.0,1,232,0,0.02035493403673172,nan,0.14080442488193512,nan
46,680,0.020333629101514816,0.00020824636158067733,1.0,0.0,1,231,0,0.020333629101514816,nan,0.14079970121383667,nan
46,700,0.020263569429516792,0.00020824636158067733,1.0,0.0,1,235,0,0.020263569429516792,nan,0.14130739867687225,nan
46,720,0.020337138324975967,0.00020824636158067733,1.0,0.0,1,234,0,0.020337138324975967,nan,0.14000779390335083,nan
46,740,0.020222030580043793,0.00020824636158067733,1.0,0.0,1,228,0,0.020222030580043793,nan,0.14053452014923096,nan
46,760,0.02019350975751877,0.00020824636158067733,1.0,0.0,1,231,0,0.02019350975751877,nan,0.1412564069032669,nan
46,780,0.02015034481883049,0.00020824636158067733,1.0,0.0,1,230,0,0.02015034481883049,nan,0.14066897332668304,nan
46,800,0.020137736573815346,0.00020824636158067733,1.0,0.0,1,226,0,0.020137736573815346,nan,0.14016102254390717,nan
46,820,0.020131535828113556,0.00020824636158067733,1.0,0.0,1,232,0,0.020131535828113556,nan,0.14039406180381775,nan
46,840,0.020075049251317978,0.00020824636158067733,1.0,0.0,1,233,0,0.020075049251317978,nan,0.14048919081687927,nan
46,860,0.020085828378796577,0.00020824636158067733,1.0,0.0,1,230,0,0.020085828378796577,nan,0.14004889130592346,nan
46,880,0.020061371847987175,0.00020824636158067733,1.0,0.0,1,228,0,0.020061371847987175,nan,0.14046820998191833,nan
46,900,0.02004408650100231,0.00020824636158067733,1.0,0.0,1,233,0,0.02004408650100231,nan,0.14008425176143646,nan
46,920,0.02005079947412014,0.00020824636158067733,1.0,0.0,1,231,0,0.02005079947412014,nan,0.1395118683576584,nan
46,940,0.019999753683805466,0.00020824636158067733,1.0,0.0,1,233,0,0.019999753683805466,nan,0.13986393809318542,nan
46,960,0.020006515085697174,0.00020824636158067733,1.0,0.0,1,232,0,0.020006515085697174,nan,0.140193909406662,nan
46,980,0.02001332677900791,0.00020824636158067733,1.0,0.0,1,227,0,0.02001332677900791,nan,0.13896802067756653,nan
46,1000,0.019975755363702774,0.00020824636158067733,1.0,0.0,1,226,0,0.019975755363702774,nan,0.13963310420513153,nan
46,1020,0.01998358592391014,0.00020824636158067733,1.0,0.0,1,226,0,0.01998358592391014,nan,0.13905060291290283,nan
46,1040,0.02000158280134201,0.00020824636158067733,1.0,0.0,1,228,0,0.02000158280134201,nan,0.13910610973834991,nan
46,1060,0.019994568079710007,0.00020824636158067733,1.0,0.0,1,228,0,0.019994568079710007,nan,0.13901467621326447,nan
46,1080,0.019924761727452278,0.00020824636158067733,1.0,0.0,1,229,0,0.019924761727452278,nan,0.14001122117042542,nan
46,1100,0.019920287653803825,0.00020824636158067733,1.0,0.0,1,225,0,0.019920287653803825,nan,0.13938163220882416,nan
46,1120,0.019912051036953926,0.00020824636158067733,1.0,0.0,1,229,0,0.019912051036953926,nan,0.1403084099292755,nan
46,1140,0.019998887553811073,0.00020824636158067733,1.0,0.0,1,230,0,0.019998887553811073,nan,0.1409553736448288,nan
46,1160,0.01997174136340618,0.00020824636158067733,1.0,0.0,1,229,0,0.01997174136340618,nan,0.14022216200828552,nan
46,1180,0.019943827763199806,0.00020824636158067733,1.0,0.0,1,229,0,0.019943827763199806,nan,0.13929614424705505,nan
46,1200,0.019902849569916725,0.00020824636158067733,1.0,0.0,1,224,0,0.019902849569916725,nan,0.13905610144138336,nan
46,1220,0.01989486627280712,0.00020824636158067733,1.0,0.0,1,231,0,0.01989486627280712,nan,0.1400725543498993,nan
46,1240,0.019862735643982887,0.00020824636158067733,1.0,0.0,1,223,0,0.019862735643982887,nan,0.1397038698196411,nan
46,1260,0.01987447962164879,0.00020824636158067733,1.0,0.0,1,226,0,0.01987447962164879,nan,0.13947734236717224,nan
46,1280,0.019858669489622116,0.00020824636158067733,1.0,0.0,1,224,0,0.019858669489622116,nan,0.13927683234214783,nan
46,1300,0.019876768812537193,0.00020824636158067733,1.0,0.0,1,222,0,0.019876768812537193,nan,0.1389247477054596,nan
46,1320,0.019854092970490456,0.00020824636158067733,1.0,0.0,1,228,0,0.019854092970490456,nan,0.1394980251789093,nan
46,1340,0.01982882432639599,0.00020824636158067733,1.0,0.0,1,224,0,0.01982882432639599,nan,0.13957606256008148,nan
46,1360,0.019848855212330818,0.00020824636158067733,1.0,0.0,1,228,0,0.019848855212330818,nan,0.13940995931625366,nan
46,1380,0.019847992807626724,0.00020824636158067733,1.0,0.0,1,229,0,0.019847992807626724,nan,0.13928738236427307,nan
46,1400,0.01988373138010502,0.00020824636158067733,1.0,0.0,1,231,0,0.01988373138010502,nan,0.14015503227710724,nan
46,1420,0.019871531054377556,0.00020824636158067733,1.0,0.0,1,229,0,0.019871531054377556,nan,0.13974173367023468,nan
46,1440,0.01988968253135681,0.00020824636158067733,1.0,0.0,1,224,0,0.01988968253135681,nan,0.13855379819869995,nan
46,1460,0.019823230803012848,0.00020824636158067733,1.0,0.0,1,223,0,0.019823230803012848,nan,0.1390182375907898,nan
46,1480,0.01980563998222351,0.00020824636158067733,1.0,0.0,1,225,0,0.01980563998222351,nan,0.13938352465629578,nan
46,1500,0.0198159608989954,0.00020824636158067733,1.0,0.0,1,223,0,0.0198159608989954,nan,0.13885068893432617,nan
46,1520,0.019833959639072418,0.00020824636158067733,1.0,0.0,1,228,0,0.019833959639072418,nan,0.13979467749595642,nan
46,1540,0.01983070559799671,0.00020824636158067733,1.0,0.0,1,225,0,0.01983070559799671,nan,0.1388939917087555,nan
46,1560,0.019813571125268936,0.00020824636158067733,1.0,0.0,1,231,0,0.019813571125268936,nan,0.13961786031723022,nan
46,1580,0.019813725724816322,0.00020824636158067733,1.0,0.0,1,226,0,0.019813725724816322,nan,0.13968627154827118,nan
46,1600,0.019824909046292305,0.00020824636158067733,1.0,0.0,1,226,0,0.019824909046292305,nan,0.13960658013820648,nan
46,1620,0.01984621211886406,0.00020824636158067733,1.0,0.0,1,227,0,0.01984621211886406,nan,0.1394670158624649,nan
46,1640,0.01981962099671364,0.00020824636158067733,1.0,0.0,1,224,0,0.01981962099671364,nan,0.13876907527446747,nan
46,1660,0.019777728244662285,0.00020824636158067733,1.0,0.0,1,225,0,0.019777728244662285,nan,0.13906137645244598,nan
46,1680,0.019836504012346268,0.00020824636158067733,1.0,0.0,1,228,0,0.019836504012346268,nan,0.13975028693675995,nan
46,1700,0.019803300499916077,0.00020824636158067733,1.0,0.0,1,224,0,0.019803300499916077,nan,0.1390414535999298,nan
46,1720,0.01981194317340851,0.00020824636158067733,1.0,0.0,1,225,0,0.01981194317340851,nan,0.13906072080135345,nan
46,1740,0.01978047378361225,0.00020824636158067733,1.0,0.0,1,221,0,0.01978047378361225,nan,0.1389385461807251,nan
46,1760,0.019807875156402588,0.00020824636158067733,1.0,0.0,1,227,0,0.019807875156402588,nan,0.13865995407104492,nan
46,1780,0.019762882962822914,0.00020824636158067733,1.0,0.0,1,228,0,0.019762882962822914,nan,0.13956734538078308,nan
46,1800,0.019784795120358467,0.00020824636158067733,1.0,0.0,1,226,0,0.019784795120358467,nan,0.1391173005104065,nan
46,1820,0.019784795120358467,0.00020824636158067733,1.0,0.0,1,225,0,0.019784795120358467,nan,0.139507457613945,nan
46,1840,0.019782813265919685,0.00020824636158067733,1.0,0.0,1,225,0,0.019782813265919685,nan,0.13959109783172607,nan
46,1860,0.019806604832410812,0.00020824636158067733,1.0,0.0,1,225,0,0.019806604832410812,nan,0.13955101370811462,nan
46,1880,0.019804878160357475,0.00020824636158067733,1.0,0.0,1,226,0,0.019804878160357475,nan,0.13951516151428223,nan
46,1900,0.01983650028705597,0.00020824636158067733,1.0,0.0,1,231,0,0.01983650028705597,nan,0.14009882509708405,nan
46,1920,0.019794506952166557,0.00020824636158067733,1.0,0.0,1,227,0,0.019794506952166557,nan,0.1395861655473709,nan
46,1940,0.019795319065451622,0.00020824636158067733,1.0,0.0,1,226,0,0.019795319065451622,nan,0.13934288918972015,nan
46,1960,0.019825570285320282,0.00020824636158067733,1.0,0.0,1,226,0,0.019825570285320282,nan,0.139434814453125,nan
46,1980,0.0197934377938509,0.00020824636158067733,1.0,0.0,1,227,0,0.0197934377938509,nan,0.13991139829158783,nan
46,2000,0.019763188436627388,0.00020824636158067733,1.0,0.0,1,224,0,0.019763188436627388,nan,0.13900166749954224,nan
47,0,0.7132543325424194,0.00020824636158067733,0.54058837890625,0.45941162109375,2,1332,1135,0.6208370327949524,0.822001576423645,0.7235851883888245,0.7076432704925537
47,20,0.5063119530677795,0.00020824636158067733,0.62811279296875,0.37188720703125,2,1307,1098,0.4229053556919098,0.647184431552887,0.6339600086212158,0.6258981227874756
47,40,0.34029421210289,0.00020824636158067733,0.74151611328125,0.25848388671875,2,1205,931,0.27836406230926514,0.5179539918899536,0.5275352597236633,0.5333986878395081
47,60,0.23078539967536926,0.00020824636158067733,0.86541748046875,0.13458251953125,2,1008,622,0.198913112282753,0.4357367157936096,0.4314604103565216,0.4414653480052948
47,80,0.1672375500202179,0.00020824636158067733,0.94989013671875,0.05010986328125,2,855,328,0.1561107039451599,0.37815988063812256,0.358511745929718,0.35261934995651245
47,100,0.1252073049545288,0.00020824636158067733,0.98260498046875,0.01739501953125,2,748,149,0.12120313942432404,0.35139378905296326,0.31115567684173584,0.2797548770904541
47,120,0.09572192281484604,0.00020824636158067733,0.993408203125,0.006591796875,1,654,69,0.09403046220541,0.3506317138671875,0.28030848503112793,0.22375404834747314
47,140,0.07335026562213898,0.00020824636158067733,0.997802734375,0.002197265625,1,587,24,0.07276299595832825,0.34003421664237976,0.2548079192638397,0.13460586965084076
47,160,0.05757639557123184,0.00020824636158067733,0.9990234375,0.0009765625,1,504,14,0.05728846788406372,0.3521241545677185,0.230265811085701,0.1131112203001976
47,180,0.046824175864458084,0.00020824636158067733,0.99981689453125,0.00018310546875,1,436,3,0.04676816985011101,0.35264477133750916,0.20926178991794586,0.050906937569379807
47,200,0.03993586078286171,0.00020824636158067733,0.99993896484375,6.103515625e-05,1,383,1,0.03991611301898956,0.3634735941886902,0.19380268454551697,0.0
47,220,0.035009272396564484,0.00020824636158067733,1.0,0.0,1,343,0,0.035009272396564484,nan,0.18253490328788757,nan
47,240,0.031633853912353516,0.00020824636158067733,1.0,0.0,1,313,0,0.031633853912353516,nan,0.17417609691619873,nan
47,260,0.029399370774626732,0.00020824636158067733,1.0,0.0,1,295,0,0.029399370774626732,nan,0.16780169308185577,nan
47,280,0.02764335833489895,0.00020824636158067733,1.0,0.0,1,278,0,0.02764335833489895,nan,0.16252784430980682,nan
47,300,0.026399370282888412,0.00020824636158067733,1.0,0.0,1,272,0,0.026399370282888412,nan,0.1576513648033142,nan
47,320,0.025263722985982895,0.00020824636158067733,1.0,0.0,1,263,0,0.025263722985982895,nan,0.15656012296676636,nan
47,340,0.024465056136250496,0.00020824636158067733,1.0,0.0,1,260,0,0.024465056136250496,nan,0.15461567044258118,nan
47,360,0.02371915988624096,0.00020824636158067733,1.0,0.0,1,258,0,0.02371915988624096,nan,0.15289722383022308,nan
47,380,0.02312970533967018,0.00020824636158067733,1.0,0.0,1,253,0,0.02312970533967018,nan,0.14985314011573792,nan
47,400,0.022647675126791,0.00020824636158067733,1.0,0.0,1,244,0,0.022647675126791,nan,0.14857620000839233,nan
47,420,0.022247862070798874,0.00020824636158067733,1.0,0.0,1,243,0,0.022247862070798874,nan,0.14754492044448853,nan
47,440,0.022134890779852867,0.00020824636158067733,1.0,0.0,1,246,0,0.022134890779852867,nan,0.145706444978714,nan
47,460,0.021724244579672813,0.00020824636158067733,1.0,0.0,1,236,0,0.021724244579672813,nan,0.14480982720851898,nan
47,480,0.021611833944916725,0.00020824636158067733,1.0,0.0,1,245,0,0.021611833944916725,nan,0.14517691731452942,nan
47,500,0.02137114852666855,0.00020824636158067733,1.0,0.0,1,239,0,0.02137114852666855,nan,0.14461414515972137,nan
47,520,0.021209323778748512,0.00020824636158067733,1.0,0.0,1,238,0,0.021209323778748512,nan,0.14386039972305298,nan
47,540,0.021077999845147133,0.00020824636158067733,1.0,0.0,1,234,0,0.021077999845147133,nan,0.14298701286315918,nan
47,560,0.02098114788532257,0.00020824636158067733,1.0,0.0,1,236,0,0.02098114788532257,nan,0.1428363025188446,nan
47,580,0.020817182958126068,0.00020824636158067733,1.0,0.0,1,235,0,0.020817182958126068,nan,0.1428820639848709,nan
47,600,0.02076222375035286,0.00020824636158067733,1.0,0.0,1,232,0,0.02076222375035286,nan,0.1419726312160492,nan
47,620,0.020675284788012505,0.00020824636158067733,1.0,0.0,1,233,0,0.020675284788012505,nan,0.14198416471481323,nan
47,640,0.020574364811182022,0.00020824636158067733,1.0,0.0,1,233,0,0.020574364811182022,nan,0.14225350320339203,nan
47,660,0.020538825541734695,0.00020824636158067733,1.0,0.0,1,234,0,0.020538825541734695,nan,0.14221210777759552,nan
47,680,0.020620275288820267,0.00020824636158067733,1.0,0.0,1,227,0,0.020620275288820267,nan,0.14030371606349945,nan
47,700,0.02055865153670311,0.00020824636158067733,1.0,0.0,1,232,0,0.02055865153670311,nan,0.1408485323190689,nan
47,720,0.020400943234562874,0.00020824636158067733,1.0,0.0,1,233,0,0.020400943234562874,nan,0.14123953878879547,nan
47,740,0.02033195085823536,0.00020824636158067733,1.0,0.0,1,233,0,0.02033195085823536,nan,0.14136852324008942,nan
47,760,0.020302563905715942,0.00020824636158067733,1.0,0.0,1,229,0,0.020302563905715942,nan,0.14115697145462036,nan
47,780,0.020333781838417053,0.00020824636158067733,1.0,0.0,1,235,0,0.020333781838417053,nan,0.1421274095773697,nan
47,800,0.020221170037984848,0.00020824636158067733,1.0,0.0,1,228,0,0.020221170037984848,nan,0.14089268445968628,nan
47,820,0.02022772841155529,0.00020824636158067733,1.0,0.0,1,229,0,0.02022772841155529,nan,0.1406751275062561,nan
47,840,0.020231235772371292,0.00020824636158067733,1.0,0.0,1,230,0,0.020231235772371292,nan,0.14037159085273743,nan
47,860,0.02016625739634037,0.00020824636158067733,1.0,0.0,1,230,0,0.02016625739634037,nan,0.14050434529781342,nan
47,880,0.020169207826256752,0.00020824636158067733,1.0,0.0,1,229,0,0.020169207826256752,nan,0.14022880792617798,nan
47,900,0.020118314772844315,0.00020824636158067733,1.0,0.0,1,229,0,0.020118314772844315,nan,0.14028555154800415,nan
47,920,0.020145311951637268,0.00020824636158067733,1.0,0.0,1,227,0,0.020145311951637268,nan,0.13972169160842896,nan
47,940,0.020106876268982887,0.00020824636158067733,1.0,0.0,1,221,0,0.020106876268982887,nan,0.1398405134677887,nan
47,960,0.020074693486094475,0.00020824636158067733,1.0,0.0,1,232,0,0.020074693486094475,nan,0.140252023935318,nan
47,980,0.02008613385260105,0.00020824636158067733,1.0,0.0,1,227,0,0.02008613385260105,nan,0.1394585222005844,nan
47,1000,0.020048968493938446,0.00020824636158067733,1.0,0.0,1,222,0,0.020048968493938446,nan,0.13999788463115692,nan
47,1020,0.020058780908584595,0.00020824636158067733,1.0,0.0,1,229,0,0.020058780908584595,nan,0.13953694701194763,nan
47,1040,0.020053086802363396,0.00020824636158067733,1.0,0.0,1,225,0,0.020053086802363396,nan,0.13954371213912964,nan
47,1060,0.019998738542199135,0.00020824636158067733,1.0,0.0,1,228,0,0.019998738542199135,nan,0.14017115533351898,nan
47,1080,0.020025886595249176,0.00020824636158067733,1.0,0.0,1,226,0,0.020025886595249176,nan,0.13952837884426117,nan
47,1100,0.020002193748950958,0.00020824636158067733,1.0,0.0,1,227,0,0.020002193748950958,nan,0.14032475650310516,nan
47,1120,0.019969604909420013,0.00020824636158067733,1.0,0.0,1,227,0,0.019969604909420013,nan,0.13937728106975555,nan
47,1140,0.019936252385377884,0.00020824636158067733,1.0,0.0,1,230,0,0.019936252385377884,nan,0.14007951319217682,nan
47,1160,0.019956130534410477,0.00020824636158067733,1.0,0.0,1,230,0,0.019956130534410477,nan,0.13955217599868774,nan
47,1180,0.019976366311311722,0.00020824636158067733,1.0,0.0,1,229,0,0.019976366311311722,nan,0.13915467262268066,nan
47,1200,0.019987909123301506,0.00020824636158067733,1.0,0.0,1,229,0,0.019987909123301506,nan,0.13898661732673645,nan
47,1220,0.019967062398791313,0.00020824636158067733,1.0,0.0,1,227,0,0.019967062398791313,nan,0.13879801332950592,nan
47,1240,0.019933760166168213,0.00020824636158067733,1.0,0.0,1,228,0,0.019933760166168213,nan,0.13931779563426971,nan
47,1260,0.019924508407711983,0.00020824636158067733,1.0,0.0,1,226,0,0.019924508407711983,nan,0.13979628682136536,nan
47,1280,0.01992781274020672,0.00020824636158067733,1.0,0.0,1,223,0,0.01992781274020672,nan,0.13904084265232086,nan
47,1300,0.019968895241618156,0.00020824636158067733,1.0,0.0,1,225,0,0.019968895241618156,nan,0.13872312009334564,nan
47,1320,0.019942354410886765,0.00020824636158067733,1.0,0.0,1,224,0,0.019942354410886765,nan,0.13904911279678345,nan
47,1340,0.019885258749127388,0.00020824636158067733,1.0,0.0,1,229,0,0.019885258749127388,nan,0.13942523300647736,nan
47,1360,0.01990773156285286,0.00020824636158067733,1.0,0.0,1,225,0,0.01990773156285286,nan,0.13889123499393463,nan
47,1380,0.01991698518395424,0.00020824636158067733,1.0,0.0,1,227,0,0.01991698518395424,nan,0.13891324400901794,nan
47,1400,0.019883224740624428,0.00020824636158067733,1.0,0.0,1,228,0,0.019883224740624428,nan,0.13981758058071136,nan
47,1420,0.019868480041623116,0.00020824636158067733,1.0,0.0,1,232,0,0.019868480041623116,nan,0.14019657671451569,nan
47,1440,0.019835790619254112,0.00020824636158067733,1.0,0.0,1,229,0,0.019835790619254112,nan,0.13976719975471497,nan
47,1460,0.01986568421125412,0.00020824636158067733,1.0,0.0,1,230,0,0.01986568421125412,nan,0.13926775753498077,nan
47,1480,0.019912051036953926,0.00020824636158067733,1.0,0.0,1,226,0,0.019912051036953926,nan,0.13907074928283691,nan
47,1500,0.019870158284902573,0.00020824636158067733,1.0,0.0,1,229,0,0.019870158284902573,nan,0.1390049308538437,nan
47,1520,0.019864767789840698,0.00020824636158067733,1.0,0.0,1,226,0,0.019864767789840698,nan,0.13925330340862274,nan
47,1540,0.019945811480283737,0.00020824636158067733,1.0,0.0,1,233,0,0.019945811480283737,nan,0.14049409329891205,nan
47,1560,0.019889071583747864,0.00020824636158067733,1.0,0.0,1,229,0,0.019889071583747864,nan,0.14052163064479828,nan
47,1580,0.019858667626976967,0.00020824636158067733,1.0,0.0,1,231,0,0.019858667626976967,nan,0.14048412442207336,nan
47,1600,0.019865786656737328,0.00020824636158067733,1.0,0.0,1,222,0,0.019865786656737328,nan,0.13934670388698578,nan
47,1620,0.019839143380522728,0.00020824636158067733,1.0,0.0,1,228,0,0.019839143380522728,nan,0.1396748423576355,nan
47,1640,0.019837621599435806,0.00020824636158067733,1.0,0.0,1,226,0,0.019837621599435806,nan,0.13941538333892822,nan
47,1660,0.0198349766433239,0.00020824636158067733,1.0,0.0,1,227,0,0.0198349766433239,nan,0.139815092086792,nan
47,1680,0.019837774336338043,0.00020824636158067733,1.0,0.0,1,228,0,0.019837774336338043,nan,0.13908900320529938,nan
47,1700,0.019818555563688278,0.00020824636158067733,1.0,0.0,1,226,0,0.019818555563688278,nan,0.13931554555892944,nan
47,1720,0.019814081490039825,0.00020824636158067733,1.0,0.0,1,229,0,0.019814081490039825,nan,0.1396828442811966,nan
47,1740,0.01981438510119915,0.00020824636158067733,1.0,0.0,1,226,0,0.01981438510119915,nan,0.13961026072502136,nan
47,1760,0.01981387659907341,0.00020824636158067733,1.0,0.0,1,229,0,0.01981387659907341,nan,0.1395820528268814,nan
47,1780,0.019796134904026985,0.00020824636158067733,1.0,0.0,1,224,0,0.019796134904026985,nan,0.13885098695755005,nan
47,1800,0.01986110769212246,0.00020824636158067733,1.0,0.0,1,226,0,0.01986110769212246,nan,0.13826601207256317,nan
47,1820,0.0197928287088871,0.00020824636158067733,1.0,0.0,1,224,0,0.0197928287088871,nan,0.13923120498657227,nan
47,1840,0.01980924978852272,0.00020824636158067733,1.0,0.0,1,223,0,0.01980924978852272,nan,0.13968433439731598,nan
47,1860,0.0198071151971817,0.00020824636158067733,1.0,0.0,1,228,0,0.0198071151971817,nan,0.13999135792255402,nan
47,1880,0.019799385219812393,0.00020824636158067733,1.0,0.0,1,225,0,0.019799385219812393,nan,0.13875193893909454,nan
47,1900,0.019783928990364075,0.00020824636158067733,1.0,0.0,1,224,0,0.019783928990364075,nan,0.13907304406166077,nan
47,1920,0.019820436835289,0.00020824636158067733,1.0,0.0,1,224,0,0.019820436835289,nan,0.1392270177602768,nan
47,1940,0.019786778837442398,0.00020824636158067733,1.0,0.0,1,221,0,0.019786778837442398,nan,0.13929149508476257,nan
47,1960,0.019772492349147797,0.00020824636158067733,1.0,0.0,1,222,0,0.019772492349147797,nan,0.13893668353557587,nan
47,1980,0.01981947012245655,0.00020824636158067733,1.0,0.0,1,227,0,0.01981947012245655,nan,0.13901571929454803,nan
47,2000,0.019826484844088554,0.00020824636158067733,1.0,0.0,1,226,0,0.019826484844088554,nan,0.138402059674263,nan
48,0,0.8664990067481995,0.00020824636158067733,0.6500244140625,0.3499755859375,2,1340,1085,0.7984694242477417,0.9928531646728516,0.7597692608833313,0.7218818068504333
48,20,0.6458988189697266,0.00020824636158067733,0.72576904296875,0.27423095703125,2,1332,1034,0.5885544419288635,0.7976642847061157,0.6965090036392212,0.6295508146286011
48,40,0.4413210153579712,0.00020824636158067733,0.80023193359375,0.19976806640625,2,1283,837,0.4012187123298645,0.6019628643989563,0.6100224256515503,0.52350252866745
48,60,0.2830396592617035,0.00020824636158067733,0.8834228515625,0.1165771484375,2,1152,530,0.26310718059539795,0.4340881109237671,0.5113820433616638,0.40553686022758484
48,80,0.18230301141738892,0.00020824636158067733,0.96319580078125,0.03680419921875,2,958,209,0.17574793100357056,0.35385483503341675,0.4087827801704407,0.2771797776222229
48,100,0.13109880685806274,0.00020824636158067733,0.9930419921875,0.0069580078125,1,746,56,0.12946933507919312,0.36365625262260437,0.32562923431396484,0.16507568955421448
48,120,0.10190998017787933,0.00020824636158067733,0.99847412109375,0.00152587890625,1,624,16,0.10148840397596359,0.3777675926685333,0.2865719199180603,0.09765941649675369
48,140,0.08002828806638718,0.00020824636158067733,0.99951171875,0.00048828125,1,564,8,0.07988524436950684,0.3728446960449219,0.2653319239616394,0.09545043855905533
48,160,0.06427256017923355,0.00020824636158067733,0.999755859375,0.000244140625,1,520,4,0.06419964879751205,0.3628488779067993,0.24407963454723358,0.08598113059997559
48,180,0.053057536482810974,0.00020824636158067733,0.9998779296875,0.0001220703125,1,456,2,0.053018417209386826,0.37346944212913513,0.22280405461788177,0.08163267374038696
48,200,0.045008860528469086,0.00020824636158067733,1.0,0.0,1,425,0,0.045008860528469086,nan,0.20873570442199707,nan
48,220,0.03907083719968796,0.00020824636158067733,1.0,0.0,1,384,0,0.03907083719968796,nan,0.19503165781497955,nan
48,240,0.034888774156570435,0.00020824636158067733,1.0,0.0,1,346,0,0.034888774156570435,nan,0.1834092140197754,nan
48,260,0.03194871544837952,0.00020824636158067733,1.0,0.0,1,326,0,0.03194871544837952,nan,0.17635992169380188,nan
48,280,0.029647374525666237,0.00020824636158067733,1.0,0.0,1,305,0,0.029647374525666237,nan,0.16994406282901764,nan
48,300,0.028020143508911133,0.00020824636158067733,1.0,0.0,1,291,0,0.028020143508911133,nan,0.16328053176403046,nan
48,320,0.026649003848433495,0.00020824636158067733,1.0,0.0,1,282,0,0.026649003848433495,nan,0.16003169119358063,nan
48,340,0.025663083419203758,0.00020824636158067733,1.0,0.0,1,276,0,0.025663083419203758,nan,0.15782861411571503,nan
48,360,0.024826791137456894,0.00020824636158067733,1.0,0.0,1,273,0,0.024826791137456894,nan,0.15536606311798096,nan
48,380,0.024211153388023376,0.00020824636158067733,1.0,0.0,1,268,0,0.024211153388023376,nan,0.15443244576454163,nan
48,400,0.023555098101496696,0.00020824636158067733,1.0,0.0,1,262,0,0.023555098101496696,nan,0.15168654918670654,nan
48,420,0.023114606738090515,0.00020824636158067733,1.0,0.0,1,256,0,0.023114606738090515,nan,0.15026386082172394,nan
48,440,0.02274920791387558,0.00020824636158067733,1.0,0.0,1,260,0,0.02274920791387558,nan,0.15003451704978943,nan
48,460,0.022395655512809753,0.00020824636158067733,1.0,0.0,1,255,0,0.022395655512809753,nan,0.14815722405910492,nan
48,480,0.022094320505857468,0.00020824636158067733,1.0,0.0,1,254,0,0.022094320505857468,nan,0.14693284034729004,nan
48,500,0.021975098177790642,0.00020824636158067733,1.0,0.0,1,242,0,0.021975098177790642,nan,0.1449642777442932,nan
48,520,0.02166999690234661,0.00020824636158067733,1.0,0.0,1,245,0,0.02166999690234661,nan,0.14552868902683258,nan
48,540,0.02147873304784298,0.00020824636158067733,1.0,0.0,1,240,0,0.02147873304784298,nan,0.14471088349819183,nan
48,560,0.02135000005364418,0.00020824636158067733,1.0,0.0,1,237,0,0.02135000005364418,nan,0.14329303801059723,nan
48,580,0.02120952680706978,0.00020824636158067733,1.0,0.0,1,238,0,0.02120952680706978,nan,0.14343194663524628,nan
48,600,0.021112266927957535,0.00020824636158067733,1.0,0.0,1,235,0,0.021112266927957535,nan,0.14307169616222382,nan
48,620,0.02097652107477188,0.00020824636158067733,1.0,0.0,1,234,0,0.02097652107477188,nan,0.1426973044872284,nan
48,640,0.020923389121890068,0.00020824636158067733,1.0,0.0,1,232,0,0.020923389121890068,nan,0.14258630573749542,nan
48,660,0.020806200802326202,0.00020824636158067733,1.0,0.0,1,235,0,0.020806200802326202,nan,0.14266951382160187,nan
48,680,0.020739039406180382,0.00020824636158067733,1.0,0.0,1,232,0,0.020739039406180382,nan,0.14244765043258667,nan
48,700,0.020661402493715286,0.00020824636158067733,1.0,0.0,1,231,0,0.020661402493715286,nan,0.14225131273269653,nan
48,720,0.020626069977879524,0.00020824636158067733,1.0,0.0,1,230,0,0.020626069977879524,nan,0.1423911303281784,nan
48,740,0.020587073639035225,0.00020824636158067733,1.0,0.0,1,232,0,0.020587073639035225,nan,0.14275245368480682,nan
48,760,0.020541060715913773,0.00020824636158067733,1.0,0.0,1,231,0,0.020541060715913773,nan,0.1425478458404541,nan
48,780,0.02044741064310074,0.00020824636158067733,1.0,0.0,1,229,0,0.02044741064310074,nan,0.1416769176721573,nan
48,800,0.020444056019186974,0.00020824636158067733,1.0,0.0,1,228,0,0.020444056019186974,nan,0.14080260694026947,nan
48,820,0.020402774214744568,0.00020824636158067733,1.0,0.0,1,227,0,0.020402774214744568,nan,0.14095056056976318,nan
48,840,0.02039860375225544,0.00020824636158067733,1.0,0.0,1,230,0,0.02039860375225544,nan,0.14115789532661438,nan
48,860,0.020318275317549706,0.00020824636158067733,1.0,0.0,1,231,0,0.020318275317549706,nan,0.1406284123659134,nan
48,880,0.020294737070798874,0.00020824636158067733,1.0,0.0,1,228,0,0.020294737070798874,nan,0.14077870547771454,nan
48,900,0.020304294303059578,0.00020824636158067733,1.0,0.0,1,228,0,0.020304294303059578,nan,0.14031982421875,nan
48,920,0.020252790302038193,0.00020824636158067733,1.0,0.0,1,230,0,0.020252790302038193,nan,0.14128610491752625,nan
48,940,0.02022833749651909,0.00020824636158067733,1.0,0.0,1,231,0,0.02022833749651909,nan,0.1408204287290573,nan
48,960,0.020197780802845955,0.00020824636158067733,1.0,0.0,1,231,0,0.020197780802845955,nan,0.1406717300415039,nan
48,980,0.020198237150907516,0.00020824636158067733,1.0,0.0,1,228,0,0.020198237150907516,nan,0.1402265876531601,nan
48,1000,0.02014775201678276,0.00020824636158067733,1.0,0.0,1,228,0,0.02014775201678276,nan,0.14041198790073395,nan
48,1020,0.020137786865234375,0.00020824636158067733,1.0,0.0,1,227,0,0.020137786865234375,nan,0.14076055586338043,nan
48,1040,0.020089995115995407,0.00020824636158067733,1.0,0.0,1,225,0,0.020089995115995407,nan,0.1402382254600525,nan
48,1060,0.020093301311135292,0.00020824636158067733,1.0,0.0,1,228,0,0.020093301311135292,nan,0.1396656632423401,nan
48,1080,0.02006462775170803,0.00020824636158067733,1.0,0.0,1,226,0,0.02006462775170803,nan,0.13961093127727509,nan
48,1100,0.02009136974811554,0.00020824636158067733,1.0,0.0,1,225,0,0.02009136974811554,nan,0.13954497873783112,nan
48,1120,0.02005450800061226,0.00020824636158067733,1.0,0.0,1,228,0,0.02005450800061226,nan,0.1401052623987198,nan
48,1140,0.020025428384542465,0.00020824636158067733,1.0,0.0,1,227,0,0.020025428384542465,nan,0.14030535519123077,nan
48,1160,0.020028427243232727,0.00020824636158067733,1.0,0.0,1,222,0,0.020028427243232727,nan,0.1391749531030655,nan
48,1180,0.020054712891578674,0.00020824636158067733,1.0,0.0,1,227,0,0.020054712891578674,nan,0.1402212381362915,nan
48,1200,0.02005898393690586,0.00020824636158067733,1.0,0.0,1,230,0,0.02005898393690586,nan,0.14032448828220367,nan
48,1220,0.020001482218503952,0.00020824636158067733,1.0,0.0,1,225,0,0.020001482218503952,nan,0.13979116082191467,nan
48,1240,0.020015565678477287,0.00020824636158067733,1.0,0.0,1,227,0,0.020015565678477287,nan,0.140092134475708,nan
48,1260,0.01998882368206978,0.00020824636158067733,1.0,0.0,1,220,0,0.01998882368206978,nan,0.13896185159683228,nan
48,1280,0.01997946761548519,0.00020824636158067733,1.0,0.0,1,225,0,0.01997946761548519,nan,0.14037591218948364,nan
48,1300,0.019973570480942726,0.00020824636158067733,1.0,0.0,1,229,0,0.019973570480942726,nan,0.14011168479919434,nan
48,1320,0.01994316652417183,0.00020824636158067733,1.0,0.0,1,222,0,0.01994316652417183,nan,0.13908173143863678,nan
48,1340,0.019962282851338387,0.00020824636158067733,1.0,0.0,1,225,0,0.019962282851338387,nan,0.13905884325504303,nan
48,1360,0.019917644560337067,0.00020824636158067733,1.0,0.0,1,226,0,0.019917644560337067,nan,0.13972753286361694,nan
48,1380,0.019929388538002968,0.00020824636158067733,1.0,0.0,1,224,0,0.019929388538002968,nan,0.13966789841651917,nan
48,1400,0.019952217116951942,0.00020824636158067733,1.0,0.0,1,227,0,0.019952217116951942,nan,0.1392056792974472,nan
48,1420,0.019948810338974,0.00020824636158067733,1.0,0.0,1,227,0,0.019948810338974,nan,0.1397506594657898,nan
48,1440,0.01989334262907505,0.00020824636158067733,1.0,0.0,1,223,0,0.01989334262907505,nan,0.13950097560882568,nan
48,1460,0.019867513328790665,0.00020824636158067733,1.0,0.0,1,227,0,0.019867513328790665,nan,0.13946354389190674,nan
48,1480,0.01989903673529625,0.00020824636158067733,1.0,0.0,1,224,0,0.01989903673529625,nan,0.13910716772079468,nan
48,1500,0.019892172887921333,0.00020824636158067733,1.0,0.0,1,227,0,0.019892172887921333,nan,0.13989892601966858,nan
48,1520,0.019900256767868996,0.00020824636158067733,1.0,0.0,1,226,0,0.019900256767868996,nan,0.1397816687822342,nan
48,1540,0.0199437253177166,0.00020824636158067733,1.0,0.0,1,222,0,0.0199437253177166,nan,0.13942290842533112,nan
48,1560,0.019911745563149452,0.00020824636158067733,1.0,0.0,1,227,0,0.019911745563149452,nan,0.13971975445747375,nan
48,1580,0.019860293716192245,0.00020824636158067733,1.0,0.0,1,227,0,0.019860293716192245,nan,0.13945095241069794,nan
48,1600,0.019881799817085266,0.00020824636158067733,1.0,0.0,1,227,0,0.019881799817085266,nan,0.13915786147117615,nan
48,1620,0.01987844705581665,0.00020824636158067733,1.0,0.0,1,228,0,0.01987844705581665,nan,0.13952726125717163,nan
48,1640,0.019891105592250824,0.00020824636158067733,1.0,0.0,1,230,0,0.019891105592250824,nan,0.13975298404693604,nan
48,1660,0.01993594691157341,0.00020824636158067733,1.0,0.0,1,231,0,0.01993594691157341,nan,0.14024507999420166,nan
48,1680,0.019871631637215614,0.00020824636158067733,1.0,0.0,1,226,0,0.019871631637215614,nan,0.1391824632883072,nan
48,1700,0.019912203773856163,0.00020824636158067733,1.0,0.0,1,221,0,0.019912203773856163,nan,0.13812577724456787,nan
48,1720,0.019894767552614212,0.00020824636158067733,1.0,0.0,1,227,0,0.019894767552614212,nan,0.13965870440006256,nan
48,1740,0.01985993981361389,0.00020824636158067733,1.0,0.0,1,227,0,0.01985993981361389,nan,0.1393892616033554,nan
48,1760,0.019848044961690903,0.00020824636158067733,1.0,0.0,1,225,0,0.019848044961690903,nan,0.13953261077404022,nan
48,1780,0.019882919266819954,0.00020824636158067733,1.0,0.0,1,227,0,0.019882919266819954,nan,0.13927404582500458,nan
48,1800,0.01980563998222351,0.00020824636158067733,1.0,0.0,1,221,0,0.01980563998222351,nan,0.13911128044128418,nan
48,1820,0.019872700795531273,0.00020824636158067733,1.0,0.0,1,227,0,0.019872700795531273,nan,0.13970910012722015,nan
48,1840,0.01979684643447399,0.00020824636158067733,1.0,0.0,1,221,0,0.01979684643447399,nan,0.13906258344650269,nan
48,1860,0.019808895885944366,0.00020824636158067733,1.0,0.0,1,221,0,0.019808895885944366,nan,0.13899414241313934,nan
48,1880,0.019868988543748856,0.00020824636158067733,1.0,0.0,1,228,0,0.019868988543748856,nan,0.1397719383239746,nan
48,1900,0.01985129714012146,0.00020824636158067733,1.0,0.0,1,225,0,0.01985129714012146,nan,0.13976117968559265,nan
48,1920,0.01978662610054016,0.00020824636158067733,1.0,0.0,1,223,0,0.01978662610054016,nan,0.138977512717247,nan
48,1940,0.01984158530831337,0.00020824636158067733,1.0,0.0,1,225,0,0.01984158530831337,nan,0.13972383737564087,nan
48,1960,0.01988576538860798,0.00020824636158067733,1.0,0.0,1,220,0,0.01988576538860798,nan,0.13945968449115753,nan
48,1980,0.019826840609312057,0.00020824636158067733,1.0,0.0,1,221,0,0.019826840609312057,nan,0.1394849568605423,nan
48,2000,0.019798777997493744,0.00020824636158067733,1.0,0.0,1,223,0,0.019798777997493744,nan,0.13883735239505768,nan
49,0,0.8177340626716614,0.00020824636158067733,0.5762939453125,0.4237060546875,2,1338,1115,0.679446816444397,1.0058221817016602,0.7231155633926392,0.6196210384368896
49,20,0.5987129807472229,0.00020824636158067733,0.65850830078125,0.34149169921875,2,1324,1044,0.5000708103179932,0.7889275550842285,0.6474661231040955,0.5593427419662476
49,40,0.40142977237701416,0.00020824636158067733,0.7451171875,0.2548828125,2,1247,891,0.3358677327632904,0.5930919051170349,0.5562036037445068,0.4898483157157898
49,60,0.25227779150009155,0.00020824636158067733,0.8455810546875,0.1544189453125,2,1067,628,0.21664433181285858,0.4474026560783386,0.4609917402267456,0.4080219268798828
49,80,0.15912020206451416,0.00020824636158067733,0.9486083984375,0.0513916015625,2,864,289,0.14762435853481293,0.37131571769714355,0.37351498007774353,0.3215765058994293
49,100,0.10768897831439972,0.00020824636158067733,0.992431640625,0.007568359375,1,692,67,0.10568152368068695,0.3709234297275543,0.2985169291496277,0.23643115162849426
49,120,0.07754641771316528,0.00020824636158067733,0.99884033203125,0.00115966796875,1,586,14,0.0772128775715828,0.36483266949653625,0.2596350908279419,0.11848405748605728
49,140,0.058526042848825455,0.00020824636158067733,0.99981689453125,0.00018310546875,1,505,3,0.058468014001846313,0.37541308999061584,0.2329099476337433,0.07933266460895538
49,160,0.047050051391124725,0.00020824636158067733,0.99993896484375,6.103515625e-05,1,442,1,0.04703053832054138,0.3668055534362793,0.21081478893756866,0.0
49,180,0.039533041417598724,0.00020824636158067733,1.0,0.0,1,389,0,0.039533041417598724,nan,0.19436000287532806,nan
49,200,0.034500040113925934,0.00020824636158067733,1.0,0.0,1,351,0,0.034500040113925934,nan,0.1819150149822235,nan
49,220,0.03108735755085945,0.00020824636158067733,1.0,0.0,1,323,0,0.03108735755085945,nan,0.17284484207630157,nan
49,240,0.028737975284457207,0.00020824636158067733,1.0,0.0,1,306,0,0.028737975284457207,nan,0.16639477014541626,nan
49,260,0.026836657896637917,0.00020824636158067733,1.0,0.0,1,288,0,0.026836657896637917,nan,0.16086554527282715,nan
49,280,0.025548284873366356,0.00020824636158067733,1.0,0.0,1,282,0,0.025548284873366356,nan,0.1577395498752594,nan
49,300,0.02448488399386406,0.00020824636158067733,1.0,0.0,1,271,0,0.02448488399386406,nan,0.15444651246070862,nan
49,320,0.02375708892941475,0.00020824636158067733,1.0,0.0,1,264,0,0.02375708892941475,nan,0.152946338057518,nan
49,340,0.02313743159174919,0.00020824636158067733,1.0,0.0,1,264,0,0.02313743159174919,nan,0.15084156394004822,nan
49,360,0.022623172029852867,0.00020824636158067733,1.0,0.0,1,256,0,0.022623172029852867,nan,0.14885590970516205,nan
49,380,0.022271400317549706,0.00020824636158067733,1.0,0.0,1,250,0,0.022271400317549706,nan,0.14767999947071075,nan
49,400,0.021978963166475296,0.00020824636158067733,1.0,0.0,1,251,0,0.021978963166475296,nan,0.1461075246334076,nan
49,420,0.02174951508641243,0.00020824636158067733,1.0,0.0,1,248,0,0.02174951508641243,nan,0.14502477645874023,nan
49,440,0.021408364176750183,0.00020824636158067733,1.0,0.0,1,242,0,0.021408364176750183,nan,0.14442074298858643,nan
49,460,0.021298853680491447,0.00020824636158067733,1.0,0.0,1,236,0,0.021298853680491447,nan,0.1434032917022705,nan
49,480,0.021125486120581627,0.00020824636158067733,1.0,0.0,1,237,0,0.021125486120581627,nan,0.14333875477313995,nan
49,500,0.02098892256617546,0.00020824636158067733,1.0,0.0,1,233,0,0.02098892256617546,nan,0.14288637042045593,nan
49,520,0.02086741290986538,0.00020824636158067733,1.0,0.0,1,235,0,0.02086741290986538,nan,0.14347438514232635,nan
49,540,0.020792268216609955,0.00020824636158067733,1.0,0.0,1,235,0,0.020792268216609955,nan,0.1422421932220459,nan
49,560,0.02067243680357933,0.00020824636158067733,1.0,0.0,1,236,0,0.02067243680357933,nan,0.1420455276966095,nan
49,580,0.02063445746898651,0.00020824636158067733,1.0,0.0,1,236,0,0.02063445746898651,nan,0.14175601303577423,nan
49,600,0.020544469356536865,0.00020824636158067733,1.0,0.0,1,233,0,0.020544469356536865,nan,0.1415913999080658,nan
49,620,0.02047298476099968,0.00020824636158067733,1.0,0.0,1,241,0,0.02047298476099968,nan,0.14209260046482086,nan
49,640,0.02047339268028736,0.00020824636158067733,1.0,0.0,1,232,0,0.02047339268028736,nan,0.14078421890735626,nan
49,660,0.0203683041036129,0.00020824636158067733,1.0,0.0,1,233,0,0.0203683041036129,nan,0.14134210348129272,nan
49,680,0.020365403965115547,0.00020824636158067733,1.0,0.0,1,234,0,0.020365403965115547,nan,0.14218099415302277,nan
49,700,0.020357931032776833,0.00020824636158067733,1.0,0.0,1,230,0,0.020357931032776833,nan,0.14161059260368347,nan
49,720,0.02025507763028145,0.00020824636158067733,1.0,0.0,1,228,0,0.02025507763028145,nan,0.14127671718597412,nan
49,740,0.020235657691955566,0.00020824636158067733,1.0,0.0,1,231,0,0.020235657691955566,nan,0.1404680758714676,nan
49,760,0.02024211548268795,0.00020824636158067733,1.0,0.0,1,235,0,0.02024211548268795,nan,0.14049571752548218,nan
49,780,0.020220914855599403,0.00020824636158067733,1.0,0.0,1,233,0,0.020220914855599403,nan,0.14121772348880768,nan
49,800,0.020172158256173134,0.00020824636158067733,1.0,0.0,1,233,0,0.020172158256173134,nan,0.14120441675186157,nan
49,820,0.020131483674049377,0.00020824636158067733,1.0,0.0,1,228,0,0.020131483674049377,nan,0.14008828997612,nan
49,840,0.02023494616150856,0.00020824636158067733,1.0,0.0,1,231,0,0.02023494616150856,nan,0.13906794786453247,nan
49,860,0.020137738436460495,0.00020824636158067733,1.0,0.0,1,229,0,0.020137738436460495,nan,0.13982942700386047,nan
49,880,0.020180242136120796,0.00020824636158067733,1.0,0.0,1,227,0,0.020180242136120796,nan,0.13920657336711884,nan
49,900,0.020076371729373932,0.00020824636158067733,1.0,0.0,1,231,0,0.020076371729373932,nan,0.1398402899503708,nan
49,920,0.020070623606443405,0.00020824636158067733,1.0,0.0,1,233,0,0.020070623606443405,nan,0.14053404331207275,nan
49,940,0.020053237676620483,0.00020824636158067733,1.0,0.0,1,229,0,0.020053237676620483,nan,0.139987051486969,nan
49,960,0.019997667521238327,0.00020824636158067733,1.0,0.0,1,231,0,0.019997667521238327,nan,0.14001956582069397,nan
49,980,0.020016225054860115,0.00020824636158067733,1.0,0.0,1,234,0,0.020016225054860115,nan,0.1405876874923706,nan
49,1000,0.020005598664283752,0.00020824636158067733,1.0,0.0,1,231,0,0.020005598664283752,nan,0.1404607594013214,nan
49,1020,0.019989483058452606,0.00020824636158067733,1.0,0.0,1,230,0,0.019989483058452606,nan,0.1400764286518097,nan
49,1040,0.01996157132089138,0.00020824636158067733,1.0,0.0,1,229,0,0.01996157132089138,nan,0.1397469937801361,nan
49,1060,0.020028427243232727,0.00020824636158067733,1.0,0.0,1,228,0,0.020028427243232727,nan,0.13926878571510315,nan
49,1080,0.019984856247901917,0.00020824636158067733,1.0,0.0,1,229,0,0.019984856247901917,nan,0.1401168704032898,nan
49,1100,0.019985010847449303,0.00020824636158067733,1.0,0.0,1,229,0,0.019985010847449303,nan,0.13995864987373352,nan
49,1120,0.019990092143416405,0.00020824636158067733,1.0,0.0,1,225,0,0.019990092143416405,nan,0.1391153782606125,nan
49,1140,0.019959641620516777,0.00020824636158067733,1.0,0.0,1,225,0,0.019959641620516777,nan,0.1390085369348526,nan
49,1160,0.01990879699587822,0.00020824636158067733,1.0,0.0,1,227,0,0.01990879699587822,nan,0.13948141038417816,nan
49,1180,0.019922729581594467,0.00020824636158067733,1.0,0.0,1,223,0,0.019922729581594467,nan,0.13916076719760895,nan
49,1200,0.019920695573091507,0.00020824636158067733,1.0,0.0,1,226,0,0.019920695573091507,nan,0.1391620635986328,nan
49,1220,0.019920796155929565,0.00020824636158067733,1.0,0.0,1,230,0,0.019920796155929565,nan,0.14001864194869995,nan
49,1240,0.019917696714401245,0.00020824636158067733,1.0,0.0,1,228,0,0.019917696714401245,nan,0.13931059837341309,nan
49,1260,0.01987122744321823,0.00020824636158067733,1.0,0.0,1,224,0,0.01987122744321823,nan,0.13916561007499695,nan
49,1280,0.01987382024526596,0.00020824636158067733,1.0,0.0,1,222,0,0.01987382024526596,nan,0.13964737951755524,nan
49,1300,0.01987900584936142,0.00020824636158067733,1.0,0.0,1,227,0,0.01987900584936142,nan,0.13993510603904724,nan
49,1320,0.01985897310078144,0.00020824636158067733,1.0,0.0,1,226,0,0.01985897310078144,nan,0.13946853578090668,nan
49,1340,0.0198657363653183,0.00020824636158067733,1.0,0.0,1,228,0,0.0198657363653183,nan,0.13948257267475128,nan
49,1360,0.019871175289154053,0.00020824636158067733,1.0,0.0,1,228,0,0.019871175289154053,nan,0.13905508816242218,nan
49,1380,0.019889529794454575,0.00020824636158067733,1.0,0.0,1,230,0,0.019889529794454575,nan,0.13999305665493011,nan
49,1400,0.019901782274246216,0.00020824636158067733,1.0,0.0,1,231,0,0.019901782274246216,nan,0.1393769383430481,nan
49,1420,0.01987483538687229,0.00020824636158067733,1.0,0.0,1,232,0,0.01987483538687229,nan,0.13962218165397644,nan
49,1440,0.01984321139752865,0.00020824636158067733,1.0,0.0,1,230,0,0.01984321139752865,nan,0.13937732577323914,nan
49,1460,0.01990981586277485,0.00020824636158067733,1.0,0.0,1,230,0,0.01990981586277485,nan,0.139353409409523,nan
49,1480,0.019941743463277817,0.00020824636158067733,1.0,0.0,1,230,0,0.019941743463277817,nan,0.13938656449317932,nan
49,1500,0.019910424947738647,0.00020824636158067733,1.0,0.0,1,233,0,0.019910424947738647,nan,0.13942094147205353,nan
49,1520,0.019848855212330818,0.00020824636158067733,1.0,0.0,1,234,0,0.019848855212330818,nan,0.1394585222005844,nan
49,1540,0.01990198716521263,0.00020824636158067733,1.0,0.0,1,226,0,0.01990198716521263,nan,0.13859155774116516,nan
49,1560,0.01991129107773304,0.00020824636158067733,1.0,0.0,1,231,0,0.01991129107773304,nan,0.13963839411735535,nan
49,1580,0.01993549056351185,0.00020824636158067733,1.0,0.0,1,229,0,0.01993549056351185,nan,0.13909049332141876,nan
49,1600,0.019892733544111252,0.00020824636158067733,1.0,0.0,1,229,0,0.019892733544111252,nan,0.13854993879795074,nan
49,1620,0.019856328144669533,0.00020824636158067733,1.0,0.0,1,230,0,0.019856328144669533,nan,0.13882958889007568,nan
49,1640,0.019808540120720863,0.00020824636158067733,1.0,0.0,1,227,0,0.019808540120720863,nan,0.13942985236644745,nan
49,1660,0.019871531054377556,0.00020824636158067733,1.0,0.0,1,224,0,0.019871531054377556,nan,0.1396041363477707,nan
49,1680,0.019830452278256416,0.00020824636158067733,1.0,0.0,1,226,0,0.019830452278256416,nan,0.1391678750514984,nan
49,1700,0.01984514482319355,0.00020824636158067733,1.0,0.0,1,231,0,0.01984514482319355,nan,0.13968032598495483,nan
49,1720,0.019827451556921005,0.00020824636158067733,1.0,0.0,1,229,0,0.019827451556921005,nan,0.1399843394756317,nan
49,1740,0.01983960159122944,0.00020824636158067733,1.0,0.0,1,230,0,0.01983960159122944,nan,0.13984137773513794,nan
49,1760,0.01980513148009777,0.00020824636158067733,1.0,0.0,1,227,0,0.01980513148009777,nan,0.13916265964508057,nan
49,1780,0.01978510059416294,0.00020824636158067733,1.0,0.0,1,225,0,0.01978510059416294,nan,0.13921429216861725,nan
49,1800,0.01984824612736702,0.00020824636158067733,1.0,0.0,1,225,0,0.01984824612736702,nan,0.13892090320587158,nan
49,1820,0.019823335111141205,0.00020824636158067733,1.0,0.0,1,230,0,0.019823335111141205,nan,0.13961660861968994,nan
49,1840,0.019847840070724487,0.00020824636158067733,1.0,0.0,1,224,0,0.019847840070724487,nan,0.13845647871494293,nan
49,1860,0.01982211321592331,0.00020824636158067733,1.0,0.0,1,224,0,0.01982211321592331,nan,0.13902881741523743,nan
49,1880,0.019804878160357475,0.00020824636158067733,1.0,0.0,1,225,0,0.019804878160357475,nan,0.1392083466053009,nan
49,1900,0.01983685791492462,0.00020824636158067733,1.0,0.0,1,231,0,0.01983685791492462,nan,0.13987968862056732,nan
49,1920,0.019840162247419357,0.00020824636158067733,1.0,0.0,1,228,0,0.019840162247419357,nan,0.13958139717578888,nan
49,1940,0.019796285778284073,0.00020824636158067733,1.0,0.0,1,225,0,0.019796285778284073,nan,0.13912589848041534,nan
49,1960,0.019817739725112915,0.00020824636158067733,1.0,0.0,1,231,0,0.019817739725112915,nan,0.13991431891918182,nan
49,1980,0.019818250089883804,0.00020824636158067733,1.0,0.0,1,228,0,0.019818250089883804,nan,0.1393679827451706,nan
49,2000,0.019826026633381844,0.00020824636158067733,1.0,0.0,1,226,0,0.019826026633381844,nan,0.1394931823015213,nan
50,0,0.8590648174285889,0.00020824636158067733,0.778564453125,0.221435546875,2,1335,959,0.9044234156608582,0.6995844841003418,0.7381370663642883,0.6700583696365356
50,20,0.6335564255714417,0.00020824636158067733,0.84368896484375,0.15631103515625,2,1329,794,0.6445393562316895,0.5742763876914978,0.6730219721794128,0.5788889527320862
50,40,0.40506061911582947,0.00020824636158067733,0.9071044921875,0.0928955078125,2,1252,538,0.39908647537231445,0.46339690685272217,0.574773371219635,0.47272101044654846
50,60,0.22889621555805206,0.00020824636158067733,0.96697998046875,0.03302001953125,2,1051,240,0.22374218702316284,0.37982994318008423,0.4568445682525635,0.3420740067958832
50,80,0.13592669367790222,0.00020824636158067733,0.98876953125,0.01123046875,2,801,85,0.13324297964572906,0.37221089005470276,0.3472105860710144,0.21570931375026703
50,100,0.09890896826982498,0.00020824636158067733,0.9984130859375,0.0015869140625,1,614,19,0.09845911711454391,0.3819274306297302,0.277662456035614,0.11263668537139893
50,120,0.07333079725503922,0.00020824636158067733,0.99945068359375,0.00054931640625,1,547,8,0.07316873967647552,0.3681938648223877,0.255183607339859,0.07199324667453766
50,140,0.056906938552856445,0.00020824636158067733,0.99993896484375,6.103515625e-05,1,485,1,0.056888580322265625,0.3576427102088928,0.22986097633838654,0.0
50,160,0.04591745138168335,0.00020824636158067733,1.0,0.0,1,414,0,0.04591745138168335,nan,0.20753498375415802,nan
50,180,0.03879334777593613,0.00020824636158067733,1.0,0.0,1,364,0,0.03879334777593613,nan,0.19008296728134155,nan
50,200,0.033946529030799866,0.00020824636158067733,1.0,0.0,1,327,0,0.033946529030799866,nan,0.17912344634532928,nan
50,220,0.030887193977832794,0.00020824636158067733,1.0,0.0,1,308,0,0.030887193977832794,nan,0.17124591767787933,nan
50,240,0.028609804809093475,0.00020824636158067733,1.0,0.0,1,293,0,0.028609804809093475,nan,0.1651642620563507,nan
50,260,0.026937272399663925,0.00020824636158067733,1.0,0.0,1,277,0,0.026937272399663925,nan,0.1606743484735489,nan
50,280,0.02574305795133114,0.00020824636158067733,1.0,0.0,1,270,0,0.02574305795133114,nan,0.15852242708206177,nan
50,300,0.024774428457021713,0.00020824636158067733,1.0,0.0,1,265,0,0.024774428457021713,nan,0.15494704246520996,nan
50,320,0.024098284542560577,0.00020824636158067733,1.0,0.0,1,260,0,0.024098284542560577,nan,0.15404298901557922,nan
50,340,0.023465055972337723,0.00020824636158067733,1.0,0.0,1,259,0,0.023465055972337723,nan,0.15143142640590668,nan
50,360,0.02295633591711521,0.00020824636158067733,1.0,0.0,1,247,0,0.02295633591711521,nan,0.15017230808734894,nan
50,380,0.022616613656282425,0.00020824636158067733,1.0,0.0,1,248,0,0.022616613656282425,nan,0.14920660853385925,nan
50,400,0.022237133234739304,0.00020824636158067733,1.0,0.0,1,238,0,0.022237133234739304,nan,0.1473757028579712,nan
50,420,0.021985214203596115,0.00020824636158067733,1.0,0.0,1,242,0,0.021985214203596115,nan,0.14640088379383087,nan
50,440,0.02180127054452896,0.00020824636158067733,1.0,0.0,1,234,0,0.02180127054452896,nan,0.14505785703659058,nan
50,460,0.021545182913541794,0.00020824636158067733,1.0,0.0,1,233,0,0.021545182913541794,nan,0.14438456296920776,nan
50,480,0.021427279338240623,0.00020824636158067733,1.0,0.0,1,232,0,0.021427279338240623,nan,0.14458273351192474,nan
50,500,0.021339833736419678,0.00020824636158067733,1.0,0.0,1,231,0,0.021339833736419678,nan,0.14347749948501587,nan
50,520,0.021142669022083282,0.00020824636158067733,1.0,0.0,1,227,0,0.021142669022083282,nan,0.1436225324869156,nan
50,540,0.021056797355413437,0.00020824636158067733,1.0,0.0,1,229,0,0.021056797355413437,nan,0.14342255890369415,nan
50,560,0.020982366055250168,0.00020824636158067733,1.0,0.0,1,226,0,0.020982366055250168,nan,0.14209727942943573,nan
50,580,0.020864566788077354,0.00020824636158067733,1.0,0.0,1,228,0,0.020864566788077354,nan,0.14239120483398438,nan
50,600,0.020753122866153717,0.00020824636158067733,1.0,0.0,1,227,0,0.020753122866153717,nan,0.1425713151693344,nan
50,620,0.020710822194814682,0.00020824636158067733,1.0,0.0,1,225,0,0.020710822194814682,nan,0.14173178374767303,nan
50,640,0.020633187144994736,0.00020824636158067733,1.0,0.0,1,230,0,0.020633187144994736,nan,0.14269527792930603,nan
50,660,0.020550772547721863,0.00020824636158067733,1.0,0.0,1,229,0,0.020550772547721863,nan,0.14183399081230164,nan
50,680,0.020524997264146805,0.00020824636158067733,1.0,0.0,1,223,0,0.020524997264146805,nan,0.14100788533687592,nan
50,700,0.020472325384616852,0.00020824636158067733,1.0,0.0,1,228,0,0.020472325384616852,nan,0.14104928076267242,nan
50,720,0.0204478707164526,0.00020824636158067733,1.0,0.0,1,230,0,0.0204478707164526,nan,0.14161957800388336,nan
50,740,0.020401399582624435,0.00020824636158067733,1.0,0.0,1,229,0,0.020401399582624435,nan,0.14124415814876556,nan
50,760,0.020315783098340034,0.00020824636158067733,1.0,0.0,1,225,0,0.020315783098340034,nan,0.14090918004512787,nan
50,780,0.020293159410357475,0.00020824636158067733,1.0,0.0,1,226,0,0.020293159410357475,nan,0.1407339870929718,nan
50,800,0.020315377041697502,0.00020824636158067733,1.0,0.0,1,227,0,0.020315377041697502,nan,0.14079950749874115,nan
50,820,0.02026987448334694,0.00020824636158067733,1.0,0.0,1,221,0,0.02026987448334694,nan,0.13953551650047302,nan
50,840,0.020236369222402573,0.00020824636158067733,1.0,0.0,1,221,0,0.020236369222402573,nan,0.13945429027080536,nan
50,860,0.02020052634179592,0.00020824636158067733,1.0,0.0,1,219,0,0.02020052634179592,nan,0.14031298458576202,nan
50,880,0.020199762657284737,0.00020824636158067733,1.0,0.0,1,223,0,0.020199762657284737,nan,0.14023491740226746,nan
50,900,0.020165903493762016,0.00020824636158067733,1.0,0.0,1,229,0,0.020165903493762016,nan,0.1403442770242691,nan
50,920,0.02019386552274227,0.00020824636158067733,1.0,0.0,1,228,0,0.02019386552274227,nan,0.14089418947696686,nan
50,940,0.02012167125940323,0.00020824636158067733,1.0,0.0,1,229,0,0.02012167125940323,nan,0.1407342106103897,nan
50,960,0.020093251019716263,0.00020824636158067733,1.0,0.0,1,221,0,0.020093251019716263,nan,0.14017832279205322,nan
50,980,0.02009177766740322,0.00020824636158067733,1.0,0.0,1,224,0,0.02009177766740322,nan,0.1395641565322876,nan
50,1000,0.02009091153740883,0.00020824636158067733,1.0,0.0,1,223,0,0.02009091153740883,nan,0.1402648240327835,nan
50,1020,0.020234540104866028,0.00020824636158067733,1.0,0.0,1,227,0,0.020234540104866028,nan,0.14103811979293823,nan
50,1040,0.02014419622719288,0.00020824636158067733,1.0,0.0,1,222,0,0.02014419622719288,nan,0.13923557102680206,nan
50,1060,0.02008262649178505,0.00020824636158067733,1.0,0.0,1,221,0,0.02008262649178505,nan,0.13864149153232574,nan
50,1080,0.020062848925590515,0.00020824636158067733,1.0,0.0,1,225,0,0.020062848925590515,nan,0.13922029733657837,nan
50,1100,0.020038239657878876,0.00020824636158067733,1.0,0.0,1,228,0,0.020038239657878876,nan,0.14076632261276245,nan
50,1120,0.02001897245645523,0.00020824636158067733,1.0,0.0,1,224,0,0.02001897245645523,nan,0.1393710970878601,nan
50,1140,0.019998228177428246,0.00020824636158067733,1.0,0.0,1,226,0,0.019998228177428246,nan,0.13961514830589294,nan
50,1160,0.019979417324066162,0.00020824636158067733,1.0,0.0,1,228,0,0.019979417324066162,nan,0.13983960449695587,nan
50,1180,0.019972145557403564,0.00020824636158067733,1.0,0.0,1,229,0,0.019972145557403564,nan,0.139181986451149,nan
50,1200,0.020017700269818306,0.00020824636158067733,1.0,0.0,1,222,0,0.020017700269818306,nan,0.13860540091991425,nan
50,1220,0.019986281171441078,0.00020824636158067733,1.0,0.0,1,224,0,0.019986281171441078,nan,0.13968242704868317,nan
50,1240,0.019959181547164917,0.00020824636158067733,1.0,0.0,1,222,0,0.019959181547164917,nan,0.13972008228302002,nan
50,1260,0.019935593008995056,0.00020824636158067733,1.0,0.0,1,223,0,0.019935593008995056,nan,0.13972343504428864,nan
50,1280,0.019910018891096115,0.00020824636158067733,1.0,0.0,1,223,0,0.019910018891096115,nan,0.13921484351158142,nan
50,1300,0.01992161013185978,0.00020824636158067733,1.0,0.0,1,227,0,0.01992161013185978,nan,0.13982801139354706,nan
50,1320,0.019894815981388092,0.00020824636158067733,1.0,0.0,1,225,0,0.019894815981388092,nan,0.13999143242835999,nan
50,1340,0.0198949184268713,0.00020824636158067733,1.0,0.0,1,223,0,0.0198949184268713,nan,0.13924406468868256,nan
50,1360,0.01987346261739731,0.00020824636158067733,1.0,0.0,1,225,0,0.01987346261739731,nan,0.1390765756368637,nan
50,1380,0.0199954304844141,0.00020824636158067733,1.0,0.0,1,228,0,0.0199954304844141,nan,0.14079707860946655,nan
50,1400,0.019901476800441742,0.00020824636158067733,1.0,0.0,1,228,0,0.019901476800441742,nan,0.1400245577096939,nan
50,1420,0.019923541694879532,0.00020824636158067733,1.0,0.0,1,222,0,0.019923541694879532,nan,0.1391531229019165,nan
50,1440,0.01991530880331993,0.00020824636158067733,1.0,0.0,1,224,0,0.01991530880331993,nan,0.14037488400936127,nan
50,1460,0.019867971539497375,0.00020824636158067733,1.0,0.0,1,226,0,0.019867971539497375,nan,0.1400446593761444,nan
50,1480,0.019860142841935158,0.00020824636158067733,1.0,0.0,1,224,0,0.019860142841935158,nan,0.1393824815750122,nan
50,1500,0.019867006689310074,0.00020824636158067733,1.0,0.0,1,216,0,0.019867006689310074,nan,0.13832391798496246,nan
50,1520,0.019883275032043457,0.00020824636158067733,1.0,0.0,1,224,0,0.019883275032043457,nan,0.13941988348960876,nan
50,1540,0.019849974662065506,0.00020824636158067733,1.0,0.0,1,225,0,0.019849974662065506,nan,0.13936081528663635,nan
50,1560,0.019858717918395996,0.00020824636158067733,1.0,0.0,1,226,0,0.019858717918395996,nan,0.13938753306865692,nan
50,1580,0.019874073565006256,0.00020824636158067733,1.0,0.0,1,225,0,0.019874073565006256,nan,0.13944575190544128,nan
50,1600,0.019862432032823563,0.00020824636158067733,1.0,0.0,1,222,0,0.019862432032823563,nan,0.13948498666286469,nan
50,1620,0.01984107680618763,0.00020824636158067733,1.0,0.0,1,225,0,0.01984107680618763,nan,0.13867926597595215,nan
50,1640,0.019917747005820274,0.00020824636158067733,1.0,0.0,1,224,0,0.019917747005820274,nan,0.14047686755657196,nan
50,1660,0.019862785935401917,0.00020824636158067733,1.0,0.0,1,222,0,0.019862785935401917,nan,0.1387616991996765,nan
50,1680,0.019849618896842003,0.00020824636158067733,1.0,0.0,1,225,0,0.019849618896842003,nan,0.13969992101192474,nan
50,1700,0.01981743611395359,0.00020824636158067733,1.0,0.0,1,225,0,0.01981743611395359,nan,0.13920632004737854,nan
50,1720,0.019855007529258728,0.00020824636158067733,1.0,0.0,1,217,0,0.019855007529258728,nan,0.13845032453536987,nan
50,1740,0.01982668973505497,0.00020824636158067733,1.0,0.0,1,222,0,0.01982668973505497,nan,0.1396409571170807,nan
50,1760,0.019850635901093483,0.00020824636158067733,1.0,0.0,1,222,0,0.019850635901093483,nan,0.13905774056911469,nan
50,1780,0.019854143261909485,0.00020824636158067733,1.0,0.0,1,223,0,0.019854143261909485,nan,0.13984528183937073,nan
50,1800,0.019814230501651764,0.00020824636158067733,1.0,0.0,1,221,0,0.019814230501651764,nan,0.13901998102664948,nan
50,1820,0.019895121455192566,0.00020824636158067733,1.0,0.0,1,216,0,0.019895121455192566,nan,0.13826392590999603,nan
50,1840,0.019871583208441734,0.00020824636158067733,1.0,0.0,1,224,0,0.019871583208441734,nan,0.13983936607837677,nan
50,1860,0.019824858754873276,0.00020824636158067733,1.0,0.0,1,218,0,0.019824858754873276,nan,0.13907378911972046,nan
50,1880,0.019807370379567146,0.00020824636158067733,1.0,0.0,1,224,0,0.019807370379567146,nan,0.13927538692951202,nan
50,1900,0.019826281815767288,0.00020824636158067733,1.0,0.0,1,223,0,0.019826281815767288,nan,0.13928216695785522,nan
50,1920,0.019812555983662605,0.00020824636158067733,1.0,0.0,1,223,0,0.019812555983662605,nan,0.139053076505661,nan
50,1940,0.019821248948574066,0.00020824636158067733,1.0,0.0,1,224,0,0.019821248948574066,nan,0.13983578979969025,nan
50,1960,0.019822316244244576,0.00020824636158067733,1.0,0.0,1,227,0,0.019822316244244576,nan,0.13986843824386597,nan
50,1980,0.019865328446030617,0.00020824636158067733,1.0,0.0,1,226,0,0.019865328446030617,nan,0.14006055891513824,nan
50,2000,0.019824858754873276,0.00020824636158067733,1.0,0.0,1,222,0,0.019824858754873276,nan,0.13907015323638916,nan
51,0,0.8036784529685974,0.00020824636158067733,0.57659912109375,0.42340087890625,2,1292,1076,0.6153594851493835,1.0601364374160767,0.6150924563407898,0.570644199848175
51,20,0.5777859091758728,0.00020824636158067733,0.6591796875,0.3408203125,2,1241,994,0.4534045457839966,0.8183513879776001,0.5688315629959106,0.5137171745300293
51,40,0.3964981138706207,0.00020824636158067733,0.7454833984375,0.2545166015625,2,1166,821,0.3255527913570404,0.6042982935905457,0.5169987678527832,0.4420786201953888
51,60,0.26019197702407837,0.00020824636158067733,0.8299560546875,0.1700439453125,2,1048,582,0.22621484100818634,0.426028847694397,0.45471522212028503,0.360430508852005
51,80,0.16761252284049988,0.00020824636158067733,0.9085693359375,0.0914306640625,2,859,329,0.15235401690006256,0.3192402124404907,0.3834455907344818,0.2705192565917969
51,100,0.11578008532524109,0.00020824636158067733,0.96051025390625,0.03948974609375,2,684,156,0.1082535982131958,0.298846960067749,0.3192213475704193,0.19118592143058777
51,120,0.08652737736701965,0.00020824636158067733,0.9857177734375,0.0142822265625,2,559,72,0.08316681534051895,0.31846383213996887,0.27213412523269653,0.13406231999397278
51,140,0.06719131767749786,0.00020824636158067733,0.99420166015625,0.00579833984375,1,495,42,0.06565874814987183,0.32997000217437744,0.2463783472776413,0.11362156271934509
51,160,0.05388558655977249,0.00020824636158067733,0.99810791015625,0.00189208984375,1,444,21,0.05334679037332535,0.33810779452323914,0.2229025810956955,0.09199647605419159
51,180,0.04470858722925186,0.00020824636158067733,0.99951171875,0.00048828125,1,404,8,0.04456456005573273,0.3395252525806427,0.20536397397518158,0.0874817743897438
51,200,0.03854876011610031,0.00020824636158067733,0.9998779296875,0.0001220703125,1,377,2,0.038508325815200806,0.369720995426178,0.1921650916337967,0.10204079747200012
51,220,0.03419499099254608,0.00020824636158067733,1.0,0.0,1,344,0,0.03419499099254608,nan,0.18041278421878815,nan
51,240,0.031031787395477295,0.00020824636158067733,1.0,0.0,1,320,0,0.031031787395477295,nan,0.17354784905910492,nan
51,260,0.028902091085910797,0.00020824636158067733,1.0,0.0,1,307,0,0.028902091085910797,nan,0.1680927723646164,nan
51,280,0.027178768068552017,0.00020824636158067733,1.0,0.0,1,293,0,0.027178768068552017,nan,0.16197219491004944,nan
51,300,0.025905951857566833,0.00020824636158067733,1.0,0.0,1,280,0,0.025905951857566833,nan,0.15913572907447815,nan
51,320,0.024953337386250496,0.00020824636158067733,1.0,0.0,1,267,0,0.024953337386250496,nan,0.15521948039531708,nan
51,340,0.024255845695734024,0.00020824636158067733,1.0,0.0,1,267,0,0.024255845695734024,nan,0.15279294550418854,nan
51,360,0.023905545473098755,0.00020824636158067733,1.0,0.0,1,265,0,0.023905545473098755,nan,0.15256832540035248,nan
51,380,0.023301348090171814,0.00020824636158067733,1.0,0.0,1,257,0,0.023301348090171814,nan,0.15003018081188202,nan
51,400,0.02286248467862606,0.00020824636158067733,1.0,0.0,1,256,0,0.02286248467862606,nan,0.14901356399059296,nan
51,420,0.02252057194709778,0.00020824636158067733,1.0,0.0,1,251,0,0.02252057194709778,nan,0.14730925858020782,nan
51,440,0.02216971665620804,0.00020824636158067733,1.0,0.0,1,254,0,0.02216971665620804,nan,0.14675742387771606,nan
51,460,0.021919069811701775,0.00020824636158067733,1.0,0.0,1,247,0,0.021919069811701775,nan,0.14594554901123047,nan
51,480,0.021733855828642845,0.00020824636158067733,1.0,0.0,1,251,0,0.021733855828642845,nan,0.14531035721302032,nan
51,500,0.021530285477638245,0.00020824636158067733,1.0,0.0,1,245,0,0.021530285477638245,nan,0.14457979798316956,nan
51,520,0.021450616419315338,0.00020824636158067733,1.0,0.0,1,244,0,0.021450616419315338,nan,0.14505775272846222,nan
51,540,0.021295499056577682,0.00020824636158067733,1.0,0.0,1,244,0,0.021295499056577682,nan,0.1442074477672577,nan
51,560,0.021146532148122787,0.00020824636158067733,1.0,0.0,1,248,0,0.021146532148122787,nan,0.14405503869056702,nan
51,580,0.021041646599769592,0.00020824636158067733,1.0,0.0,1,244,0,0.021041646599769592,nan,0.14339902997016907,nan
51,600,0.02092374674975872,0.00020824636158067733,1.0,0.0,1,237,0,0.02092374674975872,nan,0.1428593546152115,nan
51,620,0.02088063210248947,0.00020824636158067733,1.0,0.0,1,233,0,0.02088063210248947,nan,0.141912579536438,nan
51,640,0.020825469866394997,0.00020824636158067733,1.0,0.0,1,244,0,0.020825469866394997,nan,0.14345845580101013,nan
51,660,0.02069455198943615,0.00020824636158067733,1.0,0.0,1,238,0,0.02069455198943615,nan,0.1416332870721817,nan
51,680,0.02065860852599144,0.00020824636158067733,1.0,0.0,1,232,0,0.02065860852599144,nan,0.14096327126026154,nan
51,700,0.02063710428774357,0.00020824636158067733,1.0,0.0,1,232,0,0.02063710428774357,nan,0.14083820581436157,nan
51,720,0.020491084083914757,0.00020824636158067733,1.0,0.0,1,234,0,0.020491084083914757,nan,0.14116035401821136,nan
51,740,0.0204570721834898,0.00020824636158067733,1.0,0.0,1,231,0,0.0204570721834898,nan,0.14135466516017914,nan
51,760,0.02046891860663891,0.00020824636158067733,1.0,0.0,1,238,0,0.02046891860663891,nan,0.14250923693180084,nan
51,780,0.020393826067447662,0.00020824636158067733,1.0,0.0,1,234,0,0.020393826067447662,nan,0.14134588837623596,nan
51,800,0.02040216512978077,0.00020824636158067733,1.0,0.0,1,233,0,0.02040216512978077,nan,0.14099276065826416,nan
51,820,0.020370591431856155,0.00020824636158067733,1.0,0.0,1,231,0,0.020370591431856155,nan,0.1414523720741272,nan
51,840,0.02034822106361389,0.00020824636158067733,1.0,0.0,1,225,0,0.02034822106361389,nan,0.1405879259109497,nan
51,860,0.020305210724473,0.00020824636158067733,1.0,0.0,1,227,0,0.020305210724473,nan,0.13998374342918396,nan
51,880,0.02023804746568203,0.00020824636158067733,1.0,0.0,1,230,0,0.02023804746568203,nan,0.14041806757450104,nan
51,900,0.020278213545680046,0.00020824636158067733,1.0,0.0,1,227,0,0.020278213545680046,nan,0.1402520090341568,nan
51,920,0.020230218768119812,0.00020824636158067733,1.0,0.0,1,233,0,0.020230218768119812,nan,0.1404774785041809,nan
51,940,0.020192595198750496,0.00020824636158067733,1.0,0.0,1,233,0,0.020192595198750496,nan,0.1404026299715042,nan
51,960,0.020173581317067146,0.00020824636158067733,1.0,0.0,1,236,0,0.020173581317067146,nan,0.14092014729976654,nan
51,980,0.02013860084116459,0.00020824636158067733,1.0,0.0,1,234,0,0.02013860084116459,nan,0.14057700335979462,nan
51,1000,0.020125839859247208,0.00020824636158067733,1.0,0.0,1,232,0,0.020125839859247208,nan,0.14041955769062042,nan
51,1020,0.02016564831137657,0.00020824636158067733,1.0,0.0,1,231,0,0.02016564831137657,nan,0.13982060551643372,nan
51,1040,0.020112011581659317,0.00020824636158067733,1.0,0.0,1,229,0,0.020112011581659317,nan,0.13950172066688538,nan
51,1060,0.02008730173110962,0.00020824636158067733,1.0,0.0,1,232,0,0.02008730173110962,nan,0.1401500701904297,nan
51,1080,0.020092234015464783,0.00020824636158067733,1.0,0.0,1,232,0,0.020092234015464783,nan,0.1404019147157669,nan
51,1100,0.020183086395263672,0.00020824636158067733,1.0,0.0,1,237,0,0.020183086395263672,nan,0.14161917567253113,nan
51,1120,0.02007489651441574,0.00020824636158067733,1.0,0.0,1,232,0,0.02007489651441574,nan,0.14096848666667938,nan
51,1140,0.020107842981815338,0.00020824636158067733,1.0,0.0,1,232,0,0.020107842981815338,nan,0.14021214842796326,nan
51,1160,0.02008770778775215,0.00020824636158067733,1.0,0.0,1,230,0,0.02008770778775215,nan,0.14007790386676788,nan
51,1180,0.02001297101378441,0.00020824636158067733,1.0,0.0,1,229,0,0.02001297101378441,nan,0.14015716314315796,nan
51,1200,0.020017802715301514,0.00020824636158067733,1.0,0.0,1,233,0,0.020017802715301514,nan,0.139776349067688,nan
51,1220,0.020011089742183685,0.00020824636158067733,1.0,0.0,1,231,0,0.020011089742183685,nan,0.1390495002269745,nan
51,1240,0.020005954429507256,0.00020824636158067733,1.0,0.0,1,233,0,0.020005954429507256,nan,0.1396225392818451,nan
51,1260,0.019991924986243248,0.00020824636158067733,1.0,0.0,1,232,0,0.019991924986243248,nan,0.13974687457084656,nan
51,1280,0.02001388743519783,0.00020824636158067733,1.0,0.0,1,235,0,0.02001388743519783,nan,0.14014489948749542,nan
51,1300,0.019945912063121796,0.00020824636158067733,1.0,0.0,1,231,0,0.019945912063121796,nan,0.13968227803707123,nan
51,1320,0.019998380914330482,0.00020824636158067733,1.0,0.0,1,228,0,0.019998380914330482,nan,0.13880415260791779,nan
51,1340,0.019994821399450302,0.00020824636158067733,1.0,0.0,1,230,0,0.019994821399450302,nan,0.14002393186092377,nan
51,1360,0.01997906155884266,0.00020824636158067733,1.0,0.0,1,231,0,0.01997906155884266,nan,0.14040832221508026,nan
51,1380,0.01998724602162838,0.00020824636158067733,1.0,0.0,1,233,0,0.01998724602162838,nan,0.1405775547027588,nan
51,1400,0.019924458116292953,0.00020824636158067733,1.0,0.0,1,233,0,0.019924458116292953,nan,0.13992108404636383,nan
51,1420,0.01988302171230316,0.00020824636158067733,1.0,0.0,1,231,0,0.01988302171230316,nan,0.13938139379024506,nan
51,1440,0.019923796877264977,0.00020824636158067733,1.0,0.0,1,230,0,0.019923796877264977,nan,0.13971266150474548,nan
51,1460,0.019975807517766953,0.00020824636158067733,1.0,0.0,1,231,0,0.019975807517766953,nan,0.14068858325481415,nan
51,1480,0.019940728321671486,0.00020824636158067733,1.0,0.0,1,233,0,0.019940728321671486,nan,0.14023490250110626,nan
51,1500,0.01991027034819126,0.00020824636158067733,1.0,0.0,1,230,0,0.01991027034819126,nan,0.13940265774726868,nan
51,1520,0.01988403871655464,0.00020824636158067733,1.0,0.0,1,230,0,0.01988403871655464,nan,0.1390906125307083,nan
51,1540,0.019885359331965446,0.00020824636158067733,1.0,0.0,1,227,0,0.019885359331965446,nan,0.13904163241386414,nan
51,1560,0.01989024132490158,0.00020824636158067733,1.0,0.0,1,226,0,0.01989024132490158,nan,0.13946770131587982,nan
51,1580,0.019874531775712967,0.00020824636158067733,1.0,0.0,1,226,0,0.019874531775712967,nan,0.13949714601039886,nan
51,1600,0.019843924790620804,0.00020824636158067733,1.0,0.0,1,226,0,0.019843924790620804,nan,0.1398209184408188,nan
51,1620,0.019905900582671165,0.00020824636158067733,1.0,0.0,1,228,0,0.019905900582671165,nan,0.13976287841796875,nan
51,1640,0.019862480461597443,0.00020824636158067733,1.0,0.0,1,225,0,0.019862480461597443,nan,0.13906078040599823,nan
51,1660,0.019851500168442726,0.00020824636158067733,1.0,0.0,1,228,0,0.019851500168442726,nan,0.13979829847812653,nan
51,1680,0.019847024232149124,0.00020824636158067733,1.0,0.0,1,229,0,0.019847024232149124,nan,0.1396162509918213,nan
51,1700,0.019848449155688286,0.00020824636158067733,1.0,0.0,1,229,0,0.019848449155688286,nan,0.13985030353069305,nan
51,1720,0.019882462918758392,0.00020824636158067733,1.0,0.0,1,228,0,0.019882462918758392,nan,0.1395738422870636,nan
51,1740,0.019903967157006264,0.00020824636158067733,1.0,0.0,1,229,0,0.019903967157006264,nan,0.14011773467063904,nan
51,1760,0.019835280254483223,0.00020824636158067733,1.0,0.0,1,229,0,0.019835280254483223,nan,0.13999678194522858,nan
51,1780,0.0198378749191761,0.00020824636158067733,1.0,0.0,1,230,0,0.0198378749191761,nan,0.13978342711925507,nan
51,1800,0.019899237900972366,0.00020824636158067733,1.0,0.0,1,229,0,0.019899237900972366,nan,0.13930514454841614,nan
51,1820,0.019823789596557617,0.00020824636158067733,1.0,0.0,1,227,0,0.019823789596557617,nan,0.13907267153263092,nan
51,1840,0.019864771515130997,0.00020824636158067733,1.0,0.0,1,230,0,0.019864771515130997,nan,0.13987675309181213,nan
51,1860,0.01988469995558262,0.00020824636158067733,1.0,0.0,1,227,0,0.01988469995558262,nan,0.13942383229732513,nan
51,1880,0.0198784451931715,0.00020824636158067733,1.0,0.0,1,230,0,0.0198784451931715,nan,0.14029130339622498,nan
51,1900,0.019838230684399605,0.00020824636158067733,1.0,0.0,1,227,0,0.019838230684399605,nan,0.13877522945404053,nan
51,1920,0.019859328866004944,0.00020824636158067733,1.0,0.0,1,227,0,0.019859328866004944,nan,0.13972847163677216,nan
51,1940,0.019934523850679398,0.00020824636158067733,1.0,0.0,1,230,0,0.019934523850679398,nan,0.13897810876369476,nan
51,1960,0.019819162786006927,0.00020824636158067733,1.0,0.0,1,229,0,0.019819162786006927,nan,0.14005212485790253,nan
51,1980,0.019862279295921326,0.00020824636158067733,1.0,0.0,1,229,0,0.019862279295921326,nan,0.14009562134742737,nan
51,2000,0.019906457513570786,0.00020824636158067733,1.0,0.0,1,233,0,0.019906457513570786,nan,0.14020250737667084,nan
