seed,epoch,mean_f,best_f,p_0,p_1,p_2,p_3,occupied_basins,unique_0,unique_1,unique_2,unique_3,mean_f_0,mean_f_1,mean_f_2,mean_f_3,spread_0,spread_1,spread_2,spread_3
42,0,0.31506842374801636,0.00020824636158067733,0.26251220703125,0.3232421875,0.21771240234375,0.196533203125,4,687,645,591,541,0.19591394066810608,0.2826805114746094,0.38364851474761963,0.4515233337879181,0.44065195322036743,0.41879308223724365,0.4110913574695587,0.3790701627731323
42,20,0.28240057826042175,0.00020824636158067733,0.34063720703125,0.3006591796875,0.1953125,0.16339111328125,4,694,625,574,513,0.1844279021024704,0.2640724778175354,0.35496485233306885,0.4336385428905487,0.42883411049842834,0.40442413091659546,0.3927200138568878,0.36534780263900757
42,40,0.2696097195148468,0.00020824636158067733,0.37310791015625,0.28277587890625,0.19842529296875,0.14569091796875,4,688,611,566,494,0.1772807240486145,0.2563898265361786,0.3458178639411926,0.4279266595840454,0.420648455619812,0.3945489227771759,0.38166067004203796,0.35600560903549194
42,60,0.2680214047431946,0.00020824636158067733,0.3795166015625,0.2806396484375,0.1903076171875,0.1495361328125,4,686,613,560,503,0.1756216436624527,0.2569473385810852,0.3434354364871979,0.42733559012413025,0.41830381751060486,0.39532503485679626,0.37786415219306946,0.35602158308029175
42,80,0.2682231068611145,0.00020824636158067733,0.3792724609375,0.28143310546875,0.1907958984375,0.14849853515625,4,686,615,564,504,0.1755046546459198,0.2575955092906952,0.34419548511505127,0.4275599718093872,0.41827356815338135,0.39640700817108154,0.3790327310562134,0.3564178943634033
42,100,0.2677730321884155,0.00020824636158067733,0.3807373046875,0.28082275390625,0.19012451171875,0.1483154296875,4,687,617,566,495,0.1755378395318985,0.2571679353713989,0.3438985347747803,0.42704325914382935,0.418280690908432,0.39545485377311707,0.3788759112358093,0.3557773530483246
42,120,0.2675923705101013,0.00020824636158067733,0.38116455078125,0.278564453125,0.190673828125,0.14959716796875,4,684,612,563,507,0.17494849860668182,0.2563982605934143,0.3433133661746979,0.42797526717185974,0.41750550270080566,0.39457616209983826,0.37804335355758667,0.3572462797164917
42,140,0.26572224497795105,0.00020824636158067733,0.38201904296875,0.28033447265625,0.19342041015625,0.14422607421875,4,683,615,561,499,0.17308688163757324,0.2559893727302551,0.3431393802165985,0.4261848032474518,0.4152574837207794,0.3937399983406067,0.3779003620147705,0.3542669117450714
42,160,0.26487845182418823,0.00020824636158067733,0.38275146484375,0.28460693359375,0.18731689453125,0.14532470703125,4,683,617,563,511,0.17214758694171906,0.2567131519317627,0.34140443801879883,0.4264625310897827,0.4141483008861542,0.39517390727996826,0.3756122589111328,0.3553697466850281
42,180,0.263006329536438,0.00020824636158067733,0.38739013671875,0.28082275390625,0.1912841796875,0.1405029296875,4,682,617,563,504,0.1705714464187622,0.2561624348163605,0.34123754501342773,0.4250378906726837,0.4123722016811371,0.3940800428390503,0.37549835443496704,0.3532070219516754
42,200,0.2626270055770874,0.00020824636158067733,0.3868408203125,0.2813720703125,0.19049072265625,0.14129638671875,4,680,618,566,504,0.16958676278591156,0.25550687313079834,0.34194186329841614,0.424601674079895,0.41126522421836853,0.39325588941574097,0.3766709268093109,0.35279491543769836
42,220,0.26146817207336426,0.00020824636158067733,0.38873291015625,0.28009033203125,0.1920166015625,0.13916015625,4,683,621,561,507,0.16843760013580322,0.2543264925479889,0.3409193754196167,0.42608708143234253,0.40979909896850586,0.3920426368713379,0.37535107135772705,0.3549409806728363
42,240,0.25980499386787415,0.00020824636158067733,0.39300537109375,0.278076171875,0.1904296875,0.13848876953125,4,679,624,563,513,0.16691868007183075,0.25323784351348877,0.340021014213562,0.42628398537635803,0.4078904092311859,0.39055538177490234,0.3741416335105896,0.355225533246994
42,260,0.2589329183101654,0.00020824636158067733,0.3958740234375,0.2772216796875,0.18939208984375,0.13751220703125,4,681,625,562,505,0.16537967324256897,0.2536211311817169,0.34046778082847595,0.42666909098625183,0.40612906217575073,0.391059547662735,0.3747638761997223,0.35566604137420654
42,280,0.2587062120437622,0.00020824636158067733,0.397216796875,0.276123046875,0.1904296875,0.13623046875,4,683,630,565,515,0.16515883803367615,0.25359225273132324,0.340443879365921,0.42757752537727356,0.40591952204704285,0.3911270201206207,0.37469255924224854,0.357019305229187
42,300,0.2578183710575104,0.00020824636158067733,0.39990234375,0.2750244140625,0.1900634765625,0.135009765625,4,683,630,570,513,0.1644688844680786,0.2535037696361542,0.34030669927597046,0.4269859790802002,0.40519919991493225,0.39083051681518555,0.3745390474796295,0.35626447200775146
42,320,0.2571726143360138,0.00020824636158067733,0.39471435546875,0.28167724609375,0.19061279296875,0.13299560546875,4,683,628,565,507,0.16305415332317352,0.2536829113960266,0.3397594392299652,0.4255296587944031,0.40303781628608704,0.3909423053264618,0.37367016077041626,0.35423582792282104
42,340,0.2576923668384552,0.00020824636158067733,0.39617919921875,0.27899169921875,0.19000244140625,0.13482666015625,4,683,629,567,511,0.1622008979320526,0.2545197308063507,0.34075599908828735,0.4277965724468231,0.4022013545036316,0.3921344578266144,0.37509652972221375,0.3572244346141815
42,360,0.2560202479362488,0.00020824636158067733,0.3975830078125,0.28033447265625,0.1895751953125,0.13250732421875,4,682,629,570,506,0.16114568710327148,0.2535923421382904,0.34056103229522705,0.424873411655426,0.40083047747612,0.390633761882782,0.37469416856765747,0.3532903492450714
42,380,0.2552231550216675,0.00020824636158067733,0.40106201171875,0.2784423828125,0.1910400390625,0.12945556640625,4,682,635,564,509,0.16075363755226135,0.2530878782272339,0.3410606384277344,0.42581677436828613,0.4005294144153595,0.3901771008968353,0.37543705105781555,0.354604572057724
42,400,0.2551400661468506,0.00020824636158067733,0.3992919921875,0.28057861328125,0.18988037109375,0.1302490234375,4,684,637,566,510,0.1604110300540924,0.25238490104675293,0.34146514534950256,0.4256300628185272,0.4000290334224701,0.3895862102508545,0.3758656978607178,0.3543343245983124
42,420,0.25521886348724365,0.00020824636158067733,0.39910888671875,0.27838134765625,0.1905517578125,0.1319580078125,4,680,632,568,514,0.16001969575881958,0.25219491124153137,0.34084978699684143,0.4258759021759033,0.3992542326450348,0.38896650075912476,0.3750755190849304,0.3546568751335144
42,440,0.2540368139743805,0.00020824636158067733,0.39935302734375,0.279296875,0.1917724609375,0.12957763671875,4,683,632,567,512,0.15871752798557281,0.251257985830307,0.34054332971572876,0.4257686734199524,0.39748814702033997,0.3876924216747284,0.3747062087059021,0.35453000664711
42,460,0.2541252374649048,0.00020824636158067733,0.40020751953125,0.27972412109375,0.18939208984375,0.13067626953125,4,684,631,571,516,0.158397376537323,0.2511588931083679,0.3414124548435211,0.4271427392959595,0.3974095284938812,0.387861043214798,0.3758346736431122,0.35633546113967896
42,480,0.2534094452857971,0.00020824636158067733,0.40155029296875,0.28021240234375,0.189453125,0.1287841796875,4,681,631,575,506,0.1581411212682724,0.2512253224849701,0.3414364457130432,0.42571359872817993,0.3971443176269531,0.38779783248901367,0.37598174810409546,0.3544136881828308
42,500,0.2536222040653229,0.00020824636158067733,0.4002685546875,0.27960205078125,0.19122314453125,0.12890625,4,682,634,571,508,0.15795335173606873,0.25100037455558777,0.3414801359176636,0.4260408282279968,0.39678648114204407,0.38765618205070496,0.3759157657623291,0.3548876941204071
42,520,0.2531053125858307,0.00020824636158067733,0.404541015625,0.27490234375,0.19171142578125,0.12884521484375,4,683,634,572,513,0.15714898705482483,0.25157594680786133,0.34098342061042786,0.4268908202648163,0.39586037397384644,0.38862916827201843,0.3753048777580261,0.3560052812099457
42,540,0.252248615026474,0.00020824636158067733,0.40167236328125,0.28265380859375,0.18634033203125,0.12933349609375,4,681,634,569,516,0.15664687752723694,0.2498919814825058,0.34073764085769653,0.4268174469470978,0.3951904773712158,0.3862667977809906,0.37501075863838196,0.35582807660102844
42,560,0.2525893449783325,0.00020824636158067733,0.40228271484375,0.28131103515625,0.18780517578125,0.12860107421875,4,684,638,569,516,0.15739454329013824,0.25019383430480957,0.3407265245914459,0.42689967155456543,0.3961205780506134,0.38693222403526306,0.37493500113487244,0.35599756240844727
42,580,0.2518507242202759,0.00020824636158067733,0.40423583984375,0.27850341796875,0.18994140625,0.1273193359375,4,684,635,576,513,0.15652352571487427,0.24981334805488586,0.34104204177856445,0.4259089231491089,0.394995778799057,0.3859136998653412,0.3753325343132019,0.35469138622283936
42,600,0.2517615258693695,0.00020824636158067733,0.4041748046875,0.27911376953125,0.188232421875,0.12847900390625,4,681,632,578,515,0.15609480440616608,0.24983319640159607,0.3406612277030945,0.42665794491767883,0.39453020691871643,0.38585275411605835,0.37476056814193726,0.35573169589042664
42,620,0.25216367840766907,0.00020824636158067733,0.40069580078125,0.27972412109375,0.1903076171875,0.1292724609375,4,684,628,578,518,0.15565121173858643,0.24896275997161865,0.3412989675998688,0.4270223379135132,0.3938571810722351,0.38463151454925537,0.3756200075149536,0.3562367260456085
42,640,0.25199636816978455,0.00020824636158067733,0.40264892578125,0.27978515625,0.1888427734375,0.12872314453125,4,685,632,573,517,0.15617352724075317,0.24942035973072052,0.34064584970474243,0.4272787272930145,0.3945687413215637,0.3855113387107849,0.37473466992378235,0.35656771063804626
42,660,0.25073862075805664,0.00020824636158067733,0.40606689453125,0.27911376953125,0.18695068359375,0.12786865234375,4,683,631,576,519,0.15516334772109985,0.2484278678894043,0.34091493487358093,0.4274543523788452,0.39341866970062256,0.3841491639614105,0.3751862049102783,0.35675013065338135
42,680,0.25093257427215576,0.00020824636158067733,0.4071044921875,0.27606201171875,0.1893310546875,0.12750244140625,4,686,634,572,516,0.1556178629398346,0.24878348410129547,0.34040364623069763,0.4270598292350769,0.39384889602661133,0.38463297486305237,0.3745049834251404,0.3562358319759369
42,700,0.2514864504337311,0.00020824636158067733,0.40362548828125,0.2789306640625,0.18878173828125,0.128662109375,4,685,636,574,519,0.15558744966983795,0.2490472048521042,0.34034058451652527,0.42724618315696716,0.3938528597354889,0.38492804765701294,0.37438124418258667,0.3564889132976532
42,720,0.25120431184768677,0.00020824636158067733,0.40386962890625,0.28082275390625,0.18585205078125,0.12945556640625,4,687,635,580,516,0.15557019412517548,0.2486836463212967,0.34025225043296814,0.4271862506866455,0.39395150542259216,0.38426169753074646,0.37436985969543457,0.35636836290359497
42,740,0.25110721588134766,0.00020824636158067733,0.40362548828125,0.2796630859375,0.1883544921875,0.12835693359375,4,685,633,580,520,0.15434622764587402,0.24817566573619843,0.3418385982513428,0.4286231994628906,0.392392635345459,0.3841109275817871,0.3763468563556671,0.35840436816215515
42,760,0.2519553005695343,0.00020824636158067733,0.39947509765625,0.28143310546875,0.19036865234375,0.12872314453125,4,684,632,583,516,0.1544545292854309,0.24884726107120514,0.3423268496990204,0.4276808500289917,0.39213284850120544,0.3849446475505829,0.3768782913684845,0.35702428221702576
42,780,0.25122693181037903,0.00020824636158067733,0.403076171875,0.27960205078125,0.18878173828125,0.1285400390625,4,684,634,578,517,0.1546139121055603,0.2479628324508667,0.3416895568370819,0.42842721939086914,0.3924112915992737,0.38369643688201904,0.37602755427360535,0.35817092657089233
42,800,0.2501783072948456,0.00020824636158067733,0.405517578125,0.27996826171875,0.1875,0.12701416015625,4,686,634,578,520,0.15431219339370728,0.2474299818277359,0.341465026140213,0.4275486469268799,0.3920334279537201,0.382863849401474,0.37594300508499146,0.35698726773262024
42,820,0.25030428171157837,0.00020824636158067733,0.40557861328125,0.27862548828125,0.18927001953125,0.12652587890625,4,685,633,582,516,0.15444646775722504,0.2478821873664856,0.34134605526924133,0.42672088742256165,0.39217495918273926,0.3837425410747528,0.37571603059768677,0.35584333539009094
42,840,0.25026267766952515,0.00020824636158067733,0.40460205078125,0.2813720703125,0.187255859375,0.12677001953125,4,683,631,580,514,0.15428657829761505,0.24778610467910767,0.3416290879249573,0.4271188974380493,0.39211776852607727,0.38343754410743713,0.3760003447532654,0.3563585877418518
42,860,0.25129950046539307,0.00020824636158067733,0.40240478515625,0.28082275390625,0.1876220703125,0.129150390625,4,687,638,578,516,0.1544739305973053,0.24852868914604187,0.34094199538230896,0.4287845492362976,0.3921734094619751,0.38454708456993103,0.37519848346710205,0.3583587408065796
42,880,0.2513766586780548,0.00020824636158067733,0.40240478515625,0.27789306640625,0.19073486328125,0.12896728515625,4,685,638,581,517,0.15424828231334686,0.24810108542442322,0.3414054214954376,0.4283481538295746,0.3919987976551056,0.3837224841117859,0.37552332878112793,0.35788223147392273
42,900,0.24929043650627136,0.00020824636158067733,0.4058837890625,0.28125,0.18634033203125,0.12652587890625,4,685,634,578,519,0.15311607718467712,0.2478829026222229,0.34034910798072815,0.42683178186416626,0.3905176520347595,0.3838389813899994,0.3743123412132263,0.35583674907684326
42,920,0.25017300248146057,0.00020824636158067733,0.40472412109375,0.2789306640625,0.188232421875,0.12811279296875,4,688,634,575,517,0.15357279777526855,0.24806220829486847,0.33995360136032104,0.42802858352661133,0.3911195993423462,0.3838868737220764,0.3738196790218353,0.3574853241443634
42,940,0.24956214427947998,0.00020824636158067733,0.40728759765625,0.27581787109375,0.18878173828125,0.12811279296875,4,684,633,576,513,0.15319548547267914,0.24763630330562592,0.3401423990726471,0.4265955686569214,0.3907507061958313,0.382914274930954,0.3741475045681,0.3556000590324402
42,960,0.24980483949184418,0.00020824636158067733,0.40570068359375,0.27789306640625,0.1888427734375,0.1275634765625,4,688,636,580,517,0.1536726951599121,0.24809668958187103,0.33971890807151794,0.42615577578544617,0.3912671208381653,0.3838944733142853,0.3734470009803772,0.3549903631210327
42,980,0.24893306195735931,0.00020824636158067733,0.4071044921875,0.27862548828125,0.18896484375,0.12530517578125,4,688,636,574,516,0.15269993245601654,0.24792726337909698,0.3399874269962311,0.42650848627090454,0.39026254415512085,0.3838905692100525,0.37371551990509033,0.3555585443973541
42,1000,0.24971544742584229,0.00020824636158067733,0.40350341796875,0.281005859375,0.1885986328125,0.12689208984375,4,688,634,579,519,0.15318123996257782,0.24795691668987274,0.3396318554878235,0.4269363284111023,0.3905770778656006,0.3838028013706207,0.37336140871047974,0.35609254240989685
42,1020,0.24937446415424347,0.00020824636158067733,0.40594482421875,0.280029296875,0.18658447265625,0.12744140625,4,688,635,577,518,0.15269069373607635,0.24833944439888,0.3395616412162781,0.42757856845855713,0.3901918828487396,0.38427481055259705,0.37341687083244324,0.3568536937236786
42,1040,0.24981750547885895,0.00020824636158067733,0.40478515625,0.27923583984375,0.18914794921875,0.1268310546875,4,692,633,577,520,0.15321332216262817,0.24832159280776978,0.33967122435569763,0.427423894405365,0.3908587396144867,0.3843243718147278,0.37338492274284363,0.35671186447143555
42,1060,0.24840147793293,0.00020824636158067733,0.4061279296875,0.281005859375,0.18682861328125,0.12603759765625,4,689,636,579,517,0.1531084179878235,0.24699369072914124,0.3383505940437317,0.42526713013648987,0.3904527425765991,0.3823842406272888,0.3715684413909912,0.35383132100105286
42,1080,0.24944569170475006,0.00020824636158067733,0.405029296875,0.2769775390625,0.18951416015625,0.12847900390625,4,690,634,580,517,0.1527644693851471,0.24717304110527039,0.3396104574203491,0.4261336028575897,0.3901662826538086,0.3824279308319092,0.37323853373527527,0.35498490929603577
42,1100,0.24905940890312195,0.00020824636158067733,0.40777587890625,0.2783203125,0.187255859375,0.12664794921875,4,688,635,580,522,0.15394999086856842,0.2477220743894577,0.3382268249988556,0.42638862133026123,0.3916194438934326,0.3832753300666809,0.37141820788383484,0.3553279638290405
42,1120,0.24867397546768188,0.00020824636158067733,0.40533447265625,0.2801513671875,0.18701171875,0.12750244140625,4,689,634,577,520,0.1527005434036255,0.2469174712896347,0.33810850977897644,0.4264596998691559,0.38997864723205566,0.3822697103023529,0.371236652135849,0.3554299771785736
42,1140,0.24873529374599457,0.00020824636158067733,0.40692138671875,0.27972412109375,0.1854248046875,0.1279296875,4,688,635,582,516,0.15324556827545166,0.24711772799491882,0.33798328042030334,0.4266493022441864,0.3907510042190552,0.3822903633117676,0.3710261583328247,0.35564711689949036
42,1160,0.24911877512931824,0.00020824636158067733,0.405029296875,0.27899169921875,0.18792724609375,0.1280517578125,4,690,632,577,515,0.15273083746433258,0.24720363318920135,0.33838924765586853,0.4271552562713623,0.39003151655197144,0.3824872672557831,0.3716174364089966,0.35621994733810425
42,1180,0.24888142943382263,0.00020824636158067733,0.40716552734375,0.27593994140625,0.187744140625,0.129150390625,4,689,633,580,513,0.15275423228740692,0.247083380818367,0.3374254107475281,0.42706310749053955,0.3900832235813141,0.3823375999927521,0.37032583355903625,0.35620659589767456
42,1200,0.24799159169197083,0.00020824636158067733,0.4085693359375,0.276611328125,0.19091796875,0.1239013671875,4,693,635,580,511,0.15284109115600586,0.24737276136875153,0.33807119727134705,0.4243330657482147,0.3902447521686554,0.38298436999320984,0.37115517258644104,0.3523077666759491
42,1220,0.24730056524276733,0.00020824636158067733,0.40716552734375,0.2796630859375,0.18939208984375,0.123779296875,4,691,637,578,516,0.15215937793254852,0.24648694694042206,0.3377070724964142,0.42377156019210815,0.3892108201980591,0.38170894980430603,0.37065353989601135,0.35169780254364014
42,1240,0.2485329806804657,0.00020824636158067733,0.40631103515625,0.27789306640625,0.18853759765625,0.12725830078125,4,694,634,574,518,0.1530054807662964,0.24667881429195404,0.337169885635376,0.4262640178203583,0.39030662178993225,0.3819076120853424,0.36972925066947937,0.35511553287506104
42,1260,0.24726365506649017,0.00020824636158067733,0.408447265625,0.27813720703125,0.189453125,0.12396240234375,4,692,636,576,520,0.1526208370923996,0.24616602063179016,0.3369320333003998,0.4245266318321228,0.38998183608055115,0.3813922107219696,0.36955326795578003,0.35269421339035034
42,1280,0.24819369614124298,0.00020824636158067733,0.40606689453125,0.27935791015625,0.18829345703125,0.12628173828125,4,690,636,572,518,0.1524035781621933,0.24657541513442993,0.33812621235847473,0.42569810152053833,0.38986819982528687,0.38194215297698975,0.37131303548812866,0.3540990948677063
42,1300,0.24864643812179565,0.00020824636158067733,0.40643310546875,0.2777099609375,0.1890869140625,0.12677001953125,4,691,635,574,517,0.1524343192577362,0.24691379070281982,0.3388079106807709,0.42642197012901306,0.3897504508495331,0.38250502943992615,0.37215977907180786,0.3550218343734741
42,1320,0.24724288284778595,0.00020824636158067733,0.41021728515625,0.27886962890625,0.18719482421875,0.12371826171875,4,692,636,574,521,0.15253791213035583,0.24688981473445892,0.33820557594299316,0.4244222640991211,0.39006543159484863,0.3823709189891815,0.3713546097278595,0.35224729776382446
42,1340,0.24720585346221924,0.00020824636158067733,0.40606689453125,0.280029296875,0.1903076171875,0.12359619140625,4,690,634,576,509,0.15197248756885529,0.24574805796146393,0.3379867672920227,0.4236111342906952,0.38920408487319946,0.3806067109107971,0.37120121717453003,0.3512944281101227
42,1360,0.24795645475387573,0.00020824636158067733,0.40521240234375,0.277587890625,0.1929931640625,0.12420654296875,4,692,633,575,512,0.15226992964744568,0.24614128470420837,0.3383585512638092,0.42371416091918945,0.38949331641197205,0.38121935725212097,0.3714750111103058,0.3514796793460846
42,1380,0.24774859845638275,0.00020824636158067733,0.40545654296875,0.27825927734375,0.18939208984375,0.12689208984375,4,691,633,574,520,0.1516316682100296,0.2458438277244568,0.3373650908470154,0.4252900183200836,0.3884400725364685,0.38080769777297974,0.370132714509964,0.35357099771499634
42,1400,0.24736924469470978,0.00020824636158067733,0.40643310546875,0.27838134765625,0.19036865234375,0.12481689453125,4,693,633,575,513,0.15180973708629608,0.24574322998523712,0.3375839293003082,0.42456600069999695,0.3888973295688629,0.38088059425354004,0.3705074191093445,0.35267552733421326
42,1420,0.24669164419174194,0.00020824636158067733,0.409423828125,0.27801513671875,0.18798828125,0.12457275390625,4,693,636,574,514,0.15104220807552338,0.245852991938591,0.33814018964767456,0.42492517828941345,0.388174444437027,0.3808993399143219,0.37143123149871826,0.35300782322883606
42,1440,0.24727654457092285,0.00020824636158067733,0.40777587890625,0.27801513671875,0.18792724609375,0.12628173828125,4,693,635,576,514,0.151761993765831,0.24565236270427704,0.3374735116958618,0.4250503182411194,0.3890151381492615,0.380733460187912,0.3704111874103546,0.3532402217388153
42,1460,0.24799397587776184,0.00020824636158067733,0.40673828125,0.27667236328125,0.188232421875,0.12835693359375,4,692,632,574,521,0.15164972841739655,0.24604828655719757,0.33734869956970215,0.42644748091697693,0.3888179361820221,0.38101646304130554,0.37010011076927185,0.35494154691696167
42,1480,0.2475508451461792,0.00020824636158067733,0.40582275390625,0.2791748046875,0.1871337890625,0.12786865234375,4,692,634,571,519,0.15157045423984528,0.24533797800540924,0.33744749426841736,0.4254373013973236,0.38871780037879944,0.37999340891838074,0.3701784908771515,0.3537020981311798
42,1500,0.24690333008766174,0.00020824636158067733,0.40704345703125,0.27825927734375,0.19000244140625,0.12469482421875,4,693,637,575,514,0.15147937834262848,0.24528269469738007,0.3374374806880951,0.42406347393989563,0.38864392042160034,0.38031867146492004,0.37032946944236755,0.3519824743270874
42,1520,0.24636946618556976,0.00020824636158067733,0.41009521484375,0.278564453125,0.18475341796875,0.1265869140625,4,692,635,573,519,0.15124964714050293,0.24514949321746826,0.3369365930557251,0.4250248670578003,0.3883810043334961,0.3798615038394928,0.36954930424690247,0.35301876068115234
42,1540,0.24742010235786438,0.00020824636158067733,0.40570068359375,0.27740478515625,0.1903076171875,0.1265869140625,4,691,637,575,509,0.15112824738025665,0.24543647468090057,0.3375532031059265,0.4248706102371216,0.38821133971214294,0.38040924072265625,0.37042301893234253,0.352943480014801
42,1560,0.2475907802581787,0.00020824636158067733,0.404296875,0.2789306640625,0.18994140625,0.1268310546875,4,692,636,574,513,0.15153710544109344,0.24513855576515198,0.33710038661956787,0.42512330412864685,0.3885866105556488,0.37977758049964905,0.3698660731315613,0.35334521532058716
42,1580,0.24644796550273895,0.00020824636158067733,0.40997314453125,0.27978515625,0.1849365234375,0.12530517578125,4,694,637,573,516,0.1517849564552307,0.2448696345090866,0.33764660358428955,0.4250912666320801,0.38921675086021423,0.3799383342266083,0.3706260621547699,0.35320597887039185
42,1600,0.2472027987241745,0.00020824636158067733,0.40716552734375,0.27911376953125,0.18634033203125,0.12738037109375,4,694,634,573,522,0.15139681100845337,0.245539128780365,0.3373585343360901,0.4252021014690399,0.38862037658691406,0.3803887367248535,0.3701753616333008,0.3532979190349579
42,1620,0.24824167788028717,0.00020824636158067733,0.4033203125,0.2784423828125,0.18963623046875,0.12860107421875,4,694,635,573,517,0.15171681344509125,0.24572652578353882,0.33709201216697693,0.4253906309604645,0.3889271914958954,0.3805544674396515,0.36978715658187866,0.35347670316696167
42,1640,0.2469906359910965,0.00020824636158067733,0.4058837890625,0.28057861328125,0.1871337890625,0.12640380859375,4,691,635,570,513,0.15144085884094238,0.24534554779529572,0.33675169944763184,0.4245673418045044,0.3885570466518402,0.3802821636199951,0.36923959851264954,0.35251209139823914
42,1660,0.2467450350522995,0.00020824636158067733,0.4049072265625,0.28106689453125,0.1876220703125,0.12640380859375,4,691,635,572,523,0.15091395378112793,0.24517081677913666,0.33686351776123047,0.42345601320266724,0.3878079950809479,0.38005900382995605,0.369355708360672,0.35100966691970825
42,1680,0.24838033318519592,0.00020824636158067733,0.40179443359375,0.27947998046875,0.18951416015625,0.12921142578125,4,692,635,574,519,0.15139633417129517,0.2460385113954544,0.3370639681816101,0.42495396733283997,0.38829153776168823,0.3807753622531891,0.3697946071624756,0.3528280556201935
42,1700,0.24706999957561493,0.00020824636158067733,0.40301513671875,0.28192138671875,0.1883544921875,0.126708984375,4,693,635,574,518,0.15084390342235565,0.2451474666595459,0.3372468948364258,0.42335858941078186,0.3877442479133606,0.37977689504623413,0.3701533079147339,0.35092049837112427
42,1720,0.24548785388469696,0.00020824636158067733,0.40716552734375,0.2811279296875,0.1885986328125,0.12310791015625,4,695,638,575,512,0.15031157433986664,0.24427886307239532,0.33692556619644165,0.42295289039611816,0.38708019256591797,0.37911221385002136,0.3695366680622101,0.3503738343715668
42,1740,0.24728980660438538,0.00020824636158067733,0.404541015625,0.27960205078125,0.1895751953125,0.12628173828125,4,694,636,576,516,0.15106044709682465,0.2458573579788208,0.3372165262699127,0.42373138666152954,0.3880390524864197,0.3808264434337616,0.3698544204235077,0.3511742949485779
42,1760,0.24653026461601257,0.00020824636158067733,0.4061279296875,0.28076171875,0.1873779296875,0.125732421875,4,694,636,570,518,0.15083980560302734,0.2453620731830597,0.3367672264575958,0.42374902963638306,0.3879777789115906,0.38050276041030884,0.3693336546421051,0.35132110118865967
42,1780,0.24798433482646942,0.00020824636158067733,0.40362548828125,0.28021240234375,0.18817138671875,0.12799072265625,4,694,638,576,519,0.15087710320949554,0.24636059999465942,0.33796361088752747,0.42548471689224243,0.3878428041934967,0.38161608576774597,0.37087535858154297,0.35334163904190063
42,1800,0.24701198935508728,0.00020824636158067733,0.40496826171875,0.28009033203125,0.18975830078125,0.12518310546875,4,693,637,574,518,0.15100248157978058,0.24500226974487305,0.33750441670417786,0.4249275028705597,0.38801145553588867,0.3798108994960785,0.37020087242126465,0.35298532247543335
42,1820,0.24483351409435272,0.00020824636158067733,0.40936279296875,0.28179931640625,0.18475341796875,0.12408447265625,4,691,638,571,509,0.15010342001914978,0.2438391149044037,0.3368234634399414,0.42264577746391296,0.3870295584201813,0.37831687927246094,0.3695620596408844,0.3499215245246887
42,1840,0.24598374962806702,0.00020824636158067733,0.4078369140625,0.27716064453125,0.18902587890625,0.1259765625,4,692,635,573,513,0.15071408450603485,0.2443445771932602,0.3362383544445038,0.4225906431674957,0.3877619802951813,0.3786676526069641,0.3685593605041504,0.3498185873031616
42,1860,0.24647560715675354,0.00020824636158067733,0.40631103515625,0.279541015625,0.1883544921875,0.12579345703125,4,693,634,576,519,0.15050187706947327,0.24574494361877441,0.33638501167297363,0.42346879839897156,0.38746777176856995,0.3808544874191284,0.36869174242019653,0.35085028409957886
42,1880,0.24672777950763702,0.00020824636158067733,0.4068603515625,0.2786865234375,0.18817138671875,0.12628173828125,4,696,639,572,515,0.15128977596759796,0.2451091706752777,0.33625221252441406,0.42438679933547974,0.3885340094566345,0.38022443652153015,0.3685639202594757,0.35192322731018066
42,1900,0.2461758852005005,0.00020824636158067733,0.4073486328125,0.27996826171875,0.18682861328125,0.1258544921875,4,694,637,570,514,0.1509309560060501,0.24506321549415588,0.33636730909347534,0.42303940653800964,0.38806840777397156,0.3800481855869293,0.3687748908996582,0.35008999705314636
42,1920,0.24653911590576172,0.00020824636158067733,0.40606689453125,0.27801513671875,0.18927001953125,0.12664794921875,4,695,634,577,512,0.15093931555747986,0.24429364502429962,0.3364332914352417,0.4236435890197754,0.38788744807243347,0.3788221478462219,0.3686091899871826,0.3511293828487396
42,1940,0.2461700141429901,0.00020824636158067733,0.40606689453125,0.2794189453125,0.18994140625,0.12457275390625,4,694,635,574,513,0.1508004516363144,0.24459107220172882,0.33646440505981445,0.42290985584259033,0.38767969608306885,0.37946635484695435,0.36896267533302307,0.3501501679420471
42,1960,0.2457464039325714,0.00020824636158067733,0.40753173828125,0.2789306640625,0.1890869140625,0.12445068359375,4,695,637,569,510,0.15034037828445435,0.24482686817646027,0.336881160736084,0.42176052927970886,0.3871628940105438,0.37958982586860657,0.3696310222148895,0.3484867513179779
42,1980,0.24554920196533203,0.00020824636158067733,0.4073486328125,0.279052734375,0.18804931640625,0.12554931640625,4,695,632,567,520,0.1501213014125824,0.24496038258075714,0.33554160594940186,0.42168495059013367,0.386814683675766,0.3795515298843384,0.3674784302711487,0.348307341337204
42,2000,0.24429826438426971,0.00020824636158067733,0.41156005859375,0.280029296875,0.18505859375,0.12335205078125,4,695,634,573,511,0.14998775720596313,0.24413439631462097,0.3358951508998871,0.4219161868095398,0.38689300417900085,0.3787323236465454,0.3683340549468994,0.34869635105133057
43,0,0.3134934902191162,0.00020824636158067733,0.2996826171875,0.34796142578125,0.16009521484375,0.1922607421875,4,696,648,585,544,0.20625579357147217,0.29177549481391907,0.3805381655693054,0.46412619948387146,0.43900159001350403,0.42340269684791565,0.4110771417617798,0.3836030960083008
43,20,0.29249587655067444,0.00020824636158067733,0.325439453125,0.29345703125,0.20098876953125,0.18011474609375,4,698,636,587,527,0.18463002145290375,0.2733224630355835,0.3641633093357086,0.4386584162712097,0.42810705304145813,0.41568586230278015,0.40067559480667114,0.37003904581069946
43,40,0.27434128522872925,0.00020824636158067733,0.3702392578125,0.28369140625,0.19683837890625,0.14923095703125,4,691,619,572,500,0.17945311963558197,0.2660612165927887,0.349199116230011,0.4267588257789612,0.4234941899776459,0.40694981813430786,0.38616034388542175,0.35495203733444214
43,60,0.26996123790740967,0.00020824636158067733,0.3787841796875,0.279541015625,0.19500732421875,0.14666748046875,4,688,621,561,498,0.1756279617547989,0.26408228278160095,0.34458497166633606,0.4255731999874115,0.4187031686306,0.4039832055568695,0.3799454867839813,0.3524763286113739
43,80,0.2690715789794922,0.00020824636158067733,0.37921142578125,0.28265380859375,0.1927490234375,0.1453857421875,4,691,617,561,503,0.17527827620506287,0.2631419003009796,0.34401100873947144,0.42588916420936584,0.41817036271095276,0.40308815240859985,0.3791303336620331,0.35316187143325806
43,100,0.2692739963531494,0.00020824636158067733,0.37841796875,0.28143310546875,0.19439697265625,0.145751953125,4,688,619,562,500,0.17514124512672424,0.2627028822898865,0.3442487120628357,0.4263627827167511,0.4178824722766876,0.4023447632789612,0.3795207738876343,0.3541414439678192
43,120,0.2693136930465698,0.00020824636158067733,0.3780517578125,0.28228759765625,0.1934814453125,0.14617919921875,4,687,621,557,502,0.17479699850082397,0.2627565562725067,0.34451034665107727,0.42688754200935364,0.4175390601158142,0.4025140106678009,0.37982672452926636,0.3551921248435974
43,140,0.26906371116638184,0.00020824636158067733,0.37841796875,0.28118896484375,0.1947021484375,0.14569091796875,4,688,623,562,507,0.17482097446918488,0.2613389194011688,0.34450626373291016,0.42793747782707214,0.417507529258728,0.40085384249687195,0.3799424469470978,0.35656654834747314
43,160,0.26844486594200134,0.00020824636158067733,0.38092041015625,0.2813720703125,0.1912841796875,0.14642333984375,4,688,622,558,506,0.17504125833511353,0.26028087735176086,0.3434845507144928,0.42909231781959534,0.4178791642189026,0.39985570311546326,0.3784436285495758,0.3580397069454193
43,180,0.2680182456970215,0.00020824636158067733,0.3782958984375,0.28118896484375,0.19329833984375,0.147216796875,4,689,622,563,506,0.1731722354888916,0.25919109582901,0.34340688586235046,0.4296129643917084,0.41532373428344727,0.39819303154945374,0.3783230185508728,0.3588840067386627
43,200,0.26578548550605774,0.00020824636158067733,0.38848876953125,0.277587890625,0.191162109375,0.14276123046875,4,687,617,561,503,0.17260341346263885,0.25885677337646484,0.34287285804748535,0.42960673570632935,0.41483548283576965,0.39775562286376953,0.37766513228416443,0.358889639377594
43,220,0.26592427492141724,0.00020824636158067733,0.38446044921875,0.278564453125,0.194091796875,0.14288330078125,4,683,616,568,506,0.1720409095287323,0.2578282356262207,0.34290456771850586,0.4297534227371216,0.41400691866874695,0.3965577781200409,0.3778384327888489,0.35894137620925903
43,240,0.26570338010787964,0.00020824636158067733,0.38677978515625,0.276611328125,0.1904296875,0.14617919921875,4,687,619,562,505,0.17207841575145721,0.25732338428497314,0.34236136078834534,0.4294223487377167,0.4141145944595337,0.3956439197063446,0.37714749574661255,0.3592158555984497
43,260,0.2638194262981415,0.00020824636158067733,0.39068603515625,0.27740478515625,0.19000244140625,0.14190673828125,4,686,619,565,506,0.17074333131313324,0.2559655010700226,0.3425319492816925,0.4300319254398346,0.4124199151992798,0.3941475450992584,0.3774658739566803,0.36011961102485657
43,280,0.2634752094745636,0.00020824636158067733,0.3900146484375,0.275146484375,0.193603515625,0.1412353515625,4,685,618,571,506,0.1697210818529129,0.2553580403327942,0.34224972128868103,0.43020305037498474,0.4111032485961914,0.39350003004074097,0.37713420391082764,0.36032599210739136
43,300,0.2638747990131378,0.00020824636158067733,0.3885498046875,0.2755126953125,0.1925048828125,0.1434326171875,4,681,619,570,509,0.16937263309955597,0.2546491324901581,0.343406617641449,0.43085455894470215,0.4107305109500885,0.39270710945129395,0.3786267042160034,0.3615824580192566
43,320,0.2615562379360199,0.00020824636158067733,0.39471435546875,0.27490234375,0.1910400390625,0.13934326171875,4,683,616,573,505,0.16746072471141815,0.25330111384391785,0.34404924511909485,0.4312862753868103,0.408555269241333,0.3909074664115906,0.3795061409473419,0.36207056045532227
43,340,0.2601197063922882,0.00020824636158067733,0.3948974609375,0.2784423828125,0.18841552734375,0.13824462890625,4,683,615,564,505,0.1659241020679474,0.25263142585754395,0.3429492115974426,0.43138355016708374,0.4064529836177826,0.3900604844093323,0.37799161672592163,0.3622891902923584
43,360,0.2589024305343628,0.00020824636158067733,0.399169921875,0.27447509765625,0.189208984375,0.13714599609375,4,683,613,567,506,0.16439034044742584,0.2517935633659363,0.3437548875808716,0.43114760518074036,0.40468892455101013,0.38893499970436096,0.3790750205516815,0.3620598316192627
43,380,0.259376585483551,0.00020824636158067733,0.39556884765625,0.27996826171875,0.1865234375,0.137939453125,4,686,616,567,506,0.16400155425071716,0.25262096524238586,0.34407034516334534,0.43207108974456787,0.4043561518192291,0.3899080455303192,0.37952277064323425,0.3632756471633911
43,400,0.25624901056289673,0.00020824636158067733,0.4012451171875,0.28125,0.184814453125,0.1326904296875,4,685,616,565,509,0.1622728407382965,0.2515583038330078,0.3428315818309784,0.4297732710838318,0.40196627378463745,0.3886524438858032,0.3778599798679352,0.36018136143684387
43,420,0.2565266788005829,0.00020824636158067733,0.40093994140625,0.2808837890625,0.18408203125,0.13409423828125,4,689,618,564,516,0.1621336042881012,0.251971036195755,0.3427811563014984,0.4298948049545288,0.40188103914260864,0.3891415297985077,0.3777707517147064,0.36040380597114563
43,440,0.2564677894115448,0.00020824636158067733,0.39935302734375,0.28033447265625,0.18780517578125,0.13250732421875,4,688,617,568,509,0.16185466945171356,0.25138425827026367,0.34266024827957153,0.4302070438861847,0.4014512002468109,0.38836801052093506,0.3776695132255554,0.3608417510986328
43,460,0.2560155689716339,0.00020824636158067733,0.40130615234375,0.27777099609375,0.18695068359375,0.13397216796875,4,687,616,568,507,0.16114194691181183,0.25066065788269043,0.34265705943107605,0.4304034113883972,0.40069857239723206,0.387248694896698,0.3776096999645233,0.36110490560531616
43,480,0.2551376521587372,0.00020824636158067733,0.4034423828125,0.2777099609375,0.18548583984375,0.13336181640625,4,682,617,566,509,0.1607336401939392,0.24983800947666168,0.3424126207828522,0.4303756356239319,0.4002477526664734,0.3864014148712158,0.3772188127040863,0.3610270321369171
43,500,0.2540479302406311,0.00020824636158067733,0.40301513671875,0.28021240234375,0.18505859375,0.1317138671875,4,681,613,571,510,0.15992234647274017,0.24871258437633514,0.34211647510528564,0.4296650290489197,0.3991256654262543,0.3849070966243744,0.376858115196228,0.3600700795650482
43,520,0.2551681101322174,0.00020824636158067733,0.3992919921875,0.2801513671875,0.18701171875,0.133544921875,4,684,615,564,515,0.15937812626361847,0.24947595596313477,0.34341007471084595,0.4299446940422058,0.3984634280204773,0.38562655448913574,0.378478080034256,0.3602879047393799
43,540,0.2533717155456543,0.00020824636158067733,0.40576171875,0.27764892578125,0.1866455078125,0.12994384765625,4,680,615,573,511,0.15935185551643372,0.2482159286737442,0.3427763879299164,0.42955702543258667,0.39861011505126953,0.3841715157032013,0.37770164012908936,0.3599317967891693
43,560,0.25308674573898315,0.00020824636158067733,0.4051513671875,0.28021240234375,0.18267822265625,0.1319580078125,4,686,616,570,509,0.1589086949825287,0.24769632518291473,0.3422047197818756,0.4303167164325714,0.3981610834598541,0.38347741961479187,0.3768911063671112,0.3608933389186859
43,580,0.25326859951019287,0.00020824636158067733,0.403076171875,0.27899169921875,0.1865234375,0.13140869140625,4,683,612,563,515,0.15838028490543365,0.24721364676952362,0.34248456358909607,0.4305448532104492,0.39724281430244446,0.38291940093040466,0.37721356749534607,0.36122241616249084
43,600,0.2521387040615082,0.00020824636158067733,0.40374755859375,0.28155517578125,0.182861328125,0.1318359375,4,684,613,566,514,0.15760977566242218,0.24677462875843048,0.3413693904876709,0.42932307720184326,0.3960613012313843,0.3821471035480499,0.3758656978607178,0.3594672977924347
43,620,0.25253137946128845,0.00020824636158067733,0.40289306640625,0.280029296875,0.18560791015625,0.1314697265625,4,686,616,571,506,0.15780706703662872,0.246869757771492,0.3414551615715027,0.42933425307273865,0.3962958753108978,0.3824891746044159,0.37589356303215027,0.35953110456466675
43,640,0.25243526697158813,0.00020824636158067733,0.40447998046875,0.2781982421875,0.18487548828125,0.1324462890625,4,686,617,569,518,0.1579723358154297,0.24685035645961761,0.34051015973091125,0.42970845103263855,0.39662066102027893,0.38242897391319275,0.3745713531970978,0.36000141501426697
43,660,0.2509373426437378,0.00020824636158067733,0.4072265625,0.27972412109375,0.181884765625,0.13116455078125,4,685,618,566,514,0.1572527438402176,0.24622146785259247,0.33973512053489685,0.4287218451499939,0.3957463502883911,0.3816557824611664,0.3736158609390259,0.3586606979370117
43,680,0.2525346577167511,0.00020824636158067733,0.399169921875,0.2830810546875,0.1864013671875,0.13134765625,4,684,617,572,521,0.15740537643432617,0.24608753621578217,0.34117764234542847,0.42973339557647705,0.39591139554977417,0.38142937421798706,0.3751887083053589,0.3599679470062256
43,700,0.2506592273712158,0.00020824636158067733,0.40484619140625,0.28155517578125,0.181640625,0.1319580078125,4,682,618,562,518,0.15647347271442413,0.24552978575229645,0.3391011655330658,0.4288245141506195,0.39454030990600586,0.380876362323761,0.37276798486709595,0.35869818925857544
43,720,0.2504912316799164,0.00020824636158067733,0.40496826171875,0.28204345703125,0.1827392578125,0.1302490234375,4,683,619,569,517,0.1566920131444931,0.2449360191822052,0.3398653268814087,0.4287680387496948,0.3949860632419586,0.380102276802063,0.37367555499076843,0.358676016330719
43,740,0.2503369450569153,0.00020824636158067733,0.40484619140625,0.280517578125,0.18389892578125,0.1307373046875,4,686,618,566,520,0.15630896389484406,0.2444390058517456,0.3391571640968323,0.42922544479370117,0.39418941736221313,0.3793765604496002,0.3727811276912689,0.35926592350006104
43,760,0.24961426854133606,0.00020824636158067733,0.40521240234375,0.28277587890625,0.18212890625,0.1298828125,4,686,618,568,517,0.15610665082931519,0.24414315819740295,0.33870139718055725,0.42833077907562256,0.3940485119819641,0.37898746132850647,0.3721960186958313,0.3579687178134918
43,780,0.25032544136047363,0.00020824636158067733,0.40533447265625,0.28143310546875,0.18212890625,0.131103515625,4,683,615,566,522,0.1564328819513321,0.24524791538715363,0.33897775411605835,0.4283582270145416,0.39473387598991394,0.38056090474128723,0.3724743723869324,0.3579281270503998
43,800,0.2504231929779053,0.00020824636158067733,0.40643310546875,0.27825927734375,0.1827392578125,0.132568359375,4,685,616,568,523,0.15612314641475677,0.2448493242263794,0.3392871618270874,0.42873668670654297,0.3942943215370178,0.3797677755355835,0.37277868390083313,0.3582283556461334
43,820,0.24943090975284576,0.00020824636158067733,0.40655517578125,0.28143310546875,0.180419921875,0.131591796875,4,685,618,565,518,0.15555360913276672,0.24432136118412018,0.3382357060909271,0.42863768339157104,0.3934025168418884,0.37929853796958923,0.3715875744819641,0.35810667276382446
43,840,0.24915823340415955,0.00020824636158067733,0.40655517578125,0.28155517578125,0.18292236328125,0.12896728515625,4,684,618,565,514,0.15581484138965607,0.2439788281917572,0.3387499153614044,0.4276469051837921,0.3939315378665924,0.3789154589176178,0.37207096815109253,0.35705238580703735
43,860,0.24895226955413818,0.00020824636158067733,0.408935546875,0.279296875,0.1817626953125,0.1300048828125,4,686,615,567,521,0.15553082525730133,0.2442096322774887,0.3383692800998688,0.4279860258102417,0.39368778467178345,0.379056841135025,0.37165164947509766,0.3573668599128723
43,880,0.2487899512052536,0.00020824636158067733,0.4080810546875,0.2808837890625,0.180908203125,0.130126953125,4,687,617,569,517,0.15557651221752167,0.24356043338775635,0.33816051483154297,0.42815056443214417,0.3935222625732422,0.3780497908592224,0.3714538812637329,0.35753440856933594
43,900,0.2486647218465805,0.00020824636158067733,0.41046142578125,0.278076171875,0.1805419921875,0.13092041015625,4,686,618,570,514,0.15541866421699524,0.24375152587890625,0.3380601406097412,0.4281669557094574,0.3933565020561218,0.37854477763175964,0.37124302983283997,0.35746073722839355
43,920,0.2483895868062973,0.00020824636158067733,0.40911865234375,0.280029296875,0.1810302734375,0.12982177734375,4,688,622,568,521,0.15527018904685974,0.2437269687652588,0.33758777379989624,0.42751961946487427,0.3931385278701782,0.3785570561885834,0.37064534425735474,0.3566491901874542
43,940,0.24906934797763824,0.00020824636158067733,0.40728759765625,0.28118896484375,0.18060302734375,0.13092041015625,4,688,620,568,519,0.15538135170936584,0.2434805929660797,0.3393034338951111,0.42805513739585876,0.393370658159256,0.3782179653644562,0.3726314902305603,0.35716143250465393
43,960,0.24870696663856506,0.00020824636158067733,0.41082763671875,0.2763671875,0.181396484375,0.13140869140625,4,688,621,565,523,0.1553095132112503,0.24361193180084229,0.33804449439048767,0.42809271812438965,0.3932802677154541,0.3783416152000427,0.37133488059043884,0.3573947250843048
43,980,0.2485465258359909,0.00020824636158067733,0.40771484375,0.27996826171875,0.18182373046875,0.1304931640625,4,688,622,560,519,0.1547226905822754,0.24377241730690002,0.33754611015319824,0.42792555689811707,0.39248159527778625,0.37854671478271484,0.3706666827201843,0.35713425278663635
43,1000,0.2498922049999237,0.00020824636158067733,0.4046630859375,0.27813720703125,0.184814453125,0.13238525390625,4,688,622,570,523,0.15553052723407745,0.24382062256336212,0.3379057049751282,0.4282146990299225,0.3933770954608917,0.3786163628101349,0.3709072768688202,0.35735663771629333
43,1020,0.2483164370059967,0.00020824636158067733,0.408203125,0.28118896484375,0.179931640625,0.13067626953125,4,689,624,564,522,0.15496420860290527,0.24322964251041412,0.33737462759017944,0.4282469153404236,0.392645925283432,0.3778676688671112,0.3703463077545166,0.3574455976486206
43,1040,0.24901139736175537,0.00020824636158067733,0.40631103515625,0.2803955078125,0.18231201171875,0.1309814453125,4,687,622,571,519,0.15578120946884155,0.2427232414484024,0.33826449513435364,0.42744672298431396,0.3935105502605438,0.37726452946662903,0.37135323882102966,0.3563492000102997
43,1060,0.24769437313079834,0.00020824636158067733,0.4111328125,0.2825927734375,0.17889404296875,0.12738037109375,4,690,622,567,517,0.15578313171863556,0.24275720119476318,0.3384365141391754,0.4278610944747925,0.39383116364479065,0.37742388248443604,0.37171074748039246,0.35700899362564087
43,1080,0.2467753291130066,0.00020824636158067733,0.41522216796875,0.27545166015625,0.18035888671875,0.12896728515625,4,687,619,568,517,0.15464693307876587,0.24247042834758759,0.3374587297439575,0.4257664680480957,0.392422080039978,0.37688496708869934,0.3703595697879791,0.35418573021888733
43,1100,0.24886688590049744,0.00020824636158067733,0.40985107421875,0.276611328125,0.18096923828125,0.132568359375,4,691,623,570,521,0.15505188703536987,0.2432968020439148,0.3384176790714264,0.42828369140625,0.39304566383361816,0.37796565890312195,0.3716716766357422,0.35704687237739563
43,1120,0.24801193177700043,0.00020824636158067733,0.41033935546875,0.27703857421875,0.18035888671875,0.13226318359375,4,692,624,567,519,0.15451501309871674,0.24255400896072388,0.3373230993747711,0.4277251064777374,0.3923065960407257,0.3767582178115845,0.3703118562698364,0.35653579235076904
43,1140,0.2479289025068283,0.00020824636158067733,0.4114990234375,0.2757568359375,0.1807861328125,0.1319580078125,4,689,622,567,522,0.15459808707237244,0.24264760315418243,0.3370969593524933,0.4278462529182434,0.3923455774784088,0.37713778018951416,0.36993566155433655,0.3566201329231262
43,1160,0.24702659249305725,0.00020824636158067733,0.41033935546875,0.28045654296875,0.180419921875,0.1287841796875,4,692,621,568,520,0.15471769869327545,0.24197706580162048,0.33692309260368347,0.42620235681533813,0.3923855125904083,0.3762868344783783,0.36956995725631714,0.35485967993736267
43,1180,0.24690242111682892,0.00020824636158067733,0.41156005859375,0.281005859375,0.1793212890625,0.12811279296875,4,687,624,568,518,0.15471813082695007,0.2423384189605713,0.3369427025318146,0.42702293395996094,0.39250433444976807,0.3766933083534241,0.36963310837745667,0.3559653162956238
43,1200,0.24700956046581268,0.00020824636158067733,0.4107666015625,0.27899169921875,0.18011474609375,0.130126953125,4,686,625,568,517,0.15407253801822662,0.2416848987340927,0.33731675148010254,0.42679789662361145,0.39144185185432434,0.37569159269332886,0.37018805742263794,0.3555912673473358
43,1220,0.24864105880260468,0.00020824636158067733,0.4061279296875,0.27923583984375,0.18182373046875,0.1328125,4,690,625,571,519,0.1543666571378708,0.24274592101573944,0.33765771985054016,0.427451491355896,0.3916913568973541,0.37729886174201965,0.3705502152442932,0.35596346855163574
43,1240,0.24800941348075867,0.00020824636158067733,0.40966796875,0.27972412109375,0.1796875,0.13092041015625,4,693,626,566,520,0.15457876026630402,0.24326340854167938,0.33746337890625,0.427731990814209,0.39233317971229553,0.37811633944511414,0.37034663558006287,0.356416791677475
43,1260,0.24631145596504211,0.00020824636158067733,0.41143798828125,0.279052734375,0.18121337890625,0.1282958984375,4,690,624,565,518,0.15343596041202545,0.24177418649196625,0.33690693974494934,0.42606407403945923,0.3904341161251068,0.3758355379104614,0.3695794939994812,0.35465502738952637
43,1280,0.24811416864395142,0.00020824636158067733,0.41229248046875,0.27484130859375,0.17987060546875,0.13299560546875,4,692,625,569,519,0.15438038110733032,0.24333256483078003,0.3383847177028656,0.42648768424987793,0.39221587777137756,0.37795335054397583,0.37145814299583435,0.3546295166015625
43,1300,0.24799761176109314,0.00020824636158067733,0.41046142578125,0.274658203125,0.18194580078125,0.1329345703125,4,691,621,566,521,0.15371641516685486,0.24234755337238312,0.33767837285995483,0.42803797125816345,0.3910076320171356,0.3765086829662323,0.37061071395874023,0.35667189955711365
43,1320,0.24734550714492798,0.00020824636158067733,0.40960693359375,0.278564453125,0.181640625,0.13018798828125,4,693,624,565,516,0.1537712663412094,0.24192889034748077,0.33813631534576416,0.4266726076602936,0.39112767577171326,0.3762257993221283,0.3711385130882263,0.3551711142063141
43,1340,0.24704378843307495,0.00020824636158067733,0.41107177734375,0.2799072265625,0.17889404296875,0.130126953125,4,695,627,567,518,0.15377935767173767,0.24272462725639343,0.3371823728084564,0.4270378649234772,0.39124277234077454,0.37723928689956665,0.37007570266723633,0.35553526878356934
43,1360,0.24754208326339722,0.00020824636158067733,0.4095458984375,0.278564453125,0.18121337890625,0.13067626953125,4,696,625,566,520,0.1538095325231552,0.2428460270166397,0.3371434211730957,0.42706185579299927,0.3911738395690918,0.37736448645591736,0.36997249722480774,0.35558396577835083
43,1380,0.24681945145130157,0.00020824636158067733,0.4114990234375,0.27838134765625,0.17926025390625,0.130859375,4,697,624,565,516,0.15312038362026215,0.241950124502182,0.33727404475212097,0.4279123544692993,0.3901292383670807,0.3761782646179199,0.3702174127101898,0.3564128279685974
43,1400,0.24664504826068878,0.00020824636158067733,0.41015625,0.2783203125,0.18206787109375,0.12945556640625,4,696,624,571,519,0.1528906673192978,0.24195052683353424,0.33687078952789307,0.42688697576522827,0.3895939290523529,0.376097172498703,0.3695797920227051,0.35548925399780273
43,1420,0.24746161699295044,0.00020824636158067733,0.41033935546875,0.27850341796875,0.1796875,0.1314697265625,4,694,628,566,518,0.1532585173845291,0.2435842901468277,0.3372395634651184,0.4269942343235016,0.39049455523490906,0.3782835602760315,0.3700220286846161,0.35542404651641846
43,1440,0.24566702544689178,0.00020824636158067733,0.4129638671875,0.28021240234375,0.1790771484375,0.12774658203125,4,693,629,566,516,0.15219831466674805,0.24314585328102112,0.3364065885543823,0.4261515438556671,0.3891618549823761,0.3777879476547241,0.3690641522407532,0.3545706570148468
43,1460,0.24620184302330017,0.00020824636158067733,0.412109375,0.27972412109375,0.17852783203125,0.129638671875,4,697,627,568,514,0.15253566205501556,0.242894247174263,0.3369241952896118,0.4261593520641327,0.3896642029285431,0.37741637229919434,0.36966681480407715,0.35441356897354126
43,1480,0.24683457612991333,0.00020824636158067733,0.41143798828125,0.27734375,0.18060302734375,0.130615234375,4,694,627,569,516,0.15270701050758362,0.242832213640213,0.3373044431209564,0.42674121260643005,0.3899001181125641,0.37726402282714844,0.3700096905231476,0.3551812171936035
43,1500,0.24573369324207306,0.00020824636158067733,0.4124755859375,0.2781982421875,0.1805419921875,0.1287841796875,4,692,629,569,519,0.1520061194896698,0.24216604232788086,0.3367307186126709,0.42606696486473083,0.38874518871307373,0.3763543665409088,0.36939162015914917,0.3544379770755768
43,1520,0.24586468935012817,0.00020824636158067733,0.4127197265625,0.27880859375,0.17938232421875,0.12908935546875,4,693,628,569,517,0.15233220160007477,0.24128979444503784,0.33802279829978943,0.42672133445739746,0.38927170634269714,0.3751690089702606,0.37111347913742065,0.35522472858428955
43,1540,0.24633540213108063,0.00020824636158067733,0.41375732421875,0.27655029296875,0.178955078125,0.1307373046875,4,693,629,568,516,0.15246890485286713,0.2425411492586136,0.3372358977794647,0.4270041882991791,0.3896956741809845,0.3769620954990387,0.36998364329338074,0.3553851246833801
43,1560,0.24607674777507782,0.00020824636158067733,0.4124755859375,0.2802734375,0.1783447265625,0.12890625,4,694,633,567,523,0.15268823504447937,0.24206241965293884,0.3377000093460083,0.4268675446510315,0.3899816870689392,0.3764273524284363,0.3706585466861725,0.35541820526123047
43,1580,0.2458781898021698,0.00020824636158067733,0.41143798828125,0.2803955078125,0.179931640625,0.12823486328125,4,694,634,569,518,0.1520606279373169,0.24242329597473145,0.33716297149658203,0.42635834217071533,0.38885632157325745,0.3768448233604431,0.3699114918708801,0.3548293113708496
43,1600,0.2457921802997589,0.00020824636158067733,0.4154052734375,0.27618408203125,0.17999267578125,0.12841796875,4,696,630,568,520,0.15209151804447174,0.24206958711147308,0.33826902508735657,0.4272834062576294,0.38926926255226135,0.3764035701751709,0.37131211161613464,0.35598865151405334
43,1620,0.24530015885829926,0.00020824636158067733,0.413818359375,0.27838134765625,0.1795654296875,0.12823486328125,4,695,629,562,520,0.15166184306144714,0.24168862402439117,0.33711162209510803,0.4267520010471344,0.388481080532074,0.3756635785102844,0.369997501373291,0.35539019107818604
43,1640,0.24535754323005676,0.00020824636158067733,0.4124755859375,0.2799072265625,0.17877197265625,0.12884521484375,4,696,631,565,516,0.15168674290180206,0.24190165102481842,0.3365691602230072,0.42618054151535034,0.38841432332992554,0.3761265277862549,0.3691081404685974,0.35460957884788513
43,1660,0.24581775069236755,0.00020824636158067733,0.41204833984375,0.2760009765625,0.182373046875,0.12957763671875,4,696,630,568,515,0.15151475369930267,0.24125461280345917,0.3367212414741516,0.4274730682373047,0.3880147635936737,0.3750416338443756,0.3692774772644043,0.3561815023422241
43,1680,0.24631652235984802,0.00020824636158067733,0.4105224609375,0.2791748046875,0.18206787109375,0.12823486328125,4,697,626,574,513,0.15244854986667633,0.24142181873321533,0.3377930819988251,0.4275968372821808,0.38904839754104614,0.3754741847515106,0.3706011176109314,0.35647642612457275
43,1700,0.24549026787281036,0.00020824636158067733,0.4149169921875,0.27838134765625,0.17791748046875,0.1287841796875,4,695,629,572,517,0.15178857743740082,0.2420363575220108,0.3376486599445343,0.42752605676651,0.3888947069644928,0.3761952817440033,0.3706206977367401,0.356139600276947
43,1720,0.24474599957466125,0.00020824636158067733,0.41412353515625,0.27789306640625,0.17987060546875,0.12811279296875,4,691,629,566,511,0.1508588045835495,0.24126192927360535,0.3371116518974304,0.4261114299297333,0.3873196840286255,0.37499937415122986,0.3699386715888977,0.35448017716407776
43,1740,0.24540066719055176,0.00020824636158067733,0.4136962890625,0.27935791015625,0.17877197265625,0.128173828125,4,695,630,571,522,0.1516522318124771,0.24201244115829468,0.33773401379585266,0.4265865385532379,0.38856041431427,0.37612470984458923,0.37059715390205383,0.35511302947998047
43,1760,0.24572953581809998,0.00020824636158067733,0.4149169921875,0.27777099609375,0.1788330078125,0.12847900390625,4,696,628,571,521,0.15190070867538452,0.24228958785533905,0.338273286819458,0.4273686707019806,0.3890199363231659,0.3765708804130554,0.3714013397693634,0.35587936639785767
43,1780,0.24559907615184784,0.00020824636158067733,0.412353515625,0.2784423828125,0.18157958984375,0.12762451171875,4,697,630,571,509,0.15180335938930511,0.24172881245613098,0.33810344338417053,0.4254840612411499,0.3884768784046173,0.3756183981895447,0.371008038520813,0.35366129875183105
43,1800,0.24641405045986176,0.00020824636158067733,0.41107177734375,0.28009033203125,0.17840576171875,0.13043212890625,4,697,630,571,516,0.15224424004554749,0.24262984097003937,0.3372223377227783,0.4271191656589508,0.3889508843421936,0.3765864074230194,0.37008869647979736,0.3556146025657654
43,1820,0.24470582604408264,0.00020824636158067733,0.41455078125,0.2779541015625,0.1785888671875,0.12890625,4,696,632,571,515,0.15072573721408844,0.24165694415569305,0.3363889753818512,0.4264920651912689,0.3872506022453308,0.37569713592529297,0.36887967586517334,0.35491713881492615
43,1840,0.24571046233177185,0.00020824636158067733,0.4144287109375,0.27740478515625,0.1798095703125,0.12835693359375,4,696,632,573,514,0.1517077088356018,0.24228085577487946,0.33822357654571533,0.4270336627960205,0.3887048661708832,0.3765478730201721,0.37121114134788513,0.35556140542030334
43,1860,0.2452232986688614,0.00020824636158067733,0.41595458984375,0.27825927734375,0.17755126953125,0.12823486328125,4,696,632,571,520,0.15193408727645874,0.2422352135181427,0.337585985660553,0.4264253079891205,0.38875269889831543,0.37654098868370056,0.3704874515533447,0.3546627163887024
43,1880,0.244510680437088,0.00020824636158067733,0.41497802734375,0.2799072265625,0.1788330078125,0.12628173828125,4,697,628,568,517,0.15141835808753967,0.24125392735004425,0.3375915586948395,0.42582690715789795,0.3879409432411194,0.37493571639060974,0.3704960346221924,0.3540881276130676
43,1900,0.24457620084285736,0.00020824636158067733,0.41375732421875,0.2799072265625,0.17913818359375,0.127197265625,4,697,631,573,518,0.15099583566188812,0.2411424219608307,0.3376350998878479,0.4254787266254425,0.3875539302825928,0.37478896975517273,0.37040871381759644,0.3537394404411316
43,1920,0.2445296198129654,0.00020824636158067733,0.41741943359375,0.27752685546875,0.17706298828125,0.12799072265625,4,697,634,573,518,0.1509484499692917,0.24212349951267242,0.33691704273223877,0.4271363317966461,0.38784125447273254,0.3764033019542694,0.36965471506118774,0.35572758316993713
43,1940,0.2460654079914093,0.00020824636158067733,0.4100341796875,0.27862548828125,0.181640625,0.12969970703125,4,696,627,572,518,0.1511683464050293,0.24185986816883087,0.3372476100921631,0.4274105727672577,0.38791704177856445,0.37575584650039673,0.36993953585624695,0.35614991188049316
43,1960,0.24478207528591156,0.00020824636158067733,0.4144287109375,0.276611328125,0.1795654296875,0.12939453125,4,696,629,573,518,0.15036769211292267,0.24164901673793793,0.3365696668624878,0.42649605870246887,0.3868384063243866,0.375665545463562,0.3690933585166931,0.3548435568809509
43,1980,0.24457791447639465,0.00020824636158067733,0.41387939453125,0.27728271484375,0.1807861328125,0.1280517578125,4,699,628,570,518,0.15000277757644653,0.24134577810764313,0.3369152843952179,0.42689162492752075,0.3863641917705536,0.3751350939273834,0.36964237689971924,0.35548388957977295
43,2000,0.24448087811470032,0.00020824636158067733,0.413818359375,0.2772216796875,0.1800537109375,0.12890625,4,697,627,568,522,0.14962607622146606,0.2419569343328476,0.3366321921348572,0.42569929361343384,0.38582560420036316,0.3759482502937317,0.3692423105239868,0.35381197929382324
44,0,0.319011926651001,0.00020824636158067733,0.26080322265625,0.30792236328125,0.19317626953125,0.23809814453125,4,691,645,581,548,0.19051411747932434,0.28957679867744446,0.3670494258403778,0.45885613560676575,0.4352598786354065,0.42441868782043457,0.40296074748039246,0.383247435092926
44,20,0.27771663665771484,0.00020824636158067733,0.3458251953125,0.30047607421875,0.187255859375,0.16644287109375,4,693,625,564,512,0.17799155414104462,0.26412177085876465,0.3489978611469269,0.42926734685897827,0.4218902587890625,0.40410521626472473,0.385564923286438,0.3592991232872009
44,40,0.2665247619152069,0.00020824636158067733,0.3822021484375,0.27972412109375,0.19189453125,0.14617919921875,4,686,611,561,494,0.17267882823944092,0.2584039866924286,0.3445737063884735,0.42497777938842773,0.41495734453201294,0.3959881365299225,0.3796464502811432,0.3509204089641571
44,60,0.2676165997982025,0.00020824636158067733,0.3837890625,0.27899169921875,0.18701171875,0.15020751953125,4,684,614,563,505,0.173611119389534,0.26088494062423706,0.34389835596084595,0.42533692717552185,0.4162573218345642,0.39948761463165283,0.3787168562412262,0.35298779606819153
44,80,0.2691943049430847,0.00020824636158067733,0.37957763671875,0.27935791015625,0.188720703125,0.15234375,4,688,616,563,504,0.1745229810476303,0.2610699534416199,0.34413275122642517,0.4271415174007416,0.4173741936683655,0.400344580411911,0.37923330068588257,0.3557046055793762
44,100,0.26757028698921204,0.00020824636158067733,0.38421630859375,0.27911376953125,0.18585205078125,0.15081787109375,4,689,615,563,505,0.1736583262681961,0.2608095705509186,0.34287649393081665,0.4265282452106476,0.4163753092288971,0.39951419830322266,0.3774312138557434,0.35452237725257874
44,120,0.26798588037490845,0.00020824636158067733,0.3829345703125,0.2786865234375,0.18634033203125,0.15203857421875,4,687,616,566,508,0.17327380180358887,0.26087772846221924,0.34298232197761536,0.42764681577682495,0.4158230125904083,0.3999502658843994,0.3775930106639862,0.3564366102218628
44,140,0.2685302793979645,0.00020824636158067733,0.3829345703125,0.2781982421875,0.18841552734375,0.15045166015625,4,686,618,571,505,0.17377834022045135,0.2616390883922577,0.34375008940696716,0.4282383918762207,0.416523277759552,0.40085330605506897,0.37880218029022217,0.357433557510376
44,160,0.266619473695755,0.00020824636158067733,0.38690185546875,0.27838134765625,0.1876220703125,0.1470947265625,4,686,619,570,504,0.17168736457824707,0.26141253113746643,0.3436393141746521,0.4279323220252991,0.41406702995300293,0.40018659830093384,0.3783656656742096,0.3564321994781494
44,180,0.26714321970939636,0.00020824636158067733,0.38275146484375,0.28167724609375,0.18609619140625,0.14947509765625,4,686,622,568,509,0.17022283375263214,0.2619299590587616,0.34379497170448303,0.4297139644622803,0.4120602309703827,0.40084564685821533,0.37864673137664795,0.3595254719257355
44,200,0.2660430371761322,0.00020824636158067733,0.386962890625,0.28045654296875,0.1865234375,0.14605712890625,4,686,621,569,516,0.1689201444387436,0.26203200221061707,0.3442467153072357,0.4311911165714264,0.41064006090164185,0.40084826946258545,0.3793412446975708,0.36161261796951294
44,220,0.2652137577533722,0.00020824636158067733,0.38958740234375,0.279296875,0.18707275390625,0.14404296875,4,687,624,570,512,0.1679680049419403,0.2612204849720001,0.3446575701236725,0.4327974319458008,0.40948691964149475,0.39975059032440186,0.38002365827560425,0.36357709765434265
44,240,0.2650386095046997,0.00020824636158067733,0.39068603515625,0.2806396484375,0.1864013671875,0.14227294921875,4,686,626,574,515,0.16679053008556366,0.261936217546463,0.3463283181190491,0.434447318315506,0.40797317028045654,0.4009132385253906,0.3823201358318329,0.36624598503112793
44,260,0.2625260055065155,0.00020824636158067733,0.3974609375,0.27923583984375,0.18511962890625,0.13818359375,4,689,630,573,513,0.16506481170654297,0.26026982069015503,0.3467322587966919,0.4346071481704712,0.40579062700271606,0.39864739775657654,0.3826586604118347,0.3664496839046478
44,280,0.2620581388473511,0.00020824636158067733,0.3983154296875,0.2803955078125,0.1854248046875,0.1358642578125,4,689,630,573,519,0.16473886370658875,0.2597949206829071,0.3466312289237976,0.43661782145500183,0.40546056628227234,0.3982835114002228,0.3826914429664612,0.36920952796936035
44,300,0.2620038390159607,0.00020824636158067733,0.39776611328125,0.278076171875,0.18804931640625,0.1361083984375,4,688,629,578,520,0.16341333091259003,0.25915467739105225,0.3481183350086212,0.4369707703590393,0.40365299582481384,0.39679858088493347,0.38473793864250183,0.3699628710746765
44,320,0.2597309350967407,0.00020824636158067733,0.39947509765625,0.2822265625,0.18511962890625,0.1331787109375,4,684,631,575,521,0.16229528188705444,0.25805824995040894,0.3458031415939331,0.4358968138694763,0.40179044008255005,0.39558595418930054,0.3811609745025635,0.36829516291618347
44,340,0.2601917088031769,0.00020824636158067733,0.40167236328125,0.28143310546875,0.18426513671875,0.13262939453125,4,689,634,578,519,0.16315877437591553,0.2582859694957733,0.34671422839164734,0.43789517879486084,0.40304186940193176,0.39630353450775146,0.38265618681907654,0.37120145559310913
44,360,0.25913697481155396,0.00020824636158067733,0.40350341796875,0.2813720703125,0.181884765625,0.13323974609375,4,687,636,577,523,0.16166873276233673,0.2580083906650543,0.3461560904979706,0.4379039704799652,0.4013032019138336,0.3954129219055176,0.3818601667881012,0.37130045890808105
44,380,0.258248895406723,0.00020824636158067733,0.40338134765625,0.2838134765625,0.18212890625,0.13067626953125,4,692,632,576,522,0.16116414964199066,0.2577671408653259,0.34425628185272217,0.43911153078079224,0.4005431532859802,0.39552414417266846,0.3794499635696411,0.37280896306037903
44,400,0.25775372982025146,0.00020824636158067733,0.40380859375,0.28265380859375,0.1844482421875,0.12908935546875,4,689,638,572,521,0.16062672436237335,0.2577960789203644,0.3439667522907257,0.4383023977279663,0.3999451994895935,0.39555996656417847,0.37901559472084045,0.3717346489429474
44,420,0.2570970058441162,0.00020824636158067733,0.405517578125,0.282470703125,0.18341064453125,0.12860107421875,4,693,635,571,521,0.16023826599121094,0.2575254440307617,0.34300950169563293,0.4390520751476288,0.3995313346385956,0.395105242729187,0.37786778807640076,0.3726264536380768
44,440,0.2562006711959839,0.00020824636158067733,0.403564453125,0.2855224609375,0.1829833984375,0.1279296875,4,692,636,566,525,0.15974438190460205,0.25610098242759705,0.3420545756816864,0.4379017651081085,0.3985617756843567,0.39343205094337463,0.3763972222805023,0.371121346950531
44,460,0.2556610107421875,0.00020824636158067733,0.40771484375,0.282470703125,0.1817626953125,0.1280517578125,4,695,634,567,524,0.15900370478630066,0.2563641667366028,0.3426027297973633,0.4384561777114868,0.3979475498199463,0.393634557723999,0.37726056575775146,0.37187325954437256
44,480,0.2562105357646942,0.00020824636158067733,0.4056396484375,0.28375244140625,0.18109130859375,0.1295166015625,4,694,637,564,523,0.15954336524009705,0.2563873529434204,0.3421266973018646,0.4384514093399048,0.3986803889274597,0.3933306932449341,0.37650737166404724,0.371879518032074
44,500,0.2546045482158661,0.00020824636158067733,0.40911865234375,0.283447265625,0.18157958984375,0.1258544921875,4,693,632,569,518,0.15864141285419464,0.2555840313434601,0.34188759326934814,0.4384189248085022,0.39766594767570496,0.3928810656070709,0.3761616349220276,0.37172555923461914
44,520,0.25399407744407654,0.00020824636158067733,0.408447265625,0.28253173828125,0.18243408203125,0.1265869140625,4,692,632,565,519,0.15838737785816193,0.25364020466804504,0.3409558832645416,0.4379425346851349,0.3970979154109955,0.3900948762893677,0.37513846158981323,0.3711540102958679
44,540,0.2542385458946228,0.00020824636158067733,0.4053955078125,0.28521728515625,0.182861328125,0.12652587890625,4,692,633,569,517,0.15816397964954376,0.25395187735557556,0.3411869704723358,0.4370502531528473,0.3968234360218048,0.3906744420528412,0.37525805830955505,0.36984267830848694
44,560,0.25258779525756836,0.00020824636158067733,0.4078369140625,0.2860107421875,0.1802978515625,0.1258544921875,4,694,633,568,518,0.15705785155296326,0.2522655725479126,0.3406648635864258,0.4367105960845947,0.39530423283576965,0.38882485032081604,0.37449121475219727,0.3695494830608368
44,580,0.2539762258529663,0.00020824636158067733,0.4053955078125,0.28369140625,0.1845703125,0.1263427734375,4,698,638,572,520,0.15658064186573029,0.2542693018913269,0.3417889177799225,0.4375479817390442,0.3950508236885071,0.390998899936676,0.3760693669319153,0.37050551176071167
44,600,0.25271135568618774,0.00020824636158067733,0.40869140625,0.28155517578125,0.18365478515625,0.1260986328125,4,697,633,575,510,0.15602903068065643,0.2526407539844513,0.34042617678642273,0.43846946954727173,0.3942110538482666,0.38940128684043884,0.37443989515304565,0.3717604875564575
44,620,0.2528192102909088,0.00020824636158067733,0.40625,0.281494140625,0.18524169921875,0.12701416015625,4,696,635,575,521,0.1562618911266327,0.2512507736682892,0.3396463096141815,0.43849876523017883,0.39452168345451355,0.3874155282974243,0.37336355447769165,0.37183764576911926
44,640,0.25182053446769714,0.00020824636158067733,0.40740966796875,0.2825927734375,0.182373046875,0.12762451171875,4,698,635,574,525,0.1556246280670166,0.25010940432548523,0.3392876982688904,0.4377020001411438,0.3935471475124359,0.38589033484458923,0.37274450063705444,0.37081167101860046
44,660,0.25099945068359375,0.00020824636158067733,0.407470703125,0.2855224609375,0.17919921875,0.1278076171875,4,696,634,572,510,0.15430831909179688,0.2503501772880554,0.33911383152008057,0.4371708333492279,0.39218613505363464,0.3864365816116333,0.37255290150642395,0.3701147437095642
44,680,0.2514944076538086,0.00020824636158067733,0.406005859375,0.2841796875,0.18402099609375,0.12579345703125,4,698,635,575,513,0.15475787222385406,0.2505289614200592,0.3397078812122345,0.4368523359298706,0.39270687103271484,0.386730432510376,0.3733130991458893,0.36956220865249634
44,700,0.2517845034599304,0.00020824636158067733,0.405029296875,0.28350830078125,0.18603515625,0.12542724609375,4,696,637,574,517,0.15444235503673553,0.2513614594936371,0.3391653001308441,0.4374733865261078,0.3921789824962616,0.38750120997428894,0.3727034628391266,0.3704410493373871
44,720,0.2510274648666382,0.00020824636158067733,0.40777587890625,0.2822265625,0.18212890625,0.12786865234375,4,696,637,575,518,0.15413740277290344,0.2498931884765625,0.33955228328704834,0.4364255964756012,0.39175084233283997,0.3852224349975586,0.3732832968235016,0.36892572045326233
44,740,0.2508772015571594,0.00020824636158067733,0.4039306640625,0.28619384765625,0.180908203125,0.12896728515625,4,696,638,576,519,0.1532772183418274,0.24909372627735138,0.33991414308547974,0.4356258511543274,0.3909047245979309,0.3845466077327728,0.37327009439468384,0.3679227828979492
44,760,0.24994882941246033,0.00020824636158067733,0.40771484375,0.2840576171875,0.18170166015625,0.12652587890625,4,698,639,580,518,0.1536693572998047,0.2486870288848877,0.33907073736190796,0.4350443482398987,0.3913842439651489,0.38428670167922974,0.3723008334636688,0.3672106862068176
44,780,0.2503697872161865,0.00020824636158067733,0.40625,0.28387451171875,0.18243408203125,0.12744140625,4,699,641,576,522,0.15359458327293396,0.24886055290699005,0.3393266797065735,0.4348827302455902,0.3912478983402252,0.3844180107116699,0.3726727366447449,0.36692938208580017
44,800,0.24955767393112183,0.00020824636158067733,0.40582275390625,0.28607177734375,0.18231201171875,0.12579345703125,4,695,635,578,524,0.15277200937271118,0.24849312007427216,0.3390944004058838,0.4344540536403656,0.3901676833629608,0.38377442955970764,0.3723909556865692,0.3664584457874298
44,820,0.2502157688140869,0.00020824636158067733,0.40576171875,0.2841796875,0.18115234375,0.12890625,4,697,638,574,525,0.152967631816864,0.2490488886833191,0.33834055066108704,0.4350565969944,0.390277624130249,0.38426437973976135,0.37115806341171265,0.3670804798603058
44,840,0.2505418062210083,0.00020824636158067733,0.4049072265625,0.28302001953125,0.18316650390625,0.12890625,4,695,637,572,525,0.15273085236549377,0.24937458336353302,0.3382299542427063,0.4357396960258484,0.3901946246623993,0.3844970762729645,0.3713042438030243,0.3679404854774475
44,860,0.24933843314647675,0.00020824636158067733,0.41033935546875,0.2808837890625,0.183349609375,0.12542724609375,4,699,638,576,523,0.1527828872203827,0.24879874289035797,0.3394971787929535,0.4346376359462738,0.39062508940696716,0.3839864134788513,0.37277844548225403,0.3664780855178833
44,880,0.24856990575790405,0.00020824636158067733,0.41265869140625,0.2806396484375,0.18072509765625,0.1259765625,4,698,636,577,517,0.15245608985424042,0.24764245748519897,0.33948490023612976,0.4350478947162628,0.3900086581707001,0.38285768032073975,0.37330350279808044,0.36722904443740845
44,900,0.24846896529197693,0.00020824636158067733,0.41046142578125,0.2816162109375,0.18243408203125,0.12548828125,4,697,640,577,518,0.15181571245193481,0.2480829656124115,0.3388484716415405,0.43408647179603577,0.3892587721347809,0.3833060562610626,0.37212708592414856,0.3658256232738495
44,920,0.24896587431430817,0.00020824636158067733,0.40740966796875,0.2811279296875,0.1845703125,0.12689208984375,4,695,638,577,524,0.15146245062351227,0.24776817858219147,0.3391227424144745,0.4335341155529022,0.38868892192840576,0.38285496830940247,0.3723437488079071,0.3649924099445343
44,940,0.24826601147651672,0.00020824636158067733,0.40875244140625,0.283447265625,0.18267822265625,0.1251220703125,4,695,640,574,515,0.1513577401638031,0.24732449650764465,0.3389284312725067,0.4346144199371338,0.3886556029319763,0.3824448585510254,0.3723960816860199,0.3665887713432312
44,960,0.24852532148361206,0.00020824636158067733,0.4073486328125,0.28289794921875,0.1824951171875,0.12725830078125,4,697,641,578,518,0.151091068983078,0.2473689764738083,0.3384137451648712,0.43407419323921204,0.38829734921455383,0.3824312388896942,0.3714265823364258,0.3657815158367157
44,980,0.2482878714799881,0.00020824636158067733,0.40814208984375,0.2825927734375,0.180908203125,0.12835693359375,4,697,640,579,524,0.1503838151693344,0.24722902476787567,0.33847975730895996,0.434810996055603,0.38741666078567505,0.3822918236255646,0.37160274386405945,0.36671212315559387
44,1000,0.2483435422182083,0.00020824636158067733,0.4052734375,0.284423828125,0.18206787109375,0.12823486328125,4,695,639,574,519,0.15042437613010406,0.24638910591602325,0.3383021950721741,0.4344189167022705,0.38722047209739685,0.3812110126018524,0.37128275632858276,0.3663439154624939
44,1020,0.24999168515205383,0.00020824636158067733,0.4014892578125,0.283935546875,0.18560791015625,0.12896728515625,4,694,639,579,526,0.1516459584236145,0.2467534840106964,0.3389216959476471,0.43529510498046875,0.38868990540504456,0.3818122148513794,0.3721793591976166,0.36744093894958496
44,1040,0.24875861406326294,0.00020824636158067733,0.40673828125,0.28106689453125,0.18414306640625,0.1280517578125,4,692,640,579,522,0.15081487596035004,0.24632108211517334,0.3395858407020569,0.4346005320549011,0.38791051506996155,0.38104233145713806,0.3730817139148712,0.36647796630859375
44,1060,0.24899515509605408,0.00020824636158067733,0.4071044921875,0.27935791015625,0.18505859375,0.12847900390625,4,694,639,580,523,0.1512652337551117,0.24614207446575165,0.3388237953186035,0.43548285961151123,0.3883298635482788,0.3808478116989136,0.37211790680885315,0.36763814091682434
44,1080,0.24918876588344574,0.00020824636158067733,0.40509033203125,0.27972412109375,0.18658447265625,0.12860107421875,4,695,639,581,522,0.15067704021930695,0.24633431434631348,0.33943137526512146,0.43477609753608704,0.38755300641059875,0.381035715341568,0.37295201420783997,0.3667429983615875
44,1100,0.248672217130661,0.00020824636158067733,0.40667724609375,0.28131103515625,0.18414306640625,0.12786865234375,4,696,638,577,523,0.15055020153522491,0.2463453859090805,0.3395226001739502,0.4350280165672302,0.3874821066856384,0.38107335567474365,0.3730895221233368,0.3670603632926941
44,1120,0.24791577458381653,0.00020824636158067733,0.40838623046875,0.28118896484375,0.18389892578125,0.12652587890625,4,696,644,572,521,0.15027610957622528,0.2459663599729538,0.3391416668891907,0.4348064661026001,0.3872257173061371,0.3808586597442627,0.3725324869155884,0.36673542857170105
44,1140,0.24872338771820068,0.00020824636158067733,0.407470703125,0.27978515625,0.1834716796875,0.1292724609375,4,694,639,575,519,0.15077662467956543,0.2457457035779953,0.33931612968444824,0.4353242814540863,0.3877708315849304,0.3803268074989319,0.3728235065937042,0.3673599064350128
44,1160,0.2483152449131012,0.00020824636158067733,0.40655517578125,0.28143310546875,0.1842041015625,0.1278076171875,4,696,639,574,522,0.15023480355739594,0.2463090866804123,0.33885571360588074,0.43423351645469666,0.3870610296726227,0.3808276355266571,0.372087687253952,0.36599743366241455
44,1180,0.24797643721103668,0.00020824636158067733,0.4046630859375,0.2830810546875,0.18267822265625,0.12957763671875,4,691,639,577,523,0.14880116283893585,0.24581831693649292,0.33851903676986694,0.4347628057003021,0.38508594036102295,0.380451500415802,0.3717953860759735,0.36668163537979126
44,1200,0.247992604970932,0.00020824636158067733,0.407470703125,0.28302001953125,0.17919921875,0.13031005859375,4,697,641,568,520,0.15050548315048218,0.24615348875522614,0.3371746242046356,0.43418172001838684,0.38747403025627136,0.3808510899543762,0.36976364254951477,0.3658478558063507
44,1220,0.24719072878360748,0.00020824636158067733,0.41009521484375,0.2803955078125,0.1829833984375,0.12652587890625,4,698,639,577,525,0.15004323422908783,0.24571935832500458,0.33795687556266785,0.434058278799057,0.38698288798332214,0.38041922450065613,0.37085798382759094,0.36576613783836365
44,1240,0.2477233111858368,0.00020824636158067733,0.40771484375,0.2833251953125,0.179931640625,0.1290283203125,4,697,639,575,520,0.15051250159740448,0.24554729461669922,0.3381008207798004,0.4336440861225128,0.38743704557418823,0.38009515404701233,0.3710460364818573,0.3652084171772003
44,1260,0.24778762459754944,0.00020824636158067733,0.4085693359375,0.281494140625,0.1815185546875,0.12841796875,4,696,638,580,523,0.15062709152698517,0.24576064944267273,0.3376515209674835,0.4343301057815552,0.3876430094242096,0.380521684885025,0.3702937364578247,0.36601316928863525
44,1280,0.2473631501197815,0.00020824636158067733,0.4107666015625,0.27978515625,0.18182373046875,0.12762451171875,4,695,639,576,522,0.15077638626098633,0.2452210932970047,0.3375382721424103,0.43445849418640137,0.3879117965698242,0.3797942101955414,0.37036511301994324,0.36628228425979614
44,1300,0.24758437275886536,0.00020824636158067733,0.40911865234375,0.2796630859375,0.1817626953125,0.12945556640625,4,694,635,576,518,0.15077705681324005,0.24421396851539612,0.3371930718421936,0.43499019742012024,0.3878784775733948,0.37848639488220215,0.36969295144081116,0.36699867248535156
44,1320,0.24694660305976868,0.00020824636158067733,0.40777587890625,0.28277587890625,0.18255615234375,0.12689208984375,4,694,637,572,526,0.1503574699163437,0.24406136572360992,0.3369859457015991,0.43423447012901306,0.3869977295398712,0.3783571720123291,0.36960989236831665,0.3661423623561859
44,1340,0.24765360355377197,0.00020824636158067733,0.40814208984375,0.2813720703125,0.18157958984375,0.12890625,4,694,635,574,522,0.15051038563251495,0.24457724392414093,0.33735892176628113,0.43558233976364136,0.38740333914756775,0.3792613446712494,0.3700687289237976,0.3677477240562439
44,1360,0.24725691974163055,0.00020824636158067733,0.40997314453125,0.28021240234375,0.1834716796875,0.1263427734375,4,698,637,573,521,0.1507425159215927,0.244798943400383,0.33765318989753723,0.434619665145874,0.38778477907180786,0.37950506806373596,0.3704375624656677,0.3665877878665924
44,1380,0.2474764585494995,0.00020824636158067733,0.40771484375,0.28204345703125,0.181884765625,0.12835693359375,4,695,636,572,520,0.1505819708108902,0.24473702907562256,0.3369479775428772,0.43448978662490845,0.38739171624183655,0.37936931848526,0.3695102334022522,0.3664497435092926
44,1400,0.24775972962379456,0.00020824636158067733,0.40667724609375,0.28192138671875,0.1827392578125,0.128662109375,4,695,636,575,524,0.15035216510295868,0.24433614313602448,0.33763957023620605,0.43549224734306335,0.38708508014678955,0.37892597913742065,0.37062183022499084,0.3677481412887573
44,1420,0.2475162148475647,0.00020824636158067733,0.408447265625,0.2802734375,0.18328857421875,0.12799072265625,4,695,638,576,525,0.1505429595708847,0.24431195855140686,0.33768370747566223,0.4348723888397217,0.3873513638973236,0.37863194942474365,0.37055858969688416,0.3669556975364685
44,1440,0.2464563548564911,0.00020824636158067733,0.411376953125,0.28192138671875,0.175048828125,0.13165283203125,4,695,636,574,525,0.14942005276679993,0.24426615238189697,0.33642473816871643,0.4347326457500458,0.38602811098098755,0.3785885274410248,0.3684745728969574,0.366610586643219
44,1460,0.2469034492969513,0.00020824636158067733,0.40875244140625,0.2852783203125,0.17547607421875,0.1304931640625,4,693,640,573,523,0.1500457525253296,0.24465256929397583,0.3367287814617157,0.43442851305007935,0.38679686188697815,0.37927475571632385,0.3687652349472046,0.3662721812725067
44,1480,0.24806654453277588,0.00020824636158067733,0.4056396484375,0.2828369140625,0.17999267578125,0.13153076171875,4,697,640,570,526,0.150320366024971,0.24471893906593323,0.336912602186203,0.43513232469558716,0.3869551718235016,0.37939348816871643,0.3692379295825958,0.3671734035015106
44,1500,0.24713362753391266,0.00020824636158067733,0.40643310546875,0.283935546875,0.1806640625,0.12896728515625,4,696,640,572,522,0.15022607147693634,0.24427835643291473,0.3360680341720581,0.4342346787452698,0.3867730498313904,0.37847623229026794,0.368350088596344,0.3661496639251709
44,1520,0.2468745857477188,0.00020824636158067733,0.409423828125,0.28125,0.180908203125,0.12841796875,4,696,641,577,523,0.1497097760438919,0.2443072497844696,0.3372834026813507,0.4349164366722107,0.38639527559280396,0.3789171576499939,0.3698597550392151,0.3669198155403137
44,1540,0.24709120392799377,0.00020824636158067733,0.4088134765625,0.28173828125,0.17987060546875,0.12957763671875,4,697,640,575,522,0.14989466965198517,0.24413840472698212,0.3374689519405365,0.4347074627876282,0.38663819432258606,0.37852561473846436,0.37007737159729004,0.3666679859161377
44,1560,0.2467191219329834,0.00020824636158067733,0.41241455078125,0.28033447265625,0.18011474609375,0.12713623046875,4,697,641,579,526,0.15089640021324158,0.24409690499305725,0.33785080909729004,0.4342314600944519,0.3881848156452179,0.378395676612854,0.3705974519252777,0.36605748534202576
44,1580,0.2469797134399414,0.00020824636158067733,0.409912109375,0.27923583984375,0.18023681640625,0.130615234375,4,697,638,572,523,0.14985740184783936,0.24395763874053955,0.33648568391799927,0.43473124504089355,0.38647890090942383,0.3779250681400299,0.368877649307251,0.36678826808929443
44,1600,0.24730904400348663,0.00020824636158067733,0.406982421875,0.28131103515625,0.181884765625,0.12982177734375,4,695,641,579,528,0.14904119074344635,0.2443522959947586,0.3379196226596832,0.43483051657676697,0.385537713766098,0.378725528717041,0.37075960636138916,0.36684510111808777
44,1620,0.2467823028564453,0.00020824636158067733,0.408447265625,0.28436279296875,0.1763916015625,0.13079833984375,4,696,641,570,521,0.14909309148788452,0.24463990330696106,0.3372344970703125,0.43451493978500366,0.385628879070282,0.3791542649269104,0.36962324380874634,0.36626309156417847
44,1640,0.24814894795417786,0.00020824636158067733,0.40594482421875,0.28009033203125,0.18231201171875,0.13165283203125,4,693,640,574,526,0.14952582120895386,0.2448795586824417,0.3377179205417633,0.43516942858695984,0.385967880487442,0.3794407248497009,0.3706209659576416,0.3671264052391052
44,1660,0.24631136655807495,0.00020824636158067733,0.4114990234375,0.28021240234375,0.1790771484375,0.12921142578125,4,697,643,575,525,0.14959558844566345,0.24356497824192047,0.33698493242263794,0.4346109926700592,0.386406809091568,0.3777759373188019,0.36946332454681396,0.3665429651737213
44,1680,0.24719461798667908,0.00020824636158067733,0.408203125,0.2813720703125,0.1812744140625,0.129150390625,4,696,640,573,524,0.1498657763004303,0.24439400434494019,0.3370319902896881,0.434826523065567,0.3865998089313507,0.37864381074905396,0.36968162655830383,0.36680302023887634
44,1700,0.2475816309452057,0.00020824636158067733,0.4072265625,0.281982421875,0.1802978515625,0.1304931640625,4,695,641,574,520,0.14965061843395233,0.24470125138759613,0.337761789560318,0.43481773138046265,0.3862844407558441,0.37925809621810913,0.3705601394176483,0.3666881322860718
44,1720,0.24717307090759277,0.00020824636158067733,0.4071044921875,0.28338623046875,0.18145751953125,0.1280517578125,4,695,639,573,518,0.14986802637577057,0.24426572024822235,0.33798888325691223,0.43426939845085144,0.3864314556121826,0.37865790724754333,0.37093469500541687,0.3661084771156311
44,1740,0.2479785680770874,0.00020824636158067733,0.40570068359375,0.2803955078125,0.18377685546875,0.130126953125,4,692,641,575,520,0.14973321557044983,0.24451398849487305,0.337849885225296,0.4348222613334656,0.386073499917984,0.37883350253105164,0.3708747923374176,0.3667747676372528
44,1760,0.24667146801948547,0.00020824636158067733,0.410400390625,0.2802734375,0.1812744140625,0.1280517578125,4,696,637,573,515,0.15005162358283997,0.2441987842321396,0.33735957741737366,0.4333649277687073,0.3870747983455658,0.37856483459472656,0.3698550760746002,0.36470022797584534
44,1780,0.2473292499780655,0.00020824636158067733,0.40655517578125,0.28271484375,0.1807861328125,0.12994384765625,4,697,642,573,522,0.14978674054145813,0.24447062611579895,0.3369678854942322,0.43401896953582764,0.3864043354988098,0.37872788310050964,0.36939629912376404,0.3655351996421814
44,1800,0.246786430478096,0.00020824636158067733,0.40869140625,0.28204345703125,0.181396484375,0.12786865234375,4,695,643,569,519,0.1494932770729065,0.24469177424907684,0.3376753628253937,0.4334367513656616,0.3861297070980072,0.37918993830680847,0.3704042434692383,0.3647771179676056
44,1820,0.246845543384552,0.00020824636158067733,0.411376953125,0.27972412109375,0.18017578125,0.12872314453125,4,697,636,571,520,0.1502784937620163,0.24448734521865845,0.3377852737903595,0.4332917332649231,0.38725394010543823,0.37892645597457886,0.3705446422100067,0.3645654618740082
44,1840,0.2469109296798706,0.00020824636158067733,0.4085693359375,0.2813720703125,0.1806640625,0.12939453125,4,694,639,572,519,0.14950031042099,0.2448345124721527,0.3372862637042999,0.4328204095363617,0.38600459694862366,0.37909573316574097,0.3697816729545593,0.3638674020767212
44,1860,0.24757952988147736,0.00020824636158067733,0.4105224609375,0.27874755859375,0.180908203125,0.12982177734375,4,695,640,576,518,0.1504235416650772,0.24529686570167542,0.3380989134311676,0.43356749415397644,0.3873283863067627,0.3799016773700714,0.37063857913017273,0.36461806297302246
44,1880,0.24798783659934998,0.00020824636158067733,0.4053955078125,0.28204345703125,0.18389892578125,0.128662109375,4,695,642,576,522,0.15001308917999268,0.24538058042526245,0.3387410640716553,0.43269217014312744,0.3864648640155792,0.38012412190437317,0.37190088629722595,0.36364665627479553
44,1900,0.24662891030311584,0.00020824636158067733,0.409912109375,0.28277587890625,0.17816162109375,0.129150390625,4,693,642,573,523,0.14937616884708405,0.24540406465530396,0.33765295147895813,0.4324156939983368,0.38577884435653687,0.3799700140953064,0.37043699622154236,0.3633679449558258
44,1920,0.24616843461990356,0.00020824636158067733,0.41009521484375,0.28240966796875,0.1790771484375,0.12841796875,4,695,640,575,524,0.14961105585098267,0.24378594756126404,0.3377889394760132,0.4319946765899658,0.38622191548347473,0.3781851828098297,0.37049368023872375,0.36286142468452454
44,1940,0.24706490337848663,0.00020824636158067733,0.40802001953125,0.281982421875,0.18096923828125,0.1290283203125,4,695,642,575,528,0.14900700747966766,0.24516820907592773,0.3386305868625641,0.4328678548336029,0.3855394721031189,0.3797397017478943,0.3717193007469177,0.3639122247695923
44,1960,0.24614346027374268,0.00020824636158067733,0.41064453125,0.2822265625,0.17706298828125,0.13006591796875,4,693,643,573,526,0.14842122793197632,0.24509577453136444,0.33766332268714905,0.4323567748069763,0.38473108410835266,0.37961122393608093,0.3705528676509857,0.3633386790752411
44,1980,0.2473384439945221,0.00020824636158067733,0.408935546875,0.2802734375,0.18017578125,0.130615234375,4,698,637,572,524,0.14980636537075043,0.24437527358531952,0.33889368176460266,0.4327593445777893,0.38663655519485474,0.3788241446018219,0.3719894587993622,0.36372342705726624
44,2000,0.24684593081474304,0.00020824636158067733,0.40814208984375,0.28204345703125,0.18023681640625,0.12957763671875,4,691,640,571,524,0.14904558658599854,0.24460795521736145,0.33843037486076355,0.4323776066303253,0.3854163885116577,0.3789263069629669,0.3715856373310089,0.3632811903953552
45,0,0.3392329812049866,0.00020824636158067733,0.1544189453125,0.4361572265625,0.20623779296875,0.20318603515625,4,646,644,586,537,0.19194060564041138,0.3101060688495636,0.3857438266277313,0.46648746728897095,0.4267357885837555,0.4103533923625946,0.40487104654312134,0.38744068145751953
45,20,0.3094605505466461,0.00020824636158067733,0.25494384765625,0.332763671875,0.2265625,0.18572998046875,4,681,640,584,538,0.1919468492269516,0.2801205813884735,0.3696778416633606,0.4498777687549591,0.4339480996131897,0.4150172472000122,0.39948731660842896,0.38047075271606445
45,40,0.28907015919685364,0.00020824636158067733,0.33447265625,0.279296875,0.21893310546875,0.16729736328125,4,693,630,581,523,0.18642565608024597,0.26919668912887573,0.35532715916633606,0.44075533747673035,0.43128207325935364,0.410330593585968,0.39093995094299316,0.37320682406425476
45,60,0.2761891186237335,0.00020824636158067733,0.37115478515625,0.273193359375,0.20269775390625,0.1529541015625,4,695,616,564,514,0.18026477098464966,0.26568201184272766,0.3472176790237427,0.4335954189300537,0.42452991008758545,0.40654727816581726,0.3828218877315521,0.3647725284099579
45,80,0.27156496047973633,0.00020824636158067733,0.37506103515625,0.2779541015625,0.197021484375,0.14996337890625,4,690,618,558,511,0.17670603096485138,0.2629010081291199,0.34306228160858154,0.43093419075012207,0.42007046937942505,0.4030747711658478,0.3773043751716614,0.3616020381450653
45,100,0.269762247800827,0.00020824636158067733,0.37591552734375,0.28277587890625,0.19268798828125,0.14862060546875,4,690,621,561,503,0.1753770411014557,0.26162564754486084,0.34213489294052124,0.4301462471485138,0.4181196391582489,0.4015548825263977,0.37605464458465576,0.36054131388664246
45,120,0.268802285194397,0.00020824636158067733,0.3759765625,0.28582763671875,0.19122314453125,0.14697265625,4,686,621,559,506,0.1734282672405243,0.26192745566368103,0.34259891510009766,0.4301367998123169,0.4157251715660095,0.4020354449748993,0.3767029047012329,0.36053454875946045
45,140,0.2674233615398407,0.00020824636158067733,0.37847900390625,0.28277587890625,0.191162109375,0.1475830078125,4,684,620,553,506,0.1713523268699646,0.26082843542099,0.34202173352241516,0.42980891466140747,0.41326022148132324,0.40036770701408386,0.37515854835510254,0.3599528670310974
45,160,0.267465204000473,0.00020824636158067733,0.37890625,0.28314208984375,0.1917724609375,0.14617919921875,4,683,623,557,509,0.17156605422496796,0.2609354555606842,0.34235092997550964,0.43044763803482056,0.4135485887527466,0.4006684124469757,0.37609583139419556,0.36085501313209534
45,180,0.26641786098480225,0.00020824636158067733,0.3812255859375,0.2823486328125,0.1912841796875,0.1451416015625,4,684,626,558,507,0.1699572652578354,0.2603648900985718,0.342901349067688,0.43075552582740784,0.4116021692752838,0.39985498785972595,0.3768892288208008,0.36132052540779114
45,200,0.2653457820415497,0.00020824636158067733,0.38385009765625,0.28277587890625,0.190673828125,0.1427001953125,4,684,624,562,503,0.16896525025367737,0.2604442238807678,0.34320616722106934,0.43027737736701965,0.4103975296020508,0.3999771475791931,0.37714526057243347,0.36062031984329224
45,220,0.26444095373153687,0.00020824636158067733,0.3858642578125,0.28155517578125,0.1907958984375,0.14178466796875,4,682,627,557,508,0.16796143352985382,0.26061704754829407,0.3414398729801178,0.4309860169887543,0.4091842770576477,0.4001331031322479,0.3746606409549713,0.3614877760410309
45,240,0.2652008831501007,0.00020824636158067733,0.38543701171875,0.278564453125,0.19146728515625,0.14453125,4,682,629,561,509,0.16744208335876465,0.25985652208328247,0.3424035310745239,0.4339314103126526,0.4085504114627838,0.3992701470851898,0.3763637840747833,0.365673303604126
45,260,0.26355355978012085,0.00020824636158067733,0.38934326171875,0.27911376953125,0.18841552734375,0.14312744140625,4,679,630,559,513,0.16607816517353058,0.2597208321094513,0.3412284255027771,0.433933287858963,0.40698811411857605,0.39906761050224304,0.3746677339076996,0.36575818061828613
45,280,0.2624697983264923,0.00020824636158067733,0.3902587890625,0.27984619140625,0.1884765625,0.14141845703125,4,678,628,558,509,0.16414512693881989,0.2597907781600952,0.3415057063102722,0.43377256393432617,0.40459176898002625,0.39913710951805115,0.3749053478240967,0.36542460322380066
45,300,0.26222044229507446,0.00020824636158067733,0.390869140625,0.27996826171875,0.18896484375,0.14019775390625,4,679,630,561,507,0.16365018486976624,0.25970107316970825,0.3417389690876007,0.4348851144313812,0.4039861559867859,0.399059921503067,0.375864177942276,0.36703118681907654
45,320,0.2620828449726105,0.00020824636158067733,0.3929443359375,0.2764892578125,0.1884765625,0.14208984375,4,680,631,563,515,0.16303971409797668,0.2591177225112915,0.34167319536209106,0.4361792802810669,0.4033200144767761,0.39833253622055054,0.37547987699508667,0.36885276436805725
45,340,0.260805606842041,0.00020824636158067733,0.39532470703125,0.27618408203125,0.18853759765625,0.13995361328125,4,683,629,563,513,0.16177967190742493,0.2590131461620331,0.34093034267425537,0.4361201226711273,0.4013976752758026,0.3980666399002075,0.374828577041626,0.36869388818740845
45,360,0.26086726784706116,0.00020824636158067733,0.39794921875,0.274169921875,0.1864013671875,0.1414794921875,4,681,633,562,520,0.16161797940731049,0.25882256031036377,0.3417108654975891,0.43748244643211365,0.4014277756214142,0.3980921506881714,0.37572231888771057,0.3706398010253906
45,380,0.260653018951416,0.00020824636158067733,0.3968505859375,0.27532958984375,0.188232421875,0.13958740234375,4,681,633,567,517,0.16102814674377441,0.2589753270149231,0.34259650111198425,0.43669819831848145,0.4005815386772156,0.3983061909675598,0.37694260478019714,0.36946022510528564
45,400,0.2594776749610901,0.00020824636158067733,0.39996337890625,0.27685546875,0.18505859375,0.13812255859375,4,680,636,566,521,0.1602340191602707,0.25887173414230347,0.3426719903945923,0.43660855293273926,0.39953914284706116,0.39807936549186707,0.3771543502807617,0.3694034516811371
45,420,0.2596265971660614,0.00020824636158067733,0.39971923828125,0.2740478515625,0.18658447265625,0.1396484375,4,681,634,564,518,0.15994292497634888,0.2577747702598572,0.3429941236972809,0.43720027804374695,0.3990306556224823,0.3967294692993164,0.3774673342704773,0.37026453018188477
45,440,0.2584244906902313,0.00020824636158067733,0.40283203125,0.27789306640625,0.18310546875,0.13616943359375,4,682,636,565,518,0.16017189621925354,0.2582511603832245,0.3416881859302521,0.43747663497924805,0.3994161784648895,0.3973881006240845,0.37566494941711426,0.3706419765949249
45,460,0.2595501244068146,0.00020824636158067733,0.40020751953125,0.27423095703125,0.18475341796875,0.14080810546875,4,685,633,566,522,0.15973737835884094,0.2569696307182312,0.3432843089103699,0.43839842081069946,0.39886972308158875,0.395673543214798,0.3778449594974518,0.3719848692417145
45,480,0.25886476039886475,0.00020824636158067733,0.40191650390625,0.27484130859375,0.18603515625,0.13720703125,4,685,632,566,517,0.15989519655704498,0.25735074281692505,0.3429339528083801,0.437819242477417,0.39902248978614807,0.39614439010620117,0.37766650319099426,0.37115201354026794
45,500,0.2575017213821411,0.00020824636158067733,0.40545654296875,0.2752685546875,0.1829833984375,0.13629150390625,4,685,634,564,519,0.159499853849411,0.2571703791618347,0.3412149250507355,0.43732646107673645,0.3985596299171448,0.3958452343940735,0.3750675916671753,0.3704076409339905
45,520,0.25863343477249146,0.00020824636158067733,0.40057373046875,0.27642822265625,0.1845703125,0.138427734375,4,684,635,566,521,0.15888862311840057,0.25781571865081787,0.34242329001426697,0.4371819794178009,0.3976649343967438,0.3965919315814972,0.3766558766365051,0.3703101575374603
45,540,0.2586635649204254,0.00020824636158067733,0.40252685546875,0.2740478515625,0.18511962890625,0.1383056640625,4,683,636,569,527,0.15886476635932922,0.2576557993888855,0.34294193983078003,0.43831121921539307,0.39761045575141907,0.3965963125228882,0.37757354974746704,0.37189429998397827
45,560,0.2575224041938782,0.00020824636158067733,0.403564453125,0.27655029296875,0.184814453125,0.13507080078125,4,686,636,566,517,0.15869875252246857,0.2574319541454315,0.34174826741218567,0.43772852420806885,0.39740055799484253,0.3963189721107483,0.3760993778705597,0.3710310161113739
45,580,0.25710469484329224,0.00020824636158067733,0.4033203125,0.275634765625,0.18701171875,0.134033203125,4,685,634,575,520,0.15795248746871948,0.25689616799354553,0.3431782126426697,0.4357980191707611,0.39630088210105896,0.3955305814743042,0.37796255946159363,0.3683730661869049
45,600,0.2564021050930023,0.00020824636158067733,0.4051513671875,0.2763671875,0.1793212890625,0.13916015625,4,686,635,568,519,0.15638850629329681,0.256748765707016,0.34204840660095215,0.43653011322021484,0.3945942521095276,0.39537525177001953,0.3757759928703308,0.36945897340774536
45,620,0.25748854875564575,0.00020824636158067733,0.40380859375,0.27459716796875,0.18572998046875,0.1358642578125,4,690,637,575,513,0.15791207551956177,0.25686022639274597,0.34379011392593384,0.43673792481422424,0.3965380787849426,0.3956882655620575,0.37872597575187683,0.3697587251663208
45,640,0.25638824701309204,0.00020824636158067733,0.4052734375,0.27667236328125,0.183837890625,0.13421630859375,4,690,638,571,511,0.1571546494960785,0.2567407488822937,0.34331342577934265,0.4362403452396393,0.3956494927406311,0.39546990394592285,0.37800508737564087,0.36903637647628784
45,660,0.2571876347064972,0.00020824636158067733,0.4034423828125,0.276123046875,0.18304443359375,0.13739013671875,4,691,636,577,517,0.15704067051410675,0.25665920972824097,0.3432844281196594,0.4376221001148224,0.39542168378829956,0.3952590227127075,0.3781624734401703,0.37096214294433594
45,680,0.2561515271663666,0.00020824636158067733,0.40716552734375,0.27581787109375,0.181884765625,0.1351318359375,4,693,636,573,514,0.1567719578742981,0.25684136152267456,0.3434950113296509,0.43662121891975403,0.39523938298225403,0.395602822303772,0.3783283531665802,0.3695887327194214
45,700,0.25634995102882385,0.00020824636158067733,0.40625,0.275390625,0.1829833984375,0.1353759765625,4,690,638,576,515,0.15730023384094238,0.25639963150024414,0.3432990610599518,0.4359610080718994,0.39579033851623535,0.39493295550346375,0.37802520394325256,0.3686788082122803
45,720,0.2547047436237335,0.00020824636158067733,0.408447265625,0.2767333984375,0.18084716796875,0.13397216796875,4,689,634,574,516,0.15569797158241272,0.25613245368003845,0.34245914220809937,0.43514367938041687,0.393698513507843,0.39448678493499756,0.3766230642795563,0.3675004243850708
45,740,0.2553946375846863,0.00020824636158067733,0.40679931640625,0.27655029296875,0.18243408203125,0.13421630859375,4,691,637,576,514,0.1558978110551834,0.2561303377151489,0.3434593081474304,0.4357437193393707,0.39408525824546814,0.3946669399738312,0.37820711731910706,0.36836254596710205
45,760,0.25488150119781494,0.00020824636158067733,0.40826416015625,0.27703857421875,0.18096923828125,0.13372802734375,4,691,635,572,520,0.1557127684354782,0.256287544965744,0.34300509095191956,0.4354706108570099,0.3938785791397095,0.39475134015083313,0.3776026964187622,0.3679979741573334
45,780,0.254373699426651,0.00020824636158067733,0.408203125,0.27691650390625,0.18231201171875,0.132568359375,4,691,634,576,514,0.1551235020160675,0.25541484355926514,0.34355828166007996,0.43515971302986145,0.39293575286865234,0.3938359320163727,0.3783448338508606,0.367538720369339
45,800,0.25374743342399597,0.00020824636158067733,0.40887451171875,0.27813720703125,0.1802978515625,0.1326904296875,4,693,633,572,510,0.15456560254096985,0.25558990240097046,0.34251633286476135,0.4348880648612976,0.39217817783355713,0.39386337995529175,0.3766794800758362,0.3671829402446747
45,820,0.25471702218055725,0.00020824636158067733,0.40875244140625,0.2755126953125,0.18017578125,0.13555908203125,4,694,636,575,514,0.1547875851392746,0.2555374801158905,0.3434274196624756,0.43645980954170227,0.3927561342716217,0.3939122259616852,0.3779982924461365,0.36939090490341187
45,840,0.25322723388671875,0.00020824636158067733,0.40960693359375,0.27783203125,0.1807861328125,0.13177490234375,4,692,633,571,514,0.15437349677085876,0.25552448630332947,0.341916024684906,0.4339841604232788,0.3919883668422699,0.393673300743103,0.37595927715301514,0.36594149470329285
45,860,0.2530204951763153,0.00020824636158067733,0.41015625,0.27459716796875,0.1815185546875,0.13372802734375,4,694,635,570,513,0.15378114581108093,0.25395557284355164,0.3416789174079895,0.4351342022418976,0.3912026584148407,0.39178526401519775,0.3756004869937897,0.3675340414047241
45,880,0.2519988417625427,0.00020824636158067733,0.41064453125,0.27838134765625,0.1800537109375,0.13092041015625,4,696,634,570,514,0.15295784175395966,0.25440749526023865,0.3415953516960144,0.43430736660957336,0.3900819718837738,0.3924470841884613,0.3758242726325989,0.36644670367240906
45,900,0.25311851501464844,0.00020824636158067733,0.4091796875,0.2762451171875,0.18115234375,0.1334228515625,4,697,637,573,517,0.15340004861354828,0.2544628977775574,0.34250181913375854,0.4347919821739197,0.3907894790172577,0.39252904057502747,0.3768090009689331,0.3670691251754761
45,920,0.25262385606765747,0.00020824636158067733,0.41082763671875,0.27490234375,0.18310546875,0.13116455078125,4,697,632,576,518,0.15314827859401703,0.254108726978302,0.3432178199291229,0.4346155822277069,0.39053720235824585,0.392154723405838,0.37798288464546204,0.36685287952423096
45,940,0.2517324984073639,0.00020824636158067733,0.40985107421875,0.2777099609375,0.18017578125,0.13226318359375,4,697,632,573,510,0.1520102173089981,0.25377902388572693,0.34139207005500793,0.4343113601207733,0.38895517587661743,0.39167383313179016,0.3753339946269989,0.3664344549179077
45,960,0.25074294209480286,0.00020824636158067733,0.41168212890625,0.27569580078125,0.18255615234375,0.13006591796875,4,696,631,574,512,0.1512083262205124,0.2531642019748688,0.34198078513145447,0.43259716033935547,0.38802939653396606,0.390915185213089,0.37591713666915894,0.36408281326293945
45,980,0.25101855397224426,0.00020824636158067733,0.4111328125,0.27764892578125,0.181640625,0.12957763671875,4,696,635,573,510,0.15161685645580292,0.25340959429740906,0.3424067795276642,0.4331764876842499,0.3886590898036957,0.3913332521915436,0.3767760992050171,0.3648777902126312
45,1000,0.2510102093219757,0.00020824636158067733,0.41046142578125,0.2774658203125,0.1812744140625,0.13079833984375,4,695,637,574,511,0.15105554461479187,0.25415951013565063,0.34150487184524536,0.4325823485851288,0.38792189955711365,0.3920167088508606,0.3755233585834503,0.3640615940093994
45,1020,0.25121960043907166,0.00020824636158067733,0.4102783203125,0.2762451171875,0.17987060546875,0.13360595703125,4,696,632,569,517,0.1505454033613205,0.2540546953678131,0.3417508900165558,0.43262869119644165,0.3871545195579529,0.3919431269168854,0.37558290362358093,0.36404240131378174
45,1040,0.25018206238746643,0.00020824636158067733,0.41253662109375,0.27508544921875,0.18109130859375,0.13128662109375,4,697,633,572,517,0.15054012835025787,0.2531646192073822,0.3411676585674286,0.4315316081047058,0.38708481192588806,0.3908246159553528,0.3747841417789459,0.36258524656295776
45,1060,0.250479519367218,0.00020824636158067733,0.41131591796875,0.27587890625,0.1815185546875,0.13128662109375,4,696,633,573,513,0.15080422163009644,0.25272175669670105,0.3421105742454529,0.4313565194606781,0.38750478625297546,0.39032286405563354,0.3762527406215668,0.36234936118125916
45,1080,0.25048521161079407,0.00020824636158067733,0.4102783203125,0.277587890625,0.181640625,0.1304931640625,4,699,633,572,512,0.15099512040615082,0.2525571882724762,0.3421476185321808,0.4312905967235565,0.3876385986804962,0.3901066482067108,0.37629395723342896,0.3622531592845917
45,1100,0.2498238980770111,0.00020824636158067733,0.410888671875,0.27679443359375,0.18316650390625,0.129150390625,4,696,634,572,505,0.15007276833057404,0.2528080344200134,0.3422703146934509,0.4296726882457733,0.3864460289478302,0.3903566896915436,0.376200407743454,0.3600078821182251
45,1120,0.24930337071418762,0.00020824636158067733,0.41162109375,0.2764892578125,0.18328857421875,0.12860107421875,4,696,635,571,507,0.1495424062013626,0.25198864936828613,0.342813104391098,0.42956623435020447,0.3858013451099396,0.3894749879837036,0.37705302238464355,0.3598706126213074
45,1140,0.24958646297454834,0.00020824636158067733,0.41168212890625,0.2755126953125,0.18438720703125,0.12841796875,4,698,633,573,508,0.14991965889930725,0.25202062726020813,0.3428305685520172,0.4299926161766052,0.38638535141944885,0.3895649015903473,0.37727898359298706,0.36037150025367737
45,1160,0.2490115761756897,0.00020824636158067733,0.41143798828125,0.27679443359375,0.18316650390625,0.12860107421875,4,697,636,574,508,0.1493578851222992,0.25182920694351196,0.3425411880016327,0.42855849862098694,0.385559618473053,0.38914555311203003,0.3764423727989197,0.35844680666923523
45,1180,0.24898643791675568,0.00020824636158067733,0.4114990234375,0.2769775390625,0.1817626953125,0.1297607421875,4,699,635,571,513,0.14950156211853027,0.2511288821697235,0.3420771658420563,0.42950403690338135,0.38579145073890686,0.38832762837409973,0.3755829632282257,0.359710156917572
45,1200,0.24822764098644257,0.00020824636158067733,0.4122314453125,0.277099609375,0.18109130859375,0.12957763671875,4,696,631,572,513,0.14868217706680298,0.25064098834991455,0.34178444743156433,0.4290049076080322,0.38477030396461487,0.3876945674419403,0.3751407265663147,0.3590497374534607
45,1220,0.2481558918952942,0.00020824636158067733,0.4114990234375,0.2777099609375,0.18182373046875,0.12896728515625,4,697,633,572,512,0.14864881336688995,0.25041434168815613,0.3413673937320709,0.4293786585330963,0.384753555059433,0.38743963837623596,0.37484216690063477,0.35958707332611084
45,1240,0.2478637993335724,0.00020824636158067733,0.412353515625,0.2781982421875,0.17962646484375,0.12982177734375,4,700,633,572,511,0.14881674945354462,0.24953849613666534,0.34159570932388306,0.4291875660419464,0.3851464092731476,0.3863329589366913,0.37508445978164673,0.3593580722808838
45,1260,0.24850375950336456,0.00020824636158067733,0.40985107421875,0.27655029296875,0.18292236328125,0.13067626953125,4,697,633,570,511,0.1482805758714676,0.24988673627376556,0.3414137363433838,0.4298587739467621,0.3842393457889557,0.3866523802280426,0.37522953748703003,0.36022982001304626
45,1280,0.24762555956840515,0.00020824636158067733,0.41180419921875,0.2760009765625,0.18316650390625,0.1290283203125,4,697,631,572,511,0.14780014753341675,0.24965503811836243,0.3411949872970581,0.42905551195144653,0.3837321102619171,0.3865305185317993,0.37459954619407654,0.35913997888565063
45,1300,0.24724164605140686,0.00020824636158067733,0.41192626953125,0.27655029296875,0.18194580078125,0.12957763671875,4,699,632,576,506,0.14761817455291748,0.2488257735967636,0.34090688824653625,0.42904335260391235,0.3833105266094208,0.38535720109939575,0.3744712173938751,0.359159916639328
45,1320,0.24802210927009583,0.00020824636158067733,0.41168212890625,0.27703857421875,0.1820068359375,0.1292724609375,4,700,632,575,509,0.14900848269462585,0.24885565042495728,0.34173351526260376,0.4296160936355591,0.3853910565376282,0.38543808460235596,0.3757438361644745,0.3599502146244049
45,1340,0.246663898229599,0.00020824636158067733,0.4130859375,0.27838134765625,0.17938232421875,0.129150390625,4,700,633,572,509,0.14762724936008453,0.24870190024375916,0.3403576910495758,0.4289034307003021,0.38350415229797363,0.3852728605270386,0.37371787428855896,0.3589310944080353
45,1360,0.24752745032310486,0.00020824636158067733,0.40936279296875,0.27923583984375,0.1810302734375,0.13037109375,4,701,631,577,507,0.14769959449768066,0.24870429933071136,0.34099188446998596,0.4286819100379944,0.3834722936153412,0.3851856589317322,0.3743687868118286,0.35859280824661255
45,1380,0.24741415679454803,0.00020824636158067733,0.4102783203125,0.27789306640625,0.18048095703125,0.13134765625,4,702,633,578,505,0.14761073887348175,0.24819369614124298,0.34083110094070435,0.4291500449180603,0.38339895009994507,0.3845255672931671,0.374240905046463,0.35923129320144653
45,1400,0.24769306182861328,0.00020824636158067733,0.408935546875,0.27850341796875,0.180908203125,0.13165283203125,4,699,631,577,507,0.14729620516300201,0.24835526943206787,0.3410649597644806,0.4298362731933594,0.38308659195899963,0.38478919863700867,0.3746751844882965,0.36015036702156067
45,1420,0.24618041515350342,0.00020824636158067733,0.41259765625,0.27874755859375,0.18109130859375,0.1275634765625,4,701,631,576,509,0.14761145412921906,0.2483234852552414,0.3395179510116577,0.4278101921081543,0.3834175169467926,0.3846181333065033,0.3726102113723755,0.3574521839618683
45,1440,0.24726079404354095,0.00020824636158067733,0.41241455078125,0.27728271484375,0.1796875,0.130615234375,4,701,629,571,506,0.14876839518547058,0.24839231371879578,0.3394315242767334,0.42904672026634216,0.38497278094291687,0.3847542405128479,0.37228602170944214,0.35909125208854675
45,1460,0.24685099720954895,0.00020824636158067733,0.410888671875,0.27642822265625,0.18243408203125,0.1302490234375,4,701,631,574,510,0.14757110178470612,0.24761314690113068,0.34002283215522766,0.42792412638664246,0.3833310008049011,0.3838244378566742,0.37312281131744385,0.3575398921966553
45,1480,0.24670544266700745,0.00020824636158067733,0.41241455078125,0.27777099609375,0.1812744140625,0.1285400390625,4,699,632,576,510,0.14877136051654816,0.2475683093070984,0.33973678946495056,0.4278596043586731,0.3846873939037323,0.3838497996330261,0.3725723922252655,0.3574291169643402
45,1500,0.24638131260871887,0.00020824636158067733,0.41107177734375,0.27947998046875,0.1810302734375,0.12841796875,4,699,632,576,513,0.1481705904006958,0.24715252220630646,0.33943966031074524,0.4278959035873413,0.38393887877464294,0.3831666111946106,0.37237513065338135,0.35754379630088806
45,1520,0.24621762335300446,0.00020824636158067733,0.41217041015625,0.27838134765625,0.179931640625,0.1295166015625,4,700,629,573,515,0.14779779314994812,0.24676451086997986,0.3395616412162781,0.42857253551483154,0.38346847891807556,0.38274523615837097,0.372499942779541,0.35840922594070435
45,1540,0.24609322845935822,0.00020824636158067733,0.41107177734375,0.27886962890625,0.1812744140625,0.1287841796875,4,700,632,575,513,0.14737558364868164,0.2469472587108612,0.33948326110839844,0.4278908669948578,0.38308826088905334,0.382996141910553,0.37234896421432495,0.357535183429718
45,1560,0.24560311436653137,0.00020824636158067733,0.41229248046875,0.2789306640625,0.18121337890625,0.1275634765625,4,700,631,576,510,0.14724554121494293,0.24690096080303192,0.3394162952899933,0.4273940920829773,0.38284990191459656,0.3828955590724945,0.3722851872444153,0.35682612657546997
45,1580,0.24595990777015686,0.00020824636158067733,0.41131591796875,0.277587890625,0.182373046875,0.12872314453125,4,700,632,572,514,0.14734064042568207,0.24639731645584106,0.33963724970817566,0.42741936445236206,0.3829708993434906,0.38224783539772034,0.372678279876709,0.35689786076545715
45,1600,0.24621713161468506,0.00020824636158067733,0.4112548828125,0.27783203125,0.18212890625,0.1287841796875,4,701,633,580,514,0.1472097933292389,0.2469351589679718,0.3402261734008789,0.42788535356521606,0.38287726044654846,0.3829208016395569,0.3734501600265503,0.35753974318504333
45,1620,0.24593113362789154,0.00020824636158067733,0.4114990234375,0.27777099609375,0.18145751953125,0.1292724609375,4,700,628,574,511,0.14692169427871704,0.24685481190681458,0.3398011326789856,0.4273487627506256,0.3824729323387146,0.38286006450653076,0.3726308345794678,0.3567690849304199
45,1640,0.2461998164653778,0.00020824636158067733,0.41082763671875,0.27838134765625,0.1812744140625,0.1295166015625,4,701,631,571,511,0.14724919199943542,0.24670955538749695,0.33961567282676697,0.4282294511795044,0.3830031752586365,0.3827345371246338,0.3724847733974457,0.3579617440700531
45,1660,0.24562139809131622,0.00020824636158067733,0.41082763671875,0.27862548828125,0.1806640625,0.1298828125,4,701,629,570,509,0.14643006026744843,0.2459718883037567,0.3394092321395874,0.42816129326820374,0.38187310099601746,0.38168051838874817,0.37224847078323364,0.35790327191352844
45,1680,0.2456691712141037,0.00020824636158067733,0.41082763671875,0.279296875,0.17999267578125,0.1298828125,4,698,629,574,513,0.14691616594791412,0.24606840312480927,0.3387359082698822,0.42820003628730774,0.3824775815010071,0.38173893094062805,0.3712589740753174,0.35790494084358215
45,1700,0.24525214731693268,0.00020824636158067733,0.41204833984375,0.2783203125,0.18017578125,0.12945556640625,4,699,630,573,511,0.1464441567659378,0.24652265012264252,0.33848199248313904,0.4272628128528595,0.38203102350234985,0.3822462260723114,0.3709638714790344,0.35665225982666016
45,1720,0.24483126401901245,0.00020824636158067733,0.4119873046875,0.2823486328125,0.17767333984375,0.12799072265625,4,699,635,573,509,0.14668264985084534,0.24704484641551971,0.33726266026496887,0.42756614089012146,0.382271945476532,0.38296541571617126,0.36944344639778137,0.3570133149623871
45,1740,0.24569383263587952,0.00020824636158067733,0.41021728515625,0.27978515625,0.17901611328125,0.1309814453125,4,698,629,576,512,0.1472839117050171,0.24534481763839722,0.33864927291870117,0.42760196328163147,0.3830198645591736,0.38079506158828735,0.3712194859981537,0.3570534884929657
45,1760,0.24606835842132568,0.00020824636158067733,0.4100341796875,0.2789306640625,0.17962646484375,0.13140869140625,4,701,629,576,516,0.14707085490226746,0.2460785210132599,0.3383178114891052,0.4288499057292938,0.3827924430370331,0.38177490234375,0.3707703948020935,0.3586810231208801
45,1780,0.24631071090698242,0.00020824636158067733,0.4102783203125,0.28125,0.17828369140625,0.13018798828125,4,701,635,576,514,0.14823096990585327,0.2464960217475891,0.33888721466064453,0.4282245337963104,0.38450223207473755,0.3823334574699402,0.3715355694293976,0.35775330662727356
45,1800,0.24524709582328796,0.00020824636158067733,0.41033935546875,0.2796630859375,0.1807861328125,0.12921142578125,4,700,633,573,515,0.14675273001194,0.24623225629329681,0.3375174105167389,0.4268052577972412,0.38223734498023987,0.38162609934806824,0.3696984350681305,0.35600802302360535
45,1820,0.24514375627040863,0.00020824636158067733,0.41009521484375,0.2822265625,0.1781005859375,0.12957763671875,4,698,634,576,510,0.14695526659488678,0.2461901605129242,0.33738377690315247,0.4268362820148468,0.3826882243156433,0.38185760378837585,0.36908772587776184,0.35600075125694275
45,1840,0.24620452523231506,0.00020824636158067733,0.40966796875,0.28009033203125,0.179443359375,0.13079833984375,4,700,632,571,508,0.14797207713127136,0.24588969349861145,0.3385077714920044,0.4279167056083679,0.38383761048316956,0.38145947456359863,0.37088653445243835,0.35747480392456055
45,1860,0.24583110213279724,0.00020824636158067733,0.40924072265625,0.28106689453125,0.17877197265625,0.13092041015625,4,696,635,577,507,0.14729361236095428,0.2459869682788849,0.3377704322338104,0.4279688894748688,0.3828592300415039,0.3814922571182251,0.37000250816345215,0.35758906602859497
45,1880,0.24569065868854523,0.00020824636158067733,0.40911865234375,0.28228759765625,0.1790771484375,0.1295166015625,4,698,637,576,514,0.14692430198192596,0.24668018519878387,0.3383065462112427,0.4274623990058899,0.3825274705886841,0.38252243399620056,0.37055838108062744,0.3568122982978821
45,1900,0.24607887864112854,0.00020824636158067733,0.40966796875,0.28155517578125,0.178466796875,0.13031005859375,4,700,635,575,511,0.1479090452194214,0.24670274555683136,0.3382759690284729,0.4270874857902527,0.3837864100933075,0.3823469579219818,0.37065589427948,0.3562818169593811
45,1920,0.2457631677389145,0.00020824636158067733,0.40966796875,0.28082275390625,0.17822265625,0.13128662109375,4,697,633,575,511,0.14705272018909454,0.24621836841106415,0.33813992142677307,0.4274041950702667,0.3826972246170044,0.38183483481407166,0.3703952431678772,0.3567412197589874
45,1940,0.244613379240036,0.00020824636158067733,0.4122314453125,0.2806396484375,0.17730712890625,0.12982177734375,4,696,635,576,514,0.1465623378753662,0.24604912102222443,0.33681827783584595,0.42692631483078003,0.382092148065567,0.38172978162765503,0.36856013536453247,0.3560779392719269
45,1960,0.24522757530212402,0.00020824636158067733,0.41107177734375,0.281005859375,0.177490234375,0.13043212890625,4,699,634,577,510,0.1475907862186432,0.24528881907463074,0.3379093408584595,0.4266892671585083,0.3834305703639984,0.3807344436645508,0.37013134360313416,0.35573285818099976
45,1980,0.24601976573467255,0.00020824636158067733,0.4091796875,0.27783203125,0.181884765625,0.131103515625,4,697,633,580,508,0.14708518981933594,0.24559417366981506,0.3387386202812195,0.42706844210624695,0.3827590048313141,0.3809543251991272,0.37131842970848083,0.3562115430831909
45,2000,0.24505552649497986,0.00020824636158067733,0.4111328125,0.27960205078125,0.17919921875,0.13006591796875,4,698,632,577,509,0.146987184882164,0.245234414935112,0.337977796792984,0.4266364872455597,0.38266968727111816,0.3806168735027313,0.3701302111148834,0.3556750416755676
46,0,0.30071061849594116,0.00020824636158067733,0.3060302734375,0.30035400390625,0.26641845703125,0.127197265625,4,700,644,593,498,0.19904209673404694,0.2817809581756592,0.37435483932495117,0.4357691705226898,0.4435431659221649,0.4174197316169739,0.39945417642593384,0.3682839572429657
46,20,0.2752585709095001,0.00020824636158067733,0.36138916015625,0.2845458984375,0.20074462890625,0.1533203125,4,694,619,567,503,0.18191713094711304,0.26318874955177307,0.34306928515434265,0.4288870394229889,0.4264232814311981,0.40353891253471375,0.3779584765434265,0.3579878807067871
46,40,0.2665255665779114,0.00020824636158067733,0.386962890625,0.27752685546875,0.18963623046875,0.1458740234375,4,679,618,553,494,0.1757628470659256,0.2595577836036682,0.33910033106803894,0.42620283365249634,0.4184495508670807,0.39834579825401306,0.3715583086013794,0.3537138104438782
46,60,0.2686300575733185,0.00020824636158067733,0.379150390625,0.278564453125,0.19512939453125,0.14715576171875,4,680,621,565,499,0.17612497508525848,0.2598833739757538,0.34147483110427856,0.426936537027359,0.41905075311660767,0.39894258975982666,0.37569865584373474,0.3549014925956726
46,80,0.26885348558425903,0.00020824636158067733,0.37896728515625,0.27813720703125,0.1954345703125,0.1474609375,4,684,623,563,494,0.17605166137218475,0.2600927948951721,0.34230369329452515,0.42652806639671326,0.41911444067955017,0.3992495834827423,0.3769913911819458,0.35448408126831055
46,100,0.26867371797561646,0.00020824636158067733,0.3787841796875,0.27850341796875,0.19366455078125,0.1490478515625,4,681,622,560,503,0.17485107481479645,0.2604250907897949,0.34261608123779297,0.42644694447517395,0.4176712930202484,0.39974555373191833,0.37724846601486206,0.3548696041107178
46,120,0.26794129610061646,0.00020824636158067733,0.3787841796875,0.27923583984375,0.195068359375,0.14691162109375,4,684,622,561,495,0.1744583249092102,0.2598215639591217,0.34206950664520264,0.4259760081768036,0.4172464609146118,0.3989112675189972,0.37662672996520996,0.3539285659790039
46,140,0.26807931065559387,0.00020824636158067733,0.3768310546875,0.27734375,0.197998046875,0.1478271484375,4,681,624,567,498,0.1731312870979309,0.2594299912452698,0.34224188327789307,0.427009254693985,0.4156123399734497,0.3986307382583618,0.37698525190353394,0.35584506392478943
46,160,0.26570916175842285,0.00020824636158067733,0.3818359375,0.27886962890625,0.19635009765625,0.1429443359375,4,682,620,563,498,0.1716281920671463,0.25908416509628296,0.3416985869407654,0.42556482553482056,0.41381850838661194,0.3980836272239685,0.3762095868587494,0.353800892829895
46,180,0.2650057077407837,0.00020824636158067733,0.3817138671875,0.279541015625,0.19671630859375,0.14202880859375,4,679,621,560,508,0.17004112899303436,0.2589539587497711,0.34131890535354614,0.42644453048706055,0.4118664860725403,0.3978927433490753,0.3757345974445343,0.3550756573677063
46,200,0.2633598744869232,0.00020824636158067733,0.382568359375,0.28192138671875,0.1968994140625,0.13861083984375,4,686,622,561,500,0.16975072026252747,0.25658947229385376,0.3400017321109772,0.4266218841075897,0.41160571575164795,0.3951253294944763,0.37414517998695374,0.3551505506038666
46,220,0.26209139823913574,0.00020824636158067733,0.38800048828125,0.277099609375,0.19464111328125,0.1402587890625,4,684,622,561,504,0.16740773618221283,0.2565295100212097,0.34017783403396606,0.4266420006752014,0.4087509512901306,0.3951181173324585,0.374288946390152,0.3554925322532654
46,240,0.25933146476745605,0.00020824636158067733,0.39178466796875,0.278564453125,0.1949462890625,0.13470458984375,4,681,623,564,500,0.1662813425064087,0.25390389561653137,0.33912110328674316,0.42571666836738586,0.4071563482284546,0.3915286958217621,0.3728204667568207,0.3540244400501251
46,260,0.2598417401313782,0.00020824636158067733,0.39208984375,0.27667236328125,0.19403076171875,0.13720703125,4,679,621,563,507,0.16589471697807312,0.25379064679145813,0.33981767296791077,0.4274139106273651,0.40670207142829895,0.3916202187538147,0.37363308668136597,0.3567574918270111
46,280,0.25863534212112427,0.00020824636158067733,0.393798828125,0.276123046875,0.19464111328125,0.13543701171875,4,680,622,567,508,0.16422469913959503,0.2529262602329254,0.34025517106056213,0.42748624086380005,0.4045398533344269,0.390298455953598,0.37425747513771057,0.3566874563694
46,300,0.25609850883483887,0.00020824636158067733,0.4000244140625,0.2779541015625,0.1893310546875,0.1326904296875,4,680,627,565,502,0.16248716413974762,0.25226807594299316,0.33962634205818176,0.4271516501903534,0.4025408923625946,0.3896671235561371,0.3734568953514099,0.35619252920150757
46,320,0.25568094849586487,0.00020824636158067733,0.39959716796875,0.27886962890625,0.19189453125,0.129638671875,4,681,623,567,503,0.1625722199678421,0.25199368596076965,0.33937710523605347,0.4267209768295288,0.40231266617774963,0.3894614279270172,0.3730344772338867,0.35580068826675415
46,340,0.2554725706577301,0.00020824636158067733,0.40106201171875,0.2750244140625,0.19134521484375,0.132568359375,4,678,624,567,505,0.16092389822006226,0.2520158290863037,0.3394837975502014,0.4274246394634247,0.4003405272960663,0.3891564905643463,0.37316039204597473,0.35682788491249084
46,360,0.2547580599784851,0.00020824636158067733,0.399658203125,0.278564453125,0.18994140625,0.1318359375,4,684,621,563,508,0.16044563055038452,0.2510645389556885,0.3388006091117859,0.4273851811885834,0.39962491393089294,0.3879169821739197,0.37221193313598633,0.356793075799942
46,380,0.25492483377456665,0.00020824636158067733,0.4005126953125,0.27777099609375,0.19122314453125,0.1304931640625,4,684,622,569,507,0.16073709726333618,0.25129833817481995,0.3391536772251129,0.42829957604408264,0.40003615617752075,0.38819730281829834,0.37287282943725586,0.3579910099506378
46,400,0.2547679841518402,0.00020824636158067733,0.4019775390625,0.27655029296875,0.1895751953125,0.13189697265625,4,686,620,566,505,0.1605086773633957,0.2508894205093384,0.3394373655319214,0.42847582697868347,0.4001281261444092,0.38791966438293457,0.373039573431015,0.3583081066608429
46,420,0.254018098115921,0.00020824636158067733,0.40155029296875,0.2802734375,0.18646240234375,0.1317138671875,4,686,621,567,509,0.15994523465633392,0.25039681792259216,0.33886459469795227,0.4284055233001709,0.39938706159591675,0.38734084367752075,0.3722814619541168,0.35818877816200256
46,440,0.2530674636363983,0.00020824636158067733,0.40576171875,0.27642822265625,0.18829345703125,0.1295166015625,4,685,624,567,509,0.15985405445098877,0.24932143092155457,0.3390601575374603,0.42807283997535706,0.3992482125759125,0.38583773374557495,0.3726145029067993,0.3577736020088196
46,460,0.25322777032852173,0.00020824636158067733,0.4056396484375,0.27227783203125,0.19036865234375,0.1317138671875,4,683,622,570,506,0.1591798961162567,0.2479967474937439,0.3395485281944275,0.4289196729660034,0.39846664667129517,0.3839510381221771,0.3731611669063568,0.3589627742767334
46,480,0.25409239530563354,0.00020824636158067733,0.4027099609375,0.27313232421875,0.19073486328125,0.1334228515625,4,688,621,574,513,0.15952233970165253,0.24836625158786774,0.3394779562950134,0.4291919469833374,0.3985254466533661,0.3841683864593506,0.37320417165756226,0.35909706354141235
46,500,0.25157660245895386,0.00020824636158067733,0.404296875,0.27691650390625,0.188232421875,0.13055419921875,4,687,617,569,505,0.15806442499160767,0.24564391374588013,0.3384923040866852,0.4284316599369049,0.3967030942440033,0.38087379932403564,0.3717667758464813,0.3582603335380554
46,520,0.251787006855011,0.00020824636158067733,0.40380859375,0.2825927734375,0.1839599609375,0.129638671875,4,688,620,565,512,0.15867656469345093,0.24606341123580933,0.33934736251831055,0.43004119396209717,0.3977389335632324,0.3819643557071686,0.3727673888206482,0.36032235622406006
46,540,0.25083664059638977,0.00020824636158067733,0.4061279296875,0.279541015625,0.18389892578125,0.13043212890625,4,689,617,569,508,0.15805311501026154,0.24496527016162872,0.33847343921661377,0.42876020073890686,0.3965667486190796,0.3796556890010834,0.37186673283576965,0.3585640490055084
46,560,0.25193601846694946,0.00020824636158067733,0.4058837890625,0.2742919921875,0.18896484375,0.130859375,4,692,615,575,514,0.15822698175907135,0.24529094994068146,0.33970677852630615,0.42977645993232727,0.39696767926216125,0.3803340792655945,0.37335634231567383,0.3599587082862854
46,580,0.25139400362968445,0.00020824636158067733,0.408447265625,0.26995849609375,0.190673828125,0.13092041015625,4,690,616,575,511,0.15771086513996124,0.2451915442943573,0.3391423225402832,0.42865973711013794,0.396073579788208,0.3797886073589325,0.3726828992366791,0.3585164248943329
46,600,0.25139203667640686,0.00020824636158067733,0.40594482421875,0.27581787109375,0.18798828125,0.1302490234375,4,690,616,573,515,0.15798328816890717,0.24462120234966278,0.33993062376976013,0.4290677607059479,0.39665278792381287,0.3792056739330292,0.3736114799976349,0.3589571714401245
46,620,0.24965673685073853,0.00020824636158067733,0.40960693359375,0.276123046875,0.1859130859375,0.12835693359375,4,691,617,573,514,0.1565931886434555,0.24428559839725494,0.33912500739097595,0.42860496044158936,0.3949400782585144,0.37935271859169006,0.3727453351020813,0.358379989862442
46,640,0.2492057979106903,0.00020824636158067733,0.41070556640625,0.276123046875,0.185546875,0.12762451171875,4,691,619,574,504,0.15650354325771332,0.24371331930160522,0.3397131562232971,0.4278280436992645,0.3949097692966461,0.37832698225975037,0.373486191034317,0.35743266344070435
46,660,0.2503368854522705,0.00020824636158067733,0.41082763671875,0.2733154296875,0.18524169921875,0.130615234375,4,691,612,575,516,0.1575864553451538,0.2441355288028717,0.3395453095436096,0.42852625250816345,0.39649590849876404,0.3789132237434387,0.37323999404907227,0.35817620158195496
46,680,0.24917925894260406,0.00020824636158067733,0.4102783203125,0.27490234375,0.18524169921875,0.12957763671875,4,691,612,569,514,0.15628646314144135,0.24330341815948486,0.3381707966327667,0.42854857444763184,0.3943803012371063,0.37785643339157104,0.37150660157203674,0.35830453038215637
46,700,0.2500472366809845,0.00020824636158067733,0.4049072265625,0.2794189453125,0.184814453125,0.130859375,4,691,616,570,512,0.15648408234119415,0.24326735734939575,0.3390998840332031,0.4282585382461548,0.3948315978050232,0.3775967061519623,0.37260702252388,0.3578844964504242
46,720,0.24859903752803802,0.00020824636158067733,0.4097900390625,0.27789306640625,0.18267822265625,0.129638671875,4,690,616,569,510,0.1556670069694519,0.2430272251367569,0.33812272548675537,0.4281516671180725,0.39384129643440247,0.37744495272636414,0.3714428246021271,0.3577524721622467
46,740,0.2493860125541687,0.00020824636158067733,0.4083251953125,0.2755126953125,0.1846923828125,0.1314697265625,4,692,617,571,513,0.15547041594982147,0.24280333518981934,0.33897534012794495,0.4290109872817993,0.39342567324638367,0.3772416412830353,0.37249016761779785,0.35881978273391724
46,760,0.24936795234680176,0.00020824636158067733,0.40911865234375,0.27606201171875,0.1839599609375,0.130859375,4,693,614,571,516,0.15594324469566345,0.24309678375720978,0.33878299593925476,0.42898234724998474,0.39418458938598633,0.377279669046402,0.3721865713596344,0.3588562309741974
46,780,0.24827450513839722,0.00020824636158067733,0.41119384765625,0.274658203125,0.18341064453125,0.1307373046875,4,689,612,570,511,0.15468385815620422,0.2429424673318863,0.3377074897289276,0.4283718466758728,0.39222440123558044,0.37738049030303955,0.3708897531032562,0.357992947101593
46,800,0.2500015199184418,0.00020824636158067733,0.4066162109375,0.2745361328125,0.18890380859375,0.12994384765625,4,689,615,573,513,0.15589089691638947,0.2437746822834015,0.3389423191547394,0.4283488690853119,0.39381080865859985,0.37860357761383057,0.3722405731678009,0.35782772302627563
46,820,0.24876365065574646,0.00020824636158067733,0.40887451171875,0.2794189453125,0.1829833984375,0.12872314453125,4,692,618,571,513,0.15510302782058716,0.24420730769634247,0.3386487066745758,0.4283822476863861,0.39318931102752686,0.3792855441570282,0.37211406230926514,0.3580077588558197
46,840,0.24855481088161469,0.00020824636158067733,0.41033935546875,0.2740478515625,0.1864013671875,0.12921142578125,4,693,615,570,515,0.15498952567577362,0.24338410794734955,0.3380988836288452,0.42748168110847473,0.39274922013282776,0.3778352737426758,0.3713625371456146,0.3568469285964966
46,860,0.24967223405838013,0.00020824636158067733,0.407470703125,0.27581787109375,0.18597412109375,0.1307373046875,4,691,617,568,518,0.15562893450260162,0.24334196746349335,0.3391890227794647,0.42879536747932434,0.39381134510040283,0.37804606556892395,0.3725677728652954,0.3583361804485321
46,880,0.24696925282478333,0.00020824636158067733,0.4111328125,0.2767333984375,0.18206787109375,0.13006591796875,4,691,613,562,512,0.1537586897611618,0.2414916455745697,0.33695369958877563,0.42729708552360535,0.3910887539386749,0.3754204213619232,0.3699093163013458,0.35662174224853516
46,900,0.24879524111747742,0.00020824636158067733,0.4072265625,0.27850341796875,0.18310546875,0.13116455078125,4,692,617,566,517,0.15512457489967346,0.2422848790884018,0.33898764848709106,0.42752957344055176,0.3928983211517334,0.3764350712299347,0.37245625257492065,0.3566490113735199
46,920,0.24737805128097534,0.00020824636158067733,0.41168212890625,0.27764892578125,0.18109130859375,0.12957763671875,4,692,614,571,516,0.15438689291477203,0.2415943294763565,0.3388528525829315,0.4273730218410492,0.3920972943305969,0.3754056990146637,0.37230753898620605,0.35669052600860596
46,940,0.2475202977657318,0.00020824636158067733,0.4105224609375,0.2791748046875,0.180908203125,0.12939453125,4,692,616,563,514,0.1549658477306366,0.24170026183128357,0.3381745517253876,0.4269745945930481,0.39263829588890076,0.375360906124115,0.3715030550956726,0.3561088442802429
46,960,0.24815233051776886,0.00020824636158067733,0.4078369140625,0.278564453125,0.182861328125,0.1307373046875,4,691,618,568,517,0.15399591624736786,0.24209167063236237,0.33886680006980896,0.4279063642024994,0.391543447971344,0.376103013753891,0.3723785877227783,0.3570752441883087
46,980,0.247996523976326,0.00020824636158067733,0.41070556640625,0.27618408203125,0.181884765625,0.1312255859375,4,690,618,566,518,0.15395666658878326,0.24222365021705627,0.3390706777572632,0.42823630571365356,0.391643762588501,0.3764567971229553,0.372560054063797,0.3574036955833435
46,1000,0.24726948142051697,0.00020824636158067733,0.41192626953125,0.27435302734375,0.1824951171875,0.1312255859375,4,690,619,565,519,0.15326160192489624,0.2417287975549698,0.3379822373390198,0.42779654264450073,0.3905797600746155,0.3755740225315094,0.3712378740310669,0.3568953573703766
46,1020,0.24794428050518036,0.00020824636158067733,0.40911865234375,0.276123046875,0.18267822265625,0.132080078125,4,692,615,568,513,0.15361927449703217,0.24223053455352783,0.3382997512817383,0.4270920157432556,0.3909541368484497,0.3762891888618469,0.3715652525424957,0.3559781610965729
46,1040,0.24800926446914673,0.00020824636158067733,0.40924072265625,0.2750244140625,0.18316650390625,0.132568359375,4,690,620,566,519,0.15339608490467072,0.24233868718147278,0.3381445109844208,0.4273080825805664,0.39061054587364197,0.3763781785964966,0.3714085817337036,0.3562465012073517
46,1060,0.24807554483413696,0.00020824636158067733,0.4090576171875,0.275390625,0.18408203125,0.1314697265625,4,690,619,571,520,0.15332135558128357,0.24253258109092712,0.33907830715179443,0.42708587646484375,0.3906914293766022,0.3766796886920929,0.3726195693016052,0.3558556139469147
46,1080,0.24784615635871887,0.00020824636158067733,0.41033935546875,0.27618408203125,0.18255615234375,0.13092041015625,4,693,616,567,516,0.1538267582654953,0.2420673668384552,0.3395233154296875,0.4268835186958313,0.3916817605495453,0.3762148320674896,0.3730419874191284,0.3557659089565277
46,1100,0.24795788526535034,0.00020824636158067733,0.410888671875,0.2769775390625,0.1787109375,0.1334228515625,4,694,619,563,518,0.15382590889930725,0.24221272766590118,0.3390085697174072,0.4278167188167572,0.3915258049964905,0.37623855471611023,0.37254706025123596,0.35629868507385254
46,1120,0.24773487448692322,0.00020824636158067733,0.4091796875,0.27874755859375,0.1817626953125,0.13031005859375,4,691,618,565,517,0.15436437726020813,0.24209897220134735,0.33843445777893066,0.42646631598472595,0.39196884632110596,0.37603849172592163,0.37168875336647034,0.35526344180107117
46,1140,0.2487563043832779,0.00020824636158067733,0.40936279296875,0.27410888671875,0.18389892578125,0.13262939453125,4,694,618,569,518,0.15438807010650635,0.2427469938993454,0.3390048146247864,0.4273097515106201,0.392138808965683,0.3768610656261444,0.3723435401916504,0.35591521859169006
46,1160,0.24787726998329163,0.00020824636158067733,0.410400390625,0.27679443359375,0.18218994140625,0.130615234375,4,694,620,567,520,0.15449777245521545,0.24177752435207367,0.33853891491889954,0.4277470111846924,0.39216795563697815,0.3757723271846771,0.37182435393333435,0.3565497398376465
46,1180,0.24747571349143982,0.00020824636158067733,0.40875244140625,0.27813720703125,0.1851806640625,0.1279296875,4,693,621,577,517,0.15364375710487366,0.24143953621387482,0.33968761563301086,0.42692625522613525,0.3911626636981964,0.37545639276504517,0.37314513325691223,0.3557659983634949
46,1200,0.2469339817762375,0.00020824636158067733,0.411865234375,0.27587890625,0.18267822265625,0.12957763671875,4,692,618,567,514,0.1540607362985611,0.24094659090042114,0.33814501762390137,0.4262920916080475,0.3916475772857666,0.374584436416626,0.3712836802005768,0.35496535897254944
46,1220,0.24696801602840424,0.00020824636158067733,0.4112548828125,0.2794189453125,0.18060302734375,0.12872314453125,4,689,624,568,519,0.1546541303396225,0.24113158881664276,0.3382793068885803,0.4264560639858246,0.3923425078392029,0.3751961588859558,0.3715817332267761,0.35535112023353577
46,1240,0.24638190865516663,0.00020824636158067733,0.41351318359375,0.2752685546875,0.1827392578125,0.12847900390625,4,690,619,570,512,0.15391211211681366,0.2404801994562149,0.338168203830719,0.42609289288520813,0.3912890553474426,0.37402087450027466,0.37142595648765564,0.35487157106399536
46,1260,0.2453955113887787,0.00020824636158067733,0.41455078125,0.2769775390625,0.18023681640625,0.12823486328125,4,693,618,565,515,0.15346312522888184,0.23925140500068665,0.3381623923778534,0.42547452449798584,0.3910476565361023,0.37241634726524353,0.3713192045688629,0.3541252911090851
46,1280,0.24679851531982422,0.00020824636158067733,0.41082763671875,0.2763671875,0.1837158203125,0.12908935546875,4,690,619,569,516,0.15394772589206696,0.2399282604455948,0.33864280581474304,0.4262952208518982,0.39138275384902954,0.37320899963378906,0.3718015253543854,0.3550378084182739
46,1300,0.24602486193180084,0.00020824636158067733,0.4129638671875,0.27618408203125,0.18328857421875,0.1275634765625,4,693,625,570,518,0.152836412191391,0.2405681610107422,0.33844292163848877,0.426729679107666,0.3901858329772949,0.3744294345378876,0.371595174074173,0.3556740880012512
46,1320,0.24690885841846466,0.00020824636158067733,0.409912109375,0.27899169921875,0.18096923828125,0.130126953125,4,688,623,567,522,0.15334278345108032,0.24122034013271332,0.3382299840450287,0.42684563994407654,0.3907497823238373,0.37517479062080383,0.37147337198257446,0.35575661063194275
46,1340,0.24786211550235748,0.00020824636158067733,0.41107177734375,0.2713623046875,0.18621826171875,0.13134765625,4,691,621,575,515,0.15333721041679382,0.24244877696037292,0.33814430236816406,0.42687785625457764,0.39062583446502686,0.37667086720466614,0.3713549077510834,0.3554888367652893
46,1360,0.24671503901481628,0.00020824636158067733,0.41131591796875,0.27313232421875,0.185791015625,0.1297607421875,4,689,619,572,521,0.15304508805274963,0.24073368310928345,0.337322860956192,0.42648833990097046,0.39026716351509094,0.3744748830795288,0.3700675368309021,0.3552413880825043
46,1380,0.24778826534748077,0.00020824636158067733,0.40863037109375,0.27899169921875,0.18048095703125,0.13189697265625,4,690,621,572,519,0.1538226157426834,0.24199850857257843,0.3380588889122009,0.4276285767555237,0.3913080394268036,0.37614110112190247,0.37113067507743835,0.356677770614624
46,1400,0.246753990650177,0.00020824636158067733,0.4146728515625,0.273193359375,0.1812744140625,0.130859375,4,694,620,570,518,0.15461133420467377,0.24008257687091827,0.3378969132900238,0.4264107644557953,0.3924219310283661,0.3734809458255768,0.3708550035953522,0.355207622051239
46,1420,0.24725529551506042,0.00020824636158067733,0.41119384765625,0.27313232421875,0.18450927734375,0.13116455078125,4,690,619,572,517,0.15440504252910614,0.24014845490455627,0.3374520242214203,0.42625507712364197,0.3918117582798004,0.3736894428730011,0.3703197240829468,0.3549554944038391
46,1440,0.24793018400669098,0.00020824636158067733,0.4083251953125,0.27447509765625,0.1845703125,0.13262939453125,4,689,620,573,523,0.153912752866745,0.2411448061466217,0.33705073595046997,0.42740100622177124,0.3912641108036041,0.3749585747718811,0.3697267174720764,0.35629746317863464
46,1460,0.2464529573917389,0.00020824636158067733,0.4134521484375,0.2744140625,0.1812744140625,0.130859375,4,691,622,571,515,0.15374049544334412,0.24058902263641357,0.336598664522171,0.42680078744888306,0.3910715878009796,0.374277263879776,0.36925727128982544,0.35575082898139954
46,1480,0.24755054712295532,0.00020824636158067733,0.41015625,0.2744140625,0.18316650390625,0.13226318359375,4,690,624,571,518,0.1540687382221222,0.24108906090259552,0.3372257351875305,0.4266614615917206,0.3915095925331116,0.37442782521247864,0.36999520659446716,0.35558393597602844
46,1500,0.2464977502822876,0.00020824636158067733,0.4124755859375,0.27301025390625,0.1832275390625,0.13128662109375,4,691,621,572,517,0.1530565321445465,0.2406836599111557,0.3364616930484772,0.4266049265861511,0.3902505338191986,0.37442657351493835,0.3688715994358063,0.355429083108902
46,1520,0.24662041664123535,0.00020824636158067733,0.41455078125,0.27227783203125,0.18182373046875,0.13134765625,4,691,622,574,521,0.15312352776527405,0.24132034182548523,0.3373352885246277,0.42711982131004333,0.3904094099998474,0.3751828968524933,0.3701179027557373,0.35578563809394836
46,1540,0.24626654386520386,0.00020824636158067733,0.41461181640625,0.274658203125,0.17938232421875,0.13134765625,4,694,622,572,523,0.15420304238796234,0.23940835893154144,0.33701637387275696,0.4272773563861847,0.39176586270332336,0.3728322982788086,0.3696071207523346,0.35632312297821045
46,1560,0.2455613911151886,0.00020824636158067733,0.41229248046875,0.27593994140625,0.182373046875,0.12939453125,4,691,621,571,519,0.15323355793952942,0.23901107907295227,0.33598917722702026,0.4262641966342926,0.39002811908721924,0.3722747564315796,0.36836957931518555,0.35509198904037476
46,1580,0.24713397026062012,0.00020824636158067733,0.412353515625,0.2720947265625,0.1846923828125,0.130859375,4,689,622,572,518,0.15362431108951569,0.2410985678434372,0.3372768759727478,0.42711740732192993,0.3911953568458557,0.37486106157302856,0.3697494566440582,0.35594990849494934
46,1600,0.24701504409313202,0.00020824636158067733,0.41363525390625,0.27215576171875,0.18341064453125,0.13079833984375,4,694,625,577,523,0.15405429899692535,0.24046209454536438,0.33734357357025146,0.4279657006263733,0.3917277455329895,0.37413546442985535,0.3698658347129822,0.3570506274700165
46,1620,0.24589215219020844,0.00020824636158067733,0.415771484375,0.27056884765625,0.182861328125,0.13079833984375,4,695,623,573,518,0.15267664194107056,0.24024651944637299,0.3369264304637909,0.42660725116729736,0.3900650143623352,0.3737982511520386,0.36946484446525574,0.35532593727111816
46,1640,0.24562831223011017,0.00020824636158067733,0.4149169921875,0.27203369140625,0.1829833984375,0.13006591796875,4,692,620,570,519,0.15310998260974884,0.239215686917305,0.33677130937576294,0.4259539544582367,0.3902524709701538,0.37226253747940063,0.3692849576473236,0.3545866310596466
46,1660,0.24724669754505157,0.00020824636158067733,0.4127197265625,0.27471923828125,0.1802978515625,0.13226318359375,4,692,625,573,520,0.1541467308998108,0.24072512984275818,0.3373788595199585,0.4284397065639496,0.3918381333351135,0.3746435046195984,0.3699580132961273,0.35757604241371155
46,1680,0.2464190125465393,0.00020824636158067733,0.41357421875,0.27301025390625,0.18145751953125,0.1319580078125,4,689,624,575,519,0.15351973474025726,0.24014917016029358,0.3361760973930359,0.4271230399608612,0.39065060019493103,0.3735591173171997,0.36835983395576477,0.35616543889045715
46,1700,0.2465154230594635,0.00020824636158067733,0.41387939453125,0.272705078125,0.18359375,0.12982177734375,4,692,619,567,523,0.15401490032672882,0.23979663848876953,0.3368418216705322,0.4277867376804352,0.39177337288856506,0.3734298050403595,0.36893078684806824,0.357086181640625
46,1720,0.2458469569683075,0.00020824636158067733,0.412841796875,0.27178955078125,0.18408203125,0.13128662109375,4,690,617,568,523,0.15304264426231384,0.23908650875091553,0.33571186661720276,0.42567044496536255,0.39010077714920044,0.37203434109687805,0.36770227551460266,0.3543626666069031
46,1740,0.2463427484035492,0.00020824636158067733,0.41290283203125,0.269775390625,0.18511962890625,0.1322021484375,4,691,623,575,520,0.15249745547771454,0.23997673392295837,0.33628049492836,0.42649948596954346,0.389610230922699,0.373455673456192,0.3684142231941223,0.35523566603660583
46,1760,0.24557766318321228,0.00020824636158067733,0.4139404296875,0.27392578125,0.18206787109375,0.13006591796875,4,693,623,567,518,0.15314289927482605,0.23951055109500885,0.3359353244304657,0.4260493814945221,0.3902648091316223,0.37271738052368164,0.3680383563041687,0.35485780239105225
46,1780,0.24551257491111755,0.00020824636158067733,0.41619873046875,0.27008056640625,0.183349609375,0.13037109375,4,689,626,571,520,0.15308107435703278,0.23924148082733154,0.3356442153453827,0.4268256723880768,0.39028456807136536,0.3727436363697052,0.3676609992980957,0.35590660572052
46,1800,0.24615725874900818,0.00020824636158067733,0.41265869140625,0.271240234375,0.18292236328125,0.1331787109375,4,694,629,564,519,0.15288804471492767,0.2391802966594696,0.3351464569568634,0.4271371066570282,0.3901080787181854,0.3725631833076477,0.36702030897140503,0.35627445578575134
46,1820,0.24514487385749817,0.00020824636158067733,0.417724609375,0.26873779296875,0.1820068359375,0.13153076171875,4,694,625,566,519,0.1524924635887146,0.2389584481716156,0.33573949337005615,0.4266756772994995,0.38964763283729553,0.371916800737381,0.36791476607322693,0.3555479645729065
46,1840,0.24523259699344635,0.00020824636158067733,0.41644287109375,0.27105712890625,0.182861328125,0.129638671875,4,694,627,566,512,0.1532256156206131,0.23965172469615936,0.335184246301651,0.4255777597427368,0.39044860005378723,0.37314537167549133,0.36706697940826416,0.35428088903427124
46,1860,0.2466292828321457,0.00020824636158067733,0.41156005859375,0.26910400390625,0.187744140625,0.131591796875,4,691,632,569,518,0.15289945900440216,0.2408331036567688,0.33480677008628845,0.42582300305366516,0.39009472727775574,0.37456583976745605,0.3664766252040863,0.35449251532554626
46,1880,0.24787554144859314,0.00020824636158067733,0.4122314453125,0.26947021484375,0.1839599609375,0.13433837890625,4,694,621,569,516,0.154129758477211,0.24069443345069885,0.3367862105369568,0.4281967282295227,0.3918594717979431,0.3745936453342438,0.3689238429069519,0.35724136233329773
46,1900,0.24604026973247528,0.00020824636158067733,0.41278076171875,0.27337646484375,0.18280029296875,0.13104248046875,4,691,626,570,526,0.1532786786556244,0.23968330025672913,0.33537811040878296,0.4268753230571747,0.39024531841278076,0.3732242286205292,0.3673759400844574,0.3558889925479889
46,1920,0.24570150673389435,0.00020824636158067733,0.414306640625,0.2705078125,0.1834716796875,0.1317138671875,4,693,627,575,519,0.15237806737422943,0.24013637006282806,0.33472996950149536,0.42666739225387573,0.38946059346199036,0.37377962470054626,0.3664831817150116,0.35560351610183716
46,1940,0.24580813944339752,0.00020824636158067733,0.41265869140625,0.270751953125,0.185791015625,0.13079833984375,4,695,627,572,520,0.1525353342294693,0.23910082876682281,0.3353055417537689,0.42683538794517517,0.38934481143951416,0.37248146533966064,0.3671954870223999,0.35600578784942627
46,1960,0.2467949390411377,0.00020824636158067733,0.410400390625,0.27239990234375,0.18414306640625,0.133056640625,4,694,629,570,520,0.15273356437683105,0.24037428200244904,0.33508214354515076,0.42787832021713257,0.3894888162612915,0.37418070435523987,0.3670748174190521,0.35700830817222595
46,1980,0.24618816375732422,0.00020824636158067733,0.4129638671875,0.2685546875,0.1856689453125,0.1328125,4,691,625,572,518,0.1522279977798462,0.2399776428937912,0.3350293040275574,0.42670542001724243,0.38894033432006836,0.3737061023712158,0.3669206202030182,0.35556960105895996
46,2000,0.24602991342544556,0.00020824636158067733,0.41180419921875,0.26910400390625,0.185791015625,0.13330078125,4,691,626,575,516,0.1519337147474289,0.23950456082820892,0.3343805968761444,0.42675235867500305,0.3885388970375061,0.3730674982070923,0.36584144830703735,0.3556085526943207
47,0,0.3152732253074646,0.00020824636158067733,0.34246826171875,0.3037109375,0.18170166015625,0.172119140625,4,698,644,585,540,0.20985594391822815,0.3003511130809784,0.3891136646270752,0.4734029471874237,0.4417111277580261,0.4298342168331146,0.4128992557525635,0.3897148072719574
47,20,0.2907612919807434,0.00020824636158067733,0.35614013671875,0.2696533203125,0.20526123046875,0.1689453125,4,696,634,588,533,0.18691781163215637,0.276047945022583,0.3634829521179199,0.44479578733444214,0.4310731887817383,0.4180728793144226,0.4002994894981384,0.37494948506355286
47,40,0.2760663628578186,0.00020824636158067733,0.3721923828125,0.271728515625,0.194580078125,0.1614990234375,4,692,622,574,518,0.17872124910354614,0.26536834239959717,0.348528653383255,0.43110358715057373,0.42252373695373535,0.40634334087371826,0.3852314054965973,0.3616078197956085
47,60,0.27018770575523376,0.00020824636158067733,0.38177490234375,0.27459716796875,0.1943359375,0.1492919921875,4,691,618,565,503,0.17698615789413452,0.261063814163208,0.34432247281074524,0.42880550026893616,0.420248419046402,0.40085506439208984,0.3794170618057251,0.357504278421402
47,80,0.26889491081237793,0.00020824636158067733,0.382568359375,0.27801513671875,0.19024658203125,0.149169921875,4,690,621,566,501,0.1761610358953476,0.26006370782852173,0.343516081571579,0.4280144274234772,0.41901111602783203,0.39930957555770874,0.37824276089668274,0.35634320974349976
47,100,0.26990196108818054,0.00020824636158067733,0.37860107421875,0.277587890625,0.19305419921875,0.1507568359375,4,688,618,566,504,0.1763942986726761,0.2600093483924866,0.34396880865097046,0.4280986189842224,0.4193570017814636,0.39930757880210876,0.37905582785606384,0.35668033361434937
47,120,0.26966291666030884,0.00020824636158067733,0.38262939453125,0.272216796875,0.19195556640625,0.1531982421875,4,691,620,564,511,0.1758936643600464,0.2599238157272339,0.3440929353237152,0.4279073178768158,0.41891101002693176,0.39900657534599304,0.37919020652770996,0.35699644684791565
47,140,0.26741862297058105,0.00020824636158067733,0.38714599609375,0.27276611328125,0.190673828125,0.1494140625,4,691,618,564,508,0.17494480311870575,0.25820648670196533,0.3426022529602051,0.42789947986602783,0.41758856177330017,0.396855890750885,0.3772260546684265,0.3567655682563782
47,160,0.2667531669139862,0.00020824636158067733,0.38623046875,0.2769775390625,0.1885986328125,0.148193359375,4,688,623,559,506,0.1735864132642746,0.2591716945171356,0.34201759099960327,0.42795467376708984,0.41609352827072144,0.39823612570762634,0.37662434577941895,0.3570745587348938
47,180,0.2669748067855835,0.00020824636158067733,0.3818359375,0.2786865234375,0.19012451171875,0.14935302734375,4,682,625,561,512,0.17218489944934845,0.2590867877006531,0.34216704964637756,0.42831483483314514,0.414259672164917,0.3980894088745117,0.3769489824771881,0.3579350709915161
47,200,0.2642572820186615,0.00020824636158067733,0.38824462890625,0.27734375,0.1873779296875,0.14703369140625,4,683,624,560,513,0.1701202690601349,0.25764942169189453,0.3414824306964874,0.4268767833709717,0.4117990732192993,0.3960925042629242,0.37592580914497375,0.3558017611503601
47,220,0.2626917064189911,0.00020824636158067733,0.39154052734375,0.274169921875,0.190185546875,0.14410400390625,4,683,627,559,512,0.168503537774086,0.25599411129951477,0.34106287360191345,0.42791759967803955,0.40990281105041504,0.39407363533973694,0.3754718005657196,0.35718855261802673
47,240,0.26188212633132935,0.00020824636158067733,0.39483642578125,0.2713623046875,0.19195556640625,0.141845703125,4,686,629,563,515,0.16810202598571777,0.2556094825267792,0.34157171845436096,0.42708346247673035,0.40955767035484314,0.39353933930397034,0.37623754143714905,0.3561139702796936
47,260,0.25992316007614136,0.00020824636158067733,0.39935302734375,0.27117919921875,0.1888427734375,0.140625,4,683,625,560,514,0.16621948778629303,0.2549796402454376,0.3411409556865692,0.4264938533306122,0.40718817710876465,0.3926980197429657,0.3755810260772705,0.3553870618343353
47,280,0.25918328762054443,0.00020824636158067733,0.39703369140625,0.27593994140625,0.18914794921875,0.13787841796875,4,684,630,559,511,0.16528935730457306,0.2543014883995056,0.34084421396255493,0.42730337381362915,0.40596356987953186,0.39212653040885925,0.37519901990890503,0.35655975341796875
47,300,0.2600461542606354,0.00020824636158067733,0.393798828125,0.2740478515625,0.191650390625,0.1405029296875,4,682,630,556,519,0.16410255432128906,0.25514036417007446,0.34095561504364014,0.4281606674194336,0.4044884443283081,0.3930029273033142,0.3752506375312805,0.35788804292678833
47,320,0.2571868896484375,0.00020824636158067733,0.40380859375,0.27301025390625,0.18609619140625,0.1370849609375,4,684,629,561,512,0.16303034126758575,0.25433841347694397,0.34020131826400757,0.42752090096473694,0.40342801809310913,0.39204612374305725,0.37415820360183716,0.35703644156455994
47,340,0.25680801272392273,0.00020824636158067733,0.40283203125,0.27490234375,0.1865234375,0.1357421875,4,684,632,556,516,0.16227391362190247,0.2549254596233368,0.3391673266887665,0.42799222469329834,0.4023933708667755,0.3929036557674408,0.37288907170295715,0.3576803207397461
47,360,0.25563734769821167,0.00020824636158067733,0.4031982421875,0.27691650390625,0.188232421875,0.13165283203125,4,684,631,561,514,0.16104280948638916,0.2545611262321472,0.3397105038166046,0.42740026116371155,0.40080153942108154,0.3924331068992615,0.37363386154174805,0.3568779528141022
47,380,0.25546544790267944,0.00020824636158067733,0.403076171875,0.27496337890625,0.1895751953125,0.13238525390625,4,684,634,561,509,0.16059958934783936,0.25393056869506836,0.339234858751297,0.42753612995147705,0.4001467525959015,0.3916034400463104,0.37293198704719543,0.3571063280105591
47,400,0.2553898096084595,0.00020824636158067733,0.403564453125,0.2750244140625,0.18450927734375,0.13690185546875,4,684,631,556,515,0.1601971685886383,0.2534836530685425,0.3377140760421753,0.42887917160987854,0.3997138738632202,0.3907220959663391,0.37085044384002686,0.35891658067703247
47,420,0.254801481962204,0.00020824636158067733,0.404052734375,0.2752685546875,0.1883544921875,0.13232421875,4,684,631,557,520,0.1599733829498291,0.25287190079689026,0.3383943438529968,0.42938491702079773,0.3994651138782501,0.390254944562912,0.37186944484710693,0.3595595359802246
47,440,0.253787636756897,0.00020824636158067733,0.40850830078125,0.2724609375,0.18572998046875,0.13330078125,4,685,628,559,516,0.15945947170257568,0.2524864971637726,0.3367801904678345,0.42988675832748413,0.39883169531822205,0.3895775377750397,0.36965903639793396,0.36036840081214905
47,460,0.25376319885253906,0.00020824636158067733,0.40533447265625,0.274658203125,0.1859130859375,0.13409423828125,4,686,628,557,523,0.15901711583137512,0.2520348131656647,0.3358323872089386,0.42991411685943604,0.39807137846946716,0.38888102769851685,0.3684101402759552,0.3603658676147461
47,480,0.254472553730011,0.00020824636158067733,0.4034423828125,0.2764892578125,0.1866455078125,0.1334228515625,4,684,628,562,520,0.1594213843345642,0.2523244023323059,0.3377939760684967,0.42977991700172424,0.39870885014533997,0.38957729935646057,0.3707723617553711,0.3601849675178528
47,500,0.25296106934547424,0.00020824636158067733,0.4049072265625,0.2769775390625,0.18634033203125,0.13177490234375,4,686,630,561,516,0.15811489522457123,0.2517605125904083,0.3365795612335205,0.4286767840385437,0.3969700038433075,0.3888120651245117,0.36933085322380066,0.35866478085517883
47,520,0.25376129150390625,0.00020824636158067733,0.40277099609375,0.27276611328125,0.191162109375,0.13330078125,4,688,626,568,513,0.1576336771249771,0.2510378658771515,0.33787867426872253,0.42915594577789307,0.39634400606155396,0.38777631521224976,0.37091195583343506,0.35927093029022217
47,540,0.2534700036048889,0.00020824636158067733,0.40557861328125,0.27227783203125,0.18853759765625,0.13360595703125,4,689,631,559,514,0.15842461585998535,0.2509680986404419,0.33672279119491577,0.4296095669269562,0.3973052501678467,0.3875454366207123,0.3695449233055115,0.35985347628593445
47,560,0.2524467706680298,0.00020824636158067733,0.4068603515625,0.275146484375,0.18377685546875,0.13421630859375,4,688,629,560,520,0.15731613337993622,0.2516768276691437,0.33464521169662476,0.4298510253429413,0.3958766460418701,0.38846075534820557,0.3667888045310974,0.35990452766418457
47,580,0.2529889643192291,0.00020824636158067733,0.404052734375,0.27862548828125,0.18359375,0.13372802734375,4,689,635,560,523,0.1576051414012909,0.25199219584465027,0.3355191946029663,0.429958313703537,0.39658766984939575,0.38919129967689514,0.3678804039955139,0.36002230644226074
47,600,0.25255173444747925,0.00020824636158067733,0.40374755859375,0.27874755859375,0.18585205078125,0.13165283203125,4,691,634,562,517,0.1572536677122116,0.25190258026123047,0.3346899747848511,0.43022939562797546,0.3959212899208069,0.3890937268733978,0.3668229877948761,0.3603052794933319
47,620,0.25257307291030884,0.00020824636158067733,0.40472412109375,0.27630615234375,0.18572998046875,0.13323974609375,4,693,632,558,518,0.15690210461616516,0.2516396939754486,0.3351421654224396,0.43001788854599,0.39554330706596375,0.3886454403400421,0.36739417910575867,0.3599964380264282
47,640,0.25221043825149536,0.00020824636158067733,0.40618896484375,0.27471923828125,0.18701171875,0.132080078125,4,689,630,557,520,0.15702007710933685,0.25109127163887024,0.3352476954460144,0.42970722913742065,0.39573079347610474,0.38787204027175903,0.36749598383903503,0.35955584049224854
47,660,0.25095972418785095,0.00020824636158067733,0.4083251953125,0.2744140625,0.1881103515625,0.129150390625,4,692,630,561,514,0.15676258504390717,0.25064101815223694,0.3340381979942322,0.4284471869468689,0.3952427804470062,0.3874770998954773,0.36575764417648315,0.3581238389015198
47,680,0.2529042363166809,0.00020824636158067733,0.40264892578125,0.2738037109375,0.18939208984375,0.1341552734375,4,690,631,572,517,0.15746144950389862,0.250286340713501,0.33420199155807495,0.42993468046188354,0.3960348069667816,0.38679569959640503,0.366166353225708,0.3600427508354187
47,700,0.2509559094905853,0.00020824636158067733,0.40631103515625,0.27691650390625,0.1846923828125,0.132080078125,4,687,629,564,518,0.15663860738277435,0.24975141882896423,0.3328033685684204,0.42917442321777344,0.3949645161628723,0.38625001907348633,0.3641701638698578,0.35893306136131287
47,720,0.250542551279068,0.00020824636158067733,0.408447265625,0.27618408203125,0.18402099609375,0.13134765625,4,688,635,569,521,0.1565404236316681,0.2500307261943817,0.3321855962276459,0.42955029010772705,0.3949905037879944,0.3865567743778229,0.3634323179721832,0.3593968451023102
47,740,0.2502155601978302,0.00020824636158067733,0.40802001953125,0.27630615234375,0.185791015625,0.1298828125,4,690,633,568,521,0.1559290736913681,0.24989847838878632,0.3328478932380676,0.4288846254348755,0.3943394720554352,0.3862472474575043,0.3644058108329773,0.35849276185035706
47,760,0.2509116232395172,0.00020824636158067733,0.40753173828125,0.275390625,0.18560791015625,0.1314697265625,4,692,633,571,518,0.15688088536262512,0.24969306588172913,0.33276644349098206,0.4293798804283142,0.3954119384288788,0.38601154088974,0.36417368054389954,0.3592402935028076
47,780,0.25030404329299927,0.00020824636158067733,0.409912109375,0.27447509765625,0.18341064453125,0.1322021484375,4,692,633,571,523,0.1564381718635559,0.2491503357887268,0.33261728286743164,0.42954689264297485,0.39502841234207153,0.3853472173213959,0.3640040457248688,0.35919854044914246
47,800,0.25035980343818665,0.00020824636158067733,0.4063720703125,0.2772216796875,0.1851806640625,0.1312255859375,4,691,632,572,523,0.15608350932598114,0.24931460618972778,0.33270272612571716,0.428318053483963,0.39422768354415894,0.3856559991836548,0.3640279769897461,0.3577464520931244
47,820,0.2501213550567627,0.00020824636158067733,0.40557861328125,0.2777099609375,0.18414306640625,0.132568359375,4,690,631,571,529,0.1552986353635788,0.24818794429302216,0.33244654536247253,0.42991822957992554,0.3933572769165039,0.3840538263320923,0.36367180943489075,0.35975685715675354
47,840,0.24966877698898315,0.00020824636158067733,0.4061279296875,0.2762451171875,0.18695068359375,0.13067626953125,4,689,630,571,515,0.15535612404346466,0.24794349074363708,0.33268895745277405,0.4276578724384308,0.39343181252479553,0.3837224245071411,0.3639838993549347,0.35692527890205383
47,860,0.2501811981201172,0.00020824636158067733,0.4068603515625,0.2757568359375,0.18621826171875,0.13116455078125,4,692,632,574,525,0.156046524643898,0.24801404774188995,0.3328996002674103,0.42929670214653015,0.39437562227249146,0.3840532898902893,0.3642643690109253,0.35910966992378235
47,880,0.25008052587509155,0.00020824636158067733,0.40521240234375,0.27374267578125,0.18988037109375,0.13116455078125,4,689,632,572,526,0.15528948605060577,0.2474042773246765,0.33312779664993286,0.428284615278244,0.3934159576892853,0.38330769538879395,0.36477336287498474,0.357807993888855
47,900,0.24953562021255493,0.00020824636158067733,0.40802001953125,0.2730712890625,0.187255859375,0.13165283203125,4,693,632,579,524,0.15487603843212128,0.2470167577266693,0.33335167169570923,0.4289148449897766,0.3930419087409973,0.38258811831474304,0.3649488389492035,0.3585841953754425
47,920,0.2499494105577469,0.00020824636158067733,0.405029296875,0.27459716796875,0.189697265625,0.13067626953125,4,692,632,576,523,0.15474803745746613,0.24794840812683105,0.3334043025970459,0.42808154225349426,0.3926871120929718,0.38400712609291077,0.3650484085083008,0.3574402332305908
47,940,0.24881115555763245,0.00020824636158067733,0.40704345703125,0.2760009765625,0.18731689453125,0.129638671875,4,691,631,575,525,0.15406401455402374,0.2470276653766632,0.3339099884033203,0.42713743448257446,0.39189642667770386,0.3827262222766876,0.3656931221485138,0.35618671774864197
47,960,0.24881066381931305,0.00020824636158067733,0.40753173828125,0.2760009765625,0.18670654296875,0.1297607421875,4,691,635,576,520,0.15401728451251984,0.24746756255626678,0.33324533700942993,0.42789027094841003,0.3918115198612213,0.3832228183746338,0.36480316519737244,0.3570813536643982
47,980,0.24881258606910706,0.00020824636158067733,0.406005859375,0.2755126953125,0.18927001953125,0.12921142578125,4,693,634,576,523,0.15410996973514557,0.2462131381034851,0.33427873253822327,0.4267368018627167,0.39191359281539917,0.38146382570266724,0.36607638001441956,0.35558563470840454
47,1000,0.24949148297309875,0.00020824636158067733,0.40533447265625,0.27362060546875,0.192626953125,0.12841796875,4,693,633,578,515,0.15442271530628204,0.24726423621177673,0.3344132602214813,0.42692670226097107,0.3922308087348938,0.3829837143421173,0.3663179874420166,0.35576120018959045
47,1020,0.24805642664432526,0.00020824636158067733,0.40673828125,0.2779541015625,0.18634033203125,0.12896728515625,4,692,633,568,525,0.15424105525016785,0.24582333862781525,0.3323229253292084,0.4269912540912628,0.39203786849975586,0.3814372718334198,0.3632834553718567,0.3559580445289612
47,1040,0.2474483698606491,0.00020824636158067733,0.40911865234375,0.27490234375,0.1883544921875,0.12762451171875,4,693,632,578,515,0.1533694714307785,0.2456754744052887,0.33274024724960327,0.42697277665138245,0.3909984827041626,0.38111746311187744,0.3640309274196625,0.3558560907840729
47,1060,0.24798358976840973,0.00020824636158067733,0.4066162109375,0.27679443359375,0.18878173828125,0.1278076171875,4,692,630,582,520,0.15357723832130432,0.24526576697826385,0.33366188406944275,0.42766711115837097,0.39133867621421814,0.38052305579185486,0.36534103751182556,0.35691362619400024
47,1080,0.24821731448173523,0.00020824636158067733,0.4071044921875,0.27655029296875,0.186767578125,0.12957763671875,4,693,631,581,523,0.15363357961177826,0.24563685059547424,0.33359766006469727,0.42782267928123474,0.3913303315639496,0.38091593980789185,0.36509284377098083,0.3570733666419983
47,1100,0.2480546534061432,0.00020824636158067733,0.4080810546875,0.2744140625,0.1883544921875,0.129150390625,4,692,636,580,521,0.15350164473056793,0.24542741477489471,0.3334193825721741,0.42790237069129944,0.39119839668273926,0.3805108964443207,0.3650503158569336,0.3571222722530365
47,1120,0.24765892326831818,0.00020824636158067733,0.40667724609375,0.27685546875,0.18914794921875,0.1273193359375,4,694,632,584,521,0.15350520610809326,0.24479946494102478,0.33396396040916443,0.42640167474746704,0.39121827483177185,0.37992021441459656,0.3651723861694336,0.3552403450012207
47,1140,0.24860471487045288,0.00020824636158067733,0.404052734375,0.27374267578125,0.194091796875,0.12811279296875,4,692,629,586,524,0.15325021743774414,0.2454492747783661,0.33391430974006653,0.4268392324447632,0.3906228840351105,0.38062143325805664,0.36570748686790466,0.3557574450969696
47,1160,0.2477453202009201,0.00020824636158067733,0.40618896484375,0.2769775390625,0.18914794921875,0.127685546875,4,693,636,582,518,0.1530473828315735,0.24535124003887177,0.3341849148273468,0.4261404573917389,0.39067158102989197,0.3806747496128082,0.365811824798584,0.35465866327285767
47,1180,0.24691250920295715,0.00020824636158067733,0.407958984375,0.27587890625,0.1878662109375,0.1282958984375,4,692,629,578,520,0.15266378223896027,0.2445826381444931,0.33239784836769104,0.4264393448829651,0.3900456428527832,0.37952643632888794,0.3632514476776123,0.3550807237625122
47,1200,0.24746406078338623,0.00020824636158067733,0.40576171875,0.277099609375,0.18646240234375,0.13067626953125,4,694,633,576,522,0.15215378999710083,0.24495556950569153,0.33280661702156067,0.42695483565330505,0.38942259550094604,0.379793256521225,0.3639910817146301,0.35567402839660645
47,1220,0.24769864976406097,0.00020824636158067733,0.40740966796875,0.2767333984375,0.18798828125,0.12786865234375,4,693,635,583,517,0.15340545773506165,0.24488075077533722,0.3334611654281616,0.42814502120018005,0.39111796021461487,0.38002315163612366,0.3649361729621887,0.357401043176651
47,1240,0.2467317283153534,0.00020824636158067733,0.40997314453125,0.27490234375,0.1861572265625,0.12896728515625,4,693,633,578,521,0.15304416418075562,0.24441474676132202,0.3319970369338989,0.4264172911643982,0.39054182171821594,0.3792572021484375,0.3628353476524353,0.3550007939338684
47,1260,0.24747586250305176,0.00020824636158067733,0.40533447265625,0.277099609375,0.18896484375,0.12860107421875,4,695,633,578,517,0.15242308378219604,0.24537259340286255,0.3324394226074219,0.42675772309303284,0.3898550570011139,0.38060176372528076,0.36344653367996216,0.35528692603111267
47,1280,0.2478048950433731,0.00020824636158067733,0.40283203125,0.27740478515625,0.19024658203125,0.1295166015625,4,696,637,582,517,0.15188683569431305,0.24543778598308563,0.33205845952033997,0.42744630575180054,0.3890782594680786,0.3805254101753235,0.3629888892173767,0.35623985528945923
47,1300,0.24624715745449066,0.00020824636158067733,0.40814208984375,0.278564453125,0.1854248046875,0.12786865234375,4,693,634,578,518,0.15165205299854279,0.24503031373023987,0.3328332006931305,0.42527467012405396,0.38883304595947266,0.3798922598361969,0.3639858067035675,0.35340285301208496
47,1320,0.2471865862607956,0.00020824636158067733,0.4061279296875,0.278564453125,0.18670654296875,0.12860107421875,4,691,634,580,518,0.1520238071680069,0.24542179703712463,0.3332393169403076,0.42660391330718994,0.389346182346344,0.3805314898490906,0.3647634983062744,0.3550878167152405
47,1340,0.24668413400650024,0.00020824636158067733,0.4083251953125,0.277587890625,0.185302734375,0.1287841796875,4,691,637,580,521,0.15192541480064392,0.24529603123664856,0.3326736390590668,0.42639264464378357,0.3892073333263397,0.38035985827445984,0.36392101645469666,0.3546663522720337
47,1360,0.24703246355056763,0.00020824636158067733,0.40728759765625,0.2763671875,0.18634033203125,0.1300048828125,4,692,635,578,523,0.1519504338502884,0.24519935250282288,0.3325125575065613,0.42628684639930725,0.3891550600528717,0.38018080592155457,0.36354565620422363,0.35452893376350403
47,1380,0.2468462586402893,0.00020824636158067733,0.4058837890625,0.27935791015625,0.18450927734375,0.1302490234375,4,695,635,582,526,0.15161506831645966,0.24479389190673828,0.3320857286453247,0.42725977301597595,0.3887604773044586,0.3796832263469696,0.36315685510635376,0.355873703956604
47,1400,0.24589332938194275,0.00020824636158067733,0.4088134765625,0.27752685546875,0.18377685546875,0.1298828125,4,693,632,579,518,0.1508050113916397,0.24405619502067566,0.33295124769210815,0.4259324371814728,0.3877520263195038,0.3784432113170624,0.3642190098762512,0.35411906242370605
47,1420,0.24649113416671753,0.00020824636158067733,0.407470703125,0.27935791015625,0.18206787109375,0.131103515625,4,695,636,571,518,0.1519055813550949,0.24454107880592346,0.3310398757457733,0.42720335721969604,0.3891342282295227,0.37914392352104187,0.3613824248313904,0.3559180796146393
47,1440,0.24713574349880219,0.00020824636158067733,0.4056396484375,0.27545166015625,0.1898193359375,0.12908935546875,4,694,634,582,521,0.15151870250701904,0.24426448345184326,0.3336092531681061,0.4265665113925934,0.388780802488327,0.3789059817790985,0.36515897512435913,0.3549889922142029
47,1460,0.24641892313957214,0.00020824636158067733,0.40576171875,0.27752685546875,0.1893310546875,0.12738037109375,4,694,632,579,519,0.15185785293579102,0.24335327744483948,0.33224114775657654,0.4267547130584717,0.38905444741249084,0.3778395652770996,0.3634403645992279,0.3555578589439392
47,1480,0.24728237092494965,0.00020824636158067733,0.40472412109375,0.27655029296875,0.19036865234375,0.12835693359375,4,693,631,581,514,0.1522032916545868,0.24413618445396423,0.33380359411239624,0.42553484439849854,0.3895761966705322,0.37879884243011475,0.36524003744125366,0.35359713435173035
47,1500,0.2459697276353836,0.00020824636158067733,0.40716552734375,0.277099609375,0.18719482421875,0.1285400390625,4,693,632,580,520,0.1513548493385315,0.24324244260787964,0.332223117351532,0.42594051361083984,0.3883861303329468,0.37748125195503235,0.3632456958293915,0.35420939326286316
47,1520,0.24664145708084106,0.00020824636158067733,0.4061279296875,0.27520751953125,0.1890869140625,0.12957763671875,4,694,636,583,517,0.1515074223279953,0.24340355396270752,0.3323621451854706,0.42660319805145264,0.3886253237724304,0.3777436912059784,0.3634204864501953,0.3551656901836395
47,1540,0.24608919024467468,0.00020824636158067733,0.40802001953125,0.27655029296875,0.187255859375,0.128173828125,4,691,633,580,519,0.15153461694717407,0.24319086968898773,0.332555890083313,0.4270177185535431,0.38882187008857727,0.37754425406455994,0.36360064148902893,0.3556833565235138
47,1560,0.2459963709115982,0.00020824636158067733,0.40765380859375,0.27764892578125,0.18560791015625,0.12908935546875,4,692,634,579,522,0.15138931572437286,0.24379006028175354,0.3318808972835541,0.42601633071899414,0.388567179441452,0.37831130623817444,0.3627961575984955,0.3541583716869354
47,1580,0.24629642069339752,0.00020824636158067733,0.4058837890625,0.27783203125,0.18798828125,0.1282958984375,4,694,633,579,523,0.15154807269573212,0.24348664283752441,0.3321026861667633,0.4264025092124939,0.3887925446033478,0.37790998816490173,0.3630840480327606,0.3549129068851471
47,1600,0.24642416834831238,0.00020824636158067733,0.4056396484375,0.2791748046875,0.1861572265625,0.1290283203125,4,692,634,583,520,0.15182539820671082,0.24319323897361755,0.3328428864479065,0.42613300681114197,0.3890162408351898,0.37760141491889954,0.36383289098739624,0.35442253947257996
47,1620,0.24612760543823242,0.00020824636158067733,0.4085693359375,0.27447509765625,0.18536376953125,0.131591796875,4,692,632,575,521,0.15100489556789398,0.24328219890594482,0.3316582441329956,0.4269210696220398,0.38800016045570374,0.37739208340644836,0.36248984932899475,0.3554185628890991
47,1640,0.2456771433353424,0.00020824636158067733,0.40802001953125,0.2794189453125,0.1846923828125,0.12786865234375,4,694,634,573,520,0.15165238082408905,0.24342763423919678,0.3322819769382477,0.425527960062027,0.3888494372367859,0.3776896893978119,0.36317822337150574,0.3534204661846161
47,1660,0.24661295115947723,0.00020824636158067733,0.40625,0.2738037109375,0.18988037109375,0.13006591796875,4,695,633,583,523,0.15111078321933746,0.24304400384426117,0.33326563239097595,0.42591649293899536,0.38819289207458496,0.37735873460769653,0.3643917143344879,0.35423192381858826
47,1680,0.2455131709575653,0.00020824636158067733,0.40765380859375,0.27789306640625,0.1865234375,0.1279296875,4,693,634,577,520,0.1511714607477188,0.2434871941804886,0.33119261264801025,0.42561638355255127,0.3880787789821625,0.37784332036972046,0.361777126789093,0.35366007685661316
47,1700,0.24595001339912415,0.00020824636158067733,0.40850830078125,0.27459716796875,0.18994140625,0.126953125,4,694,637,582,516,0.15131714940071106,0.24281035363674164,0.3343013525009155,0.42506247758865356,0.3885943293571472,0.37734469771385193,0.3660745918750763,0.35310959815979004
47,1720,0.2460789680480957,0.00020824636158067733,0.40753173828125,0.276611328125,0.18743896484375,0.12841796875,4,691,631,577,510,0.15131011605262756,0.2432953119277954,0.3325486481189728,0.4266107678413391,0.3884414732456207,0.37757769227027893,0.36372894048690796,0.35505175590515137
47,1740,0.24689671397209167,0.00020824636158067733,0.40496826171875,0.27667236328125,0.18841552734375,0.12994384765625,4,693,634,580,516,0.15125708281993866,0.24349971115589142,0.33304890990257263,0.4272705614566803,0.3884209394454956,0.3776392340660095,0.3644219934940338,0.35591134428977966
47,1760,0.2457171082496643,0.00020824636158067733,0.40753173828125,0.27728271484375,0.18548583984375,0.12969970703125,4,693,633,577,519,0.15108829736709595,0.2423786222934723,0.33229562640190125,0.4263717532157898,0.38801702857017517,0.3762499988079071,0.3633468449115753,0.35466089844703674
47,1780,0.2459152340888977,0.00020824636158067733,0.406005859375,0.27972412109375,0.1864013671875,0.12786865234375,4,693,633,577,521,0.15091487765312195,0.24375467002391815,0.33383381366729736,0.42412084341049194,0.3879391551017761,0.3783174753189087,0.3653058409690857,0.35158082842826843
47,1800,0.24496904015541077,0.00020824636158067733,0.4097900390625,0.27740478515625,0.1851806640625,0.12762451171875,4,690,635,583,521,0.15071932971477509,0.2432357221841812,0.3317215144634247,0.4254872500896454,0.3876403570175171,0.3777252435684204,0.3626328408718109,0.3534281253814697
47,1820,0.24500253796577454,0.00020824636158067733,0.40728759765625,0.27825927734375,0.18756103515625,0.12689208984375,4,690,635,575,516,0.1504283845424652,0.24278958141803741,0.3322561979293823,0.4244405925273895,0.3873187005519867,0.37709546089172363,0.36325570940971375,0.35214313864707947
47,1840,0.2454160898923874,0.00020824636158067733,0.4080810546875,0.27532958984375,0.18719482421875,0.12939453125,4,693,634,576,513,0.15093976259231567,0.2421436905860901,0.33251211047172546,0.4243345558643341,0.3880036771297455,0.37609273195266724,0.3636161684989929,0.35201340913772583
47,1860,0.24582603573799133,0.00020824636158067733,0.40631103515625,0.27728271484375,0.1875,0.12890625,4,692,638,577,525,0.15077541768550873,0.2435205727815628,0.33177557587623596,0.42536601424217224,0.38764551281929016,0.37802058458328247,0.36247485876083374,0.35322993993759155
47,1880,0.2458222210407257,0.00020824636158067733,0.4051513671875,0.27740478515625,0.18817138671875,0.1292724609375,4,695,632,580,516,0.15063002705574036,0.2425508350133896,0.33325475454330444,0.4239145517349243,0.38758230209350586,0.3765164613723755,0.3643130660057068,0.35153499245643616
47,1900,0.24623936414718628,0.00020824636158067733,0.40667724609375,0.27508544921875,0.1884765625,0.1297607421875,4,694,634,575,519,0.15112853050231934,0.24281948804855347,0.33204665780067444,0.42693740129470825,0.3883207142353058,0.3772515654563904,0.36307287216186523,0.355549156665802
47,1920,0.24655762314796448,0.00020824636158067733,0.40435791015625,0.2752685546875,0.1905517578125,0.12982177734375,4,695,636,577,518,0.1509971022605896,0.2425065040588379,0.33325737714767456,0.4255337715148926,0.38805335760116577,0.37657630443573,0.3643369674682617,0.3537871539592743
47,1940,0.2459849864244461,0.00020824636158067733,0.40509033203125,0.2760009765625,0.18896484375,0.12994384765625,4,693,635,573,520,0.15034419298171997,0.24219554662704468,0.3328677713871002,0.42584168910980225,0.38716837763786316,0.376174658536911,0.36398887634277344,0.3542269468307495
47,1960,0.24554254114627838,0.00020824636158067733,0.40789794921875,0.2767333984375,0.18701171875,0.12835693359375,4,695,635,573,521,0.1508067548274994,0.2427205592393875,0.3330872058868408,0.4251324236392975,0.38788339495658875,0.3769059479236603,0.36439409852027893,0.3531539738178253
47,1980,0.24602648615837097,0.00020824636158067733,0.40679931640625,0.277587890625,0.18780517578125,0.1278076171875,4,695,636,574,520,0.15099862217903137,0.24358607828617096,0.3337372839450836,0.4249059855937958,0.3882690668106079,0.3780706822872162,0.3652103841304779,0.3528156876564026
47,2000,0.24527695775032043,0.00020824636158067733,0.40838623046875,0.27484130859375,0.18804931640625,0.12872314453125,4,693,631,576,517,0.15071383118629456,0.2417907416820526,0.3323124051094055,0.4255823791027069,0.3876180052757263,0.3759339153766632,0.36306264996528625,0.35374945402145386
48,0,0.3238520324230194,0.00020824636158067733,0.3463134765625,0.1900634765625,0.28607177734375,0.17755126953125,4,698,619,592,516,0.21184121072292328,0.2888585329055786,0.3948711156845093,0.4653620421886444,0.4462812542915344,0.4299543499946594,0.41155827045440674,0.3809433877468109
48,20,0.2940651476383209,0.00020824636158067733,0.35009765625,0.25140380859375,0.2186279296875,0.17987060546875,4,689,621,584,527,0.1886472851037979,0.27449265122413635,0.36310097575187683,0.4426940977573395,0.42921197414398193,0.41655802726745605,0.3975273370742798,0.3713556230068207
48,40,0.28079989552497864,0.00020824636158067733,0.35089111328125,0.28485107421875,0.2010498046875,0.1632080078125,4,688,625,579,514,0.18138904869556427,0.26761046051979065,0.3512890040874481,0.4307164251804352,0.4245699942111969,0.4091314971446991,0.3880807161331177,0.36096706986427307
48,60,0.27389007806777954,0.00020824636158067733,0.3695068359375,0.28125,0.1971435546875,0.152099609375,4,690,620,571,503,0.18016217648983002,0.26352885365486145,0.3469301462173462,0.426078736782074,0.42419904470443726,0.403837114572525,0.38330963253974915,0.35416850447654724
48,80,0.27150821685791016,0.00020824636158067733,0.37310791015625,0.28033447265625,0.19622802734375,0.15032958984375,4,685,619,566,499,0.17730304598808289,0.26272815465927124,0.3452514708042145,0.42543351650238037,0.42057371139526367,0.4025534391403198,0.3809037506580353,0.3530636131763458
48,100,0.2699658274650574,0.00020824636158067733,0.37811279296875,0.28289794921875,0.19195556640625,0.14703369140625,4,687,620,565,502,0.17747269570827484,0.26211830973625183,0.3452964425086975,0.42457494139671326,0.4206855297088623,0.40212249755859375,0.3806826174259186,0.3518311083316803
48,120,0.27028489112854004,0.00020824636158067733,0.3760986328125,0.28265380859375,0.19091796875,0.15032958984375,4,687,620,559,504,0.17662490904331207,0.2616129517555237,0.344838410615921,0.4262285828590393,0.4194580316543579,0.40144023299217224,0.3799528181552887,0.35450875759124756
48,140,0.27092909812927246,0.00020824636158067733,0.377197265625,0.2794189453125,0.1922607421875,0.151123046875,4,687,620,560,503,0.17635154724121094,0.2622179090976715,0.34658166766166687,0.42685142159461975,0.41928619146347046,0.4021698534488678,0.3823046386241913,0.35579434037208557
48,160,0.2700536251068115,0.00020824636158067733,0.37677001953125,0.281005859375,0.1937255859375,0.14849853515625,4,685,619,562,499,0.17569604516029358,0.26164981722831726,0.34616371989250183,0.4260697066783905,0.4184088408946991,0.4013735055923462,0.3817027509212494,0.35426822304725647
48,180,0.2693063020706177,0.00020824636158067733,0.37652587890625,0.28424072265625,0.1910400390625,0.148193359375,4,689,618,559,497,0.1755153238773346,0.2609298825263977,0.3453964293003082,0.4255843758583069,0.4182221293449402,0.4004751741886139,0.3804914653301239,0.35345202684402466
48,200,0.2683420777320862,0.00020824636158067733,0.3807373046875,0.28228759765625,0.19036865234375,0.1466064453125,4,690,620,562,497,0.17510691285133362,0.26055458188056946,0.3449993431568146,0.42592915892601013,0.41784393787384033,0.3998045027256012,0.3798486590385437,0.3537168800830841
48,220,0.2690713107585907,0.00020824636158067733,0.37884521484375,0.2822265625,0.1927490234375,0.14617919921875,4,691,617,567,500,0.1752859354019165,0.2614627778530121,0.3457057476043701,0.4257710874080658,0.41803765296936035,0.4010014235973358,0.3810370862483978,0.35364609956741333
48,240,0.269704669713974,0.00020824636158067733,0.37506103515625,0.28509521484375,0.19122314453125,0.14862060546875,4,689,623,568,501,0.17507095634937286,0.26113685965538025,0.3464551866054535,0.4262077808380127,0.41773512959480286,0.4006761908531189,0.38203081488609314,0.354534387588501
48,260,0.2692219316959381,0.00020824636158067733,0.37774658203125,0.2821044921875,0.19287109375,0.14727783203125,4,688,616,566,503,0.17504046857357025,0.2599976062774658,0.3466298580169678,0.427081435918808,0.4177592992782593,0.39918822050094604,0.3823253810405731,0.3557092547416687
48,280,0.26838552951812744,0.00020824636158067733,0.3795166015625,0.282470703125,0.1904296875,0.1475830078125,4,690,622,565,504,0.17410677671432495,0.259775847196579,0.3459998071193695,0.42715907096862793,0.4167180061340332,0.3988761603832245,0.38101524114608765,0.35591697692871094
48,300,0.2676004469394684,0.00020824636158067733,0.379638671875,0.28564453125,0.1884765625,0.146240234375,4,691,621,560,498,0.1736595630645752,0.2588489055633545,0.34534692764282227,0.4283636212348938,0.41637468338012695,0.3979604244232178,0.3799643814563751,0.35762473940849304
48,320,0.26731860637664795,0.00020824636158067733,0.38043212890625,0.2835693359375,0.1885986328125,0.14739990234375,4,687,622,567,505,0.1733422875404358,0.25772637128829956,0.344082236289978,0.4301013648509979,0.41599738597869873,0.3965739905834198,0.3784707188606262,0.3600175678730011
48,340,0.267059326171875,0.00020824636158067733,0.377685546875,0.282958984375,0.1927490234375,0.1466064453125,4,687,620,568,501,0.17245440185070038,0.25691118836402893,0.34335240721702576,0.4300605356693268,0.41480836272239685,0.3953694999217987,0.37749767303466797,0.35962483286857605
48,360,0.26598161458969116,0.00020824636158067733,0.382080078125,0.2802734375,0.1922607421875,0.1453857421875,4,690,617,569,503,0.17157919704914093,0.255426287651062,0.34403374791145325,0.4312060475349426,0.41373780369758606,0.39344730973243713,0.3784034848213196,0.3617420494556427
48,380,0.2655608654022217,0.00020824636158067733,0.37890625,0.28155517578125,0.19635009765625,0.1431884765625,4,693,615,570,501,0.1713225245475769,0.25356221199035645,0.34414729475975037,0.4307648539543152,0.4133566617965698,0.3911645710468292,0.37863823771476746,0.36097782850265503
48,400,0.26414602994918823,0.00020824636158067733,0.381103515625,0.28094482421875,0.19647216796875,0.1414794921875,4,691,617,569,496,0.16915610432624817,0.25337889790534973,0.3451574444770813,0.42890140414237976,0.4109375774860382,0.3910730183124542,0.379526287317276,0.3586466312408447
48,420,0.2627013325691223,0.00020824636158067733,0.38519287109375,0.27667236328125,0.19757080078125,0.14056396484375,4,690,617,569,503,0.16816167533397675,0.2511448562145233,0.3434625566005707,0.4310041069984436,0.40971115231513977,0.38814201951026917,0.37756356596946716,0.3616553246974945
48,440,0.26178181171417236,0.00020824636158067733,0.3865966796875,0.2801513671875,0.19403076171875,0.13922119140625,4,692,620,568,505,0.1679324060678482,0.2508693039417267,0.3424775302410126,0.43188217282295227,0.40946507453918457,0.3882000744342804,0.3763645589351654,0.36289387941360474
48,460,0.26007726788520813,0.00020824636158067733,0.39337158203125,0.27801513671875,0.1898193359375,0.1387939453125,4,689,618,566,505,0.16687995195388794,0.2504070997238159,0.34172695875167847,0.4319215714931488,0.40820634365081787,0.3874259293079376,0.3755785822868347,0.363039493560791
48,480,0.25994056463241577,0.00020824636158067733,0.3922119140625,0.27874755859375,0.190185546875,0.13885498046875,4,691,620,564,507,0.1661030501127243,0.2505984902381897,0.34115079045295715,0.4325183033943176,0.40721315145492554,0.3875584304332733,0.3748633861541748,0.363862007856369
48,500,0.2576789855957031,0.00020824636158067733,0.39593505859375,0.279296875,0.19036865234375,0.1343994140625,4,688,620,567,503,0.16443544626235962,0.24949683248996735,0.34046560525894165,0.4321117401123047,0.4049658179283142,0.38628390431404114,0.37414297461509705,0.3629724681377411
48,520,0.2581387162208557,0.00020824636158067733,0.39739990234375,0.2784423828125,0.18743896484375,0.13671875,4,692,623,562,508,0.16372917592525482,0.2510601878166199,0.3408036530017853,0.4336426258087158,0.4043658375740051,0.3881172239780426,0.3743644654750824,0.36533668637275696
48,540,0.25587257742881775,0.00020824636158067733,0.4010009765625,0.277587890625,0.18743896484375,0.13397216796875,4,688,625,569,507,0.16177980601787567,0.2489136904478073,0.340194970369339,0.43395206332206726,0.4015471935272217,0.3852807879447937,0.3736206591129303,0.3656115233898163
48,560,0.25702404975891113,0.00020824636158067733,0.3968505859375,0.2801513671875,0.18817138671875,0.13482666015625,4,688,624,571,508,0.16198782622814178,0.24982929229736328,0.3411758244037628,0.43425795435905457,0.4019402861595154,0.38635382056236267,0.3752805292606354,0.36630523204803467
48,580,0.25579169392585754,0.00020824636158067733,0.4002685546875,0.2781982421875,0.1871337890625,0.1343994140625,4,690,628,570,513,0.16020384430885315,0.24963204562664032,0.340740829706192,0.43494099378585815,0.3996639549732208,0.38604918122291565,0.3746590316295624,0.3671035170555115
48,600,0.25501495599746704,0.00020824636158067733,0.4005126953125,0.27862548828125,0.18865966796875,0.1322021484375,4,686,622,570,513,0.159526064991951,0.24893943965435028,0.3413146734237671,0.43395328521728516,0.39855241775512695,0.38535359501838684,0.3752628266811371,0.3654545545578003
48,620,0.25521475076675415,0.00020824636158067733,0.400390625,0.28094482421875,0.18603515625,0.13262939453125,4,690,624,569,518,0.15981538593769073,0.2488107830286026,0.3421154320240021,0.43488526344299316,0.39900946617126465,0.3852035105228424,0.37655386328697205,0.36700838804244995
48,640,0.2544490098953247,0.00020824636158067733,0.402587890625,0.275634765625,0.1885986328125,0.1331787109375,4,688,624,574,511,0.1574694961309433,0.24829882383346558,0.34270957112312317,0.43534982204437256,0.3960346579551697,0.38460102677345276,0.37715280055999756,0.36737069487571716
48,660,0.25455325841903687,0.00020824636158067733,0.4014892578125,0.27899169921875,0.18511962890625,0.1343994140625,4,689,626,572,514,0.15741698443889618,0.24841345846652985,0.3429237902164459,0.4357520341873169,0.3960719108581543,0.38459306955337524,0.37740641832351685,0.36821258068084717
48,680,0.2531265914440155,0.00020824636158067733,0.40338134765625,0.2806396484375,0.183837890625,0.13214111328125,4,688,627,570,512,0.15681178867816925,0.24723082780838013,0.34285494685173035,0.43483155965805054,0.39522823691368103,0.3832318186759949,0.3773564398288727,0.3669818043708801
48,700,0.2533596456050873,0.00020824636158067733,0.40338134765625,0.27886962890625,0.18609619140625,0.13165283203125,4,688,622,576,511,0.1569414883852005,0.24701890349388123,0.3434223532676697,0.43490681052207947,0.39545390009880066,0.38303014636039734,0.37805482745170593,0.3669796884059906
48,720,0.2529248595237732,0.00020824636158067733,0.40521240234375,0.27825927734375,0.18597412109375,0.13055419921875,4,688,628,577,511,0.15693877637386322,0.2468138039112091,0.34365931153297424,0.434619277715683,0.39547473192214966,0.38262027502059937,0.3785686492919922,0.366769403219223
48,740,0.25290074944496155,0.00020824636158067733,0.40435791015625,0.27789306640625,0.185302734375,0.1324462890625,4,692,625,576,514,0.1561698168516159,0.24670828878879547,0.3434862494468689,0.43447643518447876,0.39461588859558105,0.38240140676498413,0.37823715806007385,0.3664754331111908
48,760,0.25224578380584717,0.00020824636158067733,0.40606689453125,0.27880859375,0.1837158203125,0.13140869140625,4,692,626,574,509,0.15671813488006592,0.24619273841381073,0.34301283955574036,0.43338239192962646,0.395229697227478,0.38167300820350647,0.37755241990089417,0.3650514483451843
48,780,0.25301235914230347,0.00020824636158067733,0.404541015625,0.278564453125,0.18280029296875,0.13409423828125,4,691,626,576,514,0.15671265125274658,0.24624457955360413,0.3434318006038666,0.4343307912349701,0.3952614665031433,0.3816637098789215,0.3779839873313904,0.366332471370697
48,800,0.2515396773815155,0.00020824636158067733,0.405517578125,0.2799072265625,0.1834716796875,0.131103515625,4,690,625,576,511,0.15596415102481842,0.2452559471130371,0.3428603410720825,0.4327833950519562,0.39413055777549744,0.3805699646472931,0.3771936893463135,0.3641827404499054
48,820,0.2525686025619507,0.00020824636158067733,0.40203857421875,0.2828369140625,0.18060302734375,0.134521484375,4,690,627,570,515,0.15620872378349304,0.24541354179382324,0.3441588878631592,0.43263381719589233,0.39446619153022766,0.3807431161403656,0.3786924183368683,0.3640840947628021
48,840,0.25125712156295776,0.00020824636158067733,0.4046630859375,0.2816162109375,0.18328857421875,0.13043212890625,4,690,627,576,514,0.15571320056915283,0.24491135776042938,0.3433273732662201,0.4320005178451538,0.39371415972709656,0.38024982810020447,0.3776800036430359,0.36316585540771484
48,860,0.2531595528125763,0.00020824636158067733,0.4033203125,0.2808837890625,0.18255615234375,0.13323974609375,4,692,629,575,515,0.15667769312858582,0.24632149934768677,0.34467607736587524,0.4342385530471802,0.3953198790550232,0.38181400299072266,0.37985965609550476,0.36618247628211975
48,880,0.25169557332992554,0.00020824636158067733,0.40509033203125,0.27862548828125,0.18609619140625,0.13018798828125,4,691,626,582,513,0.15574698150157928,0.24536775052547455,0.34366825222969055,0.43232032656669617,0.3940141499042511,0.3805766999721527,0.3783666789531708,0.36359021067619324
48,900,0.2521842420101166,0.00020824636158067733,0.404541015625,0.27783203125,0.18634033203125,0.13128662109375,4,687,627,580,513,0.15539002418518066,0.2452821582555771,0.3446894586086273,0.4337517023086548,0.3935006856918335,0.38049906492233276,0.37987324595451355,0.36550387740135193
48,920,0.25240612030029297,0.00020824636158067733,0.40179443359375,0.280029296875,0.18603515625,0.13214111328125,4,691,627,575,517,0.15552113950252533,0.24536898732185364,0.3440546989440918,0.4328842759132385,0.39347609877586365,0.3807069957256317,0.3788149654865265,0.36429885029792786
48,940,0.2518655061721802,0.00020824636158067733,0.40240478515625,0.27978515625,0.186279296875,0.13153076171875,4,689,627,576,511,0.15505272150039673,0.2450355440378189,0.34372478723526,0.4324876368045807,0.3928060531616211,0.3802393674850464,0.3784489631652832,0.3637881577014923
48,960,0.25197359919548035,0.00020824636158067733,0.4017333984375,0.2803955078125,0.18572998046875,0.13214111328125,4,691,629,577,512,0.15517406165599823,0.24480533599853516,0.34379586577415466,0.43241259455680847,0.3929824233055115,0.3799015283584595,0.37858736515045166,0.3637389540672302
48,980,0.251678466796875,0.00020824636158067733,0.4044189453125,0.2779541015625,0.18511962890625,0.13250732421875,4,691,630,579,513,0.1549725979566574,0.2449517697095871,0.3440539538860321,0.4318864643573761,0.3930617868900299,0.38020676374435425,0.3787747323513031,0.36296987533569336
48,1000,0.2516854405403137,0.00020824636158067733,0.4027099609375,0.2794189453125,0.185791015625,0.132080078125,4,691,628,579,513,0.15479348599910736,0.2445894181728363,0.3442133367061615,0.4319644272327423,0.3927076756954193,0.3797985315322876,0.37901571393013,0.3631320595741272
48,1020,0.2506463825702667,0.00020824636158067733,0.4044189453125,0.2828369140625,0.18145751953125,0.13128662109375,4,691,631,578,517,0.15473712980747223,0.24459455907344818,0.3427444398403168,0.431832492351532,0.3925419747829437,0.37962695956230164,0.37706074118614197,0.3629807233810425
48,1040,0.25107696652412415,0.00020824636158067733,0.4056396484375,0.27783203125,0.18359375,0.1329345703125,4,691,631,581,517,0.15432699024677277,0.24437963962554932,0.3432207405567169,0.4330412745475769,0.39216819405555725,0.3792895972728729,0.37788423895835876,0.3645338714122772
48,1060,0.25079017877578735,0.00020824636158067733,0.4046630859375,0.281494140625,0.18408203125,0.1297607421875,4,690,631,578,512,0.1546715497970581,0.24509114027023315,0.3437083959579468,0.4310862421989441,0.39269980788230896,0.38028308749198914,0.37810561060905457,0.3619019687175751
48,1080,0.25033384561538696,0.00020824636158067733,0.4053955078125,0.2786865234375,0.1837158203125,0.1322021484375,4,691,629,582,510,0.15414078533649445,0.24328738451004028,0.34322065114974976,0.4310813248157501,0.3917136788368225,0.3778907358646393,0.37738314270973206,0.36191031336784363
48,1100,0.2512401342391968,0.00020824636158067733,0.40521240234375,0.279296875,0.183349609375,0.13214111328125,4,692,635,576,514,0.15500479936599731,0.24495051801204681,0.34253162145614624,0.4329712390899658,0.39323073625564575,0.38009577989578247,0.37687698006629944,0.3644731044769287
48,1120,0.25028353929519653,0.00020824636158067733,0.405029296875,0.28155517578125,0.18048095703125,0.1329345703125,4,690,633,578,511,0.15446923673152924,0.24351076781749725,0.34257593750953674,0.431255966424942,0.3924727141857147,0.37836897373199463,0.37675005197525024,0.36221879720687866
48,1140,0.24981099367141724,0.00020824636158067733,0.40484619140625,0.28094482421875,0.18280029296875,0.13140869140625,4,689,633,574,509,0.1541748195886612,0.24316664040088654,0.3414551913738251,0.431169331073761,0.3919505774974823,0.3779415786266327,0.3750813603401184,0.3620251715183258
48,1160,0.2505471110343933,0.00020824636158067733,0.40472412109375,0.28125,0.18182373046875,0.1322021484375,4,691,638,579,513,0.15452462434768677,0.24436457455158234,0.34236419200897217,0.4313832223415375,0.39257633686065674,0.3794623911380768,0.3765435516834259,0.36235883831977844
48,1180,0.24921047687530518,0.00020824636158067733,0.40716552734375,0.2811279296875,0.18109130859375,0.130615234375,4,691,633,580,506,0.1539415866136551,0.24326379597187042,0.34184736013412476,0.43055427074432373,0.39171963930130005,0.37811344861984253,0.37570619583129883,0.3612799048423767
48,1200,0.25031760334968567,0.00020824636158067733,0.40380859375,0.28094482421875,0.1820068359375,0.13323974609375,4,691,637,580,515,0.15407602488994598,0.24352476000785828,0.34186115860939026,0.4312698543071747,0.3918156325817108,0.3782752752304077,0.3756257891654968,0.36219194531440735
48,1220,0.2507399618625641,0.00020824636158067733,0.404052734375,0.27984619140625,0.18170166015625,0.1343994140625,4,691,634,581,513,0.1539035141468048,0.24430997669696808,0.34200727939605713,0.43186435103416443,0.39164334535598755,0.37900200486183167,0.37587183713912964,0.3629254400730133
48,1240,0.24857443571090698,0.00020824636158067733,0.40972900390625,0.27960205078125,0.1802978515625,0.13037109375,4,691,637,578,509,0.1529548168182373,0.24407102167606354,0.34128883481025696,0.4305249750614166,0.39066916704177856,0.3790246844291687,0.37492430210113525,0.3610970973968506
48,1260,0.24922621250152588,0.00020824636158067733,0.40484619140625,0.283203125,0.18292236328125,0.1290283203125,4,691,639,580,506,0.15326496958732605,0.24400216341018677,0.34228646755218506,0.4298550486564636,0.3908868432044983,0.37905508279800415,0.3763205111026764,0.36030519008636475
48,1280,0.25015491247177124,0.00020824636158067733,0.40374755859375,0.27984619140625,0.18408203125,0.13232421875,4,690,634,577,509,0.15363548696041107,0.24343754351139069,0.34197911620140076,0.4311204254627228,0.3912610709667206,0.37835365533828735,0.37603139877319336,0.3620418906211853
48,1300,0.24934130907058716,0.00020824636158067733,0.4046630859375,0.2813720703125,0.18194580078125,0.13201904296875,4,691,636,582,513,0.15297339856624603,0.24316710233688354,0.3410351574420929,0.4315154552459717,0.39040693640708923,0.3778199255466461,0.37480321526527405,0.36256924271583557
48,1320,0.24957674741744995,0.00020824636158067733,0.40313720703125,0.28179931640625,0.1832275390625,0.1318359375,4,694,636,576,511,0.153767392039299,0.24301639199256897,0.34044185280799866,0.4302864074707031,0.3913419246673584,0.3776082992553711,0.3738119602203369,0.36085188388824463
48,1340,0.25004878640174866,0.00020824636158067733,0.4013671875,0.28167724609375,0.18463134765625,0.13232421875,4,691,634,578,509,0.15332116186618805,0.24341560900211334,0.34120625257492065,0.43037235736846924,0.3908659815788269,0.37817803025245667,0.3750169575214386,0.361021488904953
48,1360,0.2491292655467987,0.00020824636158067733,0.40496826171875,0.28155517578125,0.1812744140625,0.1322021484375,4,691,637,571,510,0.15298545360565186,0.24308012425899506,0.3407602310180664,0.4308813512325287,0.39053526520729065,0.3777149021625519,0.37441593408584595,0.36166757345199585
48,1380,0.2486586719751358,0.00020824636158067733,0.40679931640625,0.27960205078125,0.182373046875,0.1312255859375,4,692,636,578,511,0.15264910459518433,0.24302075803279877,0.3403785228729248,0.43083176016807556,0.39011070132255554,0.3776639401912689,0.37382668256759644,0.3615981936454773
48,1400,0.24884061515331268,0.00020824636158067733,0.40625,0.2794189453125,0.18206787109375,0.13226318359375,4,689,635,575,514,0.15254373848438263,0.24308212101459503,0.34044650197029114,0.43068382143974304,0.3899060785770416,0.37777796387672424,0.37371551990509033,0.3613559603691101
48,1420,0.248576819896698,0.00020824636158067733,0.405029296875,0.28289794921875,0.1796875,0.13238525390625,4,690,635,576,514,0.15211914479732513,0.24351315200328827,0.3394060730934143,0.4312240779399872,0.38946548104286194,0.37839168310165405,0.3723028600215912,0.3620475232601166
48,1440,0.24924302101135254,0.00020824636158067733,0.403076171875,0.28070068359375,0.18316650390625,0.133056640625,4,692,635,575,510,0.15252703428268433,0.24295063316822052,0.3403742015361786,0.4300532639026642,0.38977548480033875,0.37746337056159973,0.3734251856803894,0.36052438616752625
48,1460,0.24931567907333374,0.00020824636158067733,0.40313720703125,0.28143310546875,0.1826171875,0.1328125,4,691,638,576,511,0.15270374715328217,0.24315816164016724,0.34018000960350037,0.43067970871925354,0.3901084363460541,0.37773439288139343,0.37325212359428406,0.36132171750068665
48,1480,0.24865958094596863,0.00020824636158067733,0.40380859375,0.28277587890625,0.18243408203125,0.1309814453125,4,691,638,582,507,0.1524314433336258,0.24310217797756195,0.33991751074790955,0.4302173852920532,0.3896019458770752,0.3778344988822937,0.37316060066223145,0.3607136011123657
48,1500,0.24886150658130646,0.00020824636158067733,0.4044189453125,0.281494140625,0.1812744140625,0.1328125,4,693,637,575,508,0.15239669382572174,0.24326570332050323,0.3398621678352356,0.4302547872066498,0.38971734046936035,0.37801530957221985,0.37299102544784546,0.3607597351074219
48,1520,0.24878144264221191,0.00020824636158067733,0.4049072265625,0.280517578125,0.1826171875,0.1319580078125,4,693,636,577,506,0.1526295244693756,0.24298563599586487,0.33979466557502747,0.4301864802837372,0.3900001049041748,0.3775656223297119,0.3728838264942169,0.3606756031513214
48,1540,0.247548907995224,0.00020824636158067733,0.4072265625,0.27978515625,0.182861328125,0.130126953125,4,692,637,580,510,0.15134456753730774,0.2427268624305725,0.3395485281944275,0.4297012984752655,0.38841575384140015,0.37732967734336853,0.372646301984787,0.36001214385032654
48,1560,0.24779343605041504,0.00020824636158067733,0.40582275390625,0.27947998046875,0.1846923828125,0.1300048828125,4,692,639,581,512,0.15098552405834198,0.24244043231010437,0.3398003578186035,0.4307860732078552,0.38784754276275635,0.37696295976638794,0.3729923963546753,0.36139586567878723
48,1580,0.24784722924232483,0.00020824636158067733,0.4063720703125,0.281494140625,0.1822509765625,0.1298828125,4,694,638,578,506,0.15157678723335266,0.24313293397426605,0.34064650535583496,0.4290561079978943,0.38892680406570435,0.37785059213638306,0.37406018376350403,0.35916897654533386
48,1600,0.24823951721191406,0.00020824636158067733,0.4044189453125,0.28167724609375,0.18328857421875,0.130615234375,4,691,633,581,507,0.15141460299491882,0.24323603510856628,0.34041067957878113,0.4294838011264801,0.3885098695755005,0.3779436945915222,0.3737059533596039,0.35967516899108887
48,1620,0.24847133457660675,0.00020824636158067733,0.4031982421875,0.281494140625,0.1815185546875,0.1337890625,4,692,636,577,511,0.15151351690292358,0.24258534610271454,0.3392987549304962,0.4298258125782013,0.38859879970550537,0.3771299719810486,0.3719756305217743,0.3601832985877991
48,1640,0.2491227090358734,0.00020824636158067733,0.40325927734375,0.28192138671875,0.18194580078125,0.13287353515625,4,693,636,584,515,0.15206503868103027,0.24345067143440247,0.34073227643966675,0.43027618527412415,0.3893938660621643,0.3780384957790375,0.3744058609008789,0.36076945066452026
48,1660,0.24754875898361206,0.00020824636158067733,0.40716552734375,0.2830810546875,0.17730712890625,0.1324462890625,4,695,639,572,512,0.15133924782276154,0.24300935864448547,0.3392263352870941,0.43028807640075684,0.38853320479393005,0.3776658773422241,0.3722146153450012,0.3607496917247772
48,1680,0.24785888195037842,0.00020824636158067733,0.40447998046875,0.2818603515625,0.18194580078125,0.1317138671875,4,688,635,583,511,0.15127187967300415,0.24252605438232422,0.3393747806549072,0.42946240305900574,0.38819408416748047,0.3770095407962799,0.3724164068698883,0.35970431566238403
48,1700,0.24814921617507935,0.00020824636158067733,0.40350341796875,0.28277587890625,0.18280029296875,0.13092041015625,4,692,638,579,509,0.15171761810779572,0.24254678189754486,0.33985456824302673,0.4294115900993347,0.38865771889686584,0.3771620988845825,0.37298765778541565,0.3596343398094177
48,1720,0.2478840947151184,0.00020824636158067733,0.40423583984375,0.28033447265625,0.18359375,0.1318359375,4,690,638,579,507,0.150990828871727,0.24244104325771332,0.33945149183273315,0.42903652787208557,0.38787609338760376,0.37680861353874207,0.37222912907600403,0.3591395616531372
48,1740,0.2477046251296997,0.00020824636158067733,0.40576171875,0.27935791015625,0.18133544921875,0.133544921875,4,693,635,577,517,0.15087826550006866,0.24200065433979034,0.33859387040138245,0.4304179549217224,0.38791635632514954,0.3763161599636078,0.37119558453559875,0.3610476553440094
48,1760,0.24765145778656006,0.00020824636158067733,0.40716552734375,0.2783203125,0.18243408203125,0.132080078125,4,697,629,577,512,0.15101996064186096,0.24232043325901031,0.3391279876232147,0.4304216206073761,0.38822826743125916,0.37657713890075684,0.3722837269306183,0.361013799905777
48,1780,0.2478863000869751,0.00020824636158067733,0.40625,0.27801513671875,0.18292236328125,0.1328125,4,691,632,581,515,0.1512167751789093,0.24220870435237885,0.3388991951942444,0.4301142990589142,0.3883378505706787,0.3764790892601013,0.3718011975288391,0.3605312407016754
48,1800,0.24874910712242126,0.00020824636158067733,0.40350341796875,0.27996826171875,0.1812744140625,0.13525390625,4,696,633,576,512,0.15108737349510193,0.2424030303955078,0.33894169330596924,0.43235912919044495,0.3880861699581146,0.37685680389404297,0.372132807970047,0.3634694218635559
48,1820,0.24775628745555878,0.00020824636158067733,0.40350341796875,0.281005859375,0.18292236328125,0.132568359375,4,690,638,576,507,0.15040633082389832,0.24254122376441956,0.3385120630264282,0.42989063262939453,0.3870181441307068,0.37679019570350647,0.3709607720375061,0.3602548837661743
48,1840,0.24715016782283783,0.00020824636158067733,0.406005859375,0.2802734375,0.18194580078125,0.13177490234375,4,689,637,577,508,0.15055976808071136,0.2420649528503418,0.3385189175605774,0.4294106364250183,0.38742563128471375,0.37630006670951843,0.3712024390697479,0.35966524481773376
48,1860,0.24748985469341278,0.00020824636158067733,0.40484619140625,0.28106689453125,0.1824951171875,0.131591796875,4,690,633,582,514,0.1513303816318512,0.24150530993938446,0.33863717317581177,0.4297040104866028,0.38813909888267517,0.37590518593788147,0.371397465467453,0.3600620627403259
48,1880,0.24680787324905396,0.00020824636158067733,0.4066162109375,0.2808837890625,0.181884765625,0.130615234375,4,688,635,578,512,0.15014639496803284,0.2423020899295807,0.3387307822704315,0.42940792441368103,0.3870602548122406,0.37671053409576416,0.37142205238342285,0.35964295268058777
48,1900,0.24685628712177277,0.00020824636158067733,0.4068603515625,0.2802734375,0.181884765625,0.1309814453125,4,692,632,577,510,0.15061700344085693,0.24207746982574463,0.33766859769821167,0.4299200475215912,0.38762032985687256,0.3764168918132782,0.37000831961631775,0.36035558581352234
48,1920,0.2470526546239853,0.00020824636158067733,0.405517578125,0.28204345703125,0.18096923828125,0.1314697265625,4,691,640,577,512,0.1508205235004425,0.24198247492313385,0.33832213282585144,0.4291239380836487,0.38774439692497253,0.37624189257621765,0.3709452748298645,0.35926032066345215
48,1940,0.24770385026931763,0.00020824636158067733,0.40325927734375,0.281494140625,0.1829833984375,0.13226318359375,4,695,633,575,511,0.15083818137645721,0.24209100008010864,0.3386106789112091,0.4292173683643341,0.3876378536224365,0.37643447518348694,0.3712085485458374,0.3593965768814087
48,1960,0.2464657574892044,0.00020824636158067733,0.40594482421875,0.28106689453125,0.1826171875,0.13037109375,4,693,639,575,513,0.14974574744701385,0.24179112911224365,0.33829936385154724,0.4290711581707001,0.3861646354198456,0.3760542571544647,0.37073493003845215,0.3591495454311371
48,1980,0.24739959836006165,0.00020824636158067733,0.40264892578125,0.28192138671875,0.18408203125,0.13134765625,4,689,638,575,510,0.15029728412628174,0.24159730970859528,0.33864274621009827,0.42964625358581543,0.3865245282649994,0.3758370280265808,0.3714667856693268,0.3599824011325836
48,2000,0.2472948431968689,0.00020824636158067733,0.40374755859375,0.2813720703125,0.18304443359375,0.1318359375,4,690,636,577,511,0.1502254605293274,0.2421601265668869,0.3377465009689331,0.42994317412376404,0.38692647218704224,0.37649279832839966,0.37016865611076355,0.3603792190551758
49,0,0.3266095817089081,0.00020824636158067733,0.3424072265625,0.19195556640625,0.2198486328125,0.24578857421875,4,699,618,591,545,0.21550236642360687,0.28231704235076904,0.3891638517379761,0.46003177762031555,0.4450817406177521,0.4139275550842285,0.4193696677684784,0.3780082166194916
49,20,0.2925792634487152,0.00020824636158067733,0.3448486328125,0.25079345703125,0.211181640625,0.19317626953125,4,698,621,590,525,0.18696288764476776,0.2709925174713135,0.36269664764404297,0.43249285221099854,0.43176037073135376,0.409232497215271,0.40116721391677856,0.3626922070980072
49,40,0.2712075114250183,0.00020824636158067733,0.37933349609375,0.2760009765625,0.19110107421875,0.153564453125,4,691,614,568,495,0.17702998220920563,0.26347115635871887,0.3473113179206848,0.4230422377586365,0.42045387625694275,0.4034121334552765,0.38370224833488464,0.3495103120803833
49,60,0.26738274097442627,0.00020824636158067733,0.3863525390625,0.27496337890625,0.19134521484375,0.1473388671875,4,688,611,560,497,0.1748919039964676,0.2607865035533905,0.3448337912559509,0.4216386079788208,0.4173712134361267,0.3998706340789795,0.3800327479839325,0.3470042645931244
49,80,0.2695123851299286,0.00020824636158067733,0.38385009765625,0.27203369140625,0.1929931640625,0.151123046875,4,692,615,571,494,0.176660418510437,0.2618434727191925,0.3449755609035492,0.42278847098350525,0.4196019470691681,0.40157127380371094,0.380618155002594,0.34935462474823
49,100,0.26914459466934204,0.00020824636158067733,0.38433837890625,0.2738037109375,0.18975830078125,0.152099609375,4,696,616,564,503,0.17638199031352997,0.26103273034095764,0.34462782740592957,0.4239756166934967,0.4193229079246521,0.4004594087600708,0.3801017701625824,0.3510292172431946
49,120,0.2679545283317566,0.00020824636158067733,0.3868408203125,0.27166748046875,0.19097900390625,0.1505126953125,4,693,611,564,503,0.17539161443710327,0.25926539301872253,0.3439999520778656,0.4250480830669403,0.41800761222839355,0.3982740640640259,0.3792913556098938,0.3522794842720032
49,140,0.2674265205860138,0.00020824636158067733,0.38787841796875,0.2716064453125,0.19158935546875,0.14892578125,4,692,610,568,503,0.17393365502357483,0.2591135799884796,0.34517544507980347,0.42606836557388306,0.41635391116142273,0.39810633659362793,0.3808358907699585,0.35361987352371216
49,160,0.2670844793319702,0.00020824636158067733,0.38580322265625,0.2742919921875,0.1915283203125,0.14837646484375,4,693,611,572,500,0.17311738431453705,0.25862613320350647,0.3453485369682312,0.4260251522064209,0.4151858687400818,0.39744558930397034,0.3810960352420807,0.3534274101257324
49,180,0.26638931035995483,0.00020824636158067733,0.3892822265625,0.271484375,0.192626953125,0.1466064453125,4,693,614,576,503,0.1726091057062149,0.25802168250083923,0.3462669551372528,0.4259461760520935,0.41464823484420776,0.39654427766799927,0.3823722302913666,0.3532252609729767
49,200,0.26607969403266907,0.00020824636158067733,0.38861083984375,0.2730712890625,0.1904296875,0.14788818359375,4,691,615,568,503,0.1720638871192932,0.25747063755989075,0.34576088190078735,0.4264223873615265,0.413764625787735,0.3959735631942749,0.3817008435726166,0.35419324040412903
49,220,0.2660326361656189,0.00020824636158067733,0.389892578125,0.27264404296875,0.18890380859375,0.1485595703125,4,694,613,568,507,0.17145878076553345,0.2574373185634613,0.34633150696754456,0.4279094636440277,0.41328850388526917,0.3959882855415344,0.3824790418148041,0.35643085837364197
49,240,0.26567673683166504,0.00020824636158067733,0.38861083984375,0.2738037109375,0.1904296875,0.14715576171875,4,691,611,579,508,0.16986308991909027,0.2570274770259857,0.3481009602546692,0.4281332790851593,0.4112571179866791,0.39557620882987976,0.38477519154548645,0.3567869961261749
49,260,0.26499825716018677,0.00020824636158067733,0.39178466796875,0.2735595703125,0.18963623046875,0.14501953125,4,687,615,576,509,0.16959525644779205,0.2569369673728943,0.3487090468406677,0.4284800887107849,0.410980224609375,0.39507466554641724,0.38561636209487915,0.3570753335952759
49,280,0.264754980802536,0.00020824636158067733,0.3919677734375,0.27685546875,0.18743896484375,0.14373779296875,4,686,616,580,511,0.16923336684703827,0.2577730119228363,0.34890323877334595,0.4289546608924866,0.41059714555740356,0.39651423692703247,0.38587889075279236,0.3580799698829651
49,300,0.2641429901123047,0.00020824636158067733,0.39501953125,0.273193359375,0.1895751953125,0.1422119140625,4,687,617,579,512,0.16841508448123932,0.25746992230415344,0.349796324968338,0.42868369817733765,0.4096364974975586,0.39609336853027344,0.38701191544532776,0.35782182216644287
49,320,0.2629069983959198,0.00020824636158067733,0.39691162109375,0.27691650390625,0.18621826171875,0.13995361328125,4,687,614,580,519,0.16822336614131927,0.2566939890384674,0.349313348531723,0.4287554919719696,0.40932807326316833,0.3948613405227661,0.3863816261291504,0.35765892267227173
49,340,0.26385337114334106,0.00020824636158067733,0.395263671875,0.2733154296875,0.1864013671875,0.14501953125,4,688,615,577,516,0.16702492535114288,0.25697019696235657,0.34907466173171997,0.4312010109424591,0.4078867733478546,0.39516615867614746,0.3860457241535187,0.36168041825294495
49,360,0.2631916403770447,0.00020824636158067733,0.39654541015625,0.2784423828125,0.18280029296875,0.1422119140625,4,684,618,575,516,0.16731908917427063,0.25705087184906006,0.3499644696712494,0.43100854754447937,0.40826573967933655,0.3953677713871002,0.38721683621406555,0.3612457513809204
49,380,0.26269063353538513,0.00020824636158067733,0.3984375,0.2740478515625,0.1883544921875,0.13916015625,4,684,619,574,515,0.1668797731399536,0.2569192945957184,0.34985557198524475,0.4303992688655853,0.4073933959007263,0.3953402042388916,0.38708195090293884,0.3604090213775635
49,400,0.2619823217391968,0.00020824636158067733,0.39825439453125,0.2760009765625,0.18572998046875,0.1400146484375,4,683,615,571,517,0.16562527418136597,0.25600484013557434,0.3502153158187866,0.4307993948459625,0.4059279263019562,0.3935164511203766,0.38755446672439575,0.3608647286891937
49,420,0.26155149936676025,0.00020824636158067733,0.39990234375,0.27703857421875,0.18402099609375,0.1390380859375,4,684,619,575,524,0.16563484072685242,0.2564220428466797,0.34945228695869446,0.43130889534950256,0.4059842526912689,0.3945983648300171,0.38655146956443787,0.36176756024360657
49,440,0.2612915337085724,0.00020824636158067733,0.40155029296875,0.27191162109375,0.18695068359375,0.13958740234375,4,682,618,570,518,0.16463205218315125,0.25628891587257385,0.3494262099266052,0.4310567080974579,0.4045877754688263,0.39437755942344666,0.3864629566669464,0.36140555143356323
49,460,0.26075929403305054,0.00020824636158067733,0.40313720703125,0.2716064453125,0.18609619140625,0.13916015625,4,683,617,573,520,0.16404032707214355,0.2561638653278351,0.34931856393814087,0.4314879775047302,0.40386539697647095,0.39430010318756104,0.38629940152168274,0.3621840476989746
49,480,0.26046431064605713,0.00020824636158067733,0.4039306640625,0.2734375,0.1826171875,0.1400146484375,4,686,625,570,520,0.16449609398841858,0.256339967250824,0.3479315936565399,0.4312979280948639,0.40455764532089233,0.39420145750045776,0.38448089361190796,0.3617406487464905
49,500,0.2603911757469177,0.00020824636158067733,0.40863037109375,0.26904296875,0.1815185546875,0.14080810546875,4,688,629,571,525,0.16409651935100555,0.2576751112937927,0.34802329540252686,0.4320630729198456,0.4043808579444885,0.3965042233467102,0.38464629650115967,0.3631838858127594
49,520,0.259576678276062,0.00020824636158067733,0.40545654296875,0.2718505859375,0.18450927734375,0.13818359375,4,686,622,574,525,0.16303692758083344,0.25708457827568054,0.3467967212200165,0.43128475546836853,0.4025554955005646,0.39543941617012024,0.38299718499183655,0.3618233799934387
49,540,0.25988489389419556,0.00020824636158067733,0.4044189453125,0.2711181640625,0.184814453125,0.1396484375,4,685,626,570,529,0.16242319345474243,0.2570328116416931,0.3472965955734253,0.43198609352111816,0.40185651183128357,0.3954262137413025,0.38359639048576355,0.36295387148857117
49,560,0.25900915265083313,0.00020824636158067733,0.4075927734375,0.2698974609375,0.1842041015625,0.1383056640625,4,685,626,571,524,0.1621529757976532,0.257327675819397,0.346517950296402,0.43118008971214294,0.4015962779521942,0.39593666791915894,0.3826349079608917,0.36181044578552246
49,580,0.2592013478279114,0.00020824636158067733,0.4068603515625,0.27099609375,0.18505859375,0.1370849609375,4,687,626,575,522,0.16238288581371307,0.2572331130504608,0.3479728698730469,0.43060624599456787,0.40198245644569397,0.39592230319976807,0.38445350527763367,0.3610701262950897
49,600,0.2594352066516876,0.00020824636158067733,0.40606689453125,0.26983642578125,0.1834716796875,0.140625,4,687,625,575,522,0.1621370017528534,0.2566295266151428,0.3467090427875519,0.43191084265708923,0.4015633761882782,0.39486047625541687,0.38281017541885376,0.3630131185054779
49,620,0.2584368884563446,0.00020824636158067733,0.409423828125,0.2691650390625,0.1834716796875,0.137939453125,4,688,625,577,522,0.1614263355731964,0.25721311569213867,0.34724611043930054,0.4306417405605316,0.4009581208229065,0.39612042903900146,0.38357728719711304,0.36124786734580994
49,640,0.25908422470092773,0.00020824636158067733,0.40789794921875,0.26727294921875,0.18695068359375,0.13787841796875,4,688,628,577,521,0.16168679296970367,0.2578684091567993,0.3468298614025116,0.43060508370399475,0.4011348485946655,0.3967110216617584,0.383087158203125,0.36117491126060486
49,660,0.25824010372161865,0.00020824636158067733,0.4075927734375,0.26995849609375,0.183837890625,0.13861083984375,4,687,627,575,523,0.1609683483839035,0.2567753791809082,0.34640201926231384,0.43019774556159973,0.4001428484916687,0.3945985734462738,0.3823581635951996,0.3605183959007263
49,680,0.25803524255752563,0.00020824636158067733,0.4097900390625,0.26690673828125,0.185546875,0.13775634765625,4,688,629,581,515,0.16069641709327698,0.2569943964481354,0.3467784821987152,0.4300799071788788,0.3999008536338806,0.3953689634799957,0.38294243812561035,0.36044034361839294
49,700,0.2571367621421814,0.00020824636158067733,0.41064453125,0.26885986328125,0.18414306640625,0.1363525390625,4,691,629,577,516,0.16068154573440552,0.25626033544540405,0.34538084268569946,0.430180162191391,0.3998461067676544,0.39411816000938416,0.3811491131782532,0.3603948950767517
49,720,0.2582056522369385,0.00020824636158067733,0.40911865234375,0.26702880859375,0.18634033203125,0.13751220703125,4,689,631,579,517,0.16136515140533447,0.25682777166366577,0.345670610666275,0.43047356605529785,0.4007488787174225,0.395440936088562,0.38131648302078247,0.36097580194473267
49,740,0.2566530108451843,0.00020824636158067733,0.41387939453125,0.26605224609375,0.18377685546875,0.13629150390625,4,688,628,577,523,0.1603311449289322,0.2566533386707306,0.3447292745113373,0.4303921163082123,0.3993992507457733,0.39523133635520935,0.38025227189064026,0.3609221279621124
49,760,0.25763416290283203,0.00020824636158067733,0.40924072265625,0.26947021484375,0.18426513671875,0.13702392578125,4,688,630,579,525,0.16046375036239624,0.25747114419937134,0.3450675308704376,0.43059009313583374,0.3996508717536926,0.3963506817817688,0.38061589002609253,0.3613026738166809
49,780,0.2568548917770386,0.00020824636158067733,0.408935546875,0.27001953125,0.18609619140625,0.13494873046875,4,687,632,578,519,0.16003480553627014,0.2575673460960388,0.34320077300071716,0.42975136637687683,0.39876243472099304,0.39634859561920166,0.37816765904426575,0.360019713640213
49,800,0.25672808289527893,0.00020824636158067733,0.41070556640625,0.26800537109375,0.1851806640625,0.1361083984375,4,687,630,580,518,0.1601141095161438,0.2574271559715271,0.3428693413734436,0.4296845495700836,0.39900699257850647,0.3958977162837982,0.3776746690273285,0.36003682017326355
49,820,0.25666671991348267,0.00020824636158067733,0.4093017578125,0.26861572265625,0.1854248046875,0.13665771484375,4,690,631,574,523,0.15990422666072845,0.2568524479866028,0.343252956867218,0.4286288022994995,0.39885592460632324,0.3950026333332062,0.3781212866306305,0.35852953791618347
49,840,0.25646981596946716,0.00020824636158067733,0.41058349609375,0.2662353515625,0.18701171875,0.13616943359375,4,689,629,578,516,0.1592823565006256,0.2574121356010437,0.3430730104446411,0.42873233556747437,0.39797502756118774,0.39589086174964905,0.3779711127281189,0.35875675082206726
49,860,0.25483494997024536,0.00020824636158067733,0.4119873046875,0.270263671875,0.18505859375,0.1326904296875,4,688,634,575,514,0.15834803879261017,0.25681963562965393,0.3425920307636261,0.42798084020614624,0.39692962169647217,0.395128071308136,0.3773741126060486,0.3575931489467621
49,880,0.25506290793418884,0.00020824636158067733,0.41180419921875,0.2674560546875,0.18450927734375,0.13623046875,4,690,628,578,520,0.15787771344184875,0.25687485933303833,0.34146568179130554,0.42825859785079956,0.396250456571579,0.39543116092681885,0.3757854700088501,0.3580842912197113
49,900,0.2561616003513336,0.00020824636158067733,0.4063720703125,0.27484130859375,0.1822509765625,0.13653564453125,4,691,633,576,521,0.15870483219623566,0.25690957903862,0.3433281481266022,0.42836523056030273,0.3974304795265198,0.39551448822021484,0.3781617283821106,0.3582514822483063
49,920,0.2559368908405304,0.00020824636158067733,0.40582275390625,0.27496337890625,0.1826171875,0.1365966796875,4,690,633,577,524,0.15820389986038208,0.25684887170791626,0.3425779342651367,0.42863067984580994,0.3966066837310791,0.395242303609848,0.3772985637187958,0.35860276222229004
49,940,0.2550312280654907,0.00020824636158067733,0.40728759765625,0.2701416015625,0.187744140625,0.13482666015625,4,688,631,576,521,0.15744003653526306,0.25529950857162476,0.34233149886131287,0.4277350902557373,0.39541342854499817,0.3930807113647461,0.37705689668655396,0.35735371708869934
49,960,0.2546127438545227,0.00020824636158067733,0.4066162109375,0.271728515625,0.1851806640625,0.136474609375,4,687,631,578,521,0.1562572568655014,0.2550894320011139,0.34240925312042236,0.4275768995285034,0.39397963881492615,0.39286619424819946,0.3769577443599701,0.3571459949016571
49,980,0.2540176510810852,0.00020824636158067733,0.40869140625,0.27362060546875,0.18402099609375,0.1336669921875,4,689,632,582,523,0.15641456842422485,0.25487372279167175,0.34234827756881714,0.4290841817855835,0.3946027457714081,0.39308831095695496,0.377002090215683,0.3592228293418884
49,1000,0.2531527280807495,0.00020824636158067733,0.410888671875,0.27117919921875,0.18609619140625,0.1318359375,4,690,630,580,523,0.15611761808395386,0.2541869580745697,0.34207844734191895,0.42792585492134094,0.3941066265106201,0.3921169936656952,0.3767569959163666,0.3576143682003021
49,1020,0.2532446086406708,0.00020824636158067733,0.4072265625,0.2738037109375,0.18560791015625,0.13336181640625,4,689,632,581,520,0.15521946549415588,0.25431811809539795,0.34137821197509766,0.42770394682884216,0.3928178548812866,0.3918825685977936,0.37585434317588806,0.3573264181613922
49,1040,0.2534468472003937,0.00020824636158067733,0.40863037109375,0.2713623046875,0.1861572265625,0.13385009765625,4,687,630,580,528,0.1558045893907547,0.25338608026504517,0.3418366611003876,0.4287301003932953,0.3937996029853821,0.39085960388183594,0.3763223886489868,0.35873091220855713
49,1060,0.25230708718299866,0.00020824636158067733,0.409423828125,0.27313232421875,0.1839599609375,0.13348388671875,4,686,633,578,521,0.15464350581169128,0.2534509003162384,0.3405022919178009,0.42797622084617615,0.3923102915287018,0.39109328389167786,0.37470120191574097,0.3576521873474121
49,1080,0.2527703642845154,0.00020824636158067733,0.406982421875,0.27252197265625,0.18560791015625,0.1348876953125,4,686,635,577,528,0.15400251746177673,0.25314489006996155,0.34058788418769836,0.42917677760124207,0.3915115296840668,0.3909130394458771,0.374778687953949,0.35924065113067627
49,1100,0.2525619566440582,0.00020824636158067733,0.40631103515625,0.2724609375,0.185791015625,0.13543701171875,4,687,636,577,525,0.153347447514534,0.2524198889732361,0.3412306010723114,0.4288567304611206,0.39069417119026184,0.3895116150379181,0.37562912702560425,0.35891011357307434
49,1120,0.2519535422325134,0.00020824636158067733,0.40704345703125,0.27630615234375,0.18212890625,0.134521484375,4,685,634,575,524,0.15359748899936676,0.25298550724983215,0.3397711217403412,0.4285493493080139,0.39095085859298706,0.3905220329761505,0.3737262189388275,0.3584728240966797
49,1140,0.25219297409057617,0.00020824636158067733,0.40740966796875,0.274169921875,0.1837158203125,0.13470458984375,4,689,635,576,528,0.15360388159751892,0.25251954793930054,0.34100618958473206,0.4285806119441986,0.39118579030036926,0.38960638642311096,0.37530189752578735,0.35848677158355713
49,1160,0.2508696913719177,0.00020824636158067733,0.40740966796875,0.27685546875,0.18475341796875,0.1309814453125,4,686,635,572,525,0.15236155688762665,0.2522214353084564,0.3403337597846985,0.42822420597076416,0.3895098865032196,0.38970229029655457,0.3744851350784302,0.3578774034976959
49,1180,0.25229737162590027,0.00020824636158067733,0.40423583984375,0.2772216796875,0.18597412109375,0.132568359375,4,689,636,579,523,0.15310780704021454,0.25252386927604675,0.3421994745731354,0.42815908789634705,0.39053672552108765,0.3899275064468384,0.37678292393684387,0.35779616236686707
49,1200,0.2504143714904785,0.00020824636158067733,0.40875244140625,0.27447509765625,0.18658447265625,0.13018798828125,4,687,636,580,527,0.15181300044059753,0.2514605224132538,0.34098726511001587,0.42798006534576416,0.3888782858848572,0.38866594433784485,0.37541571259498596,0.3576339781284332
49,1220,0.25097382068634033,0.00020824636158067733,0.406982421875,0.2763671875,0.184814453125,0.1318359375,4,690,636,580,529,0.15251831710338593,0.251830518245697,0.3403419554233551,0.4278329312801361,0.3897203207015991,0.38896825909614563,0.3745318651199341,0.3574126958847046
49,1240,0.25119516253471375,0.00020824636158067733,0.40631103515625,0.2740478515625,0.18609619140625,0.133544921875,4,688,637,573,519,0.15264584124088287,0.2519086003303528,0.3386315405368805,0.4277244806289673,0.38967791199684143,0.3887627422809601,0.3720458745956421,0.3572005033493042
49,1260,0.2505960464477539,0.00020824636158067733,0.40704345703125,0.27557373046875,0.18450927734375,0.13287353515625,4,685,635,574,521,0.15237542986869812,0.2515563666820526,0.3389986753463745,0.42673566937446594,0.3894011676311493,0.3884497284889221,0.3725355267524719,0.35577476024627686
49,1280,0.2493172138929367,0.00020824636158067733,0.4119873046875,0.2723388671875,0.18505859375,0.130615234375,4,689,631,578,519,0.15154555439949036,0.24978940188884735,0.3403276801109314,0.427778959274292,0.3885890245437622,0.386482298374176,0.3744109570980072,0.3572995066642761
49,1300,0.2502751648426056,0.00020824636158067733,0.4073486328125,0.276123046875,0.1851806640625,0.13134765625,4,689,634,580,520,0.151938796043396,0.2505372166633606,0.34004533290863037,0.42813241481781006,0.38915935158729553,0.38744404911994934,0.37402477860450745,0.35768434405326843
49,1320,0.24981564283370972,0.00020824636158067733,0.40625,0.2789306640625,0.1837158203125,0.131103515625,4,686,634,574,517,0.1512284278869629,0.25059962272644043,0.3395582437515259,0.4278827905654907,0.38798925280570984,0.38763391971588135,0.3734811842441559,0.357340931892395
49,1340,0.25029221177101135,0.00020824636158067733,0.4075927734375,0.27532958984375,0.18609619140625,0.1309814453125,4,687,636,582,513,0.15193535387516022,0.25066113471984863,0.34084850549697876,0.42692622542381287,0.3890947103500366,0.3874366879463196,0.37512239813804626,0.35610345005989075
49,1360,0.25002747774124146,0.00020824636158067733,0.40472412109375,0.2801513671875,0.184326171875,0.13079833984375,4,691,636,582,516,0.1513533592224121,0.250741183757782,0.3397585451602936,0.4273698329925537,0.38823559880256653,0.3878787159919739,0.37374356389045715,0.3567420542240143
49,1380,0.2498462200164795,0.00020824636158067733,0.4072265625,0.27752685546875,0.18438720703125,0.130859375,4,691,635,578,513,0.15155328810214996,0.25003311038017273,0.34026381373405457,0.4279286861419678,0.3885050415992737,0.38699886202812195,0.37438371777534485,0.3574542999267578
49,1400,0.250005304813385,0.00020824636158067733,0.40887451171875,0.27288818359375,0.18634033203125,0.13189697265625,4,691,633,584,516,0.1518900841474533,0.2499849796295166,0.33952975273132324,0.4277222156524658,0.3888286352157593,0.38673269748687744,0.37331902980804443,0.35713666677474976
49,1420,0.2508021593093872,0.00020824636158067733,0.40496826171875,0.2786865234375,0.1810302734375,0.13531494140625,4,694,633,574,524,0.1515991985797882,0.2503358721733093,0.3397028148174286,0.4297201633453369,0.3886989951133728,0.38722363114356995,0.3734623193740845,0.3595104515552521
49,1440,0.24977487325668335,0.00020824636158067733,0.40704345703125,0.27691650390625,0.18377685546875,0.13226318359375,4,688,633,578,519,0.15160414576530457,0.2493669092655182,0.3394043743610382,0.4282136857509613,0.38856619596481323,0.3856636583805084,0.3732026517391205,0.35779300332069397
49,1460,0.24904711544513702,0.00020824636158067733,0.4095458984375,0.27569580078125,0.1839599609375,0.13079833984375,4,688,634,576,518,0.15151454508304596,0.24942545592784882,0.3388664722442627,0.4273107349872589,0.3884834051132202,0.385953813791275,0.3723835349082947,0.3565737009048462
49,1480,0.24874958395957947,0.00020824636158067733,0.4090576171875,0.2774658203125,0.182861328125,0.130615234375,4,691,633,579,516,0.15116532146930695,0.24972449243068695,0.33806777000427246,0.42724525928497314,0.3881881535053253,0.3865665793418884,0.3714023232460022,0.3564726412296295
49,1500,0.24947285652160645,0.00020824636158067733,0.40667724609375,0.27972412109375,0.1817626953125,0.1318359375,4,691,635,578,522,0.15139755606651306,0.2500123679637909,0.3382585048675537,0.4284542202949524,0.3884396553039551,0.38701125979423523,0.3716127574443817,0.35799944400787354
49,1520,0.24884089827537537,0.00020824636158067733,0.40911865234375,0.27783203125,0.18280029296875,0.1302490234375,4,692,636,577,513,0.1516513079404831,0.24899418652057648,0.3385818302631378,0.4278429448604584,0.3887186646461487,0.3854435086250305,0.372078537940979,0.35728925466537476
49,1540,0.249703049659729,0.00020824636158067733,0.4052734375,0.27703857421875,0.18463134765625,0.133056640625,4,695,636,578,519,0.1513051837682724,0.24948492646217346,0.3376757502555847,0.42779234051704407,0.3878312408924103,0.3859739899635315,0.3708454966545105,0.35716474056243896
49,1560,0.24944745004177094,0.00020824636158067733,0.40557861328125,0.27691650390625,0.18646240234375,0.13104248046875,4,695,631,581,521,0.15109044313430786,0.24920903146266937,0.3383607268333435,0.4278518259525299,0.3877546787261963,0.3858432173728943,0.37163883447647095,0.35729143023490906
49,1580,0.24924065172672272,0.00020824636158067733,0.40606689453125,0.27911376953125,0.1827392578125,0.132080078125,4,688,634,574,513,0.1514085829257965,0.2494555562734604,0.33710429072380066,0.4279977083206177,0.3881324529647827,0.38627758622169495,0.37006187438964844,0.35742616653442383
49,1600,0.24886569380760193,0.00020824636158067733,0.40631103515625,0.27923583984375,0.18212890625,0.13232421875,4,693,636,575,520,0.15056507289409637,0.24894355237483978,0.3377944529056549,0.42814046144485474,0.3870837092399597,0.38539761304855347,0.3709278404712677,0.3577609658241272
49,1620,0.24831652641296387,0.00020824636158067733,0.40985107421875,0.27783203125,0.1827392578125,0.12957763671875,4,694,636,579,519,0.15142855048179626,0.24886444211006165,0.33729177713394165,0.42811694741249084,0.3883000910282135,0.3852608799934387,0.3704237937927246,0.35761967301368713
49,1640,0.24900388717651367,0.00020824636158067733,0.40740966796875,0.27734375,0.186279296875,0.12896728515625,4,695,636,578,517,0.15183407068252563,0.248565211892128,0.33888134360313416,0.4270898401737213,0.38901570439338684,0.3850269615650177,0.3722352087497711,0.35629332065582275
49,1660,0.24973300099372864,0.00020824636158067733,0.4034423828125,0.2825927734375,0.1822509765625,0.1317138671875,4,694,635,579,515,0.15155605971813202,0.24999085068702698,0.33826500177383423,0.42739731073379517,0.3884792625904083,0.38694658875465393,0.3715983033180237,0.3566657304763794
49,1680,0.24842453002929688,0.00020824636158067733,0.406494140625,0.27899169921875,0.18487548828125,0.129638671875,4,691,636,580,515,0.15079540014266968,0.24875134229660034,0.3369153141975403,0.42765122652053833,0.38737303018569946,0.38528764247894287,0.36976146697998047,0.35702529549598694
49,1700,0.24738982319831848,0.00020824636158067733,0.40985107421875,0.279052734375,0.1815185546875,0.12957763671875,4,695,636,575,514,0.15048924088478088,0.24797312915325165,0.3369835317134857,0.42712077498435974,0.38720467686653137,0.384211927652359,0.3699560761451721,0.35638177394866943
49,1720,0.24698060750961304,0.00020824636158067733,0.41241455078125,0.27581787109375,0.1839599609375,0.1278076171875,4,692,634,580,513,0.15005086362361908,0.24812807142734528,0.33758655190467834,0.42686715722084045,0.3866877853870392,0.3843650221824646,0.3707720935344696,0.3560009002685547
49,1740,0.24844348430633545,0.00020824636158067733,0.408203125,0.27734375,0.18292236328125,0.13153076171875,4,694,634,577,518,0.1510734260082245,0.24832910299301147,0.3371151089668274,0.4275535047054291,0.3879605233669281,0.3846837282180786,0.3700661063194275,0.35684943199157715
49,1760,0.2481032907962799,0.00020824636158067733,0.40771484375,0.277099609375,0.1842041015625,0.1309814453125,4,691,631,577,513,0.15059591829776764,0.24807505309581757,0.33674734830856323,0.4270173907279968,0.3872229754924774,0.3844135105609894,0.3696119487285614,0.3560464382171631
49,1780,0.2483312040567398,0.00020824636158067733,0.4039306640625,0.28411865234375,0.18243408203125,0.1295166015625,4,696,639,577,515,0.1504903882741928,0.24879920482635498,0.3372496962547302,0.4271978437900543,0.38705065846443176,0.38532260060310364,0.3702910542488098,0.356522798538208
49,1800,0.24855905771255493,0.00020824636158067733,0.40643310546875,0.27716064453125,0.18402099609375,0.13238525390625,4,693,636,578,516,0.15011774003505707,0.24892427027225494,0.3367721140384674,0.42739710211753845,0.3864797055721283,0.38513392210006714,0.36963963508605957,0.3567630648612976
49,1820,0.2479979246854782,0.00020824636158067733,0.40869140625,0.27734375,0.18377685546875,0.13018798828125,4,693,634,580,518,0.15108849108219147,0.24717658758163452,0.33729684352874756,0.4279128909111023,0.38797059655189514,0.38317543268203735,0.3702307343482971,0.35740935802459717
49,1840,0.24793557822704315,0.00020824636158067733,0.4085693359375,0.2786865234375,0.18328857421875,0.12945556640625,4,695,633,576,518,0.15126284956932068,0.24765518307685852,0.3371663987636566,0.42730721831321716,0.38808783888816833,0.3839413821697235,0.3701789081096649,0.3566095530986786
49,1860,0.24808745086193085,0.00020824636158067733,0.4090576171875,0.27691650390625,0.1837158203125,0.13031005859375,4,695,636,578,514,0.15080051124095917,0.24834391474723816,0.3370833694934845,0.42746707797050476,0.3874552249908447,0.3848211169242859,0.3700284957885742,0.3567492365837097
49,1880,0.2478749006986618,0.00020824636158067733,0.407470703125,0.2806396484375,0.18157958984375,0.13031005859375,4,692,636,576,515,0.1503516435623169,0.24762560427188873,0.33699271082878113,0.4291799068450928,0.3870052099227905,0.38397207856178284,0.36985084414482117,0.35899844765663147
49,1900,0.24730132520198822,0.00020824636158067733,0.4085693359375,0.279296875,0.18414306640625,0.12799072265625,4,693,637,575,517,0.15024542808532715,0.24777771532535553,0.33668574690818787,0.42748233675956726,0.38682588934898376,0.38405731320381165,0.3694117069244385,0.35676270723342896
49,1920,0.2481100708246231,0.00020824636158067733,0.40765380859375,0.27923583984375,0.1820068359375,0.131103515625,4,695,637,577,517,0.15079067647457123,0.24816645681858063,0.33660373091697693,0.4277424216270447,0.3875068128108978,0.38465553522109985,0.369358092546463,0.3571166694164276
49,1940,0.24869172275066376,0.00020824636158067733,0.4056396484375,0.27716064453125,0.18670654296875,0.1304931640625,4,694,637,582,521,0.1506970077753067,0.2477453202009201,0.33787617087364197,0.42771676182746887,0.3872964084148407,0.3839632272720337,0.37093618512153625,0.3571537137031555
49,1960,0.247956782579422,0.00020824636158067733,0.40716552734375,0.2777099609375,0.18389892578125,0.1312255859375,4,694,637,577,518,0.15019920468330383,0.24808309972286224,0.33609363436698914,0.4274963140487671,0.3865707814693451,0.38445135951042175,0.36871007084846497,0.35684385895729065
49,1980,0.2467581331729889,0.00020824636158067733,0.4110107421875,0.27801513671875,0.1820068359375,0.12896728515625,4,698,636,578,504,0.150763139128685,0.24729058146476746,0.3353400230407715,0.42652803659439087,0.387513667345047,0.3832387924194336,0.3677368462085724,0.3554997444152832
49,2000,0.24753017723560333,0.00020824636158067733,0.41058349609375,0.27740478515625,0.18255615234375,0.12945556640625,4,695,634,574,520,0.1509990692138672,0.2479340136051178,0.33624178171157837,0.4277251064777374,0.3878655731678009,0.3842049241065979,0.3688596487045288,0.3570804297924042
50,0,0.3135272264480591,0.00020824636158067733,0.35595703125,0.1644287109375,0.40765380859375,0.07196044921875,4,693,580,594,427,0.1979534775018692,0.2814353406429291,0.4034694731235504,0.44902947545051575,0.4423416256904602,0.400543212890625,0.39433804154396057,0.3626345098018646
50,20,0.2874378263950348,0.00020824636158067733,0.35919189453125,0.22808837890625,0.31378173828125,0.09893798828125,4,690,617,594,474,0.18713657557964325,0.26919791102409363,0.36716991662979126,0.4407583475112915,0.43248704075813293,0.40299567580223083,0.3958418369293213,0.36165812611579895
50,40,0.27450740337371826,0.00020824636158067733,0.37530517578125,0.2581787109375,0.2373046875,0.12921142578125,4,694,626,576,493,0.18269848823547363,0.2611342966556549,0.3475266396999359,0.4337905943393707,0.42685505747795105,0.4008217453956604,0.3836781084537506,0.3608992099761963
50,60,0.27118396759033203,0.00020824636158067733,0.3741455078125,0.27825927734375,0.2010498046875,0.14654541015625,4,689,625,556,508,0.17767168581485748,0.2598717510700226,0.34441402554512024,0.43094372749328613,0.4210210144519806,0.3993721604347229,0.3789558708667755,0.36083489656448364
50,80,0.2692749500274658,0.00020824636158067733,0.37591552734375,0.28607177734375,0.19091796875,0.1470947265625,4,691,626,554,502,0.17612454295158386,0.2592483460903168,0.34206247329711914,0.4323572516441345,0.4190273582935333,0.3987383246421814,0.3751394748687744,0.3628133535385132
50,100,0.2688177824020386,0.00020824636158067733,0.378662109375,0.27911376953125,0.194091796875,0.14813232421875,4,688,624,556,499,0.174931138753891,0.2588918209075928,0.3418779969215393,0.4317895472049713,0.4173586070537567,0.398255318403244,0.3747309446334839,0.36214208602905273
50,120,0.2678579092025757,0.00020824636158067733,0.38092041015625,0.27978515625,0.19390869140625,0.1453857421875,4,689,628,557,500,0.17388662695884705,0.2591661512851715,0.34181642532348633,0.4321533143520355,0.4161524772644043,0.3986695408821106,0.37477436661720276,0.3627229630947113
50,140,0.26855283975601196,0.00020824636158067733,0.38201904296875,0.27642822265625,0.1944580078125,0.1470947265625,4,690,625,559,501,0.17468684911727905,0.2596267759799957,0.3415413796901703,0.432615727186203,0.4173673093318939,0.39922428131103516,0.374892920255661,0.3636091947555542
50,160,0.2670450806617737,0.00020824636158067733,0.3798828125,0.28277587890625,0.19287109375,0.14447021484375,4,686,629,559,501,0.1723092943429947,0.2592802047729492,0.3413161337375641,0.43219658732414246,0.4142061471939087,0.39884573221206665,0.3743175268173218,0.3630377948284149
50,180,0.26625537872314453,0.00020824636158067733,0.38531494140625,0.27734375,0.1923828125,0.14495849609375,4,688,627,554,510,0.17167554795742035,0.2587505877017975,0.34102654457092285,0.43278422951698303,0.41355985403060913,0.3981485664844513,0.37387749552726746,0.36401093006134033
50,200,0.26600074768066406,0.00020824636158067733,0.38330078125,0.279296875,0.1939697265625,0.1434326171875,4,684,627,557,507,0.1707361936569214,0.2591191232204437,0.3407457172870636,0.4328994154930115,0.4124241769313812,0.3987175524234772,0.37358662486076355,0.3642464876174927
50,220,0.26578211784362793,0.00020824636158067733,0.3836669921875,0.27764892578125,0.194580078125,0.14410400390625,4,683,630,566,506,0.17012786865234375,0.2583925127983093,0.34074461460113525,0.4334726631641388,0.4116385877132416,0.39758455753326416,0.3738164007663727,0.36515820026397705
50,240,0.26427870988845825,0.00020824636158067733,0.38677978515625,0.28009033203125,0.1943359375,0.1387939453125,4,686,632,559,507,0.16917234659194946,0.2582445442676544,0.3412497937679291,0.4337175488471985,0.410667359828949,0.39757734537124634,0.3745456039905548,0.3655579388141632
50,260,0.2639507055282593,0.00020824636158067733,0.38470458984375,0.280517578125,0.194091796875,0.14068603515625,4,687,631,563,510,0.1677383929491043,0.25807273387908936,0.34047529101371765,0.43318867683410645,0.4086849093437195,0.3971250355243683,0.3731182813644409,0.3647994101047516
50,280,0.2636076807975769,0.00020824636158067733,0.3895263671875,0.27691650390625,0.1923828125,0.14117431640625,4,683,631,567,512,0.167789489030838,0.2579817473888397,0.3406131863594055,0.4340853691101074,0.40912458300590515,0.3970658779144287,0.3735947906970978,0.36614882946014404
50,300,0.26260489225387573,0.00020824636158067733,0.38726806640625,0.28167724609375,0.19293212890625,0.13812255859375,4,689,632,564,517,0.16697458922863007,0.25726431608200073,0.3396700918674469,0.43397819995880127,0.40783971548080444,0.3962531089782715,0.37230443954467773,0.36591148376464844
50,320,0.2626718580722809,0.00020824636158067733,0.3861083984375,0.2822265625,0.192626953125,0.1390380859375,4,689,632,563,513,0.16691094636917114,0.25634291768074036,0.3401206433773041,0.43414679169654846,0.40769603848457336,0.3949402868747711,0.3732653558254242,0.3662325143814087
50,340,0.2619347870349884,0.00020824636158067733,0.3890380859375,0.27886962890625,0.1947021484375,0.13739013671875,4,687,629,569,511,0.16589030623435974,0.25653162598609924,0.340516060590744,0.43350309133529663,0.4066053628921509,0.39528852701187134,0.3736281394958496,0.3652728199958801
50,360,0.260574072599411,0.00020824636158067733,0.3905029296875,0.28277587890625,0.19049072265625,0.13623046875,4,685,634,568,512,0.16519251465797424,0.2556203305721283,0.3396519124507904,0.43369242548942566,0.4057103097438812,0.39411482214927673,0.3723086416721344,0.3655288517475128
50,380,0.260749876499176,0.00020824636158067733,0.38922119140625,0.28240966796875,0.1915283203125,0.1368408203125,4,688,630,565,512,0.16468442976474762,0.2555307447910309,0.3398348391056061,0.43407273292541504,0.40511977672576904,0.3937821686267853,0.37282249331474304,0.36611902713775635
50,400,0.2605574131011963,0.00020824636158067733,0.38818359375,0.28448486328125,0.19171142578125,0.1356201171875,4,686,632,565,514,0.16375447809696198,0.25589391589164734,0.3406679034233093,0.43417394161224365,0.4040960669517517,0.39440709352493286,0.37410369515419006,0.36625176668167114
50,420,0.25954151153564453,0.00020824636158067733,0.39337158203125,0.28173828125,0.19061279296875,0.13427734375,4,687,630,568,511,0.16437634825706482,0.2549857795238495,0.33953240513801575,0.4343402087688446,0.4048677980899811,0.39323779940605164,0.3726232945919037,0.36641979217529297
50,440,0.25977396965026855,0.00020824636158067733,0.3922119140625,0.2821044921875,0.18963623046875,0.13604736328125,4,687,632,568,513,0.16381952166557312,0.25488975644111633,0.3398236334323883,0.4349483847618103,0.4040403962135315,0.3929484784603119,0.3729691803455353,0.36726754903793335
50,460,0.2590557634830475,0.00020824636158067733,0.389892578125,0.28399658203125,0.19256591796875,0.133544921875,4,685,629,571,512,0.16258826851844788,0.25434133410453796,0.3399645686149597,0.4340575039386749,0.40218493342399597,0.3923235535621643,0.37328270077705383,0.3660236597061157
50,480,0.25930628180503845,0.00020824636158067733,0.390625,0.28277587890625,0.19110107421875,0.135498046875,4,687,631,569,515,0.16212347149848938,0.25469401478767395,0.34023958444595337,0.4349535405635834,0.4018559157848358,0.392409086227417,0.37371525168418884,0.3673333525657654
50,500,0.2584550380706787,0.00020824636158067733,0.39300537109375,0.28399658203125,0.19000244140625,0.13299560546875,4,688,631,566,513,0.16202762722969055,0.2542770206928253,0.3401729464530945,0.4355767071247101,0.4018658697605133,0.39238426089286804,0.3736276626586914,0.3680565059185028
50,520,0.25758033990859985,0.00020824636158067733,0.39385986328125,0.28594970703125,0.18865966796875,0.13153076171875,4,687,631,569,513,0.1618315875530243,0.25363150238990784,0.3390752375125885,0.4359869658946991,0.4014143943786621,0.39167293906211853,0.37221014499664307,0.36853235960006714
50,540,0.25759032368659973,0.00020824636158067733,0.39208984375,0.2900390625,0.18585205078125,0.13201904296875,4,687,633,567,511,0.1611148864030838,0.25420182943344116,0.3398345410823822,0.4357812702655792,0.4006071984767914,0.39218592643737793,0.37328076362609863,0.36839962005615234
50,560,0.25679802894592285,0.00020824636158067733,0.39739990234375,0.2828369140625,0.18743896484375,0.13232421875,4,687,627,569,511,0.16174757480621338,0.25212541222572327,0.33969858288764954,0.43481388688087463,0.4013821482658386,0.3894684910774231,0.3729217052459717,0.3670523464679718
50,580,0.2566882371902466,0.00020824636158067733,0.39697265625,0.28399658203125,0.1875,0.13153076171875,4,686,632,568,513,0.1611362099647522,0.25284504890441895,0.33994928002357483,0.434681236743927,0.4006589353084564,0.3905295431613922,0.3734581470489502,0.36688634753227234
50,600,0.25669723749160767,0.00020824636158067733,0.3951416015625,0.2843017578125,0.1876220703125,0.1329345703125,4,685,633,568,516,0.1605573296546936,0.2522643506526947,0.339677095413208,0.43483230471611023,0.3998010456562042,0.38967034220695496,0.3730798363685608,0.3671167492866516
50,620,0.2566468119621277,0.00020824636158067733,0.39459228515625,0.2850341796875,0.18768310546875,0.1326904296875,4,689,627,569,514,0.16074435412883759,0.2516414225101471,0.34004756808280945,0.4346262812614441,0.39997997879981995,0.38892537355422974,0.3736306130886078,0.3667891323566437
50,640,0.25615382194519043,0.00020824636158067733,0.3978271484375,0.28271484375,0.18743896484375,0.13201904296875,4,688,632,566,515,0.1599234640598297,0.25239530205726624,0.34008482098579407,0.4350195825099945,0.39922308921813965,0.3896705210208893,0.37374573945999146,0.36731719970703125
50,660,0.2546919882297516,0.00020824636158067733,0.40057373046875,0.28466796875,0.18572998046875,0.1290283203125,4,689,629,569,513,0.1591407060623169,0.25200751423835754,0.3400259017944336,0.4344234764575958,0.3982506990432739,0.38948702812194824,0.37352892756462097,0.36643046140670776
50,680,0.25533801317214966,0.00020824636158067733,0.39825439453125,0.28302001953125,0.18743896484375,0.13128662109375,4,690,627,568,515,0.15926432609558105,0.25170302391052246,0.3401998281478882,0.43345311284065247,0.39816418290138245,0.3889729976654053,0.3737276494503021,0.3651033341884613
50,700,0.25460395216941833,0.00020824636158067733,0.40130615234375,0.28076171875,0.18695068359375,0.1309814453125,4,689,629,572,512,0.15872418880462646,0.2512837052345276,0.33979833126068115,0.43388277292251587,0.39767715334892273,0.38823893666267395,0.3734399080276489,0.3658192455768585
50,720,0.25519680976867676,0.00020824636158067733,0.4013671875,0.279052734375,0.1865234375,0.133056640625,4,695,630,573,511,0.15869376063346863,0.25187990069389343,0.3403644263744354,0.43386510014533997,0.3978661894798279,0.38857629895210266,0.37418806552886963,0.365833044052124
50,740,0.25432199239730835,0.00020824636158067733,0.40020751953125,0.28125,0.18798828125,0.13055419921875,4,693,628,569,513,0.15806707739830017,0.25063928961753845,0.34063589572906494,0.4330347180366516,0.3967517018318176,0.38744503259658813,0.3744608163833618,0.3645981252193451
50,760,0.2544941306114197,0.00020824636158067733,0.39996337890625,0.2823486328125,0.186767578125,0.13092041015625,4,694,634,572,513,0.15824580192565918,0.2505561411380768,0.3409205675125122,0.4337330460548401,0.3970474302768707,0.38740262389183044,0.37488850951194763,0.3655533194541931
50,780,0.25452569127082825,0.00020824636158067733,0.3973388671875,0.28338623046875,0.1871337890625,0.13214111328125,4,689,629,573,514,0.15745149552822113,0.24996636807918549,0.34143662452697754,0.43311822414398193,0.39586374163627625,0.3865858316421509,0.3754189908504486,0.36476415395736694
50,800,0.2544235289096832,0.00020824636158067733,0.39794921875,0.28485107421875,0.18560791015625,0.131591796875,4,696,632,571,510,0.15796944499015808,0.25020021200180054,0.3408185541629791,0.433395653963089,0.3966377377510071,0.3868367373943329,0.3748554587364197,0.3651488423347473
50,820,0.2538129687309265,0.00020824636158067733,0.40106201171875,0.27862548828125,0.1898193359375,0.1304931640625,4,694,629,574,512,0.15720529854297638,0.2500426471233368,0.34055039286613464,0.43260982632637024,0.39574363827705383,0.38673511147499084,0.37434935569763184,0.36396363377571106
50,840,0.2536426782608032,0.00020824636158067733,0.40130615234375,0.28009033203125,0.1871337890625,0.1314697265625,4,691,633,569,512,0.15689784288406372,0.25000327825546265,0.3413390815258026,0.43187928199768066,0.39540502429008484,0.38675791025161743,0.37547945976257324,0.36301904916763306
50,860,0.25385749340057373,0.00020824636158067733,0.3994140625,0.28228759765625,0.18646240234375,0.1318359375,4,690,631,572,513,0.15720565617084503,0.2497432380914688,0.34105706214904785,0.43215519189834595,0.39579394459724426,0.38623473048210144,0.3749556839466095,0.36346492171287537
50,880,0.2529764175415039,0.00020824636158067733,0.40478515625,0.27813720703125,0.1875,0.12957763671875,4,695,629,572,511,0.15685777366161346,0.24996662139892578,0.3410954475402832,0.43219125270843506,0.3957247734069824,0.3864002525806427,0.3752419054508209,0.3635706305503845
50,900,0.2534986734390259,0.00020824636158067733,0.40106201171875,0.27874755859375,0.18756103515625,0.13262939453125,4,689,628,577,511,0.15632213652133942,0.24883873760700226,0.341548353433609,0.4326300621032715,0.39471960067749023,0.38508421182632446,0.37570127844810486,0.3641054034233093
50,920,0.25230568647384644,0.00020824636158067733,0.40374755859375,0.27685546875,0.18817138671875,0.1312255859375,4,692,631,576,510,0.1556793600320816,0.2481657713651657,0.3406497836112976,0.43165311217308044,0.3936583697795868,0.3844066560268402,0.3742615878582001,0.36264294385910034
50,940,0.25234076380729675,0.00020824636158067733,0.40252685546875,0.28179931640625,0.1865234375,0.129150390625,4,694,629,578,511,0.15631933510303497,0.2485332041978836,0.34086352586746216,0.4320739805698395,0.3946842551231384,0.3849060833454132,0.3749152421951294,0.36334460973739624
50,960,0.25280898809432983,0.00020824636158067733,0.40240478515625,0.27874755859375,0.186767578125,0.132080078125,4,693,631,579,507,0.1562824249267578,0.2484017312526703,0.3407893478870392,0.4317866265773773,0.39474794268608093,0.3845706582069397,0.3746286630630493,0.3629622459411621
50,980,0.2526910901069641,0.00020824636158067733,0.4017333984375,0.27935791015625,0.18756103515625,0.13134765625,4,691,630,577,507,0.1561865210533142,0.24838188290596008,0.34047332406044006,0.43166956305503845,0.39447924494743347,0.38448694348335266,0.3740825355052948,0.36276501417160034
50,1000,0.2531343698501587,0.00020824636158067733,0.3978271484375,0.28387451171875,0.18603515625,0.13226318359375,4,691,626,577,511,0.1554480940103531,0.248660147190094,0.34141993522644043,0.4323843717575073,0.3934522569179535,0.38504213094711304,0.3754405677318573,0.36370933055877686
50,1020,0.2516425848007202,0.00020824636158067733,0.40283203125,0.2801513671875,0.18719482421875,0.12982177734375,4,692,629,578,505,0.1559341549873352,0.24733702838420868,0.3401379883289337,0.4303087890148163,0.3942030370235443,0.3832208514213562,0.37371310591697693,0.36093762516975403
50,1040,0.2530291974544525,0.00020824636158067733,0.39959716796875,0.28076171875,0.18695068359375,0.1326904296875,4,691,628,579,509,0.1560550481081009,0.24814949929714203,0.34160295128822327,0.4305981397628784,0.39424994587898254,0.3842634856700897,0.3754866123199463,0.3613452911376953
50,1060,0.25278985500335693,0.00020824636158067733,0.4013671875,0.27740478515625,0.1888427734375,0.13238525390625,4,697,632,582,509,0.1560930609703064,0.24721814692020416,0.34151142835617065,0.43107348680496216,0.39438915252685547,0.38332217931747437,0.3755226135253906,0.3619520366191864
50,1080,0.2513567805290222,0.00020824636158067733,0.4036865234375,0.2803955078125,0.18695068359375,0.12896728515625,4,689,633,579,507,0.1555488407611847,0.24741436541080475,0.3408156931400299,0.43014150857925415,0.3936617374420166,0.3833458721637726,0.3746177852153778,0.3607069253921509
50,1100,0.25269609689712524,0.00020824636158067733,0.39947509765625,0.284912109375,0.18450927734375,0.131103515625,4,693,631,580,506,0.15582814812660217,0.24860146641731262,0.34235209226608276,0.43057525157928467,0.3942766785621643,0.38504737615585327,0.3767016530036926,0.3612365126609802
50,1120,0.2526472806930542,0.00020824636158067733,0.4010009765625,0.278076171875,0.1875,0.1334228515625,4,697,632,583,506,0.15569216012954712,0.2470972090959549,0.3417234420776367,0.43043264746665955,0.39404863119125366,0.3830525577068329,0.3758297264575958,0.3610854148864746
50,1140,0.2514007091522217,0.00020824636158067733,0.40081787109375,0.28033447265625,0.1876220703125,0.1312255859375,4,692,631,582,503,0.15464289486408234,0.2468101978302002,0.3406946361064911,0.4290766417980194,0.3924373686313629,0.38264885544776917,0.3744798004627228,0.3592502772808075
50,1160,0.2510218024253845,0.00020824636158067733,0.40863037109375,0.27435302734375,0.184326171875,0.1326904296875,4,695,632,583,504,0.1550537347793579,0.24706490337848663,0.3414178788661957,0.4291709065437317,0.3935806155204773,0.38311266899108887,0.37495723366737366,0.35938090085983276
50,1180,0.2515852451324463,0.00020824636158067733,0.40411376953125,0.27301025390625,0.19049072265625,0.13238525390625,4,696,628,579,509,0.15537115931510925,0.2451668530702591,0.3416568636894226,0.4289155900478363,0.39355769753456116,0.38057902455329895,0.3757297992706299,0.35902276635169983
50,1200,0.25125882029533386,0.00020824636158067733,0.40283203125,0.277587890625,0.1885986328125,0.1309814453125,4,696,632,578,511,0.1548033058643341,0.2465059459209442,0.34113845229148865,0.4285627007484436,0.3928259313106537,0.38225167989730835,0.3749984800815582,0.35851651430130005
50,1220,0.25116410851478577,0.00020824636158067733,0.400390625,0.2813720703125,0.1873779296875,0.130859375,4,692,632,579,515,0.15388531982898712,0.24691593647003174,0.3412594199180603,0.4289349317550659,0.3914744555950165,0.3828427195549011,0.3750394284725189,0.35903286933898926
50,1240,0.2519352436065674,0.00020824636158067733,0.39862060546875,0.2830810546875,0.18585205078125,0.1324462890625,4,696,633,580,508,0.15425635874271393,0.2471008449792862,0.34185776114463806,0.4300684928894043,0.39203792810440063,0.38290753960609436,0.37626588344573975,0.36049047112464905
50,1260,0.25085926055908203,0.00020824636158067733,0.4010009765625,0.2811279296875,0.1865234375,0.13134765625,4,695,633,575,506,0.15377755463123322,0.24655357003211975,0.3408471941947937,0.4286731481552124,0.3914359509944916,0.38221868872642517,0.3746863305568695,0.3586725890636444
50,1280,0.25116023421287537,0.00020824636158067733,0.39923095703125,0.28289794921875,0.185791015625,0.132080078125,4,696,636,577,507,0.15386153757572174,0.24644650518894196,0.34116435050964355,0.42875099182128906,0.3914138972759247,0.3821495771408081,0.375116229057312,0.3587499260902405
50,1300,0.2505854368209839,0.00020824636158067733,0.40057373046875,0.2799072265625,0.18658447265625,0.1329345703125,4,697,631,573,504,0.15358000993728638,0.24568712711334229,0.33985376358032227,0.42791175842285156,0.39116185903549194,0.3810211420059204,0.3731608986854553,0.35763993859291077
50,1320,0.25084438920021057,0.00020824636158067733,0.401611328125,0.2802734375,0.18853759765625,0.12957763671875,4,696,633,580,509,0.1536121517419815,0.24760963022708893,0.3405072093009949,0.42874082922935486,0.39143022894859314,0.3837408423423767,0.3742942810058594,0.3587476313114166
50,1340,0.25113165378570557,0.00020824636158067733,0.4005126953125,0.2801513671875,0.18646240234375,0.13287353515625,4,692,632,577,498,0.15433025360107422,0.24639171361923218,0.3401412069797516,0.4280003309249878,0.39226391911506653,0.382173091173172,0.37382733821868896,0.357692688703537
50,1360,0.25037720799446106,0.00020824636158067733,0.40167236328125,0.278076171875,0.18597412109375,0.13427734375,4,695,632,572,509,0.15376466512680054,0.24489392340183258,0.33894267678260803,0.4280727803707123,0.39137953519821167,0.3799903094768524,0.3717842996120453,0.35786038637161255
50,1380,0.2502933144569397,0.00020824636158067733,0.4014892578125,0.280517578125,0.184326171875,0.1336669921875,4,694,632,574,510,0.15348254144191742,0.24520058929920197,0.3399433493614197,0.4281401038169861,0.3910175859928131,0.3807513117790222,0.37340062856674194,0.3579181432723999
50,1400,0.25069719552993774,0.00020824636158067733,0.39910888671875,0.2811279296875,0.18670654296875,0.133056640625,4,693,632,577,502,0.15379159152507782,0.2451268881559372,0.34005245566368103,0.4277544915676117,0.3913516700267792,0.38049232959747314,0.37364596128463745,0.3573916554450989
50,1420,0.2513255774974823,0.00020824636158067733,0.3997802734375,0.27850341796875,0.18597412109375,0.1357421875,4,697,633,579,507,0.15443989634513855,0.2453625351190567,0.33982381224632263,0.42765477299690247,0.39228352904319763,0.3806295096874237,0.3733454942703247,0.3571451008319855
50,1440,0.2497456818819046,0.00020824636158067733,0.40216064453125,0.27935791015625,0.18499755859375,0.13348388671875,4,695,630,573,507,0.15279516577720642,0.24497370421886444,0.33936336636543274,0.42762279510498047,0.39007294178009033,0.3802950382232666,0.3724190890789032,0.3571805953979492
50,1460,0.25061365962028503,0.00020824636158067733,0.40020751953125,0.28021240234375,0.18743896484375,0.13214111328125,4,693,635,576,508,0.1535014808177948,0.2460116744041443,0.33995410799980164,0.42776286602020264,0.39105796813964844,0.3816816210746765,0.3734903633594513,0.3573761284351349
50,1480,0.2503001391887665,0.00020824636158067733,0.401611328125,0.28076171875,0.184814453125,0.1328125,4,695,637,578,508,0.15322452783584595,0.2460918426513672,0.34023189544677734,0.4275992512702942,0.39079388976097107,0.3817932903766632,0.373908668756485,0.3571149408817291
50,1500,0.2504448890686035,0.00020824636158067733,0.4017333984375,0.2779541015625,0.186279296875,0.134033203125,4,695,634,581,508,0.15366488695144653,0.24536167085170746,0.3393767476081848,0.4274643361568451,0.391357421875,0.3806338608264923,0.37274911999702454,0.3569648265838623
50,1520,0.2499978244304657,0.00020824636158067733,0.40179443359375,0.27813720703125,0.18621826171875,0.13385009765625,4,692,633,581,507,0.1532071828842163,0.24488170444965363,0.33939608931541443,0.426802396774292,0.3908131718635559,0.38014936447143555,0.37272900342941284,0.3560389280319214
50,1540,0.24985861778259277,0.00020824636158067733,0.40277099609375,0.27874755859375,0.1845703125,0.1339111328125,4,696,634,578,507,0.15315796434879303,0.24526475369930267,0.33910349011421204,0.42726561427116394,0.39092734456062317,0.38068127632141113,0.3722555935382843,0.35667040944099426
50,1560,0.2491278350353241,0.00020824636158067733,0.40386962890625,0.2791748046875,0.1834716796875,0.13348388671875,4,694,636,580,508,0.1525138020515442,0.24443979561328888,0.33904874324798584,0.42765364050865173,0.38999706506729126,0.37971752882003784,0.37228450179100037,0.35722455382347107
50,1580,0.25016358494758606,0.00020824636158067733,0.40191650390625,0.2786865234375,0.1851806640625,0.13421630859375,4,696,633,574,510,0.15318752825260162,0.24492929875850677,0.3392601013183594,0.4285029172897339,0.39082977175712585,0.3803187608718872,0.3726252019405365,0.3582789897918701
50,1600,0.25037631392478943,0.00020824636158067733,0.4000244140625,0.278076171875,0.18572998046875,0.13616943359375,4,697,633,575,513,0.15323089063167572,0.24469424784183502,0.33867311477661133,0.4269300699234009,0.39062511920928955,0.3795185983181,0.37163177132606506,0.35616153478622437
50,1620,0.2503678798675537,0.00020824636158067733,0.40020751953125,0.27862548828125,0.1861572265625,0.135009765625,4,695,634,579,512,0.1529211699962616,0.2453814297914505,0.33909815549850464,0.4271734952926636,0.3902963399887085,0.3807569742202759,0.3722517788410187,0.35650762915611267
50,1640,0.24874304234981537,0.00020824636158067733,0.40313720703125,0.27978515625,0.1834716796875,0.13360595703125,4,694,635,579,508,0.15221846103668213,0.24428214132785797,0.33858123421669006,0.4259656071662903,0.3893812596797943,0.37947407364845276,0.3715159595012665,0.3548734486103058
50,1660,0.2499960958957672,0.00020824636158067733,0.40301513671875,0.27862548828125,0.1851806640625,0.1331787109375,4,695,634,578,509,0.15324874222278595,0.246296688914299,0.3385602831840515,0.42735928297042847,0.39109036326408386,0.3819790482521057,0.3717561364173889,0.35673630237579346
50,1680,0.24945233762264252,0.00020824636158067733,0.40191650390625,0.28009033203125,0.18341064453125,0.13458251953125,4,694,636,577,512,0.15239565074443817,0.24569331109523773,0.3379240036010742,0.42655470967292786,0.3897923231124878,0.38113933801651,0.37083175778388977,0.35564544796943665
50,1700,0.24955683946609497,0.00020824636158067733,0.3994140625,0.2818603515625,0.18414306640625,0.13458251953125,4,696,637,573,513,0.1522851437330246,0.24524182081222534,0.33804798126220703,0.42619845271110535,0.38939306139945984,0.38056015968322754,0.37095457315444946,0.3550802171230316
50,1720,0.24927997589111328,0.00020824636158067733,0.40087890625,0.28204345703125,0.18353271484375,0.133544921875,4,697,637,579,507,0.15267618000507355,0.24486228823661804,0.338503360748291,0.42597705125808716,0.3900657892227173,0.38022172451019287,0.37154167890548706,0.35488012433052063
50,1740,0.2486102133989334,0.00020824636158067733,0.40435791015625,0.28076171875,0.18115234375,0.13372802734375,4,695,637,579,513,0.15281672775745392,0.24472664296627045,0.3371587097644806,0.42646706104278564,0.3903557360172272,0.3800996243953705,0.3695569932460785,0.3554917573928833
50,1760,0.248702734708786,0.00020824636158067733,0.40325927734375,0.28167724609375,0.18170166015625,0.13336181640625,4,695,636,580,512,0.15283332765102386,0.24506770074367523,0.33719155192375183,0.4257066547870636,0.39028140902519226,0.3805350661277771,0.36964309215545654,0.3544734716415405
50,1780,0.24838405847549438,0.00020824636158067733,0.405029296875,0.2806396484375,0.180908203125,0.1334228515625,4,695,637,578,510,0.1523658186197281,0.24503444135189056,0.337365984916687,0.42625972628593445,0.3898923397064209,0.38054364919662476,0.3697485327720642,0.3551558256149292
50,1800,0.25000235438346863,0.00020824636158067733,0.40240478515625,0.27984619140625,0.181640625,0.1361083984375,4,694,639,577,514,0.15352106094360352,0.24574846029281616,0.3373170793056488,0.42747175693511963,0.3912072479724884,0.3810756504535675,0.36982420086860657,0.3567582666873932
50,1820,0.2485140860080719,0.00020824636158067733,0.4046630859375,0.27978515625,0.1829833984375,0.132568359375,4,697,639,574,512,0.1522454470396042,0.24531738460063934,0.3373217284679413,0.42653873562812805,0.389366090297699,0.38069331645965576,0.3699108064174652,0.3555983006954193
50,1840,0.248517706990242,0.00020824636158067733,0.4052734375,0.2799072265625,0.18121337890625,0.13360595703125,4,695,637,581,511,0.15271560847759247,0.24516600370407104,0.33730170130729675,0.4257205128669739,0.3903104364871979,0.3803463578224182,0.369587779045105,0.3544667065143585
50,1860,0.24865034222602844,0.00020824636158067733,0.40484619140625,0.27703857421875,0.18353271484375,0.13458251953125,4,697,635,576,514,0.15286235511302948,0.2441909909248352,0.3367348909378052,0.4258531630039215,0.39027139544487,0.37920838594436646,0.3689767122268677,0.35464975237846375
50,1880,0.24808503687381744,0.00020824636158067733,0.40509033203125,0.279052734375,0.1832275390625,0.13262939453125,4,695,634,577,506,0.15246513485908508,0.24467141926288605,0.33682602643966675,0.4247238039970398,0.3897784352302551,0.37991854548454285,0.36888691782951355,0.35308411717414856
50,1900,0.2477657049894333,0.00020824636158067733,0.40618896484375,0.27880859375,0.18310546875,0.13189697265625,4,695,635,576,513,0.15244333446025848,0.24429334700107574,0.33693602681159973,0.4248693883419037,0.38981226086616516,0.37935125827789307,0.36928796768188477,0.3533024489879608
50,1920,0.24915722012519836,0.00020824636158067733,0.4000244140625,0.2811279296875,0.1851806640625,0.1336669921875,4,694,639,577,508,0.15212883055210114,0.24491944909095764,0.3376232385635376,0.42588648200035095,0.3892480731010437,0.38022780418395996,0.37017813324928284,0.35472244024276733
50,1940,0.2488122135400772,0.00020824636158067733,0.40191650390625,0.2806396484375,0.18389892578125,0.133544921875,4,694,635,581,511,0.15185917913913727,0.24530582129955292,0.3372180163860321,0.4262305200099945,0.389084130525589,0.3804169297218323,0.3697582483291626,0.3550179600715637
50,1960,0.24795810878276825,0.00020824636158067733,0.4051513671875,0.27862548828125,0.183837890625,0.13238525390625,4,695,634,579,508,0.1515546292066574,0.2447405457496643,0.33726435899734497,0.4257468581199646,0.38868045806884766,0.37985312938690186,0.3698848783969879,0.3544463515281677
50,1980,0.24845346808433533,0.00020824636158067733,0.40484619140625,0.2763671875,0.18377685546875,0.135009765625,4,693,635,575,511,0.152420312166214,0.2441207766532898,0.33637839555740356,0.4256073236465454,0.3896811604499817,0.3791525065898895,0.3682655394077301,0.3542613089084625
50,2000,0.2482067048549652,0.00020824636158067733,0.40478515625,0.27972412109375,0.181640625,0.13385009765625,4,695,636,579,511,0.15287582576274872,0.24414072930812836,0.3363175392150879,0.425430029630661,0.39045101404190063,0.37902095913887024,0.36828315258026123,0.354024201631546
51,0,0.3220728039741516,0.00020824636158067733,0.318603515625,0.16583251953125,0.24090576171875,0.274658203125,4,671,580,573,544,0.19604873657226562,0.28522101044654846,0.36266690492630005,0.4549054801464081,0.41776224970817566,0.39489126205444336,0.3999888300895691,0.38012734055519104
51,20,0.2929762005805969,0.00020824636158067733,0.34417724609375,0.24212646484375,0.22015380859375,0.19354248046875,4,688,628,585,534,0.1802137792110443,0.2735932767391205,0.3589262068271637,0.44273266196250916,0.42062145471572876,0.4123294949531555,0.3976854681968689,0.37627074122428894
51,40,0.27260008454322815,0.00020824636158067733,0.36700439453125,0.2822265625,0.2000732421875,0.15069580078125,4,681,633,572,507,0.16910716891288757,0.265828937292099,0.35102376341819763,0.4332077205181122,0.410719096660614,0.40665313601493835,0.3869003355503082,0.3641308546066284
51,60,0.2628934979438782,0.00020824636158067733,0.3927001953125,0.2783203125,0.192626953125,0.1363525390625,4,681,618,568,496,0.16591127216815948,0.2599896490573883,0.34584173560142517,0.4309512972831726,0.4069127142429352,0.3990955650806427,0.38074421882629395,0.3585315942764282
51,80,0.2641395628452301,0.00020824636158067733,0.3878173828125,0.28106689453125,0.18914794921875,0.1419677734375,4,681,620,573,508,0.1647014021873474,0.2596604526042938,0.3472825884819031,0.4338713586330414,0.4052400588989258,0.39898401498794556,0.3826146423816681,0.3645859658718109
51,100,0.26407480239868164,0.00020824636158067733,0.387939453125,0.279052734375,0.19097900390625,0.14202880859375,4,681,622,576,514,0.16384416818618774,0.2598457336425781,0.34763506054878235,0.43379607796669006,0.4040263295173645,0.3990073502063751,0.38341185450553894,0.3649572730064392
51,120,0.2631184458732605,0.00020824636158067733,0.3897705078125,0.2799072265625,0.1890869140625,0.1412353515625,4,682,623,581,517,0.1629410982131958,0.25943121314048767,0.3467678427696228,0.43489718437194824,0.40314874053001404,0.3986872732639313,0.3821427524089813,0.3667221665382385
51,140,0.26259762048721313,0.00020824636158067733,0.39044189453125,0.2784423828125,0.19195556640625,0.13916015625,4,680,623,579,516,0.16221097111701965,0.2587851285934448,0.34725430607795715,0.43510672450065613,0.40185368061065674,0.3979206681251526,0.3832353353500366,0.36714181303977966
51,160,0.26073387265205383,0.00020824636158067733,0.39495849609375,0.2777099609375,0.1884765625,0.13885498046875,4,680,621,577,520,0.16069164872169495,0.2577376365661621,0.34628239274024963,0.43516552448272705,0.4001871645450592,0.3964986503124237,0.38169652223587036,0.36717796325683594
51,180,0.26109960675239563,0.00020824636158067733,0.39251708984375,0.27880859375,0.189208984375,0.13946533203125,4,680,619,579,515,0.16012035310268402,0.2575450837612152,0.34691137075424194,0.4359872341156006,0.39932262897491455,0.3964417278766632,0.3825031816959381,0.36848020553588867
51,200,0.25960996747016907,0.00020824636158067733,0.398681640625,0.27508544921875,0.19012451171875,0.1361083984375,4,681,623,576,518,0.16031911969184875,0.2567180097103119,0.3464875817298889,0.4349364936351776,0.39986681938171387,0.395304411649704,0.3820066452026367,0.3670923113822937
51,220,0.2602590322494507,0.00020824636158067733,0.39349365234375,0.2781982421875,0.1910400390625,0.13726806640625,4,682,625,578,517,0.15937206149101257,0.25662103295326233,0.3470916748046875,0.4359879791736603,0.39820724725723267,0.39538201689720154,0.3829268515110016,0.3686490058898926
51,240,0.2603153586387634,0.00020824636158067733,0.39886474609375,0.27337646484375,0.189453125,0.1383056640625,4,681,623,579,523,0.16153210401535034,0.2558159828186035,0.3467424213886261,0.4357045292854309,0.401496559381485,0.39429590106010437,0.3823625147342682,0.3682536780834198
51,260,0.25953349471092224,0.00020824636158067733,0.3992919921875,0.27447509765625,0.1898193359375,0.13641357421875,4,681,622,576,522,0.16066226363182068,0.25582775473594666,0.3462904393672943,0.4356704354286194,0.40014609694480896,0.3943958878517151,0.38182878494262695,0.3681848645210266
51,280,0.2583252787590027,0.00020824636158067733,0.4002685546875,0.27301025390625,0.1888427734375,0.13787841796875,4,680,625,578,523,0.15838012099266052,0.2544846534729004,0.34621477127075195,0.435699999332428,0.3967965245246887,0.3924807012081146,0.38122159242630005,0.36835429072380066
51,300,0.2589145600795746,0.00020824636158067733,0.39886474609375,0.27667236328125,0.19012451171875,0.13433837890625,4,681,628,575,520,0.15965186059474945,0.25571149587631226,0.34715181589126587,0.4353533983230591,0.39898014068603516,0.39428961277008057,0.38286885619163513,0.3678340017795563
51,320,0.25774210691452026,0.00020824636158067733,0.40252685546875,0.272216796875,0.189453125,0.13580322265625,4,683,625,574,515,0.1590392142534256,0.25403445959091187,0.34581607580184937,0.43486565351486206,0.3979165256023407,0.39185407757759094,0.3808381259441376,0.36715975403785706
51,340,0.2577384114265442,0.00020824636158067733,0.40191650390625,0.2733154296875,0.1898193359375,0.13494873046875,4,685,625,577,518,0.158582404255867,0.25415873527526855,0.34659796953201294,0.4353136718273163,0.3973463177680969,0.39220869541168213,0.38218802213668823,0.3678054213523865
51,360,0.2569495141506195,0.00020824636158067733,0.4056396484375,0.2716064453125,0.18975830078125,0.13299560546875,4,682,628,579,518,0.15866711735725403,0.2540542185306549,0.3461059331893921,0.4354173243045807,0.39777258038520813,0.39210453629493713,0.3817504942417145,0.3679247498512268
51,380,0.2567893862724304,0.00020824636158067733,0.40570068359375,0.2705078125,0.1904296875,0.13336181640625,4,683,624,581,518,0.15836548805236816,0.25311535596847534,0.34625157713890076,0.43591293692588806,0.39730602502822876,0.39098748564720154,0.3819236159324646,0.3685974180698395
51,400,0.25653624534606934,0.00020824636158067733,0.40435791015625,0.2733154296875,0.18865966796875,0.1336669921875,4,683,624,581,516,0.15809227526187897,0.2525807321071625,0.346302330493927,0.43573132157325745,0.3967185914516449,0.39021724462509155,0.3819330334663391,0.3683377206325531
51,420,0.2564210891723633,0.00020824636158067733,0.40362548828125,0.2744140625,0.1875,0.13446044921875,4,683,624,582,520,0.15781129896640778,0.2525683641433716,0.34582141041755676,0.43562695384025574,0.3962520360946655,0.39008498191833496,0.38121476769447327,0.36822745203971863
51,440,0.2554829716682434,0.00020824636158067733,0.40899658203125,0.27178955078125,0.1859130859375,0.13330078125,4,688,624,578,522,0.15825524926185608,0.25227808952331543,0.3448103666305542,0.4357500672340393,0.3969861567020416,0.3898553252220154,0.3797193765640259,0.3684249818325043
51,460,0.25448501110076904,0.00020824636158067733,0.40869140625,0.2744140625,0.1839599609375,0.1329345703125,4,689,626,577,522,0.15708433091640472,0.2515110671520233,0.3447341322898865,0.4351807236671448,0.39537709951400757,0.3887880742549896,0.37940531969070435,0.36763983964920044
51,480,0.2557072639465332,0.00020824636158067733,0.4044189453125,0.2764892578125,0.18402099609375,0.13507080078125,4,686,628,578,526,0.1579141765832901,0.2514790892601013,0.34503018856048584,0.43547311425209045,0.3962785601615906,0.3884647786617279,0.3800097107887268,0.36802515387535095
51,500,0.2540925145149231,0.00020824636158067733,0.4088134765625,0.27276611328125,0.18463134765625,0.1337890625,4,691,624,574,523,0.15661117434501648,0.2502104341983795,0.34475356340408325,0.4347629249095917,0.3945654630661011,0.3870771527290344,0.3793852627277374,0.3670998811721802
51,520,0.2551301419734955,0.00020824636158067733,0.40618896484375,0.2745361328125,0.1851806640625,0.13409423828125,4,690,628,573,526,0.15712082386016846,0.2514541447162628,0.34511491656303406,0.4352726340293884,0.39533063769340515,0.3886844217777252,0.3801378011703491,0.36779022216796875
51,540,0.253801167011261,0.00020824636158067733,0.410400390625,0.27130126953125,0.18603515625,0.13226318359375,4,691,628,578,518,0.1564137190580368,0.25007152557373047,0.3461245894432068,0.433777779340744,0.3945687413215637,0.3869650661945343,0.381582647562027,0.3657529056072235
51,560,0.25346267223358154,0.00020824636158067733,0.41058349609375,0.2744140625,0.183837890625,0.13116455078125,4,692,631,573,515,0.15677809715270996,0.2502463757991791,0.345535010099411,0.4337957501411438,0.3952520191669464,0.38724440336227417,0.3805559575557709,0.3657810091972351
51,580,0.2527958154678345,0.00020824636158067733,0.4091796875,0.27557373046875,0.18328857421875,0.1319580078125,4,692,627,578,525,0.15548351407051086,0.24927052855491638,0.34497782588005066,0.43386709690093994,0.3931717276573181,0.385809987783432,0.37977179884910583,0.3658749759197235
51,600,0.25346529483795166,0.00020824636158067733,0.408935546875,0.2740478515625,0.18359375,0.1334228515625,4,690,629,574,520,0.1557024121284485,0.2498181164264679,0.3451024293899536,0.43450039625167847,0.3936767280101776,0.3865143954753876,0.3800504207611084,0.3667148947715759
51,620,0.2530698776245117,0.00020824636158067733,0.40875244140625,0.2752685546875,0.18365478515625,0.13232421875,4,694,629,576,521,0.15584209561347961,0.24922004342079163,0.34496238827705383,0.4338783323764801,0.3938692510128021,0.38574182987213135,0.3797030746936798,0.3658900856971741
51,640,0.2523072361946106,0.00020824636158067733,0.4107666015625,0.27618408203125,0.182373046875,0.13067626953125,4,694,630,578,522,0.15605179965496063,0.24827876687049866,0.3451651334762573,0.4337965250015259,0.39425021409988403,0.3846037983894348,0.3801020085811615,0.36577850580215454
51,660,0.2524617910385132,0.00020824636158067733,0.4112548828125,0.27362060546875,0.18280029296875,0.13232421875,4,694,629,574,527,0.15609176456928253,0.24775105714797974,0.3447214663028717,0.43426141142845154,0.3942866623401642,0.38388481736183167,0.37952721118927,0.36638960242271423
51,680,0.25188225507736206,0.00020824636158067733,0.4112548828125,0.27288818359375,0.1837158203125,0.13214111328125,4,691,625,576,525,0.1554121971130371,0.24681268632411957,0.34481188654899597,0.43338948488235474,0.39318642020225525,0.38258063793182373,0.37971293926239014,0.3652244508266449
51,700,0.2521657347679138,0.00020824636158067733,0.4097900390625,0.275146484375,0.18408203125,0.1309814453125,4,692,630,580,525,0.15533870458602905,0.24743705987930298,0.34554365277290344,0.43379929661750793,0.39335396885871887,0.383564293384552,0.38071107864379883,0.3657592535018921
51,720,0.25134748220443726,0.00020824636158067733,0.40960693359375,0.2769775390625,0.18121337890625,0.1322021484375,4,690,627,574,516,0.1548537313938141,0.2463180422782898,0.3443942666053772,0.4333129823207855,0.3924229145050049,0.3820077180862427,0.3789309561252594,0.3651123344898224
51,740,0.2511298954486847,0.00020824636158067733,0.41107177734375,0.276123046875,0.18121337890625,0.131591796875,4,687,628,575,519,0.15521405637264252,0.2461649775505066,0.34415382146835327,0.43307146430015564,0.3929610848426819,0.3817403018474579,0.37846067547798157,0.3647890090942383
51,760,0.2518708109855652,0.00020824636158067733,0.4095458984375,0.2760009765625,0.18365478515625,0.13079833984375,4,694,630,579,523,0.15594564378261566,0.24592962861061096,0.34525638818740845,0.43363767862319946,0.393920361995697,0.38141873478889465,0.380332887172699,0.3655206263065338
51,780,0.25078991055488586,0.00020824636158067733,0.41107177734375,0.27630615234375,0.18060302734375,0.13201904296875,4,696,627,575,521,0.15487393736839294,0.24524225294589996,0.3441445231437683,0.4333474040031433,0.3925613760948181,0.3805181384086609,0.37853971123695374,0.3651439845561981
51,800,0.2510671019554138,0.00020824636158067733,0.4114990234375,0.27496337890625,0.17999267578125,0.133544921875,4,693,627,578,523,0.15499071776866913,0.24556130170822144,0.34359005093574524,0.43374571204185486,0.3929324150085449,0.3808257579803467,0.37774673104286194,0.3656601905822754
51,820,0.25093960762023926,0.00020824636158067733,0.41302490234375,0.27252197265625,0.18402099609375,0.13043212890625,4,693,631,578,529,0.15490266680717468,0.24545997381210327,0.3458230793476105,0.432631254196167,0.3929479122161865,0.3809302747249603,0.3809046447277069,0.36412858963012695
51,840,0.24998417496681213,0.00020824636158067733,0.4146728515625,0.27252197265625,0.1810302734375,0.13177490234375,4,694,629,579,518,0.15425355732440948,0.2447682023048401,0.3439323306083679,0.4329544007778168,0.3921307325363159,0.3799489438533783,0.3784223198890686,0.3645721673965454
51,860,0.2501241862773895,0.00020824636158067733,0.41204833984375,0.2747802734375,0.17938232421875,0.1337890625,4,694,632,575,516,0.15421125292778015,0.24424436688423157,0.3432069420814514,0.4327924847602844,0.39182931184768677,0.379131942987442,0.3771657347679138,0.3643340766429901
51,880,0.25029662251472473,0.00020824636158067733,0.40948486328125,0.2763671875,0.1817626953125,0.13238525390625,4,692,631,578,515,0.15438617765903473,0.2441077083349228,0.34365415573120117,0.43170180916786194,0.3919060528278351,0.3788922429084778,0.3779369592666626,0.36286935210227966
51,900,0.25071287155151367,0.00020824636158067733,0.4105224609375,0.27532958984375,0.17962646484375,0.134521484375,4,695,630,576,516,0.1550329625606537,0.24439185857772827,0.3431795835494995,0.43216821551322937,0.3928869962692261,0.3793802857398987,0.3770538568496704,0.36345812678337097
51,920,0.24995969235897064,0.00020824636158067733,0.41375732421875,0.272216796875,0.18096923828125,0.133056640625,4,695,628,576,512,0.1544678509235382,0.2439839094877243,0.3433470129966736,0.43211469054222107,0.3924013376235962,0.3788397014141083,0.3774975538253784,0.36339157819747925
51,940,0.2507690489292145,0.00020824636158067733,0.4097900390625,0.2745361328125,0.1837158203125,0.1319580078125,4,695,629,580,517,0.15481068193912506,0.2443457990884781,0.3447798192501068,0.43124255537986755,0.3926942050457001,0.3794558048248291,0.3794463872909546,0.3622667193412781
51,960,0.2503527104854584,0.00020824636158067733,0.4093017578125,0.27490234375,0.18426513671875,0.13153076171875,4,694,627,577,515,0.15461739897727966,0.2431996464729309,0.3445899486541748,0.431195467710495,0.39214563369750977,0.37780267000198364,0.3794134557247162,0.3621998131275177
51,980,0.24996104836463928,0.00020824636158067733,0.4085693359375,0.2781982421875,0.181396484375,0.1318359375,4,696,628,575,510,0.1542104035615921,0.2435915172100067,0.34365060925483704,0.43123042583465576,0.3917156457901001,0.37829598784446716,0.3777564465999603,0.362214058637619
51,1000,0.24975354969501495,0.00020824636158067733,0.41058349609375,0.276611328125,0.1826171875,0.13018798828125,4,691,630,576,511,0.1542319506406784,0.24403275549411774,0.34378671646118164,0.4312600791454315,0.3918798863887787,0.3789251148700714,0.3780973255634308,0.36227014660835266
51,1020,0.24901829659938812,0.00020824636158067733,0.4111328125,0.27691650390625,0.1810302734375,0.13092041015625,4,695,625,577,518,0.15313923358917236,0.2438584417104721,0.34287890791893005,0.43123793601989746,0.3905388116836548,0.3787166178226471,0.3766067326068878,0.3622284531593323
51,1040,0.24967266619205475,0.00020824636158067733,0.41204833984375,0.27532958984375,0.180908203125,0.1317138671875,4,697,628,573,512,0.15442878007888794,0.24339672923088074,0.34362971782684326,0.4316992461681366,0.3922291100025177,0.3780922293663025,0.3779757022857666,0.3627653419971466
51,1060,0.24909961223602295,0.00020824636158067733,0.4127197265625,0.2734375,0.18438720703125,0.12945556640625,4,695,630,576,515,0.15386082231998444,0.24315649271011353,0.34373751282691956,0.4304898679256439,0.3915052115917206,0.37792643904685974,0.37799957394599915,0.3611975908279419
51,1080,0.24927398562431335,0.00020824636158067733,0.41094970703125,0.27630615234375,0.1806640625,0.132080078125,4,695,633,573,518,0.15360118448734283,0.24314165115356445,0.3429865837097168,0.4315921664237976,0.3911862373352051,0.37759947776794434,0.3769288659095764,0.3626812994480133
51,1100,0.2493104636669159,0.00020824636158067733,0.410400390625,0.2763671875,0.1802978515625,0.1329345703125,4,695,629,579,513,0.15387895703315735,0.2426910102367401,0.3426917493343353,0.4310394525527954,0.39135944843292236,0.3773121237754822,0.3763168752193451,0.361892431974411
51,1120,0.24878977239131927,0.00020824636158067733,0.41290283203125,0.2745361328125,0.1829833984375,0.12957763671875,4,696,630,571,515,0.1537121683359146,0.2429022490978241,0.34336408972740173,0.4306779205799103,0.3913602828979492,0.3775220513343811,0.3776186406612396,0.36143606901168823
51,1140,0.24848885834217072,0.00020824636158067733,0.41094970703125,0.27655029296875,0.18231201171875,0.13018798828125,4,695,629,572,515,0.1530565768480301,0.2422291785478592,0.34324929118156433,0.4303259551525116,0.3904275894165039,0.3765333294868469,0.37713345885276794,0.36099591851234436
51,1160,0.24870514869689941,0.00020824636158067733,0.4117431640625,0.27520751953125,0.1822509765625,0.13079833984375,4,697,630,577,517,0.15341635048389435,0.24227496981620789,0.3430684804916382,0.43071305751800537,0.3908969759941101,0.37667199969291687,0.3771842122077942,0.36149272322654724
51,1180,0.24849212169647217,0.00020824636158067733,0.4111328125,0.2757568359375,0.181396484375,0.1317138671875,4,696,629,577,517,0.15295016765594482,0.24199658632278442,0.34312063455581665,0.4299943149089813,0.39029595255851746,0.3761451840400696,0.37711426615715027,0.36046427488327026
51,1200,0.24861685931682587,0.00020824636158067733,0.4090576171875,0.27783203125,0.18072509765625,0.13238525390625,4,696,629,581,518,0.15298639237880707,0.24183402955532074,0.3421461880207062,0.4306595027446747,0.39018669724464417,0.3760347366333008,0.37564119696617126,0.3614267110824585
51,1220,0.24888986349105835,0.00020824636158067733,0.408935546875,0.276611328125,0.1826171875,0.1318359375,4,696,628,579,517,0.15291066467761993,0.24254466593265533,0.3427090644836426,0.42995935678482056,0.39022910594940186,0.3768102824687958,0.3764076828956604,0.36042532324790955
51,1240,0.24856410920619965,0.00020824636158067733,0.41107177734375,0.2767333984375,0.17926025390625,0.1329345703125,4,697,629,578,510,0.15283074975013733,0.2423422485589981,0.34219369292259216,0.43129342794418335,0.39022907614707947,0.37672245502471924,0.37598925828933716,0.3622170090675354
51,1260,0.24893920123577118,0.00020824636158067733,0.40863037109375,0.27716064453125,0.1805419921875,0.1336669921875,4,697,628,580,515,0.15269386768341064,0.24210812151432037,0.3425503671169281,0.4308938980102539,0.3899281919002533,0.3763228952884674,0.3761550188064575,0.36167868971824646
51,1280,0.2484825700521469,0.00020824636158067733,0.40966796875,0.27557373046875,0.1842041015625,0.13055419921875,4,696,629,576,518,0.1529129296541214,0.2416878640651703,0.3423546552658081,0.43026626110076904,0.39008256793022156,0.3758435845375061,0.37639671564102173,0.36082661151885986
51,1300,0.2485831081867218,0.00020824636158067733,0.407470703125,0.27740478515625,0.18157958984375,0.133544921875,4,695,630,579,517,0.1521332710981369,0.24193063378334045,0.34157034754753113,0.43025460839271545,0.3890804350376129,0.37612494826316833,0.37468355894088745,0.36088231205940247
51,1320,0.24800948798656464,0.00020824636158067733,0.4090576171875,0.27825927734375,0.18133544921875,0.13134765625,4,696,628,577,519,0.15231497585773468,0.24189776182174683,0.34173905849456787,0.42957890033721924,0.38931992650032043,0.37606531381607056,0.37521135807037354,0.35991260409355164
51,1340,0.2477792203426361,0.00020824636158067733,0.4107666015625,0.27813720703125,0.178466796875,0.13262939453125,4,695,627,577,511,0.1523294597864151,0.24171756207942963,0.34164243936538696,0.4298056960105896,0.38945087790489197,0.37584176659584045,0.37499579787254333,0.3601905405521393
51,1360,0.24811863899230957,0.00020824636158067733,0.40899658203125,0.27593994140625,0.18341064453125,0.13165283203125,4,693,631,575,517,0.15177258849143982,0.24125154316425323,0.3425901532173157,0.4302116632461548,0.38862332701683044,0.3752923011779785,0.3764742612838745,0.3607182204723358
51,1380,0.24868838489055634,0.00020824636158067733,0.40966796875,0.277099609375,0.178955078125,0.13427734375,4,693,630,576,512,0.15267886221408844,0.24242909252643585,0.34138691425323486,0.4309799075126648,0.3900592029094696,0.3766025900840759,0.37463387846946716,0.3617473244667053
51,1400,0.24870939552783966,0.00020824636158067733,0.4102783203125,0.27801513671875,0.17803955078125,0.1336669921875,4,698,630,581,520,0.1529466062784195,0.2426384836435318,0.3419792354106903,0.4310391843318939,0.3904690742492676,0.3767798840999603,0.37555181980133057,0.3617474436759949
51,1420,0.2489551156759262,0.00020824636158067733,0.40966796875,0.27593994140625,0.18157958984375,0.1328125,4,696,632,578,515,0.15288212895393372,0.24277344346046448,0.3422991633415222,0.4305223524570465,0.39027366042137146,0.3772054612636566,0.3759929835796356,0.3610920310020447
51,1440,0.24807888269424438,0.00020824636158067733,0.41131591796875,0.2763671875,0.18011474609375,0.1322021484375,4,696,630,582,518,0.15271814167499542,0.24198737740516663,0.34158164262771606,0.43011564016342163,0.39000222086906433,0.37621575593948364,0.3750383257865906,0.3605804741382599
51,1460,0.24876068532466888,0.00020824636158067733,0.40936279296875,0.27587890625,0.18157958984375,0.1331787109375,4,695,630,573,518,0.1525179147720337,0.2424277514219284,0.3419894874095917,0.43059810996055603,0.389669269323349,0.37688273191452026,0.3756268620491028,0.3611745834350586
51,1480,0.2484665811061859,0.00020824636158067733,0.41046142578125,0.27587890625,0.18280029296875,0.130859375,4,696,633,581,516,0.15271446108818054,0.2428770363330841,0.3426319360733032,0.4290507137775421,0.390132874250412,0.3773450255393982,0.37640658020973206,0.35916250944137573
51,1500,0.2479696273803711,0.00020824636158067733,0.4110107421875,0.2733154296875,0.18463134765625,0.13104248046875,4,695,626,579,516,0.15218816697597504,0.2415284961462021,0.34240293502807617,0.4287682771682739,0.38925501704216003,0.3755960166454315,0.3761889636516571,0.3587742745876312
51,1520,0.24784667789936066,0.00020824636158067733,0.4083251953125,0.2781982421875,0.18206787109375,0.13140869140625,4,698,628,578,511,0.15227928757667542,0.24143122136592865,0.3414291441440582,0.42872491478919983,0.38922250270843506,0.3755359649658203,0.37459132075309753,0.35872742533683777
51,1540,0.24832306802272797,0.00020824636158067733,0.408935546875,0.27813720703125,0.18353271484375,0.12939453125,4,694,633,583,518,0.15305399894714355,0.24218790233135223,0.3424316942691803,0.42911362648010254,0.390465646982193,0.37645667791366577,0.37631553411483765,0.3592824339866638
51,1560,0.24749621748924255,0.00020824636158067733,0.41241455078125,0.275390625,0.18218994140625,0.1300048828125,4,698,632,578,516,0.15192590653896332,0.24200917780399323,0.342190682888031,0.42959174513816833,0.389148473739624,0.3763825595378876,0.3760148584842682,0.3598291575908661
51,1580,0.2480851411819458,0.00020824636158067733,0.4111328125,0.2755126953125,0.18133544921875,0.13201904296875,4,697,626,576,517,0.15261319279670715,0.24191664159297943,0.3418055474758148,0.4295460283756256,0.38979098200798035,0.37624114751815796,0.37532839179039,0.35968923568725586
51,1600,0.24767231941223145,0.00020824636158067733,0.41033935546875,0.27630615234375,0.1824951171875,0.130859375,4,695,629,576,517,0.15205805003643036,0.24156032502651215,0.3415462374687195,0.4294823706150055,0.38912075757980347,0.3757828176021576,0.3751017451286316,0.35976237058639526
51,1620,0.247554749250412,0.00020824636158067733,0.41168212890625,0.27716064453125,0.18121337890625,0.12994384765625,4,700,628,574,513,0.15239141881465912,0.24212408065795898,0.34186166524887085,0.4291141629219055,0.38971224427223206,0.37644731998443604,0.3753814101219177,0.3592444658279419
51,1640,0.24724681675434113,0.00020824636158067733,0.41131591796875,0.2762451171875,0.181640625,0.13079833984375,4,696,628,576,516,0.15189404785633087,0.24184037744998932,0.3405739963054657,0.42891260981559753,0.3888799846172333,0.37619560956954956,0.37353965640068054,0.3589276671409607
51,1660,0.2474251091480255,0.00020824636158067733,0.41119384765625,0.275390625,0.18170166015625,0.1317138671875,4,695,634,576,515,0.1518893837928772,0.24170809984207153,0.34067291021347046,0.428991436958313,0.38892191648483276,0.37574654817581177,0.3736989498138428,0.35904109477996826
51,1680,0.24780696630477905,0.00020824636158067733,0.41046142578125,0.2777099609375,0.18109130859375,0.1307373046875,4,697,628,582,516,0.15311367809772491,0.24192409217357635,0.3409607410430908,0.4285690188407898,0.3905944228172302,0.3760870695114136,0.3742557764053345,0.3584209382534027
51,1700,0.24771037697792053,0.00020824636158067733,0.40899658203125,0.27850341796875,0.18292236328125,0.12957763671875,4,697,633,582,514,0.15276046097278595,0.24130018055438995,0.3417661786079407,0.42840924859046936,0.3900133967399597,0.37542736530303955,0.375257283449173,0.3582635819911957
51,1720,0.24793094396591187,0.00020824636158067733,0.40985107421875,0.277099609375,0.18255615234375,0.1304931640625,4,699,630,575,518,0.15264448523521423,0.2420949786901474,0.3414953649044037,0.4287039637565613,0.3899978995323181,0.3764582872390747,0.3748753070831299,0.35864919424057007
51,1740,0.24754463136196136,0.00020824636158067733,0.406982421875,0.28076171875,0.1806640625,0.131591796875,4,696,632,578,517,0.15165571868419647,0.241227388381958,0.3412710726261139,0.4289065897464752,0.38853365182876587,0.3749563694000244,0.3747551143169403,0.3588843047618866
51,1760,0.2478991001844406,0.00020824636158067733,0.4093017578125,0.2772216796875,0.18072509765625,0.13275146484375,4,699,627,584,523,0.1526588797569275,0.24181918799877167,0.34020310640335083,0.42858120799064636,0.38992542028427124,0.3759225904941559,0.3728099465370178,0.35850462317466736
51,1780,0.24710959196090698,0.00020824636158067733,0.4119873046875,0.2767333984375,0.1807861328125,0.1304931640625,4,698,631,577,514,0.1521434485912323,0.24129652976989746,0.3412196934223175,0.4288793206214905,0.3893250823020935,0.37535151839256287,0.37458720803260803,0.35886350274086
51,1800,0.24809810519218445,0.00020824636158067733,0.4090576171875,0.2772216796875,0.1822509765625,0.1314697265625,4,699,631,580,518,0.15291592478752136,0.24182192981243134,0.3408074676990509,0.4289649426937103,0.3901606798171997,0.37612801790237427,0.3738414943218231,0.35899221897125244
51,1820,0.2470255047082901,0.00020824636158067733,0.41119384765625,0.2769775390625,0.1824951171875,0.12933349609375,4,698,631,579,511,0.1513938158750534,0.2416922003030777,0.3419190049171448,0.42859309911727905,0.3884785771369934,0.3757496476173401,0.3756251633167267,0.35846540331840515
51,1840,0.2475081980228424,0.00020824636158067733,0.40863037109375,0.27960205078125,0.17889404296875,0.13287353515625,4,695,632,578,517,0.15151101350784302,0.24170881509780884,0.3408348560333252,0.4292847514152527,0.3886041045188904,0.37581780552864075,0.37376484274864197,0.35940513014793396
51,1860,0.24757146835327148,0.00020824636158067733,0.40692138671875,0.28216552734375,0.181640625,0.1292724609375,4,699,635,580,521,0.1522655338048935,0.24225808680057526,0.3405182659626007,0.4285719096660614,0.3894277513027191,0.3765575587749481,0.3735894560813904,0.35845592617988586
51,1880,0.24782678484916687,0.00020824636158067733,0.40753173828125,0.27899169921875,0.18206787109375,0.13140869140625,4,695,630,578,520,0.15214507281780243,0.2415177822113037,0.34139227867126465,0.42831864953041077,0.3892495930194855,0.37556004524230957,0.3747832179069519,0.35799166560173035
51,1900,0.24803371727466583,0.00020824636158067733,0.406982421875,0.2779541015625,0.1837158203125,0.13134765625,4,695,630,579,514,0.15215565264225006,0.2418098747730255,0.3408930003643036,0.4284018278121948,0.38916096091270447,0.3758999705314636,0.3740050196647644,0.3581739068031311
51,1920,0.24668961763381958,0.00020824636158067733,0.40899658203125,0.27960205078125,0.18072509765625,0.13067626953125,4,696,632,581,514,0.1506485939025879,0.2421964854001999,0.3392367660999298,0.4289044439792633,0.38721075654029846,0.3764376938343048,0.3717452585697174,0.35889437794685364
51,1940,0.24749250710010529,0.00020824636158067733,0.4097900390625,0.278564453125,0.18060302734375,0.13104248046875,4,697,635,582,513,0.15204013884067535,0.24226270616054535,0.3405693769454956,0.4288252890110016,0.3891593813896179,0.37661489844322205,0.37358033657073975,0.3587687015533447
51,1960,0.24714356660842896,0.00020824636158067733,0.4107666015625,0.27783203125,0.18182373046875,0.12957763671875,4,696,634,579,516,0.15186458826065063,0.24210576713085175,0.34090155363082886,0.428422212600708,0.3890925645828247,0.3764098584651947,0.37395980954170227,0.3582994341850281
51,1980,0.24680200219154358,0.00020824636158067733,0.41107177734375,0.2760009765625,0.18017578125,0.13275146484375,4,699,630,578,526,0.15077319741249084,0.24158546328544617,0.33888381719589233,0.43002849817276,0.3875768482685089,0.375737726688385,0.371602326631546,0.36030662059783936
51,2000,0.2474975734949112,0.00020824636158067733,0.41064453125,0.27685546875,0.181396484375,0.131103515625,4,698,630,578,516,0.15180394053459167,0.24236498773097992,0.3406597673892975,0.429168701171875,0.3889836370944977,0.3767469823360443,0.3739638924598694,0.359178751707077
