seed,phase,epoch,mean_f,best_f,p_left,p_right,occupied_basins,unique_left,unique_right,mean_f_left,mean_f_right,spread_left,spread_right,reverse_kl,kl_allocation,kl_shape,forward_kl
42,scratch,0,0.7616021633148193,0.00020824636158067733,0.49444580078125,0.50555419921875,2,1327,1137,0.7463897466659546,0.7764802575111389,0.7188590168952942,0.6498392224311829,12.092306321607076,1.349174792597889,10.743131529009187,2.3026137374333504
42,scratch,20,0.5837781429290771,0.00020824636158067733,0.55364990234375,0.44635009765625,2,1322,1086,0.5334389209747314,0.6462185382843018,0.6559820771217346,0.5953547954559326,8.54470281934865,1.1178344957765316,7.426868323572119,1.940672921032021
42,scratch,40,0.43547001481056213,0.00020824636158067733,0.63763427734375,0.36236572265625,2,1272,951,0.38656607270240784,0.5215234160423279,0.5905039310455322,0.5317312479019165,5.724983004191209,0.8141830980609339,4.910799906130275,1.6070569054979589
42,scratch,60,0.3265802264213562,0.00020824636158067733,0.719970703125,0.280029296875,2,1189,795,0.28602108359336853,0.4308599531650543,0.5268265604972839,0.4650071859359741,3.7771533785509845,0.5463038783980989,3.230849500152886,1.33227206811782
42,scratch,80,0.2595059871673584,0.00020824636158067733,0.79034423828125,0.20965576171875,2,1093,630,0.2261398732662201,0.3852871358394623,0.47449177503585815,0.4091810882091522,2.679780545356799,0.34401721181963685,2.335763333537162,1.124713503898167
42,scratch,100,0.21402768790721893,0.00020824636158067733,0.8553466796875,0.1446533203125,2,1010,471,0.18913504481315613,0.3612199127674103,0.4332652986049652,0.35507768392562866,2.0034981951250117,0.18393373165998672,1.8195644634650245,0.9543391396661921
42,scratch,120,0.18090161681175232,0.00020824636158067733,0.90423583984375,0.09576416015625,2,937,363,0.16257023811340332,0.3539927005767822,0.3997498154640198,0.31862303614616394,1.5331727445845544,0.08583381983086667,1.4473389247536874,0.811668379800469
42,scratch,140,0.15332713723182678,0.00020824636158067733,0.9437255859375,0.0562744140625,2,861,263,0.14143583178520203,0.35274502635002136,0.3711400330066681,0.2928685247898102,1.158274369098045,0.026805474991598813,1.1314688941064466,0.6863268632884886
42,scratch,160,0.13162927329540253,0.00020824636158067733,0.96514892578125,0.03485107421875,2,812,178,0.12364175170660019,0.35283148288726807,0.34627261757850647,0.2609860897064209,0.8729706927590186,0.006399654429645785,0.8665710383293728,0.5774335478424494
42,scratch,180,0.11578895896673203,0.00020824636158067733,0.97613525390625,0.02386474609375,2,764,143,0.10987679660320282,0.35761287808418274,0.32724693417549133,0.2442822903394699,0.6644112109008447,0.0009109334484065862,0.663500277452438,0.48473991570856223
42,scratch,200,0.1036389172077179,0.00020824636158067733,0.98345947265625,0.01654052734375,2,735,113,0.09928283840417862,0.3626406192779541,0.31197142601013184,0.23448796570301056,0.5141703050105306,5.530489307641051e-05,0.5141150001174538,0.4152292298174164
42,scratch,220,0.09389932453632355,0.00020824636158067733,0.98846435546875,0.01153564453125,2,697,85,0.09077291190624237,0.3617943525314331,0.29890379309654236,0.22340434789657593,0.4013324511617711,0.001323074884648853,0.4000093762771224,0.36375740035939297
42,scratch,240,0.08555164188146591,0.00020824636158067733,0.99237060546875,0.00762939453125,1,664,64,0.08349636197090149,0.3528846800327301,0.2869177460670471,0.19308094680309296,0.3154964095412751,0.003828207222234677,0.3116682023190404,0.3298290727040897
42,scratch,260,0.07951319217681885,0.00020824636158067733,0.994384765625,0.005615234375,1,648,52,0.07800676673650742,0.34627968072891235,0.277993381023407,0.17441426217556,0.2513701652789777,0.005863846179885101,0.24550631909909243,0.30182015727834577
42,scratch,280,0.0749230682849884,0.00020824636158067733,0.99554443359375,0.00445556640625,1,625,43,0.07372113317251205,0.3434818983078003,0.27067050337791443,0.15717358887195587,0.20695485916458978,0.0073534970830356735,0.1996013620815541,0.2833357428905604
42,scratch,300,0.07073342800140381,0.00020824636158067733,0.99615478515625,0.00384521484375,1,601,39,0.06966443359851837,0.34767329692840576,0.2632910907268524,0.15975157916545868,0.17025311539347143,0.008255238386976622,0.16199787700649482,0.2724859244487764
42,scratch,320,0.06711546331644058,0.00020824636158067733,0.99725341796875,0.00274658203125,1,583,32,0.0663456916809082,0.34661024808883667,0.2569311857223511,0.16241148114204407,0.1453990064475974,0.01013671346777837,0.13526229297981887,0.2695906333108017
42,scratch,340,0.06471928209066391,0.00020824636158067733,0.99755859375,0.00244140625,1,575,31,0.06402832269668579,0.3470429480075836,0.2527279853820801,0.15773478150367737,0.12340863044683914,0.010731395168294692,0.11267723527854442,0.26532033270698074
42,scratch,360,0.06225736811757088,0.00020824636158067733,0.99774169921875,0.00225830078125,1,555,26,0.06160188466310501,0.3518567681312561,0.2479146420955658,0.14328987896442413,0.1084280352444793,0.01110628885490645,0.09732174638957276,0.2662164727887305
42,scratch,380,0.060368843376636505,0.00020824636158067733,0.99798583984375,0.00201416015625,1,540,23,0.05977778881788254,0.35322532057762146,0.24433495104312897,0.14208269119262695,0.09470940854972554,0.011629539663434005,0.08307986888629164,0.2660841713593275
42,scratch,400,0.058777131140232086,0.00020824636158067733,0.9981689453125,0.0018310546875,1,537,21,0.05823428928852081,0.3546994626522064,0.24118773639202118,0.14569897949695587,0.08628660399718768,0.012041278552709523,0.07424532544447811,0.2679239710857676
42,scratch,420,0.057531990110874176,0.00020824636158067733,0.99859619140625,0.00140380859375,1,534,14,0.057113710790872574,0.3550712764263153,0.23890462517738342,0.14955344796180725,0.07884251893866434,0.01307706677611385,0.06576545216255052,0.26995878648515126
42,scratch,440,0.056210748851299286,0.00020824636158067733,0.9989013671875,0.0010986328125,1,524,15,0.05588757246732712,0.3500532805919647,0.2363639771938324,0.1322600096464157,0.0729063334585689,0.013895240014235026,0.05901109344433398,0.27431994122955283
42,scratch,460,0.055050745606422424,0.00020824636158067733,0.99896240234375,0.00103759765625,1,514,14,0.0547461211681366,0.34833285212516785,0.23393571376800537,0.1095532774925232,0.06813291180898062,0.014068399417319617,0.05406451239166088,0.2808463630214849
42,scratch,480,0.05410303920507431,0.00020824636158067733,0.99920654296875,0.00079345703125,1,511,13,0.0538734532892704,0.3432256281375885,0.2320900410413742,0.11467493325471878,0.062170743927900673,0.014799402808402525,0.04737134111949818,0.28446121377121225
42,scratch,500,0.05358089134097099,0.00020824636158067733,0.999267578125,0.000732421875,1,510,11,0.053369276225566864,0.3423018753528595,0.2310146987438202,0.10664229094982147,0.059693347975745326,0.014993125468266161,0.04470022250747904,0.28760469863547977
42,scratch,520,0.05243323743343353,0.00020824636158067733,0.99945068359375,0.00054931640625,1,504,9,0.05226879194378853,0.3516266942024231,0.22858740389347076,0.11562403291463852,0.056899229246674565,0.01560681868050127,0.041292410566173256,0.2976678194179133
42,scratch,540,0.052292145788669586,0.00020824636158067733,0.99945068359375,0.00054931640625,1,502,9,0.05212762951850891,0.3516266942024231,0.2283116579055786,0.11562403291463852,0.05505199371710745,0.01560681868050127,0.039445175036606196,0.3002712534296027
42,scratch,560,0.0516657829284668,0.00020824636158067733,0.99945068359375,0.00054931640625,1,494,9,0.051499441266059875,0.3543107509613037,0.22693127393722534,0.11255940049886703,0.053057476478180376,0.01560681868050127,0.037450657797679164,0.3059654405958302
42,scratch,580,0.05110067501664162,0.00020824636158067733,0.99951171875,0.00048828125,1,490,8,0.05095168948173523,0.3560808300971985,0.2257242202758789,0.10689962655305862,0.052161008338053705,0.0158241141726494,0.03633689416540438,0.31220117305995
42,scratch,600,0.050721194595098495,0.00020824636158067733,0.99951171875,0.00048828125,1,488,8,0.05057201907038689,0.3560808300971985,0.22488175332546234,0.10689962655305862,0.050385037917486386,0.0158241141726494,0.034560923744837144,0.31768345318480196
42,scratch,620,0.050352998077869415,0.00020824636158067733,0.99957275390625,0.00042724609375,1,484,6,0.05022338032722473,0.3535967767238617,0.2241028994321823,0.0914541631937027,0.04964926120029389,0.016049062779879643,0.033600198420414215,0.3220459443043385
42,scratch,640,0.05014596879482269,0.00020824636158067733,0.99957275390625,0.00042724609375,1,480,6,0.05001626908779144,0.3535967767238617,0.22364024817943573,0.0914541631937027,0.04910842292903084,0.016049062779879643,0.033059360149151173,0.32403266886896953
42,scratch,660,0.04982150346040726,0.00020824636158067733,0.99957275390625,0.00042724609375,1,481,6,0.04968881234526634,0.3602606952190399,0.2229093760251999,0.10133031010627747,0.047841786661784624,0.016049062779879643,0.03179272388190496,0.32747100535263807
42,scratch,680,0.04975779727101326,0.00020824636158067733,0.99957275390625,0.00042724609375,1,479,6,0.049625080078840256,0.3602606952190399,0.22275933623313904,0.10133031010627747,0.04728158458620868,0.016049062779879643,0.03123252180632898,0.3325799426099568
42,scratch,700,0.049400925636291504,0.00020824636158067733,0.999755859375,0.000244140625,1,477,4,0.04932443052530289,0.3626406192779541,0.2220904678106308,0.1030561774969101,0.04685628868920588,0.016782908639644593,0.030073380049561192,0.3369607423162254
42,scratch,720,0.049261972308158875,0.00020824636158067733,0.999755859375,0.000244140625,1,475,3,0.04918549582362175,0.3624323606491089,0.2217773050069809,0.09734074026346207,0.04607456926915887,0.016782908639644593,0.029291660629514053,0.3389609544835569
42,scratch,740,0.04938444867730141,0.00020824636158067733,0.999755859375,0.000244140625,1,475,4,0.04930795356631279,0.3626406192779541,0.22204385697841644,0.1030561774969101,0.04529065323750814,0.016782908639644593,0.028507744597863306,0.3394916463737193
42,scratch,760,0.04908570647239685,0.00020824636158067733,0.99981689453125,0.00018310546875,1,471,3,0.049028072506189346,0.36375126242637634,0.22142058610916138,0.10884353518486023,0.04425279719745134,0.01705455310467452,0.027198244092776692,0.3418054223591046
42,scratch,780,0.04920670762658119,0.00020824636158067733,0.999755859375,0.000244140625,1,472,3,0.04913021996617317,0.3624323606491089,0.2216443121433258,0.09734074026346207,0.04383522043664101,0.016782908639644593,0.02705231179699618,0.3398685207436959
42,scratch,800,0.04908930882811546,0.00020824636158067733,0.99981689453125,0.00018310546875,1,474,3,0.049031682312488556,0.36375126242637634,0.22142156958580017,0.10884353518486023,0.04334614688578853,0.01705455310467452,0.02629159378111398,0.34344167271840187
42,scratch,820,0.048872120678424835,0.00020824636158067733,0.99981689453125,0.00018310546875,1,473,3,0.048814449459314346,0.36375126242637634,0.22093769907951355,0.10884353518486023,0.04305691776990983,0.01705455310467452,0.026002364665235204,0.34731174011605825
42,scratch,840,0.048843950033187866,0.00020824636158067733,0.99981689453125,0.00018310546875,1,474,3,0.04878627881407738,0.36375126242637634,0.22087432444095612,0.10884353518486023,0.04199644798082858,0.01705455310467452,0.024941894876154044,0.3494457659405473
42,scratch,860,0.04883194714784622,0.00020824636158067733,0.9998779296875,0.0001220703125,1,475,2,0.048795975744724274,0.3434819281101227,0.22089266777038574,0.02886148728430271,0.04154838982523046,0.017346940924191843,0.02420144890103854,0.352141127711295
42,scratch,880,0.04874897375702858,0.00020824636158067733,0.9998779296875,0.0001220703125,1,476,2,0.04871298745274544,0.3434819281101227,0.22070717811584473,0.02886148728430271,0.041585144601604895,0.017346940924191843,0.024238203677412976,0.3546288493750783
42,scratch,900,0.04889000952243805,0.00020824636158067733,0.9998779296875,0.0001220703125,1,475,2,0.0488540418446064,0.3434819281101227,0.2210090458393097,0.02886148728430271,0.040852171594643494,0.017346940924191843,0.02350523067045166,0.3555558146988208
42,scratch,920,0.048707231879234314,0.00020824636158067733,0.99993896484375,6.103515625e-05,1,473,1,0.048690151423215866,0.32848817110061646,0.22065599262714386,0.0,0.04078281937855621,0.017671269001666674,0.02311155037688949,0.356208962490857
42,scratch,940,0.04873676970601082,0.00020824636158067733,0.99993896484375,6.103515625e-05,1,476,1,0.04871968924999237,0.32848817110061646,0.220720112323761,0.0,0.04051416027524368,0.017671269001666674,0.022842891273576825,0.3575903690150174
42,scratch,960,0.04880021885037422,0.00020824636158067733,0.99993896484375,6.103515625e-05,1,476,1,0.04878314211964607,0.32848817110061646,0.2208528071641922,0.0,0.03990703431937703,0.017671269001666674,0.02223576531771028,0.3575408534095207
42,scratch,980,0.04887362942099571,0.00020824636158067733,0.99993896484375,6.103515625e-05,1,476,1,0.04885656386613846,0.32848817110061646,0.22100931406021118,0.0,0.039433471080165816,0.017671269001666674,0.021762202078499035,0.3562761306536434
42,scratch,1000,0.048746783286333084,0.00020824636158067733,0.99993896484375,6.103515625e-05,1,475,1,0.048729706555604935,0.32848817110061646,0.2207440584897995,0.0,0.03906045522327162,0.017671269001666674,0.021389186221604822,0.35505682751019985
42,scratch,1020,0.048766713589429855,0.00020824636158067733,0.99993896484375,6.103515625e-05,1,475,1,0.048749636858701706,0.32848817110061646,0.22078117728233337,0.0,0.03826836151002766,0.017671269001666674,0.020597092508360795,0.3540679399017993
42,scratch,1040,0.04866945371031761,0.00020824636158067733,0.99993896484375,6.103515625e-05,1,472,1,0.04865237697958946,0.32848817110061646,0.2205694317817688,0.0,0.03795686555550759,0.017671269001666674,0.020285596553840893,0.35957903259324875
42,scratch,1060,0.04867708310484886,0.00020824636158067733,0.99993896484375,6.103515625e-05,1,472,1,0.048659998923540115,0.32848817110061646,0.22058451175689697,0.0,0.037622796655533364,0.017671269001666674,0.019951527653866475,0.36116634267884573
42,scratch,1080,0.04879970848560333,0.00020824636158067733,0.99993896484375,6.103515625e-05,1,474,1,0.04878263920545578,0.32848817110061646,0.22085699439048767,0.0,0.037780530343489716,0.017671269001666674,0.02010926134182283,0.3626342700015105
42,scratch,1100,0.048881158232688904,0.00020824636158067733,0.99993896484375,6.103515625e-05,1,474,1,0.04886409267783165,0.32848817110061646,0.22102531790733337,0.0,0.0372717466891217,0.017671269001666674,0.019600477687454883,0.3632800926068033
42,scratch,1120,0.048855580389499664,0.00020824636158067733,0.99993896484375,6.103515625e-05,1,473,1,0.04883851483464241,0.32848817110061646,0.22097623348236084,0.0,0.036816057596489316,0.017671269001666674,0.019144788594822545,0.35957087070048355
42,scratch,1140,0.04864286258816719,0.00020824636158067733,0.99993896484375,6.103515625e-05,1,476,1,0.04862390458583832,0.359308660030365,0.22050826251506805,0.0,0.03701530423150956,0.017671269001666674,0.01934403522984275,0.3634637689399117
42,scratch,1160,0.04868663102388382,0.00020824636158067733,0.99993896484375,6.103515625e-05,1,477,1,0.048667676746845245,0.359308660030365,0.22060558199882507,0.0,0.0366681070738295,0.017671269001666674,0.01899683807216263,0.3635628215422205
42,scratch,1180,0.04863884672522545,0.00020824636158067733,0.99993896484375,6.103515625e-05,1,474,1,0.04861988127231598,0.359308660030365,0.22049643099308014,0.0,0.035769246424216306,0.017671269001666674,0.018097977422549493,0.36280663719000794
42,scratch,1200,0.04863426834344864,0.00020824636158067733,0.99993896484375,6.103515625e-05,1,476,1,0.04861530661582947,0.359308660030365,0.2204834520816803,0.0,0.03499935774035379,0.017671269001666674,0.01732808873868711,0.3617084954682671
42,scratch,1220,0.048785723745822906,0.00020824636158067733,0.99993896484375,6.103515625e-05,1,482,1,0.04876677319407463,0.359308660030365,0.22083045542240143,0.0,0.035338286929082585,0.017671269001666674,0.01766701792741588,0.3585318068660147
42,scratch,1240,0.048593949526548386,0.00020824636158067733,0.99993896484375,6.103515625e-05,1,474,1,0.048574987798929214,0.359308660030365,0.22039537131786346,0.0,0.03425675690251495,0.017671269001666674,0.016585487900848274,0.3647993458732547
42,scratch,1260,0.048708848655223846,0.00020824636158067733,0.99993896484375,6.103515625e-05,1,475,1,0.04868989810347557,0.359308660030365,0.22065787017345428,0.0,0.03425573495788825,0.017671269001666674,0.01658446595622157,0.36715746929323567
42,scratch,1280,0.04891211912035942,0.00020824636158067733,0.99993896484375,6.103515625e-05,1,482,1,0.04889317601919174,0.359308660030365,0.22110533714294434,0.0,0.03416023335758922,0.017671269001666674,0.016488964355922408,0.3665442462667873
42,scratch,1300,0.04882126674056053,0.00020824636158067733,0.99993896484375,6.103515625e-05,1,480,1,0.048802316188812256,0.359308660030365,0.2209075689315796,0.0,0.03346121053638029,0.017671269001666674,0.01578994153471347,0.36419058964449713
42,scratch,1320,0.048853397369384766,0.00020824636158067733,0.99993896484375,6.103515625e-05,1,480,1,0.04883444681763649,0.359308660030365,0.22097788751125336,0.0,0.03331383899077167,0.017671269001666674,0.015642569989104894,0.36563715329313917
42,scratch,1340,0.04881831631064415,0.00020824636158067733,0.99993896484375,6.103515625e-05,1,483,1,0.04879936948418617,0.359308660030365,0.2209010273218155,0.0,0.033200086189218325,0.017671269001666674,0.015528817187551605,0.3696112887198272
42,scratch,1360,0.04888512194156647,0.00020824636158067733,0.99993896484375,6.103515625e-05,1,481,1,0.04886617884039879,0.359308660030365,0.22105367481708527,0.0,0.03299222755614295,0.017671269001666674,0.015320958554476152,0.37030116072193986
42,scratch,1380,0.048893511295318604,0.00020824636158067733,0.99993896484375,6.103515625e-05,1,479,1,0.04887456074357033,0.359308660030365,0.22107195854187012,0.0,0.03245287138289399,0.017671269001666674,0.014781602381227285,0.36288730869339114
42,scratch,1400,0.048854924738407135,0.00020824636158067733,0.99993896484375,6.103515625e-05,1,477,1,0.04883597418665886,0.359308660030365,0.22098758816719055,0.0,0.032680162643565325,0.017671269001666674,0.015008893641898653,0.3627660554927591
42,scratch,1420,0.04883123189210892,0.00020824636158067733,0.99993896484375,6.103515625e-05,1,478,1,0.04881227761507034,0.359308660030365,0.22093409299850464,0.0,0.03269310120250424,0.017671269001666674,0.015021832200837545,0.3641497242940407
42,scratch,1440,0.0488969162106514,0.00020824636158067733,0.99993896484375,6.103515625e-05,1,476,1,0.04887797310948372,0.359308660030365,0.22107940912246704,0.0,0.03280327944249706,0.017671269001666674,0.01513201044083021,0.36647972642888116
42,scratch,1460,0.04894089326262474,0.00020824636158067733,0.99993896484375,6.103515625e-05,1,476,1,0.04892195388674736,0.359308660030365,0.22117862105369568,0.0,0.03248737419945513,0.017671269001666674,0.01481610519778824,0.3675130623603057
42,scratch,1480,0.04906560853123665,0.00020824636158067733,0.99993896484375,6.103515625e-05,1,480,1,0.04904667288064957,0.359308660030365,0.2214544117450714,0.0,0.032503295580873726,0.017671269001666674,0.014832026579206844,0.3643134316305098
42,scratch,1500,0.04895696043968201,0.00020824636158067733,0.99993896484375,6.103515625e-05,1,478,1,0.04893801733851433,0.359308660030365,0.22121532261371613,0.0,0.0319055849760943,0.017671269001666674,0.014234315974427446,0.3698930357429365
42,scratch,1520,0.0488351508975029,0.00020824636158067733,0.99993896484375,6.103515625e-05,1,473,1,0.048816196620464325,0.359308660030365,0.22093726694583893,0.0,0.031455902019125404,0.017671269001666674,0.01378463301745868,0.3719742204200177
42,scratch,1540,0.04876299947500229,0.00020824636158067733,0.99993896484375,6.103515625e-05,1,471,1,0.048744045197963715,0.359308660030365,0.22077201306819916,0.0,0.031205978484841523,0.017671269001666674,0.013534709483174784,0.37358165979887625
42,scratch,1560,0.048901595175266266,0.00020824636158067733,0.99993896484375,6.103515625e-05,1,475,1,0.04888264834880829,0.359308660030365,0.2210831344127655,0.0,0.030935818606131704,0.017671269001666674,0.013264549604464954,0.37132309105865924
42,scratch,1580,0.048977553844451904,0.00020824636158067733,0.99993896484375,6.103515625e-05,1,482,1,0.04895835742354393,0.3634735941886902,0.22124382853507996,0.0,0.03107850742545537,0.017671269001666674,0.013407238423788527,0.3660029481913828
42,scratch,1600,0.04884902387857437,0.00020824636158067733,0.99993896484375,6.103515625e-05,1,476,1,0.0488298237323761,0.3634735941886902,0.22096440196037292,0.0,0.03093198349980497,0.017671269001666674,0.013260714498138147,0.3695405258338017
42,scratch,1620,0.04903530701994896,0.00020824636158067733,0.99993896484375,6.103515625e-05,1,483,1,0.04901636764407158,0.359308660030365,0.2213813215494156,0.0,0.030686956568580115,0.017671269001666674,0.013015687566913396,0.3727999411937365
42,scratch,1640,0.04904593527317047,0.00020824636158067733,0.99993896484375,6.103515625e-05,1,482,1,0.04902699589729309,0.359308660030365,0.22139716148376465,0.0,0.030483740869577503,0.017671269001666674,0.012812471867910825,0.3725753440819265
42,scratch,1660,0.04885939508676529,0.00020824636158067733,0.99993896484375,6.103515625e-05,1,473,1,0.048840444535017014,0.359308660030365,0.2209923416376114,0.0,0.030052517992054106,0.017671269001666674,0.012381248990387306,0.37626252568654517
42,scratch,1680,0.04877001792192459,0.00020824636158067733,0.99993896484375,6.103515625e-05,1,473,1,0.04875080659985542,0.3634735941886902,0.22079233825206757,0.0,0.030108128179755056,0.017671269001666674,0.01243685917808837,0.3738423057372732
42,scratch,1700,0.04916159808635712,0.00020824636158067733,0.99993896484375,6.103515625e-05,1,485,1,0.049142416566610336,0.3634735941886902,0.22165454924106598,0.0,0.030139083144796075,0.017671269001666674,0.01246781414312927,0.3716217155385696
42,scratch,1720,0.04914034903049469,0.00020824636158067733,0.99993896484375,6.103515625e-05,1,485,1,0.04912116006016731,0.3634735941886902,0.2216067910194397,0.0,0.03035282993388222,0.017671269001666674,0.01268156093221548,0.3705349137896722
42,scratch,1740,0.04926394298672676,0.00020824636158067733,0.99993896484375,6.103515625e-05,1,488,1,0.04924476519227028,0.3634735941886902,0.22187550365924835,0.0,0.030869100999744603,0.017671269001666674,0.013197831998077761,0.36580152766757446
42,scratch,1760,0.04926607757806778,0.00020824636158067733,0.99993896484375,6.103515625e-05,1,483,1,0.049246896058321,0.3634735941886902,0.22190243005752563,0.0,0.029826965175935527,0.017671269001666674,0.012155696174268656,0.368166363078419
42,scratch,1780,0.049280568957328796,0.00020824636158067733,0.99993896484375,6.103515625e-05,1,486,1,0.049261391162872314,0.3634735941886902,0.22193102538585663,0.0,0.030526199763890816,0.017671269001666674,0.012854930762224026,0.36504648120237315
42,scratch,1800,0.04907877370715141,0.00020824636158067733,0.99993896484375,6.103515625e-05,1,484,1,0.049059588462114334,0.3634735941886902,0.22149257361888885,0.0,0.029773892027343152,0.017671269001666674,0.012102623025676476,0.3652140717246969
42,scratch,1820,0.04913383722305298,0.00020824636158067733,0.99993896484375,6.103515625e-05,1,481,1,0.0491146557033062,0.3634735941886902,0.2216135859489441,0.0,0.0296229850939298,0.017671269001666674,0.011951716092263101,0.367030904170608
42,scratch,1840,0.04892808943986893,0.00020824636158067733,0.99993896484375,6.103515625e-05,1,479,1,0.048908885568380356,0.3634735941886902,0.22114558517932892,0.0,0.02978410212400462,0.017671269001666674,0.012112833122337933,0.36863984782459946
42,scratch,1860,0.04899102449417114,0.00020824636158067733,0.99993896484375,6.103515625e-05,1,478,1,0.04897182807326317,0.3634735941886902,0.22128428518772125,0.0,0.029890375423029525,0.017671269001666674,0.012219106421362685,0.36724486330851713
42,scratch,1880,0.048998601734638214,0.00020824636158067733,0.99993896484375,6.103515625e-05,1,485,1,0.04897940531373024,0.3634735941886902,0.22131282091140747,0.0,0.029072865509270684,0.017671269001666674,0.011401596507603931,0.3711242020078519
42,scratch,1900,0.049079231917858124,0.00020824636158067733,0.99993896484375,6.103515625e-05,1,479,1,0.049060042947530746,0.3634735941886902,0.2214907705783844,0.0,0.029673541496059386,0.017671269001666674,0.012002272494392563,0.3717575748894181
42,scratch,1920,0.049289312213659286,0.00020824636158067733,0.99993896484375,6.103515625e-05,1,482,1,0.049270134419202805,0.3634735941886902,0.2219620943069458,0.0,0.030125826189951965,0.017671269001666674,0.01245455718828516,0.36999858011469977
42,scratch,1940,0.04923384636640549,0.00020824636158067733,0.99993896484375,6.103515625e-05,1,485,1,0.04921466484665871,0.3634735941886902,0.22183208167552948,0.0,0.02977103482427168,0.017671269001666674,0.012099765822605007,0.3714976802009208
42,scratch,1960,0.04915422946214676,0.00020824636158067733,0.99993896484375,6.103515625e-05,1,487,1,0.04913504421710968,0.3634735941886902,0.22166159749031067,0.0,0.029027147291536437,0.017671269001666674,0.011355878289869612,0.3741154878450491
42,scratch,1980,0.0490894541144371,0.00020824636158067733,0.99993896484375,6.103515625e-05,1,482,1,0.04907026141881943,0.3634735941886902,0.22150999307632446,0.0,0.029554864835709793,0.017671269001666674,0.011883595834042937,0.37511488677475635
42,scratch,2000,0.04901253059506416,0.00020824636158067733,0.99993896484375,6.103515625e-05,1,481,1,0.04899359121918678,0.359308660030365,0.22132979333400726,0.0,0.029616277861542528,0.017671269001666674,0.01194500885987581,0.37547199262982967
42,mle,0,0.7616021633148193,0.00020824636158067733,0.49444580078125,0.50555419921875,2,1327,1137,0.7463897466659546,0.7764802575111389,0.7188590168952942,0.6498392224311829,12.092306321607076,1.349174792597889,10.743131529009187,2.3026137374333504
42,mle,100,0.05558543652296066,0.00020824636158067733,0.9862060546875,0.0137939453125,2,540,146,0.052074555307626724,0.3065983057022095,0.22819334268569946,0.3083142340183258,0.03509807405517762,0.0005244767366307211,0.03457359731854674,0.05315874845175339
42,mle,200,0.059152305126190186,0.00020824636158067733,0.9833984375,0.0166015625,2,571,185,0.054851461201906204,0.3139139711856842,0.2334696650505066,0.32702627778053284,0.04033633684613136,5.045225118897423e-05,0.04028588459494232,0.05108339107457349
42,mle,300,0.05673367902636528,0.00020824636158067733,0.9832763671875,0.0167236328125,2,555,179,0.05275256186723709,0.2908061444759369,0.2290736734867096,0.29578059911727905,0.026903051650343457,4.143069361497087e-05,0.026861620956728473,0.04106100267447099
42,mle,400,0.054358307272195816,0.00020824636158067733,0.9840087890625,0.0159912109375,2,543,164,0.050606340169906616,0.2852332592010498,0.22486817836761475,0.28538504242897034,0.021140801545890042,0.00010938553090054297,0.021031416014989555,0.034867009861702436
42,mle,500,0.05622053146362305,0.00020824636158067733,0.9840087890625,0.0159912109375,2,551,176,0.05249587818980217,0.2854144871234894,0.2289743572473526,0.2861727774143219,0.01916264445045357,0.00010938553090054297,0.01905325891955305,0.03505638583075987
42,mle,600,0.05443090945482254,0.00020824636158067733,0.9833984375,0.0166015625,2,534,175,0.05062485113739967,0.27988401055336,0.22495287656784058,0.27983465790748596,0.014883045587531285,5.045225118897423e-05,0.014832593336342206,0.03146650312621413
42,mle,700,0.05677054822444916,0.00020824636158067733,0.98382568359375,0.01617431640625,2,554,169,0.053125012665987015,0.2785152494907379,0.23016813397407532,0.27595996856689453,0.022378181478607928,8.925936948101171e-05,0.02228892210912716,0.037467988215869164
42,mle,800,0.054063644260168076,0.00020824636158067733,0.98321533203125,0.01678466796875,2,545,176,0.05031038448214531,0.27392297983169556,0.2242063581943512,0.2689012587070465,0.014581244155316142,3.726014047560934e-05,0.014543984014840673,0.02793219775114475
42,mle,900,0.054114293307065964,0.00020824636158067733,0.9837646484375,0.0162353515625,2,538,166,0.050499316304922104,0.27316030859947205,0.22449685633182526,0.26779618859291077,0.015116445553040592,8.302003100521126e-05,0.015033425522035397,0.028015816650370007
42,mle,1000,0.05725925788283348,0.00020824636158067733,0.98052978515625,0.01947021484375,2,550,206,0.05233202874660492,0.3053969144821167,0.228715717792511,0.30863216519355774,0.02466849130743043,6.662139467352867e-05,0.024601869912756813,0.0315389992835865
42,mle,1100,0.05309464782476425,0.00020824636158067733,0.984619140625,0.015380859375,2,537,166,0.04963553696870804,0.2745324373245239,0.22243285179138184,0.26859545707702637,0.01722928910040622,0.00019199891433254422,0.01703729018607386,0.030934140647079666
42,mle,1200,0.0523163266479969,0.00020824636158067733,0.98388671875,0.01611328125,2,521,163,0.048788394778966904,0.26773378252983093,0.2206963449716568,0.25333163142204285,0.015283984823518892,9.573281638247861e-05,0.015188252007136211,0.029657477870134508
42,mle,1300,0.05443254113197327,0.00020824636158067733,0.9840087890625,0.0159912109375,2,552,167,0.050995394587516785,0.26593464612960815,0.22537614405155182,0.2551480233669281,0.017561388704244507,0.00010938553090054297,0.017452003173343902,0.03138963822195573
42,mle,1400,0.053702887147665024,0.00020824636158067733,0.983154296875,0.016845703125,2,530,172,0.050046708434820175,0.26708555221557617,0.2236747443675995,0.2557181417942047,0.012438452730030747,3.331532273338398e-05,0.012405137407297373,0.028072899346372915
42,mle,1500,0.05400444194674492,0.00020824636158067733,0.981689453125,0.018310546875,2,533,179,0.04997348040342331,0.27011799812316895,0.22348234057426453,0.26336586475372314,0.01247571513541601,4.352996780999376e-06,0.012471362138635119,0.027303477175084745
42,mle,1600,0.05633357912302017,0.00020824636158067733,0.98187255859375,0.01812744140625,2,549,191,0.05238698795437813,0.27010056376457214,0.22878709435462952,0.26396265625953674,0.013910779285843944,1.2446734454653178e-06,0.013909534612398437,0.025936910439415706
42,mle,1700,0.05401740223169327,0.00020824636158067733,0.98175048828125,0.01824951171875,2,531,180,0.049922484904527664,0.2743077874183655,0.22324255108833313,0.27174708247184753,0.01739718463087314,3.10873486873925e-06,0.017394075896004377,0.030962597382970025
42,mle,1800,0.054403677582740784,0.00020824636158067733,0.98260498046875,0.01739501953125,2,542,191,0.05033152177929878,0.28443047404289246,0.2243286818265915,0.28173181414604187,0.01600573489869106,7.839296277005687e-06,0.01599789560241421,0.02840003350931719
42,mle,1900,0.055424876511096954,0.00020824636158067733,0.98260498046875,0.01739501953125,2,545,184,0.051605187356472015,0.2711903750896454,0.22714053094387054,0.2650230824947357,0.013641601894242683,7.839296277005687e-06,0.013633762597965782,0.02603981392232735
42,mle,2000,0.054193165153265,0.00020824636158067733,0.98175048828125,0.01824951171875,2,525,192,0.05016344413161278,0.27097585797309875,0.22387190163135529,0.2655547261238098,0.013436547997308423,3.10873486873925e-06,0.013433439262439732,0.027357454441446216
42,mle,2100,0.05391206219792366,0.00020824636158067733,0.981689453125,0.018310546875,2,529,189,0.04998026415705681,0.26470914483070374,0.22353868186473846,0.25357237458229065,0.012752518727403128,4.352996780999376e-06,0.012748165730622124,0.028024530722834506
42,mle,2200,0.053801849484443665,0.00020824636158067733,0.98223876953125,0.01776123046875,2,532,178,0.04999983683228493,0.26406195759773254,0.22328020632266998,0.25076842308044434,0.014998103979642963,6.980790792934192e-07,0.014997405900563521,0.028041245802089443
42,mle,2300,0.05372984707355499,0.00020824636158067733,0.98358154296875,0.01641845703125,2,536,168,0.05017899349331856,0.26645079255104065,0.2238529473543167,0.25606340169906616,0.0154681050773533,6.569804208159894e-05,0.015402407035271607,0.027999886166728438
42,mle,2400,0.05617539584636688,0.00020824636158067733,0.9820556640625,0.0179443359375,2,551,187,0.05213601142168045,0.2772424519062042,0.22829392552375793,0.270634263753891,0.017570389944204123,2.0078355873221903e-08,0.0175703698658482,0.02870015107393764
42,mle,2500,0.05513976514339447,0.00020824636158067733,0.98193359375,0.01806640625,2,543,201,0.05039173364639282,0.3132016956806183,0.2244492620229721,0.30098751187324524,0.02546320169513905,6.262480897856301e-07,0.025462575447049187,0.0334990220369239
42,mle,2600,0.054726678878068924,0.00020824636158067733,0.98370361328125,0.01629638671875,2,538,162,0.051202792674303055,0.26743990182876587,0.22623443603515625,0.2578375041484833,0.01537015821687504,7.701393531436536e-05,0.015293144281560712,0.029057063665024807
42,mle,2700,0.0562509223818779,0.00020824636158067733,0.9810791015625,0.0189208984375,2,555,202,0.052022598683834076,0.27549678087234497,0.22804662585258484,0.27106180787086487,0.014610543541685672,2.8084097143130397e-05,0.01458245944454248,0.026472741527615917
42,mle,2800,0.05423015356063843,0.00020824636158067733,0.98321533203125,0.01678466796875,2,554,177,0.05056769400835037,0.26877057552337646,0.22483526170253754,0.2573558986186981,0.01409411465302668,3.726014047560934e-05,0.014056854512551238,0.028636139090597035
42,mle,2900,0.05251722410321236,0.00020824636158067733,0.98419189453125,0.01580810546875,2,528,151,0.049216609448194504,0.2580091655254364,0.2217477262020111,0.23338612914085388,0.012492244765063276,0.00013164243811568518,0.012360602326947365,0.02761415460620109
42,mle,3000,0.053659968078136444,0.00020824636158067733,0.98260498046875,0.01739501953125,2,539,176,0.049942269921302795,0.26366424560546875,0.22313569486141205,0.25214657187461853,0.013476268315763207,7.839296277005687e-06,0.013468429019486357,0.02697041020357782
42,mle,3100,0.05384799465537071,0.00020824636158067733,0.97998046875,0.02001953125,2,528,195,0.049446363002061844,0.26931309700012207,0.22185495495796204,0.26245513558387756,0.021606964001158246,0.00012096644421126729,0.02148599755694707,0.03201399603196686
42,mle,3200,0.052983079105615616,0.00020824636158067733,0.98187255859375,0.01812744140625,2,529,177,0.04913747310638428,0.2612798810005188,0.22164461016654968,0.2461894005537033,0.011314366318593727,1.2446734454653178e-06,0.011313121645148364,0.02629222994503133
42,mle,3300,0.05520356073975563,0.00020824636158067733,0.98150634765625,0.01849365234375,2,536,181,0.05131499096751213,0.26157981157302856,0.2264912873506546,0.24667581915855408,0.014076978135754814,9.326558295211533e-06,0.014067651577459702,0.025964046916417183
42,mle,3400,0.05702362582087517,0.00020824636158067733,0.98150634765625,0.01849365234375,2,553,186,0.053003959357738495,0.27035778760910034,0.22907935082912445,0.26331913471221924,0.022496562276693055,9.326558295211533e-06,0.022487235718397773,0.03727493575636098
42,mle,3500,0.05238068103790283,0.00020824636158067733,0.9833984375,0.0166015625,2,521,161,0.048897456377744675,0.25871020555496216,0.2207392305135727,0.24228830635547638,0.012953414261765772,5.045225118897423e-05,0.012902962010576734,0.028402216274773573
42,mle,3600,0.05503236874938011,0.00020824636158067733,0.9827880859375,0.0172119140625,2,555,171,0.05136209353804588,0.2646022140979767,0.22661630809307098,0.24942471086978912,0.010440416510583361,1.4342242928365662e-05,0.010426074267654892,0.024377406837377102
42,mle,3700,0.05275685340166092,0.00020824636158067733,0.982177734375,0.017822265625,2,536,173,0.04878958687186241,0.27139148116111755,0.22067603468894958,0.26581186056137085,0.014463784246082412,2.594987545213379e-07,0.01446352474732792,0.028142186129773372
42,mle,3800,0.05681607499718666,0.00020824636158067733,0.98162841796875,0.01837158203125,2,552,185,0.05265587195754051,0.27910396456718445,0.2289973646402359,0.2762763202190399,0.01912917570026451,5.804504365559558e-06,0.01912337119589915,0.0330896728052924
42,mle,3900,0.05368749424815178,0.00020824636158067733,0.98358154296875,0.01641845703125,2,529,156,0.05028604343533516,0.25745826959609985,0.22408229112625122,0.23825956881046295,0.013822164728672703,6.569804208159894e-05,0.013756466686591055,0.027366394526982085
42,mle,4000,0.054485056549310684,0.00020824636158067733,0.98284912109375,0.01715087890625,2,542,169,0.050852395594120026,0.2626585066318512,0.22472743690013885,0.24931921064853668,0.019526555865205353,1.694932961073751e-05,0.019509606535594682,0.03689074110363644
42,mle,4100,0.05517163872718811,0.00020824636158067733,0.9813232421875,0.0186767578125,2,542,197,0.05094185844063759,0.27741461992263794,0.22557727992534637,0.27643275260925293,0.014792319198214443,1.6147234207725147e-05,0.01477617196400663,0.027463639475829305
42,mle,4200,0.054287079721689224,0.00020824636158067733,0.98101806640625,0.01898193359375,2,540,185,0.05009455233812332,0.2709638476371765,0.2238050103187561,0.2621799409389496,0.01376266966709494,3.1571623112962256e-05,0.013731098043981777,0.025182834194058423
42,mle,4300,0.054924920201301575,0.00020824636158067733,0.98236083984375,0.01763916015625,2,542,178,0.051189176738262177,0.26297619938850403,0.22599437832832336,0.25078481435775757,0.012549182000121561,2.2165703591080135e-06,0.01254696542976247,0.02895141366090892
42,mle,4400,0.05512319505214691,0.00020824636158067733,0.98309326171875,0.01690673828125,2,553,166,0.051651857793331146,0.25697460770606995,0.2272554636001587,0.23309428989887238,0.009435793836210848,2.9595436466173632e-05,0.009406198399744678,0.026733496954623015
42,mle,4500,0.05550593137741089,0.00020824636158067733,0.982421875,0.017578125,2,552,192,0.05135321989655495,0.28759658336639404,0.2263929843902588,0.28191444277763367,0.017472714862570626,3.2979323590162516e-06,0.01746941693021179,0.03006544310548842
42,mle,4600,0.054891832172870636,0.00020824636158067733,0.9822998046875,0.0177001953125,2,542,170,0.05112309008836746,0.2640437185764313,0.22564251720905304,0.2524162530899048,0.01532261227858811,1.3501952741154055e-06,0.015321262083313693,0.02780425755256355
42,mle,4700,0.05564994737505913,0.00020824636158067733,0.98138427734375,0.01861572265625,2,555,178,0.0516616627573967,0.26590487360954285,0.22728851437568665,0.2563014626502991,0.012647770847443951,1.3669544643492315e-05,0.012634101302800353,0.02584479856224997
42,mle,4800,0.0552811361849308,0.00020824636158067733,0.982177734375,0.017822265625,2,562,174,0.051599644124507904,0.2581664025783539,0.22715239226818085,0.2395041435956955,0.01144921825490286,2.594987545213379e-07,0.011448958756148346,0.025214213216461112
42,mle,4900,0.055132173001766205,0.00020824636158067733,0.98028564453125,0.01971435546875,2,540,195,0.050836700946092606,0.2687220275402069,0.22537969052791595,0.26043805480003357,0.015696209542703343,8.88490007419833e-05,0.015607360541961483,0.02536410130480571
42,mle,5000,0.05380904674530029,0.00020824636158067733,0.98309326171875,0.01690673828125,2,537,173,0.050213225185871124,0.262898713350296,0.22397854924201965,0.24881577491760254,0.011679130744788324,2.9595436466173632e-05,0.011649535308322143,0.023876745654635934
42,warm,0,0.05380904674530029,0.00020824636158067733,0.98309326171875,0.01690673828125,2,537,173,0.050213225185871124,0.262898713350296,0.22397854924201965,0.24881577491760254,0.011679130744788324,2.9595436466173632e-05,0.011649535308322143,0.023876745654635934
42,warm,20,0.052595943212509155,0.00020824636158067733,0.9833984375,0.0166015625,2,532,158,0.04915115609765053,0.2566491961479187,0.22168974578380585,0.23726676404476166,0.009911458270117635,5.045225118897423e-05,0.009861006018928625,0.02375705837104969
42,warm,40,0.053126923739910126,0.00020824636158067733,0.9835205078125,0.0164794921875,2,546,163,0.049677155911922455,0.25901398062705994,0.2228778749704361,0.2413119375705719,0.010380150561296375,6.038654539865522e-05,0.010319764015897613,0.023853034458372613
42,warm,60,0.053096361458301544,0.00020824636158067733,0.9835205078125,0.0164794921875,2,541,161,0.049699537456035614,0.2558239698410034,0.2229262888431549,0.2358430176973343,0.00964603622579574,6.038654539865522e-05,0.00958564968039713,0.023576875465298408
42,warm,80,0.052600838243961334,0.00020824636158067733,0.98382568359375,0.01617431640625,2,536,157,0.049309782683849335,0.25278380513191223,0.22205062210559845,0.22945348918437958,0.008812326858070207,8.925936948101171e-05,0.00872306748858943,0.023853326573518907
42,warm,100,0.052909500896930695,0.00020824636158067733,0.98382568359375,0.01617431640625,2,546,157,0.04961245507001877,0.2534565329551697,0.22273238003253937,0.2306169867515564,0.009805386937124183,8.925936948101171e-05,0.00971612756764342,0.02375086955064243
42,warm,120,0.0529947355389595,0.00020824636158067733,0.9835205078125,0.0164794921875,2,537,166,0.04961460456252098,0.2547256648540497,0.22273093461990356,0.2337007373571396,0.009757287342118559,6.038654539865522e-05,0.009696900796719915,0.02378595614638679
42,warm,140,0.053238023072481155,0.00020824636158067733,0.98333740234375,0.01666259765625,2,537,163,0.04980435594916344,0.255874902009964,0.22315695881843567,0.23584386706352234,0.01000269516244856,4.5827791944071106e-05,0.009956867370504465,0.02370785475133952
42,warm,160,0.052943434566259384,0.00020824636158067733,0.9835205078125,0.0164794921875,2,539,164,0.04951179027557373,0.257749080657959,0.22250857949256897,0.23978200554847717,0.009527008544147009,6.038654539865522e-05,0.009466621998748393,0.02375869680756504
42,warm,180,0.053157269954681396,0.00020824636158067733,0.9835205078125,0.0164794921875,2,533,167,0.049746159464120865,0.2567371428012848,0.22303356230258942,0.23791298270225525,0.009613184178498102,6.038654539865522e-05,0.009552797633099545,0.023531571649730076
42,warm,200,0.05297596752643585,0.00020824636158067733,0.9835205078125,0.0164794921875,2,541,164,0.04956948012113571,0.2562805712223053,0.22263433039188385,0.236994668841362,0.009197078594489483,6.038654539865522e-05,0.009136692049090926,0.023912550831230228
42,warm,220,0.05310855433344841,0.00020824636158067733,0.9830322265625,0.0169677734375,2,535,159,0.0495980866253376,0.25648877024650574,0.22270064055919647,0.23736701905727386,0.00842168425898393,2.6099683558122454e-05,0.008395584575425835,0.02341732986744527
42,warm,240,0.05283604934811592,0.00020824636158067733,0.98297119140625,0.01702880859375,2,535,171,0.04930168017745018,0.2568542957305908,0.2220308482646942,0.23786184191703796,0.008518897441000206,2.282727163631479e-05,0.00849607016936381,0.023770034823175856
42,warm,260,0.0535152442753315,0.00020824636158067733,0.98297119140625,0.01702880859375,2,533,166,0.049950793385505676,0.25926968455314636,0.22349600493907928,0.242859348654747,0.009494494552392041,2.282727163631479e-05,0.00947166728075576,0.023491907203353812
42,warm,280,0.05287279188632965,0.00020824636158067733,0.98321533203125,0.01678466796875,2,530,169,0.049384426325559616,0.2572147846221924,0.22220101952552795,0.2387499213218689,0.009404985445335967,3.726014047560934e-05,0.009367725304860425,0.023701885512057097
42,warm,300,0.053215932101011276,0.00020824636158067733,0.9830322265625,0.0169677734375,2,534,166,0.04967958480119705,0.25809478759765625,0.2228841632604599,0.2404838502407074,0.008732964525016484,2.6099683558122454e-05,0.008706864841458375,0.02355571847940363
42,warm,320,0.053328074514865875,0.00020824636158067733,0.98321533203125,0.01678466796875,2,535,163,0.049837760627269745,0.2577842175960541,0.22322502732276917,0.24000555276870728,0.00886852788263326,3.726014047560934e-05,0.008831267742157806,0.0237591271149743
42,warm,340,0.05256118252873421,0.00020824636158067733,0.98382568359375,0.01617431640625,2,532,160,0.04926270991563797,0.2531956136226654,0.22194352746009827,0.23055650293827057,0.008056783874245355,8.925936948101171e-05,0.007967524504764368,0.023901626242807006
42,warm,360,0.052875831723213196,0.00020824636158067733,0.98388671875,0.01611328125,2,536,162,0.0495966300368309,0.253106027841568,0.22269266843795776,0.23026497662067413,0.008585284566116513,9.573281638247861e-05,0.008489551749733851,0.02377384425264817
42,warm,380,0.052844204008579254,0.00020824636158067733,0.98388671875,0.01611328125,2,537,163,0.04952035844326019,0.25580063462257385,0.22252246737480164,0.23521633446216583,0.008399208440287964,9.573281638247861e-05,0.008303475623905342,0.024072007727884093
42,warm,400,0.05269024893641472,0.00020824636158067733,0.98406982421875,0.01593017578125,2,534,152,0.049471501260995865,0.2515246868133545,0.22242140769958496,0.225607767701149,0.007703336370660452,0.00011656656289815931,0.007586769807762211,0.024092980675706976
42,warm,420,0.0528445728123188,0.00020824636158067733,0.9837646484375,0.0162353515625,2,529,161,0.04950983449816704,0.25490978360176086,0.2224963754415512,0.23385244607925415,0.009058157942682499,8.302003100521126e-05,0.008975137911677283,0.02400133543480687
42,warm,440,0.05331708863377571,0.00020824636158067733,0.98321533203125,0.01678466796875,2,537,160,0.04985394328832626,0.25618189573287964,0.22327198088169098,0.2369738668203354,0.00943278691575955,3.726014047560934e-05,0.00939552677528399,0.02343605527196113
42,warm,460,0.052877847105264664,0.00020824636158067733,0.9835205078125,0.0164794921875,2,529,162,0.04948490858078003,0.2553735375404358,0.22245022654533386,0.23511575162410736,0.00838580715954862,6.038654539865522e-05,0.008325420614149873,0.02356751760155229
42,warm,480,0.05316399410367012,0.00020824636158067733,0.9833984375,0.0166015625,2,540,161,0.04972739517688751,0.25673186779022217,0.222990483045578,0.23769426345825195,0.009043676254997024,5.045225118897423e-05,0.008993224003808031,0.023373935998026618
42,warm,500,0.05307004973292351,0.00020824636158067733,0.9832763671875,0.0167236328125,2,535,165,0.049618449062108994,0.25600922107696533,0.22274209558963776,0.2361556589603424,0.00887915668882755,4.143069361497087e-05,0.008837725995212509,0.023488117164308542
42,warm,520,0.05344720184803009,0.00020824636158067733,0.983154296875,0.016845703125,2,540,167,0.049948710948228836,0.2576269507408142,0.22348853945732117,0.23961584270000458,0.008466770858113648,3.331532273338398e-05,0.008433455535380214,0.023418843950569035
42,warm,540,0.05301642417907715,0.00020824636158067733,0.983154296875,0.016845703125,2,534,168,0.049492038786411285,0.2587074637413025,0.22246688604354858,0.24144379794597626,0.00905181453000381,3.331532273338398e-05,0.009018499207270327,0.023464793296372854
42,warm,560,0.0530753917992115,0.00020824636158067733,0.98321533203125,0.01678466796875,2,536,159,0.04961535707116127,0.2557578384876251,0.22274421155452728,0.23590631783008575,0.008677130557963153,3.726014047560934e-05,0.00863987041748756,0.023225403136823197
42,warm,580,0.05317859724164009,0.00020824636158067733,0.9832763671875,0.0167236328125,2,538,158,0.049708157777786255,0.25722524523735046,0.22294245660305023,0.23868946731090546,0.009129610851424275,4.143069361497087e-05,0.00908818015780917,0.023443677528777962
42,warm,600,0.05318351089954376,0.00020824636158067733,0.98345947265625,0.01654052734375,2,536,165,0.04975363612174988,0.2571156322956085,0.2230541706085205,0.23845861852169037,0.008729848217818414,5.530489307641051e-05,0.008674543324742047,0.023213878434691915
42,warm,620,0.052870895713567734,0.00020824636158067733,0.9833984375,0.0166015625,2,532,160,0.04944920167326927,0.2555558681488037,0.22236667573451996,0.23533865809440613,0.008505129160958802,5.045225118897423e-05,0.008454676909769827,0.023262990188161248
42,warm,640,0.05315561592578888,0.00020824636158067733,0.9832763671875,0.0167236328125,2,539,162,0.0496910884976387,0.256854385137558,0.2229006439447403,0.23796357214450836,0.008763570396887133,4.143069361497087e-05,0.008722139703272097,0.023157944146735
42,warm,660,0.05309861898422241,0.00020824636158067733,0.9832763671875,0.0167236328125,2,534,161,0.049632616341114044,0.25688475370407104,0.22276999056339264,0.238026425242424,0.009186244955536438,4.143069361497087e-05,0.009144814261921402,0.023307449774367606
42,warm,680,0.052780017256736755,0.00020824636158067733,0.98370361328125,0.01629638671875,2,534,161,0.04946405813097954,0.25294220447540283,0.22239714860916138,0.22988161444664001,0.0077036762088127375,7.701393531436536e-05,0.007626662273498359,0.023538534850306214
42,warm,700,0.05292090028524399,0.00020824636158067733,0.98370361328125,0.01629638671875,2,532,165,0.04959703981876373,0.2535599172115326,0.2226870357990265,0.23120827972888947,0.008515862690011033,7.701393531436536e-05,0.008438848754696646,0.023830150043724907
42,warm,720,0.05311557278037071,0.00020824636158067733,0.983642578125,0.016357421875,2,536,157,0.049771081656217575,0.254234254360199,0.22309382259845734,0.23254945874214172,0.008308362092257937,7.124022325379347e-05,0.008237121869004148,0.023537404122837224
42,warm,740,0.052522964775562286,0.00020824636158067733,0.983642578125,0.016357421875,2,533,158,0.04918676242232323,0.2531432807445526,0.22176991403102875,0.23020480573177338,0.008050199882028153,7.124022325379347e-05,0.007978959658774286,0.023638432889785954
42,warm,760,0.05297692120075226,0.00020824636158067733,0.98370361328125,0.01629638671875,2,535,167,0.049641434103250504,0.2543180584907532,0.222798153758049,0.23232609033584595,0.008368217670259526,7.701393531436536e-05,0.008291203734945024,0.023636163016565015
42,warm,780,0.05269734561443329,0.00020824636158067733,0.98370361328125,0.01629638671875,2,535,161,0.0493946447968483,0.25205931067466736,0.2222389429807663,0.22787487506866455,0.008600420376943418,7.701393531436536e-05,0.00852340644162905,0.023681870342190714
42,warm,800,0.053316667675971985,0.00020824636158067733,0.9833984375,0.0166015625,2,538,160,0.049918584525585175,0.2546035051345825,0.22341856360435486,0.2330658882856369,0.008595764564425679,5.045225118897423e-05,0.008545312313236665,0.023469928732740564
42,warm,820,0.05331007391214371,0.00020824636158067733,0.98321533203125,0.01678466796875,2,537,158,0.049845412373542786,0.2562636733055115,0.22325767576694489,0.23676154017448425,0.009107405210862396,3.726014047560934e-05,0.00907014507038675,0.023412713963555043
42,warm,840,0.053183283656835556,0.00020824636158067733,0.98321533203125,0.01678466796875,2,535,162,0.04970833286643028,0.25673922896385193,0.22292602062225342,0.23773640394210815,0.008799974617623718,3.726014047560934e-05,0.008762714477148182,0.023696212455181276
42,warm,860,0.05332515761256218,0.00020824636158067733,0.98345947265625,0.01654052734375,2,536,163,0.049935657531023026,0.2548564672470093,0.22345159947872162,0.234043687582016,0.008984505504677998,5.530489307641051e-05,0.008929200611601549,0.023348895600722508
42,warm,880,0.05291108042001724,0.00020824636158067733,0.9837646484375,0.0162353515625,2,534,159,0.04959454387426376,0.25387322902679443,0.22269825637340546,0.2317785620689392,0.007694884574640071,8.302003100521126e-05,0.00761186454363497,0.023496494032517412
42,warm,900,0.05248679965734482,0.00020824636158067733,0.98382568359375,0.01617431640625,2,531,159,0.04920358583331108,0.252192884683609,0.2218162566423416,0.22393926978111267,0.00843636315422458,8.925936948101171e-05,0.008347103784743619,0.024992611594573
42,warm,920,0.052775997668504715,0.00020824636158067733,0.9837646484375,0.0162353515625,2,534,166,0.049438826739788055,0.25498807430267334,0.2223300188779831,0.23348338901996613,0.008773706693510519,8.302003100521126e-05,0.008690686662505352,0.023826241828576067
42,warm,940,0.05313382297754288,0.00020824636158067733,0.98370361328125,0.01629638671875,2,542,157,0.0498192235827446,0.25321364402770996,0.22320210933685303,0.23050707578659058,0.008316125364409288,7.701393531436536e-05,0.008239111429094895,0.02361212155730963
42,warm,960,0.05289306119084358,0.00020824636158067733,0.9833984375,0.0166015625,2,538,162,0.04946507140994072,0.255950927734375,0.22240687906742096,0.23609311878681183,0.008642879329464392,5.045225118897423e-05,0.0085924270782753,0.02357334781183662
42,warm,980,0.05308271571993828,0.00020824636158067733,0.98321533203125,0.01678466796875,2,538,165,0.04960108920931816,0.25703004002571106,0.2227092981338501,0.2383434921503067,0.008467772066261148,3.726014047560934e-05,0.008430511925785656,0.02348015157687977
42,warm,1000,0.05328567698597908,0.00020824636158067733,0.983154296875,0.016845703125,2,536,160,0.04979434981942177,0.25704747438430786,0.2231423556804657,0.23869241774082184,0.008867049560841167,3.331532273338398e-05,0.008833734238107797,0.02338683573973166
42,warm,1020,0.05269578844308853,0.00020824636158067733,0.9835205078125,0.0164794921875,2,537,166,0.04934094473719597,0.2529177665710449,0.22211973369121552,0.2297617495059967,0.008439129946246737,6.038654539865522e-05,0.008378743400848127,0.023570566773489454
42,warm,1040,0.05280701816082001,0.00020824636158067733,0.9830322265625,0.0169677734375,2,536,170,0.049256689846515656,0.25849631428718567,0.22193367779254913,0.24092769622802734,0.009149637881101569,2.6099683558122454e-05,0.009123538197543326,0.023617846804629417
42,warm,1060,0.05311135575175285,0.00020824636158067733,0.98297119140625,0.01702880859375,2,538,164,0.0495627224445343,0.2579529881477356,0.2226247489452362,0.24011296033859253,0.009089048450015014,2.282727163631479e-05,0.009066221178378733,0.02338595972171087
42,warm,1080,0.05340098217129707,0.00020824636158067733,0.983154296875,0.016845703125,2,546,166,0.049926117062568665,0.25620242953300476,0.22344127297401428,0.23643992841243744,0.008416054355812719,3.331532273338398e-05,0.008382739033079319,0.023149613437201233
42,warm,1100,0.05283356085419655,0.00020824636158067733,0.98297119140625,0.01702880859375,2,533,163,0.04930783063173294,0.2563527226448059,0.2220441699028015,0.23696406185626984,0.008422981584054412,2.282727163631479e-05,0.008400154312418159,0.023671581810706166
42,warm,1120,0.053312838077545166,0.00020824636158067733,0.9830322265625,0.0169677734375,2,541,167,0.04976927489042282,0.25861015915870667,0.22307710349559784,0.24132177233695984,0.008860944785020308,2.6099683558122454e-05,0.008834845101462194,0.023380185914649965
42,warm,1140,0.053148653358221054,0.00020824636158067733,0.98321533203125,0.01678466796875,2,535,161,0.04968630149960518,0.25596681237220764,0.2228979617357254,0.2361227571964264,0.008573455088672688,3.726014047560934e-05,0.008536194948197087,0.02315666904971503
42,warm,1160,0.05294458940625191,0.00020824636158067733,0.983642578125,0.016357421875,2,536,168,0.04957255348563194,0.2557199001312256,0.22264574468135834,0.2352977991104126,0.00834046545806899,7.124022325379347e-05,0.008269225234815155,0.023539088426989374
42,warm,1180,0.053025685250759125,0.00020824636158067733,0.983642578125,0.016357421875,2,538,157,0.04967411980032921,0.2545699179172516,0.2228703647851944,0.2331293374300003,0.007860903890296811,7.124022325379347e-05,0.007789663667042995,0.0236954250801521
42,warm,1200,0.05313001200556755,0.00020824636158067733,0.983642578125,0.016357421875,2,544,163,0.04978012666106224,0.2545730173587799,0.22311076521873474,0.2334098070859909,0.0078153657379616,7.124022325379347e-05,0.007744125514707767,0.023247502504748163
42,warm,1220,0.05318591743707657,0.00020824636158067733,0.9832763671875,0.0167236328125,2,538,166,0.04970283433794975,0.25797614455223083,0.2229354828596115,0.24063244462013245,0.009105005621869111,4.143069361497087e-05,0.009063574928254008,0.02319624972799128
42,warm,1240,0.052711017429828644,0.00020824636158067733,0.98370361328125,0.01629638671875,2,534,165,0.0493653379380703,0.2546674609184265,0.2221737653017044,0.2333594709634781,0.008123497609823005,7.701393531436536e-05,0.008046483674508508,0.023432996539415663
42,warm,1260,0.052649710327386856,0.00020824636158067733,0.983642578125,0.016357421875,2,535,161,0.049279436469078064,0.2553189992904663,0.22197586297988892,0.23451422154903412,0.008431876092991786,7.124022325379347e-05,0.008360635869737924,0.023561160095343703
42,warm,1280,0.05292296037077904,0.00020824636158067733,0.98333740234375,0.01666259765625,2,535,167,0.049481574445962906,0.2560153007507324,0.2224300056695938,0.23617419600486755,0.00907326424222532,4.5827791944071106e-05,0.00902743645028133,0.023700950056738557
42,warm,1300,0.05278853327035904,0.00020824636158067733,0.98333740234375,0.01666259765625,2,534,168,0.04932641237974167,0.2571045458316803,0.22208674252033234,0.2383124828338623,0.00859255353153543,4.5827791944071106e-05,0.008546725739591412,0.023820979419472033
42,warm,1320,0.05346772074699402,0.00020824636158067733,0.9833984375,0.0166015625,2,539,166,0.05003258213400841,0.2569493055343628,0.22367726266384125,0.23814474046230316,0.008899585154914291,5.045225118897423e-05,0.008849132903725191,0.02340703874571981
42,warm,1340,0.0531105175614357,0.00020824636158067733,0.9832763671875,0.0167236328125,2,538,172,0.049620360136032104,0.25831666588783264,0.22275105118751526,0.2407468557357788,0.009007416243740352,4.143069361497087e-05,0.008965985550125422,0.023533341657386964
42,warm,1360,0.05290413647890091,0.00020824636158067733,0.98284912109375,0.01715087890625,2,531,163,0.0492948479950428,0.25973859429359436,0.22201944887638092,0.2436807006597519,0.009422826784621918,1.694932961073751e-05,0.009405877455011214,0.023675296048825012
42,warm,1380,0.05313881114125252,0.00020824636158067733,0.98297119140625,0.01702880859375,2,534,157,0.049587130546569824,0.25815603137016296,0.22267909348011017,0.24078302085399628,0.008665485453285271,2.282727163631479e-05,0.008642658181648897,0.02345312215104267
42,warm,1400,0.053296562284231186,0.00020824636158067733,0.983154296875,0.016845703125,2,537,159,0.049784425646066666,0.25827282667160034,0.22312164306640625,0.24095070362091064,0.008762598132499022,3.331532273338398e-05,0.008729282809765577,0.023489278858253138
42,warm,1420,0.05324200540781021,0.00020824636158067733,0.983154296875,0.016845703125,2,535,165,0.04972795397043228,0.25833019614219666,0.222993865609169,0.24116724729537964,0.009286014348809601,3.331532273338398e-05,0.009252699026076217,0.023342501299996266
42,warm,1440,0.053134672343730927,0.00020824636158067733,0.98321533203125,0.01678466796875,2,535,165,0.04964172840118408,0.2577448785305023,0.22279970347881317,0.23958709836006165,0.009331752502667712,3.726014047560934e-05,0.00929449236219216,0.023452145019038917
42,warm,1460,0.05323067307472229,0.00020824636158067733,0.98309326171875,0.01690673828125,2,540,164,0.04972192272543907,0.25725728273391724,0.22298111021518707,0.2389938086271286,0.00859860005603963,2.9595436466173632e-05,0.00856900461957345,0.02353982173437752
42,warm,1480,0.052864447236061096,0.00020824636158067733,0.9832763671875,0.0167236328125,2,531,171,0.049391403794288635,0.2570641338825226,0.22224019467830658,0.238069087266922,0.008664245120790781,4.143069361497087e-05,0.008622814427175694,0.023544063690426165
42,warm,1500,0.053186919540166855,0.00020824636158067733,0.98284912109375,0.01715087890625,2,537,164,0.049597714096307755,0.25887006521224976,0.22270360589027405,0.2417798787355423,0.009277822340855835,1.694932961073751e-05,0.009260873011245101,0.02329936438102076
42,warm,1520,0.05322686582803726,0.00020824636158067733,0.98297119140625,0.01702880859375,2,533,168,0.049651630222797394,0.2596040368080139,0.22282294929027557,0.24329623579978943,0.008635454418445931,2.282727163631479e-05,0.008612627146809666,0.023283642389944625
42,warm,1540,0.05302257090806961,0.00020824636158067733,0.9837646484375,0.0162353515625,2,540,157,0.049682240933179855,0.25542643666267395,0.22288845479488373,0.23471948504447937,0.008906880306504661,8.302003100521126e-05,0.008823860275499461,0.023335758022514974
42,warm,1560,0.0529182106256485,0.00020824636158067733,0.98358154296875,0.01641845703125,2,538,167,0.04951503500342369,0.25679245591163635,0.22250236570835114,0.23769350349903107,0.00853175148969143,6.569804208159894e-05,0.008466053447609648,0.023295547086238266
42,warm,1580,0.05307919904589653,0.00020824636158067733,0.9832763671875,0.0167236328125,2,538,160,0.04958530142903328,0.2585051357746124,0.22266927361488342,0.24104207754135132,0.0083838406064487,4.143069361497087e-05,0.008342409912833693,0.02337652345952146
42,warm,1600,0.053151797503232956,0.00020824636158067733,0.9832763671875,0.0167236328125,2,534,169,0.049693476408720016,0.2564865052700043,0.22291788458824158,0.2374294400215149,0.008683710759406438,4.143069361497087e-05,0.008642280065791425,0.02334944874084821
42,warm,1620,0.053054988384246826,0.00020824636158067733,0.98284912109375,0.01715087890625,2,537,168,0.04944014921784401,0.26020699739456177,0.222330704331398,0.24444299936294556,0.010381023799901357,1.694932961073751e-05,0.010364074470290656,0.02336681043445632
42,warm,1640,0.05368325486779213,0.00020824636158067733,0.98260498046875,0.01739501953125,2,539,175,0.05001372471451759,0.26096656918525696,0.22363506257534027,0.24612852931022644,0.009256554898648517,7.839296277005687e-06,0.009248715602371688,0.02305703504746115
42,warm,1660,0.05309905856847763,0.00020824636158067733,0.98236083984375,0.01763916015625,2,538,168,0.049390144646167755,0.25965577363967896,0.22223447263240814,0.24349333345890045,0.00925873519027931,2.2165703591080135e-06,0.009256518619920284,0.023301126501539593
42,warm,1680,0.0533418208360672,0.00020824636158067733,0.98236083984375,0.01763916015625,2,535,171,0.04961790889501572,0.26073378324508667,0.22273755073547363,0.24539121985435486,0.009992585313931102,2.2165703591080135e-06,0.009990368743572125,0.023568991790600458
42,warm,1700,0.053466811776161194,0.00020824636158067733,0.98272705078125,0.01727294921875,2,538,168,0.04986288398504257,0.25850847363471985,0.22328990697860718,0.2415824979543686,0.009738294356985477,1.1955383956733937e-05,0.00972633897302878,0.02334653509089757
42,warm,1720,0.05298829823732376,0.00020824636158067733,0.98321533203125,0.01678466796875,2,535,171,0.04946881905198097,0.2591533958911896,0.22241538763046265,0.2421107292175293,0.008990953196381213,3.726014047560934e-05,0.008953693055905713,0.023390395974931644
42,warm,1740,0.053050581365823746,0.00020824636158067733,0.98321533203125,0.01678466796875,2,537,169,0.04956132173538208,0.25744500756263733,0.2226191908121109,0.23883922398090363,0.009197902392962476,3.726014047560934e-05,0.009160642252487002,0.02341534395302214
42,warm,1760,0.05308927223086357,0.00020824636158067733,0.98321533203125,0.01678466796875,2,538,166,0.049617789685726166,0.2564423978328705,0.22274476289749146,0.23689883947372437,0.009488042436906596,3.726014047560934e-05,0.009450782296430984,0.02344388625417404
42,warm,1780,0.0530841238796711,0.00020824636158067733,0.9827880859375,0.0172119140625,2,541,168,0.04948609322309494,0.25852909684181213,0.22244928777217865,0.2409534603357315,0.00918201526675233,1.4342242928365662e-05,0.00916767302382376,0.02359500905069789
42,warm,1800,0.053238075226545334,0.00020824636158067733,0.98272705078125,0.01727294921875,2,537,170,0.049629662185907364,0.2585349380970001,0.22277410328388214,0.24109075963497162,0.00871519047378655,1.1955383956733937e-05,0.00870323508983001,0.023214296991429628
42,warm,1820,0.053077563643455505,0.00020824636158067733,0.9827880859375,0.0172119140625,2,535,167,0.049469172954559326,0.25911396741867065,0.22241421043872833,0.2420623004436493,0.009007081469654565,1.4342242928365662e-05,0.008992739226726066,0.023322306624979583
42,warm,1840,0.05295884981751442,0.00020824636158067733,0.9827880859375,0.0172119140625,2,536,167,0.04940047115087509,0.2561394274234772,0.22223997116088867,0.23601582646369934,0.009314035669568455,1.4342242928365662e-05,0.009299693426639914,0.023504058801993133
42,warm,1860,0.05344199389219284,0.00020824636158067733,0.9827880859375,0.0172119140625,2,538,163,0.04985690861940384,0.25814804434776306,0.22328101098537445,0.24033279716968536,0.009169462188047817,1.4342242928365662e-05,0.009155119945119231,0.023611598183126525
42,warm,1880,0.0531805157661438,0.00020824636158067733,0.9827880859375,0.0172119140625,2,537,167,0.049566224217414856,0.25955408811569214,0.22262831032276154,0.2427634745836258,0.009384941149811254,1.4342242928365662e-05,0.009370598906882795,0.023321783410867547
42,warm,1900,0.05301879346370697,0.00020824636158067733,0.98272705078125,0.01727294921875,2,538,169,0.049395255744457245,0.2591766119003296,0.22224277257919312,0.2418501228094101,0.009446564596338192,1.1955383956733937e-05,0.009434609212381534,0.023281968490411864
42,warm,1920,0.05333380028605461,0.00020824636158067733,0.9827880859375,0.0172119140625,2,537,168,0.04974356293678284,0.25833413004875183,0.22302651405334473,0.24076306819915771,0.008975575707346195,1.4342242928365662e-05,0.008961233464417644,0.02329834920303464
42,warm,1940,0.05289005488157272,0.00020824636158067733,0.98284912109375,0.01715087890625,2,534,170,0.04927104339003563,0.2602810859680176,0.22196882963180542,0.24412161111831665,0.008574930631048971,1.694932961073751e-05,0.008557981301438224,0.023413088951858563
42,warm,1960,0.05314391851425171,0.00020824636158067733,0.98272705078125,0.01727294921875,2,534,163,0.04955645650625229,0.2572486698627472,0.22260455787181854,0.23864150047302246,0.008878561646461947,1.1955383956733937e-05,0.008866606262505345,0.023363966721010265
42,warm,1980,0.0531005784869194,0.00020824636158067733,0.982421875,0.017578125,2,537,178,0.04941751807928085,0.25894245505332947,0.2222973108291626,0.24158121645450592,0.009111228901211632,3.2979323590162516e-06,0.009107930968852773,0.02329224623165127
42,warm,2000,0.05339726805686951,0.00020824636158067733,0.982666015625,0.017333984375,2,536,169,0.049781326204538345,0.2583853006362915,0.22310766577720642,0.24107331037521362,0.008977673096715932,9.787988131962572e-06,0.00896788510858391,0.023170926703389605
43,scratch,0,0.6960572004318237,0.00020824636158067733,0.4755859375,0.5244140625,2,1331,1142,0.6155489683151245,0.7690693140029907,0.7225677967071533,0.6648993492126465,10.846749259992258,1.4258183534112656,9.420930906580992,2.3589117863236626
43,scratch,20,0.5185248851776123,0.00020824636158067733,0.5498046875,0.4501953125,2,1309,1091,0.4411262273788452,0.6130485534667969,0.6444072127342224,0.5927000045776367,7.329601419896981,1.1324318165571698,6.1971696033398125,1.9859093231250173
43,scratch,40,0.37867113947868347,0.00020824636158067733,0.638671875,0.361328125,2,1231,959,0.31324970722198486,0.4943079650402069,0.5585353374481201,0.5177655816078186,4.725314298499335,0.8106173664990352,3.9146969320003002,1.6561882831781278
43,scratch,60,0.2879149913787842,0.00020824636158067733,0.7242431640625,0.2757568359375,2,1106,812,0.23714177310466766,0.4212649166584015,0.48306652903556824,0.45520177483558655,3.182186994915547,0.5332774092561522,2.648909585659395,1.4071883585936322
43,scratch,80,0.23352362215518951,0.00020824636158067733,0.79583740234375,0.20416259765625,2,1005,647,0.19682928919792175,0.3765602707862854,0.43210500478744507,0.3994278013706207,2.3533116548221287,0.3294043065223362,2.0239073482997925,1.208189312238321
43,scratch,100,0.1983528733253479,0.00020824636158067733,0.85693359375,0.14306640625,2,952,512,0.17177096009254456,0.3575722873210907,0.4015616178512573,0.3599746525287628,1.8431651458096994,0.18041033169175436,1.662754814117945,1.0206900557174978
43,scratch,120,0.17064380645751953,0.00020824636158067733,0.90386962890625,0.09613037109375,2,895,399,0.15170063078403473,0.34875747561454773,0.3784523904323578,0.3300493359565735,1.4404529691703019,0.0864786417860989,1.353974327384203,0.8448135409059635
43,scratch,140,0.14792786538600922,0.00020824636158067733,0.93475341796875,0.06524658203125,2,857,317,0.13435813784599304,0.342334121465683,0.35854020714759827,0.3041240870952606,1.1099862685179787,0.038153890555972785,1.071832377962006,0.6902484911558734
43,scratch,160,0.12953752279281616,0.00020824636158067733,0.95587158203125,0.04412841796875,2,821,244,0.11980588734149933,0.3403354585170746,0.3409862816333771,0.28019675612449646,0.8567569142871534,0.013915735299778142,0.8428411789873753,0.5657671755331851
43,scratch,180,0.11496656388044357,0.00020824636158067733,0.96923828125,0.03076171875,2,789,184,0.1081051304936409,0.3311556875705719,0.32548096776008606,0.24736198782920837,0.6675929019476925,0.003866459062244273,0.6637264428854482,0.4748678392504392
43,scratch,200,0.10283809900283813,0.00020824636158067733,0.97821044921875,0.02178955078125,2,740,143,0.09767714887857437,0.33453139662742615,0.30967241525650024,0.2314808964729309,0.5328228823929848,0.0003987212873747298,0.53242416110561,0.41869290352835586
43,scratch,220,0.09340150654315948,0.00020824636158067733,0.98382568359375,0.01617431640625,2,708,110,0.08941197395324707,0.33606991171836853,0.2968060374259949,0.21518109738826752,0.43201095296918623,8.925936948101171e-05,0.43192169359970517,0.3794707326530645
43,scratch,240,0.08603902161121368,0.00020824636158067733,0.98724365234375,0.01275634765625,2,675,95,0.08283908665180206,0.3336893618106842,0.28641626238822937,0.19872909784317017,0.351400778901926,0.0008408079489493521,0.3505599709529771,0.3490952312938337
43,scratch,260,0.08014606684446335,0.00020824636158067733,0.98944091796875,0.01055908203125,2,647,82,0.07741405069828033,0.336148738861084,0.27718934416770935,0.19802400469779968,0.29571538345791026,0.0018024664964211463,0.2939129169614891,0.33022376107757945
43,scratch,280,0.07511332631111145,0.00020824636158067733,0.99114990234375,0.00885009765625,1,628,74,0.0727861225605011,0.3357437252998352,0.2689686119556427,0.19175198674201965,0.2517575593121464,0.002866849285739874,0.24889071002640634,0.3217682599795101
43,scratch,300,0.0707283616065979,0.00020824636158067733,0.992919921875,0.007080078125,1,599,69,0.06882141530513763,0.33816084265708923,0.2617800831794739,0.19113066792488098,0.21632579139278363,0.0043233489400629176,0.21200244245272074,0.31745125752124503
43,scratch,320,0.06760677695274353,0.00020824636158067733,0.99322509765625,0.00677490234375,1,596,65,0.06574956327676773,0.3398798108100891,0.2560741603374481,0.18674111366271973,0.19116514841172005,0.0046167765445512595,0.18654837186716866,0.3129283162422528
43,scratch,340,0.06503141671419144,0.00020824636158067733,0.99365234375,0.00634765625,1,578,59,0.06325133144855499,0.3436821401119232,0.2512812316417694,0.1799796223640442,0.17445037633316218,0.005050978253177921,0.1693993980799843,0.3148720208780308
43,scratch,360,0.06258135288953781,0.00020824636158067733,0.99505615234375,0.00494384765625,1,564,50,0.061198391020298004,0.3409315347671509,0.24719059467315674,0.17236506938934326,0.1588347142171287,0.006693286607663828,0.15214142760946472,0.32124509534398593
43,scratch,380,0.06082135811448097,0.00020824636158067733,0.995849609375,0.004150390625,1,554,45,0.05965873599052429,0.3397824764251709,0.2441600114107132,0.17772580683231354,0.14763530155342863,0.007793091145013891,0.13984221040841466,0.32570602283587713
43,scratch,400,0.05918554961681366,0.00020824636158067733,0.99627685546875,0.00372314453125,1,549,42,0.058129649609327316,0.3417339622974396,0.24100980162620544,0.17672120034694672,0.13902155214619683,0.00844680268837621,0.13057474945782077,0.33297870014277786
43,scratch,420,0.05754148215055466,0.00020824636158067733,0.9969482421875,0.0030517578125,1,538,36,0.05667838081717491,0.3395002484321594,0.23799347877502441,0.16908210515975952,0.12974064979081135,0.009576103693413178,0.1201645460973981,0.3385735205817785
43,scratch,440,0.05615164712071419,0.00020824636158067733,0.99737548828125,0.00262451171875,1,532,31,0.05540794879198074,0.33877456188201904,0.23532474040985107,0.16379976272583008,0.12234355229175975,0.010370280905165855,0.11197327138659413,0.3463453954034069
43,scratch,460,0.05507136508822441,0.00020824636158067733,0.9974365234375,0.0025634765625,1,529,29,0.05432431399822235,0.3457428812980652,0.23303981125354767,0.1653118133544922,0.11648279913080017,0.01048918341786691,0.10599361571293317,0.3529836652821562
43,scratch,480,0.05416952818632126,0.00020824636158067733,0.99755859375,0.00244140625,1,527,27,0.0534495934844017,0.34833404421806335,0.23114068806171417,0.16610728204250336,0.11298957475829496,0.010731395168294692,0.10225817959000032,0.356225551215832
43,scratch,500,0.05315486341714859,0.00020824636158067733,0.997802734375,0.002197265625,1,523,25,0.05250295251607895,0.349197119474411,0.2290836125612259,0.16670522093772888,0.11072055832502059,0.011234503325583471,0.09948605499943698,0.35699049190654686
43,scratch,520,0.052656397223472595,0.00020824636158067733,0.99798583984375,0.00201416015625,1,523,24,0.052055392414331436,0.35044869780540466,0.22813741862773895,0.16752013564109802,0.10569246103860763,0.011629539663434005,0.09406292137517366,0.35732023599186713
43,scratch,540,0.051741644740104675,0.00020824636158067733,0.9981689453125,0.0018310546875,1,513,22,0.051192112267017365,0.35131198167800903,0.2262222170829773,0.1690034717321396,0.10233593630274385,0.012041278552709523,0.09029465775003429,0.3544147290456042
43,scratch,560,0.05160679295659065,0.00020824636158067733,0.99835205078125,0.00164794921875,1,516,22,0.05111461877822876,0.3497755527496338,0.2260245382785797,0.16566914319992065,0.09907372905600909,0.01247139221828312,0.08660233683772589,0.3528895610367929
43,scratch,580,0.05113203823566437,0.00020824636158067733,0.99835205078125,0.00164794921875,1,511,21,0.05063862353563309,0.35005325078964233,0.22493697702884674,0.16034168004989624,0.09658077397053688,0.01247139221828312,0.08410938175225385,0.3527063342050699
43,scratch,600,0.05065570026636124,0.00020824636158067733,0.9984130859375,0.0015869140625,1,507,20,0.05017346888780594,0.35405442118644714,0.22396641969680786,0.1685534119606018,0.09313057342679798,0.012619187201482515,0.08051138622531548,0.3476360779393165
43,scratch,620,0.0506742000579834,0.00020824636158067733,0.99853515625,0.00146484375,1,508,19,0.05023014172911644,0.35337361693382263,0.22403432428836823,0.1655435711145401,0.08947566223670123,0.012921926589247994,0.07655373564745319,0.3479246118010654
43,scratch,640,0.05041937157511711,0.00020824636158067733,0.99859619140625,0.00140380859375,1,512,18,0.04999395087361336,0.3530431389808655,0.22352120280265808,0.16798096895217896,0.08774789766922453,0.01307706677611385,0.0746708308931107,0.34510749169632826
43,scratch,660,0.04999011382460594,0.00020824636158067733,0.9986572265625,0.0013427734375,1,509,16,0.049583882093429565,0.3521146774291992,0.22263222932815552,0.15204304456710815,0.08495133216657536,0.01323486523266034,0.07171646693391494,0.34782109510772197
43,scratch,680,0.05013609305024147,0.00020824636158067733,0.99853515625,0.00146484375,1,503,20,0.04968009516596794,0.36097463965415955,0.22282782196998596,0.16098177433013916,0.08279110858003236,0.012921926589247994,0.0698691819907844,0.3466058965211435
43,scratch,700,0.049484655261039734,0.00020824636158067733,0.99859619140625,0.00140380859375,1,506,19,0.049044784158468246,0.362387090921402,0.2214077264070511,0.16438028216362,0.08067709679036028,0.01307706677611385,0.06760003001424643,0.3443291969749428
43,scratch,720,0.04938630387187004,0.00020824636158067733,0.9989013671875,0.0010986328125,1,507,16,0.049048032611608505,0.35694852471351624,0.22144047915935516,0.15421169996261597,0.07761378276355657,0.013895240014235026,0.06371854274932175,0.34422733643507153
43,scratch,740,0.04949723184108734,0.00020824636158067733,0.99896240234375,0.00103759765625,1,506,14,0.049174219369888306,0.36048460006713867,0.22169697284698486,0.15306006371974945,0.07474780645153345,0.014068399417319617,0.06067940703421382,0.3443644267833609
43,scratch,760,0.049309056252241135,0.00020824636158067733,0.99908447265625,0.00091552734375,1,503,11,0.04903043061494827,0.3533667027950287,0.22139206528663635,0.12552450597286224,0.07168918631960963,0.014425731348846376,0.057263454970763454,0.34701695355099427
43,scratch,780,0.049030601978302,0.00020824636158067733,0.99908447265625,0.00091552734375,1,499,12,0.04875370115041733,0.3512009382247925,0.22075992822647095,0.12912991642951965,0.07040158459877688,0.014425731348846376,0.05597585324993068,0.3470136183611633
43,scratch,800,0.0488993301987648,0.00020824636158067733,0.99908447265625,0.00091552734375,1,498,10,0.04862302169203758,0.3504234552383423,0.22047673165798187,0.13038529455661774,0.06817693513604439,0.014425731348846376,0.05375120378719822,0.3483085532577409
43,scratch,820,0.04905744642019272,0.00020824636158067733,0.99908447265625,0.00091552734375,1,497,11,0.048777926713228226,0.3540886342525482,0.22082306444644928,0.1296449601650238,0.0664522404187764,0.014425731348846376,0.05202650906993009,0.35037755588630015
43,scratch,840,0.048687562346458435,0.00020824636158067733,0.99920654296875,0.00079345703125,1,494,9,0.04844985529780388,0.34803125262260437,0.22010070085525513,0.10056902468204498,0.06514605909634241,0.014799402808402525,0.05034665628794003,0.35359780621431336
43,scratch,860,0.048365116119384766,0.00020824636158067733,0.99932861328125,0.00067138671875,1,490,9,0.048162467777729034,0.34999436140060425,0.2194555252790451,0.0992882251739502,0.06330034336152579,0.015191944022463667,0.048108399339062205,0.35520942301875247
43,scratch,880,0.048824720084667206,0.00020824636158067733,0.99932861328125,0.00067138671875,1,498,9,0.048624321818351746,0.34711676836013794,0.2204533815383911,0.10242800414562225,0.06129444880226487,0.015191944022463667,0.04610250477980129,0.35697045792833004
43,scratch,900,0.048704326152801514,0.00020824636158067733,0.99932861328125,0.00067138671875,1,498,9,0.048503998667001724,0.3468896150588989,0.22016699612140656,0.1048196405172348,0.06020608746640477,0.015191944022463667,0.04501414344394122,0.3592884649339997
43,scratch,920,0.048471320420503616,0.00020824636158067733,0.99932861328125,0.00067138671875,1,499,10,0.04826895520091057,0.3496914803981781,0.21964789927005768,0.10560481995344162,0.058676225635473145,0.015191944022463667,0.043484281613009594,0.3614920511178955
43,scratch,940,0.04860946163535118,0.00020824636158067733,0.99932861328125,0.00067138671875,1,496,9,0.04840942472219467,0.346359521150589,0.21997396647930145,0.10349776595830917,0.057631848678475706,0.015191944022463667,0.042439904656012106,0.3640677820883159
43,scratch,960,0.048444680869579315,0.00020824636158067733,0.99932861328125,0.00067138671875,1,491,9,0.04824453964829445,0.346359521150589,0.21961471438407898,0.10349776595830917,0.05600850530046131,0.015191944022463667,0.04081656127799766,0.36835690779182395
43,scratch,980,0.048333391547203064,0.00020824636158067733,0.99932861328125,0.00067138671875,1,488,9,0.048134028911590576,0.3450721502304077,0.21936644613742828,0.1003914549946785,0.056602817312715104,0.015191944022463667,0.04141087329025154,0.3693824857043385
43,scratch,1000,0.04829414188861847,0.00020824636158067733,0.99932861328125,0.00067138671875,1,490,10,0.0480952113866806,0.3443906307220459,0.21929678320884705,0.1001167893409729,0.05414670976480096,0.015191944022463667,0.038954765742337444,0.3715156530022089
43,scratch,1020,0.04834834113717079,0.00020824636158067733,0.99932861328125,0.00067138671875,1,484,10,0.04814945161342621,0.3443906307220459,0.21941602230072021,0.1001167893409729,0.05465888431373145,0.015191944022463667,0.03946694029126795,0.3717814031776673
43,scratch,1040,0.04842260852456093,0.00020824636158067733,0.9993896484375,0.0006103515625,1,484,9,0.04824424535036087,0.340483158826828,0.21962635219097137,0.09396624565124512,0.053739143433823244,0.015396322623169617,0.038342820810653745,0.37370212750895215
43,scratch,1060,0.048398103564977646,0.00020824636158067733,0.9993896484375,0.0006103515625,1,484,9,0.048221707344055176,0.3372345566749573,0.2195800244808197,0.08648824691772461,0.05270085114189982,0.015396322623169617,0.03730452851873028,0.37810028082523994
43,scratch,1080,0.04835183173418045,0.00020824636158067733,0.99945068359375,0.00054931640625,1,485,8,0.048194512724876404,0.33459675312042236,0.21951690316200256,0.07881247252225876,0.05156005389309115,0.01560681868050127,0.03595323521258992,0.3786808148440489
43,scratch,1100,0.04848940670490265,0.00020824636158067733,0.99951171875,0.00048828125,1,489,7,0.04835109785199165,0.33161187171936035,0.21986456215381622,0.07322807610034943,0.050770732938154595,0.0158241141726494,0.0349466187655053,0.3800892124643017
43,scratch,1120,0.048463381826877594,0.00020824636158067733,0.99951171875,0.00048828125,1,489,7,0.0483265221118927,0.32859230041503906,0.219783216714859,0.07618973404169083,0.05006300257101515,0.0158241141726494,0.03423888839836575,0.3830644277556733
43,scratch,1140,0.04849230498075485,0.00020824636158067733,0.99951171875,0.00048828125,1,487,7,0.04835440218448639,0.3307788670063019,0.2198716402053833,0.06730056554079056,0.04957809414937486,0.0158241141726494,0.03375397997672545,0.38615249266942764
43,scratch,1160,0.0484640896320343,0.00020824636158067733,0.99951171875,0.00048828125,1,485,7,0.048326171934604645,0.3307788670063019,0.21980933845043182,0.06730056554079056,0.048877627952798264,0.0158241141726494,0.03305351378014906,0.3867427171505572
43,scratch,1180,0.048378877341747284,0.00020824636158067733,0.99951171875,0.00048828125,1,484,7,0.04823567718267441,0.3415035605430603,0.21961559355258942,0.06749367713928223,0.0497023461359376,0.0158241141726494,0.03387823196328828,0.3919098427947777
43,scratch,1200,0.048749566078186035,0.00020824636158067733,0.99951171875,0.00048828125,1,485,7,0.048606544733047485,0.3415035605430603,0.22043859958648682,0.06749367713928223,0.04947908011691737,0.0158241141726494,0.033654965944268096,0.3931018330192476
43,scratch,1220,0.04847080260515213,0.00020824636158067733,0.99951171875,0.00048828125,1,485,5,0.04832642525434494,0.34400254487991333,0.21982140839099884,0.06593292206525803,0.049474573614325834,0.0158241141726494,0.03365045944167663,0.39769885798225213
43,scratch,1240,0.0485493466258049,0.00020824636158067733,0.99951171875,0.00048828125,1,487,6,0.048403434455394745,0.34723034501075745,0.2200048267841339,0.07498439401388168,0.04873898145907418,0.0158241141726494,0.03291486728642489,0.40251675211104365
43,scratch,1260,0.04869404435157776,0.00020824636158067733,0.99951171875,0.00048828125,1,484,6,0.048550087958574295,0.3433777987957001,0.22032538056373596,0.0741114392876625,0.04868572059077536,0.0158241141726494,0.03286160641812599,0.4004970877656181
43,scratch,1280,0.04869922995567322,0.00020824636158067733,0.99951171875,0.00048828125,1,484,8,0.0485609732568264,0.33171600103378296,0.22035491466522217,0.0741114392876625,0.0477307830808158,0.0158241141726494,0.03190666890816644,0.4002264424277403
43,scratch,1300,0.0487532801926136,0.00020824636158067733,0.99951171875,0.00048828125,1,483,6,0.04860980436205864,0.3424406945705414,0.2204698771238327,0.07322807610034943,0.047414712258806446,0.0158241141726494,0.03159059808615708,0.4018607675104452
43,scratch,1320,0.04877737537026405,0.00020824636158067733,0.99951171875,0.00048828125,1,482,6,0.04863157123327255,0.34723034501075745,0.22051385045051575,0.07498439401388168,0.04696478982824459,0.0158241141726494,0.031140675655595276,0.4048933161181797
43,scratch,1340,0.04872749745845795,0.00020824636158067733,0.99951171875,0.00048828125,1,479,6,0.04858167842030525,0.34723034501075745,0.22040244936943054,0.07498439401388168,0.04651027741802949,0.0158241141726494,0.03068616324538008,0.40899058279385125
43,scratch,1360,0.04866847023367882,0.00020824636158067733,0.99951171875,0.00048828125,1,483,6,0.04852261766791344,0.34723034501075745,0.22026637196540833,0.07498439401388168,0.04570363205149164,0.0158241141726494,0.02987951787884232,0.41349541957672253
43,scratch,1380,0.048788100481033325,0.00020824636158067733,0.99951171875,0.00048828125,1,481,6,0.04864230751991272,0.34723034501075745,0.22051702439785004,0.07498439401388168,0.04522352939985552,0.0158241141726494,0.029399415227206276,0.4107970563715956
43,scratch,1400,0.04884611442685127,0.00020824636158067733,0.99951171875,0.00048828125,1,482,6,0.04870034381747246,0.34723034501075745,0.22066248953342438,0.07498439401388168,0.0451331980150016,0.0158241141726494,0.029309083842352323,0.4075005697165782
43,scratch,1420,0.04875856265425682,0.00020824636158067733,0.99951171875,0.00048828125,1,483,6,0.04861275106668472,0.34723034501075745,0.22047428786754608,0.07498439401388168,0.04499495086221117,0.0158241141726494,0.02917083668956188,0.410644842974509
43,scratch,1440,0.048888713121414185,0.00020824636158067733,0.99951171875,0.00048828125,1,484,6,0.04874343052506447,0.34629324078559875,0.22077159583568573,0.0741114392876625,0.04425547357842419,0.0158241141726494,0.028431359405774837,0.4141749949564858
43,scratch,1460,0.048604972660541534,0.00020824636158067733,0.99951171875,0.00048828125,1,477,6,0.04845954477787018,0.34629324078559875,0.22013337910175323,0.0741114392876625,0.04301403126756753,0.0158241141726494,0.027189917094918303,0.41675183700928964
43,scratch,1480,0.048620425164699554,0.00020824636158067733,0.99951171875,0.00048828125,1,480,5,0.04847424477338791,0.3478550910949707,0.22016194462776184,0.06883031129837036,0.042920945881824935,0.0158241141726494,0.027096831709175536,0.41912772481802885
43,scratch,1500,0.04863588139414787,0.00020824636158067733,0.99951171875,0.00048828125,1,478,6,0.048489198088645935,0.348896324634552,0.22020095586776733,0.06573522090911865,0.042362434527795756,0.0158241141726494,0.0265383203551464,0.4186323823530277
43,scratch,1520,0.048722874373197556,0.00020824636158067733,0.99951171875,0.00048828125,1,479,6,0.0485762320458889,0.348896324634552,0.22039617598056793,0.06573522090911865,0.04256217301755072,0.0158241141726494,0.026738058844901432,0.419563668562407
43,scratch,1540,0.048690129071474075,0.00020824636158067733,0.99951171875,0.00048828125,1,477,6,0.048543013632297516,0.3498334288597107,0.22030963003635406,0.06671786308288574,0.04203426856857817,0.0158241141726494,0.026210154395928786,0.419253446999139
43,scratch,1560,0.04847146198153496,0.00020824636158067733,0.99951171875,0.00048828125,1,476,6,0.04832423850893974,0.3498334288597107,0.21980822086334229,0.06671786308288574,0.0414201192763457,0.0158241141726494,0.025596005103696355,0.419927448449673
43,scratch,1580,0.048752155154943466,0.00020824636158067733,0.99951171875,0.00048828125,1,479,6,0.04860507696866989,0.3498334288597107,0.22046197950839996,0.06671786308288574,0.04112246158202737,0.0158241141726494,0.025298347409377992,0.4254805461975796
43,scratch,1600,0.048856742680072784,0.00020824636158067733,0.99951171875,0.00048828125,1,477,6,0.04870970547199249,0.3498334288597107,0.22068803012371063,0.06671786308288574,0.040586588446068106,0.0158241141726494,0.024762474273418815,0.423467278255632
43,scratch,1620,0.04880787804722786,0.00020824636158067733,0.99951171875,0.00048828125,1,478,6,0.048660822212696075,0.3498334288597107,0.22057881951332092,0.06671786308288574,0.04035125678657181,0.0158241141726494,0.024527142613922456,0.42611462695706204
43,scratch,1640,0.04849647730588913,0.00020824636158067733,0.99951171875,0.00048828125,1,474,6,0.04834926500916481,0.3498334288597107,0.21987934410572052,0.06671786308288574,0.03972491381883714,0.0158241141726494,0.023900799646187833,0.4284148695521456
43,scratch,1660,0.048542384058237076,0.00020824636158067733,0.99951171875,0.00048828125,1,472,6,0.04839448630809784,0.35129114985466003,0.21997429430484772,0.06433431059122086,0.03932387961705075,0.0158241141726494,0.023499765444401365,0.43155236137019737
43,scratch,1680,0.04838080704212189,0.00020824636158067733,0.99951171875,0.00048828125,1,469,6,0.04823283106088638,0.35129114985466003,0.2196185141801834,0.06433431059122086,0.03980145625265408,0.0158241141726494,0.02397734208000472,0.42571809516150305
43,scratch,1700,0.04856429994106293,0.00020824636158067733,0.99951171875,0.00048828125,1,474,6,0.04841712489724159,0.3498334288597107,0.22003856301307678,0.06671786308288574,0.039498796461167274,0.0158241141726494,0.023674682288518052,0.42809772244865807
43,scratch,1720,0.04872246831655502,0.00020824636158067733,0.99951171875,0.00048828125,1,471,6,0.04857531934976578,0.3499375581741333,0.22038809955120087,0.060797855257987976,0.039550635454553174,0.0158241141726494,0.0237265212819038,0.4286367949395956
43,scratch,1740,0.048743508756160736,0.00020824636158067733,0.99957275390625,0.00042724609375,1,472,6,0.048613253980875015,0.35347774624824524,0.22047848999500275,0.0644044578075409,0.03847301363585842,0.016049062779879643,0.022423950855978692,0.4337208815638608
43,scratch,1760,0.04878880828619003,0.00020824636158067733,0.99957275390625,0.00042724609375,1,473,6,0.0486585795879364,0.35347774624824524,0.22058606147766113,0.0644044578075409,0.03893661541243176,0.016049062779879643,0.02288755263255196,0.4326834247555983
43,scratch,1780,0.04857441037893295,0.00020824636158067733,0.99957275390625,0.00042724609375,1,472,6,0.04844408854842186,0.35347774624824524,0.22009417414665222,0.0644044578075409,0.038442525234323455,0.016049062779879643,0.022393462454443815,0.43557620729618274
43,scratch,1800,0.048749350011348724,0.00020824636158067733,0.9996337890625,0.0003662109375,1,472,6,0.048639439046382904,0.3487575054168701,0.22054044902324677,0.06381519883871078,0.037572849265608,0.016282764324321835,0.02129008494128612,0.43681161172637284
43,scratch,1820,0.0488407202064991,0.00020824636158067733,0.99957275390625,0.00042724609375,1,470,6,0.04871116951107979,0.35193079710006714,0.22070184350013733,0.06059654802083969,0.03783915032564522,0.016049062779879643,0.021790087545765405,0.43393146079390343
43,scratch,1840,0.048812348395586014,0.00020824636158067733,0.99957275390625,0.00042724609375,1,472,6,0.04868212342262268,0.35347774624824524,0.22062818706035614,0.0644044578075409,0.03841328566360147,0.016049062779879643,0.022364222883721807,0.4334730232737659
43,scratch,1860,0.048908781260252,0.00020824636158067733,0.99969482421875,0.00030517578125,1,474,5,0.048817891627550125,0.3466472625732422,0.22094200551509857,0.0632324069738388,0.03719299503446649,0.016526689747690865,0.020666305286775568,0.439255117184732
43,scratch,1880,0.04884146898984909,0.00020824636158067733,0.99969482421875,0.00030517578125,1,470,5,0.048750557005405426,0.3466472625732422,0.22079451382160187,0.0632324069738388,0.0370271222056644,0.016526689747690865,0.020500432457973537,0.43708784265684
43,scratch,1900,0.049242053180933,0.00020824636158067733,0.9996337890625,0.0003662109375,1,476,5,0.049132078886032104,0.3494516611099243,0.22163733839988708,0.059693653136491776,0.037703161389991635,0.016282764324321835,0.021420397065669682,0.4349277453372654
43,scratch,1920,0.04874074459075928,0.00020824636158067733,0.99981689453125,0.00018310546875,1,471,3,0.048689816147089005,0.3268221914768219,0.22065716981887817,0.06084541603922844,0.035980469445540564,0.01705455310467452,0.018925916340866055,0.44051003768319996
43,scratch,1940,0.04898488521575928,0.00020824636158067733,0.99981689453125,0.00018310546875,1,475,3,0.048934001475572586,0.3268221914768219,0.22118277847766876,0.06084541603922844,0.03676914386615948,0.01705455310467452,0.019714590761484983,0.4395303706485013
43,scratch,1960,0.04866086319088936,0.00020824636158067733,0.9998779296875,0.0001220703125,1,477,2,0.04862700775265694,0.3259891867637634,0.22050775587558746,0.06453629583120346,0.03600081265923194,0.017346940924191843,0.01865387173503998,0.44051872642078005
43,scratch,1980,0.04841291904449463,0.00020824636158067733,0.99981689453125,0.00018310546875,1,474,3,0.04836127161979675,0.3304317891597748,0.21990641951560974,0.07199325412511826,0.0373285278476132,0.01705455310467452,0.020273974742938582,0.4292622892469101
43,scratch,2000,0.048600565642118454,0.00020824636158067733,0.9998779296875,0.0001220703125,1,474,2,0.048566702753305435,0.3259891867637634,0.22037330269813538,0.06453629583120346,0.03716969285616045,0.017346940924191843,0.019822751931968467,0.43316037695396725
43,mle,0,0.6960572004318237,0.00020824636158067733,0.4755859375,0.5244140625,2,1331,1142,0.6155489683151245,0.7690693140029907,0.7225677967071533,0.6648993492126465,10.846749259992258,1.4258183534112656,9.420930906580992,2.3589117863236626
43,mle,100,0.05642668530344963,0.00020824636158067733,0.98480224609375,0.01519775390625,2,554,169,0.05260031670331955,0.3043716549873352,0.22923490405082703,0.3127059042453766,0.04177522888513607,0.00022153690269417466,0.041553691982441764,0.05617178775057463
43,mle,200,0.05718357115983963,0.00020824636158067733,0.98333740234375,0.01666259765625,2,552,192,0.05282680317759514,0.3142968416213989,0.22968241572380066,0.33160892128944397,0.03734625551461335,4.5827791944071106e-05,0.03730042772266934,0.0478190737855787
43,mle,300,0.05406041443347931,0.00020824636158067733,0.98358154296875,0.01641845703125,2,521,197,0.0498528853058815,0.3061213791370392,0.22283941507339478,0.3252969980239868,0.03271515043908124,6.569804208159894e-05,0.03264945239699948,0.043234658493677025
43,mle,400,0.056940775364637375,0.00020824636158067733,0.98370361328125,0.01629638671875,2,543,185,0.052889492362737656,0.30148938298225403,0.2298097014427185,0.31817150115966797,0.024967782628856128,7.701393531436536e-05,0.024890768693541773,0.03758757411626201
43,mle,500,0.054418258368968964,0.00020824636158067733,0.98455810546875,0.01544189453125,2,535,172,0.05074336752295494,0.2887254059314728,0.2245294153690338,0.2959621846675873,0.02309496975814085,0.00018264618132589642,0.02291232357681495,0.03811011007266851
43,mle,600,0.05520101636648178,0.00020824636158067733,0.98333740234375,0.01666259765625,2,534,188,0.05107613652944565,0.2986287772655487,0.2259703278541565,0.313824325799942,0.020858076168416062,4.5827791944071106e-05,0.02081224837647207,0.032819089502229226
43,mle,700,0.054686859250068665,0.00020824636158067733,0.9832763671875,0.0167236328125,2,527,187,0.05071001499891281,0.2885078489780426,0.22517529129981995,0.2972277104854584,0.01614453973180474,4.143069361497087e-05,0.016103109038189744,0.030600172409979032
43,mle,800,0.05446689948439598,0.00020824636158067733,0.98406982421875,0.01593017578125,2,536,182,0.050677716732025146,0.2885398864746094,0.2248232066631317,0.29739928245544434,0.020923259260790417,0.00011656656289815931,0.020806692697892176,0.03315470025765743
43,mle,900,0.05628053471446037,0.00020824636158067733,0.9820556640625,0.0179443359375,2,542,180,0.05221526697278023,0.27876392006874084,0.22845560312271118,0.2797200381755829,0.019359236255887424,2.0078355873221903e-08,0.019359216177531474,0.03265190435260801
43,mle,1000,0.054217301309108734,0.00020824636158067733,0.98248291015625,0.01751708984375,2,529,192,0.05002281069755554,0.2894741892814636,0.22361809015274048,0.29689276218414307,0.017376117481227027,4.59501435601771e-06,0.01737152246687078,0.030327439250615762
43,mle,1100,0.0562102347612381,0.00020824636158067733,0.98126220703125,0.01873779296875,2,542,199,0.051573969423770905,0.29900258779525757,0.22701966762542725,0.30444005131721497,0.021150579850846896,1.8828181612866486e-05,0.021131751669233888,0.03323141963548759
43,mle,1200,0.05441678315401077,0.00020824636158067733,0.98089599609375,0.01910400390625,2,535,205,0.04992733150720596,0.28492799401283264,0.22339509427547455,0.2902607321739197,0.018289355313946487,3.914620295990701e-05,0.01825020911098661,0.031010580984659364
43,mle,1300,0.05315295606851578,0.00020824636158067733,0.98406982421875,0.01593017578125,2,520,168,0.0495874397456646,0.2734089195728302,0.22260558605194092,0.2689734101295471,0.013283960041199805,0.00011656656289815931,0.013167393478301644,0.028717285022796468
43,mle,1400,0.05261584743857384,0.00020824636158067733,0.9854736328125,0.0145263671875,2,525,154,0.049430374056100845,0.2687196135520935,0.22232462465763092,0.26186221837997437,0.01239037711658142,0.000349215598560174,0.012041161518021318,0.028483871058344712
43,mle,1500,0.054878778755664825,0.00020824636158067733,0.98333740234375,0.01666259765625,2,535,176,0.05120948329567909,0.2714208960533142,0.2262289822101593,0.26521778106689453,0.015459492089767934,4.5827791944071106e-05,0.015413664297823818,0.029856912537727376
43,mle,1600,0.05324897915124893,0.00020824636158067733,0.98486328125,0.01513671875,2,528,158,0.04993157833814621,0.26909422874450684,0.22340290248394012,0.259670227766037,0.014558229682926083,0.00023187940350549198,0.014326350279420462,0.028506628347460983
43,mle,1700,0.05502866953611374,0.00020824636158067733,0.98260498046875,0.01739501953125,2,531,182,0.05117832124233246,0.2725260555744171,0.22589197754859924,0.26728686690330505,0.014491453126730391,7.839296277005687e-06,0.014483613830453592,0.030457943445728497
43,mle,1800,0.054579079151153564,0.00020824636158067733,0.98321533203125,0.01678466796875,2,530,171,0.05090281739830971,0.2699277102947235,0.22538845241069794,0.2628468871116638,0.015004216395219316,3.726014047560934e-05,0.01496695625474384,0.028187611526593437
43,mle,1900,0.05492677539587021,0.00020824636158067733,0.9832763671875,0.0167236328125,2,536,174,0.05119512230157852,0.27433186769485474,0.22614793479442596,0.2715134024620056,0.014333381252264132,4.143069361497087e-05,0.014291950558649113,0.028246852904633024
43,mle,2000,0.05209196358919144,0.00020824636158067733,0.98388671875,0.01611328125,2,519,166,0.04852734133601189,0.2697499692440033,0.2200322449207306,0.26380473375320435,0.014006680503563018,9.573281638247861e-05,0.013910947687180372,0.031157111218565015
43,mle,2100,0.053428858518600464,0.00020824636158067733,0.9818115234375,0.0181884765625,2,525,185,0.04927225783467293,0.2778017520904541,0.22182530164718628,0.27449047565460205,0.017261108863941388,2.0723988331725865e-06,0.017259036465108048,0.030449159473139198
43,mle,2200,0.05412562936544418,0.00020824636158067733,0.9825439453125,0.0174560546875,2,529,178,0.05026017501950264,0.2716994285583496,0.22366963326931,0.26757755875587463,0.01802046991380024,6.108554543226717e-06,0.01801436135925706,0.03126095020045094
43,mle,2300,0.054158568382263184,0.00020824636158067733,0.98321533203125,0.01678466796875,2,536,171,0.05046577379107475,0.27047592401504517,0.22451317310333252,0.2653374969959259,0.014395648191758426,3.726014047560934e-05,0.0143583880512828,0.028318695506388658
43,mle,2400,0.05398522689938545,0.00020824636158067733,0.981689453125,0.018310546875,2,534,179,0.04996519163250923,0.26951268315315247,0.22326254844665527,0.2616356611251831,0.012238912677467795,4.352996780999376e-06,0.012234559680686798,0.029424490473249798
43,mle,2500,0.05244392156600952,0.00020824636158067733,0.98590087890625,0.01409912109375,2,528,154,0.04944772273302078,0.26195740699768066,0.22234316170215607,0.24638044834136963,0.009536409088660491,0.000446774045997491,0.009089635042662983,0.02964213551669881
43,mle,2600,0.054268769919872284,0.00020824636158067733,0.98291015625,0.01708984375,2,528,174,0.050520896911621094,0.2698250710964203,0.22465188801288605,0.2628169059753418,0.014062491085688578,1.9777414010556317e-05,0.014042713671678071,0.02757296033880474
43,mle,2700,0.05450824648141861,0.00020824636158067733,0.98028564453125,0.01971435546875,2,535,190,0.050185397267341614,0.2694595754146576,0.22400598227977753,0.2622680366039276,0.011364082936971442,8.88490007419833e-05,0.011275233936229444,0.02744697242517058
43,mle,2800,0.05356685444712639,0.00020824636158067733,0.98284912109375,0.01715087890625,2,535,170,0.049820974469184875,0.26822853088378906,0.2231057733297348,0.26086753606796265,0.015792247424734285,1.694932961073751e-05,0.015775298095123548,0.029999737766704393
43,mle,2900,0.05406753346323967,0.00020824636158067733,0.98052978515625,0.01947021484375,2,524,188,0.04978013038635254,0.2699832618236542,0.22298875451087952,0.26420727372169495,0.013961436248983716,6.662139467352867e-05,0.013894814854310175,0.031463705767894035
43,mle,3000,0.0530451238155365,0.00020824636158067733,0.98345947265625,0.01654052734375,2,523,172,0.04940101131796837,0.26971498131752014,0.22210055589675903,0.2624342441558838,0.01295817123919818,5.530489307641051e-05,0.012902866346121736,0.0273738932598665
43,mle,3100,0.053683504462242126,0.00020824636158067733,0.9820556640625,0.0179443359375,2,527,178,0.0496835894882679,0.27259019017219543,0.22289307415485382,0.2670367658138275,0.014033695275621483,2.0078355873221903e-08,0.01403367519726567,0.027674892495926806
43,mle,3200,0.05218739062547684,0.00020824636158067733,0.9844970703125,0.0155029296875,2,515,156,0.0488535575568676,0.26389890909194946,0.22065603733062744,0.2523888051509857,0.01769314205031236,0.0001735384783423605,0.017519603571970032,0.029983841552823187
43,mle,3300,0.05386372283101082,0.00020824636158067733,0.9827880859375,0.0172119140625,2,537,170,0.050130825489759445,0.26700958609580994,0.2237410694360733,0.2529217302799225,0.013839898223714897,1.4342242928365662e-05,0.01382555598078629,0.029579876362479163
43,mle,3400,0.0542612187564373,0.00020824636158067733,0.98382568359375,0.01617431640625,2,543,164,0.05078480765223503,0.2657186686992645,0.22530785202980042,0.25200292468070984,0.01373348580110445,8.925936948101171e-05,0.013644226431623526,0.030991309497696684
43,mle,3500,0.052901897579431534,0.00020824636158067733,0.9859619140625,0.0140380859375,2,529,150,0.049946147948503494,0.2604983448982239,0.22346895933151245,0.24325574934482574,0.00969805652149347,0.0004617739579107663,0.00923628256358261,0.027233439883932342
43,mle,3600,0.05437251925468445,0.00020824636158067733,0.9813232421875,0.0186767578125,2,525,187,0.05017058178782463,0.2751525044441223,0.22371457517147064,0.2724056839942932,0.01711518367684306,1.6147234207725147e-05,0.01709903644263526,0.029234920381643215
43,mle,3700,0.057638365775346756,0.00020824636158067733,0.9788818359375,0.0211181640625,2,545,205,0.052580323070287704,0.29209190607070923,0.22898223996162415,0.2852115333080292,0.022428180957113852,0.0002754015662396127,0.02215277939087419,0.032975577684485224
43,mle,3800,0.05269905552268028,0.00020824636158067733,0.98272705078125,0.01727294921875,2,517,173,0.04892214387655258,0.2675829827785492,0.22031566500663757,0.25847914814949036,0.021020652697380626,1.1955383956733937e-05,0.02100869731342395,0.033367217824636364
43,mle,3900,0.05154445767402649,0.00020824636158067733,0.98260498046875,0.01739501953125,2,503,173,0.04776369780302048,0.2651110291481018,0.21823590993881226,0.2529272437095642,0.019737942850234447,7.839296277005687e-06,0.01973010355395751,0.0330725478640691
43,mle,4000,0.05310285836458206,0.00020824636158067733,0.98431396484375,0.01568603515625,2,531,157,0.04980720952153206,0.2599077522754669,0.22311803698539734,0.24293357133865356,0.008745112223742524,0.00014767609110137754,0.008597436132641259,0.02651339718497392
43,mle,4100,0.055275678634643555,0.00020824636158067733,0.98175048828125,0.01824951171875,2,533,186,0.05107177793979645,0.28142857551574707,0.22590571641921997,0.2761949598789215,0.016160670806321775,3.10873486873925e-06,0.01615756207145303,0.028740664129802362
43,mle,4200,0.05490988865494728,0.00020824636158067733,0.98095703125,0.01904296875,2,536,185,0.050795990973711014,0.2668284773826599,0.22517400979995728,0.2536316215991974,0.013367465239035425,3.5259201314548306e-05,0.013332206037720808,0.03144076711825827
43,mle,4300,0.055930715054273605,0.00020824636158067733,0.9818115234375,0.0181884765625,2,547,183,0.05202288180589676,0.26687508821487427,0.22808031737804413,0.25846612453460693,0.011334976407134434,2.0723988331725865e-06,0.011332904008301212,0.026237804028571454
43,mle,4400,0.052271999418735504,0.00020824636158067733,0.9837646484375,0.0162353515625,2,516,156,0.04888187348842621,0.25769370794296265,0.22069405019283295,0.23739759624004364,0.01724135192508669,8.302003100521126e-05,0.01715833189408154,0.030864922061229927
43,mle,4500,0.05575517565011978,0.00020824636158067733,0.98040771484375,0.01959228515625,2,532,195,0.05139942839741707,0.2737186849117279,0.22665496170520782,0.2707587778568268,0.01627855182615434,7.734731442828914e-05,0.01620120451172606,0.028541269632771482
43,mle,4600,0.056020162999629974,0.00020824636158067733,0.9827880859375,0.0172119140625,2,540,175,0.05218830332159996,0.274816632270813,0.22796295583248138,0.268260657787323,0.01683212371445819,1.4342242928365662e-05,0.016817781471529594,0.03262178073120803
43,mle,4700,0.05310112237930298,0.00020824636158067733,0.98382568359375,0.01617431640625,2,520,170,0.04963152855634689,0.26414385437965393,0.22257819771766663,0.2523680031299591,0.014728472124453162,8.925936948101171e-05,0.01463921275497199,0.027236468101111577
43,mle,4800,0.05642227828502655,0.00020824636158067733,0.98211669921875,0.01788330078125,2,550,181,0.052482519298791885,0.27278605103492737,0.22908878326416016,0.2690078914165497,0.013771225574792822,3.3736234420838295e-08,0.013771191838558629,0.025371372380252333
43,mle,4900,0.0569017194211483,0.00020824636158067733,0.980224609375,0.019775390625,2,547,185,0.05257071182131767,0.2715802490711212,0.22906199097633362,0.2636660933494568,0.016726768517592916,9.488928296759458e-05,0.016631879234625443,0.02982019163821159
43,mle,5000,0.05473754182457924,0.00020824636158067733,0.98211669921875,0.01788330078125,2,539,178,0.0507119782269001,0.27581384778022766,0.2251492291688919,0.2677925229072571,0.013924671933828847,3.3736234420838295e-08,0.013924638197594652,0.028244487920094152
43,warm,0,0.05473754182457924,0.00020824636158067733,0.98211669921875,0.01788330078125,2,539,178,0.0507119782269001,0.27581384778022766,0.2251492291688919,0.2677925229072571,0.013924671933828847,3.3736234420838295e-08,0.013924638197594652,0.028244487920094152
43,warm,20,0.05269864574074745,0.00020824636158067733,0.98394775390625,0.01605224609375,2,520,155,0.049337588250637054,0.25871995091438293,0.22209419310092926,0.24132274091243744,0.008597349398961285,0.0001024412439107193,0.008494908155050574,0.025244970399146305
43,warm,40,0.05285411328077316,0.00020824636158067733,0.9840087890625,0.0159912109375,2,529,157,0.04949858784675598,0.25933438539505005,0.2224782407283783,0.24291327595710754,0.008523571676242625,0.00010938553090054297,0.008414186145342133,0.025453892289735713
43,warm,60,0.05237859860062599,0.00020824636158067733,0.984619140625,0.015380859375,2,522,154,0.04918904975056648,0.25656044483184814,0.22178028523921967,0.23725426197052002,0.007465803661226289,0.00019199891433254422,0.007273804746893971,0.025398012804291548
43,warm,80,0.05259900167584419,0.00020824636158067733,0.985107421875,0.014892578125,2,527,146,0.04954322427511215,0.25473132729530334,0.22258256375789642,0.23363690078258514,0.0074987519330633745,0.0002757583361745336,0.007222993596888791,0.025521137002872174
43,warm,100,0.05260567367076874,0.00020824636158067733,0.9849853515625,0.0150146484375,2,524,148,0.04952120780944824,0.25495171546936035,0.2225189507007599,0.23424434661865234,0.008075347519671539,0.00025331507943707025,0.007822032440234331,0.025453743343607393
43,warm,120,0.0531008206307888,0.00020824636158067733,0.98431396484375,0.01568603515625,2,528,158,0.04983128234744072,0.25826770067214966,0.22322876751422882,0.24133843183517456,0.008196688970393495,0.00014767609110137754,0.008049012879292269,0.024858702156709378
43,warm,140,0.052947092801332474,0.00020824636158067733,0.984130859375,0.015869140625,2,525,159,0.04963273927569389,0.2584884464740753,0.2227717489004135,0.24165785312652588,0.00785790816754428,0.0001239852322368019,0.007733922935307536,0.024919819058343173
43,warm,160,0.05279835686087608,0.00020824636158067733,0.98443603515625,0.01556396484375,2,533,159,0.04952966794371605,0.2595462501049042,0.22255176305770874,0.2435750663280487,0.0074589766520247736,0.00016467485582321402,0.007294301796201582,0.02500815668529166
43,warm,180,0.05269651487469673,0.00020824636158067733,0.98455810546875,0.01544189453125,2,526,148,0.04950056970119476,0.2564661204814911,0.22246244549751282,0.23758922517299652,0.008347613329725334,0.00018264618132589642,0.008164967148399451,0.024969493912724183
43,warm,200,0.05283273756504059,0.00020824636158067733,0.98431396484375,0.01568603515625,2,528,146,0.04956021532416344,0.2581866681575775,0.22261950373649597,0.24112649261951447,0.007870138935878401,0.00014767609110137754,0.007722462844777142,0.02499007286744226
43,warm,220,0.05233469605445862,0.00020824636158067733,0.98492431640625,0.01507568359375,2,525,155,0.04922507703304291,0.255492240190506,0.2218584269285202,0.2353162318468094,0.0075692262109541275,0.00024247179703037417,0.0073267544139239225,0.025117755868197755
43,warm,240,0.052903272211551666,0.00020824636158067733,0.98468017578125,0.01531982421875,2,532,153,0.049749478697776794,0.2556134760379791,0.2230379283428192,0.23369275033473969,0.008369902978493826,0.00020159763445916487,0.008168305344034527,0.02503306792707216
43,warm,260,0.05258902907371521,0.00020824636158067733,0.98468017578125,0.01531982421875,2,529,161,0.04939589649438858,0.2578270435333252,0.2222450226545334,0.2403005063533783,0.00739904283565096,0.00020159763445916487,0.007197445201191703,0.02500235010731766
43,warm,280,0.0527733750641346,0.00020824636158067733,0.98468017578125,0.01531982421875,2,524,153,0.049593955278396606,0.25713008642196655,0.22268587350845337,0.23897899687290192,0.007997710105165368,0.00020159763445916487,0.0077961124707062,0.02487812953106394
43,warm,300,0.05273198336362839,0.00020824636158067733,0.984130859375,0.015869140625,2,521,165,0.049396950751543045,0.25955531001091003,0.22224867343902588,0.243891179561615,0.00788780279273027,0.0001239852322368019,0.007763817560493569,0.024883736042031424
43,warm,320,0.05282404273748398,0.00020824636158067733,0.9837646484375,0.0162353515625,2,525,160,0.049397073686122894,0.26047763228416443,0.22224251925945282,0.24578730762004852,0.008520866737136146,8.302003100521126e-05,0.00843784670613092,0.02457137595112935
43,warm,340,0.052552200853824615,0.00020824636158067733,0.9842529296875,0.0157470703125,2,521,165,0.04924900829792023,0.2590144872665405,0.22191382944583893,0.2427702397108078,0.008329240816429717,0.0001395390866802057,0.00818970172974934,0.02507508899063604
43,warm,360,0.052819378674030304,0.00020824636158067733,0.984130859375,0.015869140625,2,523,160,0.04950203001499176,0.2585461139678955,0.22248412668704987,0.24187415838241577,0.007391059363918373,0.0001239852322368019,0.007267074131681663,0.024569499125138727
43,warm,380,0.052359193563461304,0.00020824636158067733,0.984375,0.015625,2,521,152,0.049117833375930786,0.2565649747848511,0.22161851823329926,0.23682309687137604,0.00873748088653059,0.00015605437165852262,0.00858142651487204,0.024853211013325827
43,warm,400,0.05266684293746948,0.00020824636158067733,0.98431396484375,0.01568603515625,2,526,155,0.049366313964128494,0.25977808237075806,0.22217358648777008,0.24261648952960968,0.008350305521354073,0.00014767609110137754,0.008202629430252862,0.02539881165350588
43,warm,420,0.05273457244038582,0.00020824636158067733,0.98419189453125,0.01580810546875,2,527,155,0.04945015534758568,0.25721797347068787,0.22235575318336487,0.23880122601985931,0.007423133021994488,0.00013164243811568518,0.007291490583878673,0.02480729347073274
43,warm,440,0.0529840923845768,0.00020824636158067733,0.98431396484375,0.01568603515625,2,534,151,0.04970494285225868,0.2587538957595825,0.22289898991584778,0.24234874546527863,0.008819299182697193,0.00014767609110137754,0.008671623091595996,0.024961799740342294
43,warm,460,0.052653998136520386,0.00020824636158067733,0.98468017578125,0.01531982421875,2,531,147,0.04946962743997574,0.25732919573783875,0.2224172055721283,0.2393231838941574,0.007510013332840515,0.00020159763445916487,0.007308415698381341,0.024866596155991183
43,warm,480,0.05248918756842613,0.00020824636158067733,0.98443603515625,0.01556396484375,2,526,152,0.04923213645815849,0.25850096344947815,0.2218492478132248,0.2415383756160736,0.008915956910833245,0.00016467485582321402,0.008751282055010011,0.024841543797012755
43,warm,500,0.05309107154607773,0.00020824636158067733,0.98419189453125,0.01580810546875,2,528,159,0.04979544132947922,0.25827285647392273,0.22314012050628662,0.2413504719734192,0.008118156132887577,0.00013164243811568518,0.007986513694771605,0.024538308091652916
43,warm,520,0.052999403327703476,0.00020824636158067733,0.9842529296875,0.0157470703125,2,525,162,0.04972443729639053,0.2576972246170044,0.22297786176204681,0.2400672435760498,0.007181824337941123,0.0001395390866802057,0.007042285251260917,0.024886981752135662
43,warm,540,0.05296710878610611,0.00020824636158067733,0.98431396484375,0.01568603515625,2,532,163,0.049717746675014496,0.25686752796173096,0.22296886146068573,0.2384103536605835,0.007602676844008727,0.00014767609110137754,0.007455000752907429,0.024517494887479452
43,warm,560,0.0529409795999527,0.00020824636158067733,0.98431396484375,0.01568603515625,2,530,163,0.04967555031180382,0.2578496038913727,0.22287704050540924,0.24047169089317322,0.007549064023088192,0.00014767609110137754,0.007401387931986977,0.024389106984674336
43,warm,580,0.05255970358848572,0.00020824636158067733,0.9844970703125,0.0155029296875,2,526,160,0.04932169243693352,0.25818607211112976,0.2220795750617981,0.24114930629730225,0.007995913423847867,0.0001735384783423605,0.007822374945505526,0.024733952290919015
43,warm,600,0.05308759957551956,0.00020824636158067733,0.984375,0.015625,2,533,156,0.049827173352241516,0.2584945261478424,0.22321350872516632,0.24164685606956482,0.00867116187165351,0.00015605437165852262,0.0085151074999949,0.02456711610350093
43,warm,620,0.05308416485786438,0.00020824636158067733,0.98406982421875,0.01593017578125,2,531,156,0.04976087436079979,0.2583768367767334,0.22305691242218018,0.24123425781726837,0.00840519404319906,0.00011656656289815931,0.008288627480300783,0.02460046960252138
43,warm,640,0.05307885259389877,0.00020824636158067733,0.984375,0.015625,2,534,156,0.04980919510126114,0.259067177772522,0.22316722571849823,0.24278661608695984,0.008497855655342335,0.00015605437165852262,0.008341801283683656,0.024479904685651754
43,warm,660,0.052774038165807724,0.00020824636158067733,0.984619140625,0.015380859375,2,532,144,0.04953675717115402,0.26001137495040894,0.22256097197532654,0.24449999630451202,0.009021479738485993,0.00019199891433254422,0.008829480824153552,0.024711619794036133
43,warm,680,0.052429281175136566,0.00020824636158067733,0.98468017578125,0.01531982421875,2,517,152,0.049242909997701645,0.2572329640388489,0.2219053953886032,0.2381102293729782,0.008677467303833453,0.00020159763445916487,0.008475869669374192,0.02545456652362399
43,warm,700,0.05285647511482239,0.00020824636158067733,0.984375,0.015625,2,525,163,0.049579206854104996,0.25932425260543823,0.22263120114803314,0.24339476227760315,0.009063925514247728,0.00015605437165852262,0.00890787114258922,0.024820112012750806
43,warm,720,0.05251506716012955,0.00020824636158067733,0.98443603515625,0.01556396484375,2,526,160,0.049265142530202866,0.2580763101577759,0.22193555533885956,0.2409641593694687,0.008213847395573737,0.00016467485582321402,0.008049172539750689,0.024938995695922395
43,warm,740,0.052779220044612885,0.00020824636158067733,0.984130859375,0.015869140625,2,527,161,0.04947087913751602,0.2579469680786133,0.2224167436361313,0.24058912694454193,0.008181543788133183,0.0001239852322368019,0.00805755855589652,0.024551847841141616
43,warm,760,0.05264400318264961,0.00020824636158067733,0.98443603515625,0.01556396484375,2,530,160,0.04937586560845375,0.2593567967414856,0.22218380868434906,0.2433699667453766,0.008514815053977998,0.00016467485582321402,0.008350140198154924,0.02444656482905183
43,warm,780,0.05274172127246857,0.00020824636158067733,0.98443603515625,0.01556396484375,2,527,160,0.04947688430547714,0.25924572348594666,0.22242850065231323,0.24302926659584045,0.008334265134372743,0.00016467485582321402,0.008169590278549674,0.0243595613871751
43,warm,800,0.05265554040670395,0.00020824636158067733,0.98443603515625,0.01556396484375,2,529,150,0.04941615089774132,0.2575503885746002,0.22229014337062836,0.23945854604244232,0.00835905095319589,0.00016467485582321402,0.008194376097372677,0.024479461936354974
43,warm,820,0.05282945558428764,0.00020824636158067733,0.984619140625,0.015380859375,2,530,160,0.049639515578746796,0.257036417722702,0.22278831899166107,0.2387181669473648,0.008347802555555006,0.00019199891433254422,0.008155803641222687,0.024504327164979522
43,warm,840,0.052531491965055466,0.00020824636158067733,0.9849853515625,0.0150146484375,2,528,149,0.049411624670028687,0.25720009207725525,0.22228579223155975,0.2389797419309616,0.008443420920421829,0.00025331507943707025,0.00819010584098467,0.024927526553003454
43,warm,860,0.05290208384394646,0.00020824636158067733,0.984375,0.015625,2,524,161,0.04964500665664673,0.2580975592136383,0.22280307114124298,0.24102665483951569,0.008466023668198375,0.00015605437165852262,0.008309969296539838,0.02431893765671911
43,warm,880,0.05272539332509041,0.00020824636158067733,0.9844970703125,0.0155029296875,2,524,162,0.049463141709566116,0.2598913609981537,0.22239534556865692,0.2447132021188736,0.00910362314626667,0.0001735384783423605,0.00893008466792434,0.024607959851639216
43,warm,900,0.05278550460934639,0.00020824636158067733,0.984375,0.015625,2,523,159,0.04950721189379692,0.25931769609451294,0.22248254716396332,0.24339309334754944,0.008919219886784902,0.00015605437165852262,0.00876316551512623,0.024691356128389352
43,warm,920,0.052775606513023376,0.00020824636158067733,0.9847412109375,0.0152587890625,2,528,158,0.049588315188884735,0.25847065448760986,0.22268372774124146,0.24177545309066772,0.008239000999502366,0.0002114433064314943,0.008027557693070972,0.024947240840194618
43,warm,940,0.05285218730568886,0.00020824636158067733,0.98455810546875,0.01544189453125,2,527,156,0.04961882904171944,0.25900787115097046,0.22273948788642883,0.24262754619121552,0.009372215499944048,0.00018264618132589642,0.009189569318618074,0.024412283878266217
43,warm,960,0.052769195288419724,0.00020824636158067733,0.984130859375,0.015869140625,2,529,160,0.04943208396434784,0.25972190499305725,0.2223159819841385,0.24409550428390503,0.008874906161700835,0.0001239852322368019,0.008750920929464204,0.024430693593533115
43,warm,980,0.05281754955649376,0.00020824636158067733,0.984130859375,0.015869140625,2,527,163,0.049512829631567,0.2577612102031708,0.22250649333000183,0.24031813442707062,0.008894207116291852,0.0001239852322368019,0.008770221884055213,0.024303023682225366
43,warm,1000,0.053310051560401917,0.00020824636158067733,0.984130859375,0.015869140625,2,532,155,0.05000629276037216,0.258193701505661,0.22361385822296143,0.2410157471895218,0.008580916888796253,0.0001239852322368019,0.008456931656559617,0.024139987581950018
43,warm,1020,0.0527261458337307,0.00020824636158067733,0.984619140625,0.015380859375,2,525,150,0.04951300472021103,0.25841811299324036,0.22251348197460175,0.2414894700050354,0.008592675010923756,0.00019199891433254422,0.008400676096591342,0.024641631870256142
43,warm,1040,0.05271081253886223,0.00020824636158067733,0.98443603515625,0.01556396484375,2,522,154,0.04944135621190071,0.25950706005096436,0.22234681248664856,0.24368168413639069,0.008502037657500239,0.00016467485582321402,0.008337362801677127,0.024574973817582113
43,warm,1060,0.052644409239292145,0.00020824636158067733,0.98443603515625,0.01556396484375,2,526,155,0.04941599443554878,0.25684478878974915,0.22229455411434174,0.2364373654127121,0.008245714089035516,0.00016467485582321402,0.008081039233212468,0.024995635999150445
43,warm,1080,0.05283169820904732,0.00020824636158067733,0.984619140625,0.015380859375,2,525,157,0.049589842557907104,0.26036176085472107,0.2226761430501938,0.24549615383148193,0.008936579666816158,0.00019199891433254422,0.008744580752483782,0.024508254617760294
43,warm,1100,0.052745282649993896,0.00020824636158067733,0.98443603515625,0.01556396484375,2,523,151,0.049492839723825455,0.2584650218486786,0.22246038913726807,0.2411770224571228,0.008871226193342352,0.00016467485582321402,0.008706551337519306,0.024934677567873487
43,warm,1120,0.05294816195964813,0.00020824636158067733,0.984130859375,0.015869140625,2,526,155,0.049632783979177475,0.25855252146720886,0.22275562584400177,0.2417057752609253,0.0094140012735906,0.0001239852322368019,0.009290016041353924,0.024617265554045198
43,warm,1140,0.05300167202949524,0.00020824636158067733,0.98443603515625,0.01556396484375,2,526,152,0.04975850507616997,0.2581350803375244,0.22304698824882507,0.24048936367034912,0.009342715850117145,0.00016467485582321402,0.009178040994293982,0.024866130647498985
43,warm,1160,0.05290517583489418,0.00020824636158067733,0.984375,0.015625,2,520,157,0.04965073987841606,0.2579348385334015,0.22280333936214447,0.24060778319835663,0.008989619062241161,0.00015605437165852262,0.008833564690582628,0.024605438499495258
43,warm,1180,0.0529644601047039,0.00020824636158067733,0.984375,0.015625,2,526,161,0.04968859627842903,0.2593437731266022,0.22290077805519104,0.2434440553188324,0.008426534114015283,0.00015605437165852262,0.008270479742356621,0.024304091043379494
43,warm,1200,0.05272272229194641,0.00020824636158067733,0.9842529296875,0.0157470703125,2,527,159,0.04942360147833824,0.2589305341243744,0.22230923175811768,0.24264071881771088,0.008315535451593803,0.0001395390866802057,0.008175996364913438,0.024415921158581377
43,warm,1220,0.053227316588163376,0.00020824636158067733,0.98431396484375,0.01568603515625,2,533,165,0.04992874711751938,0.2602156698703766,0.22343485057353973,0.2453177124261856,0.00895242118004802,0.00014767609110137754,0.008804745088946922,0.024167321150091348
43,warm,1240,0.05259378254413605,0.00020824636158067733,0.98431396484375,0.01568603515625,2,527,159,0.04930076748132706,0.25923359394073486,0.22202888131141663,0.24330903589725494,0.008485352766193444,0.00014767609110137754,0.008337676675092158,0.02429005637597792
43,warm,1260,0.05260267108678818,0.00020824636158067733,0.984375,0.015625,2,526,151,0.04933769628405571,0.25829601287841797,0.22210414707660675,0.2408667653799057,0.008864873663888773,0.00015605437165852262,0.00870881929223018,0.02429899233604582
43,warm,1280,0.05266693979501724,0.00020824636158067733,0.984375,0.015625,2,526,150,0.0494067557156086,0.25805848836898804,0.2222721129655838,0.24047210812568665,0.009375527690473007,0.00015605437165852262,0.009219473318814318,0.024404284981503488
43,warm,1300,0.052518535405397415,0.00020824636158067733,0.9849853515625,0.0150146484375,2,520,153,0.04941653087735176,0.25601494312286377,0.22227805852890015,0.23663878440856934,0.008464748760353302,0.00025331507943707025,0.008211433680916268,0.024643254372424317
43,warm,1320,0.05279041826725006,0.00020824636158067733,0.985107421875,0.014892578125,2,529,150,0.04971839115023613,0.25599783658981323,0.2229747474193573,0.23648720979690552,0.00840200283729331,0.0002757583361745336,0.008126244501118594,0.02489164507344166
43,warm,1340,0.052770666778087616,0.00020824636158067733,0.98480224609375,0.01519775390625,2,533,153,0.049632951617240906,0.2560919225215912,0.22276265919208527,0.23662003874778748,0.009652637076406734,0.00022153690269417466,0.009431100173712547,0.024620328892271837
43,warm,1360,0.0523061528801918,0.00020824636158067733,0.9857177734375,0.0142822265625,2,524,138,0.049411945044994354,0.2520563304424286,0.2222774177789688,0.2280496209859848,0.00847618650023918,0.0004033777704586859,0.00807280872978053,0.025626068979110905
43,warm,1380,0.052974846214056015,0.00020824636158067733,0.9854736328125,0.0145263671875,2,533,143,0.05001087859272957,0.2540513575077057,0.2236136496067047,0.23246023058891296,0.009635522008657915,0.000349215598560174,0.0092863064100978,0.025088991053710097
43,warm,1400,0.05248254910111427,0.00020824636158067733,0.98541259765625,0.01458740234375,2,527,144,0.049503542482852936,0.2537215054035187,0.22247807681560516,0.23130685091018677,0.009363497105560725,0.00033632834967208675,0.009027168755888465,0.025070304902985563
43,warm,1420,0.052774205803871155,0.00020824636158067733,0.98504638671875,0.01495361328125,2,530,156,0.049680884927511215,0.2565419375896454,0.22288164496421814,0.2376396209001541,0.008833367887028487,0.00026441025499542546,0.008568957632033128,0.024952113243418617
43,warm,1440,0.052400290966033936,0.00020824636158067733,0.98541259765625,0.01458740234375,2,528,144,0.04942083731293678,0.25366923213005066,0.2222992181777954,0.23166051506996155,0.008592254351434292,0.00033632834967208675,0.008255926001762027,0.025085117486671415
43,warm,1460,0.05263487249612808,0.00020824636158067733,0.98480224609375,0.01519775390625,2,526,162,0.04945727810263634,0.25854068994522095,0.22238798439502716,0.2408190667629242,0.009563154097314452,0.00022153690269417466,0.009341617194620254,0.0253482696868762
43,warm,1480,0.05226682126522064,0.00020824636158067733,0.98492431640625,0.01507568359375,2,525,150,0.04917376488447189,0.2543422281742096,0.22174209356307983,0.23270690441131592,0.009179018023324659,0.00024247179703037417,0.008936546226294301,0.02495507898194982
43,warm,1500,0.052793949842453,0.00020824636158067733,0.98486328125,0.01513671875,2,525,157,0.04968760907649994,0.254906564950943,0.22289107739925385,0.23404289782047272,0.009728594428644044,0.00023187940350549198,0.009496715025138457,0.024563544095801526
43,warm,1520,0.052699122577905655,0.00020824636158067733,0.98492431640625,0.01507568359375,2,526,147,0.04959064722061157,0.25578227639198303,0.22265315055847168,0.23610226809978485,0.009723462011798745,0.00024247179703037417,0.00948099021476849,0.025220579337403515
43,warm,1540,0.051993198692798615,0.00020824636158067733,0.986083984375,0.013916015625,2,523,139,0.049206048250198364,0.24948962032794952,0.22181327641010284,0.22217942774295807,0.008348218165529886,0.0004925823885706909,0.007855635776959049,0.02609487473157268
43,warm,1560,0.05285463482141495,0.00020824636158067733,0.98565673828125,0.01434326171875,2,535,144,0.04996185377240181,0.2516442537307739,0.2235170304775238,0.22716347873210907,0.008374431228922674,0.0003894430689334316,0.00798498815998926,0.02528352830333669
43,warm,1580,0.053106363862752914,0.00020824636158067733,0.98492431640625,0.01507568359375,2,530,149,0.04999704286456108,0.2562442719936371,0.2235938310623169,0.23709091544151306,0.009752206111635076,0.00024247179703037417,0.00950973431460483,0.02495349412558634
43,warm,1600,0.05249694734811783,0.00020824636158067733,0.98468017578125,0.01531982421875,2,523,158,0.04933429881930351,0.255776047706604,0.22207795083522797,0.23607687652111053,0.009100628114730114,0.00020159763445916487,0.008899030480270851,0.024801484106066973
43,warm,1620,0.052978113293647766,0.00020824636158067733,0.984130859375,0.015869140625,2,531,159,0.049681443721055984,0.2574215829372406,0.22288161516189575,0.2395535409450531,0.009397467533027282,0.0001239852322368019,0.0092734823007906,0.02446160563042421
43,warm,1640,0.05317254364490509,0.00020824636158067733,0.98394775390625,0.01605224609375,2,530,162,0.049827221781015396,0.2582290768623352,0.22321365773677826,0.24123039841651917,0.009273934192798095,0.0001024412439107193,0.009171492948887394,0.024304959683579264
43,warm,1660,0.05276530981063843,0.00020824636158067733,0.98443603515625,0.01556396484375,2,527,155,0.04953968897461891,0.25678926706314087,0.2225738912820816,0.23825733363628387,0.008673350872605567,0.00016467485582321402,0.008508676016782533,0.024491751625393854
43,warm,1680,0.05273672193288803,0.00020824636158067733,0.98468017578125,0.01531982421875,2,527,157,0.04956215247511864,0.25678160786628723,0.2226056605577469,0.23778750002384186,0.008530831917788362,0.00020159763445916487,0.008329234283329172,0.024731522135627793
43,warm,1700,0.05298074334859848,0.00020824636158067733,0.98419189453125,0.01580810546875,2,522,163,0.04971908777952194,0.25604724884033203,0.2229745239019394,0.2367304414510727,0.009194095350004261,0.00013164243811568518,0.009062452911888298,0.02455983117463101
43,warm,1720,0.05295812338590622,0.00020824636158067733,0.984130859375,0.015869140625,2,525,161,0.04968573898077011,0.25589656829833984,0.22287173569202423,0.23639152944087982,0.008934534220507828,0.0001239852322368019,0.008810548988271246,0.024597774966170882
43,warm,1740,0.05316736549139023,0.00020824636158067733,0.98382568359375,0.01617431640625,2,530,167,0.0497896634042263,0.2586210072040558,0.22313345968723297,0.2420409619808197,0.009340573619020631,8.925936948101171e-05,0.00925131424953984,0.02426732704836676
43,warm,1760,0.05299045890569687,0.00020824636158067733,0.98419189453125,0.01580810546875,2,527,160,0.04971841722726822,0.25670337677001953,0.22297197580337524,0.23808681964874268,0.009030844943673344,0.00013164243811568518,0.008899202505557462,0.02458947098850539
43,warm,1780,0.05306965857744217,0.00020824636158067733,0.98431396484375,0.01568603515625,2,528,160,0.04981640726327896,0.2572143077850342,0.22318878769874573,0.2391529679298401,0.009553312513354228,0.00014767609110137754,0.009405636422252953,0.02423021391652791
43,warm,1800,0.05254402756690979,0.00020824636158067733,0.98468017578125,0.01531982421875,2,531,145,0.04940188676118851,0.2545050084590912,0.22222883999347687,0.23260222375392914,0.009432513616239646,0.00020159763445916487,0.009230915981780418,0.025069561023631004
43,warm,1820,0.05271385982632637,0.00020824636158067733,0.98504638671875,0.01495361328125,2,530,150,0.04963809996843338,0.25532475113868713,0.2227863073348999,0.23485969007015228,0.009257123245525634,0.00026441025499542546,0.008992712990530208,0.024800651423649733
43,warm,1840,0.05280010402202606,0.00020824636158067733,0.98486328125,0.01513671875,2,527,153,0.049672435969114304,0.2563004791736603,0.22284534573554993,0.23723551630973816,0.009860874728666147,0.00023187940350549198,0.009628995325160629,0.02486510200899128
43,warm,1860,0.05308828130364418,0.00020824636158067733,0.9847412109375,0.0152587890625,2,537,150,0.04996319115161896,0.25476881861686707,0.22351527214050293,0.23353931307792664,0.009278034282225178,0.0002114433064314943,0.009066590975793798,0.024865713749679608
43,warm,1880,0.052253417670726776,0.00020824636158067733,0.98529052734375,0.01470947265625,2,523,147,0.049280956387519836,0.25135913491249084,0.22198517620563507,0.22588352859020233,0.009624939164687873,0.00031133026326426875,0.009313608901423508,0.02543099987881059
43,warm,1900,0.05306555703282356,0.00020824636158067733,0.9847412109375,0.0152587890625,2,530,160,0.049894630908966064,0.2577042877674103,0.22337093949317932,0.23887000977993011,0.00921184181807888,0.0002114433064314943,0.00900039851164745,0.025213737361557187
43,warm,1920,0.052677467465400696,0.00020824636158067733,0.98431396484375,0.01568603515625,2,526,154,0.04943051561713219,0.25642675161361694,0.22232908010482788,0.23753826320171356,0.008947835464105935,0.00014767609110137754,0.008800159373004681,0.02484199946841026
43,warm,1940,0.052769340574741364,0.00020824636158067733,0.9842529296875,0.0157470703125,2,520,156,0.04948868602514267,0.25782310962677,0.22242403030395508,0.24037526547908783,0.010388413640804117,0.0001395390866802057,0.010248874554123794,0.02506090984454412
43,warm,1960,0.05273788049817085,0.00020824636158067733,0.984130859375,0.015869140625,2,522,158,0.04942283406853676,0.2583218514919281,0.22230789065361023,0.2413429468870163,0.010036776046227658,0.0001239852322368019,0.00991279081399103,0.02577714061837677
43,warm,1980,0.053167860954999924,0.00020824636158067733,0.98394775390625,0.01605224609375,2,524,159,0.04979529231786728,0.25989505648612976,0.2231207638978958,0.24430546164512634,0.011598742101533333,0.0001024412439107193,0.011496300857622722,0.025071052071072963
43,warm,2000,0.05292098969221115,0.00020824636158067733,0.9837646484375,0.0162353515625,2,525,161,0.04953138902783394,0.25831061601638794,0.22255022823810577,0.2413959950208664,0.009635384631302202,8.302003100521126e-05,0.009552364600296952,0.024342783443646376
44,scratch,0,0.7800021767616272,0.00020824636158067733,0.47039794921875,0.52960205078125,2,1321,1144,0.6747490763664246,0.8734890818595886,0.691622793674469,0.6733536124229431,12.443699730938725,1.4471514745507719,10.996548256387953,2.285486514738952
44,scratch,20,0.5476233959197998,0.00020824636158067733,0.5526123046875,0.4473876953125,2,1299,1085,0.4658578336238861,0.6486199498176575,0.6204186677932739,0.5887430906295776,7.830264119708055,1.121767565219694,6.708496554488361,1.862068980008846
44,scratch,40,0.37698420882225037,0.00020824636158067733,0.64080810546875,0.35919189453125,2,1206,939,0.3117075264453888,0.493439644575119,0.5419772863388062,0.5045770406723022,4.627640884964613,0.8032908509790939,3.8243500339855188,1.4946299668160665
44,scratch,60,0.2739444673061371,0.00020824636158067733,0.7352294921875,0.2647705078125,2,1071,750,0.22568413615226746,0.4079565107822418,0.47427040338516235,0.4323079288005829,2.8640681425951797,0.5002026428017782,2.363865499793402,1.2049119476293728
44,scratch,80,0.216334730386734,0.00020824636158067733,0.822998046875,0.177001953125,2,972,553,0.18394365906715393,0.3669419288635254,0.4270874559879303,0.37012341618537903,2.000608954284381,0.25995856858869415,1.7406503856956865,0.9836957925005866
44,scratch,100,0.17708714306354523,0.00020824636158067733,0.8990478515625,0.1009521484375,2,905,395,0.15757444500923157,0.35086092352867126,0.39263615012168884,0.3216807246208191,1.4570154339330301,0.09511080875086911,1.361904625182161,0.802505990360007
44,scratch,120,0.14667490124702454,0.00020824636158067733,0.94915771484375,0.05084228515625,2,834,257,0.13571786880493164,0.3512277603149414,0.3624271750450134,0.2913260757923126,1.053571269432915,0.02065892230621999,1.0329123471266952,0.6584065659705832
44,scratch,140,0.12405571341514587,0.00020824636158067733,0.97430419921875,0.02569580078125,2,783,164,0.11802034825086594,0.3528980314731598,0.33711597323417664,0.2594960927963257,0.7617527373369839,0.0015170877105010975,0.7602356496264825,0.5500206163348796
44,scratch,160,0.10796289145946503,0.00020824636158067733,0.98638916015625,0.01361083984375,2,743,105,0.10446404665708542,0.3615274131298065,0.31742969155311584,0.24014496803283691,0.5644369527801345,0.0005743751255401787,0.5638625776545944,0.4736938732027941
44,scratch,180,0.09637521207332611,0.00020824636158067733,0.99237060546875,0.00762939453125,1,704,68,0.094263456761837,0.37105706334114075,0.30253538489341736,0.23203256726264954,0.4255281744046542,0.003828207222234677,0.42169996718241953,0.42160266880157204
44,scratch,200,0.08756736665964127,0.00020824636158067733,0.99530029296875,0.00469970703125,1,683,44,0.08621382713317871,0.37421587109565735,0.2903035283088684,0.21131737530231476,0.3245326310354457,0.007017017732173234,0.3175156133032724,0.39103806292471044
44,scratch,220,0.08065479248762131,0.00020824636158067733,0.997802734375,0.002197265625,1,640,28,0.08001834154129028,0.3696746826171875,0.28051337599754333,0.19275709986686707,0.25189450729904905,0.011234503325583471,0.24066000397346549,0.38106153156761347
44,scratch,240,0.0749606043100357,0.00020824636158067733,0.99896240234375,0.00103759765625,1,617,16,0.07466959953308105,0.3551437556743622,0.2714496850967407,0.1467534899711609,0.19694283677400648,0.014068399417319617,0.18287443735668674,0.38324554210769046
44,scratch,260,0.0709068551659584,0.00020824636158067733,0.9991455078125,0.0008544921875,1,594,12,0.07065252214670181,0.36829304695129395,0.26457664370536804,0.1405780166387558,0.16095183795570023,0.014610383529989673,0.14634145442571053,0.3901410032565057
44,scratch,280,0.0671447291970253,0.00020824636158067733,0.99932861328125,0.00067138671875,1,571,9,0.06694406270980835,0.36582109332084656,0.2577863931655884,0.12473274022340775,0.13091411816295562,0.015191944022463667,0.11572217414049195,0.40515111909983015
44,scratch,300,0.0644405409693718,0.00020824636158067733,0.999755859375,0.000244140625,1,560,4,0.06436532735824585,0.37242817878723145,0.2531076669692993,0.14538578689098358,0.10864728982434002,0.016782908639644593,0.09186438118469527,0.42229909433874335
44,scratch,320,0.06189393252134323,0.00020824636158067733,0.99981689453125,0.00018310546875,1,545,3,0.06183575466275215,0.37957802414894104,0.24818655848503113,0.1452663689851761,0.09439144948574807,0.01705455310467452,0.07733689638107359,0.4462907771673802
44,scratch,340,0.06013084948062897,0.00020824636158067733,0.9998779296875,0.0001220703125,1,533,2,0.060093361884355545,0.36722204089164734,0.24486114084720612,0.020408183336257935,0.08153617296940041,0.017346940924191843,0.06418923204520849,0.46216367322697105
44,scratch,360,0.05841261148452759,0.00020824636158067733,0.9998779296875,0.0001220703125,1,517,2,0.058374907821416855,0.36722204089164734,0.24140329658985138,0.020408183336257935,0.07074563558872882,0.017346940924191843,0.053398694664536846,0.47925192908653325
44,scratch,380,0.0570150725543499,0.00020824636158067733,1.0,0.0,1,506,0,0.0570150725543499,nan,0.23863430321216583,nan,0.06447250306538166,0.01808021349759864,0.046392289567783074,0.49340198443744365
44,scratch,400,0.055760759860277176,0.00020824636158067733,1.0,0.0,1,497,0,0.055760759860277176,nan,0.2360195517539978,nan,0.05958840387048525,0.01808021349759864,0.041508190372886666,0.511969269683252
44,scratch,420,0.05495462194085121,0.00020824636158067733,1.0,0.0,1,495,0,0.05495462194085121,nan,0.23436616361141205,nan,0.056556606359855266,0.01808021349759864,0.03847639286225668,0.5254197454785047
44,scratch,440,0.054015275090932846,0.00020824636158067733,1.0,0.0,1,487,0,0.054015275090932846,nan,0.23236332833766937,nan,0.054053969994320994,0.01808021349759864,0.03597375649672241,0.5414509010158529
44,scratch,460,0.053160879760980606,0.00020824636158067733,1.0,0.0,1,474,0,0.053160879760980606,nan,0.23052597045898438,nan,0.05141120997014781,0.01808021349759864,0.033330996472549224,0.5558680975452465
44,scratch,480,0.052643317729234695,0.00020824636158067733,1.0,0.0,1,470,0,0.052643317729234695,nan,0.22941695153713226,nan,0.04948161717785382,0.01808021349759864,0.031401403680255235,0.5643019470814782
44,scratch,500,0.051930829882621765,0.00020824636158067733,1.0,0.0,1,465,0,0.051930829882621765,nan,0.22786134481430054,nan,0.047297146709944116,0.01808021349759864,0.02921693321234553,0.5756971716479914
44,scratch,520,0.05148143693804741,0.00020824636158067733,1.0,0.0,1,466,0,0.05148143693804741,nan,0.2268802970647812,nan,0.047651633431279095,0.01808021349759864,0.02957141993368051,0.5877042020226529
44,scratch,540,0.051142171025276184,0.00020824636158067733,1.0,0.0,1,460,0,0.051142171025276184,nan,0.22612927854061127,nan,0.04652219286818848,0.01808021349759864,0.028441979370589898,0.5931905199620108
44,scratch,560,0.05086498335003853,0.00020824636158067733,1.0,0.0,1,459,0,0.05086498335003853,nan,0.22551403939723969,nan,0.045961178497428534,0.01808021349759864,0.02788096499982995,0.6005400167930223
44,scratch,580,0.05048464238643646,0.00020824636158067733,1.0,0.0,1,460,0,0.05048464238643646,nan,0.22468213737010956,nan,0.046591145605098916,0.01808021349759864,0.02851093210750033,0.60906367688651
44,scratch,600,0.05014532431960106,0.00020824636158067733,1.0,0.0,1,456,0,0.05014532431960106,nan,0.22392603754997253,nan,0.04572880735960183,0.01808021349759864,0.027648593862003246,0.6161481854948964
44,scratch,620,0.04988521710038185,0.00020824636158067733,1.0,0.0,1,454,0,0.04988521710038185,nan,0.22334744036197662,nan,0.04577372928198287,0.01808021349759864,0.02769351578438428,0.6198241611861907
44,scratch,640,0.04968851059675217,0.00020824636158067733,1.0,0.0,1,450,0,0.04968851059675217,nan,0.22290724515914917,nan,0.04567279064959706,0.01808021349759864,0.027592577151998476,0.6205132658439855
44,scratch,660,0.04962369054555893,0.00020824636158067733,1.0,0.0,1,448,0,0.04962369054555893,nan,0.22276011109352112,nan,0.04486517897040443,0.01808021349759864,0.026784965472805844,0.6156990466922455
44,scratch,680,0.04933949187397957,0.00020824636158067733,1.0,0.0,1,447,0,0.04933949187397957,nan,0.22211825847625732,nan,0.04564019681875919,0.01808021349759864,0.027559983321160608,0.6193680599542152
44,scratch,700,0.04929861053824425,0.00020824636158067733,1.0,0.0,1,446,0,0.04929861053824425,nan,0.2220255732536316,nan,0.044713424839038396,0.01808021349759864,0.02663321134143981,0.6221854293987438
44,scratch,720,0.04922941327095032,0.00020824636158067733,1.0,0.0,1,449,0,0.04922941327095032,nan,0.22187301516532898,nan,0.04442052364921523,0.01808021349759864,0.02634031015161664,0.61926831459343
44,scratch,740,0.04922056943178177,0.00020824636158067733,1.0,0.0,1,451,0,0.04922056943178177,nan,0.22184745967388153,nan,0.04387667782449256,0.01808021349759864,0.025796464326893975,0.6092612410145396
44,scratch,760,0.04900261387228966,0.00020824636158067733,1.0,0.0,1,451,0,0.04900261387228966,nan,0.22136366367340088,nan,0.043515911966288456,0.01808021349759864,0.02543569846868987,0.6083284690982712
44,scratch,780,0.04900876432657242,0.00020824636158067733,1.0,0.0,1,455,0,0.04900876432657242,nan,0.2213728278875351,nan,0.043345705824513914,0.01808021349759864,0.02526549232691533,0.6013034243012246
44,scratch,800,0.049035508185625076,0.00020824636158067733,1.0,0.0,1,456,0,0.049035508185625076,nan,0.221435546875,nan,0.04302209528415091,0.01808021349759864,0.024941881786552322,0.5985830746001032
44,scratch,820,0.049013540148735046,0.00020824636158067733,1.0,0.0,1,459,0,0.049013540148735046,nan,0.2213769555091858,nan,0.043124211537552526,0.01808021349759864,0.02504399803995394,0.5911678046693144
44,scratch,840,0.04908553510904312,0.00020824636158067733,1.0,0.0,1,460,0,0.04908553510904312,nan,0.22152769565582275,nan,0.04290433765000756,0.01808021349759864,0.024824124152408977,0.5807751191029841
44,scratch,860,0.04875776171684265,0.00020824636158067733,1.0,0.0,1,456,0,0.04875776171684265,nan,0.22081109881401062,nan,0.042541111688670696,0.01808021349759864,0.02446089819107211,0.5780339362979451
44,scratch,880,0.048902761191129684,0.00020824636158067733,1.0,0.0,1,456,0,0.048902761191129684,nan,0.2211376279592514,nan,0.0423688174125445,0.01808021349759864,0.024288603914945917,0.5663298387014241
44,scratch,900,0.04887169599533081,0.00020824636158067733,1.0,0.0,1,457,0,0.04887169599533081,nan,0.22106726467609406,nan,0.042193492838315194,0.01808021349759864,0.02411327934071661,0.5593858978834053
44,scratch,920,0.048946380615234375,0.00020824636158067733,1.0,0.0,1,457,0,0.048946380615234375,nan,0.22122424840927124,nan,0.04176009388194046,0.01808021349759864,0.023679880384341878,0.5516917942811436
44,scratch,940,0.048742253333330154,0.00020824636158067733,1.0,0.0,1,459,0,0.048742253333330154,nan,0.22077572345733643,nan,0.041910784413822455,0.01808021349759864,0.02383057091622387,0.5479604461804432
44,scratch,960,0.04877682402729988,0.00020824636158067733,1.0,0.0,1,454,0,0.04877682402729988,nan,0.2208523154258728,nan,0.04147080458661634,0.01808021349759864,0.023390591089017754,0.5404441263460488
44,scratch,980,0.0489533469080925,0.00020824636158067733,1.0,0.0,1,457,0,0.0489533469080925,nan,0.22124271094799042,nan,0.040778367823996575,0.01808021349759864,0.02269815432639799,0.5236404031536243
44,scratch,1000,0.049044400453567505,0.00020824636158067733,1.0,0.0,1,458,0,0.049044400453567505,nan,0.22144395112991333,nan,0.04079683321489114,0.01808021349759864,0.022716619717292552,0.5116541733811776
44,scratch,1020,0.048759687691926956,0.00020824636158067733,1.0,0.0,1,457,0,0.048759687691926956,nan,0.22081170976161957,nan,0.04027122475982736,0.01808021349759864,0.022191011262228777,0.5045698567925886
44,scratch,1040,0.04886447265744209,0.00020824636158067733,1.0,0.0,1,457,0,0.04886447265744209,nan,0.22104531526565552,nan,0.04064719002800388,0.01808021349759864,0.02256697653040529,0.49523290639692485
44,scratch,1060,0.0488908626139164,0.00020824636158067733,1.0,0.0,1,458,0,0.0488908626139164,nan,0.22111059725284576,nan,0.04099449449150683,0.01808021349759864,0.022914280993908243,0.4875763418246809
44,scratch,1080,0.04879731684923172,0.00020824636158067733,1.0,0.0,1,460,0,0.04879731684923172,nan,0.22090090811252594,nan,0.040556478488916525,0.01808021349759864,0.02247626499131794,0.4794125163468582
44,scratch,1100,0.048873525112867355,0.00020824636158067733,1.0,0.0,1,460,0,0.048873525112867355,nan,0.22105984389781952,nan,0.04015414874466927,0.01808021349759864,0.022073935247070686,0.4707166285668084
44,scratch,1120,0.04886351153254509,0.00020824636158067733,1.0,0.0,1,460,0,0.04886351153254509,nan,0.22103677690029144,nan,0.03983620055097248,0.01808021349759864,0.021755987053373893,0.4610593877739323
44,scratch,1140,0.04901430383324623,0.00020824636158067733,1.0,0.0,1,462,0,0.04901430383324623,nan,0.22135134041309357,nan,0.03960850652239145,0.01808021349759864,0.021528293024792866,0.45110919626378954
44,scratch,1160,0.04882959648966789,0.00020824636158067733,1.0,0.0,1,463,0,0.04882959648966789,nan,0.2209535837173462,nan,0.03898682075688242,0.01808021349759864,0.020906607259283838,0.4424734606443256
44,scratch,1180,0.048835594207048416,0.00020824636158067733,1.0,0.0,1,467,0,0.048835594207048416,nan,0.22097943723201752,nan,0.03914937425016518,0.01808021349759864,0.021069160752566596,0.43281899235509835
44,scratch,1200,0.04881633073091507,0.00020824636158067733,1.0,0.0,1,462,0,0.04881633073091507,nan,0.22093196213245392,nan,0.03866477977881999,0.01808021349759864,0.020584566281221406,0.4250513041194811
44,scratch,1220,0.04889284446835518,0.00020824636158067733,1.0,0.0,1,462,0,0.04889284446835518,nan,0.2210852950811386,nan,0.03893802885450981,0.01808021349759864,0.020857815356911225,0.41348440501380745
44,scratch,1240,0.04904913157224655,0.00020824636158067733,1.0,0.0,1,464,0,0.04904913157224655,nan,0.22144834697246552,nan,0.038682314247317606,0.01808021349759864,0.02060210074971902,0.40012412082498694
44,scratch,1260,0.049134187400341034,0.00020824636158067733,1.0,0.0,1,467,0,0.049134187400341034,nan,0.22163337469100952,nan,0.038180922922229854,0.01808021349759864,0.02010070942463127,0.39086787196785944
44,scratch,1280,0.04893184453248978,0.00020824636158067733,1.0,0.0,1,470,0,0.04893184453248978,nan,0.22118782997131348,nan,0.03835591646949155,0.01808021349759864,0.02027570297189296,0.38494310486632666
44,scratch,1300,0.04891074076294899,0.00020824636158067733,1.0,0.0,1,466,0,0.04891074076294899,nan,0.221150740981102,nan,0.03856516993274539,0.01808021349759864,0.020484956435146806,0.38267260175846085
44,scratch,1320,0.04868907108902931,0.00020824636158067733,1.0,0.0,1,463,0,0.04868907108902931,nan,0.220652773976326,nan,0.038029794421355234,0.01808021349759864,0.01994958092375665,0.37899439115492195
44,scratch,1340,0.04874388128519058,0.00020824636158067733,1.0,0.0,1,462,0,0.04874388128519058,nan,0.22077640891075134,nan,0.03777941784957051,0.01808021349759864,0.019699204351971922,0.36450368620055296
44,scratch,1360,0.04899574816226959,0.00020824636158067733,0.99993896484375,6.103515625e-05,1,465,1,0.048975031822919846,0.38846319913864136,0.22130180895328522,0.0,0.038439021104032634,0.017671269001666674,0.02076775210236575,0.35493254329842083
44,scratch,1380,0.04890911653637886,0.00020824636158067733,0.99993896484375,6.103515625e-05,1,465,1,0.04888839274644852,0.38846319913864136,0.22110557556152344,0.0,0.03746278286435967,0.017671269001666674,0.019791513862692928,0.3467574182147676
44,scratch,1400,0.04902869835495949,0.00020824636158067733,0.99993896484375,6.103515625e-05,1,469,1,0.04900797829031944,0.38846319913864136,0.22137248516082764,0.0,0.037697278516326094,0.017671269001666674,0.020026009514659247,0.34182473374741884
44,scratch,1420,0.04904694855213165,0.00020824636158067733,0.99993896484375,6.103515625e-05,1,470,1,0.049026232212781906,0.38846319913864136,0.22140753269195557,0.0,0.03865409616283699,0.017671269001666674,0.020982827161170316,0.3409573442338317
44,scratch,1440,0.04891364276409149,0.00020824636158067733,0.99993896484375,6.103515625e-05,1,468,1,0.04889291897416115,0.38846319913864136,0.2211138755083084,0.0,0.03779784306990308,0.017671269001666674,0.020126574068236237,0.3322640412813801
44,scratch,1460,0.04885884001851082,0.00020824636158067733,0.99993896484375,6.103515625e-05,1,465,1,0.04883887246251106,0.37596839666366577,0.22099103033542633,0.0,0.037510775008023245,0.017671269001666674,0.01983950600635643,0.3227766375355007
44,scratch,1480,0.049088794738054276,0.00020824636158067733,0.99993896484375,6.103515625e-05,1,467,1,0.04906807839870453,0.38846319913864136,0.22148440778255463,0.0,0.0372634443776505,0.017671269001666674,0.01959217537598362,0.3223157073450441
44,scratch,1500,0.049195509403944016,0.00020824636158067733,0.99993896484375,6.103515625e-05,1,469,1,0.04917556419968605,0.37596839666366577,0.2217157632112503,0.0,0.037786283035721624,0.017671269001666674,0.020115014034054805,0.3159861119499713
44,scratch,1520,0.04885975271463394,0.00020824636158067733,0.99993896484375,6.103515625e-05,1,467,1,0.048839785158634186,0.37596839666366577,0.22099636495113373,0.0,0.03684475230712536,0.017671269001666674,0.019173483305458577,0.3164302595621141
44,scratch,1540,0.04884196072816849,0.00020824636158067733,0.99993896484375,6.103515625e-05,1,466,1,0.04882198944687843,0.37596839666366577,0.22094950079917908,0.0,0.03678400511144986,0.017671269001666674,0.01911273610978299,0.3122438039724532
44,scratch,1560,0.04898136481642723,0.00020824636158067733,0.99993896484375,6.103515625e-05,1,470,1,0.04896140843629837,0.37596839666366577,0.221265509724617,0.0,0.037244086088513484,0.017671269001666674,0.01957281708684659,0.30638129769861033
44,scratch,1580,0.04894516244530678,0.00020824636158067733,0.99993896484375,6.103515625e-05,1,465,1,0.04892520606517792,0.37596839666366577,0.22118346393108368,0.0,0.03698163243844732,0.017671269001666674,0.01931036343678044,0.305692409245896
44,scratch,1600,0.04872512444853783,0.00020824636158067733,0.99993896484375,6.103515625e-05,1,468,1,0.048705149441957474,0.37596839666366577,0.22068898379802704,0.0,0.03704004047923348,0.017671269001666674,0.019368771477566618,0.30892528055912616
44,scratch,1620,0.04894440621137619,0.00020824636158067733,0.99993896484375,6.103515625e-05,1,469,1,0.04892444610595703,0.37596839666366577,0.22118599712848663,0.0,0.036377405609719915,0.017671269001666674,0.01870613660805318,0.3032973398373745
44,scratch,1640,0.048890456557273865,0.00020824636158067733,0.99993896484375,6.103515625e-05,1,468,1,0.048870500177145004,0.37596839666366577,0.22105632722377777,0.0,0.036539041844854125,0.017671269001666674,0.018867772843187247,0.29931061789895674
44,scratch,1660,0.04904572665691376,0.00020824636158067733,0.99993896484375,6.103515625e-05,1,469,1,0.04902765527367592,0.34514790773391724,0.22142177820205688,0.0,0.03664764024889422,0.017671269001666674,0.01897637124722742,0.2868656577636305
44,scratch,1680,0.04913846030831337,0.00020824636158067733,0.99993896484375,6.103515625e-05,1,475,1,0.049120400100946426,0.34514790773391724,0.22162240743637085,0.0,0.03679963701161881,0.017671269001666674,0.01912836800995193,0.2841936364936576
44,scratch,1700,0.04907740280032158,0.00020824636158067733,0.99993896484375,6.103515625e-05,1,473,1,0.04905933141708374,0.34514790773391724,0.22148533165454865,0.0,0.03672686672526737,0.017671269001666674,0.01905559772360061,0.28341211610015515
44,scratch,1720,0.04914654791355133,0.00020824636158067733,0.99993896484375,6.103515625e-05,1,472,1,0.04912848398089409,0.34514790773391724,0.22161172330379486,0.0,0.036226031152374105,0.017671269001666674,0.018554762150707425,0.28485425365281325
44,scratch,1740,0.048913292586803436,0.00020824636158067733,0.99993896484375,6.103515625e-05,1,472,1,0.048895206302404404,0.34514790773391724,0.22110532224178314,0.0,0.0364182467312375,0.017671269001666674,0.01874697772957083,0.28540769354069406
44,scratch,1760,0.049142785370349884,0.00020824636158067733,0.99993896484375,6.103515625e-05,1,474,1,0.049124713987112045,0.34514790773391724,0.2216179519891739,0.0,0.03657905861492594,0.017671269001666674,0.01890778961325919,0.27987583419664797
44,scratch,1780,0.04905152693390846,0.00020824636158067733,0.99993896484375,6.103515625e-05,1,472,1,0.049033455550670624,0.34514790773391724,0.22140397131443024,0.0,0.03643199164090305,0.017671269001666674,0.018760722639236293,0.2796549501588036
44,scratch,1800,0.04917684942483902,0.00020824636158067733,0.99993896484375,6.103515625e-05,1,477,1,0.04915878176689148,0.34514790773391724,0.22167757153511047,0.0,0.03619140919928299,0.017671269001666674,0.018520140197616275,0.27857070641104864
44,scratch,1820,0.048704735934734344,0.00020824636158067733,0.99993896484375,6.103515625e-05,1,474,1,0.048686642199754715,0.34514790773391724,0.22064778208732605,0.0,0.03626060544066689,0.017671269001666674,0.01858933643900014,0.2819123424057782
44,scratch,1840,0.04886595532298088,0.00020824636158067733,0.99993896484375,6.103515625e-05,1,473,1,0.04884786903858185,0.34514790773391724,0.22101496160030365,0.0,0.036300524174485815,0.017671269001666674,0.018629255172819083,0.2783254488828991
44,scratch,1860,0.048804737627506256,0.00020824636158067733,0.99993896484375,6.103515625e-05,1,476,1,0.048786651343107224,0.34514790773391724,0.22087660431861877,0.0,0.03630891867961594,0.017671269001666674,0.018637649677949102,0.2795712425001714
44,scratch,1880,0.04896458983421326,0.00020824636158067733,0.99993896484375,6.103515625e-05,1,473,1,0.04894651100039482,0.34514790773391724,0.22122234106063843,0.0,0.03593963608019379,0.017671269001666674,0.01826836707852699,0.2805354480449044
44,scratch,1900,0.04905625432729721,0.00020824636158067733,0.99993896484375,6.103515625e-05,1,473,1,0.049038179218769073,0.34514790773391724,0.22141088545322418,0.0,0.03598039720255741,0.017671269001666674,0.018309128200890597,0.2766410164992724
44,scratch,1920,0.04906347393989563,0.00020824636158067733,0.99993896484375,6.103515625e-05,1,475,1,0.04904540628194809,0.34514790773391724,0.22145220637321472,0.0,0.036171455780468875,0.017671269001666674,0.018500186778801987,0.27446755265620804
44,scratch,1940,0.048927679657936096,0.00020824636158067733,0.99993896484375,6.103515625e-05,1,474,1,0.048909593373537064,0.34514790773391724,0.22114983201026917,0.0,0.03589857439529709,0.017671269001666674,0.018227305393630384,0.2744942293072402
44,scratch,1960,0.049343254417181015,0.00020824636158067733,0.99993896484375,6.103515625e-05,1,477,1,0.04932519793510437,0.34514790773391724,0.22206750512123108,0.0,0.036398354990716086,0.017671269001666674,0.018727085989049274,0.2674615010261935
44,scratch,1980,0.04907470941543579,0.00020824636158067733,0.99993896484375,6.103515625e-05,1,474,1,0.049056634306907654,0.34514790773391724,0.22148315608501434,0.0,0.03587763181004533,0.017671269001666674,0.01820636280837849,0.2655958006004969
44,scratch,2000,0.04908085986971855,0.00020824636158067733,0.99993896484375,6.103515625e-05,1,478,1,0.04906278848648071,0.34514790773391724,0.22148622572422028,0.0,0.03630089449162455,0.017671269001666674,0.01862962548995775,0.26729239625339896
44,mle,0,0.7800021767616272,0.00020824636158067733,0.47039794921875,0.52960205078125,2,1321,1144,0.6747490763664246,0.8734890818595886,0.691622793674469,0.6733536124229431,12.443699730938725,1.4471514745507719,10.996548256387953,2.285486514738952
44,mle,100,0.05614732205867767,0.00020824636158067733,0.9864501953125,0.0135498046875,2,532,148,0.05268864706158638,0.3079448640346527,0.22891029715538025,0.3063763380050659,0.0419280741409338,0.0005915612523186681,0.041336512888615055,0.05512194182731245
44,mle,200,0.057065773755311966,0.00020824636158067733,0.98577880859375,0.01422119140625,2,554,148,0.05373086780309677,0.28823310136795044,0.231447234749794,0.2858847379684448,0.02928853682552557,0.00041757708604580647,0.028870959739479764,0.04537843170030309
44,mle,300,0.054064325988292694,0.00020824636158067733,0.9854736328125,0.0145263671875,2,536,153,0.050690121948719025,0.2829713821411133,0.22483809292316437,0.285371333360672,0.022243912266468158,0.000349215598560174,0.021894696667907942,0.037987077427462546
44,mle,400,0.054224882274866104,0.00020824636158067733,0.9842529296875,0.0157470703125,2,533,168,0.05062808468937874,0.2790384590625763,0.22483722865581512,0.266463041305542,0.018466408830327907,0.0001395390866802057,0.018326869743647587,0.03342869383115821
44,mle,500,0.054578833281993866,0.00020824636158067733,0.98309326171875,0.01690673828125,2,533,170,0.05072971433401108,0.27839767932891846,0.22477278113365173,0.27573251724243164,0.020759182283846656,2.9595436466173632e-05,0.020729586847380407,0.034648331042919644
44,mle,600,0.054880451411008835,0.00020824636158067733,0.9827880859375,0.0172119140625,2,535,182,0.050951238721609116,0.2792356014251709,0.22552192211151123,0.27909255027770996,0.01697368008918687,1.4342242928365662e-05,0.016959337846258284,0.030653651018585415
44,mle,700,0.05398929864168167,0.00020824636158067733,0.98284912109375,0.01715087890625,2,535,188,0.04993431642651558,0.28636452555656433,0.22302202880382538,0.29257717728614807,0.01982097195305954,1.694932961073751e-05,0.01980402262344884,0.03254937181984341
44,mle,800,0.05542433261871338,0.00020824636158067733,0.9818115234375,0.0181884765625,2,552,186,0.05138402804732323,0.2735194265842438,0.22667744755744934,0.269785612821579,0.014509710345201654,2.0723988331725865e-06,0.014507637946368453,0.030192556929907632
44,mle,900,0.05448406934738159,0.00020824636158067733,0.982421875,0.017578125,2,529,179,0.05057534575462341,0.2729383707046509,0.22445568442344666,0.2695336639881134,0.02237647261809883,3.2979323590162516e-06,0.02237317468573989,0.034238345965352246
44,mle,1000,0.054393038153648376,0.00020824636158067733,0.9827880859375,0.0172119140625,2,541,175,0.05064917728304863,0.26816457509994507,0.22497373819351196,0.2594911754131317,0.011858684498484706,1.4342242928365662e-05,0.011844342255556174,0.026995939552509562
44,mle,1100,0.05434230715036392,0.00020824636158067733,0.98388671875,0.01611328125,2,546,161,0.05086404085159302,0.2667272388935089,0.22548143565654755,0.24982157349586487,0.014089035648986226,9.573281638247861e-05,0.013993302832603496,0.029666750365069938
44,mle,1200,0.05493089556694031,0.00020824636158067733,0.98077392578125,0.01922607421875,2,547,194,0.050486162304878235,0.2816689908504486,0.2244473099708557,0.2802717685699463,0.017185913238982664,4.751598148892717e-05,0.01713839725749379,0.03144327265247038
44,mle,1300,0.05581163242459297,0.00020824636158067733,0.98382568359375,0.01617431640625,2,545,170,0.052358441054821014,0.2658569812774658,0.22835414111614227,0.25468629598617554,0.016899862436012825,8.925936948101171e-05,0.016810603066531732,0.033416880506340285
44,mle,1400,0.05299384146928787,0.00020824636158067733,0.98388671875,0.01611328125,2,533,174,0.049287255853414536,0.2793198525905609,0.22136332094669342,0.2740476727485657,0.020671988510194694,9.573281638247861e-05,0.020576255693812037,0.03288578785643248
44,mle,1500,0.05509931594133377,0.00020824636158067733,0.9810791015625,0.0189208984375,2,529,196,0.05083544924855232,0.27618733048439026,0.22496297955513,0.2738092541694641,0.020527270819194143,2.8084097143130397e-05,0.020499186722050932,0.03520267588530468
44,mle,1600,0.05408588796854019,0.00020824636158067733,0.98114013671875,0.01885986328125,2,524,178,0.049948278814554214,0.2693352997303009,0.2230386734008789,0.26156580448150635,0.021113564653397532,2.479725625097271e-05,0.02108876739714649,0.03146733863897888
44,mle,1700,0.05598536878824234,0.00020824636158067733,0.97821044921875,0.02178955078125,2,532,199,0.051218267530202866,0.26999709010124207,0.22602811455726624,0.26190856099128723,0.02176805854124808,0.0003987212873747298,0.02136933725387321,0.03202382278752547
44,mle,1800,0.05390753597021103,0.00020824636158067733,0.98297119140625,0.01702880859375,2,547,169,0.050282228738069534,0.263174831867218,0.2241753339767456,0.2494797259569168,0.012140731451118825,2.282727163631479e-05,0.01211790417948259,0.025481388424598017
44,mle,1900,0.05314956605434418,0.00020824636158067733,0.9820556640625,0.0179443359375,2,527,177,0.04927501827478409,0.265195369720459,0.22108127176761627,0.2522633373737335,0.023516978995949955,2.0078355873221903e-08,0.023516958917594033,0.03572811253318131
44,mle,2000,0.05386848747730255,0.00020824636158067733,0.98358154296875,0.01641845703125,2,537,175,0.05013971030712128,0.2772486209869385,0.22368790209293365,0.26911604404449463,0.015024889748211478,6.569804208159894e-05,0.014959191706129717,0.02822689601518713
44,mle,2100,0.053947340697050095,0.00020824636158067733,0.98358154296875,0.01641845703125,2,532,160,0.05049099773168564,0.2610069811344147,0.22440139949321747,0.24246016144752502,0.014048154444218142,6.569804208159894e-05,0.013982456402136354,0.029933872473268175
44,mle,2200,0.05433349683880806,0.00020824636158067733,0.98095703125,0.01904296875,2,534,181,0.05020524933934212,0.2669912874698639,0.22387003898620605,0.2541051208972931,0.015877955833467183,3.5259201314548306e-05,0.015842696632152764,0.027697423131687438
44,mle,2300,0.05711562931537628,0.00020824636158067733,0.98175048828125,0.01824951171875,2,555,173,0.05328306555747986,0.2632923424243927,0.22895675897598267,0.24902033805847168,0.03139533806844241,3.10873486873925e-06,0.03139222933357351,0.05105293230073793
44,mle,2400,0.05316818132996559,0.00020824636158067733,0.98260498046875,0.01739501953125,2,527,169,0.04941461235284805,0.2651987075805664,0.22207829356193542,0.2530752718448639,0.01238918322652438,7.839296277005687e-06,0.012381343930247491,0.028667404775407967
44,mle,2500,0.053618479520082474,0.00020824636158067733,0.98321533203125,0.01678466796875,2,530,164,0.050060782581567764,0.26202189922332764,0.22363419830799103,0.2452639788389206,0.012581497343681747,3.726014047560934e-05,0.012544237203206195,0.026689225990341847
44,mle,2600,0.05556812137365341,0.00020824636158067733,0.9835205078125,0.0164794921875,2,545,176,0.05190374329686165,0.27426382899284363,0.22781409323215485,0.27068376541137695,0.012819353913265275,6.038654539865522e-05,0.01275896736786668,0.026177258769823575
44,mle,2700,0.054150890558958054,0.00020824636158067733,0.98260498046875,0.01739501953125,2,540,176,0.05028630048036575,0.2724529802799225,0.2241612672805786,0.2688009738922119,0.012505229358986014,7.839296277005687e-06,0.012497390062709066,0.026145763157476076
44,mle,2800,0.05463559925556183,0.00020824636158067733,0.9827880859375,0.0172119140625,2,542,163,0.05092563107609749,0.2664720118045807,0.22557824850082397,0.24802161753177643,0.013488734286703163,1.4342242928365662e-05,0.013474392043774631,0.028988165417760947
44,mle,2900,0.054560743272304535,0.00020824636158067733,0.9805908203125,0.0194091796875,2,519,183,0.05030055344104767,0.2697940468788147,0.22403113543987274,0.2631073594093323,0.02058868728655483,6.15508344869336e-05,0.020527136452068058,0.03176897313889848
44,mle,3000,0.05678033083677292,0.00020824636158067733,0.981689453125,0.018310546875,2,560,192,0.05248092859983444,0.28728583455085754,0.2290113866329193,0.28574687242507935,0.019753047330787865,4.352996780999376e-06,0.019748694334006965,0.02966742552300483
44,mle,3100,0.05366852134466171,0.00020824636158067733,0.98187255859375,0.01812744140625,2,527,185,0.04963819310069084,0.2719712555408478,0.22276298701763153,0.26678478717803955,0.01271380853741988,1.2446734454653178e-06,0.0127125638639745,0.026013069859547877
44,mle,3200,0.05712432041764259,0.00020824636158067733,0.981201171875,0.018798828125,2,545,182,0.0528290756046772,0.28131353855133057,0.22977448999881744,0.2787475883960724,0.020458117396820796,2.1711737380420175e-05,0.02043640565944021,0.029802391968334896
44,mle,3300,0.05387556925415993,0.00020824636158067733,0.9827880859375,0.0172119140625,2,534,179,0.050074491649866104,0.27091461420059204,0.22370444238185883,0.264594167470932,0.011421378360147116,1.4342242928365662e-05,0.011407036117218557,0.025054794293030036
44,mle,3400,0.05552997067570686,0.00020824636158067733,0.980712890625,0.019287109375,2,547,184,0.051344048231840134,0.26837605237960815,0.22612586617469788,0.25791820883750916,0.020405444527760608,5.199752074048114e-05,0.020353447007020162,0.03342051967112847
44,mle,3500,0.053188666701316833,0.00020824636158067733,0.98199462890625,0.01800537109375,2,526,171,0.049350034445524216,0.26254385709762573,0.22195911407470703,0.24790073931217194,0.012757347722264,2.1781680963674785e-07,0.012757129905454474,0.025920733548193575
44,mle,3600,0.054170481860637665,0.00020824636158067733,0.9818115234375,0.0181884765625,2,518,180,0.050208911299705505,0.2680155634880066,0.22362273931503296,0.25819873809814453,0.018460374216566322,2.0723988331725865e-06,0.018458301817733058,0.029649733413609547
44,mle,3700,0.05409780144691467,0.00020824636158067733,0.982177734375,0.017822265625,2,546,176,0.05029239505529404,0.2638118863105774,0.2241317629814148,0.25101131200790405,0.010789721731462976,2.594987545213379e-07,0.010789462232708484,0.02808567068197798
44,mle,3800,0.05509603023529053,0.00020824636158067733,0.9814453125,0.0185546875,2,530,185,0.05104086920619011,0.2695927023887634,0.2257271707057953,0.2628863453865051,0.013424590419354843,1.1395766658824406e-05,0.013413194652696137,0.027235714661148713
44,mle,3900,0.05288764089345932,0.00020824636158067733,0.98199462890625,0.01800537109375,2,522,171,0.04907972365617752,0.2605672776699066,0.22106201946735382,0.24515321850776672,0.017624825028370594,2.1781680963674785e-07,0.017624607211561054,0.029273204498824534
44,mle,4000,0.055444568395614624,0.00020824636158067733,0.98248291015625,0.01751708984375,2,541,175,0.05163677781820297,0.26901233196258545,0.22712832689285278,0.26096877455711365,0.01376693243965832,4.59501435601771e-06,0.013762337425302099,0.02647677851993857
44,mle,4100,0.055877022445201874,0.00020824636158067733,0.98187255859375,0.01812744140625,2,552,180,0.05185965821146965,0.2734774053096771,0.2276734858751297,0.27052050828933716,0.013778882159577677,1.2446734454653178e-06,0.013777637486132154,0.02645003924473921
44,mle,4200,0.05526584014296532,0.00020824636158067733,0.9814453125,0.0185546875,2,537,176,0.051359713077545166,0.2618793845176697,0.22635118663311005,0.24631698429584503,0.018536102936387522,1.1395766658824406e-05,0.018524707169728857,0.029419183266074733
44,mle,4300,0.054242219775915146,0.00020824636158067733,0.98175048828125,0.01824951171875,2,523,187,0.050097618252038956,0.27720513939857483,0.22360318899154663,0.2715020477771759,0.01576375401801755,3.10873486873925e-06,0.015760645283148723,0.02896088777262984
44,mle,4400,0.05584253743290901,0.00020824636158067733,0.98199462890625,0.01800537109375,2,542,174,0.05199572071433067,0.26564428210258484,0.2275899350643158,0.2555885314941406,0.014749384623620188,2.1781680963674785e-07,0.014749166806810746,0.029207957021501252
44,mle,4500,0.05295579880475998,0.00020824636158067733,0.98095703125,0.01904296875,2,521,175,0.04893488436937332,0.26008448004722595,0.22120122611522675,0.24022796750068665,0.011239475410739885,3.5259201314548306e-05,0.011204216209425443,0.026116202593332027
44,mle,4600,0.05418479070067406,0.00020824636158067733,0.98095703125,0.01904296875,2,521,186,0.05009184777736664,0.2650236487388611,0.22369472682476044,0.25460776686668396,0.013905956722929602,3.5259201314548306e-05,0.013870697521614996,0.0274977867236178
44,mle,4700,0.05317404866218567,0.00020824636158067733,0.981689453125,0.018310546875,2,517,185,0.04914582893252373,0.2691406309604645,0.22161677479743958,0.2604886293411255,0.012943114779965015,4.352996780999376e-06,0.012938761783183924,0.02738243783162242
44,mle,4800,0.05377105996012688,0.00020824636158067733,0.98077392578125,0.01922607421875,2,526,184,0.049629490822553635,0.2650436758995056,0.22240200638771057,0.2540026009082794,0.02073513984961295,4.751598148892717e-05,0.02068762386812404,0.03190070552293245
44,mle,4900,0.05415748804807663,0.00020824636158067733,0.9815673828125,0.0184326171875,2,531,185,0.05004938691854477,0.27292078733444214,0.22354444861412048,0.2641925811767578,0.015341424463450437,7.462581939157958e-06,0.01533396188151135,0.025559003014425152
44,mle,5000,0.053444840013980865,0.00020824636158067733,0.98223876953125,0.01776123046875,2,527,175,0.04968632757663727,0.26129963994026184,0.2228865623474121,0.24716030061244965,0.010656771963304834,6.980790792934192e-07,0.010656073884225462,0.025019065950548147
44,warm,0,0.053444840013980865,0.00020824636158067733,0.98223876953125,0.01776123046875,2,527,175,0.04968632757663727,0.26129963994026184,0.2228865623474121,0.24716030061244965,0.010656771963304834,6.980790792934192e-07,0.010656073884225462,0.025019065950548147
44,warm,20,0.05313660949468613,0.00020824636158067733,0.983154296875,0.016845703125,2,536,169,0.04954266920685768,0.26288744807243347,0.22255145013332367,0.24966847896575928,0.010723642277490342,3.331532273338398e-05,0.010690326954756905,0.02404141104554791
44,warm,40,0.05319693312048912,0.00020824636158067733,0.98284912109375,0.01715087890625,2,535,170,0.04947826638817787,0.26629874110221863,0.2224356234073639,0.25577017664909363,0.009952159991563292,1.694932961073751e-05,0.00993521066195267,0.023803144905034324
44,warm,60,0.053248144686222076,0.00020824636158067733,0.982666015625,0.017333984375,2,534,173,0.04949340224266052,0.26610511541366577,0.22247034311294556,0.2556070387363434,0.01038723468828806,9.787988131962572e-06,0.010377446700156114,0.0237300723390238
44,warm,80,0.05274272337555885,0.00020824636158067733,0.98333740234375,0.01666259765625,2,526,166,0.049265921115875244,0.2579253613948822,0.22195124626159668,0.23979279398918152,0.008660270126902958,4.5827791944071106e-05,0.008614442334958975,0.023824772165173536
44,warm,100,0.053027987480163574,0.00020824636158067733,0.98284912109375,0.01715087890625,2,533,170,0.049376778304576874,0.2622642517089844,0.22220049798488617,0.2484581172466278,0.009146358483313577,1.694932961073751e-05,0.009129409153702833,0.02385668239068972
44,warm,120,0.05320045351982117,0.00020824636158067733,0.982666015625,0.017333984375,2,535,169,0.049506232142448425,0.2626264989376068,0.2224738746881485,0.249226912856102,0.010218128271127114,9.787988131962572e-06,0.010208340282995023,0.023482249315495474
44,warm,140,0.05270427465438843,0.00020824636158067733,0.98291015625,0.01708984375,2,521,171,0.04910925775766373,0.25946927070617676,0.22159719467163086,0.2430405467748642,0.00933679245664365,1.9777414010556317e-05,0.009317015042633076,0.023829982507524883
44,warm,160,0.05309028923511505,0.00020824636158067733,0.983154296875,0.016845703125,2,526,172,0.049533411860466,0.260678231716156,0.22255747020244598,0.24538971483707428,0.00989474925173539,3.331532273338398e-05,0.009861433929001993,0.023647710841689595
44,warm,180,0.05302094295620918,0.00020824636158067733,0.98321533203125,0.01678466796875,2,524,165,0.0494639053940773,0.26138579845428467,0.22240301966667175,0.24678125977516174,0.009337702613457566,3.726014047560934e-05,0.009300442472982,0.023740194578497076
44,warm,200,0.052670206874608994,0.00020824636158067733,0.98358154296875,0.01641845703125,2,526,160,0.04922764003276825,0.258904367685318,0.2218499332666397,0.2416783571243286,0.009129566824604751,6.569804208159894e-05,0.009063868782523018,0.02395780823346494
44,warm,220,0.05316461622714996,0.00020824636158067733,0.9832763671875,0.0167236328125,2,526,162,0.049678996205329895,0.2581038475036621,0.22288572788238525,0.24026615917682648,0.009069342253688717,4.143069361497087e-05,0.009027911560073779,0.023704580635896755
44,warm,240,0.052426911890506744,0.00020824636158067733,0.98382568359375,0.01617431640625,2,526,158,0.04909805953502655,0.2549087107181549,0.22157764434814453,0.2325061708688736,0.008975195989670226,8.925936948101171e-05,0.008885936620189291,0.024704657088225113
44,warm,260,0.052954401820898056,0.00020824636158067733,0.98370361328125,0.01629638671875,2,527,156,0.049572333693504333,0.257107138633728,0.222645565867424,0.2383193075656891,0.009326713145320298,7.701393531436536e-05,0.009249699210005792,0.024042949808719905
44,warm,280,0.05276404693722725,0.00020824636158067733,0.98370361328125,0.01629638671875,2,525,157,0.049376603215932846,0.25724130868911743,0.22218909859657288,0.23856990039348602,0.00871053661122545,7.701393531436536e-05,0.00863352267591103,0.024075505295261146
44,warm,300,0.053360212594270706,0.00020824636158067733,0.983154296875,0.016845703125,2,534,165,0.04985682666301727,0.2578261196613312,0.22328142821788788,0.2398439198732376,0.009131735438323574,3.331532273338398e-05,0.009098420115590108,0.02352605160624288
44,warm,320,0.05232468992471695,0.00020824636158067733,0.98297119140625,0.01702880859375,2,520,160,0.04877711087465286,0.25710511207580566,0.22084683179855347,0.23631860315799713,0.00985358490307675,2.282727163631479e-05,0.009830757631440427,0.024298875593305902
44,warm,340,0.052869975566864014,0.00020824636158067733,0.9833984375,0.0166015625,2,526,165,0.04943503439426422,0.2563398778438568,0.22233550250530243,0.23610785603523254,0.00836354958320129,5.045225118897423e-05,0.008313097332012192,0.023760493925439996
44,warm,360,0.05336320027709007,0.00020824636158067733,0.9832763671875,0.0167236328125,2,530,161,0.04987966641783714,0.25817981362342834,0.22333158552646637,0.2402375489473343,0.008785786740382662,4.143069361497087e-05,0.0087443560467677,0.024064239260699005
44,warm,380,0.05295741558074951,0.00020824636158067733,0.9835205078125,0.0164794921875,2,526,164,0.04951312765479088,0.2585172951221466,0.22250284254550934,0.24072259664535522,0.009197041014168406,6.038654539865522e-05,0.009136654468769665,0.023733237038615962
44,warm,400,0.05309267342090607,0.00020824636158067733,0.98321533203125,0.01678466796875,2,531,165,0.04957704246044159,0.2590322196483612,0.2226526141166687,0.24158796668052673,0.008876483189133921,3.726014047560934e-05,0.00883922304865847,0.02365368089587927
44,warm,420,0.05288822203874588,0.00020824636158067733,0.98291015625,0.01708984375,2,523,168,0.04929386451840401,0.25961506366729736,0.2220100462436676,0.24285273253917694,0.009643437442910852,1.9777414010556317e-05,0.009623660028900463,0.023667852249420585
44,warm,440,0.053033679723739624,0.00020824636158067733,0.98284912109375,0.01715087890625,2,521,167,0.04942597076296806,0.25977712869644165,0.22231173515319824,0.24330534040927887,0.00962414778788201,1.694932961073751e-05,0.00960719845827142,0.02353542154807864
44,warm,460,0.05319318547844887,0.00020824636158067733,0.9832763671875,0.0167236328125,2,531,163,0.049715958535671234,0.25763869285583496,0.22296494245529175,0.2394678145647049,0.00881835974015388,4.143069361497087e-05,0.00877692904653897,0.023481449353059625
44,warm,480,0.05288879945874214,0.00020824636158067733,0.98321533203125,0.01678466796875,2,525,163,0.04938902705907822,0.25789937376976013,0.22222371399402618,0.23999334871768951,0.008608581032795826,3.726014047560934e-05,0.00857132089232024,0.023624608199245167
44,warm,500,0.05298960953950882,0.00020824636158067733,0.98272705078125,0.01727294921875,2,526,169,0.04934683069586754,0.26024213433265686,0.2221379280090332,0.24498067796230316,0.009999757305386936,1.1955383956733937e-05,0.00998780192143041,0.02366980463623103
44,warm,520,0.05205065384507179,0.00020824636158067733,0.98358154296875,0.01641845703125,2,525,158,0.048677604645490646,0.2541201114654541,0.22062629461288452,0.23182106018066406,0.009028678068908391,6.569804208159894e-05,0.008962980026826606,0.02456488340314744
44,warm,540,0.05282047390937805,0.00020824636158067733,0.98382568359375,0.01617431640625,2,523,157,0.049486830830574036,0.2555939555168152,0.22244882583618164,0.23509544134140015,0.008559579466428602,8.925936948101171e-05,0.008470320096947535,0.023874947445367334
44,warm,560,0.05305931344628334,0.00020824636158067733,0.9833984375,0.0166015625,2,528,162,0.04960336908698082,0.25777313113212585,0.22270265221595764,0.23966416716575623,0.00915596664727758,5.045225118897423e-05,0.009105514396088617,0.023631078075343148
44,warm,580,0.052493616938591,0.00020824636158067733,0.98382568359375,0.01617431640625,2,527,165,0.04916168004274368,0.2551633417606354,0.2217196822166443,0.23420797288417816,0.00910690846668416,8.925936948101171e-05,0.009017649097203238,0.02413764719742384
44,warm,600,0.053274836391210556,0.00020824636158067733,0.98333740234375,0.01666259765625,2,530,165,0.049814172089099884,0.25750428438186646,0.2231694906949997,0.2387356013059616,0.009459013214119238,4.5827791944071106e-05,0.00941318542217526,0.0237380255791525
44,warm,620,0.05343976616859436,0.00020824636158067733,0.9832763671875,0.0167236328125,2,531,161,0.049959294497966766,0.2580764889717102,0.22349955141544342,0.24003629386425018,0.009669638428214,4.143069361497087e-05,0.009628207734599043,0.02383378418082638
44,warm,640,0.05313124880194664,0.00020824636158067733,0.9833984375,0.0166015625,2,530,160,0.04968133196234703,0.25748831033706665,0.22288517653942108,0.23918409645557404,0.009022677077346941,5.045225118897423e-05,0.008972224826157898,0.023535414890577422
44,warm,660,0.05295037850737572,0.00020824636158067733,0.983154296875,0.016845703125,2,534,163,0.04942977800965309,0.2584207057952881,0.22232414782047272,0.240872323513031,0.009006044223689003,3.331532273338398e-05,0.008972728900955646,0.02356914417098077
44,warm,680,0.053282689303159714,0.00020824636158067733,0.982421875,0.017578125,2,525,169,0.049619968980550766,0.25798800587654114,0.22275209426879883,0.24012264609336853,0.010036664163827425,3.2979323590162516e-06,0.010033366231468608,0.02318268494193243
44,warm,700,0.0532364584505558,0.00020824636158067733,0.9825439453125,0.0174560546875,2,532,174,0.04956477880477905,0.2599036395549774,0.22261396050453186,0.24403290450572968,0.009358071613142727,6.108554543226717e-06,0.009351963058599559,0.02339212362923926
44,warm,720,0.05304102227091789,0.00020824636158067733,0.98260498046875,0.01739501953125,2,531,169,0.04941103979945183,0.2580905556678772,0.22228482365608215,0.2402379810810089,0.009187680290970945,7.839296277005687e-06,0.00917984099469414,0.02346620643286068
44,warm,740,0.053128354251384735,0.00020824636158067733,0.9827880859375,0.0172119140625,2,528,169,0.04952065274119377,0.2591257691383362,0.22251635789871216,0.24182939529418945,0.009375205976731138,1.4342242928365662e-05,0.009360863733802505,0.023313487851485015
44,warm,760,0.053100019693374634,0.00020824636158067733,0.98297119140625,0.01702880859375,2,529,166,0.04958180710673332,0.25618553161621094,0.22266720235347748,0.2359335571527481,0.009461895926698105,2.282727163631479e-05,0.009439068655061824,0.023573175830026494
44,warm,780,0.05353686958551407,0.00020824636158067733,0.98272705078125,0.01727294921875,2,532,166,0.049938831478357315,0.25824353098869324,0.22346122562885284,0.24094834923744202,0.01027867640387825,1.1955383956733937e-05,0.01026672101992168,0.023448135136934334
44,warm,800,0.05328337848186493,0.00020824636158067733,0.982666015625,0.017333984375,2,528,164,0.04967065900564194,0.2580890357494354,0.2228628396987915,0.2406376302242279,0.010033575447060628,9.787988131962572e-06,0.010023787458928514,0.023372055512229317
44,warm,820,0.05299954488873482,0.00020824636158067733,0.983154296875,0.016845703125,2,532,164,0.04949535056948662,0.25751230120658875,0.22246113419532776,0.2392570674419403,0.00850639103028783,3.331532273338398e-05,0.008473075707554432,0.023596153908076567
44,warm,840,0.05284024775028229,0.00020824636158067733,0.9832763671875,0.0167236328125,2,529,163,0.04934093728661537,0.2585841417312622,0.22212351858615875,0.24100102484226227,0.008538614725885907,4.143069361497087e-05,0.008497184032270797,0.023492940905928017
44,warm,860,0.05283036455512047,0.00020824636158067733,0.9835205078125,0.0164794921875,2,528,162,0.049406591802835464,0.2571659982204437,0.22227174043655396,0.23830337822437286,0.008646137779770413,6.038654539865522e-05,0.00858575123437165,0.023835199812967667
44,warm,880,0.05299072340130806,0.00020824636158067733,0.98345947265625,0.01654052734375,2,528,159,0.049547985196113586,0.25768736004829407,0.2225838601589203,0.23924443125724792,0.008836797271406738,5.530489307641051e-05,0.008781492378330279,0.023493906782025342
44,warm,900,0.05321337282657623,0.00020824636158067733,0.9832763671875,0.0167236328125,2,526,166,0.04973489046096802,0.25773295760154724,0.22300033271312714,0.23948881030082703,0.009809279297961382,4.143069361497087e-05,0.009767848604346476,0.02348739293003954
44,warm,920,0.05338483676314354,0.00020824636158067733,0.98291015625,0.01708984375,2,529,167,0.04982777312397957,0.25796690583229065,0.22321659326553345,0.23985165357589722,0.009512168282718392,1.9777414010556317e-05,0.009492390868708003,0.023286073462006507
44,warm,940,0.05344003066420555,0.00020824636158067733,0.98260498046875,0.01739501953125,2,529,165,0.049792684614658356,0.2594701051712036,0.2231397181749344,0.24270685017108917,0.00996740506544569,7.839296277005687e-06,0.009959565769168935,0.023268308120097836
44,warm,960,0.05327969789505005,0.00020824636158067733,0.98236083984375,0.01763916015625,2,524,170,0.04959270730614662,0.25861528515815735,0.22269108891487122,0.24135948717594147,0.009519042963994195,2.2165703591080135e-06,0.00951682639363507,0.02329203696055837
44,warm,980,0.05308130383491516,0.00020824636158067733,0.9830322265625,0.0169677734375,2,526,160,0.04953260347247124,0.25867611169815063,0.22252987325191498,0.2413889467716217,0.009017541088006453,2.6099683558122454e-05,0.0089914414044482,0.023632117205781733
44,warm,1000,0.0526694729924202,0.00020824636158067733,0.98321533203125,0.01678466796875,2,524,163,0.049186017364263535,0.25672411918640137,0.22177881002426147,0.23737744987010956,0.008589349054282991,3.726014047560934e-05,0.008552088913807428,0.0236947088276086
44,warm,1020,0.053236838430166245,0.00020824636158067733,0.98291015625,0.01708984375,2,522,162,0.04969458281993866,0.25696733593940735,0.22291874885559082,0.23790620267391205,0.009017340926412487,1.9777414010556317e-05,0.008997563512401965,0.023266824603272007
44,warm,1040,0.05294295772910118,0.00020824636158067733,0.983154296875,0.016845703125,2,524,163,0.04940997436642647,0.25913599133491516,0.2222687304019928,0.24258621037006378,0.009085461155528662,3.331532273338398e-05,0.00905214583279525,0.023699091646196657
44,warm,1060,0.05319426208734512,0.00020824636158067733,0.98321533203125,0.01678466796875,2,526,165,0.04968728870153427,0.2586263418197632,0.22290627658367157,0.24136017262935638,0.009331821544229513,3.726014047560934e-05,0.009294561403754063,0.023530076855169946
44,warm,1080,0.05301038175821304,0.00020824636158067733,0.9830322265625,0.0169677734375,2,524,164,0.04947701469063759,0.2577172517776489,0.22243058681488037,0.23904842138290405,0.00864115630266582,2.6099683558122454e-05,0.00861505661910761,0.023379100989334156
44,warm,1100,0.05292227119207382,0.00020824636158067733,0.983642578125,0.016357421875,2,527,161,0.04956077039241791,0.25506412982940674,0.22260791063308716,0.23424822092056274,0.008474633534397924,7.124022325379347e-05,0.00840339331114403,0.0239870959419225
44,warm,1120,0.052970677614212036,0.00020824636158067733,0.983642578125,0.016357421875,2,524,167,0.04959617182612419,0.2558940052986145,0.222701296210289,0.23616379499435425,0.008319467284501059,7.124022325379347e-05,0.00824822706124717,0.02374608457532512
44,warm,1140,0.05303012579679489,0.00020824636158067733,0.98345947265625,0.01654052734375,2,525,167,0.04960361123085022,0.25676217675209045,0.22270968556404114,0.23746654391288757,0.00882329401812143,5.530489307641051e-05,0.008767989125045074,0.023655603669542224
44,warm,1160,0.05290358513593674,0.00020824636158067733,0.9833984375,0.0166015625,2,527,159,0.04946698248386383,0.25647157430648804,0.22239841520786285,0.23656123876571655,0.008887035255803255,5.045225118897423e-05,0.008836583004614245,0.023547039316983764
44,warm,1180,0.052926599979400635,0.00020824636158067733,0.98358154296875,0.01641845703125,2,530,161,0.04958052560687065,0.25338003039360046,0.22264021635055542,0.22941412031650543,0.009490060889412177,6.569804208159894e-05,0.00942436284733046,0.024299064848239404
44,warm,1200,0.05310221016407013,0.00020824636158067733,0.9835205078125,0.0164794921875,2,526,157,0.04968568682670593,0.25700557231903076,0.22288240492343903,0.23793043196201324,0.009485218426753761,6.038654539865522e-05,0.009424831881355088,0.023851770006078632
44,warm,1220,0.052990540862083435,0.00020824636158067733,0.98321533203125,0.01678466796875,2,520,164,0.049487996846437454,0.25816288590431213,0.2224453091621399,0.24013695120811462,0.009983087548071978,3.726014047560934e-05,0.009945827407596353,0.023798345108591357
44,warm,1240,0.05307728424668312,0.00020824636158067733,0.98248291015625,0.01751708984375,2,520,162,0.04942424222826958,0.2579658329486847,0.22230218350887299,0.24003620445728302,0.00907773942181933,4.59501435601771e-06,0.009073144407463237,0.023412888404638843
44,warm,1260,0.05277898907661438,0.00020824636158067733,0.98260498046875,0.01739501953125,2,521,167,0.04915817826986313,0.2573101818561554,0.22170569002628326,0.2383364737033844,0.0091457872115015,7.839296277005687e-06,0.009137947915224553,0.023488861844018438
44,warm,1280,0.05331730097532272,0.00020824636158067733,0.9825439453125,0.0174560546875,2,524,165,0.049674730747938156,0.25834545493125916,0.2228778749704361,0.24067361652851105,0.008775327856902493,6.108554543226717e-06,0.00876921930235932,0.023337805207777174
44,warm,1300,0.05282419174909592,0.00020824636158067733,0.9825439453125,0.0174560546875,2,522,168,0.049190349876880646,0.2573610246181488,0.2217831313610077,0.2382989525794983,0.008934917823545163,6.108554543226717e-06,0.008928809269001841,0.023510997460764238
44,warm,1320,0.05281616002321243,0.00020824636158067733,0.98248291015625,0.01751708984375,2,518,172,0.04915960505604744,0.25790196657180786,0.221708282828331,0.23971250653266907,0.008866148979187471,4.59501435601771e-06,0.008861553964831312,0.023656480989959427
44,warm,1340,0.05346617475152016,0.00020824636158067733,0.982421875,0.017578125,2,522,167,0.04982123151421547,0.2571781575679779,0.2232060432434082,0.23863330483436584,0.009226942267751781,3.2979323590162516e-06,0.009223644335392838,0.023317009364038577
44,warm,1360,0.05313008278608322,0.00020824636158067733,0.98284912109375,0.01715087890625,2,528,173,0.04954841732978821,0.2583809494972229,0.22258256375789642,0.24062594771385193,0.009100468974985176,1.694932961073751e-05,0.009083519645374613,0.02353056314379709
44,warm,1380,0.05298638716340065,0.00020824636158067733,0.98297119140625,0.01702880859375,2,529,164,0.04943392798304558,0.25804856419563293,0.2223319113254547,0.2399345487356186,0.008834424363350024,2.282727163631479e-05,0.008811597091713674,0.023838231588090175
44,warm,1400,0.05300438031554222,0.00020824636158067733,0.9830322265625,0.0169677734375,2,529,162,0.04946144297719002,0.25826558470726013,0.22239544987678528,0.2399166375398636,0.009068423234758427,2.6099683558122454e-05,0.00904232355120029,0.02363527807822019
44,warm,1420,0.052733659744262695,0.00020824636158067733,0.98291015625,0.01708984375,2,527,167,0.04918197914958,0.2570060193538666,0.22176915407180786,0.23784717917442322,0.008899225067771965,1.9777414010556317e-05,0.008879447653761547,0.02382967496007249
44,warm,1440,0.05288288742303848,0.00020824636158067733,0.98284912109375,0.01715087890625,2,530,161,0.04932820796966553,0.25658750534057617,0.2220805436372757,0.23666544258594513,0.009135767293820152,1.694932961073751e-05,0.009118817964209592,0.0235173834668988
44,warm,1460,0.053412578999996185,0.00020824636158067733,0.98248291015625,0.01751708984375,2,524,167,0.04976660758256912,0.25790491700172424,0.2230726033449173,0.24002011120319366,0.009280735663388384,4.59501435601771e-06,0.00927614064903223,0.023264087104255204
44,warm,1480,0.05320948734879494,0.00020824636158067733,0.98291015625,0.01708984375,2,523,162,0.04965930059552193,0.2573957145214081,0.22282683849334717,0.23646827042102814,0.011165772397554008,1.9777414010556317e-05,0.011145994983543451,0.02440536867718246
44,warm,1500,0.0530361644923687,0.00020824636158067733,0.98297119140625,0.01702880859375,2,521,163,0.049454156309366226,0.2598040699958801,0.22236555814743042,0.24344810843467712,0.009997712994127994,2.282727163631479e-05,0.009974885722491583,0.0239252783582945
44,warm,1520,0.052373774349689484,0.00020824636158067733,0.98333740234375,0.01666259765625,2,512,151,0.04898734390735626,0.25222259759902954,0.22132888436317444,0.2271074652671814,0.008789446496130893,4.5827791944071106e-05,0.008743618704186756,0.024030295259510503
44,warm,1540,0.05301613360643387,0.00020824636158067733,0.98291015625,0.01708984375,2,527,163,0.04945235326886177,0.25798478722572327,0.2223663479089737,0.23946470022201538,0.009481362860434217,1.9777414010556317e-05,0.009461585446423657,0.02369171423990546
44,warm,1560,0.05313801392912865,0.00020824636158067733,0.98272705078125,0.01727294921875,2,520,175,0.049532607197761536,0.2582641839981079,0.2225576639175415,0.24057753384113312,0.009162094851681957,1.1955383956733937e-05,0.009150139467725301,0.023661665961046574
44,warm,1580,0.05284593254327774,0.00020824636158067733,0.98333740234375,0.01666259765625,2,521,162,0.04942707717418671,0.254608690738678,0.22232173383235931,0.2327345460653305,0.008362018081434996,4.5827791944071106e-05,0.008316190289490802,0.023797945418411737
44,warm,1600,0.052888333797454834,0.00020824636158067733,0.9833984375,0.0166015625,2,523,165,0.04945627972483635,0.25618675351142883,0.22238460183143616,0.2362786829471588,0.009029915330948768,5.045225118897423e-05,0.008979463079759647,0.023789975145266262
44,warm,1620,0.05301756039261818,0.00020824636158067733,0.98291015625,0.01708984375,2,528,165,0.04947831854224205,0.2565746307373047,0.22242699563503265,0.23698890209197998,0.009057718009181315,1.9777414010556317e-05,0.009037940595170863,0.02342340548122801
44,warm,1640,0.0529181994497776,0.00020824636158067733,0.98309326171875,0.01690673828125,2,524,158,0.049444474279880524,0.2549086809158325,0.2223542481660843,0.23347486555576324,0.008900331122468685,2.9595436466173632e-05,0.008870735686002548,0.02360407605803838
44,warm,1660,0.05330396443605423,0.00020824636158067733,0.98272705078125,0.01727294921875,2,527,168,0.04967803880572319,0.2595975399017334,0.22288313508033752,0.2430579662322998,0.009607334141229273,1.1955383956733937e-05,0.00959537875727276,0.023739864883029704
44,warm,1680,0.05262249335646629,0.00020824636158067733,0.98272705078125,0.01727294921875,2,519,166,0.04904743656516075,0.25602129101753235,0.22143927216529846,0.23535941541194916,0.009334715840132901,1.1955383956733937e-05,0.009322760456176207,0.023764771613716484
44,warm,1700,0.05306549370288849,0.00020824636158067733,0.982421875,0.017578125,2,527,165,0.049418188631534576,0.25690916180610657,0.22230082750320435,0.23749485611915588,0.008675339428201312,3.2979323590162516e-06,0.00867204149584246,0.023609094198693392
44,warm,1720,0.053405702114105225,0.00020824636158067733,0.98272705078125,0.01727294921875,2,526,169,0.04983179643750191,0.25673946738243103,0.2232174128293991,0.23758234083652496,0.00891337540834769,1.1955383956733937e-05,0.00890142002439099,0.023383497726829128
44,warm,1740,0.05280786752700806,0.00020824636158067733,0.983154296875,0.016845703125,2,524,160,0.04936575889587402,0.2536974251270294,0.22217099368572235,0.2310640960931778,0.007608926898875268,3.331532273338398e-05,0.007575611576141801,0.023685836415754502
44,warm,1760,0.05282338336110115,0.00020824636158067733,0.9830322265625,0.0169677734375,2,529,169,0.049269355833530426,0.2587270438671112,0.22195258736610413,0.2414666712284088,0.009215547572431149,2.6099683558122454e-05,0.009189447888873055,0.02383256470122641
44,warm,1780,0.05307958275079727,0.00020824636158067733,0.98297119140625,0.01702880859375,2,526,163,0.049533911049366,0.2577499747276306,0.22255399823188782,0.23939481377601624,0.009540963285154191,2.282727163631479e-05,0.009518136013517881,0.023377422600535547
44,warm,1800,0.0530090406537056,0.00020824636158067733,0.982666015625,0.017333984375,2,524,166,0.04942360520362854,0.2562676668167114,0.22229942679405212,0.23624013364315033,0.00867442584441136,9.787988131962572e-06,0.008664637856279427,0.023325862880230752
44,warm,1820,0.0528983473777771,0.00020824636158067733,0.9827880859375,0.0172119140625,2,528,170,0.04932593181729317,0.25688084959983826,0.2220885157585144,0.23758123815059662,0.008831721956276795,1.4342242928365662e-05,0.008817379713348224,0.02357165372152148
44,warm,1840,0.052959587424993515,0.00020824636158067733,0.982421875,0.017578125,2,521,164,0.049307599663734436,0.2570653259754181,0.22204893827438354,0.23754170536994934,0.008810974424896756,3.2979323590162516e-06,0.008807676492537976,0.02350345476654392
44,warm,1860,0.053040534257888794,0.00020824636158067733,0.98236083984375,0.01763916015625,2,524,163,0.04939175024628639,0.25624892115592957,0.2222377359867096,0.23645730316638947,0.00850911706967139,2.2165703591080135e-06,0.008506900499312285,0.02357749917493701
44,warm,1880,0.0525178387761116,0.00020824636158067733,0.98291015625,0.01708984375,2,518,160,0.04901852831244469,0.2537781894207001,0.22137288749217987,0.23105628788471222,0.008439390054455487,1.9777414010556317e-05,0.008419612640444923,0.023718487013613676
44,warm,1900,0.05312669277191162,0.00020824636158067733,0.9832763671875,0.0167236328125,2,528,157,0.04966684430837631,0.2565503716468811,0.22285883128643036,0.23681175708770752,0.008462166937725613,4.143069361497087e-05,0.008420736244110586,0.02368349302625783
44,warm,1920,0.05305584892630577,0.00020824636158067733,0.9827880859375,0.0172119140625,2,521,163,0.04945918917655945,0.25842276215553284,0.2223789095878601,0.24126026034355164,0.008756813811679365,1.4342242928365662e-05,0.008742471568750779,0.023553933687000872
44,warm,1940,0.05309060215950012,0.00020824636158067733,0.98248291015625,0.01751708984375,2,522,167,0.04944079741835594,0.2577974796295166,0.22234734892845154,0.23966297507286072,0.008058116524090053,4.59501435601771e-06,0.008053521509733928,0.023240198592904826
44,warm,1960,0.05299462378025055,0.00020824636158067733,0.982421875,0.017578125,2,525,172,0.04933011531829834,0.25779998302459717,0.22210296988487244,0.23935888707637787,0.00868926173298945,3.2979323590162516e-06,0.008685963800630456,0.02345955403936595
44,warm,1980,0.053221240639686584,0.00020824636158067733,0.9827880859375,0.0172119140625,2,530,164,0.04965655505657196,0.25676271319389343,0.22281739115715027,0.23691898584365845,0.009184254864713637,1.4342242928365662e-05,0.009169912621785112,0.023448264045075384
44,warm,2000,0.052959129214286804,0.00020824636158067733,0.98309326171875,0.01690673828125,2,533,162,0.0495065301656723,0.25372081995010376,0.22249868512153625,0.23121996223926544,0.0080258931850139,2.9595436466173632e-05,0.007996297748547657,0.02372734544107724
45,scratch,0,0.8382323980331421,0.00020824636158067733,0.37762451171875,0.62237548828125,2,1281,1132,0.9312098622322083,0.7818184494972229,0.7110745906829834,0.712488055229187,13.843606118756917,1.8471098672237085,11.996496251533209,2.7909335338924595
45,scratch,20,0.6698046922683716,0.00020824636158067733,0.4927978515625,0.5072021484375,2,1312,1104,0.6822513341903687,0.6577116847038269,0.70575350522995,0.6505603194236755,10.349030835677887,1.3558150350447027,8.993215800633184,2.2769899932615973
45,scratch,40,0.5127419233322144,0.00020824636158067733,0.61334228515625,0.38665771484375,2,1312,1027,0.4859597682952881,0.5552257895469666,0.6513016819953918,0.5835723280906677,7.260687794889428,0.898983075540079,6.3617047193493494,1.8803640748016934
45,scratch,60,0.3802638053894043,0.00020824636158067733,0.726806640625,0.273193359375,2,1260,875,0.34318941831588745,0.478896826505661,0.5758218169212341,0.5174261927604675,4.803724021660138,0.5255053445917485,4.27821867706839,1.538151025510817
45,scratch,80,0.28490832448005676,0.00020824636158067733,0.8245849609375,0.1754150390625,2,1163,686,0.2524108290672302,0.43767133355140686,0.5019914507865906,0.4603690803050995,3.18411697791381,0.25605217233220773,2.928064805581602,1.2512506254758793
45,scratch,100,0.22244691848754883,0.00020824636158067733,0.8994140625,0.1005859375,2,1058,500,0.20006078481674194,0.42261815071105957,0.44426390528678894,0.4184883236885071,2.2334326982392767,0.09444607212948807,2.1389866261097885,1.0357321046182935
45,scratch,120,0.18016526103019714,0.00020824636158067733,0.94140625,0.05859375,2,967,355,0.16560395061969757,0.4141165316104889,0.39976781606674194,0.3833107352256775,1.6350786624077145,0.02960224094055635,1.605476421467158,0.8655675788183746
45,scratch,140,0.14952819049358368,0.00020824636158067733,0.9639892578125,0.0360107421875,2,885,248,0.13985489308834076,0.40847739577293396,0.3646596074104309,0.35350215435028076,1.208121968872284,0.007211122692780441,1.2009108461795033,0.7201153829452981
45,scratch,160,0.12668739259243011,0.00020824636158067733,0.979736328125,0.020263671875,2,818,158,0.12101075798273087,0.40114858746528625,0.3384895622730255,0.31724920868873596,0.9008444757730203,0.00015008182623180806,0.9006943939467885,0.6116435832234149
45,scratch,180,0.11063738167285919,0.00020824636158067733,0.98785400390625,0.01214599609375,2,770,110,0.10694438219070435,0.41099563241004944,0.31948322057724,0.3058859705924988,0.6908013961130663,0.0010664109350071562,0.6897349851780593,0.5388587219501663
45,scratch,200,0.09840857237577438,0.00020824636158067733,0.99365234375,0.00634765625,1,733,69,0.09639507532119751,0.4135969281196594,0.30505144596099854,0.28630775213241577,0.5343934152953906,0.005050978253177921,0.5293424370422126,0.4997037649888828
45,scratch,220,0.08923506736755371,0.00020824636158067733,0.996337890625,0.003662109375,1,691,47,0.08796781301498413,0.4340136647224426,0.2927030622959137,0.28731250762939453,0.422184910658153,0.008544083309507327,0.4136408273486458,0.4828208472033314
45,scratch,240,0.08205293864011765,0.00020824636158067733,0.99774169921875,0.00225830078125,1,671,29,0.08129974454641342,0.41482606530189514,0.2823541462421417,0.24246089160442352,0.3385783965024629,0.01110628885490645,0.32747210764755635,0.4795199757724934
45,scratch,260,0.07622301578521729,0.00020824636158067733,0.9989013671875,0.0010986328125,1,642,16,0.07584905624389648,0.41622936725616455,0.27338477969169617,0.2393122911453247,0.27821253000021073,0.013895240014235026,0.2643172899859758,0.4916337038018558
45,scratch,280,0.07215879112482071,0.00020824636158067733,0.99957275390625,0.00042724609375,1,613,7,0.07201439142227173,0.41000181436538696,0.2669285535812378,0.22172777354717255,0.23477616473265783,0.016049062779879643,0.21872710195277806,0.4994396572953722
45,scratch,300,0.0690498873591423,0.00020824636158067733,0.99957275390625,0.00042724609375,1,602,6,0.06889937072992325,0.4211876392364502,0.2615629732608795,0.22203420102596283,0.20367757273216824,0.016049062779879643,0.18762850995228839,0.5018092004254161
45,scratch,320,0.06623921543359756,0.00020824636158067733,0.9996337890625,0.0003662109375,1,585,6,0.06610972434282303,0.41970014572143555,0.2564942240715027,0.21132275462150574,0.17871370667145214,0.016282764324321835,0.1624309423471302,0.5013342364406729
45,scratch,340,0.06373440474271774,0.00020824636158067733,0.99969482421875,0.00030517578125,1,571,4,0.06364600360393524,0.353311151266098,0.25178438425064087,0.03650723770260811,0.15532285933314682,0.016526689747690865,0.13879616958545582,0.4977966277008111
45,scratch,360,0.06160662695765495,0.00020824636158067733,0.99981689453125,0.00018310546875,1,563,3,0.061553020030260086,0.3543107509613037,0.24770331382751465,0.03848200663924217,0.13836341768929827,0.01705455310467452,0.12130886458462381,0.4966626444590677
45,scratch,380,0.05991777405142784,0.00020824636158067733,0.99981689453125,0.00018310546875,1,554,3,0.05986197665333748,0.3645842373371124,0.2443276345729828,0.0333263985812664,0.12492405562826292,0.01705455310467452,0.10786950252358847,0.4989491618186751
45,scratch,400,0.058188147842884064,0.00020824636158067733,0.99981689453125,0.00018310546875,1,541,3,0.05813203752040863,0.3645842373371124,0.24082958698272705,0.0333263985812664,0.11159115594656299,0.01705455310467452,0.09453660284188847,0.49966432603170896
45,scratch,420,0.057091500610113144,0.00020824636158067733,0.99981689453125,0.00018310546875,1,534,3,0.057035189121961594,0.3645842373371124,0.23863717913627625,0.0333263985812664,0.10171153004213096,0.01705455310467452,0.08465697693745641,0.4963208070773565
45,scratch,440,0.05598234385251999,0.00020824636158067733,0.99981689453125,0.00018310546875,1,524,2,0.05592608079314232,0.36319592595100403,0.23634645342826843,0.03848201036453247,0.09443456968457298,0.01705455310467452,0.07738001657989849,0.4977192715821023
45,scratch,460,0.055214378982782364,0.00020824636158067733,0.9998779296875,0.0001220703125,1,518,2,0.05517730861902237,0.35889217257499695,0.23478037118911743,0.020408153533935547,0.0871110225345646,0.017346940924191843,0.06976408161037255,0.4979110457140653
45,scratch,480,0.05418941751122475,0.00020824636158067733,0.9998779296875,0.0001220703125,1,516,2,0.05415221303701401,0.35889217257499695,0.23256772756576538,0.020408153533935547,0.08259126584763266,0.017346940924191843,0.06524432492344075,0.4995056958148073
45,scratch,500,0.05345332622528076,0.00020824636158067733,0.99993896484375,6.103515625e-05,1,514,1,0.05343465879559517,0.359308660030365,0.23103414475917816,0.0,0.07685448661523964,0.017671269001666674,0.05918321761357285,0.4967143306282399
45,scratch,520,0.05291628837585449,0.00020824636158067733,0.99993896484375,6.103515625e-05,1,508,1,0.05289758741855621,0.359308660030365,0.2298584282398224,0.0,0.07204106670561572,0.017671269001666674,0.05436979770394902,0.4974658095968355
45,scratch,540,0.052613578736782074,0.00020824636158067733,0.99993896484375,6.103515625e-05,1,506,1,0.0525948628783226,0.359308660030365,0.22927743196487427,0.0,0.06922205683095939,0.017671269001666674,0.05155078782929261,0.4911081882680467
45,scratch,560,0.0520172044634819,0.00020824636158067733,1.0,0.0,1,504,0,0.0520172044634819,nan,0.22799305617809296,nan,0.06598504113227222,0.01808021349759864,0.04790482763467363,0.49304052416184485
45,scratch,580,0.05161555856466293,0.00020824636158067733,1.0,0.0,1,504,0,0.05161555856466293,nan,0.2271520048379898,nan,0.06183996223281696,0.01808021349759864,0.04375974873521837,0.4949867477632527
45,scratch,600,0.05127863213419914,0.00020824636158067733,1.0,0.0,1,497,0,0.05127863213419914,nan,0.22639726102352142,nan,0.059730242297710845,0.01808021349759864,0.04165002880011226,0.4951752054045958
45,scratch,620,0.05076782777905464,0.00020824636158067733,1.0,0.0,1,493,0,0.05076782777905464,nan,0.22527176141738892,nan,0.057314473422785284,0.01808021349759864,0.0392342599251867,0.4980609673445745
45,scratch,640,0.050661563873291016,0.00020824636158067733,1.0,0.0,1,495,0,0.050661563873291016,nan,0.22504232823848724,nan,0.05525419052738556,0.01808021349759864,0.037173977029786975,0.4971551029236455
45,scratch,660,0.05039118975400925,0.00020824636158067733,1.0,0.0,1,489,0,0.05039118975400925,nan,0.22445157170295715,nan,0.053316887824813364,0.01808021349759864,0.03523667432721478,0.49938233910572516
45,scratch,680,0.05009397119283676,0.00020824636158067733,1.0,0.0,1,488,0,0.05009397119283676,nan,0.22379115223884583,nan,0.05244123566100001,0.01808021349759864,0.03436102216340142,0.505826914727297
45,scratch,700,0.049990713596343994,0.00020824636158067733,1.0,0.0,1,486,0,0.049990713596343994,nan,0.22355623543262482,nan,0.05096996136145293,0.01808021349759864,0.032889747863854346,0.5104750439211078
45,scratch,720,0.04970996826887131,0.00020824636158067733,1.0,0.0,1,482,0,0.04970996826887131,nan,0.22293801605701447,nan,0.05015379745619697,0.01808021349759864,0.032073583958598384,0.5113815316442217
45,scratch,740,0.049522366374731064,0.00020824636158067733,1.0,0.0,1,479,0,0.049522366374731064,nan,0.22252514958381653,nan,0.04895732984751788,0.01808021349759864,0.030877116349919298,0.516761546875134
45,scratch,760,0.049440108239650726,0.00020824636158067733,1.0,0.0,1,475,0,0.049440108239650726,nan,0.22233057022094727,nan,0.047407421072612976,0.01808021349759864,0.02932720757501439,0.5196185491883828
45,scratch,780,0.04931747168302536,0.00020824636158067733,1.0,0.0,1,472,0,0.04931747168302536,nan,0.22205466032028198,nan,0.046335748862667,0.01808021349759864,0.028255535365068418,0.5194444697997117
45,scratch,800,0.04924766719341278,0.00020824636158067733,1.0,0.0,1,471,0,0.04924766719341278,nan,0.22190964221954346,nan,0.04539438570665055,0.01808021349759864,0.027314172209051968,0.5204669159799981
45,scratch,820,0.0492611899971962,0.00020824636158067733,1.0,0.0,1,472,0,0.0492611899971962,nan,0.22191914916038513,nan,0.04445285168932145,0.01808021349759864,0.026372638191722864,0.5153634140812958
45,scratch,840,0.04910606890916824,0.00020824636158067733,1.0,0.0,1,472,0,0.04910606890916824,nan,0.22157169878482819,nan,0.043963086085760494,0.01808021349759864,0.02588287258816191,0.5188988016022652
45,scratch,860,0.04889584705233574,0.00020824636158067733,1.0,0.0,1,471,0,0.04889584705233574,nan,0.22112272679805756,nan,0.04382946906135743,0.01808021349759864,0.025749255563758844,0.5210084074139761
45,scratch,880,0.04888196289539337,0.00020824636158067733,1.0,0.0,1,471,0,0.04888196289539337,nan,0.2210848480463028,nan,0.04243918134326208,0.01808021349759864,0.024358967845663493,0.5215185519998361
45,scratch,900,0.04884617403149605,0.00020824636158067733,1.0,0.0,1,470,0,0.04884617403149605,nan,0.22099773585796356,nan,0.042466566796257155,0.01808021349759864,0.02438635329865857,0.5205008952477531
45,scratch,920,0.048742204904556274,0.00020824636158067733,1.0,0.0,1,465,0,0.048742204904556274,nan,0.2207660973072052,nan,0.04187693198056053,0.01808021349759864,0.023796718482961943,0.5180956973788146
45,scratch,940,0.048679158091545105,0.00020824636158067733,1.0,0.0,1,467,0,0.048679158091545105,nan,0.22062093019485474,nan,0.04068941562601225,0.01808021349759864,0.022609202128413664,0.5203136456045488
45,scratch,960,0.04852968454360962,0.00020824636158067733,1.0,0.0,1,463,0,0.04852968454360962,nan,0.22029252350330353,nan,0.041283410712104285,0.01808021349759864,0.0232031972145057,0.5276844153638397
45,scratch,980,0.048487693071365356,0.00020824636158067733,1.0,0.0,1,461,0,0.048487693071365356,nan,0.22019550204277039,nan,0.04079005820695869,0.01808021349759864,0.022709844709360105,0.527109175295411
45,scratch,1000,0.04848174378275871,0.00020824636158067733,1.0,0.0,1,464,0,0.04848174378275871,nan,0.22018460929393768,nan,0.03988300560032343,0.01808021349759864,0.021802792102724844,0.5189446722294836
45,scratch,1020,0.04848174378275871,0.00020824636158067733,1.0,0.0,1,464,0,0.04848174378275871,nan,0.2201802134513855,nan,0.03967369319453695,0.01808021349759864,0.021593479696938367,0.5151517233395883
45,scratch,1040,0.04861966893076897,0.00020824636158067733,1.0,0.0,1,464,0,0.04861966893076897,nan,0.22047317028045654,nan,0.0385941514252508,0.01808021349759864,0.020513937927652215,0.5090237511837788
45,scratch,1060,0.04858662933111191,0.00020824636158067733,1.0,0.0,1,465,0,0.04858662933111191,nan,0.22041678428649902,nan,0.03830178780500404,0.01808021349759864,0.020221574307405454,0.5104702884934543
45,scratch,1080,0.048418089747428894,0.00020824636158067733,1.0,0.0,1,467,0,0.048418089747428894,nan,0.22003984451293945,nan,0.038582132008933456,0.01808021349759864,0.02050191851133487,0.5055671030574761
45,scratch,1100,0.048340100795030594,0.00020824636158067733,1.0,0.0,1,466,0,0.048340100795030594,nan,0.21983565390110016,nan,0.03743318990037636,0.01808021349759864,0.019352976402777777,0.5046986248205233
45,scratch,1120,0.048355501145124435,0.00020824636158067733,1.0,0.0,1,469,0,0.048355501145124435,nan,0.21989662945270538,nan,0.03792032618385832,0.01808021349759864,0.019840112686259737,0.49875305011002846
45,scratch,1140,0.04834640026092529,0.00020824636158067733,1.0,0.0,1,470,0,0.04834640026092529,nan,0.2198769897222519,nan,0.037717282284766895,0.01808021349759864,0.01963706878716831,0.4924365989142846
45,scratch,1160,0.04829693213105202,0.00020824636158067733,1.0,0.0,1,469,0,0.04829693213105202,nan,0.21975861489772797,nan,0.03660784992845123,0.01808021349759864,0.018527636430852645,0.4882261139871137
45,scratch,1180,0.048406392335891724,0.00020824636158067733,1.0,0.0,1,470,0,0.048406392335891724,nan,0.22000202536582947,nan,0.035984778929751826,0.01808021349759864,0.01790456543215324,0.48399105871860437
45,scratch,1200,0.0483328253030777,0.00020824636158067733,1.0,0.0,1,471,0,0.0483328253030777,nan,0.21983711421489716,nan,0.03517157561892503,0.01808021349759864,0.017091362121326448,0.47694198438759694
45,scratch,1220,0.048454392701387405,0.00020824636158067733,0.99993896484375,6.103515625e-05,1,471,1,0.04843541979789734,0.359308660030365,0.22007495164871216,0.0,0.03614809063602564,0.017671269001666674,0.018476821634358844,0.46152089282324804
45,scratch,1240,0.04830430820584297,0.00020824636158067733,1.0,0.0,1,470,0,0.04830430820584297,nan,0.21977496147155762,nan,0.03588137070638453,0.01808021349759864,0.017801157208785945,0.4645161339073841
45,scratch,1260,0.048298921436071396,0.00020824636158067733,0.99993896484375,6.103515625e-05,1,472,1,0.048279937356710434,0.359308660030365,0.21972671151161194,0.0,0.03585464911903813,0.017671269001666674,0.01818338011737142,0.45495790701599825
45,scratch,1280,0.04833466187119484,0.00020824636158067733,0.99993896484375,6.103515625e-05,1,467,1,0.048315681517124176,0.359308660030365,0.21980594098567963,0.0,0.03584502636677911,0.017671269001666674,0.018173757365112366,0.4476529194150519
45,scratch,1300,0.04829831421375275,0.00020824636158067733,0.99993896484375,6.103515625e-05,1,471,1,0.048279330134391785,0.359308660030365,0.2197168916463852,0.0,0.03580005694694677,0.017671269001666674,0.01812878794527991,0.44910265448627096
45,scratch,1320,0.047987569123506546,0.00020824636158067733,0.99993896484375,6.103515625e-05,1,465,1,0.04796856269240379,0.359308660030365,0.2190084159374237,0.0,0.03737705388649459,0.017671269001666674,0.019705784884827847,0.4529622391353062
45,scratch,1340,0.04829373210668564,0.00020824636158067733,0.99993896484375,6.103515625e-05,1,470,1,0.04827475547790527,0.359308660030365,0.21970981359481812,0.0,0.03503221590673178,0.017671269001666674,0.01736094690506493,0.44411417614239534
45,scratch,1360,0.04851164668798447,0.00020824636158067733,0.9998779296875,0.0001220703125,1,470,2,0.04847375303506851,0.35889217257499695,0.22016192972660065,0.020408153533935547,0.03505602365495264,0.017346940924191843,0.01770908273076079,0.4323059240639143
45,scratch,1380,0.048339903354644775,0.00020824636158067733,0.9998779296875,0.0001220703125,1,473,2,0.04830199107527733,0.35889217257499695,0.2197687029838562,0.020408153533935547,0.03451109686303511,0.017346940924191843,0.017164155938843118,0.4276960211361459
45,scratch,1400,0.048536866903305054,0.00020824636158067733,0.9998779296875,0.0001220703125,1,469,2,0.0484989732503891,0.35889217257499695,0.22022207081317902,0.020408153533935547,0.035084822972031304,0.017346940924191843,0.017737882047839278,0.4195548802169672
45,scratch,1420,0.04846329614520073,0.00020824636158067733,0.9998779296875,0.0001220703125,1,473,2,0.048425398766994476,0.35889217257499695,0.22004976868629456,0.020408153533935547,0.034527657742920326,0.017346940924191843,0.01718071681872838,0.42164228529938763
45,scratch,1440,0.04828031733632088,0.00020824636158067733,0.9998779296875,0.0001220703125,1,468,2,0.04824239760637283,0.35889217257499695,0.21963712573051453,0.020408153533935547,0.03484538156791217,0.017346940924191843,0.01749844064372027,0.4187129058488811
45,scratch,1460,0.048486124724149704,0.00020824636158067733,0.9998779296875,0.0001220703125,1,473,2,0.04844822734594345,0.35889217257499695,0.22010043263435364,0.020408153533935547,0.034217430788167746,0.017346940924191843,0.01687048986397582,0.4120572323233521
45,scratch,1480,0.04846619442105293,0.00020824636158067733,0.9998779296875,0.0001220703125,1,474,1,0.0484282448887825,0.359308660030365,0.22004377841949463,0.0,0.03432291309601254,0.017346940924191843,0.01697597217182056,0.40664641129908186
45,scratch,1500,0.04840889573097229,0.00020824636158067733,0.9998779296875,0.0001220703125,1,471,1,0.04837094247341156,0.359308660030365,0.21992787718772888,0.0,0.03440726724530663,0.017346940924191843,0.017060326321114684,0.4024628264239457
45,scratch,1520,0.04846568405628204,0.00020824636158067733,0.9998779296875,0.0001220703125,1,471,1,0.04842773824930191,0.359308660030365,0.2200537770986557,0.0,0.033573893160983914,0.017346940924191843,0.016226952236792068,0.3957810386352524
45,scratch,1540,0.04829109460115433,0.00020824636158067733,0.9998779296875,0.0001220703125,1,468,2,0.04825286939740181,0.3613911271095276,0.21966469287872314,0.020408153533935547,0.034103990132472006,0.017346940924191843,0.016757049208280115,0.3913061270002093
45,scratch,1560,0.04855700209736824,0.00020824636158067733,0.99981689453125,0.00018310546875,1,468,3,0.04849912226200104,0.3645842373371124,0.22021682560443878,0.0333263985812664,0.03384673163255769,0.01705455310467452,0.0167921785278831,0.380679680064279
45,scratch,1580,0.04848841205239296,0.00020824636158067733,0.9998779296875,0.0001220703125,1,468,2,0.04845020920038223,0.3613911271095276,0.22011405229568481,0.020408153533935547,0.0334429863507566,0.017346940924191843,0.016096045426564676,0.3747826659025325
45,scratch,1600,0.04853905737400055,0.00020824636158067733,0.99981689453125,0.00018310546875,1,469,3,0.04848117753863335,0.3645842373371124,0.2201770693063736,0.0333263985812664,0.033876140187395265,0.01705455310467452,0.01682158708272072,0.37268022756390773
45,scratch,1620,0.04847859963774681,0.00020824636158067733,0.9998779296875,0.0001220703125,1,473,2,0.048440396785736084,0.3613911271095276,0.2200831025838852,0.020408153533935547,0.033334270869282534,0.017346940924191843,0.01598732994509051,0.37133033880738575
45,scratch,1640,0.04854576662182808,0.00020824636158067733,0.99981689453125,0.00018310546875,1,473,3,0.048487886786460876,0.3645842373371124,0.2201952040195465,0.0333263985812664,0.03316441892840061,0.01705455310467452,0.016109865823725946,0.3616472599685242
45,scratch,1660,0.04842120409011841,0.00020824636158067733,0.99981689453125,0.00018310546875,1,467,3,0.048363301903009415,0.3645842373371124,0.21991607546806335,0.0333263985812664,0.03334685148748662,0.01705455310467452,0.016292298382811998,0.3627534611593749
45,scratch,1680,0.0485745444893837,0.00020824636158067733,0.99981689453125,0.00018310546875,1,470,3,0.04851666837930679,0.3645842373371124,0.22026419639587402,0.0333263985812664,0.033556302623956924,0.01705455310467452,0.01650174951928225,0.35314676105255993
45,scratch,1700,0.04845603182911873,0.00020824636158067733,0.99981689453125,0.00018310546875,1,470,3,0.04839813709259033,0.3645842373371124,0.21999052166938782,0.0333263985812664,0.03314584439814183,0.01705455310467452,0.01609129129346733,0.35551584461129304
45,scratch,1720,0.048698391765356064,0.00020824636158067733,0.99981689453125,0.00018310546875,1,473,3,0.04864054173231125,0.3645842373371124,0.22054071724414825,0.0333263985812664,0.03271586873616883,0.01705455310467452,0.015661315631494366,0.3358825012480541
45,scratch,1740,0.04871654137969017,0.00020824636158067733,0.99981689453125,0.00018310546875,1,475,3,0.04865803197026253,0.3681938648223877,0.22058482468128204,0.05090690776705742,0.03235569010595185,0.01705455310467452,0.015301137001277254,0.3283100977139132
45,scratch,1760,0.04888518527150154,0.00020824636158067733,0.99981689453125,0.00018310546875,1,474,3,0.048826705664396286,0.3681938648223877,0.22094950079917908,0.05090690776705742,0.03293094195415591,0.01705455310467452,0.015876388849481414,0.3181747084606489
45,scratch,1780,0.04865003749728203,0.00020824636158067733,0.99981689453125,0.00018310546875,1,472,3,0.04859152063727379,0.3681938648223877,0.2204282581806183,0.05090690776705742,0.03269874315466126,0.01705455310467452,0.015644190049986798,0.31278387494305415
45,scratch,1800,0.048606015741825104,0.00020824636158067733,0.99981689453125,0.00018310546875,1,474,3,0.04854748398065567,0.3681938648223877,0.22033193707466125,0.05090690776705742,0.032267425304063124,0.01705455310467452,0.015212872199388574,0.31337635796873864
45,scratch,1820,0.048592183738946915,0.00020824636158067733,0.99981689453125,0.00018310546875,1,473,3,0.04853431507945061,0.3645842373371124,0.2202998697757721,0.0333263985812664,0.031667967960139265,0.01705455310467452,0.014613414855464664,0.316042966886673
45,scratch,1840,0.048602763563394547,0.00020824636158067733,0.99981689453125,0.00018310546875,1,474,3,0.04854489117860794,0.3645842373371124,0.2203243225812912,0.0333263985812664,0.031723326734400814,0.01705455310467452,0.014668773629726286,0.3138595932548217
45,scratch,1860,0.0488574244081974,0.00020824636158067733,0.99981689453125,0.00018310546875,1,476,3,0.048799604177474976,0.3645842373371124,0.22088077664375305,0.0333263985812664,0.031921766312926536,0.01705455310467452,0.014867213208251904,0.30885852755520526
45,scratch,1880,0.04870937392115593,0.00020824636158067733,0.99981689453125,0.00018310546875,1,477,3,0.04865152761340141,0.3645842373371124,0.22056685388088226,0.0333263985812664,0.0321277427285267,0.01705455310467452,0.01507318962385204,0.30745583964810275
45,scratch,1900,0.04869330674409866,0.00020824636158067733,0.99981689453125,0.00018310546875,1,477,3,0.04863545671105385,0.3645842373371124,0.22053226828575134,0.0333263985812664,0.032113897650752676,0.01705455310467452,0.015059344546078181,0.30899379272225114
45,scratch,1920,0.04890831559896469,0.00020824636158067733,0.99981689453125,0.00018310546875,1,477,3,0.04885050281882286,0.3645842373371124,0.22100773453712463,0.0333263985812664,0.031176084288937034,0.01705455310467452,0.01412153118426238,0.3055778141067297
45,scratch,1940,0.04874537140130997,0.00020824636158067733,0.99981689453125,0.00018310546875,1,480,3,0.04868686571717262,0.3681938648223877,0.22064714133739471,0.05090690776705742,0.03205829331292165,0.01705455310467452,0.01500374020824716,0.2954010059263258
45,scratch,1960,0.04859783127903938,0.00020824636158067733,0.99981689453125,0.00018310546875,1,477,3,0.04853995889425278,0.3645842373371124,0.22031520307064056,0.0333263985812664,0.031703642715193325,0.01705455310467452,0.014649089610518654,0.3025027390692433
45,scratch,1980,0.048734791576862335,0.00020824636158067733,0.99981689453125,0.00018310546875,1,478,3,0.048676952719688416,0.3645842373371124,0.22062630951404572,0.0333263985812664,0.03159772852105647,0.01705455310467452,0.014543175416381992,0.2988014904264876
45,scratch,2000,0.048896368592977524,0.00020824636158067733,0.99981689453125,0.00018310546875,1,482,3,0.048839520663022995,0.3593086302280426,0.2209911346435547,0.04302418977022171,0.03118893476513307,0.01705455310467452,0.0141343816604586,0.28419064113470294
45,mle,0,0.8382323980331421,0.00020824636158067733,0.37762451171875,0.62237548828125,2,1281,1132,0.9312098622322083,0.7818184494972229,0.7110745906829834,0.712488055229187,13.843606118756917,1.8471098672237085,11.996496251533209,2.7909335338924595
45,mle,100,0.05913786590099335,0.00020824636158067733,0.98150634765625,0.01849365234375,2,540,169,0.05470256879925728,0.2945308983325958,0.23359337449073792,0.28109127283096313,0.04962556601113732,9.326558295211533e-06,0.0496162394528422,0.055445603903283236
45,mle,200,0.05682249367237091,0.00020824636158067733,0.98394775390625,0.01605224609375,2,545,163,0.052964210510253906,0.29332220554351807,0.2299925684928894,0.29222485423088074,0.03294279810526035,0.0001024412439107193,0.03284035686134966,0.044711030430992005
45,mle,300,0.0568392276763916,0.00020824636158067733,0.98333740234375,0.01666259765625,2,543,177,0.052804991602897644,0.2949184775352478,0.2296116203069687,0.30166834592819214,0.027470770110276987,4.5827791944071106e-05,0.027424942318332875,0.04075913645712925
45,mle,400,0.0561535470187664,0.00020824636158067733,0.98065185546875,0.01934814453125,2,543,190,0.05144646391272545,0.2947298586368561,0.22674421966075897,0.3017513155937195,0.025977390891249286,5.667600809658056e-05,0.02592071488315266,0.03626797824901795
45,mle,500,0.05398084968328476,0.00020824636158067733,0.9835205078125,0.0164794921875,2,528,171,0.05006862431764603,0.28746819496154785,0.2232816368341446,0.2895137369632721,0.02442056863238662,6.038654539865522e-05,0.024360182086987887,0.03824921507541357
45,mle,600,0.055370528250932693,0.00020824636158067733,0.98443603515625,0.01556396484375,2,550,157,0.05185674503445625,0.27762043476104736,0.2277207225561142,0.2669681906700134,0.016429881594568485,0.00016467485582321402,0.016265206738745444,0.030858273967826144
45,mle,700,0.055473752319812775,0.00020824636158067733,0.98297119140625,0.01702880859375,2,542,175,0.05170200392603874,0.2731945812702179,0.22726301848888397,0.26794150471687317,0.013287709094775835,2.282727163631479e-05,0.013264881823139518,0.030504667746501846
45,mle,800,0.05353322625160217,0.00020824636158067733,0.984375,0.015625,2,529,164,0.05009455606341362,0.27016934752464294,0.22292396426200867,0.2593775689601898,0.025677141573588358,0.00015605437165852262,0.025521087201929703,0.038456251998215785
45,mle,900,0.05511213093996048,0.00020824636158067733,0.98162841796875,0.01837158203125,2,536,189,0.05112108960747719,0.2683609426021576,0.2260686457157135,0.25948968529701233,0.013653398076904466,5.804504365559558e-06,0.01364759357253892,0.027637948530102485
45,mle,1000,0.0535992756485939,0.00020824636158067733,0.98248291015625,0.01751708984375,2,534,179,0.04984365776181221,0.2642408311367035,0.22316524386405945,0.2521339952945709,0.014331599413900165,4.59501435601771e-06,0.014327004399543989,0.028808665360631758
45,mle,1100,0.0536445714533329,0.00020824636158067733,0.98309326171875,0.01690673828125,2,539,176,0.049776434898376465,0.2785690724849701,0.222855806350708,0.2767258584499359,0.015448484300769394,2.9595436466173632e-05,0.0154188888643032,0.028906927873979193
45,mle,1200,0.05373014882206917,0.00020824636158067733,0.9835205078125,0.0164794921875,2,533,177,0.05014543980360031,0.2676708996295929,0.2236807644367218,0.2576918601989746,0.0139784557252014,6.038654539865522e-05,0.013918069179802746,0.02855941649679361
45,mle,1300,0.053760744631290436,0.00020824636158067733,0.98187255859375,0.01812744140625,2,535,173,0.04986747354269028,0.26463988423347473,0.2231299877166748,0.2538440227508545,0.015016986079182004,1.2446734454653178e-06,0.015015741405736593,0.02771335586359991
45,mle,1400,0.05558592826128006,0.00020824636158067733,0.98223876953125,0.01776123046875,2,560,185,0.05159412696957588,0.2763420343399048,0.22712406516075134,0.26864054799079895,0.013586245040833944,6.980790792934192e-07,0.01358554696175463,0.029269730250891635
45,mle,1500,0.05277542769908905,0.00020824636158067733,0.9832763671875,0.0167236328125,2,527,165,0.04921560361981392,0.2620772123336792,0.22180987894535065,0.24843671917915344,0.009878321900224307,4.143069361497087e-05,0.0098368912066092,0.0274352830317387
45,mle,1600,0.05827445909380913,0.00020824636158067733,0.97991943359375,0.02008056640625,2,561,199,0.05389012023806572,0.27222740650177,0.23175352811813354,0.26797011494636536,0.020603279801626684,0.0001279618721456966,0.020475317929481034,0.03231445671619648
45,mle,1700,0.05475230887532234,0.00020824636158067733,0.98309326171875,0.01690673828125,2,546,164,0.05119158327579498,0.2618010938167572,0.22595429420471191,0.2482375055551529,0.014146371344587294,2.9595436466173632e-05,0.01411677590812109,0.029266766935254318
45,mle,1800,0.05467601493000984,0.00020824636158067733,0.98345947265625,0.01654052734375,2,545,170,0.05116603523492813,0.2633707523345947,0.22618438303470612,0.24947157502174377,0.010502919664041599,5.530489307641051e-05,0.010447614770965096,0.0286669172207642
45,mle,1900,0.052376843988895416,0.00020824636158067733,0.98431396484375,0.01568603515625,2,520,165,0.04901910945773125,0.26307764649391174,0.22120045125484467,0.24971342086791992,0.013140647177543485,0.00014767609110137754,0.012992971086442285,0.027738164499826135
45,mle,2000,0.055288467556238174,0.00020824636158067733,0.98077392578125,0.01922607421875,2,549,186,0.05108577758073807,0.2696792781352997,0.2255932092666626,0.2620764672756195,0.014472814429801417,4.751598148892717e-05,0.014425298448312522,0.02994235911384957
45,mle,2100,0.05426671355962753,0.00020824636158067733,0.98199462890625,0.01800537109375,2,537,166,0.05048377066850662,0.2605842053890228,0.2245739847421646,0.24135072529315948,0.011881076134351076,2.1781680963674785e-07,0.011880858317541605,0.026621716366864612
45,mle,2200,0.054983675479888916,0.00020824636158067733,0.980712890625,0.019287109375,2,528,191,0.050552431493997574,0.28030407428741455,0.22449439764022827,0.2742093503475189,0.016910857273806812,5.199752074048114e-05,0.01685885975306632,0.030534192483830602
45,mle,2300,0.054067954421043396,0.00020824636158067733,0.982177734375,0.017822265625,2,534,175,0.05022039636969566,0.26610544323921204,0.2240409255027771,0.2558380663394928,0.010629860866366414,2.594987545213379e-07,0.01062960136761179,0.025134135205664543
45,mle,2400,0.05400223657488823,0.00020824636158067733,0.9813232421875,0.0186767578125,2,534,181,0.0499565564095974,0.26657217741012573,0.22338411211967468,0.2547241747379303,0.012776025585672812,1.6147234207725147e-05,0.012759878351464877,0.02560016648269292
45,mle,2500,0.05534110590815544,0.00020824636158067733,0.97998046875,0.02001953125,2,544,178,0.05118180438876152,0.25894394516944885,0.22612102329730988,0.23946572840213776,0.012517690265859471,0.00012096644421126729,0.012396723821648218,0.027341018453373445
45,mle,2600,0.054016806185245514,0.00020824636158067733,0.97979736328125,0.02020263671875,2,529,192,0.04951575770974159,0.27231064438819885,0.22239916026592255,0.26615267992019653,0.016016556554141914,0.00014252012339656698,0.015874036430745357,0.02593093349489417
45,mle,2700,0.053983286023139954,0.00020824636158067733,0.98236083984375,0.01763916015625,2,545,175,0.05013436824083328,0.26833727955818176,0.22387395799160004,0.25892287492752075,0.013438355687149794,2.2165703591080135e-06,0.01343613911679075,0.0245763354111862
45,mle,2800,0.05571979284286499,0.00020824636158067733,0.9815673828125,0.0184326171875,2,552,183,0.05173343047499657,0.2680000960826874,0.22726215422153473,0.25921887159347534,0.016382790170801798,7.462581939157958e-06,0.016375327588862683,0.028877049168588464
45,mle,2900,0.05424491688609123,0.00020824636158067733,0.9818115234375,0.0181884765625,2,534,177,0.05041024461388588,0.26123982667922974,0.22386892139911652,0.24479205906391144,0.019679343684593675,2.0723988331725865e-06,0.019677271285760446,0.030613039118836505
45,mle,3000,0.05357164517045021,0.00020824636158067733,0.98089599609375,0.01910400390625,2,529,186,0.0495186373591423,0.26167356967926025,0.2223564088344574,0.24723565578460693,0.01483741153079876,3.914620295990701e-05,0.014798265327838914,0.03019555183775291
45,mle,3100,0.05463317036628723,0.00020824636158067733,0.98138427734375,0.01861572265625,2,541,182,0.05059901624917984,0.26730597019195557,0.22489862143993378,0.25594666600227356,0.013037670222011855,1.3669544643492315e-05,0.013024000677368315,0.025866776705445127
45,mle,3200,0.05526209622621536,0.00020824636158067733,0.98065185546875,0.01934814453125,2,546,193,0.05106908828020096,0.26778262853622437,0.2259570062160492,0.2592688798904419,0.0126969379927786,5.667600809658056e-05,0.012640261984681832,0.024560311300522053
45,mle,3300,0.054688844829797745,0.00020824636158067733,0.98260498046875,0.01739501953125,2,546,164,0.05102138966321945,0.2618550956249237,0.2255444973707199,0.24398738145828247,0.013406946142104914,7.839296277005687e-06,0.01339910684582815,0.029047929318696597
45,mle,3400,0.05388817936182022,0.00020824636158067733,0.98150634765625,0.01849365234375,2,537,186,0.049773961305618286,0.27224093675613403,0.22300222516059875,0.26765140891075134,0.01269787558722868,9.326558295211533e-06,0.012688549028933377,0.025214329166121652
45,mle,3500,0.05401986464858055,0.00020824636158067733,0.9808349609375,0.0191650390625,2,532,186,0.04984904080629349,0.2674758732318878,0.22326530516147614,0.2580960690975189,0.010140693681215396,4.3232003280540806e-05,0.01009746167793504,0.024388139384175056
45,mle,3600,0.05479723960161209,0.00020824636158067733,0.98321533203125,0.01678466796875,2,547,164,0.05127497389912605,0.2611252963542938,0.22638216614723206,0.24133607745170593,0.01065779398069111,3.726014047560934e-05,0.010620533840215562,0.02541302170058979
45,mle,3700,0.05297926440834999,0.00020824636158067733,0.981201171875,0.018798828125,2,526,177,0.04892566055059433,0.2645564675331116,0.22104674577713013,0.25043797492980957,0.012730119000671891,2.1711737380420175e-05,0.012708407263291414,0.026676305577641224
45,mle,3800,0.054117169231176376,0.00020824636158067733,0.9815673828125,0.0184326171875,2,533,186,0.05007289722561836,0.26948124170303345,0.22374889254570007,0.26021718978881836,0.01337774237637035,7.462581939157958e-06,0.013370279794431115,0.024833858894200866
45,mle,3900,0.053864143788814545,0.00020824636158067733,0.98199462890625,0.01800537109375,2,542,177,0.0500480942428112,0.2619875967502594,0.2236466258764267,0.24709290266036987,0.010551273990323295,2.1781680963674785e-07,0.010551056173513684,0.02539129550197894
45,mle,4000,0.054437555372714996,0.00020824636158067733,0.97998046875,0.02001953125,2,543,183,0.0502069815993309,0.26152923703193665,0.22383899986743927,0.24769040942192078,0.00978506585689587,0.00012096644421126729,0.009664099412684696,0.027691250820428004
45,mle,4100,0.05316659435629845,0.00020824636158067733,0.9814453125,0.0185546875,2,531,173,0.04918379336595535,0.2638357877731323,0.22169101238250732,0.24865499138832092,0.014146693771373009,1.1395766658824406e-05,0.014135298004714286,0.02744379173302358
45,mle,4200,0.05396391078829765,0.00020824636158067733,0.9818115234375,0.0181884765625,2,538,174,0.050187062472105026,0.25783804059028625,0.22398272156715393,0.2383251190185547,0.010504488804336631,2.0723988331725865e-06,0.010502416405503387,0.025153107759908644
45,mle,4300,0.05343930795788765,0.00020824636158067733,0.98211669921875,0.01788330078125,2,527,166,0.04971933737397194,0.257732629776001,0.2228601723909378,0.23922227323055267,0.012690726202173153,3.3736234420838295e-08,0.012690692465938975,0.027833021188346074
45,mle,4400,0.055056940764188766,0.00020824636158067733,0.98016357421875,0.01983642578125,2,543,182,0.05087319761514664,0.2617851495742798,0.22503946721553802,0.24735796451568604,0.01383472292237542,0.00010112174604966196,0.01373360117632557,0.03181882451528717
45,mle,4500,0.05482402443885803,0.00020824636158067733,0.9808349609375,0.0191650390625,2,540,183,0.05078180879354477,0.26169803738594055,0.22528526186943054,0.24586163461208344,0.0116253449743553,4.3232003280540806e-05,0.011582112971074802,0.025555176792042666
45,mle,4600,0.05474604293704033,0.00020824636158067733,0.98138427734375,0.01861572265625,2,530,173,0.05082525312900543,0.26144230365753174,0.22512532770633698,0.24361839890480042,0.015787983531673433,1.3669544643492315e-05,0.015774313987029966,0.029830488165973557
45,mle,4700,0.05487259849905968,0.00020824636158067733,0.98126220703125,0.01873779296875,2,542,179,0.050955742597579956,0.2599906325340271,0.22565776109695435,0.24261267483234406,0.012361908870126115,1.8828181612866486e-05,0.012343080688513247,0.02622710030184161
45,mle,4800,0.053606778383255005,0.00020824636158067733,0.9808349609375,0.0191650390625,2,522,181,0.04955005645751953,0.261223167181015,0.22258374094963074,0.2463788241147995,0.00966693816027231,4.3232003280540806e-05,0.009623706156991771,0.0242582862999573
45,mle,4900,0.05232620611786842,0.00020824636158067733,0.983642578125,0.016357421875,2,521,154,0.04885317385196686,0.2611747980117798,0.22102102637290955,0.22601929306983948,0.012228295541909517,7.124022325379347e-05,0.012157055318655775,0.028408977967703586
45,mle,5000,0.05412041395902634,0.00020824636158067733,0.98040771484375,0.01959228515625,2,535,183,0.04990287870168686,0.2651682198047638,0.22290776669979095,0.25307947397232056,0.021861375629860902,7.734731442828914e-05,0.021784028315432524,0.03387815220114343
45,warm,0,0.05412041395902634,0.00020824636158067733,0.98040771484375,0.01959228515625,2,535,183,0.04990287870168686,0.2651682198047638,0.22290776669979095,0.25307947397232056,0.021861375629860902,7.734731442828914e-05,0.021784028315432524,0.03387815220114343
45,warm,20,0.05390090495347977,0.00020824636158067733,0.98077392578125,0.01922607421875,2,530,185,0.04986369237303734,0.25985005497932434,0.22329774498939514,0.24373759329319,0.009854818454378744,4.751598148892717e-05,0.009807302472889745,0.022937388043576257
45,warm,40,0.05318998172879219,0.00020824636158067733,0.98150634765625,0.01849365234375,2,522,176,0.049374017864465714,0.25571319460868835,0.22219641506671906,0.23448166251182556,0.008829270482429763,9.326558295211533e-06,0.008819943924134535,0.023483227153267117
45,warm,60,0.0531965047121048,0.00020824636158067733,0.98193359375,0.01806640625,2,520,170,0.04944318160414696,0.2571946382522583,0.22235435247421265,0.23685809969902039,0.009269433190830512,6.262480897856301e-07,0.009268806942740803,0.023366989102871494
45,warm,80,0.053139787167310715,0.00020824636158067733,0.98162841796875,0.01837158203125,2,521,174,0.04929948225617409,0.25833460688591003,0.2220316082239151,0.24041026830673218,0.008628393494483078,5.804504365559558e-06,0.008622588990117723,0.02339800613910692
45,warm,100,0.05342727154493332,0.00020824636158067733,0.98193359375,0.01806640625,2,521,174,0.04968409612774849,0.25687381625175476,0.22289806604385376,0.23752227425575256,0.008448753717139823,6.262480897856301e-07,0.008448127469050111,0.023229388055117206
45,warm,120,0.05317980796098709,0.00020824636158067733,0.98150634765625,0.01849365234375,2,518,179,0.04932967200875282,0.2575165927410126,0.222091406583786,0.23934893310070038,0.008627656927465921,9.326558295211533e-06,0.008618330369170826,0.02330822272844879
45,warm,140,0.053032152354717255,0.00020824636158067733,0.981689453125,0.018310546875,2,524,176,0.04921553283929825,0.25765374302864075,0.22184541821479797,0.23963642120361328,0.009008173867378844,4.352996780999376e-06,0.009003820870597841,0.023498200477408582
45,warm,160,0.05313848704099655,0.00020824636158067733,0.98199462890625,0.01800537109375,2,525,168,0.04941646009683609,0.25613412261009216,0.22228866815567017,0.2360197752714157,0.009608991793548682,2.1781680963674785e-07,0.00960877397673912,0.023234827662892976
45,warm,180,0.05289945378899574,0.00020824636158067733,0.9822998046875,0.0177001953125,2,525,166,0.0492674857378006,0.25446152687072754,0.22196058928966522,0.2322303056716919,0.009587653287063347,1.3501952741154055e-06,0.00958630309178902,0.023434791299880353
45,warm,200,0.05331747978925705,0.00020824636158067733,0.98223876953125,0.01776123046875,2,524,168,0.049664635211229324,0.2553284764289856,0.2228403240442276,0.23402467370033264,0.008747737236454611,6.980790792934192e-07,0.008747039157375262,0.02324965704676496
45,warm,220,0.05340136960148811,0.00020824636158067733,0.98223876953125,0.01776123046875,2,521,169,0.04971116781234741,0.2574782073497772,0.22295372188091278,0.23853249847888947,0.00953050865083327,6.980790792934192e-07,0.009529810571753823,0.02340618392256355
45,warm,240,0.05295092985033989,0.00020824636158067733,0.98199462890625,0.01800537109375,2,519,166,0.049240633845329285,0.25530675053596497,0.22190020978450775,0.23410660028457642,0.008846913173520932,2.1781680963674785e-07,0.008846695356711334,0.023544955104373266
45,warm,260,0.053180940449237823,0.00020824636158067733,0.98199462890625,0.01800537109375,2,515,161,0.0494694709777832,0.2556004524230957,0.22240981459617615,0.23518545925617218,0.008790050880826072,2.1781680963674785e-07,0.008789833064016468,0.0234792880007465
45,warm,280,0.05315122753381729,0.00020824636158067733,0.98223876953125,0.01776123046875,2,519,164,0.049486059695482254,0.25584372878074646,0.22244268655776978,0.23560549318790436,0.008778039366198698,6.980790792934192e-07,0.008777341287119402,0.023667224770835937
45,warm,300,0.0533486045897007,0.00020824636158067733,0.98211669921875,0.01788330078125,2,520,165,0.049649715423583984,0.2564845383167267,0.22281548380851746,0.23668169975280762,0.009072456137992901,3.3736234420838295e-08,0.00907242240175859,0.023507731094216333
45,warm,320,0.053164031356573105,0.00020824636158067733,0.98236083984375,0.01763916015625,2,516,165,0.04952418804168701,0.2558742165565491,0.22252656519412994,0.23558056354522705,0.009018009033944452,2.2165703591080135e-06,0.009015792463585472,0.02362178785617497
45,warm,340,0.05354372039437294,0.00020824636158067733,0.982177734375,0.017822265625,2,531,169,0.04982849210500717,0.25828906893730164,0.2232222706079483,0.2405630648136139,0.009859823105408339,2.594987545213379e-07,0.00985956360665391,0.023565051313855556
45,warm,360,0.05267506465315819,0.00020824636158067733,0.98260498046875,0.01739501953125,2,520,162,0.04914456978440285,0.2521047592163086,0.22166119515895844,0.22787222266197205,0.009244443550606718,7.839296277005687e-06,0.009236604254329778,0.02388559818857383
45,warm,380,0.05324355512857437,0.00020824636158067733,0.98284912109375,0.01715087890625,2,523,161,0.049759987741708755,0.25287312269210815,0.22306090593338013,0.22970286011695862,0.00797369765515299,1.694932961073751e-05,0.007956748325542285,0.023454977076400874
45,warm,400,0.0531693771481514,0.00020824636158067733,0.98284912109375,0.01715087890625,2,524,157,0.049669049680233,0.2537594735622406,0.22286546230316162,0.2314615100622177,0.007709997982793482,1.694932961073751e-05,0.007693048653182811,0.02354598465965163
45,warm,420,0.053281065076589584,0.00020824636158067733,0.98236083984375,0.01763916015625,2,522,165,0.0496683195233345,0.2544820308685303,0.22285786271095276,0.23277652263641357,0.009312872615019785,2.2165703591080135e-06,0.009310656044660644,0.023263816496839618
45,warm,440,0.05327406898140907,0.00020824636158067733,0.982177734375,0.017822265625,2,521,165,0.04958639293909073,0.2565004229545593,0.22266320884227753,0.2371612787246704,0.00983509331145882,2.594987545213379e-07,0.009834833812704238,0.023348296447440853
45,warm,460,0.05356258153915405,0.00020824636158067733,0.98223876953125,0.01776123046875,2,524,174,0.049880120903253555,0.2572120130062103,0.2233334183692932,0.23819692432880402,0.009663504504906939,6.980790792934192e-07,0.009662806425827558,0.02320652760747388
45,warm,480,0.05301278829574585,0.00020824636158067733,0.982177734375,0.017822265625,2,521,169,0.04933781549334526,0.25553908944129944,0.22211027145385742,0.23497937619686127,0.009147410812339274,2.594987545213379e-07,0.009147151313584815,0.02341335026060032
45,warm,500,0.053482260555028915,0.00020824636158067733,0.982177734375,0.017822265625,2,523,173,0.04978738725185394,0.2571052014827728,0.2231210470199585,0.23879726231098175,0.009646046419412357,2.594987545213379e-07,0.009645786920657744,0.02350729975362109
45,warm,520,0.053347740322351456,0.00020824636158067733,0.98211669921875,0.01788330078125,2,525,164,0.04966239631175995,0.2557397186756134,0.22284458577632904,0.23555806279182434,0.00889294047393463,3.3736234420838295e-08,0.008892906737700323,0.02324040952291606
45,warm,540,0.053282275795936584,0.00020824636158067733,0.98187255859375,0.01812744140625,2,523,174,0.049535613507032394,0.256220281124115,0.222564697265625,0.23683875799179077,0.008856827240570908,1.2446734454653178e-06,0.008855582567125476,0.023110374336031136
45,warm,560,0.053044382482767105,0.00020824636158067733,0.98193359375,0.01806640625,2,524,168,0.049340300261974335,0.2543664276599884,0.2221166491508484,0.23297497630119324,0.009607381063879927,6.262480897856301e-07,0.009606754815790016,0.023158480013737326
45,warm,580,0.053197767585515976,0.00020824636158067733,0.98199462890625,0.01800537109375,2,527,169,0.049521610140800476,0.2536916136741638,0.22252748906612396,0.23150713741779327,0.008556382599827828,2.1781680963674785e-07,0.008556164783018272,0.023226823767547367
45,warm,600,0.053406231105327606,0.00020824636158067733,0.98248291015625,0.01751708984375,2,530,159,0.04984194412827492,0.253316193819046,0.2232520431280136,0.23076371848583221,0.009343772115435911,4.59501435601771e-06,0.009339177101079755,0.023450354987946676
45,warm,620,0.05319290980696678,0.00020824636158067733,0.9822998046875,0.0177001953125,2,526,154,0.049569275230169296,0.2542920410633087,0.22260048985481262,0.23269835114479065,0.008714022486138617,1.3501952741154055e-06,0.00871267229086441,0.023372481170301662
45,warm,640,0.052898868918418884,0.00020824636158067733,0.98260498046875,0.01739501953125,2,520,168,0.04936002194881439,0.2528003752231598,0.22215858101844788,0.22893652319908142,0.00948115230149682,7.839296277005687e-06,0.009473313005219934,0.023548065918223338
45,warm,660,0.053159456700086594,0.00020824636158067733,0.9822998046875,0.0177001953125,2,524,165,0.049522124230861664,0.25501877069473267,0.2225150316953659,0.23402222990989685,0.008474891874548973,1.3501952741154055e-06,0.008473541679274693,0.023302252892537845
45,warm,680,0.05323674902319908,0.00020824636158067733,0.982177734375,0.017822265625,2,529,165,0.049568891525268555,0.25537076592445374,0.22263632714748383,0.2348950207233429,0.009408602476661088,2.594987545213379e-07,0.009408342977906556,0.023109616988879034
45,warm,700,0.05327604338526726,0.00020824636158067733,0.9822998046875,0.0177001953125,2,529,167,0.04963143914937973,0.2555386424064636,0.22277241945266724,0.23501156270503998,0.008994461648590857,1.3501952741154055e-06,0.008993111453316533,0.023129980742598755
45,warm,720,0.05318709835410118,0.00020824636158067733,0.9825439453125,0.0174560546875,2,525,171,0.049632199108600616,0.25328055024147034,0.22278021275997162,0.2300107777118683,0.009384886711096385,6.108554543226717e-06,0.009378778156553198,0.023228317594405135
45,warm,740,0.053087782114744186,0.00020824636158067733,0.9827880859375,0.0172119140625,2,522,159,0.04962674528360367,0.25071027874946594,0.22274333238601685,0.22475168108940125,0.00900688737620925,1.4342242928365662e-05,0.008992545133280816,0.02347727909429731
45,warm,760,0.05322001501917839,0.00020824636158067733,0.98284912109375,0.01715087890625,2,521,162,0.049730297178030014,0.2532021701335907,0.22298146784305573,0.23046772181987762,0.008905023176531301,1.694932961073751e-05,0.008888073846920742,0.023555330176097677
45,warm,780,0.05309382081031799,0.00020824636158067733,0.98284912109375,0.01715087890625,2,519,164,0.04962947219610214,0.25162217020988464,0.2227766215801239,0.22695082426071167,0.007819312901311548,1.694932961073751e-05,0.007802363571700929,0.023532408697721885
45,warm,800,0.053099989891052246,0.00020824636158067733,0.98272705078125,0.01727294921875,2,523,162,0.04960684850811958,0.25183868408203125,0.2226913720369339,0.2276211977005005,0.008329665645042894,1.1955383956733937e-05,0.008317710261086301,0.023425578256794588
45,warm,820,0.05312338471412659,0.00020824636158067733,0.98260498046875,0.01739501953125,2,526,161,0.04958675429224968,0.25289973616600037,0.22267918288707733,0.22995291650295258,0.008309516015479801,7.839296277005687e-06,0.008301676719202924,0.023304235118050465
45,warm,840,0.05281735956668854,0.00020824636158067733,0.98272705078125,0.01727294921875,2,517,162,0.049311183393001556,0.25229784846305847,0.22205320000648499,0.22826740145683289,0.008441781130578363,1.1955383956733937e-05,0.008429825746621792,0.023529980456007515
45,warm,860,0.05305412784218788,0.00020824636158067733,0.9827880859375,0.0172119140625,2,528,163,0.049605488777160645,0.24996882677078247,0.22272266447544098,0.22347934544086456,0.00753439547425927,1.4342242928365662e-05,0.007520053231330644,0.023281556380172597
45,warm,880,0.05273493006825447,0.00020824636158067733,0.98291015625,0.01708984375,2,521,155,0.04932541772723198,0.2488308548927307,0.22208429872989655,0.220797598361969,0.00776063300164509,1.9777414010556317e-05,0.0077408555876345925,0.02415504603479557
45,warm,900,0.05287017300724983,0.00020824636158067733,0.98291015625,0.01708984375,2,518,161,0.049434300512075424,0.2504819631576538,0.22233441472053528,0.22462961077690125,0.007723895338322961,1.9777414010556317e-05,0.00770411792431249,0.02383626322327681
45,warm,920,0.05324137955904007,0.00020824636158067733,0.9827880859375,0.0172119140625,2,525,160,0.0498090535402298,0.249224454164505,0.22317196428775787,0.22182780504226685,0.007992180886695621,1.4342242928365662e-05,0.007977838643767082,0.023401927916640752
45,warm,940,0.05311040207743645,0.00020824636158067733,0.98284912109375,0.01715087890625,2,520,161,0.04967199265956879,0.2501518130302429,0.22286587953567505,0.22393637895584106,0.008175533403310453,1.694932961073751e-05,0.008158584073699791,0.023786300095455126
45,warm,960,0.052848804742097855,0.00020824636158067733,0.9830322265625,0.0169677734375,2,520,156,0.049456167966127396,0.24940238893032074,0.22236409783363342,0.2217259705066681,0.00784724859132524,2.6099683558122454e-05,0.007821148907767082,0.02395094774758244
45,warm,980,0.05291487276554108,0.00020824636158067733,0.9827880859375,0.0172119140625,2,522,157,0.04946860671043396,0.24969415366649628,0.22240115702152252,0.2227858453989029,0.007852811097301071,1.4342242928365662e-05,0.007838468854372569,0.023508672610407566
45,warm,1000,0.053092360496520996,0.00020824636158067733,0.9827880859375,0.0172119140625,2,522,162,0.04962923377752304,0.2508343458175659,0.22277392446994781,0.22471681237220764,0.008119648904731491,1.4342242928365662e-05,0.008105306661802904,0.023531596722680015
45,warm,1020,0.05322475731372833,0.00020824636158067733,0.982666015625,0.017333984375,2,526,159,0.04973631352186203,0.25098520517349243,0.22300957143306732,0.22577251493930817,0.008457583331811236,9.787988131962572e-06,0.008447795343679126,0.023322137750003358
45,warm,1040,0.053026437759399414,0.00020824636158067733,0.9825439453125,0.0174560546875,2,524,161,0.04949730262160301,0.2516699433326721,0.22246618568897247,0.22722525894641876,0.008562644885579118,6.108554543226717e-06,0.008556536331035937,0.02331726903568987
45,warm,1060,0.05295088142156601,0.00020824636158067733,0.9820556640625,0.0179443359375,2,526,158,0.04926642030477524,0.2545931935310364,0.22195559740066528,0.23329287767410278,0.008786685859568877,2.0078355873221903e-08,0.008786665781212922,0.02334083643720286
45,warm,1080,0.05343017354607582,0.00020824636158067733,0.98187255859375,0.01812744140625,2,526,171,0.049662161618471146,0.25752443075180054,0.22284716367721558,0.2390933334827423,0.00913985569078335,1.2446734454653178e-06,0.009138611017337935,0.02338132287761463
45,warm,1100,0.05314895883202553,0.00020824636158067733,0.982666015625,0.017333984375,2,531,170,0.04965167120099068,0.25141048431396484,0.2228199690580368,0.22631189227104187,0.008409391994256055,9.787988131962572e-06,0.008399604006124026,0.023482012592214496
45,warm,1120,0.053326502442359924,0.00020824636158067733,0.9825439453125,0.0174560546875,2,527,163,0.049774497747421265,0.25325724482536316,0.2230994552373886,0.23006486892700195,0.00796685129190422,6.108554543226717e-06,0.007960742737360896,0.023474347116209437
45,warm,1140,0.05276321619749069,0.00020824636158067733,0.98272705078125,0.01727294921875,2,522,166,0.04926063492894173,0.252038836479187,0.2219376116991043,0.22719477117061615,0.007199207917629735,1.1955383956733937e-05,0.007187252533673126,0.023484796038903633
45,warm,1160,0.05295122414827347,0.00020824636158067733,0.9827880859375,0.0172119140625,2,522,152,0.04947398602962494,0.2514989376068115,0.22242310643196106,0.22664089500904083,0.007554911273665255,1.4342242928365662e-05,0.007540569030736717,0.023484885424042923
45,warm,1180,0.052964888513088226,0.00020824636158067733,0.98291015625,0.01708984375,2,520,157,0.04954199120402336,0.2498304694890976,0.22257420420646667,0.22286070883274078,0.0073682158474284165,1.9777414010556317e-05,0.007348438433417849,0.02344532451454351
45,warm,1200,0.05287374556064606,0.00020824636158067733,0.9827880859375,0.0172119140625,2,521,155,0.0494084432721138,0.25073981285095215,0.22226718068122864,0.22509612143039703,0.007409446356369642,1.4342242928365662e-05,0.007395104113441118,0.023549891681543422
45,warm,1220,0.053103744983673096,0.00020824636158067733,0.98284912109375,0.01715087890625,2,531,154,0.0496714822947979,0.2497931718826294,0.22285641729831696,0.22296468913555145,0.008185904102184338,1.694932961073751e-05,0.008168954772573572,0.023208202081807294
45,warm,1240,0.05280425772070885,0.00020824636158067733,0.98321533203125,0.01678466796875,2,523,155,0.04946519434452057,0.24840030074119568,0.22240526974201202,0.2197883427143097,0.0071746011819513456,3.726014047560934e-05,0.007137341041475802,0.024024906568886117
45,warm,1260,0.05253889039158821,0.00020824636158067733,0.9835205078125,0.0164794921875,2,518,158,0.04922571778297424,0.25027382373809814,0.22184734046459198,0.22399240732192993,0.007929574370983516,6.038654539865522e-05,0.007869187825584805,0.024283304592902177
45,warm,1280,0.05286518484354019,0.00020824636158067733,0.98297119140625,0.01702880859375,2,519,156,0.049466099590063095,0.2490738034248352,0.2224002182483673,0.22093045711517334,0.007611678404110478,2.282727163631479e-05,0.007588851132474044,0.024132983781530393
45,warm,1300,0.053002506494522095,0.00020824636158067733,0.98297119140625,0.01702880859375,2,523,164,0.049562253057956696,0.25158771872520447,0.2226169854402542,0.22665229439735413,0.0074859139642384775,2.282727163631479e-05,0.007463086692602217,0.02392675674557021
45,warm,1320,0.05264286324381828,0.00020824636158067733,0.98345947265625,0.01654052734375,2,521,149,0.04936053603887558,0.24780219793319702,0.22213274240493774,0.21700738370418549,0.007609733264153817,5.530489307641051e-05,0.0075544283710775135,0.02438319765562691
45,warm,1340,0.05281718820333481,0.00020824636158067733,0.98358154296875,0.01641845703125,2,524,148,0.04957716912031174,0.24691741168498993,0.22265920042991638,0.21654370427131653,0.007196806611510453,6.569804208159894e-05,0.007131108569428689,0.023975863493180705
45,warm,1360,0.05261684209108353,0.00020824636158067733,0.9833984375,0.0166015625,2,520,156,0.0493052676320076,0.24877868592739105,0.22202831506729126,0.2207667976617813,0.007749062897538295,5.045225118897423e-05,0.007698610646349379,0.024239723847788164
45,warm,1380,0.05282357707619667,0.00020824636158067733,0.98321533203125,0.01678466796875,2,515,158,0.049469076097011566,0.24932414293289185,0.22240833938121796,0.22197453677654266,0.007613525886164041,3.726014047560934e-05,0.007576265745688499,0.02365258838173967
45,warm,1400,0.05255981907248497,0.00020824636158067733,0.98370361328125,0.01629638671875,2,516,148,0.04934817925095558,0.24642495810985565,0.2221440076828003,0.2124757468700409,0.007409017133078066,7.701393531436536e-05,0.007332003197763553,0.025071786237024107
45,warm,1420,0.052535828202962875,0.00020824636158067733,0.983642578125,0.016357421875,2,522,152,0.04930352047085762,0.24690833687782288,0.22201654314994812,0.2165497988462448,0.0071604767947164305,7.124022325379347e-05,0.007089236571462637,0.02428177251633523
45,warm,1440,0.052771393209695816,0.00020824636158067733,0.98345947265625,0.01654052734375,2,517,152,0.049473799765110016,0.24883805215358734,0.22242237627506256,0.22071930766105652,0.007001379519543605,5.530489307641051e-05,0.006946074626467181,0.02390593908123473
45,warm,1460,0.05292470008134842,0.00020824636158067733,0.98321533203125,0.01678466796875,2,520,153,0.0495665967464447,0.24963614344596863,0.22261935472488403,0.2225915640592575,0.007270723719749128,3.726014047560934e-05,0.007233463579273514,0.023914652826281135
45,warm,1480,0.05309349671006203,0.00020824636158067733,0.983154296875,0.016845703125,2,524,154,0.04972955957055092,0.24942083656787872,0.22299446165561676,0.22216695547103882,0.007665488694520661,3.331532273338398e-05,0.007632173371787195,0.0237026521287792
45,warm,1500,0.052761003375053406,0.00020824636158067733,0.9830322265625,0.0169677734375,2,522,151,0.049385156482458115,0.24834167957305908,0.22222653031349182,0.2194197177886963,0.006819998962065199,2.6099683558122454e-05,0.006793899278506948,0.02365178573447546
45,warm,1520,0.05575944483280182,0.00020824636158067733,0.98291015625,0.01708984375,2,550,156,0.0523490309715271,0.2519069314002991,0.22871296107769012,0.22769390046596527,0.011538913793820882,1.9777414010556317e-05,0.011519136379810384,0.027822591008518693
45,warm,1540,0.053881481289863586,0.00020824636158067733,0.982666015625,0.017333984375,2,534,162,0.05036923289299011,0.2529914081096649,0.22439713776111603,0.22995221614837646,0.01056206185622699,9.787988131962572e-06,0.010552273868095008,0.024200483771639747
45,warm,1560,0.0534239187836647,0.00020824636158067733,0.9825439453125,0.0174560546875,2,524,166,0.0499180369079113,0.2507582902908325,0.22341588139533997,0.22506287693977356,0.008868199453182513,6.108554543226717e-06,0.008862090898639223,0.023488438587012106
45,warm,1580,0.05322942137718201,0.00020824636158067733,0.98223876953125,0.01776123046875,2,521,169,0.049619294703006744,0.2528781294822693,0.22275187075138092,0.22950759530067444,0.008430398600658862,6.980790792934192e-07,0.008429700521579542,0.023475212926061695
45,warm,1600,0.05335764214396477,0.00020824636158067733,0.98223876953125,0.01776123046875,2,529,161,0.04974398761987686,0.2532016336917877,0.22303196787834167,0.229592964053154,0.009109839258790942,6.980790792934192e-07,0.009109141179711665,0.02349629837474121
45,warm,1620,0.05294293537735939,0.00020824636158067733,0.982177734375,0.017822265625,2,522,159,0.049346718937158585,0.25112879276275635,0.22213447093963623,0.22464613616466522,0.008814329929201392,2.594987545213379e-07,0.008814070430446967,0.023805828816623298
45,warm,1640,0.05322053283452988,0.00020824636158067733,0.98272705078125,0.01727294921875,2,521,157,0.04978642240166664,0.24860092997550964,0.223125159740448,0.22023674845695496,0.008311814854288002,1.1955383956733937e-05,0.00829985947033133,0.023745752980832813
45,warm,1660,0.05313565582036972,0.00020824636158067733,0.9830322265625,0.0169677734375,2,523,161,0.049761153757572174,0.24863828718662262,0.22306711971759796,0.22041401267051697,0.007473467492864927,2.6099683558122454e-05,0.007447367809306641,0.02377106792184558
45,warm,1680,0.05310110002756119,0.00020824636158067733,0.9827880859375,0.0172119140625,2,525,160,0.04965085908770561,0.25010767579078674,0.22281931340694427,0.22369985282421112,0.007298531673050945,1.4342242928365662e-05,0.007284189430122369,0.023520334653514774
45,warm,1700,0.05301568657159805,0.00020824636158067733,0.9827880859375,0.0172119140625,2,521,161,0.04955996572971344,0.25033512711524963,0.2226182073354721,0.22422587871551514,0.00786655981229245,1.4342242928365662e-05,0.007852217569364012,0.02361617297785623
45,warm,1720,0.053062617778778076,0.00020824636158067733,0.98272705078125,0.01727294921875,2,521,161,0.04958915710449219,0.25068193674087524,0.22268450260162354,0.22494670748710632,0.008053384706919076,1.1955383956733937e-05,0.008041429322962566,0.02368770733366754
45,warm,1740,0.05300333723425865,0.00020824636158067733,0.9827880859375,0.0172119140625,2,524,164,0.0495433583855629,0.2505655586719513,0.2225673794746399,0.22458267211914062,0.007856527983868489,1.4342242928365662e-05,0.007842185740939946,0.023594353123118972
45,warm,1760,0.053209088742733,0.00020824636158067733,0.9827880859375,0.0172119140625,2,530,158,0.04977760091423988,0.24914471805095673,0.22310562431812286,0.22159861028194427,0.007697828478022473,1.4342242928365662e-05,0.007683486235093939,0.023482475103012157
45,warm,1780,0.05305403098464012,0.00020824636158067733,0.98272705078125,0.01727294921875,2,523,166,0.049589257687330246,0.25017857551574707,0.2226707935333252,0.2239629477262497,0.007948115802911104,1.1955383956733937e-05,0.00793616041895456,0.023436739342944102
45,warm,1800,0.05324172601103783,0.00020824636158067733,0.982177734375,0.017822265625,2,528,168,0.04960264265537262,0.25379037857055664,0.2227114737033844,0.23161791265010834,0.008334240126906423,2.594987545213379e-07,0.008333980628151787,0.023356193007859738
45,warm,1820,0.05325109511613846,0.00020824636158067733,0.982666015625,0.017333984375,2,529,157,0.04977858439087868,0.2501082420349121,0.22310598194599152,0.22369946539402008,0.008283425049931736,9.787988131962572e-06,0.008273637061799814,0.023399478480061853
45,warm,1840,0.053085118532180786,0.00020824636158067733,0.98248291015625,0.01751708984375,2,522,158,0.0495455376803875,0.2516096234321594,0.22256796061992645,0.22680111229419708,0.007932269545754878,4.59501435601771e-06,0.007927674531398633,0.023250274171661922
45,warm,1860,0.05305870994925499,0.00020824636158067733,0.98211669921875,0.01788330078125,2,522,161,0.04943876340985298,0.25185906887054443,0.22234001755714417,0.22717484831809998,0.009209415431733703,3.3736234420838295e-08,0.00920938169549944,0.023424699684912675
45,warm,1880,0.0529756136238575,0.00020824636158067733,0.98236083984375,0.01763916015625,2,522,162,0.04942098632454872,0.2509396970272064,0.22230707108974457,0.22540214657783508,0.007968286656442558,2.2165703591080135e-06,0.00796607008608346,0.023441517107787413
45,warm,1900,0.05310187488794327,0.00020824636158067733,0.98272705078125,0.01727294921875,2,526,163,0.04964911937713623,0.24954283237457275,0.22281071543693542,0.22238560020923615,0.0074823191391359956,1.1955383956733937e-05,0.007470363755179459,0.023466811101318208
45,warm,1920,0.05298803746700287,0.00020824636158067733,0.982666015625,0.017333984375,2,521,164,0.04950132220983505,0.2506508529186249,0.22245986759662628,0.224857896566391,0.007537044592218933,9.787988131962572e-06,0.007527256604086925,0.0233595722827179
45,warm,1940,0.05325251445174217,0.00020824636158067733,0.98272705078125,0.01727294921875,2,533,168,0.04978067800402641,0.25077903270721436,0.22311484813690186,0.22510957717895508,0.008053284124081017,1.1955383956733937e-05,0.008041328740124387,0.023407266635988244
45,warm,1960,0.053252868354320526,0.00020824636158067733,0.98272705078125,0.01727294921875,2,530,162,0.049784816801548004,0.25056418776512146,0.22312025725841522,0.22457686066627502,0.007167496594966849,1.1955383956733937e-05,0.007155541211010313,0.023166961677563713
45,warm,1980,0.053264617919921875,0.00020824636158067733,0.98272705078125,0.01727294921875,2,528,153,0.04980805143713951,0.249922513961792,0.22315582633018494,0.22294722497463226,0.008140496735187241,1.1955383956733937e-05,0.008128541351230674,0.02346203484987408
45,warm,2000,0.053251203149557114,0.00020824636158067733,0.9825439453125,0.0174560546875,2,530,164,0.04973791539669037,0.2510029077529907,0.22301681339740753,0.22580525279045105,0.008543767217098264,6.108554543226717e-06,0.008537658662555077,0.02357090893267222
46,scratch,0,0.7060337066650391,0.00020824636158067733,0.58880615234375,0.41119384765625,2,1341,1094,0.7434523701667786,0.6524525284767151,0.7082312703132629,0.6192954182624817,11.001419411564903,0.9871623086745616,10.014257102890342,2.1971306326529176
46,scratch,20,0.489341676235199,0.00020824636158067733,0.64788818359375,0.35211181640625,2,1308,946,0.48736581206321716,0.4929773211479187,0.6268828511238098,0.5233758687973022,6.752857439714909,0.7791507224719745,5.973706717242935,1.7463558423994274
46,scratch,40,0.3314577043056488,0.00020824636158067733,0.72332763671875,0.27667236328125,2,1203,735,0.30728116631507874,0.3946644961833954,0.5346861481666565,0.4332940876483917,3.8387885363119594,0.5360611307119574,3.302727405600002,1.3367282666920093
46,scratch,60,0.23762595653533936,0.00020824636158067733,0.81103515625,0.18896484375,2,1065,546,0.2115548700094223,0.3495226800441742,0.45858877897262573,0.3596190810203552,2.281495388411223,0.289954920960915,1.9915404674503079,1.0185228881607347
46,scratch,80,0.18271958827972412,0.00020824636158067733,0.8961181640625,0.1038818359375,2,932,373,0.1644207388162613,0.3405713438987732,0.40444353222846985,0.31113559007644653,1.5103283301220571,0.10048150241190283,1.4098468277101543,0.8026197226942916
46,scratch,100,0.14577794075012207,0.00020824636158067733,0.950439453125,0.049560546875,2,842,230,0.13591636717319489,0.3348965644836426,0.3648146092891693,0.26335328817367554,1.044523942269926,0.01929560190919227,1.0252283403607334,0.6456358074653711
46,scratch,120,0.12023969739675522,0.00020824636158067733,0.9739990234375,0.0260009765625,2,775,147,0.11428643763065338,0.34324923157691956,0.33336666226387024,0.23179805278778076,0.7333781216404631,0.001631394015323315,0.7317467276251397,0.5276669548117955
46,scratch,140,0.102312833070755,0.00020824636158067733,0.98577880859375,0.01422119140625,2,716,100,0.09872843325138092,0.3507750332355499,0.3102339208126068,0.20834283530712128,0.52231672916988,0.00041757708604580647,0.5218991520838341,0.4484838708965274
46,scratch,160,0.09013421088457108,0.00020824636158067733,0.99261474609375,0.00738525390625,1,676,63,0.08818665891885757,0.3518943786621094,0.29419320821762085,0.19309139251708984,0.38767194640259817,0.00404317333664296,0.3836287730659552,0.40252051626223173
46,scratch,180,0.08158988505601883,0.00020824636158067733,0.9952392578125,0.0047607421875,1,648,45,0.0803087055683136,0.34941962361335754,0.28175118565559387,0.15954311192035675,0.29595745849675126,0.006934915394965589,0.28902254310178555,0.3771019786006239
46,scratch,200,0.07555435597896576,0.00020824636158067733,0.99639892578125,0.00360107421875,1,622,34,0.07457245886325836,0.3472374379634857,0.27203842997550964,0.13953842222690582,0.23797408143601473,0.008642384969325956,0.22933169646668888,0.3659225878516029
46,scratch,220,0.07026001065969467,0.00020824636158067733,0.997802734375,0.002197265625,1,600,22,0.06962955743074417,0.35655513405799866,0.26313915848731995,0.14862126111984253,0.19388905054093897,0.011234503325583471,0.18265454721535537,0.37032471272752654
46,scratch,240,0.0661359578371048,0.00020824636158067733,0.99835205078125,0.00164794921875,1,577,19,0.06565971672534943,0.35465008020401,0.25572896003723145,0.1385345607995987,0.16198214909692155,0.01247139221828312,0.14951075687863843,0.3776925597782995
46,scratch,260,0.06263552606105804,0.00020824636158067733,0.99896240234375,0.00103759765625,1,557,13,0.06232936307787895,0.3573977053165436,0.24927616119384766,0.13859179615974426,0.13908429233580222,0.014068399417319617,0.12501589291848247,0.3915510239537273
46,scratch,280,0.060158468782901764,0.00020824636158067733,0.9991455078125,0.0008544921875,1,549,12,0.059899523854255676,0.3629381060600281,0.24456238746643066,0.14009346067905426,0.12241137160909688,0.014610383529989673,0.10780098807910717,0.4044405026658954
46,scratch,300,0.0579657256603241,0.00020824636158067733,0.9991455078125,0.0008544921875,1,532,12,0.05770246312022209,0.3657940924167633,0.2401016354560852,0.13299702107906342,0.10994005463017942,0.014610383529989673,0.09532967110018967,0.41905533272867823
46,scratch,320,0.056008100509643555,0.00020824636158067733,0.99945068359375,0.00054931640625,1,524,8,0.05583835393190384,0.3648619055747986,0.2362433224916458,0.1277914047241211,0.0989202481871061,0.01560681868050127,0.08331342950660484,0.43222421853053883
46,scratch,340,0.05424831062555313,0.00020824636158067733,0.9996337890625,0.0003662109375,1,508,6,0.054132942110300064,0.36916565895080566,0.23262131214141846,0.14542557299137115,0.08959112027533678,0.016282764324321835,0.07330835595101481,0.44611135844818117
46,scratch,360,0.05285005271434784,0.00020824636158067733,0.999755859375,0.000244140625,1,503,3,0.05277155712246895,0.3743024468421936,0.22968368232250214,0.1492728590965271,0.08440871095100277,0.016782908639644593,0.06762580231135797,0.45714209463833166
46,scratch,380,0.05178035795688629,0.00020824636158067733,0.999755859375,0.000244140625,1,494,4,0.0517001636326313,0.38013333082199097,0.22735534608364105,0.14430750906467438,0.08015477663158066,0.016782908639644593,0.06337186799193582,0.46719786388050333
46,scratch,400,0.05092519521713257,0.00020824636158067733,0.99981689453125,0.00018310546875,1,484,3,0.05086500570178032,0.37957802414894104,0.22551289200782776,0.1452663689851761,0.07596270005907257,0.01705455310467452,0.05890814695439801,0.4766710622213598
46,scratch,420,0.050169438123703,0.00020824636158067733,0.9998779296875,0.0001220703125,1,484,1,0.0501311793923378,0.3634735941886902,0.22389060258865356,0.0,0.073059009220934,0.017346940924191843,0.05571206829674214,0.4859479732992643
46,scratch,440,0.04958150535821915,0.00020824636158067733,0.9998779296875,0.0001220703125,1,483,1,0.04954317957162857,0.3634735941886902,0.2225782573223114,0.0,0.07054258693116111,0.017346940924191843,0.053195646006969265,0.4927322198134082
46,scratch,460,0.049314387142658234,0.00020824636158067733,0.99981689453125,0.00018310546875,1,476,3,0.04925664886832237,0.3645842373371124,0.22190116345882416,0.0333263985812664,0.06790762575129605,0.01705455310467452,0.050853072646621596,0.4947231920748184
46,scratch,480,0.04878172278404236,0.00020824636158067733,0.99981689453125,0.00018310546875,1,472,2,0.04872434586286545,0.3620852530002594,0.22072336077690125,0.01924099028110504,0.06629532916141301,0.01705455310467452,0.04924077605673852,0.5014624902548551
46,scratch,500,0.04858984053134918,0.00020824636158067733,0.9998779296875,0.0001220703125,1,471,2,0.04855165258049965,0.3613911271095276,0.22032193839550018,0.020408153533935547,0.06345739126137317,0.017346940924191843,0.046110450337181294,0.5068319320641624
46,scratch,520,0.048163075000047684,0.00020824636158067733,0.9998779296875,0.0001220703125,1,468,1,0.04812508821487427,0.359308660030365,0.2193598449230194,0.0,0.061603617738192895,0.017346940924191843,0.04425667681400086,0.5123589118308903
46,scratch,540,0.04814203083515167,0.00020824636158067733,0.99981689453125,0.00018310546875,1,469,2,0.04808478802442551,0.360696941614151,0.2192346751689911,0.01924099028110504,0.06081478569850418,0.01705455310467452,0.043760232593829586,0.5179141811829343
46,scratch,560,0.04767769202589989,0.00020824636158067733,0.9998779296875,0.0001220703125,1,465,2,0.04763970151543617,0.35889217257499695,0.2182627022266388,0.020408153533935547,0.059402736573439086,0.017346940924191843,0.042055795649247094,0.5255926534307239
46,scratch,580,0.047640684992074966,0.00020824636158067733,0.9998779296875,0.0001220703125,1,462,2,0.047602683305740356,0.35889217257499695,0.21816739439964294,0.020408153533935547,0.05848694032484758,0.017346940924191843,0.04113999940065558,0.529707014110247
46,scratch,600,0.04761607199907303,0.00020824636158067733,0.9998779296875,0.0001220703125,1,460,2,0.04757807031273842,0.35889217257499695,0.21810731291770935,0.020408153533935547,0.057828974160848645,0.017346940924191843,0.04048203323665671,0.5297816654571964
46,scratch,620,0.0476001612842083,0.00020824636158067733,0.9998779296875,0.0001220703125,1,463,1,0.04756220802664757,0.3584756851196289,0.21806512773036957,0.0,0.056823786130017595,0.017346940924191843,0.03947684520582556,0.5324500051508242
46,scratch,640,0.0475948266685009,0.00020824636158067733,0.9998779296875,0.0001220703125,1,462,1,0.04755686968564987,0.3584756851196289,0.21805500984191895,0.0,0.0569591956229587,0.017346940924191843,0.03961225469876678,0.5341296668854941
46,scratch,660,0.047352202236652374,0.00020824636158067733,0.99993896484375,6.103515625e-05,1,463,1,0.047333214432001114,0.3584756851196289,0.2175607979297638,0.0,0.05661311259628832,0.017671269001666674,0.03894184359462153,0.542890214412839
46,scratch,680,0.047623950988054276,0.00020824636158067733,0.99993896484375,6.103515625e-05,1,463,1,0.04760497063398361,0.3584756851196289,0.21816639602184296,0.0,0.05539331899509392,0.017671269001666674,0.0377220499934272,0.5402946158871803
46,scratch,700,0.04780591279268265,0.00020824636158067733,0.99993896484375,6.103515625e-05,1,464,1,0.04778695106506348,0.3584756851196289,0.21855328977108002,0.0,0.05542729108147881,0.017671269001666674,0.03775602207981208,0.5393775166455473
46,scratch,720,0.04774861037731171,0.00020824636158067733,0.99993896484375,6.103515625e-05,1,462,1,0.04772964119911194,0.3584756851196289,0.21844637393951416,0.0,0.05513636135602695,0.017671269001666674,0.03746509235436007,0.541292081333015
46,scratch,740,0.04762348532676697,0.00020824636158067733,1.0,0.0,1,460,0,0.04762348532676697,nan,0.21820604801177979,nan,0.054695914936210954,0.01808021349759864,0.03661570143861237,0.5457273843719325
46,scratch,760,0.04758184403181076,0.00020824636158067733,1.0,0.0,1,459,0,0.04758184403181076,nan,0.21812035143375397,nan,0.054304625904670445,0.01808021349759864,0.03622441240707186,0.5487521634210882
46,scratch,780,0.047699544578790665,0.00020824636158067733,1.0,0.0,1,458,0,0.047699544578790665,nan,0.21838776767253876,nan,0.05400590361406188,0.01808021349759864,0.035925690116463294,0.5490414624880234
46,scratch,800,0.04751702398061752,0.00020824636158067733,1.0,0.0,1,453,0,0.04751702398061752,nan,0.2179817408323288,nan,0.052974286773142865,0.01808021349759864,0.03489407327554428,0.5541866858845627
46,scratch,820,0.047795891761779785,0.00020824636158067733,1.0,0.0,1,453,0,0.047795891761779785,nan,0.218598410487175,nan,0.05274941342960204,0.01808021349759864,0.03466919993200346,0.554915685149101
46,scratch,840,0.047786734998226166,0.00020824636158067733,1.0,0.0,1,454,0,0.047786734998226166,nan,0.21859429776668549,nan,0.0524895050332006,0.01808021349759864,0.034409291535602016,0.5507074592103184
46,scratch,860,0.047847241163253784,0.00020824636158067733,1.0,0.0,1,455,0,0.047847241163253784,nan,0.21873481571674347,nan,0.051764116295281326,0.01808021349759864,0.03368390279768274,0.5494734642931892
46,scratch,880,0.047723185271024704,0.00020824636158067733,1.0,0.0,1,456,0,0.047723185271024704,nan,0.21845541894435883,nan,0.05152344622202776,0.01808021349759864,0.03344323272442917,0.5577945734700936
46,scratch,900,0.04789213091135025,0.00020824636158067733,1.0,0.0,1,457,0,0.04789213091135025,nan,0.21882589161396027,nan,0.051270565796777134,0.01808021349759864,0.03319035229917855,0.5563124972329409
46,scratch,920,0.047815002501010895,0.00020824636158067733,1.0,0.0,1,460,0,0.047815002501010895,nan,0.2186623513698578,nan,0.050583163545717014,0.01808021349759864,0.03250295004811843,0.5539765429936981
46,scratch,940,0.04790179431438446,0.00020824636158067733,1.0,0.0,1,456,0,0.04790179431438446,nan,0.2188425064086914,nan,0.05074218240789463,0.01808021349759864,0.032661968910296046,0.5559769368998989
46,scratch,960,0.04798232391476631,0.00020824636158067733,1.0,0.0,1,453,0,0.04798232391476631,nan,0.21899114549160004,nan,0.051348934124881396,0.01808021349759864,0.03326872062728281,0.5556302435295241
46,scratch,980,0.04793011397123337,0.00020824636158067733,1.0,0.0,1,456,0,0.04793011397123337,nan,0.21890759468078613,nan,0.050193732095259236,0.01808021349759864,0.03211351859766065,0.5525658952398974
46,scratch,1000,0.047924213111400604,0.00020824636158067733,1.0,0.0,1,458,0,0.047924213111400604,nan,0.21891197562217712,nan,0.04987680592622468,0.01808021349759864,0.03179659242862609,0.5453039071369151
46,scratch,1020,0.04806891456246376,0.00020824636158067733,0.99993896484375,6.103515625e-05,1,457,1,0.04804661124944687,0.41345277428627014,0.21916693449020386,0.0,0.05059432172875944,0.017671269001666674,0.03292305272709273,0.5463596627602986
46,scratch,1040,0.04777580499649048,0.00020824636158067733,1.0,0.0,1,453,0,0.04777580499649048,nan,0.21857011318206787,nan,0.04951161304799001,0.01808021349759864,0.031431399550391426,0.5529931199714359
46,scratch,1060,0.047966208308935165,0.00020824636158067733,1.0,0.0,1,452,0,0.047966208308935165,nan,0.21899496018886566,nan,0.04936777803251147,0.01808021349759864,0.03128756453491288,0.548181361548561
46,scratch,1080,0.0479334220290184,0.00020824636158067733,1.0,0.0,1,452,0,0.0479334220290184,nan,0.21892739832401276,nan,0.04851705443453369,0.01808021349759864,0.030436840936935106,0.5457373090036729
46,scratch,1100,0.04805182293057442,0.00020824636158067733,1.0,0.0,1,456,0,0.04805182293057442,nan,0.2191891372203827,nan,0.048826337406545406,0.01808021349759864,0.03074612390894682,0.5439992938124508
46,scratch,1120,0.04798872768878937,0.00020824636158067733,1.0,0.0,1,453,0,0.04798872768878937,nan,0.2190614640712738,nan,0.048204520237241866,0.01808021349759864,0.03012430673964328,0.5445487862677713
46,scratch,1140,0.048039164394140244,0.00020824636158067733,1.0,0.0,1,452,0,0.048039164394140244,nan,0.21917489171028137,nan,0.047480655594164034,0.01808021349759864,0.02940044209656545,0.5488112405589366
46,scratch,1160,0.0484381765127182,0.00020824636158067733,0.99993896484375,6.103515625e-05,1,458,1,0.0484158955514431,0.41345277428627014,0.2200174480676651,0.0,0.04744421333472104,0.017671269001666674,0.02977294433305423,0.5431877133021065
46,scratch,1180,0.048595577478408813,0.00020824636158067733,0.99993896484375,6.103515625e-05,1,457,1,0.04857330396771431,0.41345277428627014,0.2203570306301117,0.0,0.04640901624244265,0.017671269001666674,0.02873774724077595,0.5372528593295304
46,scratch,1200,0.0485912561416626,0.00020824636158067733,0.99993896484375,6.103515625e-05,1,456,1,0.04856899380683899,0.41345277428627014,0.2203797847032547,0.0,0.046760966855991626,0.017671269001666674,0.02908969785432488,0.5340003260068645
46,scratch,1220,0.04865150526165962,0.00020824636158067733,0.99993896484375,6.103515625e-05,1,460,1,0.048629242926836014,0.41345277428627014,0.22051870822906494,0.0,0.04527462778806779,0.017671269001666674,0.027603358786400942,0.5386464322807317
46,scratch,1240,0.048545703291893005,0.00020824636158067733,0.99993896484375,6.103515625e-05,1,461,1,0.0485234297811985,0.41345277428627014,0.2202788144350052,0.0,0.04467962817599158,0.017671269001666674,0.027008359174324887,0.5422314694812688
46,scratch,1260,0.04858195409178734,0.00020824636158067733,0.99993896484375,6.103515625e-05,1,462,1,0.04855968430638313,0.41345277428627014,0.2203623205423355,0.0,0.04490992637894209,0.017671269001666674,0.027238657377275308,0.5395894554392019
46,scratch,1280,0.04887058585882187,0.00020824636158067733,0.99993896484375,6.103515625e-05,1,465,1,0.04884833097457886,0.41345277428627014,0.22100596129894257,0.0,0.04365043487651832,0.017671269001666674,0.02597916587485151,0.5353168789012873
46,scratch,1300,0.04870123043656349,0.00020824636158067733,0.99993896484375,6.103515625e-05,1,467,1,0.04867896810173988,0.41345277428627014,0.2206253856420517,0.0,0.04362648301340499,0.017671269001666674,0.025955214011738136,0.5396766129494811
46,scratch,1320,0.04866401106119156,0.00020824636158067733,1.0,0.0,1,469,0,0.04866401106119156,nan,0.22059592604637146,nan,0.04297331300787022,0.01808021349759864,0.024893099510271632,0.5385256495289671
46,scratch,1340,0.048978980630636215,0.00020824636158067733,0.99993896484375,6.103515625e-05,1,468,1,0.0489567294716835,0.41345277428627014,0.2212597131729126,0.0,0.042582087968376925,0.017671269001666674,0.024910818966710067,0.5369192596342348
46,scratch,1360,0.04883229732513428,0.00020824636158067733,0.99993896484375,6.103515625e-05,1,466,1,0.048810042440891266,0.41345277428627014,0.22092567384243011,0.0,0.04152895465104933,0.017671269001666674,0.02385768564938246,0.5403711283076721
46,scratch,1380,0.048913635313510895,0.00020824636158067733,1.0,0.0,1,468,0,0.048913635313510895,nan,0.22116252779960632,nan,0.04050300611580582,0.01808021349759864,0.022422792618207232,0.5367251950308148
46,scratch,1400,0.048975661396980286,0.00020824636158067733,1.0,0.0,1,468,0,0.048975661396980286,nan,0.22130201756954193,nan,0.04111763465353846,0.01808021349759864,0.023037421155939874,0.5387906532639338
46,scratch,1420,0.04909956455230713,0.00020824636158067733,1.0,0.0,1,471,0,0.04909956455230713,nan,0.22158163785934448,nan,0.03992704702996974,0.01808021349759864,0.021846833532371157,0.5374570059945857
46,scratch,1440,0.0492117740213871,0.00020824636158067733,1.0,0.0,1,474,0,0.0492117740213871,nan,0.2218303233385086,nan,0.03954791716406447,0.01808021349759864,0.021467703666465887,0.5300050615121311
46,scratch,1460,0.04944061115384102,0.00020824636158067733,1.0,0.0,1,475,0,0.04944061115384102,nan,0.22234977781772614,nan,0.0391321755598355,0.01808021349759864,0.021051962062236917,0.5225208653798493
46,scratch,1480,0.04941737651824951,0.00020824636158067733,1.0,0.0,1,470,0,0.04941737651824951,nan,0.22227983176708221,nan,0.03849139226823439,0.01808021349759864,0.020411178770635807,0.5269017165344142
46,scratch,1500,0.04920140281319618,0.00020824636158067733,1.0,0.0,1,472,0,0.04920140281319618,nan,0.22181040048599243,nan,0.03768010497898189,0.01808021349759864,0.019599891481383303,0.5300176374446185
46,scratch,1520,0.04869801923632622,0.00020824636158067733,1.0,0.0,1,471,0,0.04869801923632622,nan,0.22067372500896454,nan,0.03766194201326556,0.01808021349759864,0.019581728515666974,0.5336046784366065
46,scratch,1540,0.04872211813926697,0.00020824636158067733,1.0,0.0,1,471,0,0.04872211813926697,nan,0.22073078155517578,nan,0.03719686532004829,0.01808021349759864,0.019116651822449704,0.5275059645507302
46,scratch,1560,0.04889467731118202,0.00020824636158067733,1.0,0.0,1,472,0,0.04889467731118202,nan,0.22111649811267853,nan,0.03671956165654677,0.01808021349759864,0.018639348158948188,0.5262134158553838
46,scratch,1580,0.04889208823442459,0.00020824636158067733,1.0,0.0,1,476,0,0.04889208823442459,nan,0.2211010754108429,nan,0.037072287763486145,0.01808021349759864,0.01899207426588756,0.5307082871738406
46,scratch,1600,0.048975054174661636,0.00020824636158067733,1.0,0.0,1,474,0,0.048975054174661636,nan,0.22130186855793,nan,0.03597379186995653,0.01808021349759864,0.017893578372357943,0.5269944906037584
46,scratch,1620,0.04910973459482193,0.00020824636158067733,1.0,0.0,1,482,0,0.04910973459482193,nan,0.22159643471240997,nan,0.036058661870093545,0.01808021349759864,0.01797844837249496,0.5269669431733949
46,scratch,1640,0.04933449998497963,0.00020824636158067733,1.0,0.0,1,483,0,0.04933449998497963,nan,0.22211092710494995,nan,0.03572998265027394,0.01808021349759864,0.017649769152675354,0.5185950569218424
46,scratch,1660,0.048961274325847626,0.00020824636158067733,1.0,0.0,1,479,0,0.048961274325847626,nan,0.22126194834709167,nan,0.034355965974292246,0.01808021349759864,0.01627575247669366,0.523263391908333
46,scratch,1680,0.04918024688959122,0.00020824636158067733,1.0,0.0,1,479,0,0.04918024688959122,nan,0.22174862027168274,nan,0.035508819361176336,0.01808021349759864,0.01742860586357775,0.5213758939650891
46,scratch,1700,0.0491287037730217,0.00020824636158067733,1.0,0.0,1,484,0,0.0491287037730217,nan,0.22164779901504517,nan,0.03445100926202116,0.01808021349759864,0.016370795764422574,0.5247798974021155
46,scratch,1720,0.0495544970035553,0.00020824636158067733,1.0,0.0,1,483,0,0.0495544970035553,nan,0.22260117530822754,nan,0.03412074266835674,0.01808021349759864,0.016040529170758155,0.5203569156735487
46,scratch,1740,0.04909544810652733,0.00020824636158067733,1.0,0.0,1,481,0,0.04909544810652733,nan,0.22156956791877747,nan,0.03301781100909551,0.01808021349759864,0.014937597511496925,0.5221408804579571
46,scratch,1760,0.049366433173418045,0.00020824636158067733,1.0,0.0,1,481,0,0.049366433173418045,nan,0.2221822887659073,nan,0.033416110484004946,0.01808021349759864,0.015335896986406361,0.5174622097699487
46,scratch,1780,0.049197129905223846,0.00020824636158067733,1.0,0.0,1,482,0,0.049197129905223846,nan,0.2217993140220642,nan,0.03370657662909338,0.01808021349759864,0.01562636313149479,0.5207799547940543
46,scratch,1800,0.04916992783546448,0.00020824636158067733,1.0,0.0,1,481,0,0.04916992783546448,nan,0.22172801196575165,nan,0.03270976078075449,0.01808021349759864,0.014629547283155908,0.5216099299657092
46,scratch,1820,0.04949129745364189,0.00020824636158067733,1.0,0.0,1,482,0,0.04949129745364189,nan,0.22245728969573975,nan,0.03232513278654636,0.01808021349759864,0.014244919288947777,0.5130680951849375
46,scratch,1840,0.04939337447285652,0.00020824636158067733,1.0,0.0,1,482,0,0.04939337447285652,nan,0.22224068641662598,nan,0.03224141847041295,0.01808021349759864,0.014161204972814367,0.5174797510560186
46,scratch,1860,0.04956268146634102,0.00020824636158067733,1.0,0.0,1,489,0,0.04956268146634102,nan,0.22261741757392883,nan,0.03234584671027818,0.01808021349759864,0.014265633212679596,0.5261006446387203
46,scratch,1880,0.04932194575667381,0.00020824636158067733,1.0,0.0,1,484,0,0.04932194575667381,nan,0.22207094728946686,nan,0.03143706134161306,0.01808021349759864,0.013356847844014474,0.5257361778573998
46,scratch,1900,0.04938158392906189,0.00020824636158067733,1.0,0.0,1,485,0,0.04938158392906189,nan,0.22221536934375763,nan,0.03165303336592018,0.01808021349759864,0.013572819868321595,0.5216859867657352
46,scratch,1920,0.04936211183667183,0.00020824636158067733,1.0,0.0,1,484,0,0.04936211183667183,nan,0.22216446697711945,nan,0.03190758010915573,0.01808021349759864,0.013827366611557146,0.5262776697133834
46,scratch,1940,0.049256108701229095,0.00020824636158067733,1.0,0.0,1,485,0,0.049256108701229095,nan,0.22192806005477905,nan,0.03139788885183492,0.01808021349759864,0.013317675354236336,0.5226721713922619
46,scratch,1960,0.04943298548460007,0.00020824636158067733,1.0,0.0,1,488,0,0.04943298548460007,nan,0.22232873737812042,nan,0.031223051635798527,0.01808021349759864,0.013142838138199942,0.5235672940914103
46,scratch,1980,0.049281373620033264,0.00020824636158067733,1.0,0.0,1,488,0,0.049281373620033264,nan,0.22198514640331268,nan,0.03123945483113033,0.01808021349759864,0.013159241333531746,0.5262458599979457
46,scratch,2000,0.049373503774404526,0.00020824636158067733,0.99993896484375,6.103515625e-05,1,491,1,0.049354638904333115,0.3584756851196289,0.22215189039707184,0.0,0.03176872972127143,0.017671269001666674,0.014097460719604573,0.5263876761461891
46,mle,0,0.7060337066650391,0.00020824636158067733,0.58880615234375,0.41119384765625,2,1341,1094,0.7434523701667786,0.6524525284767151,0.7082312703132629,0.6192954182624817,11.001419411564903,0.9871623086745616,10.014257102890342,2.1971306326529176
46,mle,100,0.057540927082300186,0.00020824636158067733,0.98590087890625,0.01409912109375,2,532,150,0.05406413599848747,0.300660640001297,0.2324766218662262,0.2978135049343109,0.03682545304783247,0.000446774045997491,0.03637867900183489,0.050471217081141995
46,mle,200,0.05762629583477974,0.00020824636158067733,0.984619140625,0.015380859375,2,557,171,0.054017700254917145,0.28863370418548584,0.2317328304052353,0.2909093499183655,0.03063888171183038,0.00019199891433254422,0.030446882797497993,0.04643670131256139
46,mle,300,0.055054184049367905,0.00020824636158067733,0.98577880859375,0.01422119140625,2,542,146,0.051832400262355804,0.27838027477264404,0.22744515538215637,0.2640480399131775,0.020855920782388182,0.00041757708604580647,0.02043834369634242,0.03630366922945749
46,mle,400,0.056406233459711075,0.00020824636158067733,0.9830322265625,0.0169677734375,2,547,180,0.05241904407739639,0.2874051332473755,0.22893083095550537,0.2938231825828552,0.020196251847856672,2.6099683558122454e-05,0.0201701521642984,0.032026341098319144
46,mle,500,0.05420376732945442,0.00020824636158067733,0.98388671875,0.01611328125,2,530,165,0.050470493733882904,0.28215959668159485,0.22413881123065948,0.2636200487613678,0.03053418114014761,9.573281638247861e-05,0.03043844832376503,0.04033369504097417
46,mle,600,0.05627892538905144,0.00020824636158067733,0.982421875,0.017578125,2,548,179,0.05208974331617355,0.2904079258441925,0.22797085344791412,0.2973899841308594,0.019569781201617786,3.2979323590162516e-06,0.01956648326925884,0.03201670508926535
46,mle,700,0.05407107621431351,0.00020824636158067733,0.98443603515625,0.01556396484375,2,529,156,0.050610341131687164,0.27296552062034607,0.22493045032024384,0.2654874920845032,0.01692021077925432,0.00016467485582321402,0.01675553592343121,0.030218629480006975
46,mle,800,0.054922886192798615,0.00020824636158067733,0.981201171875,0.018798828125,2,534,178,0.05068500339984894,0.2761181890964508,0.22507363557815552,0.26757940649986267,0.018192275725787965,2.1711737380420175e-05,0.01817056398840753,0.031380189139529
46,mle,900,0.05285341665148735,0.00020824636158067733,0.982666015625,0.017333984375,2,531,177,0.04897581413388252,0.27267512679100037,0.22129696607589722,0.26646140217781067,0.015616248594788829,9.787988131962572e-06,0.015606460606656814,0.029773673705424053
46,mle,1000,0.05432509258389473,0.00020824636158067733,0.98297119140625,0.01702880859375,2,544,174,0.05063295364379883,0.2674502432346344,0.22500906884670258,0.2580099403858185,0.010837183443264564,2.282727163631479e-05,0.010814356171628304,0.026123922566259616
46,mle,1100,0.055309608578681946,0.00020824636158067733,0.98394775390625,0.01605224609375,2,552,163,0.05188041180372238,0.26550740003585815,0.22763781249523163,0.25417187809944153,0.01709856415273947,0.0001024412439107193,0.01699612290882884,0.030436512578237207
46,mle,1200,0.05408921092748642,0.00020824636158067733,0.982666015625,0.017333984375,2,540,181,0.05028153210878372,0.2699473798274994,0.22420287132263184,0.26386091113090515,0.012087271010578604,9.787988131962572e-06,0.012077483022446517,0.026438013265508098
46,mle,1300,0.05557594820857048,0.00020824636158067733,0.98175048828125,0.01824951171875,2,543,191,0.05126173049211502,0.28766345977783203,0.22629758715629578,0.2843514382839203,0.017359571044117672,3.10873486873925e-06,0.017356462309248845,0.030808879310572856
46,mle,1400,0.0525842048227787,0.00020824636158067733,0.98272705078125,0.01727294921875,2,522,177,0.04884474352002144,0.265337198972702,0.2207602709531784,0.25324687361717224,0.013083800753712183,1.1955383956733937e-05,0.013071845369755596,0.029251302483973896
46,mle,1500,0.05310853570699692,0.00020824636158067733,0.98260498046875,0.01739501953125,2,531,171,0.049489326775074005,0.25754985213279724,0.22231991589069366,0.2390645295381546,0.010923687870864285,7.839296277005687e-06,0.010915848574587337,0.028357002346385607
46,mle,1600,0.053280796855688095,0.00020824636158067733,0.9837646484375,0.0162353515625,2,534,162,0.04975883290171623,0.26669055223464966,0.22292479872703552,0.25423741340637207,0.013787508796859527,8.302003100521126e-05,0.013704488765854356,0.02772136435735073
46,mle,1700,0.05567682906985283,0.00020824636158067733,0.98040771484375,0.01959228515625,2,542,198,0.05124038830399513,0.27767857909202576,0.22618520259857178,0.2726406455039978,0.01760617880082549,7.734731442828914e-05,0.017528831486397032,0.029591267572616098
46,mle,1800,0.054553888738155365,0.00020824636158067733,0.98040771484375,0.01959228515625,2,539,189,0.05024664103984833,0.27009084820747375,0.22372889518737793,0.264431893825531,0.017193285202857567,7.734731442828914e-05,0.01711593788842918,0.0297349299223445
46,mle,1900,0.054715536534786224,0.00020824636158067733,0.98138427734375,0.01861572265625,2,532,195,0.050470124930143356,0.27852532267570496,0.2246355414390564,0.26984167098999023,0.013681109056243201,1.3669544643492315e-05,0.01366743951159968,0.028060225755982438
46,mle,2000,0.053638964891433716,0.00020824636158067733,0.982666015625,0.017333984375,2,528,168,0.050024498254060745,0.2585436999797821,0.22349241375923157,0.24064813554286957,0.009585566702490667,9.787988131962572e-06,0.009575778714358645,0.02906130078256164
46,mle,2100,0.05369822308421135,0.00020824636158067733,0.9822998046875,0.0177001953125,2,529,162,0.049897681921720505,0.26461532711982727,0.22324831783771515,0.24010750651359558,0.014658751199213782,1.3501952741154055e-06,0.01465740100393944,0.031107649411498906
46,mle,2200,0.0537419319152832,0.00020824636158067733,0.98187255859375,0.01812744140625,2,534,173,0.04988440126180649,0.26268503069877625,0.22327320277690887,0.2477750927209854,0.010598947061417618,1.2446734454653178e-06,0.01059770238797212,0.027025597199756057
46,mle,2300,0.05445412918925285,0.00020824636158067733,0.98297119140625,0.01702880859375,2,550,181,0.05076463893055916,0.26742637157440186,0.22526060044765472,0.25875717401504517,0.01000062382828304,2.282727163631479e-05,0.009977796556646774,0.026079637370205355
46,mle,2400,0.054577670991420746,0.00020824636158067733,0.98126220703125,0.01873779296875,2,538,180,0.0506943017244339,0.2579420804977417,0.22509166598320007,0.24028800427913666,0.011879194877302268,1.8828181612866486e-05,0.011860366695689377,0.02658451544332119
46,mle,2500,0.05590515956282616,0.00020824636158067733,0.9815673828125,0.0184326171875,2,545,188,0.05169334262609482,0.28019148111343384,0.22729958593845367,0.2799229323863983,0.017844764123047696,7.462581939157958e-06,0.017837301541108463,0.027472138565574178
46,mle,2600,0.054278530180454254,0.00020824636158067733,0.981689453125,0.018310546875,2,542,179,0.05023304373025894,0.27117031812667847,0.2240609973669052,0.261689156293869,0.013504700859094498,4.352996780999376e-06,0.013500347862313525,0.026312712958972306
46,mle,2700,0.055347345769405365,0.00020824636158067733,0.98077392578125,0.01922607421875,2,546,187,0.050991639494895935,0.2775437831878662,0.2255956530570984,0.27145376801490784,0.014815645881945727,4.751598148892717e-05,0.014768129900456756,0.02997168603971867
46,mle,2800,0.05567081645131111,0.00020824636158067733,0.9805908203125,0.0194091796875,2,552,195,0.0513637475669384,0.27327266335487366,0.22654783725738525,0.2653786540031433,0.014248478597629344,6.15508344869336e-05,0.014186927763142607,0.027510598819137422
46,mle,2900,0.054399389773607254,0.00020824636158067733,0.982177734375,0.017822265625,2,540,176,0.050501834601163864,0.26919206976890564,0.22464661300182343,0.26226750016212463,0.01084069643567176,2.594987545213379e-07,0.01084043693691716,0.02583106003359925
46,mle,3000,0.054177746176719666,0.00020824636158067733,0.9825439453125,0.0174560546875,2,540,168,0.050509631633758545,0.2606434226036072,0.2247106432914734,0.24541720747947693,0.010492993126000272,6.108554543226717e-06,0.010486884571456976,0.02493340413704781
46,mle,3100,0.05150413140654564,0.00020824636158067733,0.9832763671875,0.0167236328125,2,518,163,0.04803044721484184,0.255741685628891,0.2190973460674286,0.2357674539089203,0.013726458492065774,4.143069361497087e-05,0.013685027798450775,0.03107238887671182
46,mle,3200,0.05504144728183746,0.00020824636158067733,0.9818115234375,0.0181884765625,2,544,174,0.05122583359479904,0.2610078454017639,0.22601370513439178,0.24564437568187714,0.01228362206912692,2.0723988331725865e-06,0.012281549670293605,0.02971465493530767
46,mle,3300,0.05298413336277008,0.00020824636158067733,0.9820556640625,0.0179443359375,2,531,177,0.049138136208057404,0.263467013835907,0.22122521698474884,0.24910672008991241,0.01772514518980728,2.0078355873221903e-08,0.017725125111451315,0.03033586165904334
46,mle,3400,0.055178672075271606,0.00020824636158067733,0.98114013671875,0.01885986328125,2,551,189,0.05108160898089409,0.2683190405368805,0.22595514357089996,0.26041334867477417,0.01280005157624231,2.479725625097271e-05,0.012775254319991308,0.025953015233173837
46,mle,3500,0.054802410304546356,0.00020824636158067733,0.982177734375,0.017822265625,2,551,179,0.050810348242521286,0.2748032808303833,0.22534961998462677,0.2646728456020355,0.014018582354957232,2.594987545213379e-07,0.014018322856202609,0.02925319811103899
46,mle,3600,0.056032221764326096,0.00020824636158067733,0.98028564453125,0.01971435546875,2,540,184,0.05196303501725197,0.2583703100681305,0.22756516933441162,0.24060045182704926,0.01497128938373038,8.88490007419833e-05,0.014882440382988448,0.031032438587064726
46,mle,3700,0.053939398378133774,0.00020824636158067733,0.98193359375,0.01806640625,2,544,170,0.050103798508644104,0.2624092698097229,0.22305408120155334,0.24764150381088257,0.017534527898725116,6.262480897856301e-07,0.017533901650635352,0.03525358330145745
46,mle,3800,0.05443977564573288,0.00020824636158067733,0.9813232421875,0.0186767578125,2,533,173,0.05049314722418785,0.2618056535720825,0.2246769219636917,0.24490268528461456,0.0112396319966237,1.6147234207725147e-05,0.011223484762415725,0.02494039855875807
46,mle,3900,0.05552073195576668,0.00020824636158067733,0.98175048828125,0.01824951171875,2,557,169,0.05168808996677399,0.2617016136646271,0.22726045548915863,0.24286724627017975,0.012996899531763972,3.10873486873925e-06,0.012993790796895178,0.026402958494802342
46,mle,4000,0.05400429666042328,0.00020824636158067733,0.98223876953125,0.01776123046875,2,537,170,0.050277482718229294,0.2601059675216675,0.22395750880241394,0.2441217303276062,0.013441797942697065,6.980790792934192e-07,0.013441099863617708,0.02642471815554226
46,mle,4100,0.05452249199151993,0.00020824636158067733,0.98138427734375,0.01861572265625,2,543,186,0.050382472574710846,0.27277636528015137,0.22441306710243225,0.2622053623199463,0.012989901210140431,1.3669544643492315e-05,0.012976231665496822,0.0289988631345498
46,mle,4200,0.05471411347389221,0.00020824636158067733,0.98138427734375,0.01861572265625,2,547,176,0.05081002414226532,0.26053011417388916,0.22538267076015472,0.2442736029624939,0.010587569850223133,1.3669544643492315e-05,0.010573900305579606,0.02505173179881448
46,mle,4300,0.053470708429813385,0.00020824636158067733,0.98175048828125,0.01824951171875,2,528,182,0.04955459013581276,0.2641420364379883,0.22169822454452515,0.2510552406311035,0.022828603803837666,3.10873486873925e-06,0.022825495068968873,0.034504200347075575
46,mle,4400,0.05381232872605324,0.00020824636158067733,0.98211669921875,0.01788330078125,2,535,182,0.049986615777015686,0.26391324400901794,0.2235235720872879,0.2499397099018097,0.008584235329372802,3.3736234420838295e-08,0.008584201593138491,0.02460172679340966
46,mle,4500,0.0550340935587883,0.00020824636158067733,0.9815673828125,0.0184326171875,2,547,184,0.051019009202718735,0.2688440978527069,0.2256842404603958,0.25725242495536804,0.013160728529520327,7.462581939157958e-06,0.013153265947581183,0.025929012045455502
46,mle,4600,0.05288320034742355,0.00020824636158067733,0.98333740234375,0.01666259765625,2,531,160,0.04939718917012215,0.2586088180541992,0.22209177911281586,0.24122558534145355,0.010300338952411892,4.5827791944071106e-05,0.010254511160467826,0.028767440548765344
46,mle,4700,0.05303392931818962,0.00020824636158067733,0.98236083984375,0.01763916015625,2,531,164,0.04937409982085228,0.2568570673465729,0.22213731706142426,0.23625999689102173,0.00883874884330993,2.2165703591080135e-06,0.008836532272950951,0.02574816293847315
46,mle,4800,0.05463718622922897,0.00020824636158067733,0.9820556640625,0.0179443359375,2,550,186,0.050613176077604294,0.27486252784729004,0.22497211396694183,0.2668214440345764,0.012013076841149939,2.0078355873221903e-08,0.012013056762794062,0.026904255712654312
46,mle,4900,0.05407943204045296,0.00020824636158067733,0.9798583984375,0.0201416015625,2,523,189,0.04965049400925636,0.2695404589176178,0.22264447808265686,0.26098453998565674,0.013859466176846524,0.00013514661918708924,0.013724319557659296,0.02828792028660454
46,mle,5000,0.0539376363158226,0.00020824636158067733,0.98236083984375,0.01763916015625,2,536,161,0.050278350710868835,0.2577303946018219,0.22414040565490723,0.23775318264961243,0.010169583831348916,2.2165703591080135e-06,0.01016736726098985,0.02530819587329669
46,warm,0,0.0539376363158226,0.00020824636158067733,0.98236083984375,0.01763916015625,2,536,161,0.050278350710868835,0.2577303946018219,0.22414040565490723,0.23775318264961243,0.010169583831348916,2.2165703591080135e-06,0.01016736726098985,0.02530819587329669
46,warm,20,0.053226538002491,0.00020824636158067733,0.982666015625,0.017333984375,2,532,165,0.049601584672927856,0.2587255537509918,0.22270885109901428,0.2405499368906021,0.009277417673921207,9.787988131962572e-06,0.009267629685789128,0.023771160850376227
46,warm,40,0.05295424908399582,0.00020824636158067733,0.98309326171875,0.01690673828125,2,530,162,0.04945140331983566,0.2566377818584442,0.22237519919872284,0.23601381480693817,0.008957825986918522,2.9595436466173632e-05,0.008928230550452335,0.02387236291608341
46,warm,60,0.05296901613473892,0.00020824636158067733,0.9827880859375,0.0172119140625,2,530,162,0.049371037632226944,0.2584109604358673,0.22218437492847443,0.23963168263435364,0.00781222414681082,1.4342242928365662e-05,0.007797881903882347,0.023655894358600826
46,warm,80,0.05318311229348183,0.00020824636158067733,0.9827880859375,0.0172119140625,2,535,158,0.049633633345365524,0.25585585832595825,0.22278247773647308,0.23552943766117096,0.007909826898149674,1.4342242928365662e-05,0.00789548465522118,0.023549410551570227
46,warm,100,0.053144387900829315,0.00020824636158067733,0.98321533203125,0.01678466796875,2,532,157,0.049709007143974304,0.2543826699256897,0.22294697165489197,0.2326587289571762,0.008090174720756238,3.726014047560934e-05,0.00805291458028071,0.023576704778608737
46,warm,120,0.052876804023981094,0.00020824636158067733,0.98321533203125,0.01678466796875,2,530,162,0.04941374436020851,0.2557366192340851,0.22228719294071198,0.23543846607208252,0.0077928416723906935,3.726014047560934e-05,0.007755581531915217,0.023799357972822954
46,warm,140,0.05322132632136345,0.00020824636158067733,0.9830322265625,0.0169677734375,2,531,160,0.04971858486533165,0.2561531662940979,0.22297602891921997,0.23631304502487183,0.008146666856383433,2.6099683558122454e-05,0.008120567172825275,0.023517240297880826
46,warm,160,0.05288642644882202,0.00020824636158067733,0.9830322265625,0.0169677734375,2,527,160,0.04937998205423355,0.2560333013534546,0.22221040725708008,0.23587606847286224,0.008086119189293584,2.6099683558122454e-05,0.008060019505735429,0.023793175067769234
46,warm,180,0.052916642278432846,0.00020824636158067733,0.98345947265625,0.01654052734375,2,525,160,0.049538061022758484,0.25379908084869385,0.22256579995155334,0.23096449673175812,0.007847358058107545,5.530489307641051e-05,0.007792053165031033,0.02408607069148483
46,warm,200,0.053115613758563995,0.00020824636158067733,0.9837646484375,0.0162353515625,2,529,157,0.04980162903666496,0.25392335653305054,0.22314414381980896,0.23197494447231293,0.009123724980064196,8.302003100521126e-05,0.009040704949059064,0.024272244686219246
46,warm,220,0.05282048508524895,0.00020824636158067733,0.98370361328125,0.01629638671875,2,530,157,0.04948008060455322,0.2544584274291992,0.22243516147136688,0.23290516436100006,0.007605295410222368,7.701393531436536e-05,0.007528281474907987,0.024021979553001338
46,warm,240,0.052952706813812256,0.00020824636158067733,0.9832763671875,0.0167236328125,2,531,158,0.049514416605234146,0.25510936975479126,0.22251369059085846,0.23427675664424896,0.008421525468484958,4.143069361497087e-05,0.008380094774869904,0.0239400383368068
46,warm,260,0.05295639857649803,0.00020824636158067733,0.98291015625,0.01708984375,2,527,162,0.04943554475903511,0.2554560601711273,0.22233662009239197,0.23504522442817688,0.007743707370728714,1.9777414010556317e-05,0.007723929956718294,0.02381749298431013
46,warm,280,0.05332140624523163,0.00020824636158067733,0.98333740234375,0.01666259765625,2,531,158,0.04990279674530029,0.25506940484046936,0.2233853042125702,0.23423391580581665,0.00788684254094818,4.5827791944071106e-05,0.00784101474900418,0.023675767087044997
46,warm,300,0.05287399888038635,0.00020824636158067733,0.98333740234375,0.01666259765625,2,529,157,0.04943622648715973,0.25575289130210876,0.22233419120311737,0.23552517592906952,0.00830104765937989,4.5827791944071106e-05,0.008255219867435742,0.02385234868481556
46,warm,320,0.05300861597061157,0.00020824636158067733,0.98291015625,0.01708984375,2,530,159,0.04947831854224205,0.25605103373527527,0.2224368304014206,0.23622210323810577,0.008373412885894993,1.9777414010556317e-05,0.008353635471884474,0.02373643502571421
46,warm,340,0.05300453305244446,0.00020824636158067733,0.9830322265625,0.0169677734375,2,526,167,0.04949583113193512,0.2562819719314575,0.22246235609054565,0.2365342080593109,0.008586310017754784,2.6099683558122454e-05,0.008560210334196546,0.023790268388185987
46,warm,360,0.052946366369724274,0.00020824636158067733,0.98309326171875,0.01690673828125,2,525,159,0.04944240674376488,0.2566949427127838,0.22235007584095,0.23732608556747437,0.00824206724811205,2.9595436466173632e-05,0.008212471811645921,0.023764823403982782
46,warm,380,0.05309930816292763,0.00020824636158067733,0.9830322265625,0.0169677734375,2,525,165,0.049584634602069855,0.25672248005867004,0.22267328202724457,0.2375391572713852,0.008393298761994572,2.6099683558122454e-05,0.008367199078436473,0.023582538022967392
46,warm,400,0.05305425822734833,0.00020824636158067733,0.98297119140625,0.01702880859375,2,530,163,0.04954342916607857,0.2557138204574585,0.22257618606090546,0.23539763689041138,0.007919237592624029,2.282727163631479e-05,0.007896410320987736,0.023750389519338833
46,warm,420,0.053160883486270905,0.00020824636158067733,0.98284912109375,0.01715087890625,2,530,159,0.04961587116122246,0.2563118040561676,0.22274567186832428,0.23671570420265198,0.00837290783984912,1.694932961073751e-05,0.008355958510238487,0.023513902284978294
46,warm,440,0.05317956954240799,0.00020824636158067733,0.9825439453125,0.0174560546875,2,533,165,0.049549151211977005,0.25752413272857666,0.22259218990802765,0.23919078707695007,0.008192604167753359,6.108554543226717e-06,0.00818649561321013,0.023464125756365584
46,warm,460,0.05327615886926651,0.00020824636158067733,0.982666015625,0.017333984375,2,532,163,0.049683596938848495,0.2569393515586853,0.22288009524345398,0.23794475197792053,0.008944391280429898,9.787988131962572e-06,0.008934603292297935,0.023581225920426996
46,warm,480,0.05313508212566376,0.00020824636158067733,0.98260498046875,0.01739501953125,2,527,160,0.04953708127140999,0.25637784600257874,0.22256691753864288,0.2367330938577652,0.007898895601293532,7.839296277005687e-06,0.007891056305016691,0.023399124286445194
46,warm,500,0.052493926137685776,0.00020824636158067733,0.9825439453125,0.0174560546875,2,521,159,0.04889923706650734,0.254827082157135,0.22112326323986053,0.233372300863266,0.008148262015502894,6.108554543226717e-06,0.008142153460959534,0.023631239143216853
46,warm,520,0.052651308476924896,0.00020824636158067733,0.9827880859375,0.0172119140625,2,526,151,0.04911460727453232,0.2545945346355438,0.2215949147939682,0.23266635835170746,0.008173396898392582,1.4342242928365662e-05,0.008159054655464086,0.02378322748038253
46,warm,540,0.053139448165893555,0.00020824636158067733,0.98260498046875,0.01739501953125,2,530,161,0.049539871513843536,0.2564713656902313,0.22257553040981293,0.2367681860923767,0.00787083362248353,7.839296277005687e-06,0.007862994326206681,0.023670850511482322
46,warm,560,0.05304380878806114,0.00020824636158067733,0.9827880859375,0.0172119140625,2,530,162,0.04949783533811569,0.2555161714553833,0.22247959673404694,0.2345430552959442,0.008179143027710722,1.4342242928365662e-05,0.008164800784782274,0.023653241493522992
46,warm,580,0.053074851632118225,0.00020824636158067733,0.98297119140625,0.01702880859375,2,528,164,0.04954575374722481,0.25678861141204834,0.22258105874061584,0.23726165294647217,0.008463243044580793,2.282727163631479e-05,0.008440415772944392,0.023862691611359232
46,warm,600,0.05308104306459427,0.00020824636158067733,0.98309326171875,0.01690673828125,2,527,158,0.0495954267680645,0.2557627260684967,0.22269146144390106,0.23533502221107483,0.00804517207890143,2.9595436466173632e-05,0.008015576642435197,0.02363040137490524
46,warm,620,0.05295248329639435,0.00020824636158067733,0.98291015625,0.01708984375,2,526,162,0.049406103789806366,0.2569197118282318,0.22227104008197784,0.23756437003612518,0.007828566042199725,1.9777414010556317e-05,0.007808788628189166,0.02372599740258219
46,warm,640,0.05265956372022629,0.00020824636158067733,0.9825439453125,0.0174560546875,2,524,161,0.04905902221798897,0.2553222179412842,0.22148877382278442,0.23396484553813934,0.00804210310180764,6.108554543226717e-06,0.008035994547264265,0.023629454350814094
46,warm,660,0.052608340978622437,0.00020824636158067733,0.98284912109375,0.01715087890625,2,532,160,0.049084510654211044,0.25454506278038025,0.22153402864933014,0.2326502948999405,0.007888845648459153,1.694932961073751e-05,0.007871896318848529,0.023771495777257123
46,warm,680,0.052674777805805206,0.00020824636158067733,0.9830322265625,0.0169677734375,2,533,152,0.049220118671655655,0.2528212070465088,0.2218513786792755,0.22886919975280762,0.007629808111424552,2.6099683558122454e-05,0.007603708427866318,0.023919110529024956
46,warm,700,0.05315030738711357,0.00020824636158067733,0.98291015625,0.01708984375,2,531,157,0.04964973405003548,0.25448325276374817,0.2228187769651413,0.23233281075954437,0.0077819395375726685,1.9777414010556317e-05,0.0077621621235620854,0.023653702767407858
46,warm,720,0.053119853138923645,0.00020824636158067733,0.98291015625,0.01708984375,2,528,164,0.04961709305644035,0.25457844138145447,0.22274889051914215,0.23239387571811676,0.008225262048846105,1.9777414010556317e-05,0.008205484634835569,0.023549048223432956
46,warm,740,0.05315537750720978,0.00020824636158067733,0.98248291015625,0.01751708984375,2,528,163,0.04950517416000366,0.25788456201553345,0.22248998284339905,0.23927418887615204,0.008284763425955077,4.59501435601771e-06,0.008280168411598917,0.023645520443753676
46,warm,760,0.052998073399066925,0.00020824636158067733,0.982421875,0.017578125,2,528,159,0.049389421939849854,0.25468209385871887,0.2222372144460678,0.23190288245677948,0.0075044955812799685,3.2979323590162516e-06,0.007501197648921083,0.02369302098734105
46,warm,780,0.05327661335468292,0.00020824636158067733,0.98211669921875,0.01788330078125,2,532,163,0.04956507682800293,0.2571071684360504,0.22263114154338837,0.23747096955776215,0.00842386618042923,3.3736234420838295e-08,0.008423832444194885,0.02328130489397362
46,warm,800,0.053245171904563904,0.00020824636158067733,0.98236083984375,0.01763916015625,2,533,162,0.0495995432138443,0.25627774000167847,0.2227082997560501,0.23588839173316956,0.007465048053028056,2.2165703591080135e-06,0.007462831482668993,0.023403975982293823
46,warm,820,0.05325006693601608,0.00020824636158067733,0.982177734375,0.017822265625,2,532,170,0.04955057054758072,0.2571280300617218,0.2225901335477829,0.23802655935287476,0.007771797158248717,2.594987545213379e-07,0.007771537659494138,0.023301171896239148
46,warm,840,0.05305098742246628,0.00020824636158067733,0.98260498046875,0.01739501953125,2,529,161,0.04947897791862488,0.2548258602619171,0.22243638336658478,0.23260411620140076,0.007522160194831429,7.839296277005687e-06,0.0075143208985546436,0.02352085228696732
46,warm,860,0.053235553205013275,0.00020824636158067733,0.98248291015625,0.01751708984375,2,529,164,0.04962600767612457,0.2556845247745514,0.22275350987911224,0.23518478870391846,0.00754029628316033,4.59501435601771e-06,0.007535701268804032,0.023283885014027228
46,warm,880,0.05297824740409851,0.00020824636158067733,0.98248291015625,0.01751708984375,2,533,160,0.04938242956995964,0.254657119512558,0.22220498323440552,0.23242409527301788,0.007363359131169034,4.59501435601771e-06,0.007358764116812742,0.023829315447730814
46,warm,900,0.05307242274284363,0.00020824636158067733,0.98223876953125,0.01776123046875,2,529,167,0.049382537603378296,0.2571318447589874,0.22219952940940857,0.23799613118171692,0.007928113642456935,6.980790792934192e-07,0.00792741556337767,0.02338331857820075
46,warm,920,0.05311223492026329,0.00020824636158067733,0.982177734375,0.017822265625,2,526,163,0.049422092735767365,0.25647473335266113,0.22230884432792664,0.2364148497581482,0.007631336084351403,2.594987545213379e-07,0.007631076585596971,0.023276513777748087
46,warm,940,0.05296590179204941,0.00020824636158067733,0.98236083984375,0.01763916015625,2,527,168,0.04932565987110138,0.25569838285446167,0.22209106385707855,0.2352464646100998,0.007457423868082458,2.2165703591080135e-06,0.007455207297723398,0.023549155827570112
46,warm,960,0.053077034652233124,0.00020824636158067733,0.982421875,0.017578125,2,525,167,0.049422793090343475,0.25730830430984497,0.22230291366577148,0.23798570036888123,0.00711461820920789,3.2979323590162516e-06,0.007111320276848937,0.023529268874628806
46,warm,980,0.05304798111319542,0.00020824636158067733,0.982666015625,0.017333984375,2,524,165,0.04948802664875984,0.2548626959323883,0.2224486917257309,0.2333485335111618,0.007376582674815779,9.787988131962572e-06,0.007366794686683776,0.02334402008338865
46,warm,1000,0.05294693261384964,0.00020824636158067733,0.98297119140625,0.01702880859375,2,526,158,0.04943584278225899,0.2556212246417999,0.22233305871486664,0.23294098675251007,0.008154270450368983,2.282727163631479e-05,0.008131443178732666,0.023723022612759714
46,warm,1020,0.05282828211784363,0.00020824636158067733,0.98284912109375,0.01715087890625,2,522,166,0.04926219955086708,0.25718629360198975,0.22194157540798187,0.23647306859493256,0.007999133726308116,1.694932961073751e-05,0.007982184396697381,0.02377310525546117
46,warm,1040,0.05302063748240471,0.00020824636158067733,0.98260498046875,0.01739501953125,2,523,164,0.04942299798130989,0.25624337792396545,0.2223113775253296,0.23600122332572937,0.007600460252625396,7.839296277005687e-06,0.007592620956348601,0.023592668484272772
46,warm,1060,0.05289822071790695,0.00020824636158067733,0.98248291015625,0.01751708984375,2,526,169,0.049268946051597595,0.2564536929130554,0.22195765376091003,0.23660004138946533,0.0075205298055252,4.59501435601771e-06,0.007515934791169047,0.023736171177663246
46,warm,1080,0.05295577645301819,0.00020824636158067733,0.98248291015625,0.01751708984375,2,526,168,0.049350395798683167,0.2551708519458771,0.22212520241737366,0.23426994681358337,0.0077258607782013655,4.59501435601771e-06,0.007721265763845065,0.023528197038760745
46,warm,1100,0.05270973592996597,0.00020824636158067733,0.982666015625,0.017333984375,2,524,157,0.04915674403309822,0.25412940979003906,0.22168539464473724,0.23169288039207458,0.008192274806980038,9.787988131962572e-06,0.008182486818848133,0.023870033932982815
46,warm,1120,0.05295102670788765,0.00020824636158067733,0.98272705078125,0.01727294921875,2,525,164,0.04940260201692581,0.2548350691795349,0.22225742042064667,0.2336646020412445,0.007172759971773246,1.1955383956733937e-05,0.0071608045878166025,0.023822955598663875
46,warm,1140,0.05335933342576027,0.00020824636158067733,0.982666015625,0.017333984375,2,530,160,0.04981164261698723,0.25447848439216614,0.22317083179950714,0.2324424535036087,0.007976920766132878,9.787988131962572e-06,0.007967132778000777,0.023565785072353074
46,warm,1160,0.052714213728904724,0.00020824636158067733,0.982666015625,0.017333984375,2,523,160,0.04914194718003273,0.25522640347480774,0.22167576849460602,0.233530193567276,0.007326551618653809,9.787988131962572e-06,0.0073167636305217255,0.02382095113054883
46,warm,1180,0.05340670049190521,0.00020824636158067733,0.98223876953125,0.01776123046875,2,528,164,0.049732547253370285,0.25659653544425964,0.22300273180007935,0.23699438571929932,0.007267888635588804,6.980790792934192e-07,0.007267190556509521,0.023459483076951337
46,warm,1200,0.05318219214677811,0.00020824636158067733,0.98223876953125,0.01776123046875,2,518,165,0.049541547894477844,0.25451841950416565,0.2225782573223114,0.2326839417219162,0.007294395385734731,6.980790792934192e-07,0.007293697306655434,0.023458806667551735
46,warm,1220,0.05328712984919548,0.00020824636158067733,0.98223876953125,0.01776123046875,2,530,164,0.049621619284152985,0.25599828362464905,0.22273294627666473,0.23577052354812622,0.0075455588668873474,6.980790792934192e-07,0.007544860787807938,0.023438191805982833
46,warm,1240,0.053195156157016754,0.00020824636158067733,0.98223876953125,0.01776123046875,2,522,165,0.049496881663799286,0.25771865248680115,0.22245894372463226,0.23955591022968292,0.007813511431059794,6.980790792934192e-07,0.007812813351980336,0.023388328693474514
46,warm,1260,0.05310308188199997,0.00020824636158067733,0.982177734375,0.017822265625,2,525,166,0.049444250762462616,0.25474029779434204,0.22234682738780975,0.23365744948387146,0.00773853498704824,2.594987545213379e-07,0.007738275488293794,0.023494805049924516
46,warm,1280,0.053334880620241165,0.00020824636158067733,0.98211669921875,0.01788330078125,2,534,163,0.04967015981674194,0.25459402799606323,0.22284170985221863,0.23336155712604523,0.007667779784434003,3.3736234420838295e-08,0.00766774604819968,0.02332776676550774
46,warm,1300,0.052984170615673065,0.00020824636158067733,0.982177734375,0.017822265625,2,524,165,0.04931965470314026,0.25493431091308594,0.2220771163702011,0.2336639016866684,0.00659783057945873,2.594987545213379e-07,0.006597571080704221,0.023304809525800274
46,warm,1320,0.053229767829179764,0.00020824636158067733,0.98236083984375,0.01763916015625,2,530,168,0.04958013817667961,0.256485253572464,0.22265945374965668,0.23657755553722382,0.007917409719276236,2.2165703591080135e-06,0.007915193148917277,0.023354518206108232
46,warm,1340,0.05373235419392586,0.00020824636158067733,0.98211669921875,0.01788330078125,2,532,170,0.0500493049621582,0.255998432636261,0.22371235489845276,0.23601098358631134,0.008114867851155338,3.3736234420838295e-08,0.008114834114920958,0.023295287189032288
46,warm,1360,0.05331927537918091,0.00020824636158067733,0.9820556640625,0.0179443359375,2,526,167,0.04961390793323517,0.2561061680316925,0.22273960709571838,0.23615632951259613,0.008121509228850243,2.0078355873221903e-08,0.00812148915049428,0.023452359194127248
46,warm,1380,0.05318007245659828,0.00020824636158067733,0.9820556640625,0.0179443359375,2,528,167,0.04951036348938942,0.254015177488327,0.22250454127788544,0.23199248313903809,0.008454564275062637,2.0078355873221903e-08,0.008454544196706677,0.023424942345375066
46,warm,1400,0.053305432200431824,0.00020824636158067733,0.982177734375,0.017822265625,2,534,170,0.04965507984161377,0.2544749975204468,0.22283269464969635,0.23298218846321106,0.007872654809226276,2.594987545213379e-07,0.007872395310471805,0.02334015764856512
46,warm,1420,0.05312464386224747,0.00020824636158067733,0.982177734375,0.017822265625,2,527,165,0.0494607575237751,0.25503984093666077,0.22237466275691986,0.23400326073169708,0.008555877430090675,2.594987545213379e-07,0.008555617931336046,0.023464974991586396
46,warm,1440,0.052912868559360504,0.00020824636158067733,0.982421875,0.017578125,2,528,163,0.049286533147096634,0.2555844783782959,0.221995547413826,0.23462112247943878,0.008232699154369527,3.2979323590162516e-06,0.008229401222010692,0.023557525056023487
46,warm,1460,0.053009405732154846,0.00020824636158067733,0.98260498046875,0.01739501953125,2,521,166,0.04940974712371826,0.2563456892967224,0.22228100895881653,0.2361600548028946,0.008135098214744119,7.839296277005687e-06,0.008127258918467342,0.02342095247942988
46,warm,1480,0.05317022278904915,0.00020824636158067733,0.98248291015625,0.01751708984375,2,531,157,0.04956391081213951,0.25543785095214844,0.22261424362659454,0.234580397605896,0.007756716324557544,4.59501435601771e-06,0.007752121310201267,0.023509070656220765
46,warm,1500,0.053143639117479324,0.00020824636158067733,0.982421875,0.017578125,2,527,159,0.049514297395944595,0.2559835910797119,0.22250451147556305,0.23585040867328644,0.007176894170889625,3.2979323590162516e-06,0.007173596238530696,0.02340536292533424
46,warm,1520,0.053030263632535934,0.00020824636158067733,0.982421875,0.017578125,2,523,163,0.04941043257713318,0.2553386092185974,0.22227926552295685,0.23460189998149872,0.006839653528196266,3.2979323590162516e-06,0.006836355595837389,0.023529320199233816
46,warm,1540,0.05338346213102341,0.00020824636158067733,0.982421875,0.017578125,2,531,164,0.049782879650592804,0.25461554527282715,0.22311924397945404,0.2332426756620407,0.007487680181121448,3.2979323590162516e-06,0.007484382248762526,0.023308235643273556
46,warm,1560,0.05237357318401337,0.00020824636158067733,0.982666015625,0.017333984375,2,528,162,0.04885070398449898,0.2520851194858551,0.2210153490304947,0.22659628093242645,0.007437224929354613,9.787988131962572e-06,0.007427436941222623,0.023972714727935718
46,warm,1580,0.053292252123355865,0.00020824636158067733,0.982421875,0.017578125,2,525,163,0.04970302805304527,0.2538895606994629,0.22293023765087128,0.23152963817119598,0.007709025609266007,3.2979323590162516e-06,0.00770572767690704,0.023298390355850906
46,warm,1600,0.05336718633770943,0.00020824636158067733,0.98248291015625,0.01751708984375,2,527,166,0.049770537763834,0.25509244203567505,0.2230830192565918,0.23429517447948456,0.007377314701635385,4.59501435601771e-06,0.007372719687279147,0.02339984133934403
46,warm,1620,0.052800051867961884,0.00020824636158067733,0.982421875,0.017578125,2,520,161,0.04922764375805855,0.2524578869342804,0.2218710482120514,0.22860917448997498,0.007213513978250319,3.2979323590162516e-06,0.0072102160458914905,0.023727138963952066
46,warm,1640,0.05328446626663208,0.00020824636158067733,0.982421875,0.017578125,2,527,166,0.04968372732400894,0.2545258700847626,0.22289200127124786,0.23308558762073517,0.006765491009183222,3.2979323590162516e-06,0.0067621930768243165,0.02359522469552966
46,warm,1660,0.053248874843120575,0.00020824636158067733,0.98248291015625,0.01751708984375,2,525,165,0.04966776818037033,0.25410276651382446,0.22286038100719452,0.23222942650318146,0.006974465243011707,4.59501435601771e-06,0.006969870228655618,0.02341149523337871
46,warm,1680,0.0531817302107811,0.00020824636158067733,0.98223876953125,0.01776123046875,2,524,168,0.049563392996788025,0.25328466296195984,0.22261984646320343,0.2305452972650528,0.007395760207337787,6.980790792934192e-07,0.007395062128258529,0.023277858542062213
46,warm,1700,0.053378764539957047,0.00020824636158067733,0.9820556640625,0.0179443359375,2,528,166,0.04971439018845558,0.2539216876029968,0.2229626178741455,0.2319333702325821,0.008216168164118187,2.0078355873221903e-08,0.008216148085762296,0.02343688878383754
46,warm,1720,0.052758850157260895,0.00020824636158067733,0.98211669921875,0.01788330078125,2,522,174,0.04910796880722046,0.2532578110694885,0.2215973436832428,0.23045572638511658,0.007749057593365194,3.3736234420838295e-08,0.007749023857131002,0.02355980251079226
46,warm,1740,0.05266687273979187,0.00020824636158067733,0.98211669921875,0.01788330078125,2,518,167,0.04904206842184067,0.2517339885234833,0.2214457094669342,0.22697094082832336,0.007115406602871133,3.3736234420838295e-08,0.007115372866636835,0.02355210080779424
46,warm,1760,0.052949123084545135,0.00020824636158067733,0.98236083984375,0.01763916015625,2,526,167,0.049350086599588394,0.25338679552078247,0.22213239967823029,0.23036961257457733,0.007796130165125703,2.2165703591080135e-06,0.00779391359476668,0.023658110004109667
46,warm,1780,0.05324702337384224,0.00020824636158067733,0.98211669921875,0.01788330078125,2,523,170,0.049608662724494934,0.2530587911605835,0.22271785140037537,0.22981545329093933,0.008233333596045611,3.3736234420838295e-08,0.00823329985981138,0.02351055033861693
46,warm,1800,0.05303501710295677,0.00020824636158067733,0.98211669921875,0.01788330078125,2,522,167,0.04941008612513542,0.25210925936698914,0.22228138148784637,0.2277558445930481,0.0077496335799978056,3.3736234420838295e-08,0.007749599843763494,0.02360159481824875
46,warm,1820,0.053007181733846664,0.00020824636158067733,0.982421875,0.017578125,2,526,161,0.049438685178756714,0.25244632363319397,0.22234132885932922,0.22793447971343994,0.007744052796816447,3.2979323590162516e-06,0.007740754864457469,0.023600505178112408
46,warm,1840,0.052930429577827454,0.00020824636158067733,0.982177734375,0.017822265625,2,521,169,0.0492984801530838,0.25308576226234436,0.22202447056770325,0.22877748310565948,0.008125112173921423,2.594987545213379e-07,0.008124852675166999,0.023427378728886006
46,warm,1860,0.05279437452554703,0.00020824636158067733,0.9827880859375,0.0172119140625,2,521,170,0.0493306927382946,0.2505684792995453,0.22210505604743958,0.22462990880012512,0.006922244356438512,1.4342242928365662e-05,0.006907902113509888,0.024009036701247433
46,warm,1880,0.05309716984629631,0.00020824636158067733,0.98297119140625,0.01702880859375,2,533,163,0.049675628542900085,0.2506024241447449,0.22286877036094666,0.22484585642814636,0.007862804712395643,2.282727163631479e-05,0.007839977440759262,0.024357206006900278
46,warm,1900,0.05296875908970833,0.00020824636158067733,0.98284912109375,0.01715087890625,2,524,166,0.04948856681585312,0.2524047791957855,0.22245673835277557,0.2283751517534256,0.007336173446866212,1.694932961073751e-05,0.007319224117255534,0.0238743263332456
46,warm,1920,0.052669815719127655,0.00020824636158067733,0.9827880859375,0.0172119140625,2,517,160,0.04916985332965851,0.2525150775909424,0.22172559797763824,0.2283405065536499,0.007482940171222197,1.4342242928365662e-05,0.007468597928293631,0.02389856603324214
46,warm,1940,0.053020186722278595,0.00020824636158067733,0.9825439453125,0.0174560546875,2,523,167,0.04945290461182594,0.2538106441497803,0.22236695885658264,0.23135370016098022,0.00813307243534922,6.108554543226717e-06,0.00812696388080598,0.02348294483155977
46,warm,1960,0.0531017929315567,0.00020824636158067733,0.982421875,0.017578125,2,524,162,0.04952024668455124,0.25327062606811523,0.22252844274044037,0.22984977066516876,0.007554334224742831,3.2979323590162516e-06,0.007551036292383977,0.023387848123750055
46,warm,1980,0.05307406559586525,0.00020824636158067733,0.9820556640625,0.0179443359375,2,519,170,0.049396365880966187,0.25434669852256775,0.22224096953868866,0.2322949916124344,0.008002837530703744,2.0078355873221903e-08,0.00800281745234781,0.023205602105665357
46,warm,2000,0.05316583067178726,0.00020824636158067733,0.98211669921875,0.01788330078125,2,525,167,0.04951579496264458,0.25361889600753784,0.22251267731189728,0.23096325993537903,0.007897312862233719,3.3736234420838295e-08,0.007897279125999343,0.02328290139914524
47,scratch,0,0.7132543325424194,0.00020824636158067733,0.54058837890625,0.45941162109375,2,1332,1135,0.6208370327949524,0.822001576423645,0.7235851883888245,0.7076432704925537,11.231351406604709,1.1676620522413952,10.063689354363316,2.226602373739954
47,scratch,20,0.5093016624450684,0.00020824636158067733,0.62567138671875,0.37432861328125,2,1306,1097,0.4256477952003479,0.6491249203681946,0.6355246305465698,0.6270673274993896,7.183177681694552,0.8556290152098384,6.327548666484715,1.8334061389147993
47,scratch,40,0.3600669801235199,0.00020824636158067733,0.71697998046875,0.28302001953125,2,1226,969,0.2929619550704956,0.5300654768943787,0.5411556959152222,0.5460888743400574,4.43741176949171,0.5554763292656449,3.8819354402260653,1.5058227958586232
47,scratch,60,0.27003979682922363,0.00020824636158067733,0.80169677734375,0.19830322265625,2,1095,779,0.2241249531507492,0.4556635320186615,0.4681711792945862,0.4751620888710022,2.9466465517100104,0.31402201807364705,2.632624533636363,1.2618348886323676
47,scratch,80,0.21689948439598083,0.00020824636158067733,0.86572265625,0.13427734375,2,982,599,0.18617495894432068,0.41498881578445435,0.41781023144721985,0.42300888895988464,2.155170549926389,0.16127341987152743,1.9938971300548616,1.0843204822383288
47,scratch,100,0.1828373819589615,0.00020824636158067733,0.9053955078125,0.0946044921875,2,907,478,0.16105152666568756,0.39133507013320923,0.3846486806869507,0.3846522569656372,1.6560297658107501,0.08380212641550329,1.572227639395247,0.9302202309924926
47,scratch,120,0.15692400932312012,0.00020824636158067733,0.93218994140625,0.06781005859375,2,857,372,0.14139829576015472,0.37035709619522095,0.360771119594574,0.34989893436431885,1.2778191180383018,0.04164672717818644,1.2361723908601154,0.7872227334016518
47,scratch,140,0.1371864527463913,0.00020824636158067733,0.94671630859375,0.05328369140625,2,798,313,0.12488986551761627,0.3556656241416931,0.34129300713539124,0.32074207067489624,0.9864944665875655,0.023349250106950707,0.9631452164806148,0.6540228309247343
47,scratch,160,0.12233071774244308,0.00020824636158067733,0.954833984375,0.045166015625,2,757,273,0.11192259192466736,0.3423641324043274,0.32624122500419617,0.2945896089076996,0.7632788556186014,0.014891670836452427,0.748387184782149,0.5375399924166434
47,scratch,180,0.10938471555709839,0.00020824636158067733,0.9627685546875,0.0372314453125,2,726,225,0.10072193294763565,0.33339592814445496,0.31154510378837585,0.26912033557891846,0.5951649785658546,0.008107136807220628,0.5870578417586336,0.45344745468239334
47,scratch,200,0.09984945505857468,0.00020824636158067733,0.96820068359375,0.03179931640625,2,692,205,0.09252247214317322,0.32293543219566345,0.30081844329833984,0.25010186433792114,0.46640033147942717,0.004458779954574329,0.46194155152485256,0.38184864009301445
47,scratch,220,0.09113707393407822,0.00020824636158067733,0.9735107421875,0.0264892578125,2,658,176,0.08509732782840729,0.3131047487258911,0.2892347276210785,0.22577816247940063,0.37178696824067714,0.0018219161463784647,0.3699650520942991,0.3371778696752902
47,scratch,240,0.08421462029218674,0.00020824636158067733,0.97711181640625,0.02288818359375,2,630,154,0.07887114584445953,0.312330424785614,0.27923569083213806,0.2140471190214157,0.30071704137682076,0.0006458561103736982,0.3000711852664473,0.30588894935565103
47,scratch,260,0.07859779894351959,0.00020824636158067733,0.98065185546875,0.01934814453125,2,597,142,0.07397784292697906,0.3127586245536804,0.2709769606590271,0.20527607202529907,0.24873893360219057,5.667600809658056e-05,0.24868225759409376,0.2887712291273804
47,scratch,280,0.07369145005941391,0.00020824636158067733,0.98382568359375,0.01617431640625,2,582,118,0.06978582590818405,0.3112562894821167,0.26339593529701233,0.18936319649219513,0.20959501835405803,8.925936948101171e-05,0.2095057589845774,0.28246042456951026
47,scratch,300,0.06962397694587708,0.00020824636158067733,0.986328125,0.013671875,2,567,99,0.0661889985203743,0.3174324929714203,0.25674858689308167,0.17960548400878906,0.180948432524211,0.0005574664766257475,0.18039096604758564,0.2835297506833033
47,scratch,320,0.06597892194986343,0.00020824636158067733,0.98846435546875,0.01153564453125,2,549,84,0.06299293041229248,0.32184192538261414,0.2505611181259155,0.17390404641628265,0.15582842003296804,0.001323074884648853,0.1545053451483192,0.2877278158127613
47,scratch,340,0.06328725814819336,0.00020824636158067733,0.99053955078125,0.00946044921875,1,540,74,0.06079696863889694,0.3240276575088501,0.2462790459394455,0.16378900408744812,0.13944894285688036,0.0024514869590376263,0.13699745589784257,0.2962220456981616
47,scratch,360,0.061106473207473755,0.00020824636158067733,0.99224853515625,0.00775146484375,1,529,65,0.059042174369096756,0.3253529667854309,0.24278461933135986,0.15546363592147827,0.12567247154239425,0.0037236923813339954,0.12194877916106017,0.30576997156524366
47,scratch,380,0.05882062762975693,0.00020824636158067733,0.9942626953125,0.0057373046875,1,520,52,0.0572701059281826,0.32752227783203125,0.23918794095516205,0.15096306800842285,0.1140294272338096,0.005722012137439885,0.10830741509636996,0.3176191977406436
47,scratch,400,0.05710846185684204,0.00020824636158067733,0.99517822265625,0.00482177734375,1,507,46,0.05578142777085304,0.33099764585494995,0.23606203496456146,0.14890994131565094,0.10416085537891462,0.006853599324309117,0.09730725605460544,0.3294885757429459
47,scratch,420,0.055473122745752335,0.00020824636158067733,0.99603271484375,0.00396728515625,1,503,39,0.05435475334525108,0.33625414967536926,0.23309879004955292,0.14087504148483276,0.09648694959488324,0.008067564943455537,0.08841938465142775,0.3385413292059841
47,scratch,440,0.0542307049036026,0.00020824636158067733,0.99676513671875,0.00323486328125,1,500,37,0.0533168725669384,0.33581212162971497,0.23085059225559235,0.13683442771434784,0.0891657953981948,0.009254645839153173,0.07991114955904134,0.3516945792732461
47,scratch,460,0.05298874154686928,0.00020824636158067733,0.9974365234375,0.0025634765625,1,495,30,0.052279215306043625,0.3290633261203766,0.22859938442707062,0.11928043514490128,0.08216423979339282,0.01048918341786691,0.07167505637552578,0.3635468269355645
47,scratch,480,0.05173297971487045,0.00020824636158067733,0.997802734375,0.002197265625,1,487,20,0.05110427364706993,0.3372345268726349,0.2260081171989441,0.11479837447404861,0.07876597042214684,0.011234503325583471,0.06753146709656335,0.37937793653029284
47,scratch,500,0.050975069403648376,0.00020824636158067733,0.998046875,0.001953125,1,479,21,0.05040132626891136,0.34415870904922485,0.2244536578655243,0.11541782319545746,0.0753769968871083,0.011764854048686914,0.06361214283842136,0.3930019184633441
47,scratch,520,0.0503084734082222,0.00020824636158067733,0.9981689453125,0.0018310546875,1,477,21,0.04976338893175125,0.3474524915218353,0.22304679453372955,0.11758283525705338,0.07180806851848587,0.012041278552709523,0.05976678996577636,0.3992231860617924
47,scratch,540,0.049486737698316574,0.00020824636158067733,0.99859619140625,0.00140380859375,1,465,17,0.04906010255217552,0.352970689535141,0.22149235010147095,0.11768841743469238,0.07065776741384155,0.01307706677611385,0.05758070063772772,0.41086893628446186
47,scratch,560,0.049107447266578674,0.00020824636158067733,0.99871826171875,0.00128173828125,1,467,16,0.048717182129621506,0.35320010781288147,0.2206941395998001,0.11501982808113098,0.06680554452778864,0.013395442700926977,0.05341010182686175,0.42055357966521323
47,scratch,580,0.04884609952569008,0.00020824636158067733,0.9990234375,0.0009765625,1,461,13,0.048547402024269104,0.3544148802757263,0.22024820744991302,0.11561500281095505,0.0656827518034433,0.01424515492627651,0.05143759687716676,0.43003919639224686
47,scratch,600,0.04814229905605316,0.00020824636158067733,0.99908447265625,0.00091552734375,1,454,12,0.047862399369478226,0.3535887897014618,0.21877005696296692,0.10884355753660202,0.06366175532476603,0.014425731348846376,0.04923602397591976,0.43977488890297745
47,scratch,620,0.048080772161483765,0.00020824636158067733,0.99920654296875,0.00079345703125,1,453,10,0.04784044623374939,0.35072246193885803,0.21868979930877686,0.09121406823396683,0.06172961415742151,0.014799402808402525,0.04693021134901904,0.4465830626874979
47,scratch,640,0.04787816107273102,0.00020824636158067733,0.999267578125,0.000732421875,1,448,10,0.04765600711107254,0.3509787619113922,0.21826933324337006,0.09560184925794601,0.061381575491587625,0.014993125468266161,0.046388450023321245,0.4524725119779053
47,scratch,660,0.047665633261203766,0.00020824636158067733,0.9993896484375,0.0006103515625,1,451,9,0.04748395457863808,0.34514790773391724,0.2178901582956314,0.07893504202365875,0.06045208749875286,0.015396322623169617,0.04505576487558342,0.45915664675041834
47,scratch,680,0.04760833457112312,0.00020824636158067733,0.9993896484375,0.0006103515625,1,458,9,0.0474260151386261,0.34614747762680054,0.21766136586666107,0.07069597393274307,0.059467734201653855,0.015396322623169617,0.04407141157848434,0.46539469074989237
47,scratch,700,0.04745352268218994,0.00020824636158067733,0.9993896484375,0.0006103515625,1,459,7,0.04726734012365341,0.3523116111755371,0.21737238764762878,0.07163238525390625,0.059562940565420774,0.015396322623169617,0.04416661794225131,0.4653033653382611
47,scratch,720,0.047466643154621124,0.00020824636158067733,0.9993896484375,0.0006103515625,1,458,7,0.047280460596084595,0.3523116111755371,0.2174178808927536,0.07163238525390625,0.06022603144830185,0.015396322623169617,0.04482970882513227,0.4631229901358186
47,scratch,740,0.047208353877067566,0.00020824636158067733,0.99951171875,0.00048828125,1,450,5,0.04706230014562607,0.34618911147117615,0.21693027019500732,0.055422376841306686,0.059734148410107935,0.0158241141726494,0.043910034237458616,0.4717925738447978
47,scratch,760,0.04722920060157776,0.00020824636158067733,0.99951171875,0.00048828125,1,448,5,0.04708315432071686,0.34618911147117615,0.21697039902210236,0.055422376841306686,0.059052602744678495,0.0158241141726494,0.04322848857202926,0.47486016007380594
47,scratch,780,0.04726722836494446,0.00020824636158067733,0.99951171875,0.00048828125,1,446,6,0.047121960669755936,0.3446272909641266,0.21704329550266266,0.05749710276722908,0.05845697415517037,0.0158241141726494,0.04263285998252117,0.47590347784054965
47,scratch,800,0.04710438475012779,0.00020824636158067733,0.99951171875,0.00048828125,1,447,6,0.046959038823843,0.3446272909641266,0.21668264269828796,0.05749710276722908,0.05810245142512116,0.0158241141726494,0.042278337252471945,0.4839313722265818
47,scratch,820,0.04723545163869858,0.00020824636158067733,0.99957275390625,0.00042724609375,1,445,6,0.04710755497217178,0.346456915140152,0.21699541807174683,0.05653272196650505,0.0581666029103971,0.016049062779879643,0.0421175401305173,0.49055077453587936
47,scratch,840,0.046942904591560364,0.00020824636158067733,0.9996337890625,0.0003662109375,1,446,5,0.046833910048007965,0.34445372223854065,0.2164084017276764,0.05313096567988396,0.05824542983483383,0.016282764324321835,0.041962665510511886,0.49774504825538524
47,scratch,860,0.047066859900951385,0.00020824636158067733,0.99957275390625,0.00042724609375,1,445,5,0.046939343214035034,0.34538593888282776,0.2166370153427124,0.052153196185827255,0.05692096237927302,0.016049062779879643,0.040871899599393254,0.49741023767339565
47,scratch,880,0.047043416649103165,0.00020824636158067733,0.9996337890625,0.0003662109375,1,446,4,0.04693517088890076,0.34251007437705994,0.2166317254304886,0.04952457547187805,0.05608190070798713,0.016282764324321835,0.03979913638366529,0.5017976322348862
47,scratch,900,0.047017283737659454,0.00020824636158067733,0.9996337890625,0.0003662109375,1,440,4,0.04690755903720856,0.34653618931770325,0.21657803654670715,0.03726005181670189,0.05600148346294276,0.016282764324321835,0.039718719138620885,0.5040865099660753
47,scratch,920,0.047308146953582764,0.00020824636158067733,0.9996337890625,0.0003662109375,1,440,4,0.04720000550150871,0.34251007437705994,0.21722109615802765,0.04952457547187805,0.055463385128142306,0.016282764324321835,0.0391806208038203,0.5010595341379688
47,scratch,940,0.047193750739097595,0.00020824636158067733,0.9996337890625,0.0003662109375,1,445,4,0.04708409309387207,0.34653618931770325,0.2169792503118515,0.03726005181670189,0.055436340975766996,0.016282764324321835,0.03915357665144509,0.5078687935244691
47,scratch,960,0.0472426600754261,0.00020824636158067733,0.99969482421875,0.00030517578125,1,444,4,0.0471520721912384,0.34398168325424194,0.21713010966777802,0.03828912600874901,0.05528994530342146,0.016526689747690865,0.03876325555573057,0.5135046301226996
47,scratch,980,0.04723396897315979,0.00020824636158067733,0.99969482421875,0.00030517578125,1,446,4,0.04714337736368179,0.34398168325424194,0.21709437668323517,0.03828912600874901,0.0545449228595416,0.016526689747690865,0.03801823311185071,0.518260065212164
47,scratch,1000,0.04734586924314499,0.00020824636158067733,0.99969482421875,0.00030517578125,1,444,4,0.04725531488656998,0.34398168325424194,0.2173643261194229,0.03828912600874901,0.05356241999125899,0.016526689747690865,0.03703573024356817,0.5158798773925103
47,scratch,1020,0.04741308465600014,0.00020824636158067733,0.99969482421875,0.00030517578125,1,448,4,0.04732254892587662,0.34398168325424194,0.21749714016914368,0.03828912600874901,0.05351687570529151,0.016526689747690865,0.03699018595760052,0.5172565892869191
47,scratch,1040,0.04742751643061638,0.00020824636158067733,0.99969482421875,0.00030517578125,1,446,4,0.047336988151073456,0.34398168325424194,0.21755291521549225,0.03828912600874901,0.05262949992194166,0.016526689747690865,0.03610281017425073,0.5214705795521898
47,scratch,1060,0.0475308820605278,0.00020824636158067733,0.99969482421875,0.00030517578125,1,449,4,0.04744037985801697,0.34398168325424194,0.2177693247795105,0.03828912600874901,0.05267854401628114,0.016526689747690865,0.036151854268590196,0.5218228299642963
47,scratch,1080,0.04773155227303505,0.00020824636158067733,0.99969482421875,0.00030517578125,1,449,4,0.04764111712574959,0.34398168325424194,0.21820588409900665,0.03828912600874901,0.0523103483503391,0.016526689747690865,0.03578365860264819,0.5198202586913997
47,scratch,1100,0.047708719968795776,0.00020824636158067733,0.999755859375,0.000244140625,1,448,4,0.04763755202293396,0.33910873532295227,0.2182232141494751,0.0395202599465847,0.051536661187320476,0.016782908639644593,0.03475375254767565,0.5256466130965439
47,scratch,1120,0.0478057786822319,0.00020824636158067733,0.99969482421875,0.00030517578125,1,448,4,0.04771561920642853,0.34314870834350586,0.21842290461063385,0.03828912600874901,0.052504021521791344,0.016526689747690865,0.035977331774100535,0.5244202148612406
47,scratch,1140,0.04766412451863289,0.00020824636158067733,0.99981689453125,0.00018310546875,1,449,3,0.047611985355615616,0.3323754370212555,0.2182016372680664,0.038482025265693665,0.05093880408113449,0.01705455310467452,0.033884250976459994,0.5339438694288422
47,scratch,1160,0.04778141900897026,0.00020824636158067733,0.99981689453125,0.00018310546875,1,447,3,0.04772929474711418,0.3323754370212555,0.21846316754817963,0.038482025265693665,0.04992558577961148,0.01705455310467452,0.032871032674936976,0.5339613384937568
47,scratch,1180,0.04795325919985771,0.00020824636158067733,0.99981689453125,0.00018310546875,1,450,3,0.04790117219090462,0.3323754370212555,0.2188616544008255,0.038482025265693665,0.04977466673900466,0.01705455310467452,0.032720113634330035,0.5347650165719845
47,scratch,1200,0.048042941838502884,0.00020824636158067733,0.99981689453125,0.00018310546875,1,447,3,0.04799087345600128,0.3323754370212555,0.21904587745666504,0.038482025265693665,0.049924038088839495,0.01705455310467452,0.03286948498416487,0.5348603304016454
47,scratch,1220,0.048007506877183914,0.00020824636158067733,0.99981689453125,0.00018310546875,1,449,3,0.04795542359352112,0.3323754370212555,0.21898484230041504,0.038482025265693665,0.049258571511209936,0.01705455310467452,0.03220401840653528,0.5387282786329909
47,scratch,1240,0.04835449904203415,0.00020824636158067733,0.99981689453125,0.00018310546875,1,449,3,0.048302482813596725,0.3323754370212555,0.21976271271705627,0.038482025265693665,0.048208572312624653,0.01705455310467452,0.031154019207950096,0.5341818023741528
47,scratch,1260,0.04833492264151573,0.00020824636158067733,0.99981689453125,0.00018310546875,1,449,3,0.04828291013836861,0.3323754370212555,0.21972505748271942,0.038482025265693665,0.048139368387829506,0.01705455310467452,0.031084815283154914,0.532423199933621
47,scratch,1280,0.048413731157779694,0.00020824636158067733,0.99981689453125,0.00018310546875,1,452,3,0.04836172237992287,0.3323754370212555,0.21989600360393524,0.038482025265693665,0.04740783929465664,0.01705455310467452,0.030353286189982124,0.531862300915893
47,scratch,1300,0.04858918488025665,0.00020824636158067733,0.99981689453125,0.00018310546875,1,452,3,0.04853721708059311,0.3323754370212555,0.22029218077659607,0.038482025265693665,0.047036465184838505,0.01705455310467452,0.029981912080163885,0.5273540599452847
47,scratch,1320,0.04838789999485016,0.00020824636158067733,0.99981689453125,0.00018310546875,1,450,3,0.04833589494228363,0.3323754370212555,0.21984286606311798,0.038482025265693665,0.046894493876799004,0.01705455310467452,0.029839940772124547,0.5289825295555804
47,scratch,1340,0.04858938604593277,0.00020824636158067733,0.99981689453125,0.00018310546875,1,452,3,0.04853741079568863,0.3323754370212555,0.22031056880950928,0.038482025265693665,0.046428182337159285,0.01705455310467452,0.02937362923248482,0.5230051652767745
47,scratch,1360,0.048623908311128616,0.00020824636158067733,0.99981689453125,0.00018310546875,1,458,3,0.04857194051146507,0.3323754370212555,0.22039030492305756,0.038482025265693665,0.045805080954060884,0.01705455310467452,0.028750527849386392,0.5173732727859918
47,scratch,1380,0.048853762447834015,0.00020824636158067733,0.99981689453125,0.00018310546875,1,453,3,0.04880184307694435,0.3323754370212555,0.22090835869312286,0.038482025265693665,0.04520846698161307,0.01705455310467452,0.028153913876938483,0.5141819512288951
47,scratch,1400,0.04871349409222603,0.00020824636158067733,0.99981689453125,0.00018310546875,1,454,3,0.04866154491901398,0.3323754370212555,0.22059190273284912,0.038482025265693665,0.04367489949091663,0.01705455310467452,0.026620346386242125,0.5122475525065259
47,scratch,1420,0.04879138246178627,0.00020824636158067733,0.99981689453125,0.00018310546875,1,458,3,0.04873944818973541,0.3323754370212555,0.22076871991157532,0.038482025265693665,0.04406846550428867,0.01705455310467452,0.02701391239961408,0.516501531805918
47,scratch,1440,0.04904995858669281,0.00020824636158067733,0.99981689453125,0.00018310546875,1,460,3,0.048998069018125534,0.3323754370212555,0.22135324776172638,0.038482025265693665,0.04347075007554935,0.01705455310467452,0.026416196970874738,0.512634085419197
47,scratch,1460,0.04911879822611809,0.00020824636158067733,0.99981689453125,0.00018310546875,1,463,3,0.049066923558712006,0.3323754370212555,0.22150950133800507,0.038482025265693665,0.04218515220437524,0.01705455310467452,0.025130599099700637,0.5028509753253477
47,scratch,1480,0.049221448600292206,0.00020824636158067733,0.99981689453125,0.00018310546875,1,466,3,0.049169592559337616,0.3323754370212555,0.22173956036567688,0.038482025265693665,0.04115059499618923,0.01705455310467452,0.024096041891514635,0.49922381261487525
47,scratch,1500,0.04940910264849663,0.00020824636158067733,0.99981689453125,0.00018310546875,1,469,3,0.049357280135154724,0.3323754370212555,0.22215767204761505,0.038482025265693665,0.040378778743807686,0.01705455310467452,0.02332422563913323,0.48788358843805535
47,scratch,1520,0.049257442355155945,0.00020824636158067733,0.99981689453125,0.00018310546875,1,464,3,0.04920559376478195,0.3323754370212555,0.22180458903312683,0.038482025265693665,0.03968341967284772,0.01705455310467452,0.022628866568173124,0.4940712652248497
47,scratch,1540,0.049288310110569,0.00020824636158067733,0.99981689453125,0.00018310546875,1,467,3,0.04923646152019501,0.3323754370212555,0.2218693047761917,0.038482025265693665,0.03887147895166976,0.01705455310467452,0.021816925846995232,0.4899024961275448
47,scratch,1560,0.049289681017398834,0.00020824636158067733,0.99981689453125,0.00018310546875,1,463,3,0.04923783242702484,0.3323754370212555,0.22189097106456757,0.038482025265693665,0.0384738788927379,0.01705455310467452,0.02141932578806325,0.48079797871534746
47,scratch,1580,0.04924580082297325,0.00020824636158067733,0.99981689453125,0.00018310546875,1,467,3,0.04919395223259926,0.3323754370212555,0.22178664803504944,0.038482025265693665,0.03784420189932547,0.01705455310467452,0.02078964879465092,0.4741889537915288
47,scratch,1600,0.04948485642671585,0.00020824636158067733,0.99981689453125,0.00018310546875,1,468,3,0.04943305253982544,0.3323754370212555,0.2223190814256668,0.038482025265693665,0.03758001339902961,0.01705455310467452,0.02052546029435502,0.4717345603500892
47,scratch,1620,0.04947036877274513,0.00020824636158067733,0.99981689453125,0.00018310546875,1,470,3,0.049418553709983826,0.3323754370212555,0.2222842127084732,0.038482025265693665,0.03664872177633782,0.01705455310467452,0.019594168671663307,0.46435595900468096
47,scratch,1640,0.049763213843107224,0.00020824636158067733,0.99981689453125,0.00018310546875,1,472,3,0.049711454659700394,0.3323754370212555,0.22294817864894867,0.038482025265693665,0.03610533931369986,0.01705455310467452,0.019050786209025342,0.45349315690757275
47,scratch,1660,0.04935256391763687,0.00020824636158067733,0.9998779296875,0.0001220703125,1,469,2,0.04931991174817085,0.31682634353637695,0.22205850481987,0.028861530125141144,0.036679640863631846,0.017346940924191843,0.01933269993943993,0.45427114398691837
47,scratch,1680,0.04940899834036827,0.00020824636158067733,0.9998779296875,0.0001220703125,1,475,2,0.04937634989619255,0.31682634353637695,0.22220729291439056,0.028861530125141144,0.03549136477541737,0.017346940924191843,0.018144423851225402,0.44985127221363863
47,scratch,1700,0.04960845410823822,0.00020824636158067733,0.99981689453125,0.00018310546875,1,473,3,0.0495566725730896,0.3323754370212555,0.22260794043540955,0.038482025265693665,0.036345572407491034,0.01705455310467452,0.019291019302816542,0.43146139130178407
47,scratch,1720,0.04954337701201439,0.00020824636158067733,0.99981689453125,0.00018310546875,1,473,3,0.04949158430099487,0.3323754370212555,0.2224578708410263,0.038482025265693665,0.03586981419376656,0.01705455310467452,0.018815261089091952,0.42448042974203626
47,scratch,1740,0.04984195902943611,0.00020824636158067733,0.9998779296875,0.0001220703125,1,478,2,0.04980936646461487,0.31682634353637695,0.22317901253700256,0.028861530125141144,0.03502787997441459,0.017346940924191843,0.017680939050222715,0.4194882575399991
47,scratch,1760,0.04964409023523331,0.00020824636158067733,0.9998779296875,0.0001220703125,1,473,2,0.049611471593379974,0.31682634353637695,0.22273068130016327,0.028861530125141144,0.03464027060564234,0.017346940924191843,0.017293329681450493,0.4166176023797764
47,scratch,1780,0.04952532425522804,0.00020824636158067733,0.9998779296875,0.0001220703125,1,474,2,0.049492690712213516,0.31682634353637695,0.22245410084724426,0.028861530125141144,0.03358820144077157,0.017346940924191843,0.016241260516579578,0.41722643249588354
47,scratch,1800,0.04980438947677612,0.00020824636158067733,0.9998779296875,0.0001220703125,1,483,2,0.04977178946137428,0.31682634353637695,0.2230706512928009,0.028861530125141144,0.033552108863851515,0.017346940924191843,0.01620516793965949,0.4129040999984884
47,scratch,1820,0.049820106476545334,0.00020824636158067733,0.9998779296875,0.0001220703125,1,482,2,0.049787502735853195,0.31682634353637695,0.22309185564517975,0.028861530125141144,0.032928759938123164,0.017346940924191843,0.01558181901393132,0.40589462559066514
47,scratch,1840,0.04965883120894432,0.00020824636158067733,0.9998779296875,0.0001220703125,1,481,2,0.04962621629238129,0.31682634353637695,0.22274985909461975,0.028861530125141144,0.033082442416535685,0.017346940924191843,0.01573550149234385,0.3989996339666707
47,scratch,1860,0.049443162977695465,0.00020824636158067733,0.9998779296875,0.0001220703125,1,480,2,0.04941051825881004,0.31682634353637695,0.2222679853439331,0.028861530125141144,0.03223914555584173,0.017346940924191843,0.014892204631649891,0.3957272222985214
47,scratch,1880,0.049513574689626694,0.00020824636158067733,0.9998779296875,0.0001220703125,1,480,2,0.049479059875011444,0.3322365880012512,0.22243323922157288,0.04563407227396965,0.0318599333552001,0.017346940924191843,0.014512992431008117,0.3932049006404871
47,scratch,1900,0.04954606667160988,0.00020824636158067733,0.9998779296875,0.0001220703125,1,485,2,0.04951343312859535,0.31682634353637695,0.22249537706375122,0.028861530125141144,0.03154052548799058,0.017346940924191843,0.014193584563798543,0.37123052832677994
47,scratch,1920,0.04981842264533043,0.00020824636158067733,0.9998779296875,0.0001220703125,1,485,2,0.04978557303547859,0.31890881061553955,0.22311019897460938,0.020408213138580322,0.030836049940454302,0.017346940924191843,0.013489109016262359,0.3591672152039994
47,scratch,1940,0.049777038395404816,0.00020824636158067733,0.9998779296875,0.0001220703125,1,488,2,0.04974418133497238,0.31890881061553955,0.22302308678627014,0.020408213138580322,0.0312717672934113,0.017346940924191843,0.01392482636921933,0.35233629736532956
47,scratch,1960,0.04962339252233505,0.00020824636158067733,0.9998779296875,0.0001220703125,1,487,2,0.049590520560741425,0.31890881061553955,0.22267740964889526,0.020408213138580322,0.030545310146600002,0.017346940924191843,0.013198369222408045,0.34927198426223394
47,scratch,1980,0.04942084476351738,0.00020824636158067733,0.9998779296875,0.0001220703125,1,486,2,0.04938606172800064,0.3343190550804138,0.2221979796886444,0.04081636667251587,0.030950423963268747,0.017346940924191843,0.013603483039076871,0.344647739381546
47,scratch,2000,0.049766261130571365,0.00020824636158067733,0.9998779296875,0.0001220703125,1,494,2,0.04973340034484863,0.31890881061553955,0.22300070524215698,0.020408213138580322,0.030136048633913504,0.017346940924191843,0.012789107709721468,0.3219091242287707
47,mle,0,0.7132543325424194,0.00020824636158067733,0.54058837890625,0.45941162109375,2,1332,1135,0.6208370327949524,0.822001576423645,0.7235851883888245,0.7076432704925537,11.231351406604709,1.1676620522413952,10.063689354363316,2.226602373739954
47,mle,100,0.057668913155794144,0.00020824636158067733,0.98565673828125,0.01434326171875,2,527,136,0.05413942411541939,0.30021268129348755,0.23245610296726227,0.2830462157726288,0.043091715699311806,0.0003894430689334316,0.042702272630378325,0.06017571636104757
47,mle,200,0.05444655567407608,0.00020824636158067733,0.98358154296875,0.01641845703125,2,530,154,0.05059349536895752,0.28527194261550903,0.2249068170785904,0.27817052602767944,0.024547459303185803,6.569804208159894e-05,0.02448176126110415,0.040554452513535844
47,mle,300,0.057226404547691345,0.00020824636158067733,0.9830322265625,0.0169677734375,2,559,179,0.05318634584546089,0.2912884056568146,0.2299700230360031,0.29632169008255005,0.029369249634520145,2.6099683558122454e-05,0.029343149950961992,0.04175113073935999
47,mle,400,0.05512978881597519,0.00020824636158067733,0.982666015625,0.017333984375,2,537,185,0.05099521577358246,0.28951960802078247,0.22571764886379242,0.29636597633361816,0.022055709771130694,9.787988131962572e-06,0.022045921782998756,0.0355824200966911
47,mle,500,0.05528247356414795,0.00020824636158067733,0.98382568359375,0.01617431640625,2,542,168,0.051513299345970154,0.2845472991466522,0.22683410346508026,0.2881179451942444,0.02131779748761886,8.925936948101171e-05,0.021228538118137717,0.03486654170476167
47,mle,600,0.05392701178789139,0.00020824636158067733,0.984130859375,0.015869140625,2,528,167,0.05022647604346275,0.2834171652793884,0.22382396459579468,0.28856512904167175,0.021604936162667343,0.0001239852322368019,0.021480950930430613,0.03462320087485049
47,mle,700,0.054560586810112,0.00020824636158067733,0.983642578125,0.016357421875,2,535,164,0.05083826184272766,0.278400182723999,0.22514326870441437,0.26837158203125,0.022972024082456244,7.124022325379347e-05,0.022900783859202384,0.03465877343907986
47,mle,800,0.05472660809755325,0.00020824636158067733,0.9833984375,0.0166015625,2,527,175,0.05078646540641785,0.2881219983100891,0.2249547243118286,0.2934986352920532,0.02432112477273307,5.045225118897423e-05,0.024270672521544138,0.03586804267317556
47,mle,900,0.05548785999417305,0.00020824636158067733,0.98272705078125,0.01727294921875,2,540,186,0.0515238419175148,0.2810167372226715,0.22688864171504974,0.28417009115219116,0.017417834955459455,1.1955383956733937e-05,0.01740587957150285,0.030419776158598588
47,mle,1000,0.05605578422546387,0.00020824636158067733,0.9830322265625,0.0169677734375,2,544,181,0.05208908021450043,0.2858680188655853,0.22809499502182007,0.2895832359790802,0.02011183532177796,2.6099683558122454e-05,0.020085735638219887,0.03289571996058138
47,mle,1100,0.053852297365665436,0.00020824636158067733,0.982666015625,0.017333984375,2,533,169,0.050023309886455536,0.27091822028160095,0.22343750298023224,0.25786545872688293,0.017766401703021018,9.787988131962572e-06,0.017756613714889107,0.03183960397356922
47,mle,1200,0.05378865450620651,0.00020824636158067733,0.983154296875,0.016845703125,2,531,166,0.05012024566531181,0.26788538694381714,0.22378455102443695,0.25872790813446045,0.015987355938896997,3.331532273338398e-05,0.015954040616163588,0.02918841171114972
47,mle,1300,0.05456368252635002,0.00020824636158067733,0.9837646484375,0.0162353515625,2,534,160,0.05102159082889557,0.2691926658153534,0.22547011077404022,0.251302570104599,0.020627548809180496,8.302003100521126e-05,0.020544528778175395,0.034558667154417244
47,mle,1400,0.053326066583395004,0.00020824636158067733,0.98291015625,0.01708984375,2,537,174,0.04940051957964897,0.2791009545326233,0.2222283035516739,0.27724793553352356,0.013850012845260551,1.9777414010556317e-05,0.013830235431250112,0.028646647370553446
47,mle,1500,0.05565347522497177,0.00020824636158067733,0.981201171875,0.018798828125,2,546,180,0.051555611193180084,0.26954084634780884,0.22702527046203613,0.26299741864204407,0.014200077516044018,2.1711737380420175e-05,0.01417836577866346,0.029160716076805593
47,mle,1600,0.054323166608810425,0.00020824636158067733,0.981689453125,0.018310546875,2,538,179,0.0504143089056015,0.2638900578022003,0.22452084720134735,0.2505625784397125,0.011693331056640943,4.352996780999376e-06,0.01168897805986004,0.027662771114339457
47,mle,1700,0.053878702223300934,0.00020824636158067733,0.98309326171875,0.01690673828125,2,539,177,0.05017206072807312,0.26941224932670593,0.22262288630008698,0.2631247937679291,0.03108270672984048,2.9595436466173632e-05,0.03105311129337427,0.04050759508456603
47,mle,1800,0.05566743388772011,0.00020824636158067733,0.98150634765625,0.01849365234375,2,552,182,0.05167224630713463,0.2677021622657776,0.22719845175743103,0.2595773935317993,0.01818190395734831,9.326558295211533e-06,0.018172577399053053,0.033040372226171066
47,mle,1900,0.054989174008369446,0.00020824636158067733,0.9825439453125,0.0174560546875,2,552,180,0.05098247900605202,0.2805127799510956,0.2256336808204651,0.2721443176269531,0.01635041429855022,6.108554543226717e-06,0.016344305744006835,0.030086990271886216
47,mle,2000,0.05354898422956467,0.00020824636158067733,0.98138427734375,0.01861572265625,2,530,176,0.049542903900146484,0.2647414803504944,0.2224298119544983,0.2503148019313812,0.013189807119680097,1.3669544643492315e-05,0.013176137575036648,0.028308757144916208
47,mle,2100,0.055799487978219986,0.00020824636158067733,0.97998046875,0.02001953125,2,550,186,0.05155202001333237,0.2637183666229248,0.22705069184303284,0.24755345284938812,0.012963282330211712,0.00012096644421126729,0.01284231588600058,0.027811677865176798
47,mle,2200,0.056165844202041626,0.00020824636158067733,0.98077392578125,0.01922607421875,2,553,177,0.052073702216148376,0.26491671800613403,0.2279427945613861,0.24932265281677246,0.019497646499267773,4.751598148892717e-05,0.0194501305177789,0.029853128173929044
47,mle,2300,0.054454002529382706,0.00020824636158067733,0.98272705078125,0.01727294921875,2,541,171,0.05078304558992386,0.26330918073654175,0.22514455020427704,0.24925881624221802,0.013072564543300302,1.1955383956733937e-05,0.0130606091593438,0.02819146392059546
47,mle,2400,0.054219722747802734,0.00020824636158067733,0.98211669921875,0.01788330078125,2,547,178,0.05037176236510277,0.265542209148407,0.22437341511249542,0.2539149522781372,0.01264970583743974,3.3736234420838295e-08,0.012649672101205484,0.02675247358340338
47,mle,2500,0.054243262857198715,0.00020824636158067733,0.98211669921875,0.01788330078125,2,536,183,0.05019642785191536,0.2764876186847687,0.22388866543769836,0.26853275299072266,0.014225780687603162,3.3736234420838295e-08,0.014225746951368877,0.02898572148908196
47,mle,2600,0.0530611053109169,0.00020824636158067733,0.98199462890625,0.01800537109375,2,530,173,0.04923369735479355,0.2618040442466736,0.22173146903514862,0.24782967567443848,0.014065028204832686,2.1781680963674785e-07,0.014064810388023104,0.0289461278523252
47,mle,2700,0.05334619805216789,0.00020824636158067733,0.981689453125,0.018310546875,2,533,172,0.04949493706226349,0.25982508063316345,0.22233180701732635,0.24302925169467926,0.012475914023717394,4.352996780999376e-06,0.012471561026936416,0.02889393067082191
47,mle,2800,0.05634018033742905,0.00020824636158067733,0.98193359375,0.01806640625,2,561,170,0.05250329151749611,0.26488009095191956,0.22874777019023895,0.24912326037883759,0.01718173705759085,6.262480897856301e-07,0.017181110809501153,0.02997072899663389
47,mle,2900,0.056084390729665756,0.00020824636158067733,0.98199462890625,0.01800537109375,2,544,189,0.052227459847927094,0.26643773913383484,0.228473961353302,0.2555016279220581,0.012347031377622386,2.1781680963674785e-07,0.012346813560812731,0.026650977256142405
47,mle,3000,0.057150378823280334,0.00020824636158067733,0.9820556640625,0.0179443359375,2,561,190,0.05320040509104729,0.27332404255867004,0.23049522936344147,0.2654520571231842,0.015481091752199916,2.0078355873221903e-08,0.015481071673844122,0.02880521477411302
47,mle,3100,0.053201258182525635,0.00020824636158067733,0.98162841796875,0.01837158203125,2,522,169,0.04929963871836662,0.26167213916778564,0.22173430025577545,0.24440303444862366,0.012578080292051652,5.804504365559558e-06,0.01257227578768626,0.02962392912079148
47,mle,3200,0.055415596812963486,0.00020824636158067733,0.9798583984375,0.0201416015625,2,550,194,0.05108572915196419,0.2660570740699768,0.2259749174118042,0.2517988681793213,0.012233149653376074,0.00013514661918708924,0.012098003034188868,0.02682461680589976
47,mle,3300,0.058099910616874695,0.00020824636158067733,0.98065185546875,0.01934814453125,2,564,190,0.05400696024298668,0.26554906368255615,0.23187720775604248,0.2559014558792114,0.020088143159419758,5.667600809658056e-05,0.020031467151323083,0.03358652437666232
47,mle,3400,0.05560726299881935,0.00020824636158067733,0.9818115234375,0.0181884765625,2,558,185,0.05146092548966408,0.27942579984664917,0.22672145068645477,0.2748647928237915,0.01880586358330305,2.0723988331725865e-06,0.018803791184469794,0.031188747009511908
47,mle,3500,0.0544901117682457,0.00020824636158067733,0.9825439453125,0.0174560546875,2,531,177,0.05076214671134949,0.2643248736858368,0.22516898810863495,0.25334349274635315,0.012421451239980286,6.108554543226717e-06,0.01241534268543692,0.026254373967023903
47,mle,3600,0.05541738495230675,0.00020824636158067733,0.98345947265625,0.01654052734375,2,546,167,0.051868487149477005,0.26642605662345886,0.2276996374130249,0.2567068040370941,0.012962252753105474,5.530489307641051e-05,0.012906947860029019,0.02660087265460087
47,mle,3700,0.05357376113533974,0.00020824636158067733,0.98297119140625,0.01702880859375,2,529,166,0.05001865327358246,0.25878897309303284,0.22340275347232819,0.23753949999809265,0.011886511944076972,2.282727163631479e-05,0.011863684672440589,0.026646023711439093
47,mle,3800,0.054205141961574554,0.00020824636158067733,0.98260498046875,0.01739501953125,2,544,172,0.05045492202043533,0.26604631543159485,0.2244028002023697,0.25380462408065796,0.012992445306927891,7.839296277005687e-06,0.012984606010650988,0.02840668606288299
47,mle,3900,0.05347990617156029,0.00020824636158067733,0.98236083984375,0.01763916015625,2,536,163,0.04980216547846794,0.25830113887786865,0.22301499545574188,0.2310488373041153,0.014650195786281017,2.2165703591080135e-06,0.014647979215921886,0.031297290632867125
47,mle,4000,0.05244207754731178,0.00020824636158067733,0.983642578125,0.016357421875,2,529,157,0.0490226075053215,0.2580696940422058,0.22127008438110352,0.23931118845939636,0.011379877513000736,7.124022325379347e-05,0.011308637289746943,0.027656964536365458
47,mle,4100,0.0533357635140419,0.00020824636158067733,0.9825439453125,0.0174560546875,2,535,175,0.04967110976576805,0.25960657000541687,0.22269101440906525,0.24279746413230896,0.011495853199640749,6.108554543226717e-06,0.011489744645097503,0.028081885270441753
47,mle,4200,0.05736203491687775,0.00020824636158067733,0.98077392578125,0.01922607421875,2,566,186,0.05315079540014267,0.27218881249427795,0.23014354705810547,0.2581406831741333,0.018929635865980288,4.751598148892717e-05,0.018882119884491386,0.03273286654504981
47,mle,4300,0.05338717997074127,0.00020824636158067733,0.98284912109375,0.01715087890625,2,538,173,0.049728065729141235,0.26307645440101624,0.22278539836406708,0.24875394999980927,0.012618955908884288,1.694932961073751e-05,0.012602006579273664,0.02758385432455024
47,mle,4400,0.05478931590914726,0.00020824636158067733,0.98187255859375,0.01812744140625,2,542,177,0.05087609589099884,0.26674896478652954,0.22555717825889587,0.25652554631233215,0.011301875754917035,1.2446734454653178e-06,0.011300631081471467,0.027070515214947855
47,mle,4500,0.05393407493829727,0.00020824636158067733,0.98291015625,0.01708984375,2,542,172,0.050354234874248505,0.25982627272605896,0.224335178732872,0.244042307138443,0.007948861748637626,1.9777414010556317e-05,0.007929084334627093,0.026108747472537552
47,mle,4600,0.05530742555856705,0.00020824636158067733,0.98150634765625,0.01849365234375,2,552,175,0.051350366324186325,0.2653186023235321,0.22656086087226868,0.25476908683776855,0.015352716560492752,9.326558295211533e-06,0.015343390002197484,0.027688952338141726
47,mle,4700,0.05335129424929619,0.00020824636158067733,0.984619140625,0.015380859375,2,540,164,0.05001857131719589,0.2666983902454376,0.22309944033622742,0.257477730512619,0.016959933506051073,0.00019199891433254422,0.01676793459171857,0.03141328497506246
47,mle,4800,0.05328838899731636,0.00020824636158067733,0.98236083984375,0.01763916015625,2,533,168,0.04957728832960129,0.2599671185016632,0.22261664271354675,0.23600590229034424,0.011413441250816447,2.2165703591080135e-06,0.011411224680457509,0.027505746788594743
47,mle,4900,0.053814906626939774,0.00020824636158067733,0.9835205078125,0.0164794921875,2,534,169,0.05031866952776909,0.26247549057006836,0.22429367899894714,0.24707435071468353,0.010286403288965573,6.038654539865522e-05,0.010226016743566975,0.026237212929774878
47,mle,5000,0.052725039422512054,0.00020824636158067733,0.9820556640625,0.0179443359375,2,524,173,0.04897630214691162,0.25788548588752747,0.22129122912883759,0.23980188369750977,0.009446034950279625,2.0078355873221903e-08,0.009446014871923793,0.026132787811295466
47,warm,0,0.052725039422512054,0.00020824636158067733,0.9820556640625,0.0179443359375,2,524,173,0.04897630214691162,0.25788548588752747,0.22129122912883759,0.23980188369750977,0.009446034950279625,2.0078355873221903e-08,0.009446014871923793,0.026132787811295466
47,warm,20,0.053725358098745346,0.00020824636158067733,0.98248291015625,0.01751708984375,2,532,165,0.050081703811883926,0.25808775424957275,0.22378768026828766,0.24045243859291077,0.008395696197304403,4.59501435601771e-06,0.008391101182948224,0.0241645831781373
47,warm,40,0.05313687399029732,0.00020824636158067733,0.98309326171875,0.01690673828125,2,528,169,0.04964057356119156,0.25643935799598694,0.22279897332191467,0.2373633235692978,0.008916752071137068,2.9595436466173632e-05,0.008887156634670799,0.024495492355274373
47,warm,60,0.05273665487766266,0.00020824636158067733,0.983642578125,0.016357421875,2,531,164,0.04933562129735947,0.2572553753852844,0.22211052477359772,0.2386733442544937,0.008705919477698387,7.124022325379347e-05,0.008634679254444529,0.024867412518435494
47,warm,80,0.05307494103908539,0.00020824636158067733,0.98370361328125,0.01629638671875,2,527,164,0.04970986023545265,0.25620236992836,0.22295059263706207,0.23696428537368774,0.008795004607428325,7.701393531436536e-05,0.008717990672113977,0.024432614126201124
47,warm,100,0.05304010957479477,0.00020824636158067733,0.98382568359375,0.01617431640625,2,529,162,0.049693696200847626,0.25659042596817017,0.22291946411132812,0.23781685531139374,0.00956096544560836,8.925936948101171e-05,0.009471706076127285,0.024556232878896744
47,warm,120,0.052504830062389374,0.00020824636158067733,0.98406982421875,0.01593017578125,2,524,153,0.049197327345609665,0.2568226158618927,0.2217985838651657,0.23828619718551636,0.008380767336539918,0.00011656656289815931,0.008264200773641641,0.025107148555182257
47,warm,140,0.05279960110783577,0.00020824636158067733,0.984130859375,0.015869140625,2,525,154,0.049534525722265244,0.2552846372127533,0.22254905104637146,0.2349739819765091,0.008540778493816958,0.0001239852322368019,0.008416793261580235,0.024974618937196547
47,warm,160,0.05266691371798515,0.00020824636158067733,0.98406982421875,0.01593017578125,2,523,153,0.049389105290174484,0.2551502287387848,0.2222244143486023,0.23474834859371185,0.008596712512563442,0.00011656656289815931,0.008480145949665107,0.025297133114438375
47,warm,180,0.05318733677268028,0.00020824636158067733,0.98394775390625,0.01605224609375,2,528,157,0.04987666755914688,0.25611966848373413,0.22332414984703064,0.23681579530239105,0.008657341321132606,0.0001024412439107193,0.00855490007722184,0.024800383843032514
47,warm,200,0.05286535248160362,0.00020824636158067733,0.98394775390625,0.01605224609375,2,528,159,0.04953094199299812,0.2572535574436188,0.22253288328647614,0.23923242092132568,0.0084554742863574,0.0001024412439107193,0.008353033042446771,0.024999675996443593
47,warm,220,0.052890267223119736,0.00020824636158067733,0.98394775390625,0.01605224609375,2,531,166,0.04957553371787071,0.25607219338417053,0.22264426946640015,0.2366929054260254,0.009801360793254332,0.0001024412439107193,0.00969891954934362,0.02471745220893562
47,warm,240,0.05321701243519783,0.00020824636158067733,0.984130859375,0.015869140625,2,527,159,0.04995159059762955,0.25572359561920166,0.22347353398799896,0.23506556451320648,0.008923024914302857,0.0001239852322368019,0.008799039682066289,0.02568369828142958
47,warm,260,0.05233166366815567,0.00020824636158067733,0.98468017578125,0.01531982421875,2,520,148,0.04921337217092514,0.2527593672275543,0.2218298614025116,0.2295382171869278,0.009110400744440028,0.00020159763445916487,0.008908803109980799,0.026302401326322333
47,warm,280,0.05284157395362854,0.00020824636158067733,0.98443603515625,0.01556396484375,2,523,157,0.049629393965005875,0.25601503252983093,0.22276253998279572,0.23595021665096283,0.008785200458270026,0.00016467485582321402,0.00862052560244695,0.025547874640981072
47,warm,300,0.05289797857403755,0.00020824636158067733,0.98419189453125,0.01580810546875,2,528,148,0.04966262727975845,0.25432664155960083,0.22284942865371704,0.23304781317710876,0.008708394292817445,0.00013164243811568518,0.008576751854701633,0.025248737118747422
47,warm,320,0.05234077572822571,0.00020824636158067733,0.9844970703125,0.0155029296875,2,525,146,0.049189697951078415,0.2524469792842865,0.22178693115711212,0.22897276282310486,0.00933725432715704,0.0001735384783423605,0.009163715848814584,0.025531782529217062
47,warm,340,0.05276546999812126,0.00020824636158067733,0.984375,0.015625,2,529,159,0.04954186826944351,0.2558523714542389,0.2225704938173294,0.2353965938091278,0.00942528722244873,0.00015605437165852262,0.009269232850790156,0.025388350696377793
47,warm,360,0.05314381793141365,0.00020824636158067733,0.98394775390625,0.01605224609375,2,538,154,0.04982789605855942,0.25639835000038147,0.22322043776512146,0.23736855387687683,0.009381454954755952,0.0001024412439107193,0.009279013710845253,0.024981768889776768
47,warm,380,0.052837908267974854,0.00020824636158067733,0.98382568359375,0.01617431640625,2,533,159,0.049513183534145355,0.2550690174102783,0.22251541912555695,0.23462645709514618,0.008819979455630289,8.925936948101171e-05,0.008730720086149384,0.02500476466295576
47,warm,400,0.05289871245622635,0.00020824636158067733,0.98388671875,0.01611328125,2,537,164,0.04957957565784454,0.25556713342666626,0.22266186773777008,0.23565860092639923,0.009218004481418518,9.573281638247861e-05,0.009122271665035906,0.024956308800685556
47,warm,420,0.05251016095280647,0.00020824636158067733,0.98419189453125,0.01580810546875,2,521,160,0.0492594875395298,0.2548926770687103,0.22190313041210175,0.23418095707893372,0.007947372971294442,0.00013164243811568518,0.007815730533178515,0.02546162407154251
47,warm,440,0.052983418107032776,0.00020824636158067733,0.98388671875,0.01611328125,2,534,162,0.04964127391576767,0.2570563852787018,0.22279739379882812,0.23868337273597717,0.009685650810034474,9.573281638247861e-05,0.009589917993651798,0.025018665256286376
47,warm,460,0.05302729457616806,0.00020824636158067733,0.98382568359375,0.01617431640625,2,533,165,0.04966982454061508,0.25725051760673523,0.22285984456539154,0.23887398838996887,0.008708928027964191,8.925936948101171e-05,0.008619668658483442,0.024787737057269887
47,warm,480,0.05274572968482971,0.00020824636158067733,0.98388671875,0.01611328125,2,531,159,0.049424976110458374,0.255513459444046,0.22231446206569672,0.23553253710269928,0.008890837860427325,9.573281638247861e-05,0.008795105044044727,0.02476221464960171
47,warm,500,0.05315907299518585,0.00020824636158067733,0.98388671875,0.01611328125,2,532,164,0.0498056523501873,0.2579209506511688,0.22317004203796387,0.2400219887495041,0.009486628667410457,9.573281638247861e-05,0.00939089585102772,0.024761662913735827
47,warm,520,0.052543267607688904,0.00020824636158067733,0.98406982421875,0.01593017578125,2,519,157,0.0492636077105999,0.25514066219329834,0.22191549837589264,0.2346966564655304,0.007942823948006605,0.00011656656289815931,0.007826257385108223,0.02531431934105266
47,warm,540,0.05249318480491638,0.00020824636158067733,0.984130859375,0.015869140625,2,526,157,0.04924527183175087,0.25391340255737305,0.22189439833164215,0.23218093812465668,0.008335806305886706,0.0001239852322368019,0.008211821073649976,0.025281877061135938
47,warm,560,0.05286819115281105,0.00020824636158067733,0.984130859375,0.015869140625,2,525,151,0.04963371530175209,0.2534552812576294,0.22276540100574493,0.23070834577083588,0.0082250407796991,0.0001239852322368019,0.008101055547462321,0.025435403775847854
47,warm,580,0.05248738080263138,0.00020824636158067733,0.984130859375,0.015869140625,2,525,156,0.049250438809394836,0.2532278299331665,0.2219107747077942,0.23070485889911652,0.008167731859622052,0.0001239852322368019,0.008043746627385311,0.02557520080219755
47,warm,600,0.05304212123155594,0.00020824636158067733,0.98406982421875,0.01593017578125,2,534,154,0.04979260265827179,0.2537778913974762,0.22313110530376434,0.23113413155078888,0.008610206547210453,0.00011656656289815931,0.008493639984312067,0.024905536164371633
47,warm,620,0.052735812962055206,0.00020824636158067733,0.98388671875,0.01611328125,2,527,160,0.049385592341423035,0.25730252265930176,0.22221603989601135,0.2387588620185852,0.00841186525959614,9.573281638247861e-05,0.008316132443213565,0.025157817370856983
47,warm,640,0.05288874730467796,0.00020824636158067733,0.98388671875,0.01611328125,2,530,157,0.04957466945052147,0.25524845719337463,0.22265078127384186,0.23503471910953522,0.008483953133882949,9.573281638247861e-05,0.008388220317500215,0.024583203922449948
47,warm,660,0.052926432341337204,0.00020824636158067733,0.9837646484375,0.0162353515625,2,529,161,0.049580276012420654,0.2556832432746887,0.2226613163948059,0.23597025871276855,0.008664094603055617,8.302003100521126e-05,0.008581074572050415,0.024493447993083728
47,warm,680,0.052920401096343994,0.00020824636158067733,0.98358154296875,0.01641845703125,2,527,162,0.04949818551540375,0.257935106754303,0.22247660160064697,0.24055305123329163,0.008901714893191581,6.569804208159894e-05,0.008836016851109926,0.02451966482542256
47,warm,700,0.053050439804792404,0.00020824636158067733,0.98370361328125,0.01629638671875,2,528,166,0.04966675490140915,0.25730055570602417,0.22285756468772888,0.23874624073505402,0.00811848619215283,7.701393531436536e-05,0.008041472256838484,0.02454627620383898
47,warm,720,0.052951879799366,0.00020824636158067733,0.9840087890625,0.0159912109375,2,529,162,0.049668315798044205,0.2550041079521179,0.22286325693130493,0.2343568503856659,0.009420232723833522,0.00010938553090054297,0.009310847192932892,0.024839098012964578
47,warm,740,0.05294466018676758,0.00020824636158067733,0.9840087890625,0.0159912109375,2,527,160,0.04962672293186188,0.2571120262145996,0.22275622189044952,0.23818711936473846,0.009145960561191657,0.00010938553090054297,0.00903657503029112,0.024988090205372182
47,warm,760,0.05299397557973862,0.00020824636158067733,0.9840087890625,0.0159912109375,2,526,156,0.049722202122211456,0.25432056188583374,0.2229815125465393,0.233052060008049,0.00902134373628627,0.00010938553090054297,0.008911958205385595,0.024702582472602708
47,warm,780,0.05282188579440117,0.00020824636158067733,0.98394775390625,0.01605224609375,2,532,156,0.04949776455760002,0.2565789520740509,0.22246430814266205,0.237458735704422,0.007422175971633749,0.0001024412439107193,0.007319734727723178,0.02497271416425273
47,warm,800,0.052920546382665634,0.00020824636158067733,0.983642578125,0.016357421875,2,529,165,0.049530066549777985,0.2568047046661377,0.22254502773284912,0.23828239738941193,0.008181268051167478,7.124022325379347e-05,0.008110027827913653,0.024483729394635056
47,warm,820,0.05287504941225052,0.00020824636158067733,0.9835205078125,0.0164794921875,2,529,165,0.04944371059536934,0.25766271352767944,0.2223573923110962,0.2399573028087616,0.007978620051481755,6.038654539865522e-05,0.00791823350608318,0.02463247438638272
47,warm,840,0.05320078879594803,0.00020824636158067733,0.98358154296875,0.01641845703125,2,528,166,0.04983178898692131,0.2550274133682251,0.2232264131307602,0.23420318961143494,0.007423263880092179,6.569804208159894e-05,0.007357565838010573,0.024284853033097797
47,warm,860,0.05311928689479828,0.00020824636158067733,0.98358154296875,0.01641845703125,2,530,167,0.04970690980553627,0.25754493474960327,0.22293557226657867,0.23963795602321625,0.008094017306767398,6.569804208159894e-05,0.008028319264685753,0.024571009730354754
47,warm,880,0.05289424955844879,0.00020824636158067733,0.9837646484375,0.0162353515625,2,525,153,0.04955236613750458,0.25539204478263855,0.2225833386182785,0.23512175679206848,0.0077489067336600215,8.302003100521126e-05,0.00766588670265474,0.02464575881524278
47,warm,900,0.05257727950811386,0.00020824636158067733,0.98406982421875,0.01593017578125,2,528,155,0.04931067302823067,0.25436827540397644,0.2220502495765686,0.23316697776317596,0.00905203627208806,0.00011656656289815931,0.008935469709189705,0.02504195422145339
47,warm,920,0.05315123125910759,0.00020824636158067733,0.9840087890625,0.0159912109375,2,522,163,0.04985121637582779,0.2562154531478882,0.22327004373073578,0.23694773018360138,0.00891760173563938,0.00010938553090054297,0.008808216204738803,0.02466986988358466
47,warm,940,0.052833832800388336,0.00020824636158067733,0.9840087890625,0.0159912109375,2,522,158,0.049536097794771194,0.255757600069046,0.22255371510982513,0.23590025305747986,0.009004079780616792,0.00010938553090054297,0.008894694249716228,0.02472974159238428
47,warm,960,0.052003346383571625,0.00020824636158067733,0.9844970703125,0.0155029296875,2,523,153,0.048872824758291245,0.25080397725105286,0.22105130553245544,0.22519949078559875,0.007576752526993857,0.0001735384783423605,0.007403214048651533,0.02569535122231381
47,warm,980,0.05304260551929474,0.00020824636158067733,0.984375,0.015625,2,525,150,0.04986885190010071,0.2529889941215515,0.22331196069717407,0.23014207184314728,0.008125211803609034,0.00015605437165852262,0.007969157431950494,0.024904480306506493
47,warm,1000,0.05290381237864494,0.00020824636158067733,0.98431396484375,0.01568603515625,2,527,159,0.04968985542654991,0.2545824646949768,0.22289925813674927,0.23324114084243774,0.007527817426499439,0.00014767609110137754,0.007380141335398147,0.024980997689201367
47,warm,1020,0.05279790982604027,0.00020824636158067733,0.98431396484375,0.01568603515625,2,524,156,0.049630872905254364,0.25153249502182007,0.2227790355682373,0.22616976499557495,0.008799603725684335,0.00014767609110137754,0.008651927634583043,0.025187889442097267
47,warm,1040,0.0527968592941761,0.00020824636158067733,0.98406982421875,0.01593017578125,2,521,166,0.04950007423758507,0.256452351808548,0.22248610854148865,0.23726919293403625,0.0075797054598396585,0.00011656656289815931,0.007463138896941432,0.024776898507045453
47,warm,1060,0.05246699973940849,0.00020824636158067733,0.984130859375,0.015869140625,2,523,156,0.049220580607652664,0.2537948787212372,0.22185352444648743,0.23189803957939148,0.008445583422336256,0.0001239852322368019,0.008321598190099595,0.02507327773557544
47,warm,1080,0.052988190203905106,0.00020824636158067733,0.98394775390625,0.01605224609375,2,526,158,0.04967799782752991,0.2558916211128235,0.22288203239440918,0.23617440462112427,0.008653129181958263,0.0001024412439107193,0.008550687938047637,0.024945610923825634
47,warm,1100,0.05232175067067146,0.00020824636158067733,0.9840087890625,0.0159912109375,2,524,152,0.04908193647861481,0.2516816556453705,0.22154168784618378,0.2269117385149002,0.008382596046622837,0.00010938553090054297,0.008273210515722265,0.025489964224764017
47,warm,1120,0.05295377969741821,0.00020824636158067733,0.98382568359375,0.01617431640625,2,527,160,0.04964543133974075,0.2541889250278473,0.22281108796596527,0.23262612521648407,0.007957597721734544,8.925936948101171e-05,0.007868338352253649,0.025064060428778512
47,warm,1140,0.05291677638888359,0.00020824636158067733,0.98370361328125,0.01629638671875,2,526,162,0.04958292841911316,0.2541589140892029,0.22266991436481476,0.23260505497455597,0.007265192689565936,7.701393531436536e-05,0.007188178754251429,0.024875091447686182
47,warm,1160,0.052920788526535034,0.00020824636158067733,0.9837646484375,0.0162353515625,2,526,158,0.049568187445402145,0.2560684382915497,0.22261881828308105,0.23611994087696075,0.008190334076253691,8.302003100521126e-05,0.008107314045248547,0.025352606528688093
47,warm,1180,0.05289175361394882,0.00020824636158067733,0.9837646484375,0.0162353515625,2,524,158,0.049589890986680984,0.2529650926589966,0.22268551588058472,0.23004615306854248,0.008540980889129912,8.302003100521126e-05,0.008457960858124764,0.02496586331901407
47,warm,1200,0.05271655321121216,0.00020824636158067733,0.98382568359375,0.01617431640625,2,524,166,0.049379862844944,0.255675733089447,0.2221941202878952,0.23581291735172272,0.007798091421328479,8.925936948101171e-05,0.007708832051847411,0.025208848340045997
47,warm,1220,0.05260869115591049,0.00020824636158067733,0.984130859375,0.015869140625,2,527,150,0.04939860478043556,0.2516835629940033,0.22225145995616913,0.22678406536579132,0.008088927468826057,0.0001239852322368019,0.007964942236589324,0.025545267432537266
47,warm,1240,0.05285847559571266,0.00020824636158067733,0.984130859375,0.015869140625,2,527,166,0.04961930215358734,0.2537372410297394,0.22274552285671234,0.23176337778568268,0.00793824280864186,0.0001239852322368019,0.00781425757640516,0.024994726009683554
47,warm,1260,0.05261179804801941,0.00020824636158067733,0.984130859375,0.015869140625,2,525,151,0.04939591884613037,0.2520456314086914,0.22223469614982605,0.22732886672019958,0.007385733923193527,0.0001239852322368019,0.007261748690956882,0.025115769248006736
47,warm,1280,0.05290547385811806,0.00020824636158067733,0.98388671875,0.01611328125,2,527,158,0.04957694187760353,0.25614768266677856,0.22265705466270447,0.23668529093265533,0.008084708090073889,9.573281638247861e-05,0.007988975273691239,0.02475254127850557
47,warm,1300,0.05289153382182121,0.00020824636158067733,0.98406982421875,0.01593017578125,2,528,161,0.04964649677276611,0.25335022807121277,0.222812220454216,0.23094433546066284,0.007748536736663425,0.00011656656289815931,0.007631970173765089,0.02455933077792205
47,warm,1320,0.0528314933180809,0.00020824636158067733,0.9840087890625,0.0159912109375,2,528,163,0.04954509064555168,0.2550581693649292,0.22258593142032623,0.2342393547296524,0.008868308417923743,0.00010938553090054297,0.008758922887023192,0.024738516739236993
47,warm,1340,0.05334494635462761,0.00020824636158067733,0.98394775390625,0.01605224609375,2,530,160,0.05004362016916275,0.25570476055145264,0.22369861602783203,0.2358391433954239,0.00800969497523596,0.0001024412439107193,0.007907253731325371,0.024366553102229127
47,warm,1360,0.052594758570194244,0.00020824636158067733,0.98419189453125,0.01580810546875,2,526,157,0.04935257509350777,0.25444886088371277,0.22215436398983002,0.2332855463027954,0.008757095041993068,0.00013164243811568518,0.008625452603877298,0.024960922412649134
47,warm,1380,0.05322291702032089,0.00020824636158067733,0.98406982421875,0.01593017578125,2,535,161,0.04990202561020851,0.25836724042892456,0.22338613867759705,0.23890632390975952,0.008399606049543706,0.00011656656289815931,0.008283039486645412,0.025453881695941427
47,warm,1400,0.05281757190823555,0.00020824636158067733,0.9844970703125,0.0155029296875,2,525,150,0.04967368766665459,0.2524666488170624,0.2228744626045227,0.22836431860923767,0.007289118708477815,0.0001735384783423605,0.007115580230135426,0.025667341594018844
47,warm,1420,0.05264091491699219,0.00020824636158067733,0.9842529296875,0.0157470703125,2,529,154,0.049412135034799576,0.2544524371623993,0.22228316962718964,0.23326332867145538,0.0084671844817521,0.0001395390866802057,0.008327645395071697,0.02537268304942908
47,warm,1440,0.05271362513303757,0.00020824636158067733,0.9842529296875,0.0157470703125,2,529,153,0.04951590672135353,0.2525830566883087,0.22251802682876587,0.22918374836444855,0.008180663797439536,0.0001395390866802057,0.008041124710759302,0.025241982476220337
47,warm,1460,0.052220892161130905,0.00020824636158067733,0.98455810546875,0.01544189453125,2,516,150,0.04909871891140938,0.2512871026992798,0.2215726673603058,0.2264503389596939,0.008667346454068081,0.00018264618132589642,0.00848470027274207,0.025905988958331627
47,warm,1480,0.052959080785512924,0.00020824636158067733,0.98431396484375,0.01568603515625,2,533,158,0.04974749684333801,0.2544885277748108,0.22304001450538635,0.23280727863311768,0.008663777429511299,0.00014767609110137754,0.008516101338410149,0.0251720864332331
47,warm,1500,0.052654094994068146,0.00020824636158067733,0.984130859375,0.015869140625,2,524,158,0.049417100846767426,0.2533976137638092,0.22229637205600739,0.23084354400634766,0.007825820088520175,0.0001239852322368019,0.007701834856283525,0.02556321162476005
47,warm,1520,0.052706316113471985,0.00020824636158067733,0.98406982421875,0.01593017578125,2,527,157,0.049456316977739334,0.2534715235233307,0.22237220406532288,0.23099197447299957,0.007433940518431825,0.00011656656289815931,0.0073173739555335935,0.025600931353185197
47,warm,1540,0.05242094397544861,0.00020824636158067733,0.9840087890625,0.0159912109375,2,526,164,0.04914306476712227,0.2541234493255615,0.22166649997234344,0.23199506103992462,0.007902236640994431,0.00010938553090054297,0.007792851110093727,0.02552106674622545
47,warm,1560,0.05286550521850586,0.00020824636158067733,0.9840087890625,0.0159912109375,2,532,156,0.04959721863269806,0.2539771795272827,0.22269827127456665,0.23208250105381012,0.008191663168155117,0.00010938553090054297,0.0080822776372546,0.025044888411432376
47,warm,1580,0.05281374230980873,0.00020824636158067733,0.98406982421875,0.01593017578125,2,523,160,0.04954656958580017,0.25463956594467163,0.2225898653268814,0.2330009788274765,0.007711597165517503,0.00011656656289815931,0.007595030602619218,0.025336519437334837
47,warm,1600,0.05289437994360924,0.00020824636158067733,0.9840087890625,0.0159912109375,2,526,156,0.0496436208486557,0.2529279887676239,0.22280274331569672,0.23000220954418182,0.007300863821193104,0.00010938553090054297,0.0071914782902926175,0.025021653703081292
47,warm,1620,0.052814360707998276,0.00020824636158067733,0.98394775390625,0.01605224609375,2,527,165,0.04952602833509445,0.25437766313552856,0.22254407405853271,0.23271958529949188,0.008889888951863156,0.0001024412439107193,0.008787447707952492,0.025061008120903616
47,warm,1640,0.05293536186218262,0.00020824636158067733,0.98394775390625,0.01605224609375,2,529,157,0.049683112651109695,0.2522872984409332,0.22288605570793152,0.22847701609134674,0.007015293573395809,0.0001024412439107193,0.00691285232948509,0.024931591586866753
47,warm,1660,0.0527784638106823,0.00020824636158067733,0.9840087890625,0.0159912109375,2,530,153,0.049510885030031204,0.2538468539714813,0.22250421345233917,0.23198474943637848,0.007827335008379066,0.00010938553090054297,0.0077179494774784665,0.025138884492409752
47,warm,1680,0.052960243076086044,0.00020824636158067733,0.9837646484375,0.0162353515625,2,527,156,0.04964384436607361,0.2539139688014984,0.22280144691467285,0.23211856186389923,0.007454954655450763,8.302003100521126e-05,0.007371934624445668,0.024948641658486204
47,warm,1700,0.05322679877281189,0.00020824636158067733,0.9837646484375,0.0162353515625,2,531,160,0.04991992190480232,0.2536039352416992,0.2234218418598175,0.23147441446781158,0.007393711435916828,8.302003100521126e-05,0.0073106914049115785,0.024879130426345264
47,warm,1720,0.05276592820882797,0.00020824636158067733,0.9837646484375,0.0162353515625,2,526,163,0.04943128302693367,0.2548252046108246,0.22232593595981598,0.2341039627790451,0.008466575542307453,8.302003100521126e-05,0.008383555511302205,0.0249498243290166
47,warm,1740,0.05264037474989891,0.00020824636158067733,0.9840087890625,0.0159912109375,2,534,160,0.04939613491296768,0.2522730529308319,0.22222672402858734,0.22850103676319122,0.00753124955391371,0.00010938553090054297,0.007421864023013008,0.025023247901774348
47,warm,1760,0.05338013917207718,0.00020824636158067733,0.9837646484375,0.0162353515625,2,535,162,0.050053875893354416,0.25493165850639343,0.22370097041130066,0.23398666083812714,0.008232435022556217,8.302003100521126e-05,0.008149414991551114,0.025112398355051746
47,warm,1780,0.052258528769016266,0.00020824636158067733,0.984375,0.015625,2,523,148,0.0490984171628952,0.25134578347206116,0.2215447723865509,0.22565436363220215,0.00847724061915045,0.00015605437165852262,0.008321186247491771,0.026899209625046105
47,warm,1800,0.05259609967470169,0.00020824636158067733,0.98394775390625,0.01605224609375,2,531,158,0.04933036118745804,0.25277507305145264,0.2221040278673172,0.22935187816619873,0.008729653338569676,0.0001024412439107193,0.008627212094659109,0.025730502530425192
47,warm,1820,0.05286288261413574,0.00020824636158067733,0.98370361328125,0.01629638671875,2,530,161,0.049522511661052704,0.2544989585876465,0.2225247472524643,0.23291850090026855,0.007627497994882049,7.701393531436536e-05,0.007550484059567666,0.02554126799143186
47,warm,1840,0.052871573716402054,0.00020824636158067733,0.9837646484375,0.0162353515625,2,524,155,0.04955996200442314,0.25353503227233887,0.22261779010295868,0.23136962950229645,0.008466263760247728,8.302003100521126e-05,0.008383243729242556,0.025313546568870415
47,warm,1860,0.052604448050260544,0.00020824636158067733,0.98382568359375,0.01617431640625,2,527,155,0.04930074140429497,0.25355711579322815,0.22200851142406464,0.2314169704914093,0.008602687397988973,8.925936948101171e-05,0.008513428028507804,0.025953211312955582
47,warm,1880,0.05310767889022827,0.00020824636158067733,0.98382568359375,0.01617431640625,2,526,157,0.04981658235192299,0.2532930374145508,0.22318880259990692,0.23081852495670319,0.007265078093233512,8.925936948101171e-05,0.007175818723752493,0.02493073482102981
47,warm,1900,0.05247867479920387,0.00020824636158067733,0.9837646484375,0.0162353515625,2,525,152,0.049143217504024506,0.25458720326423645,0.22166791558265686,0.23360760509967804,0.007190023941994639,8.302003100521126e-05,0.007107003910989367,0.025213715009815396
47,warm,1920,0.0526251420378685,0.00020824636158067733,0.9837646484375,0.0162353515625,2,525,163,0.04927975684404373,0.25533565878868103,0.2219773232936859,0.23487338423728943,0.007910994412860362,8.302003100521126e-05,0.007827974381855226,0.02565617833963396
47,warm,1940,0.052697695791721344,0.00020824636158067733,0.9837646484375,0.0162353515625,2,522,159,0.049353502690792084,0.25533562898635864,0.2221422642469406,0.23504573106765747,0.007936361871735187,8.302003100521126e-05,0.007853341840730018,0.025295962827587837
47,warm,1960,0.05293288454413414,0.00020824636158067733,0.98382568359375,0.01617431640625,2,523,158,0.04959658905863762,0.25586745142936707,0.22270053625106812,0.23610106110572815,0.007910432527033606,8.925936948101171e-05,0.007821173157552829,0.024912452747887337
47,warm,1980,0.05250173807144165,0.00020824636158067733,0.9840087890625,0.0159912109375,2,530,151,0.04923611506819725,0.253449410200119,0.2218911200761795,0.23108911514282227,0.008227437472861254,0.00010938553090054297,0.008118051941960571,0.025367622519045008
47,warm,2000,0.053001899272203445,0.00020824636158067733,0.98419189453125,0.01580810546875,2,529,164,0.049715884029865265,0.2575846016407013,0.22294488549232483,0.2372719943523407,0.00817653739814972,0.00013164243811568518,0.008044894960033834,0.025843410644231235
48,scratch,0,0.8664990067481995,0.00020824636158067733,0.6500244140625,0.3499755859375,2,1340,1085,0.7984694242477417,0.9928531646728516,0.7597692608833313,0.7218818068504333,14.300184006642858,0.7719101238779096,13.52827388276495,2.19096553008487
48,scratch,20,0.6498878598213196,0.00020824636158067733,0.718017578125,0.281982421875,2,1336,1034,0.5915825963020325,0.7983516454696655,0.6969226002693176,0.6351768374443054,9.961934497936646,0.5522890424518239,9.409645455484824,1.8264724667612628
48,scratch,40,0.46161603927612305,0.00020824636158067733,0.772705078125,0.227294921875,2,1291,892,0.4178660809993744,0.6103470325469971,0.6183581948280334,0.5443156361579895,6.359075367914748,0.39215552641333934,5.966919841501409,1.4918005779952384
48,scratch,60,0.32771554589271545,0.00020824636158067733,0.82904052734375,0.17095947265625,2,1203,681,0.29972803592681885,0.46343639492988586,0.541900634765625,0.45358482003211975,3.9400339578034718,0.24517768442356982,3.6948562733799024,1.217730965487792
48,scratch,80,0.2445850670337677,0.00020824636158067733,0.88519287109375,0.11480712890625,2,1100,465,0.22580504417419434,0.38938426971435547,0.475157767534256,0.37583988904953003,2.5684263097754965,0.1213053176973853,2.4471209920781107,1.0132845843624838
48,scratch,100,0.1940518319606781,0.00020824636158067733,0.93524169921875,0.06475830078125,2,1002,295,0.18235187232494354,0.36302289366722107,0.42381107807159424,0.3165310323238373,1.8240810943080632,0.03750068647409531,1.7865804078339682,0.8715970237251188
48,scratch,120,0.16152699291706085,0.00020824636158067733,0.96575927734375,0.03424072265625,2,916,181,0.15473726391792297,0.3530307710170746,0.3856472671031952,0.2593698799610138,1.3832354709745331,0.005988545625080097,1.3772469253494528,0.7779342657601976
48,scratch,140,0.138677716255188,0.00020824636158067733,0.98162841796875,0.01837158203125,2,846,102,0.13462834060192108,0.35504406690597534,0.35616838932037354,0.20073840022087097,1.091763250877385,5.804504365559558e-06,1.0917574463730193,0.7163350133712104
48,scratch,160,0.12303198128938675,0.00020824636158067733,0.98834228515625,0.01165771484375,2,793,76,0.12019077688455582,0.36390969157218933,0.3366468548774719,0.18530689179897308,0.8722973032292529,0.0012691816671194442,0.8710281215621338,0.6578038594095436
48,scratch,180,0.11099500209093094,0.00020824636158067733,0.99267578125,0.00732421875,1,759,51,0.10916919261217117,0.3584548532962799,0.32244935631752014,0.16293014585971832,0.703248150716,0.004098175066396521,0.6991499756496031,0.604775242268008
48,scratch,200,0.1011892706155777,0.00020824636158067733,0.9951171875,0.0048828125,1,717,42,0.09996698051691055,0.35029157996177673,0.31058698892593384,0.13677658140659332,0.5624109384372886,0.006773059614540458,0.5556378788227477,0.5597423312653721
48,scratch,220,0.09314148128032684,0.00020824636158067733,0.99627685546875,0.00372314453125,1,689,37,0.09219960868358612,0.34517523646354675,0.2995600998401642,0.1367921084165573,0.45335124779759184,0.00844680268837621,0.4449044451092154,0.5242445425908248
48,scratch,240,0.08562500029802322,0.00020824636158067733,0.99713134765625,0.00286865234375,1,663,29,0.08487135916948318,0.34759366512298584,0.2882012724876404,0.13205887377262115,0.36019309032072755,0.00990858810734983,0.3502845022133779,0.5039508042688997
48,scratch,260,0.07988767325878143,0.00020824636158067733,0.99755859375,0.00244140625,1,640,26,0.07923445105552673,0.3467930555343628,0.27915507555007935,0.13465909659862518,0.29060356216378835,0.010731395168294692,0.2798721669954936,0.48208115942609064
48,scratch,280,0.07503122091293335,0.00020824636158067733,0.997802734375,0.002197265625,1,623,21,0.07442167401313782,0.35183489322662354,0.2712240517139435,0.1230093464255333,0.2350370989153916,0.011234503325583471,0.223802595589808,0.46441679356277954
48,scratch,300,0.07108109444379807,0.00020824636158067733,0.99786376953125,0.00213623046875,1,604,21,0.07048209756612778,0.3508836328983307,0.2645033597946167,0.11900758743286133,0.1909502767523108,0.01136441716886086,0.17958585958344997,0.45186163656828493
48,scratch,320,0.06716520339250565,0.00020824636158067733,0.998291015625,0.001708984375,1,579,18,0.06667628139257431,0.35276374220848083,0.2575066387653351,0.12463343888521194,0.15695044875629804,0.012325862044967707,0.14462458671133027,0.451651852687721
48,scratch,340,0.0643080621957779,0.00020824636158067733,0.998291015625,0.001708984375,1,558,19,0.06381013244390488,0.3551734983921051,0.25220853090286255,0.12613330781459808,0.13146514316050428,0.012325862044967707,0.11913928111553654,0.4494323606565761
48,scratch,360,0.061596233397722244,0.00020824636158067733,0.9989013671875,0.0010986328125,1,543,12,0.06127851828932762,0.350469708442688,0.24728503823280334,0.1139441728591919,0.11383181667789444,0.013895240014235026,0.09993657666365958,0.457548548329871
48,scratch,380,0.05966206267476082,0.00020824636158067733,0.99896240234375,0.00103759765625,1,540,13,0.059359073638916016,0.35137078166007996,0.24346932768821716,0.11534609645605087,0.10098533922447217,0.014068399417319617,0.08691693980715247,0.46473445966759963
48,scratch,400,0.05799796059727669,0.00020824636158067733,0.9991455078125,0.0008544921875,1,524,11,0.05774306878447533,0.3560362458229065,0.2402241975069046,0.12331362068653107,0.09041840219307318,0.014610383529989673,0.07580801866308347,0.4720225695643624
48,scratch,420,0.056427761912345886,0.00020824636158067733,0.999267578125,0.000732421875,1,518,11,0.05620932951569557,0.354449599981308,0.23702983558177948,0.12006368488073349,0.08193993775076791,0.014993125468266161,0.0669468122825017,0.4917889163777748
48,scratch,440,0.05524309724569321,0.00020824636158067733,0.9993896484375,0.0006103515625,1,512,9,0.05505942925810814,0.3559767007827759,0.23459142446517944,0.11587811261415482,0.07665709295562095,0.015396322623169617,0.061260770332451565,0.5002242202396904
48,scratch,460,0.05423200502991676,0.00020824636158067733,0.99945068359375,0.00054931640625,1,504,8,0.05406483635306358,0.3583831191062927,0.23249773681163788,0.11686257272958755,0.0709345554498313,0.01560681868050127,0.05532773676933004,0.5081163043948639
48,scratch,480,0.053373392671346664,0.00020824636158067733,0.99945068359375,0.00054931640625,1,501,8,0.05320575460791588,0.3583831191062927,0.23064486682415009,0.11686257272958755,0.0672064755492201,0.01560681868050127,0.05159965686871883,0.5151727271738512
48,scratch,500,0.05252326652407646,0.00020824636158067733,0.9996337890625,0.0003662109375,1,494,6,0.05241387337446213,0.3511176109313965,0.22892749309539795,0.1107402816414833,0.06426727848903369,0.016282764324321835,0.04798451416471179,0.5217893566593578
48,scratch,520,0.05193782225251198,0.00020824636158067733,0.9996337890625,0.0003662109375,1,491,6,0.05182821303606033,0.3511176109313965,0.22762621939182281,0.1107402816414833,0.061186925522825675,0.016282764324321835,0.044904161198503816,0.5225039973817932
48,scratch,540,0.05141409859061241,0.00020824636158067733,0.9996337890625,0.0003662109375,1,490,5,0.051302630454301834,0.3556990623474121,0.22646509110927582,0.10841753333806992,0.05867091532146418,0.016282764324321835,0.04238815099714219,0.52582561622032
48,scratch,560,0.05063062906265259,0.00020824636158067733,0.99969482421875,0.00030517578125,1,487,5,0.05053655430674553,0.35880887508392334,0.22479544579982758,0.11252284049987793,0.05722574277771031,0.016526689747690865,0.04069905303001938,0.5363173709854184
48,scratch,580,0.050386540591716766,0.00020824636158067733,0.999755859375,0.000244140625,1,478,4,0.05031261965632439,0.3530612587928772,0.2242954671382904,0.10204081237316132,0.056014075198810076,0.016782908639644593,0.03923116655916527,0.5330410836329268
48,scratch,600,0.04994721710681915,0.00020824636158067733,0.999755859375,0.000244140625,1,479,4,0.04987131431698799,0.3607664108276367,0.22327719628810883,0.1015293300151825,0.05410843872251547,0.016782908639644593,0.03732553008287083,0.5385164366896081
48,scratch,620,0.04967257007956505,0.00020824636158067733,0.999755859375,0.000244140625,1,476,4,0.049596600234508514,0.3607664108276367,0.22267599403858185,0.1015293300151825,0.053021479769277846,0.016782908639644593,0.0362385711296332,0.5439529150105248
48,scratch,640,0.04952980950474739,0.00020824636158067733,0.999755859375,0.000244140625,1,472,4,0.04945380613207817,0.3607664108276367,0.2223508507013321,0.1015293300151825,0.05298797066662786,0.016782908639644593,0.036205062026983134,0.5441943688062768
48,scratch,660,0.049196694046258926,0.00020824636158067733,0.999755859375,0.000244140625,1,466,4,0.04912060871720314,0.3607664108276367,0.22161448001861572,0.1015293300151825,0.051255950122332194,0.016782908639644593,0.0344730414826874,0.5457315804530684
48,scratch,680,0.049053724855184555,0.00020824636158067733,0.999755859375,0.000244140625,1,465,4,0.04897760972380638,0.3607664108276367,0.2212863713502884,0.1015293300151825,0.050755400436365505,0.016782908639644593,0.033972491796720766,0.5491797438378146
48,scratch,700,0.048980463296175,0.00020824636158067733,0.999755859375,0.000244140625,1,464,4,0.04890432953834534,0.3607664108276367,0.2210971862077713,0.1015293300151825,0.04965381660459656,0.016782908639644593,0.03287090796495178,0.5503366799755188
48,scratch,720,0.04887766018509865,0.00020824636158067733,0.99981689453125,0.00018310546875,1,462,3,0.04882039874792099,0.36152997612953186,0.22089315950870514,0.11703843623399734,0.04873057929236069,0.01705455310467452,0.031676026187686016,0.542213464694871
48,scratch,740,0.048563506454229355,0.00020824636158067733,0.99981689453125,0.00018310546875,1,460,3,0.04850619658827782,0.36152997612953186,0.2202232927083969,0.11703843623399734,0.0481641835360378,0.01705455310467452,0.031109630431363198,0.5459825325312725
48,scratch,760,0.04868781566619873,0.00020824636158067733,0.99981689453125,0.00018310546875,1,461,3,0.048630520701408386,0.36152997612953186,0.22047509253025055,0.11703843623399734,0.04738839407237805,0.01705455310467452,0.0303338409677034,0.5423223679033274
48,scratch,780,0.04850224405527115,0.00020824636158067733,0.99981689453125,0.00018310546875,1,466,3,0.04844491928815842,0.36152997612953186,0.2200905680656433,0.11703843623399734,0.046788173771538766,0.01705455310467452,0.029733620666864153,0.5436044404566222
48,scratch,800,0.048584505915641785,0.00020824636158067733,0.99981689453125,0.00018310546875,1,463,3,0.04852719604969025,0.36152997612953186,0.22025378048419952,0.11703843623399734,0.046330060271621676,0.01705455310467452,0.029275507166947212,0.5392227401104922
48,scratch,820,0.04830264300107956,0.00020824636158067733,0.99981689453125,0.00018310546875,1,461,3,0.048245277255773544,0.36152997612953186,0.21964438259601593,0.11703843623399734,0.045163709008384956,0.01705455310467452,0.028109155903710468,0.5375136847876295
48,scratch,840,0.04841764643788338,0.00020824636158067733,0.99981689453125,0.00018310546875,1,461,3,0.048360299319028854,0.36152997612953186,0.21989528834819794,0.11703843623399734,0.04461559056672826,0.01705455310467452,0.02756103746205362,0.5305284985886122
48,scratch,860,0.048611707985401154,0.00020824636158067733,0.99981689453125,0.00018310546875,1,462,3,0.04855440557003021,0.36152997612953186,0.2202983796596527,0.11703843623399734,0.04498627375161135,0.01705455310467452,0.027931720646936865,0.5255232064234608
48,scratch,880,0.048515770584344864,0.00020824636158067733,0.99981689453125,0.00018310546875,1,459,3,0.04845844581723213,0.36152997612953186,0.2201041281223297,0.11703843623399734,0.04428030696018226,0.01705455310467452,0.027225753855507764,0.5241607821960518
48,scratch,900,0.04853132739663124,0.00020824636158067733,0.99981689453125,0.00018310546875,1,463,3,0.048473142087459564,0.3662501871585846,0.22015132009983063,0.1360544115304947,0.0438950259415023,0.01705455310467452,0.02684047283682779,0.5208696404085661
48,scratch,920,0.04885457456111908,0.00020824636158067733,0.99981689453125,0.00018310546875,1,468,3,0.04879680275917053,0.36430656909942627,0.22082486748695374,0.1276303380727768,0.04423774930929625,0.01705455310467452,0.027183196204621715,0.5090843256191168
48,scratch,940,0.048766110092401505,0.00020824636158067733,0.99981689453125,0.00018310546875,1,467,3,0.04870832711458206,0.36430656909942627,0.22066082060337067,0.1276303380727768,0.04350406293834652,0.01705455310467452,0.026449509833672055,0.5080143213569702
48,scratch,960,0.0487901046872139,0.00020824636158067733,0.99981689453125,0.00018310546875,1,470,3,0.04873267933726311,0.36236295104026794,0.22072415053844452,0.11703841388225555,0.04314997435741219,0.01705455310467452,0.026095421252737575,0.4973874548529441
48,scratch,980,0.048822853714227676,0.00020824636158067733,0.99981689453125,0.00018310546875,1,467,3,0.04876507446169853,0.36430656909942627,0.22079624235630035,0.1276303380727768,0.04309240095627587,0.01705455310467452,0.026037847851601403,0.49403912945919937
48,scratch,1000,0.0487654022872448,0.00020824636158067733,0.99981689453125,0.00018310546875,1,464,3,0.048707615584135056,0.36430656909942627,0.22066645324230194,0.1276303380727768,0.04183878583008749,0.01705455310467452,0.02478423272541303,0.4916036794026898
48,scratch,1020,0.04894903674721718,0.00020824636158067733,0.99981689453125,0.00018310546875,1,471,3,0.04889128357172012,0.36430656909942627,0.2210521697998047,0.1276303380727768,0.04192283270841557,0.01705455310467452,0.024868279603741113,0.4847200046285455
48,scratch,1040,0.04888899624347687,0.00020824636158067733,0.99981689453125,0.00018310546875,1,469,3,0.04883123189210892,0.36430656909942627,0.22093522548675537,0.1276303380727768,0.041355973997461604,0.01705455310467452,0.024301420892787085,0.4819148024041372
48,scratch,1060,0.04876631125807762,0.00020824636158067733,0.99981689453125,0.00018310546875,1,475,3,0.04870888218283653,0.36236295104026794,0.22069455683231354,0.11703841388225555,0.04070688600059924,0.01705455310467452,0.023652332895924773,0.47444769661590025
48,scratch,1080,0.04880638048052788,0.00020824636158067733,0.99981689453125,0.00018310546875,1,472,3,0.04874895513057709,0.36236295104026794,0.2207840532064438,0.11703841388225555,0.04031124219201132,0.01705455310467452,0.023256689087336843,0.47204120797025306
48,scratch,1100,0.04881156235933304,0.00020824636158067733,0.99981689453125,0.00018310546875,1,474,3,0.048754140734672546,0.36236295104026794,0.22079457342624664,0.11703841388225555,0.040309401636669406,0.01705455310467452,0.02325484853199488,0.4676939151620193
48,scratch,1120,0.04896480590105057,0.00020824636158067733,0.99981689453125,0.00018310546875,1,477,3,0.04890740290284157,0.36236295104026794,0.2211313098669052,0.11703841388225555,0.04016550562683818,0.01705455310467452,0.023110952522163684,0.46361779926585067
48,scratch,1140,0.0489867627620697,0.00020824636158067733,0.99981689453125,0.00018310546875,1,476,3,0.048929374665021896,0.36236295104026794,0.22118361294269562,0.11703841388225555,0.03968764928887225,0.01705455310467452,0.022633096184197725,0.4587619304299754
48,scratch,1160,0.04893627390265465,0.00020824636158067733,0.99981689453125,0.00018310546875,1,470,3,0.048878878355026245,0.36236295104026794,0.2210732400417328,0.11703841388225555,0.04026343535243626,0.01705455310467452,0.023208882247761676,0.4557854106976468
48,scratch,1180,0.048870749771595,0.00020824636158067733,0.99981689453125,0.00018310546875,1,471,2,0.048811446875333786,0.37263643741607666,0.22092993557453156,0.11544597893953323,0.03945860493714548,0.01705455310467452,0.022404051832471,0.45216298027000656
48,scratch,1200,0.04887643828988075,0.00020824636158067733,0.99981689453125,0.00018310546875,1,473,3,0.048819027841091156,0.36236295104026794,0.22093763947486877,0.11703841388225555,0.038475031258904835,0.01705455310467452,0.021420478154230226,0.451067677757894
48,scratch,1220,0.04920283704996109,0.00020824636158067733,0.99981689453125,0.00018310546875,1,478,3,0.04914548993110657,0.36236295104026794,0.2216140478849411,0.11703841388225555,0.039468971365032246,0.01705455310467452,0.02241441826035774,0.44624929376798017
48,scratch,1240,0.0488751158118248,0.00020824636158067733,0.99981689453125,0.00018310546875,1,471,2,0.04881582409143448,0.37263643741607666,0.22093366086483002,0.11544597893953323,0.0382509001940079,0.01705455310467452,0.021196347089333274,0.4483729090795553
48,scratch,1260,0.04893927648663521,0.00020824636158067733,0.99981689453125,0.00018310546875,1,472,2,0.04887999966740608,0.37263643741607666,0.22107328474521637,0.11544597893953323,0.037697443869738834,0.01705455310467452,0.02064289076506428,0.4445601723643652
48,scratch,1280,0.04895981773734093,0.00020824636158067733,0.99981689453125,0.00018310546875,1,474,2,0.0489005446434021,0.37263643741607666,0.22111162543296814,0.11544597893953323,0.03724154162792814,0.01705455310467452,0.0201869885232536,0.4432599510625753
48,scratch,1300,0.049006033688783646,0.00020824636158067733,0.99981689453125,0.00018310546875,1,476,2,0.048945698887109756,0.3784673511981964,0.22122597694396973,0.13468699157238007,0.037357246539805544,0.01705455310467452,0.020302693435131046,0.4379361591424843
48,scratch,1320,0.049116410315036774,0.00020824636158067733,0.99981689453125,0.00018310546875,1,477,3,0.04905904456973076,0.36236295104026794,0.22146518528461456,0.11703841388225555,0.03660183694611163,0.01705455310467452,0.019547283841436964,0.43603472130846266
48,scratch,1340,0.049136899411678314,0.00020824636158067733,0.99981689453125,0.00018310546875,1,476,3,0.0490795373916626,0.36236295104026794,0.22149764001369476,0.11703841388225555,0.036704251935780974,0.01705455310467452,0.019649698831106347,0.435670373336254
48,scratch,1360,0.049078017473220825,0.00020824636158067733,0.9998779296875,0.0001220703125,1,478,1,0.049039941281080246,0.36097463965415955,0.22143113613128662,0.0,0.0362915315347081,0.017346940924191843,0.018944590610516187,0.43482418941195855
48,scratch,1380,0.048918530344963074,0.00020824636158067733,0.9998779296875,0.0001220703125,1,474,1,0.048880435526371,0.36097463965415955,0.2210806906223297,0.0,0.035934745647146826,0.017346940924191843,0.01858780472295482,0.4372924149290359
48,scratch,1400,0.04916927590966225,0.00020824636158067733,0.9998779296875,0.0001220703125,1,478,1,0.04913121089339256,0.36097463965415955,0.22162684798240662,0.0,0.03594091191208548,0.017346940924191843,0.018593970987893636,0.4309936806391509
48,scratch,1420,0.04895802587270737,0.00020824636158067733,0.99993896484375,6.103515625e-05,1,474,1,0.04893898591399193,0.36097463965415955,0.22122052311897278,0.0,0.03531696134469797,0.017671269001666674,0.0176456923430311,0.4330602300476333
48,scratch,1440,0.04900480434298515,0.00020824636158067733,0.99993896484375,6.103515625e-05,1,478,1,0.048985764384269714,0.36097463965415955,0.22132530808448792,0.0,0.03579724334868928,0.017671269001666674,0.01812597434702245,0.4298061040833293
48,scratch,1460,0.04907282814383507,0.00020824636158067733,0.99993896484375,6.103515625e-05,1,481,1,0.04905379191040993,0.36097463965415955,0.22147032618522644,0.0,0.03569085164073016,0.017671269001666674,0.01801958263906349,0.4293913944572726
48,scratch,1480,0.04925428330898285,0.00020824636158067733,0.9998779296875,0.0001220703125,1,483,1,0.04921622946858406,0.36097463965415955,0.22182391583919525,0.0,0.035308637962053524,0.017346940924191843,0.017961697037861688,0.4274567218969626
48,scratch,1500,0.049102772027254105,0.00020824636158067733,0.99993896484375,6.103515625e-05,1,484,1,0.049083732068538666,0.36097463965415955,0.22154302895069122,0.0,0.03466201301508676,0.017671269001666674,0.016990744013420076,0.4287934780229282
48,scratch,1520,0.048953499644994736,0.00020824636158067733,0.99993896484375,6.103515625e-05,1,482,1,0.0489344596862793,0.36097463965415955,0.22120879590511322,0.0,0.03419323571161925,0.017671269001666674,0.01652196670995253,0.42839332037030753
48,scratch,1540,0.0491984598338604,0.00020824636158067733,0.99993896484375,6.103515625e-05,1,491,1,0.04917958006262779,0.3584756851196289,0.22176127135753632,0.0,0.03428402011942211,0.017671269001666674,0.016612751117755252,0.4253012898486507
48,scratch,1560,0.049087367951869965,0.00020824636158067733,0.99993896484375,6.103515625e-05,1,487,1,0.04906848445534706,0.3584756851196289,0.22151248157024384,0.0,0.03329448491441411,0.017671269001666674,0.015623215912747375,0.42229367883621516
48,scratch,1580,0.04906037449836731,0.00020824636158067733,0.99993896484375,6.103515625e-05,1,490,1,0.04904148355126381,0.3584756851196289,0.2214525043964386,0.0,0.03308856303939223,0.017671269001666674,0.015417294037725435,0.42215688658390926
48,scratch,1600,0.04909611493349075,0.00020824636158067733,0.99993896484375,6.103515625e-05,1,490,1,0.04907723143696785,0.3584756851196289,0.22153282165527344,0.0,0.033064079063670704,0.017671269001666674,0.015392810062003845,0.4214817446925029
48,scratch,1620,0.04932170361280441,0.00020824636158067733,0.9998779296875,0.0001220703125,1,490,2,0.04928380623459816,0.3597251772880554,0.22196823358535767,0.020408153533935547,0.03359524917342327,0.017346940924191843,0.016248308249231437,0.418863482417439
48,scratch,1640,0.049430910497903824,0.00020824636158067733,0.9998779296875,0.0001220703125,1,492,2,0.049393028020858765,0.3597251772880554,0.22220633924007416,0.020408153533935547,0.03328336159048462,0.017346940924191843,0.015936420666292733,0.4184222027040253
48,scratch,1660,0.049393996596336365,0.00020824636158067733,0.9998779296875,0.0001220703125,1,493,2,0.04935611039400101,0.3597251772880554,0.2221454381942749,0.020408153533935547,0.0335430716442815,0.017346940924191843,0.016196130720089665,0.41831861759485245
48,scratch,1680,0.04928458482027054,0.00020824636158067733,0.99993896484375,6.103515625e-05,1,493,1,0.04926570877432823,0.3584756851196289,0.22194577753543854,0.0,0.03253647960101347,0.017671269001666674,0.014865210599346658,0.4174951296379025
48,scratch,1700,0.04923796281218529,0.00020824636158067733,0.99993896484375,6.103515625e-05,1,494,1,0.04921908304095268,0.3584756851196289,0.22184662520885468,0.0,0.03218938269875338,0.017671269001666674,0.014518113697086535,0.4183932384264356
48,scratch,1720,0.04941315948963165,0.00020824636158067733,0.99993896484375,6.103515625e-05,1,497,1,0.04939429461956024,0.3584756851196289,0.22223655879497528,0.0,0.03190067556007392,0.017671269001666674,0.014229406558407116,0.41670040771780104
48,scratch,1740,0.04922214895486832,0.00020824636158067733,0.99993896484375,6.103515625e-05,1,497,1,0.04920327290892601,0.3584756851196289,0.22180575132369995,0.0,0.031920690147863695,0.017671269001666674,0.01424942114619695,0.4192635107326371
48,scratch,1760,0.04909413307905197,0.00020824636158067733,0.99993896484375,6.103515625e-05,1,497,1,0.04907524958252907,0.3584756851196289,0.2215229719877243,0.0,0.03155394324149796,0.017671269001666674,0.013882674239831187,0.4188373017611614
48,scratch,1780,0.04905930534005165,0.00020824636158067733,0.99993896484375,6.103515625e-05,1,492,1,0.04904041439294815,0.3584756851196289,0.22144415974617004,0.0,0.03160941177358012,0.017671269001666674,0.013938142771913407,0.4171886945848403
48,scratch,1800,0.04912595823407173,0.00020824636158067733,0.99993896484375,6.103515625e-05,1,496,1,0.04910707473754883,0.3584756851196289,0.22159259021282196,0.0,0.031396543570927804,0.017671269001666674,0.013725274569261111,0.41615374728346277
48,scratch,1820,0.04919535666704178,0.00020824636158067733,0.99993896484375,6.103515625e-05,1,497,1,0.049176476895809174,0.3584756851196289,0.22173519432544708,0.0,0.031695343219517724,0.017671269001666674,0.014024074217850945,0.41490409442551235
48,scratch,1840,0.04928051307797432,0.00020824636158067733,0.99993896484375,6.103515625e-05,1,500,1,0.04926164448261261,0.3584756851196289,0.22193527221679688,0.0,0.031685996735369315,0.017671269001666674,0.014014727733702452,0.41518222278748207
48,scratch,1860,0.04943761229515076,0.00020824636158067733,0.99993896484375,6.103515625e-05,1,500,1,0.04941875487565994,0.3584756851196289,0.22228160500526428,0.0,0.031660573906457046,0.017671269001666674,0.013989304904790317,0.41245040307032677
48,scratch,1880,0.04931793361902237,0.00020824636158067733,0.99993896484375,6.103515625e-05,1,498,1,0.04929906129837036,0.3584756851196289,0.22203034162521362,0.0,0.03227274567344551,0.017671269001666674,0.014601476671778647,0.41282673869929776
48,scratch,1900,0.04946206882596016,0.00020824636158067733,0.99993896484375,6.103515625e-05,1,502,1,0.04944320768117905,0.3584756851196289,0.22233766317367554,0.0,0.031827019600505935,0.017671269001666674,0.01415575059883917,0.4127005887500875
48,scratch,1920,0.04944005608558655,0.00020824636158067733,0.99993896484375,6.103515625e-05,1,504,1,0.04942119121551514,0.3584756851196289,0.22229604423046112,0.0,0.031738603997119696,0.017671269001666674,0.014067334995452808,0.4140224678128309
48,scratch,1940,0.04945017397403717,0.00020824636158067733,0.99993896484375,6.103515625e-05,1,502,1,0.04943131282925606,0.3584756851196289,0.22231212258338928,0.0,0.03141085767875751,0.017671269001666674,0.013739588677090629,0.4133329700568741
48,scratch,1960,0.04940721392631531,0.00020824636158067733,0.99993896484375,6.103515625e-05,1,500,1,0.04938829690217972,0.359308660030365,0.22222000360488892,0.0,0.03162265213196491,0.017671269001666674,0.01395138313029821,0.41049947279745747
48,scratch,1980,0.04954458773136139,0.00020824636158067733,0.99993896484375,6.103515625e-05,1,502,1,0.049525681883096695,0.359308660030365,0.22251254320144653,0.0,0.031324931573372794,0.017671269001666674,0.01365366257170601,0.408261262346716
48,scratch,2000,0.049295824021101,0.00020824636158067733,0.99993896484375,6.103515625e-05,1,504,1,0.04927689582109451,0.359308660030365,0.22197741270065308,0.0,0.031953408128366334,0.017671269001666674,0.014282139126699562,0.4117284174724066
48,mle,0,0.8664990067481995,0.00020824636158067733,0.6500244140625,0.3499755859375,2,1340,1085,0.7984694242477417,0.9928531646728516,0.7597692608833313,0.7218818068504333,14.300184006642858,0.7719101238779096,13.52827388276495,2.19096553008487
48,mle,100,0.05766816437244415,0.00020824636158067733,0.98248291015625,0.01751708984375,2,542,132,0.05344153568148613,0.2947275638580322,0.2311698943376541,0.2293185591697693,0.05707744338743481,4.59501435601771e-06,0.05707284837307865,0.06957162332466604
48,mle,200,0.05884784832596779,0.00020824636158067733,0.98114013671875,0.01885986328125,2,568,166,0.054418422281742096,0.289278507232666,0.2330547720193863,0.26926952600479126,0.039724108443088824,2.479725625097271e-05,0.039699311186837824,0.046913299593800084
48,mle,300,0.05672752484679222,0.00020824636158067733,0.98272705078125,0.01727294921875,2,553,153,0.052427858114242554,0.3013527989387512,0.2283850610256195,0.2797916829586029,0.036743368458893144,1.1955383956733937e-05,0.036731413074936575,0.045759453569846564
48,mle,400,0.05532568320631981,0.00020824636158067733,0.9820556640625,0.0179443359375,2,543,158,0.05115050822496414,0.28382420539855957,0.22601592540740967,0.278408408164978,0.031377433741191396,2.0078355873221903e-08,0.03137741366283555,0.042624964102944696
48,mle,500,0.05488308519124985,0.00020824636158067733,0.98284912109375,0.01715087890625,2,541,156,0.05079896003007889,0.28892868757247925,0.22532768547534943,0.28389236330986023,0.028175639578158496,1.694932961073751e-05,0.028158690248547835,0.039969759360903745
48,mle,600,0.05804913491010666,0.00020824636158067733,0.981689453125,0.018310546875,2,558,175,0.053599484264850616,0.2966097891330719,0.23077261447906494,0.29376450181007385,0.03301283641504682,4.352996780999376e-06,0.03300848341826573,0.04255477737817481
48,mle,700,0.056833527982234955,0.00020824636158067733,0.98089599609375,0.01910400390625,2,553,174,0.05238259583711624,0.28536713123321533,0.22854682803153992,0.2852129638195038,0.02732500938892457,3.914620295990701e-05,0.02728586318596469,0.03944476538228836
48,mle,800,0.056985121220350266,0.00020824636158067733,0.9798583984375,0.0201416015625,2,554,175,0.05234605446457863,0.282668799161911,0.22827282547950745,0.28373029828071594,0.028952558728825295,0.00013514661918708924,0.02881741210963816,0.04122155479919665
48,mle,900,0.05452186241745949,0.00020824636158067733,0.98101806640625,0.01898193359375,2,540,167,0.05012517794966698,0.2817498445510864,0.22379803657531738,0.28102797269821167,0.027649625437526026,3.1571623112962256e-05,0.027618053814412916,0.04081938956435105
48,mle,1000,0.055899616330862045,0.00020824636158067733,0.9803466796875,0.0196533203125,2,540,185,0.05108378082513809,0.2961232364177704,0.2258823662996292,0.2916925549507141,0.026323597805649968,8.300148235925548e-05,0.02624059632329065,0.036942815656150096
48,mle,1100,0.05638720467686653,0.00020824636158067733,0.98260498046875,0.01739501953125,2,551,177,0.05205875262618065,0.3008914291858673,0.2279738187789917,0.29528844356536865,0.02872943411076534,7.839296277005687e-06,0.028721594814488445,0.036957214776268565
48,mle,1200,0.05615963786840439,0.00020824636158067733,0.98321533203125,0.01678466796875,2,556,172,0.05222678557038307,0.2865389585494995,0.22809281945228577,0.28343936800956726,0.026358088682364667,3.726014047560934e-05,0.026320828541889094,0.03709141931969706
48,mle,1300,0.05410339683294296,0.00020824636158067733,0.9844970703125,0.0155029296875,2,547,153,0.050513383001089096,0.2820836007595062,0.2245224267244339,0.26281651854515076,0.021528478290029796,0.0001735384783423605,0.021354939811687346,0.03547337345000623
48,mle,1400,0.05494435876607895,0.00020824636158067733,0.982177734375,0.017822265625,2,549,166,0.05088794231414795,0.2784918546676636,0.22555547952651978,0.26544755697250366,0.020825898638769047,2.594987545213379e-07,0.02082563914001446,0.03456847350091474
48,mle,1500,0.054270822554826736,0.00020824636158067733,0.982666015625,0.017333984375,2,553,168,0.05011938512325287,0.2896164059638977,0.22361065447330475,0.2624194025993347,0.02705032002287311,9.787988131962572e-06,0.02704053203474102,0.04032935852658037
48,mle,1600,0.05590777099132538,0.00020824636158067733,0.9813232421875,0.0186767578125,2,549,162,0.05187106132507324,0.268006831407547,0.22746792435646057,0.2571335434913635,0.021784383265377016,1.6147234207725147e-05,0.021768236031169168,0.03677297817259595
48,mle,1700,0.056671857833862305,0.00020824636158067733,0.9808349609375,0.0191650390625,2,560,169,0.05256347730755806,0.26693204045295715,0.22913610935211182,0.25338637828826904,0.02019390605001803,4.3232003280540806e-05,0.020150674046737493,0.0331216249476004
48,mle,1800,0.055468976497650146,0.00020824636158067733,0.9793701171875,0.0206298828125,2,547,167,0.051036443561315536,0.26589587330818176,0.2258891761302948,0.25292128324508667,0.02023147758173849,0.00019937335636823926,0.02003210422537035,0.03331870463509612
48,mle,1900,0.05591035634279251,0.00020824636158067733,0.9820556640625,0.0179443359375,2,562,162,0.052036091685295105,0.26794081926345825,0.22809796035289764,0.2532505691051483,0.023381905761389987,2.0078355873221903e-08,0.023381885683034006,0.035619606024485884
48,mle,2000,0.055614322423934937,0.00020824636158067733,0.98309326171875,0.01690673828125,2,560,161,0.05194162204861641,0.2691746950149536,0.2278781235218048,0.23863187432289124,0.018179144470387598,2.9595436466173632e-05,0.018149549033921488,0.03282866448055055
48,mle,2100,0.054613061249256134,0.00020824636158067733,0.98291015625,0.01708984375,2,546,150,0.05097002536058426,0.26413998007774353,0.22573637962341309,0.24565671384334564,0.016396058927249157,1.9777414010556317e-05,0.016376281513238708,0.030772370068664068
48,mle,2200,0.05487552285194397,0.00020824636158067733,0.98211669921875,0.01788330078125,2,549,162,0.0510716550052166,0.2637767195701599,0.22587575018405914,0.24115623533725739,0.015595929821039078,3.3736234420838295e-08,0.015595896084804734,0.031379794229653535
48,mle,2300,0.05752324312925339,0.00020824636158067733,0.98095703125,0.01904296875,2,570,174,0.053472667932510376,0.2661797106266022,0.23112104833126068,0.24918906390666962,0.01942486441858904,3.5259201314548306e-05,0.019389605217274473,0.03359725888796883
48,mle,2400,0.05379600077867508,0.00020824636158067733,0.982177734375,0.017822265625,2,551,163,0.05001690983772278,0.26206034421920776,0.2236378788948059,0.24221421778202057,0.015447731246432284,2.594987545213379e-07,0.015447471747677664,0.029737930439953097
48,mle,2500,0.054052405059337616,0.00020824636158067733,0.98150634765625,0.01849365234375,2,554,169,0.049840159714221954,0.277607262134552,0.2231467366218567,0.24694226682186127,0.024324085971066722,9.326558295211533e-06,0.024314759412771565,0.03738224399487289
48,mle,2600,0.055313050746917725,0.00020824636158067733,0.98175048828125,0.01824951171875,2,547,168,0.05142977833747864,0.2642172574996948,0.22650763392448425,0.24660779535770416,0.019918868958676228,3.10873486873925e-06,0.019915760223807453,0.0333354395849913
48,mle,2700,0.052411507815122604,0.00020824636158067733,0.98193359375,0.01806640625,2,537,168,0.048535432666540146,0.2630818486213684,0.22016339004039764,0.24360902607440948,0.015774736632202746,6.262480897856301e-07,0.01577411038411301,0.03196823579557739
48,mle,2800,0.05578308179974556,0.00020824636158067733,0.981689453125,0.018310546875,2,562,168,0.05187726393342018,0.26518675684928894,0.2274916023015976,0.2509775161743164,0.01714094071231642,4.352996780999376e-06,0.017136587715535338,0.03148919469160527
48,mle,2900,0.05582780763506889,0.00020824636158067733,0.98065185546875,0.01934814453125,2,562,177,0.051739953458309174,0.26301857829093933,0.22733621299266815,0.24328671395778656,0.01697348051694547,5.667600809658056e-05,0.016916804508848693,0.031245710649020375
48,mle,3000,0.05327271297574043,0.00020824636158067733,0.98193359375,0.01806640625,2,534,160,0.04949815943837166,0.25842443108558655,0.22213397920131683,0.23512154817581177,0.016772111354121932,6.262480897856301e-07,0.016771485106032075,0.03281661403954994
48,mle,3100,0.056903887540102005,0.00020824636158067733,0.98101806640625,0.01898193359375,2,568,196,0.05247041955590248,0.28603261709213257,0.228998601436615,0.2674928605556488,0.023115123469516163,3.1571623112962256e-05,0.02308355184640317,0.03362348965376649
48,mle,3200,0.05580998957157135,0.00020824636158067733,0.9803466796875,0.0196533203125,2,561,181,0.05146697908639908,0.2724478244781494,0.22686290740966797,0.25321051478385925,0.017935141142707778,8.300148235925548e-05,0.017852139660348543,0.02979513303646153
48,mle,3300,0.05404940992593765,0.00020824636158067733,0.98138427734375,0.01861572265625,2,542,166,0.05005236342549324,0.26476603746414185,0.22354236245155334,0.24069097638130188,0.01636377448468096,1.3669544643492315e-05,0.0163501049400374,0.030534581703907215
48,mle,3400,0.056398920714855194,0.00020824636158067733,0.98052978515625,0.01947021484375,2,560,168,0.05236323922872543,0.2596375048160553,0.22840052843093872,0.23860011994838715,0.021442864279570983,6.662139467352867e-05,0.021376242884897305,0.03464823948226903
48,mle,3500,0.05387099087238312,0.00020824636158067733,0.9847412109375,0.0152587890625,2,556,146,0.050718944519758224,0.25729113817214966,0.22514328360557556,0.23439690470695496,0.015276364560314448,0.0002114433064314943,0.015064921253883026,0.030727342899556143
48,mle,3600,0.054155394434928894,0.00020824636158067733,0.9822998046875,0.0177001953125,2,547,164,0.0503862202167511,0.2633313536643982,0.22381585836410522,0.24289041757583618,0.020028908147843083,1.3501952741154055e-06,0.020027557952568702,0.03477955176706227
48,mle,3700,0.054083287715911865,0.00020824636158067733,0.981201171875,0.018798828125,2,526,166,0.050176385790109634,0.25800344347953796,0.22395209968090057,0.23995235562324524,0.014344541799992783,2.1711737380420175e-05,0.014322830062612289,0.030046421285735314
48,mle,3800,0.05711941048502922,0.00020824636158067733,0.98150634765625,0.01849365234375,2,575,184,0.052977852523326874,0.27692267298698425,0.23003679513931274,0.2559431195259094,0.019825571784359397,9.326558295211533e-06,0.019816245226064105,0.0317653373210508
48,mle,3900,0.05117916315793991,0.00020824636158067733,0.98193359375,0.01806640625,2,516,160,0.047430094331502914,0.25494611263275146,0.21777494251728058,0.22746773064136505,0.01371213197145238,6.262480897856301e-07,0.013711505723362612,0.03074276902836781
48,mle,4000,0.05516280606389046,0.00020824636158067733,0.97998046875,0.02001953125,2,539,178,0.050990838557481766,0.2593858242034912,0.22573529183864594,0.2428438514471054,0.015491989186749322,0.00012096644421126729,0.01537102274253807,0.02945023930144297
48,mle,4100,0.055166229605674744,0.00020824636158067733,0.9815673828125,0.0184326171875,2,546,178,0.05116890370845795,0.26803040504455566,0.22538189589977264,0.25275638699531555,0.019239790308539284,7.462581939157958e-06,0.01923232772660005,0.035398858716437
48,mle,4200,0.055326662957668304,0.00020824636158067733,0.97943115234375,0.02056884765625,2,543,169,0.05109723284840584,0.25672030448913574,0.22599151730537415,0.23728616535663605,0.013592692114080762,0.00019069400476136788,0.013401998109319323,0.028027697416039055
48,mle,4300,0.05442243441939354,0.00020824636158067733,0.98138427734375,0.01861572265625,2,544,172,0.05038817226886749,0.26710113883018494,0.22437307238578796,0.24263116717338562,0.015793881262844423,1.3669544643492315e-05,0.015780211718200966,0.029454231153724586
48,mle,4400,0.056035712361335754,0.00020824636158067733,0.98046875,0.01953125,2,563,178,0.05199957266449928,0.2586500644683838,0.2279348224401474,0.23935094475746155,0.017441960604820395,7.188708721435713e-05,0.017370073517606027,0.0281480207347361
48,mle,4500,0.052907075732946396,0.00020824636158067733,0.9818115234375,0.0181884765625,2,543,170,0.04901209473609924,0.2631573975086212,0.2213531881570816,0.2400544434785843,0.015646220810786815,2.0723988331725865e-06,0.015644148411953416,0.03019278849453466
48,mle,4600,0.0553305484354496,0.00020824636158067733,0.98095703125,0.01904296875,2,542,164,0.05140627175569534,0.2574813961982727,0.22630159556865692,0.23378364741802216,0.016866515732736787,3.5259201314548306e-05,0.01683125653142236,0.03224129539805498
48,mle,4700,0.055333323776721954,0.00020824636158067733,0.9805908203125,0.0194091796875,2,556,181,0.05131811276078224,0.258189857006073,0.22637434303760529,0.24051699042320251,0.012512267567409197,6.15508344869336e-05,0.0124507167329224,0.02584097869905444
48,mle,4800,0.054725028574466705,0.00020824636158067733,0.9815673828125,0.0184326171875,2,550,164,0.05099497735500336,0.2533566355705261,0.22570106387138367,0.2298811376094818,0.012638319538574194,7.462581939157958e-06,0.012630856956635067,0.02732154347970417
48,mle,4900,0.05478593334555626,0.00020824636158067733,0.98095703125,0.01904296875,2,556,159,0.050953757017850876,0.2521924376487732,0.22568093240261078,0.22692103683948517,0.014833317589555861,3.5259201314548306e-05,0.014798058388241418,0.02759664434481446
48,mle,5000,0.056377287954092026,0.00020824636158067733,0.9814453125,0.0185546875,2,568,172,0.05253252759575844,0.25974488258361816,0.2290271669626236,0.2405843585729599,0.014969511990976514,1.1395766658824406e-05,0.014958116224317728,0.02756865417243015
48,warm,0,0.056377287954092026,0.00020824636158067733,0.9814453125,0.0185546875,2,568,172,0.05253252759575844,0.25974488258361816,0.2290271669626236,0.2405843585729599,0.014969511990976514,1.1395766658824406e-05,0.014958116224317728,0.02756865417243015
48,warm,20,0.0533747673034668,0.00020824636158067733,0.98236083984375,0.01763916015625,2,543,153,0.04980676621198654,0.252083957195282,0.2231641411781311,0.22532983124256134,0.010549192135123064,2.2165703591080135e-06,0.010546975564764064,0.025057003208278084
48,warm,40,0.05296219885349274,0.00020824636158067733,0.98223876953125,0.01776123046875,2,535,159,0.049352314323186874,0.2525976598262787,0.2221488505601883,0.22598165273666382,0.009401024275767611,6.980790792934192e-07,0.009400326196688154,0.02531418241480632
48,warm,60,0.05329013988375664,0.00020824636158067733,0.98211669921875,0.01788330078125,2,538,156,0.049658048897981644,0.2527574598789215,0.22281046211719513,0.22707898914813995,0.011229296135034872,3.3736234420838295e-08,0.011229262398800599,0.0255125333721683
48,warm,80,0.05319114029407501,0.00020824636158067733,0.982177734375,0.017822265625,2,531,161,0.04956676810979843,0.25292885303497314,0.22259479761123657,0.22748404741287231,0.01124524814823502,2.594987545213379e-07,0.011244988649480488,0.02548121620268129
48,warm,100,0.053331613540649414,0.00020824636158067733,0.98223876953125,0.01776123046875,2,537,157,0.049707964062690735,0.25372835993766785,0.2229204624891281,0.22955113649368286,0.010380240375717165,6.980790792934192e-07,0.010379542296637711,0.025235840680327137
48,warm,120,0.05332854390144348,0.00020824636158067733,0.982421875,0.017578125,2,533,154,0.049780603498220444,0.2516191303730011,0.22311335802078247,0.22558008134365082,0.009121227158367162,3.2979323590162516e-06,0.009117929226008313,0.024922233017352746
48,warm,140,0.05412178859114647,0.00020824636158067733,0.9822998046875,0.0177001953125,2,545,162,0.050520893186330795,0.2539588510990143,0.2247033268213272,0.23018108308315277,0.010972678232256783,1.3501952741154055e-06,0.010971328036982511,0.025486648599983064
48,warm,160,0.05299514904618263,0.00020824636158067733,0.98333740234375,0.01666259765625,2,531,152,0.04962970316410065,0.2516062557697296,0.22277475893497467,0.22658775746822357,0.010231109845527442,4.5827791944071106e-05,0.010185282053583442,0.02505205997360671
48,warm,180,0.05354981869459152,0.00020824636158067733,0.9835205078125,0.0164794921875,2,538,155,0.050210680812597275,0.2528344988822937,0.2240583598613739,0.22838017344474792,0.009999396781687153,6.038654539865522e-05,0.009939010236288482,0.02524312515081173
48,warm,200,0.053242042660713196,0.00020824636158067733,0.98333740234375,0.01666259765625,2,535,161,0.0498763769865036,0.2518656253814697,0.22332431375980377,0.22635827958583832,0.009957015863811591,4.5827791944071106e-05,0.009911188071867508,0.02489298237989923
48,warm,220,0.053234320133924484,0.00020824636158067733,0.9832763671875,0.0167236328125,2,532,154,0.049834009259939194,0.2531575858592987,0.223169207572937,0.22924891114234924,0.009981992021685926,4.143069361497087e-05,0.009940561328070911,0.025537528978677337
48,warm,240,0.053501732647418976,0.00020824636158067733,0.9833984375,0.0166015625,2,530,151,0.05013979971408844,0.2526465654373169,0.22386829555034637,0.22900433838367462,0.010582439165055746,5.045225118897423e-05,0.010531986913866757,0.02513006271394469
48,warm,260,0.05358945205807686,0.00020824636158067733,0.9837646484375,0.0162353515625,2,539,148,0.050297241657972336,0.25307783484458923,0.2242582142353058,0.22880476713180542,0.009512727432785084,8.302003100521126e-05,0.009429707401779999,0.024886393119888717
48,warm,280,0.053279854357242584,0.00020824636158067733,0.98406982421875,0.01593017578125,2,535,151,0.05008677765727043,0.25052890181541443,0.22376760840415955,0.2241847664117813,0.009751746656739613,0.00011656656289815931,0.0096351800938414,0.025036674946679605
48,warm,300,0.05302070826292038,0.00020824636158067733,0.984130859375,0.015869140625,2,527,148,0.049830496311187744,0.2508634328842163,0.2232184112071991,0.22490981221199036,0.008625185452011408,0.0001239852322368019,0.008501200219774796,0.025060873697586694
48,warm,320,0.053426772356033325,0.00020824636158067733,0.9842529296875,0.0157470703125,2,538,151,0.05027414858341217,0.25047802925109863,0.22420595586299896,0.22374700009822845,0.009048956752131687,0.0001395390866802057,0.008909417665451396,0.02514000738367239
48,warm,340,0.053448744118213654,0.00020824636158067733,0.98419189453125,0.01580810546875,2,530,146,0.050274670124053955,0.25106221437454224,0.22419917583465576,0.225543811917305,0.00932775240672612,0.00013164243811568518,0.009196109968610314,0.02496979291092638
48,warm,360,0.05283508077263832,0.00020824636158067733,0.9842529296875,0.0157470703125,2,522,152,0.049671076238155365,0.25059744715690613,0.2228451520204544,0.22315801680088043,0.009798729988879984,0.0001395390866802057,0.00965919090219972,0.02522834323528722
48,warm,380,0.05333481729030609,0.00020824636158067733,0.98406982421875,0.01593017578125,2,528,150,0.050126608461141586,0.2515183091163635,0.22386956214904785,0.22483311593532562,0.009616464187466534,0.00011656656289815931,0.00949989762456815,0.025050867473257576
48,warm,400,0.052894581109285355,0.00020824636158067733,0.98345947265625,0.01654052734375,2,530,154,0.04952891170978546,0.2530091404914856,0.22252340614795685,0.22814437747001648,0.010050849647278426,5.530489307641051e-05,0.009995544754201963,0.02528708165548077
48,warm,420,0.05307549238204956,0.00020824636158067733,0.983154296875,0.016845703125,2,529,150,0.04966786131262779,0.2519529461860657,0.2228444218635559,0.2273930162191391,0.009759551940270228,3.331532273338398e-05,0.009726236617536778,0.02488605340542771
48,warm,440,0.053466036915779114,0.00020824636158067733,0.9835205078125,0.0164794921875,2,536,150,0.05014663562178612,0.2515726387500763,0.22391611337661743,0.22650350630283356,0.009472276950155845,6.038654539865522e-05,0.009411890404757138,0.024825380439071787
48,warm,460,0.053056761622428894,0.00020824636158067733,0.98406982421875,0.01593017578125,2,535,149,0.04987149313092232,0.24982358515262604,0.22330138087272644,0.22305698692798615,0.009706549885059701,0.00011656656289815931,0.009589983322161402,0.024869361623789055
48,warm,480,0.053280822932720184,0.00020824636158067733,0.98345947265625,0.01654052734375,2,535,150,0.04994336515665054,0.2517181634902954,0.22346918284893036,0.2265528291463852,0.009353801935695572,5.530489307641051e-05,0.009298497042619277,0.024622880170429462
48,warm,500,0.053135860711336136,0.00020824636158067733,0.983642578125,0.016357421875,2,533,148,0.04982023686170578,0.25251856446266174,0.22316740453243256,0.22841455042362213,0.009978638088988134,7.124022325379347e-05,0.009907397865734243,0.02493623770780895
48,warm,520,0.05306996777653694,0.00020824636158067733,0.983642578125,0.016357421875,2,536,150,0.04976886138319969,0.2515798807144165,0.22307713329792023,0.22593846917152405,0.00926004148660553,7.124022325379347e-05,0.009188801263351814,0.024766252638730557
48,warm,540,0.053129762411117554,0.00020824636158067733,0.98358154296875,0.01641845703125,2,533,154,0.04979788139462471,0.2527328133583069,0.22314083576202393,0.22808313369750977,0.009322598860499909,6.569804208159894e-05,0.009256900818418158,0.024724249459470493
48,warm,560,0.053445953875780106,0.00020824636158067733,0.984130859375,0.015869140625,2,536,147,0.05026564002037048,0.25067439675331116,0.22419169545173645,0.22504645586013794,0.009607969281397288,0.0001239852322368019,0.009483984049160512,0.0246769433585744
48,warm,580,0.053410518914461136,0.00020824636158067733,0.98468017578125,0.01531982421875,2,534,144,0.05036095902323723,0.24942080676555634,0.22440364956855774,0.22221626341342926,0.008150704532646103,0.00020159763445916487,0.007949106898186922,0.02499835811679285
48,warm,600,0.0526898056268692,0.00020824636158067733,0.98455810546875,0.01544189453125,2,523,152,0.04958717152476311,0.2505100965499878,0.22266742587089539,0.22340893745422363,0.00848920655717933,0.00018264618132589642,0.008306560375853336,0.025220968499272467
48,warm,620,0.05309738218784332,0.00020824636158067733,0.984130859375,0.015869140625,2,529,149,0.04990457743406296,0.25110048055648804,0.2233482003211975,0.22550706565380096,0.00978350286478502,0.0001239852322368019,0.009659517632548333,0.025091858654125
48,warm,640,0.053530387580394745,0.00020824636158067733,0.983642578125,0.016357421875,2,528,150,0.050216421484947205,0.25281381607055664,0.2240876704454422,0.2292170375585556,0.009067218219762196,7.124022325379347e-05,0.008995977996508368,0.024340536045858507
48,warm,660,0.053128134459257126,0.00020824636158067733,0.98419189453125,0.01580810546875,2,532,151,0.0499524250626564,0.25084352493286133,0.22347769141197205,0.22490856051445007,0.009729765828716097,0.00013164243811568518,0.009598123390600179,0.024779489373688457
48,warm,680,0.053278401494026184,0.00020824636158067733,0.98382568359375,0.01617431640625,2,530,147,0.05001600459218025,0.2517182528972626,0.22361913323402405,0.22681769728660583,0.009815190002164798,8.925936948101171e-05,0.009725930632683948,0.02481652290655101
48,warm,700,0.05317828431725502,0.00020824636158067733,0.98394775390625,0.01605224609375,2,533,147,0.049983423203229904,0.24901238083839417,0.22356633841991425,0.22094842791557312,0.008906435105210164,0.0001024412439107193,0.00880399386129951,0.02465376941902131
48,warm,720,0.0528499111533165,0.00020824636158067733,0.98382568359375,0.01617431640625,2,529,146,0.0495857372879982,0.25139760971069336,0.2226591408252716,0.22360384464263916,0.009273095063882408,8.925936948101171e-05,0.009183835694401336,0.025245709309021813
48,warm,740,0.05299985408782959,0.00020824636158067733,0.98309326171875,0.01690673828125,2,529,149,0.04959067329764366,0.2512368857860565,0.2226778268814087,0.22510841488838196,0.00872735375033784,2.9595436466173632e-05,0.008697758313871533,0.024772652018075214
48,warm,760,0.05323459953069687,0.00020824636158067733,0.9835205078125,0.0164794921875,2,533,157,0.049931541085243225,0.25036635994911194,0.22343690693378448,0.22426852583885193,0.010186424602771638,6.038654539865522e-05,0.01012603805737301,0.024560327278524974
48,warm,780,0.05326314643025398,0.00020824636158067733,0.98388671875,0.01611328125,2,531,149,0.0500241294503212,0.2510393261909485,0.22365787625312805,0.2250392884016037,0.00941817581789195,9.573281638247861e-05,0.009322443001509292,0.02474691133895457
48,warm,800,0.05294692516326904,0.00020824636158067733,0.9837646484375,0.0162353515625,2,525,149,0.04969821125268936,0.24979911744594574,0.22291767597198486,0.22261297702789307,0.00970888569300854,8.302003100521126e-05,0.009625865662003266,0.024900403856665698
48,warm,820,0.05335436761379242,0.00020824636158067733,0.98370361328125,0.01629638671875,2,533,149,0.05007500946521759,0.2513074278831482,0.2237570732831955,0.22497767210006714,0.009890161622216453,7.701393531436536e-05,0.009813147686901986,0.02454718548753798
48,warm,840,0.05358324199914932,0.00020824636158067733,0.98388671875,0.01611328125,2,535,155,0.05031634867191315,0.25306183099746704,0.2242719531059265,0.227737694978714,0.010323820766835468,9.573281638247861e-05,0.01022808795045283,0.025034485196303913
48,warm,860,0.053146254271268845,0.00020824636158067733,0.98388671875,0.01611328125,2,530,145,0.04991209879517555,0.2506260275840759,0.22339431941509247,0.2246532440185547,0.010087864218995435,9.573281638247861e-05,0.009992131402612835,0.024589128836598584
48,warm,880,0.053342029452323914,0.00020824636158067733,0.9835205078125,0.0164794921875,2,528,153,0.05003678798675537,0.25060391426086426,0.22365570068359375,0.22399470210075378,0.010412433606880711,6.038654539865522e-05,0.010352047061481965,0.025054534730518108
48,warm,900,0.05341457203030586,0.00020824636158067733,0.983642578125,0.016357421875,2,533,147,0.0501263290643692,0.2511509954929352,0.22385217249393463,0.22508373856544495,0.01021052904999209,7.124022325379347e-05,0.010139288826738223,0.024835297096362674
48,warm,920,0.05308166518807411,0.00020824636158067733,0.98419189453125,0.01580810546875,2,531,145,0.04992634057998657,0.24952809512615204,0.22343966364860535,0.22219295799732208,0.008749063592595974,0.00013164243811568518,0.008617421154480068,0.02455984293985447
48,warm,940,0.05312884598970413,0.00020824636158067733,0.983642578125,0.016357421875,2,527,150,0.04983031377196312,0.2514835298061371,0.22316554188728333,0.22546795010566711,0.010198895019321697,7.124022325379347e-05,0.010127654796067809,0.025061210414353163
48,warm,960,0.05264713615179062,0.00020824636158067733,0.9833984375,0.0166015625,2,523,149,0.049294665455818176,0.25123170018196106,0.22199609875679016,0.22451923787593842,0.009646203543717036,5.045225118897423e-05,0.009595751292528005,0.025198834839759265
48,warm,980,0.05264674499630928,0.00020824636158067733,0.98321533203125,0.01678466796875,2,528,148,0.04929967597126961,0.24871227145195007,0.22202035784721375,0.21949981153011322,0.007514885706960683,3.726014047560934e-05,0.007477625566485166,0.025190638582646252
48,warm,1000,0.05327620729804039,0.00020824636158067733,0.98333740234375,0.01666259765625,2,536,149,0.04994240030646324,0.2500196099281311,0.22346845269203186,0.22230654954910278,0.00856196958940103,4.5827791944071106e-05,0.008516141797457008,0.024471041048602538
48,warm,1020,0.053419578820466995,0.00020824636158067733,0.9833984375,0.0166015625,2,527,156,0.050116851925849915,0.24905738234519958,0.2238314002752304,0.2211753875017166,0.009128163525211619,5.045225118897423e-05,0.009077711274022654,0.024653692526701243
48,warm,1040,0.052416421473026276,0.00020824636158067733,0.9833984375,0.0166015625,2,525,152,0.04908755421638489,0.2496025115251541,0.22155125439167023,0.22084690630435944,0.008328913907654112,5.045225118897423e-05,0.008278461656465121,0.02530370535598403
48,warm,1060,0.0529252365231514,0.00020824636158067733,0.98284912109375,0.01715087890625,2,526,159,0.049483492970466614,0.25015777349472046,0.22241611778736115,0.22340360283851624,0.0092104196957834,1.694932961073751e-05,0.009193470366172692,0.024979210102830884
48,warm,1080,0.05359155684709549,0.00020824636158067733,0.98297119140625,0.01702880859375,2,533,156,0.050161976367235184,0.2515608072280884,0.22396054863929749,0.22614511847496033,0.008600872475845733,2.282727163631479e-05,0.008578045204209446,0.024483167261425742
48,warm,1100,0.053177375346422195,0.00020824636158067733,0.98382568359375,0.01617431640625,2,532,147,0.04990464448928833,0.25224629044532776,0.22337181866168976,0.2270444631576538,0.00982953217336302,8.925936948101171e-05,0.009740272803882195,0.024845314009073527
48,warm,1120,0.0534060038626194,0.00020824636158067733,0.98394775390625,0.01605224609375,2,529,146,0.05017269402742386,0.2515968382358551,0.22397863864898682,0.22602446377277374,0.008999998703266954,0.0001024412439107193,0.008897557459356257,0.02438088264964089
48,warm,1140,0.05315397307276726,0.00020824636158067733,0.98406982421875,0.01593017578125,2,528,144,0.04995663836598396,0.25066614151000977,0.2234746366739273,0.2244555652141571,0.009634383073908737,0.00011656656289815931,0.00951781651101054,0.024694218453734984
48,warm,1160,0.053041018545627594,0.00020824636158067733,0.98388671875,0.01611328125,2,525,151,0.04977542161941528,0.2524402439594269,0.2230985313653946,0.22654668986797333,0.009081869866541581,9.573281638247861e-05,0.008986137050158976,0.024652874970999883
48,warm,1180,0.05298059806227684,0.00020824636158067733,0.984130859375,0.015869140625,2,527,152,0.049805283546447754,0.24989908933639526,0.223149836063385,0.22295421361923218,0.008931511955061922,0.0001239852322368019,0.008807526722825322,0.02468496792491559
48,warm,1200,0.05312109366059303,0.00020824636158067733,0.98388671875,0.01611328125,2,531,158,0.04987334460020065,0.25143057107925415,0.22331371903419495,0.22574815154075623,0.008605374285444611,9.573281638247861e-05,0.00850964146906201,0.024738738510425073
48,warm,1220,0.05302564427256584,0.00020824636158067733,0.9835205078125,0.0164794921875,2,526,147,0.049709055572748184,0.25096485018730164,0.2229347676038742,0.22410798072814941,0.008417072793427849,6.038654539865522e-05,0.008356686248029219,0.024674265878931956
48,warm,1240,0.05323069542646408,0.00020824636158067733,0.98345947265625,0.01654052734375,2,534,148,0.0499081015586853,0.2507837116718292,0.22339117527008057,0.22439931333065033,0.009095683577662328,5.530489307641051e-05,0.009040378684585921,0.024589950648735148
48,warm,1260,0.05327281728386879,0.00020824636158067733,0.98370361328125,0.01629638671875,2,532,158,0.049987614154815674,0.2515788674354553,0.2235717922449112,0.22599947452545166,0.008709859154087951,7.701393531436536e-05,0.008632845218773555,0.024367857572289986
48,warm,1280,0.053019292652606964,0.00020824636158067733,0.98345947265625,0.01654052734375,2,524,152,0.04969940334558487,0.2504117786884308,0.2229289561510086,0.2240738868713379,0.008435549658507568,5.530489307641051e-05,0.008380244765431156,0.02449140260498306
48,warm,1300,0.052850667387247086,0.00020824636158067733,0.9832763671875,0.0167236328125,2,522,154,0.049481168389320374,0.25096264481544495,0.22240987420082092,0.22405938804149628,0.008863456358277233,4.143069361497087e-05,0.008822025664662185,0.025006052696628367
48,warm,1320,0.05256180465221405,0.00020824636158067733,0.98309326171875,0.01690673828125,2,522,157,0.049173690378665924,0.2495739609003067,0.22174397110939026,0.2215367704629898,0.008556280932872085,2.9595436466173632e-05,0.00852668549640591,0.02502741914279094
48,warm,1340,0.05328337103128433,0.00020824636158067733,0.9827880859375,0.0172119140625,2,531,149,0.04985437169671059,0.24907676875591278,0.22327199578285217,0.2210015058517456,0.007823922278667794,1.4342242928365662e-05,0.007809580035739329,0.024757062522187234
48,warm,1360,0.05287022888660431,0.00020824636158067733,0.9827880859375,0.0172119140625,2,526,160,0.04943590983748436,0.2489674687385559,0.22231647372245789,0.2203042060136795,0.008172279515029857,1.4342242928365662e-05,0.008157937272101318,0.025490403343357948
48,warm,1380,0.053251489996910095,0.00020824636158067733,0.98284912109375,0.01715087890625,2,531,156,0.049819521605968475,0.24992357194423676,0.22316187620162964,0.22273129224777222,0.008661602100083599,1.694932961073751e-05,0.008644652770472857,0.02514825245518504
48,warm,1400,0.05332321301102638,0.00020824636158067733,0.98297119140625,0.01702880859375,2,532,158,0.04990832507610321,0.2504441738128662,0.22339007258415222,0.2233888953924179,0.008243120108282653,2.282727163631479e-05,0.008220292836646232,0.024777054117950947
48,warm,1420,0.053448233753442764,0.00020824636158067733,0.98358154296875,0.01641845703125,2,531,158,0.05014177784323692,0.251528263092041,0.22390438616275787,0.22615590691566467,0.009451035439461464,6.569804208159894e-05,0.00938533739737971,0.024451669990159908
48,warm,1440,0.05349322408437729,0.00020824636158067733,0.983642578125,0.016357421875,2,532,148,0.050190214067697525,0.2521175742149353,0.22400589287281036,0.22692367434501648,0.008916222199523816,7.124022325379347e-05,0.00884498197627006,0.0245469295047972
48,warm,1460,0.05351638048887253,0.00020824636158067733,0.98333740234375,0.01666259765625,2,533,150,0.050199154764413834,0.24928121268749237,0.2240106463432312,0.2217222899198532,0.008484994192450301,4.5827791944071106e-05,0.008439166400506196,0.02454953138724003
48,warm,1480,0.053303781896829605,0.00020824636158067733,0.98309326171875,0.01690673828125,2,528,154,0.04991549998521805,0.2503257095813751,0.22340507805347443,0.22333809733390808,0.007825549706659274,2.9595436466173632e-05,0.007795954270193035,0.02450768425544292
48,warm,1500,0.053049489855766296,0.00020824636158067733,0.9835205078125,0.0164794921875,2,530,157,0.04975448548793793,0.24969996511936188,0.22304053604602814,0.2224382758140564,0.008473083326144604,6.038654539865522e-05,0.008412696780746005,0.024619974975141568
48,warm,1520,0.05330587178468704,0.00020824636158067733,0.983642578125,0.016357421875,2,523,153,0.050041716545820236,0.24959376454353333,0.22369225323200226,0.2218516618013382,0.008520533447345713,7.124022325379347e-05,0.008449293224091992,0.024340565666281955
48,warm,1540,0.052969302982091904,0.00020824636158067733,0.983642578125,0.016357421875,2,524,153,0.049652617424726486,0.2524159550666809,0.2228204607963562,0.22651362419128418,0.009443360511987464,7.124022325379347e-05,0.009372120288733621,0.0246662696306178
48,warm,1560,0.053245142102241516,0.00020824636158067733,0.98333740234375,0.01666259765625,2,531,156,0.049910809844732285,0.2500196099281311,0.2233612984418869,0.22285468876361847,0.00949512150710774,4.5827791944071106e-05,0.009449293715163691,0.02474522670010837
48,warm,1580,0.053716178983449936,0.00020824636158067733,0.98345947265625,0.01654052734375,2,538,150,0.050407130271196365,0.2504640817642212,0.2244974821805954,0.22415080666542053,0.008135818505444092,5.530489307641051e-05,0.008080513612367673,0.024517120837774464
48,warm,1600,0.052518635988235474,0.00020824636158067733,0.98431396484375,0.01568603515625,2,526,149,0.049394361674785614,0.24857006967067719,0.22223743796348572,0.22021828591823578,0.008671932803018478,0.00014767609110137754,0.008524256711917194,0.024804975830850062
48,warm,1620,0.05332352966070175,0.00020824636158067733,0.9835205078125,0.0164794921875,2,531,150,0.050014715641736984,0.2507982850074768,0.223621666431427,0.22475528717041016,0.008866472897544497,6.038654539865522e-05,0.008806086352145878,0.024511191019630396
48,warm,1640,0.05281270295381546,0.00020824636158067733,0.9837646484375,0.0162353515625,2,528,152,0.04953671246767044,0.25131791830062866,0.22255408763885498,0.22485658526420593,0.00890772970179654,8.302003100521126e-05,0.008824709670791344,0.0248105638099535
48,warm,1660,0.05357059836387634,0.00020824636158067733,0.98370361328125,0.01629638671875,2,534,150,0.05028887465596199,0.25166618824005127,0.22422479093074799,0.22627010941505432,0.009853648422186723,7.701393531436536e-05,0.00977663448687224,0.024571854119787795
48,warm,1680,0.052184946835041046,0.00020824636158067733,0.9844970703125,0.0155029296875,2,522,146,0.04912038892507553,0.24679644405841827,0.22161293029785156,0.21570895612239838,0.008627940667985001,0.0001735384783423605,0.008454402189642642,0.02537139300031621
48,warm,1700,0.05314662307500839,0.00020824636158067733,0.98382568359375,0.01617431640625,2,526,150,0.04991026967763901,0.2500019669532776,0.22337792813777924,0.22302456200122833,0.009435000371205149,8.925936948101171e-05,0.009345741001724174,0.024624956466798076
48,warm,1720,0.05290373042225838,0.00020824636158067733,0.9835205078125,0.0164794921875,2,524,154,0.0495891198515892,0.2507242262363434,0.22267678380012512,0.2238825112581253,0.008323434573149768,6.038654539865522e-05,0.008263048027751034,0.024408854501163924
48,warm,1740,0.05300034210085869,0.00020824636158067733,0.98333740234375,0.01666259765625,2,522,146,0.0496629998087883,0.249952495098114,0.22285078465938568,0.2230224460363388,0.00748918399786902,4.5827791944071106e-05,0.00744335620592485,0.02428511786340304
48,warm,1760,0.053426120430231094,0.00020824636158067733,0.9835205078125,0.0164794921875,2,530,155,0.05012699216604233,0.25032317638397217,0.22387975454330444,0.22384707629680634,0.008453105358249502,6.038654539865522e-05,0.008392718812850785,0.024460821362228935
48,warm,1780,0.05288998782634735,0.00020824636158067733,0.9842529296875,0.0157470703125,2,525,145,0.04973543807864189,0.2500615119934082,0.22301004827022552,0.22297309339046478,0.008808212282211514,0.0001395390866802057,0.008668673195531173,0.024709896883652882
48,warm,1800,0.05341079831123352,0.00020824636158067733,0.984375,0.015625,2,532,151,0.050309568643569946,0.2487882524728775,0.22425979375839233,0.2206980437040329,0.01013630659164022,0.00015605437165852262,0.009980252219981535,0.024718304085329046
48,warm,1820,0.05299210548400879,0.00020824636158067733,0.98455810546875,0.01544189453125,2,523,144,0.04994884878396988,0.24702668190002441,0.22346237301826477,0.21638423204421997,0.00738525493235187,0.00018264618132589642,0.007202608751025824,0.024847547597093844
48,warm,1840,0.05289117991924286,0.00020824636158067733,0.98394775390625,0.01605224609375,2,522,148,0.04964658245444298,0.2517741918563843,0.22281266748905182,0.226326584815979,0.00844940916450554,0.0001024412439107193,0.008346967920594894,0.024665387340721545
48,warm,1860,0.05318071320652962,0.00020824636158067733,0.98345947265625,0.01654052734375,2,524,147,0.04987626150250435,0.24965566396713257,0.22329507768154144,0.22258317470550537,0.008918679239478422,5.530489307641051e-05,0.008863374346402119,0.025026641255610493
48,warm,1880,0.05302758514881134,0.00020824636158067733,0.9833984375,0.0166015625,2,525,148,0.04970516264438629,0.24983221292495728,0.22292311489582062,0.22168198227882385,0.008119219914270559,5.045225118897423e-05,0.008068767663081499,0.024754695362137036
48,warm,1900,0.05363574996590614,0.00020824636158067733,0.9833984375,0.0166015625,2,527,150,0.050304777920246124,0.25094690918922424,0.2242678552865982,0.22409623861312866,0.008217383729252958,5.045225118897423e-05,0.008166931478063959,0.024419632704595906
48,warm,1920,0.05342606082558632,0.00020824636158067733,0.98370361328125,0.01629638671875,2,525,151,0.05014535039663315,0.25146031379699707,0.22390995919704437,0.22668017446994781,0.009022333586663933,7.701393531436536e-05,0.008945319651349593,0.024504773726878093
48,warm,1940,0.05300020053982735,0.00020824636158067733,0.9837646484375,0.0162353515625,2,525,155,0.04971873015165329,0.25183776021003723,0.2229745090007782,0.22657360136508942,0.008738362979975989,8.302003100521126e-05,0.008655342948970798,0.024468225784150754
48,warm,1960,0.05329171568155289,0.00020824636158067733,0.98333740234375,0.01666259765625,2,523,156,0.04994772747159004,0.25063595175743103,0.22346729040145874,0.22459320724010468,0.008816257977933617,4.5827791944071106e-05,0.008770430185989579,0.024379266601247118
48,warm,1980,0.05317404866218567,0.00020824636158067733,0.9835205078125,0.0164794921875,2,529,154,0.04988336190581322,0.24956730008125305,0.22333577275276184,0.22217001020908356,0.007717105429229321,6.038654539865522e-05,0.007656718883830749,0.024360278410970104
48,warm,2000,0.05340517312288284,0.00020824636158067733,0.9835205078125,0.0164794921875,2,530,152,0.050124768167734146,0.2491847574710846,0.2238674908876419,0.22146986424922943,0.0082629512473531,6.038654539865522e-05,0.00820256470195435,0.024368333871027326
49,scratch,0,0.8177340626716614,0.00020824636158067733,0.5762939453125,0.4237060546875,2,1338,1115,0.679446816444397,1.0058221817016602,0.7231155633926392,0.6196210384368896,13.276088545524736,1.0330898001438196,12.242998745380916,2.2508474161010983
49,scratch,20,0.6022853255271912,0.00020824636158067733,0.64642333984375,0.35357666015625,2,1326,1053,0.5056867599487305,0.7788907885551453,0.6488521099090576,0.566784679889679,8.968916083122359,0.7841272692226473,8.184788813899711,1.8550421219376605
49,scratch,40,0.42071571946144104,0.00020824636158067733,0.716796875,0.283203125,2,1254,922,0.3523589074611664,0.5937290787696838,0.5669398307800293,0.5052993893623352,5.508300173596773,0.5560393427342449,4.952260830862528,1.4936684920291756
49,scratch,60,0.2949511706829071,0.00020824636158067733,0.7767333984375,0.2232666015625,2,1129,752,0.24649274349212646,0.46353575587272644,0.49057745933532715,0.4436415135860443,3.248512731662423,0.38100224363331525,2.867510488029108,1.1848604359917974
49,scratch,80,0.22082287073135376,0.00020824636158067733,0.843505859375,0.156494140625,2,1012,571,0.18990686535835266,0.3874605894088745,0.435382217168808,0.3836069703102112,2.0462196986491037,0.21085413768612019,1.8353655609629835,0.9407876340562528
49,scratch,100,0.17500682175159454,0.00020824636158067733,0.90740966796875,0.09259033203125,2,919,395,0.1558954268693924,0.36230340600013733,0.39289718866348267,0.33646783232688904,1.4079824444820233,0.08031081449868381,1.3276716299833393,0.7614608188239093
49,scratch,120,0.14359146356582642,0.00020824636158067733,0.95025634765625,0.04974365234375,2,852,250,0.13228251039981842,0.35962751507759094,0.35984596610069275,0.3037559986114502,1.005954739061245,0.01948824632554274,0.9864664927357025,0.627845790630747
49,scratch,140,0.11971163749694824,0.00020824636158067733,0.97662353515625,0.02337646484375,2,783,148,0.11368220299482346,0.3716098666191101,0.3316528797149658,0.27862945199012756,0.7330264910853757,0.0007731728027364103,0.7322533182826391,0.5412635834443084
49,scratch,160,0.10356883704662323,0.00020824636158067733,0.98681640625,0.01318359375,2,744,95,0.09984274208545685,0.3824741244316101,0.31152135133743286,0.2660423219203949,0.5386720834687466,0.0007005748668751002,0.5379715086018714,0.4723306795283154
49,scratch,180,0.09195608645677567,0.00020824636158067733,0.992919921875,0.007080078125,1,712,59,0.09003953635692596,0.3607376217842102,0.29693976044654846,0.2030620127916336,0.40674321260322444,0.0043233489400629176,0.40241986366316135,0.4267455819724294
49,scratch,200,0.08375493437051773,0.00020824636158067733,0.9949951171875,0.0050048828125,1,663,48,0.0823645368218422,0.3601720929145813,0.28506383299827576,0.19531044363975525,0.3139941476258272,0.00661427088417659,0.3073798767416505,0.39794383799082633
49,scratch,220,0.0770539790391922,0.00020824636158067733,0.99688720703125,0.00311279296875,1,638,35,0.07618849724531174,0.3542290925979614,0.27473148703575134,0.17157864570617676,0.24858406908625597,0.009467758166895216,0.2391163109193608,0.38722348573421395
49,scratch,240,0.07237693667411804,0.00020824636158067733,0.997314453125,0.002685546875,1,610,28,0.07162013649940491,0.3534209728240967,0.26675689220428467,0.15771853923797607,0.20593442631453485,0.01025280167776877,0.1956816246367658,0.3868113562500387
49,scratch,260,0.06818419694900513,0.00020824636158067733,0.997802734375,0.002197265625,1,595,25,0.06755775213241577,0.352667897939682,0.25930991768836975,0.1334742158651352,0.17186102366414246,0.011234503325583471,0.16062652033855895,0.3919857988446186
49,scratch,280,0.06478739529848099,0.00020824636158067733,0.998291015625,0.001708984375,1,570,19,0.06430112570524216,0.34883683919906616,0.2531469166278839,0.1147814691066742,0.14696204131924873,0.012325862044967707,0.1346361792742809,0.4052053539132633
49,scratch,300,0.062059301882982254,0.00020824636158067733,0.99884033203125,0.00115966796875,1,561,15,0.06172355264425278,0.3512418568134308,0.24812154471874237,0.10886239260435104,0.12957539959480613,0.013725476928968906,0.11584992266583716,0.4163435653615327
49,scratch,320,0.06001220643520355,0.00020824636158067733,0.9990234375,0.0009765625,1,546,13,0.0597321055829525,0.3465535342693329,0.2441866397857666,0.10251803696155548,0.11636805791950877,0.01424515492627651,0.10212290299323219,0.4228032544058099
49,scratch,340,0.058129988610744476,0.00020824636158067733,0.99920654296875,0.00079345703125,1,535,12,0.05790207162499428,0.34514790773391724,0.24048858880996704,0.1076698899269104,0.10422713703174935,0.014799402808402525,0.08942773422334681,0.4310346460558524
49,scratch,360,0.056784871965646744,0.00020824636158067733,0.999267578125,0.000732421875,1,518,11,0.05657712370157242,0.3402194082736969,0.237772598862648,0.09828697144985199,0.09693034715038351,0.014993125468266161,0.08193722168211713,0.4372359800479192
49,scratch,380,0.0555306114256382,0.00020824636158067733,0.999267578125,0.000732421875,1,522,11,0.05531858652830124,0.34480082988739014,0.23512451350688934,0.09638524055480957,0.08936791823381185,0.014993125468266161,0.07437479276554548,0.44629158089148613
49,scratch,400,0.05432972311973572,0.00020824636158067733,0.99945068359375,0.00054931640625,1,506,9,0.05416637286543846,0.3515341281890869,0.2326943725347519,0.10161160677671432,0.0841205845428803,0.01560681868050127,0.06851376586237912,0.4545365826276996
49,scratch,420,0.053462520241737366,0.00020824636158067733,0.99945068359375,0.00054931640625,1,497,9,0.05329681187868118,0.3549586534500122,0.23083911836147308,0.10161160677671432,0.0786892231119154,0.01560681868050127,0.06308240443141419,0.4613563249156162
49,scratch,440,0.052344564348459244,0.00020824636158067733,0.99951171875,0.00048828125,1,498,8,0.052197761833667755,0.352853000164032,0.22846132516860962,0.09296362102031708,0.07538382122603338,0.0158241141726494,0.05955970705338413,0.472124297696357
49,scratch,460,0.05146663263440132,0.00020824636158067733,0.99951171875,0.00048828125,1,492,7,0.05131533369421959,0.36118289828300476,0.22651958465576172,0.09069586545228958,0.07183992221708735,0.0158241141726494,0.05601580804443813,0.4822110450702187
49,scratch,480,0.05088815093040466,0.00020824636158067733,0.99957275390625,0.00042724609375,1,488,6,0.05075642839074135,0.35907068848609924,0.22528593242168427,0.0910816341638565,0.06934853608273528,0.016049062779879643,0.053299473302855636,0.48493518930692725
49,scratch,500,0.050645481795072556,0.00020824636158067733,0.9996337890625,0.0003662109375,1,486,4,0.05053245648741722,0.3591698706150055,0.22478802502155304,0.07482993602752686,0.06627924218647507,0.016282764324321835,0.04999647786215315,0.48569542548714006
49,scratch,520,0.050506897270679474,0.00020824636158067733,0.99957275390625,0.00042724609375,1,484,5,0.05037134140729904,0.36763855814933777,0.2243812084197998,0.09581153094768524,0.06547639190122112,0.016049062779879643,0.049427329121341346,0.49097114349635584
49,scratch,540,0.04995184391736984,0.00020824636158067733,0.999755859375,0.000244140625,1,480,4,0.04987543448805809,0.3628488779067993,0.22330941259860992,0.08598113059997559,0.06338991258981963,0.016782908639644593,0.046607003950174995,0.49553235209234325
49,scratch,560,0.049548156559467316,0.00020824636158067733,0.99981689453125,0.00018310546875,1,479,3,0.04949066415429115,0.3634736239910126,0.22245749831199646,0.09811024367809296,0.06290460949841048,0.01705455310467452,0.04585005639373581,0.5018967870352956
49,scratch,580,0.049337923526763916,0.00020824636158067733,0.99981689453125,0.00018310546875,1,479,3,0.04928039759397507,0.3634736239910126,0.22197958827018738,0.09811024367809296,0.06122497177440067,0.01705455310467452,0.044170418669726125,0.5018188853725608
49,scratch,600,0.04909703880548477,0.00020824636158067733,0.99981689453125,0.00018310546875,1,478,3,0.04903946816921234,0.3634736239910126,0.22142945230007172,0.09811024367809296,0.05797927127442648,0.01705455310467452,0.040924718169751906,0.5044871488578085
49,scratch,620,0.04890068620443344,0.00020824636158067733,0.9998779296875,0.0001220703125,1,478,2,0.04886182025074959,0.36722204089164734,0.22102439403533936,0.08414503186941147,0.0563609439415913,0.017346940924191843,0.03901400301739942,0.5108244503432818
49,scratch,640,0.04860310256481171,0.00020824636158067733,0.99993896484375,6.103515625e-05,1,474,1,0.04858403652906418,0.36097463965415955,0.22041413187980652,0.0,0.055143796598905226,0.017671269001666674,0.037472527597238334,0.5138032925685568
49,scratch,660,0.04858993738889694,0.00020824636158067733,0.99993896484375,6.103515625e-05,1,472,1,0.048570867627859116,0.36097463965415955,0.22037121653556824,0.0,0.05356440118358563,0.017671269001666674,0.03589313218191892,0.5142119247545655
49,scratch,680,0.04841753467917442,0.00020824636158067733,0.99993896484375,6.103515625e-05,1,469,1,0.0483984537422657,0.36097463965415955,0.21998970210552216,0.0,0.05237982044510403,0.017671269001666674,0.03470855144343718,0.5191719987785494
49,scratch,700,0.04817196726799011,0.00020824636158067733,0.99993896484375,6.103515625e-05,1,465,1,0.04815287888050079,0.36097463965415955,0.21943652629852295,0.0,0.050882681629637716,0.017671269001666674,0.033211412627970845,0.5266719198050144
49,scratch,720,0.04824584349989891,0.00020824636158067733,0.99993896484375,6.103515625e-05,1,464,1,0.04822675138711929,0.36097463965415955,0.21959945559501648,0.0,0.04999098233403032,0.017671269001666674,0.03231971333236346,0.5305523141439356
49,scratch,740,0.04839887470006943,0.00020824636158067733,0.99993896484375,6.103515625e-05,1,466,1,0.048379797488451004,0.36097463965415955,0.21992534399032593,0.0,0.049984760473499534,0.017671269001666674,0.032313491471832795,0.5346830854548191
49,scratch,760,0.048282600939273834,0.00020824636158067733,0.99993896484375,6.103515625e-05,1,461,1,0.048263512551784515,0.36097463965415955,0.21966809034347534,0.0,0.04968161457528453,0.017671269001666674,0.03201034557361768,0.5416223908402774
49,scratch,780,0.04843354597687721,0.00020824636158067733,0.99993896484375,6.103515625e-05,1,466,1,0.04841447249054909,0.36097463965415955,0.22000350058078766,0.0,0.04922107631156081,0.017671269001666674,0.03154980730989395,0.538507227830198
49,scratch,800,0.04847884923219681,0.00020824636158067733,0.99993896484375,6.103515625e-05,1,470,1,0.04845941811800003,0.3668055534362793,0.22007787227630615,0.0,0.04886539999298378,0.017671269001666674,0.03119413099131699,0.5451719637792142
49,scratch,820,0.0481695719063282,0.00020824636158067733,1.0,0.0,1,463,0,0.0481695719063282,nan,0.21947020292282104,nan,0.04804004290800634,0.01808021349759864,0.029959829410407757,0.5530353351866527
49,scratch,840,0.04826546460390091,0.00020824636158067733,1.0,0.0,1,466,0,0.04826546460390091,nan,0.21968846023082733,nan,0.04751038262494234,0.01808021349759864,0.029430169127343753,0.5523496129542057
49,scratch,860,0.04836897552013397,0.00020824636158067733,1.0,0.0,1,467,0,0.04836897552013397,nan,0.21991966664791107,nan,0.04678698407970927,0.01808021349759864,0.028706770582110686,0.5461949374227718
49,scratch,880,0.048157066106796265,0.00020824636158067733,1.0,0.0,1,466,0,0.048157066106796265,nan,0.21944308280944824,nan,0.047026248445227736,0.01808021349759864,0.02894603494762915,0.5513490983509858
49,scratch,900,0.04828274995088577,0.00020824636158067733,1.0,0.0,1,461,0,0.04828274995088577,nan,0.21971067786216736,nan,0.04654548606796283,0.01808021349759864,0.028465272570364242,0.5527506884106718
49,scratch,920,0.04846440255641937,0.00020824636158067733,1.0,0.0,1,465,0,0.04846440255641937,nan,0.22011160850524902,nan,0.04603902986146835,0.01808021349759864,0.027958816363869765,0.5574649054840141
49,scratch,940,0.0482005849480629,0.00020824636158067733,1.0,0.0,1,461,0,0.0482005849480629,nan,0.2195356786251068,nan,0.04523567092129355,0.01808021349759864,0.027155457423694962,0.5645771048154732
49,scratch,960,0.04823622852563858,0.00020824636158067733,1.0,0.0,1,461,0,0.04823622852563858,nan,0.2196091115474701,nan,0.044799611190875055,0.01808021349759864,0.02671939769327647,0.5679384255060743
49,scratch,980,0.04812432825565338,0.00020824636158067733,1.0,0.0,1,462,0,0.04812432825565338,nan,0.21936020255088806,nan,0.04495495679312711,0.01808021349759864,0.026874743295528525,0.5734620921582266
49,scratch,1000,0.04809529334306717,0.00020824636158067733,1.0,0.0,1,463,0,0.04809529334306717,nan,0.2192998230457306,nan,0.04503649769340967,0.01808021349759864,0.026956284195811087,0.5787955905040892
49,scratch,1020,0.048255547881126404,0.00020824636158067733,1.0,0.0,1,464,0,0.048255547881126404,nan,0.21965833008289337,nan,0.045029313507448876,0.01808021349759864,0.02694910000985029,0.5790514261177325
49,scratch,1040,0.048184823244810104,0.00020824636158067733,1.0,0.0,1,464,0,0.048184823244810104,nan,0.21950598061084747,nan,0.04509045764299202,0.01808021349759864,0.027010244145393436,0.581386517806752
49,scratch,1060,0.04808441549539566,0.00020824636158067733,1.0,0.0,1,462,0,0.04808441549539566,nan,0.21928131580352783,nan,0.044555408836650656,0.01808021349759864,0.02647519533905207,0.5826199694863338
49,scratch,1080,0.04818915203213692,0.00020824636158067733,1.0,0.0,1,466,0,0.04818915203213692,nan,0.21950887143611908,nan,0.044877650070894504,0.01808021349759864,0.02679743657329592,0.5857187193402954
49,scratch,1100,0.048205725848674774,0.00020824636158067733,1.0,0.0,1,463,0,0.048205725848674774,nan,0.21955285966396332,nan,0.044488788298814086,0.01808021349759864,0.0264085748012155,0.5871915593895413
49,scratch,1120,0.04823317751288414,0.00020824636158067733,1.0,0.0,1,467,0,0.04823317751288414,nan,0.2196117490530014,nan,0.04410228328216448,0.01808021349759864,0.026022069784565893,0.5895693655481612
49,scratch,1140,0.04846674203872681,0.00020824636158067733,1.0,0.0,1,467,0,0.04846674203872681,nan,0.22013992071151733,nan,0.04428585390288475,0.01808021349759864,0.026205640405286168,0.5862043349122562
49,scratch,1160,0.04843425378203392,0.00020824636158067733,1.0,0.0,1,464,0,0.04843425378203392,nan,0.22007346153259277,nan,0.04388611264604236,0.01808021349759864,0.02580589914844378,0.5915562992601938
49,scratch,1180,0.04842637479305267,0.00020824636158067733,1.0,0.0,1,463,0,0.04842637479305267,nan,0.22005505859851837,nan,0.043825259119522286,0.01808021349759864,0.0257450456219237,0.5939330447006089
49,scratch,1200,0.04859324172139168,0.00020824636158067733,1.0,0.0,1,465,0,0.04859324172139168,nan,0.22043085098266602,nan,0.0434481080521536,0.01808021349759864,0.025367894554555015,0.5948833454756116
49,scratch,1220,0.04864906147122383,0.00020824636158067733,1.0,0.0,1,467,0,0.04864906147122383,nan,0.22056305408477783,nan,0.04371321282834373,0.01808021349759864,0.025632999330745143,0.5919862660600504
49,scratch,1240,0.048551805317401886,0.00020824636158067733,1.0,0.0,1,465,0,0.048551805317401886,nan,0.22034332156181335,nan,0.043352280823647504,0.01808021349759864,0.02527206732604892,0.6009547646105805
49,scratch,1260,0.04867753013968468,0.00020824636158067733,1.0,0.0,1,466,0,0.04867753013968468,nan,0.22061537206172943,nan,0.04262616603974578,0.01808021349759864,0.024545952542147198,0.5982300301409144
49,scratch,1280,0.048668023198843,0.00020824636158067733,1.0,0.0,1,465,0,0.048668023198843,nan,0.22059623897075653,nan,0.04263747599198808,0.01808021349759864,0.024557262494389498,0.5995368460505436
49,scratch,1300,0.048534564673900604,0.00020824636158067733,1.0,0.0,1,464,0,0.048534564673900604,nan,0.22030410170555115,nan,0.042422044207533816,0.01808021349759864,0.02434183070993523,0.5994078583614485
49,scratch,1320,0.048415642231702805,0.00020824636158067733,1.0,0.0,1,462,0,0.048415642231702805,nan,0.22003351151943207,nan,0.04203800896376464,0.01808021349759864,0.023957795466166054,0.6048412688330448
49,scratch,1340,0.04847792908549309,0.00020824636158067733,1.0,0.0,1,462,0,0.04847792908549309,nan,0.22017033398151398,nan,0.04121533744201855,0.01808021349759864,0.023135123944419966,0.6092602309297238
49,scratch,1360,0.048332370817661285,0.00020824636158067733,1.0,0.0,1,461,0,0.048332370817661285,nan,0.21984581649303436,nan,0.04095680847986927,0.01808021349759864,0.02287659498227068,0.613871001988375
49,scratch,1380,0.04843781143426895,0.00020824636158067733,1.0,0.0,1,465,0,0.04843781143426895,nan,0.22007356584072113,nan,0.04017772179960133,0.01808021349759864,0.022097508302002744,0.6122800962118365
49,scratch,1400,0.04866975545883179,0.00020824636158067733,1.0,0.0,1,464,0,0.04866975545883179,nan,0.22058358788490295,nan,0.04053768364266119,0.01808021349759864,0.022457470145062608,0.6121913202812014
49,scratch,1420,0.04860452562570572,0.00020824636158067733,1.0,0.0,1,466,0,0.04860452562570572,nan,0.22045984864234924,nan,0.04019978738525509,0.01808021349759864,0.022119573887656507,0.6032642140569099
49,scratch,1440,0.04860401526093483,0.00020824636158067733,1.0,0.0,1,466,0,0.04860401526093483,nan,0.22045031189918518,nan,0.03923808277632901,0.01808021349759864,0.021157869278730423,0.6027972485833036
49,scratch,1460,0.04854295402765274,0.00020824636158067733,1.0,0.0,1,464,0,0.04854295402765274,nan,0.2203100323677063,nan,0.038707527383131435,0.01808021349759864,0.02062731388553285,0.6059529925121044
49,scratch,1480,0.04851677268743515,0.00020824636158067733,1.0,0.0,1,467,0,0.04851677268743515,nan,0.2202354073524475,nan,0.0388828722209027,0.01808021349759864,0.020802658723304113,0.608135568902728
49,scratch,1500,0.0483594685792923,0.00020824636158067733,1.0,0.0,1,467,0,0.0483594685792923,nan,0.21990473568439484,nan,0.03872170780251594,0.01808021349759864,0.02064149430491735,0.6128314305176193
49,scratch,1520,0.048525817692279816,0.00020824636158067733,1.0,0.0,1,465,0,0.048525817692279816,nan,0.2202758491039276,nan,0.03817054447446111,0.01808021349759864,0.020090330976862525,0.6081981579634178
49,scratch,1540,0.04871118813753128,0.00020824636158067733,1.0,0.0,1,465,0,0.04871118813753128,nan,0.22068443894386292,nan,0.03801709409909648,0.01808021349759864,0.019936880601497897,0.609306858962302
49,scratch,1560,0.048667971044778824,0.00020824636158067733,1.0,0.0,1,466,0,0.048667971044778824,nan,0.22060178220272064,nan,0.03807457462263386,0.01808021349759864,0.019994361125035276,0.614914018093916
49,scratch,1580,0.04858947545289993,0.00020824636158067733,1.0,0.0,1,464,0,0.04858947545289993,nan,0.2204255610704422,nan,0.037881831413152156,0.01808021349759864,0.01980161791555357,0.6102601955869634
49,scratch,1600,0.048841748386621475,0.00020824636158067733,1.0,0.0,1,465,0,0.048841748386621475,nan,0.22097650170326233,nan,0.03771139994224626,0.01808021349759864,0.019631186444647675,0.6022583505771056
49,scratch,1620,0.0486249104142189,0.00020824636158067733,1.0,0.0,1,463,0,0.0486249104142189,nan,0.22050979733467102,nan,0.03709655057192407,0.01808021349759864,0.019016337074325484,0.6065534759916066
49,scratch,1640,0.048567816615104675,0.00020824636158067733,1.0,0.0,1,462,0,0.048567816615104675,nan,0.22037263214588165,nan,0.03778375761631736,0.01808021349759864,0.019703544118718774,0.6048453850023382
49,scratch,1660,0.04866020008921623,0.00020824636158067733,1.0,0.0,1,461,0,0.04866020008921623,nan,0.22058936953544617,nan,0.036700788507197046,0.01808021349759864,0.01862057500959846,0.6018728798523828
49,scratch,1680,0.04886569455265999,0.00020824636158067733,1.0,0.0,1,463,0,0.04886569455265999,nan,0.2210380882024765,nan,0.036913822085089976,0.01808021349759864,0.01883360858749139,0.5924819477010917
49,scratch,1700,0.048686783760786057,0.00020824636158067733,1.0,0.0,1,465,0,0.048686783760786057,nan,0.22063830494880676,nan,0.03699220318977581,0.01808021349759864,0.018911989692177222,0.5939664909389851
49,scratch,1720,0.048760607838630676,0.00020824636158067733,1.0,0.0,1,468,0,0.048760607838630676,nan,0.22080986201763153,nan,0.03683979565558815,0.01808021349759864,0.018759582157989563,0.5895372317542954
49,scratch,1740,0.04870447516441345,0.00020824636158067733,1.0,0.0,1,470,0,0.04870447516441345,nan,0.22068080306053162,nan,0.036491895080153824,0.01808021349759864,0.01841168158255524,0.589934609736449
49,scratch,1760,0.04847085848450661,0.00020824636158067733,1.0,0.0,1,465,0,0.04847085848450661,nan,0.2201496660709381,nan,0.036465943958511104,0.01808021349759864,0.01838573046091252,0.590323579723847
49,scratch,1780,0.048856694251298904,0.00020824636158067733,1.0,0.0,1,467,0,0.048856694251298904,nan,0.22100557386875153,nan,0.03642579397293133,0.01808021349759864,0.018345580475332746,0.579725268690456
49,scratch,1800,0.04878704249858856,0.00020824636158067733,1.0,0.0,1,465,0,0.04878704249858856,nan,0.2208651453256607,nan,0.03643268159813573,0.01808021349759864,0.018352468100537145,0.5655420362461175
49,scratch,1820,0.04875409975647926,0.00020824636158067733,1.0,0.0,1,468,0,0.04875409975647926,nan,0.2208026498556137,nan,0.036856998980702826,0.01808021349759864,0.01877678548310424,0.5699346876797083
49,scratch,1840,0.048597101122140884,0.00020824636158067733,1.0,0.0,1,468,0,0.048597101122140884,nan,0.2204464226961136,nan,0.03568899720286112,0.01808021349759864,0.017608783705262532,0.5711209523003365
49,scratch,1860,0.04858865961432457,0.00020824636158067733,1.0,0.0,1,468,0,0.04858865961432457,nan,0.22042034566402435,nan,0.03639247290285397,0.01808021349759864,0.018312259405255382,0.5738873295201504
49,scratch,1880,0.048745300620794296,0.00020824636158067733,1.0,0.0,1,467,0,0.048745300620794296,nan,0.22077903151512146,nan,0.03630304126291861,0.01808021349759864,0.018222827765320027,0.5598306978942876
49,scratch,1900,0.048885777592659,0.00020824636158067733,1.0,0.0,1,474,0,0.048885777592659,nan,0.22109924256801605,nan,0.03637562136301398,0.01808021349759864,0.018295407865415392,0.5516340659821456
49,scratch,1920,0.04852261766791344,0.00020824636158067733,1.0,0.0,1,471,0,0.04852261766791344,nan,0.22027413547039032,nan,0.036068342808185605,0.01808021349759864,0.01798812931058702,0.5540831437326436
49,scratch,1940,0.04878770560026169,0.00020824636158067733,1.0,0.0,1,470,0,0.04878770560026169,nan,0.2208777517080307,nan,0.036008554540067905,0.01808021349759864,0.01792834104246932,0.5427254216271852
49,scratch,1960,0.04920216649770737,0.00020824636158067733,1.0,0.0,1,480,0,0.04920216649770737,nan,0.22176243364810944,nan,0.03568991493394691,0.01808021349759864,0.017609701436348324,0.5300959176317722
49,scratch,1980,0.048881206661462784,0.00020824636158067733,1.0,0.0,1,475,0,0.048881206661462784,nan,0.22108490765094757,nan,0.03502051937558548,0.01808021349759864,0.016940305877986894,0.5174771222234288
49,scratch,2000,0.048836514353752136,0.00020824636158067733,1.0,0.0,1,479,0,0.048836514353752136,nan,0.2209816724061966,nan,0.03484540856171492,0.01808021349759864,0.016765195064116334,0.5181237945950873
49,mle,0,0.8177340626716614,0.00020824636158067733,0.5762939453125,0.4237060546875,2,1338,1115,0.679446816444397,1.0058221817016602,0.7231155633926392,0.6196210384368896,13.276088545524736,1.0330898001438196,12.242998745380916,2.2508474161010983
49,mle,100,0.059003107249736786,0.00020824636158067733,0.98309326171875,0.01690673828125,2,569,132,0.0550353080034256,0.2897227108478546,0.2341342568397522,0.23119761049747467,0.061339024425443256,2.9595436466173632e-05,0.06130942898897712,0.06409047669942292
49,mle,200,0.055819958448410034,0.00020824636158067733,0.984619140625,0.015380859375,2,548,135,0.05216480419039726,0.28980717062950134,0.22811226546764374,0.2594003677368164,0.0396331344311065,0.00019199891433254422,0.03944113551677415,0.04917240757706376
49,mle,300,0.055643077939748764,0.00020824636158067733,0.98089599609375,0.01910400390625,2,537,151,0.05133720487356186,0.2767285704612732,0.22648537158966064,0.26146334409713745,0.02858592237335955,3.914620295990701e-05,0.02854677617039969,0.04040965166561572
49,mle,400,0.05532246083021164,0.00020824636158067733,0.98284912109375,0.01715087890625,2,545,163,0.0512634813785553,0.2879267632961273,0.2261621206998825,0.2819155752658844,0.028661279699200293,1.694932961073751e-05,0.028644330369589712,0.040280642541549505
49,mle,500,0.055876102298498154,0.00020824636158067733,0.9837646484375,0.0162353515625,2,547,149,0.05216807872056961,0.28056013584136963,0.22816380858421326,0.2728242576122284,0.025124481122666964,8.302003100521126e-05,0.025041461091661846,0.03595364681743585
49,mle,600,0.0560152642428875,0.00020824636158067733,0.9830322265625,0.0169677734375,2,553,163,0.05198894813656807,0.28928083181381226,0.2276809960603714,0.2893076539039612,0.027123872445564245,2.6099683558122454e-05,0.02709777276200615,0.037056204470647836
49,mle,700,0.055453576147556305,0.00020824636158067733,0.98236083984375,0.01763916015625,2,538,177,0.05106408894062042,0.2999129593372345,0.22592757642269135,0.3046351373195648,0.02484610035045165,2.2165703591080135e-06,0.024843883780092682,0.03494904813189559
49,mle,800,0.05370599403977394,0.00020824636158067733,0.98370361328125,0.01629638671875,2,534,159,0.04973818361759186,0.29321569204330444,0.22281037271022797,0.2964727282524109,0.024252621442620637,7.701393531436536e-05,0.024175607507306254,0.0370855539592615
49,mle,900,0.05389246717095375,0.00020824636158067733,0.98382568359375,0.01617431640625,2,525,153,0.05019434541463852,0.27883586287498474,0.22368603944778442,0.2792178690433502,0.02305636191905336,8.925936948101171e-05,0.02296710254957249,0.036137762676591856
49,mle,1000,0.056192852556705475,0.00020824636158067733,0.98114013671875,0.01885986328125,2,543,168,0.05185671150684357,0.281770795583725,0.22761061787605286,0.28330186009407043,0.022650678969704074,2.479725625097271e-05,0.022625881713452974,0.03388403678465901
49,mle,1100,0.0556030347943306,0.00020824636158067733,0.98248291015625,0.01751708984375,2,557,162,0.051670413464307785,0.2761725187301636,0.22718414664268494,0.2725124955177307,0.01955404534256644,4.59501435601771e-06,0.019549450328210316,0.03198034430599572
49,mle,1200,0.05414747819304466,0.00020824636158067733,0.9832763671875,0.0167236328125,2,542,151,0.0503930039703846,0.2748942971229553,0.22441157698631287,0.26595571637153625,0.020848036154539784,4.143069361497087e-05,0.02080660546092477,0.03477809190437464
49,mle,1300,0.05594305694103241,0.00020824636158067733,0.983154296875,0.016845703125,2,542,162,0.05207451805472374,0.2817201614379883,0.22642754018306732,0.28378185629844666,0.034870650524872815,3.331532273338398e-05,0.03483733520213946,0.04767079342193237
49,mle,1400,0.0558585524559021,0.00020824636158067733,0.98382568359375,0.01617431640625,2,555,169,0.05206800997257233,0.2864238917827606,0.22780440747737885,0.2864241302013397,0.0209198859522175,8.925936948101171e-05,0.0208306265827365,0.0344514844407261
49,mle,1500,0.056121617555618286,0.00020824636158067733,0.9825439453125,0.0174560546875,2,554,170,0.05210316553711891,0.2823069095611572,0.22819508612155914,0.28356999158859253,0.020941620678250672,6.108554543226717e-06,0.020935512123707298,0.031161961895779577
49,mle,1600,0.05166315659880638,0.00020824636158067733,0.9833984375,0.0166015625,2,522,153,0.048037488013505936,0.26643064618110657,0.21897946298122406,0.2555902302265167,0.0187233878025026,5.045225118897423e-05,0.018672935551313535,0.033656060507130214
49,mle,1700,0.05514465272426605,0.00020824636158067733,0.9805908203125,0.0194091796875,2,534,179,0.050902970135211945,0.2694430351257324,0.22558142244815826,0.26276475191116333,0.01628570849444344,6.15508344869336e-05,0.016224157659956617,0.02783507094202131
49,mle,1800,0.056729357689619064,0.00020824636158067733,0.98150634765625,0.01849365234375,2,551,186,0.05249746888875961,0.2813268303871155,0.2286825031042099,0.28210484981536865,0.02065897874145861,9.326558295211533e-06,0.020649652183163496,0.03279517152325051
49,mle,1900,0.055460505187511444,0.00020824636158067733,0.98211669921875,0.01788330078125,2,545,156,0.0516376830637455,0.2654029130935669,0.22686447203159332,0.2531145513057709,0.020234739248017775,3.3736234420838295e-08,0.020234705511783378,0.0322045627042119
49,mle,2000,0.05438186973333359,0.00020824636158067733,0.98004150390625,0.01995849609375,2,537,186,0.05001622810959816,0.2687525749206543,0.22362370789051056,0.25681254267692566,0.015090678564057214,0.00011416090075094983,0.014976517663306207,0.02878001121345941
49,mle,2100,0.05643772333860397,0.00020824636158067733,0.9815673828125,0.0184326171875,2,550,168,0.0524880513548851,0.266764372587204,0.22902464866638184,0.25774264335632324,0.016131004915415303,7.462581939157958e-06,0.016123542333476192,0.028129083148744294
49,mle,2200,0.05498844385147095,0.00020824636158067733,0.98095703125,0.01904296875,2,542,178,0.050792936235666275,0.271110862493515,0.22510460019111633,0.2619837820529938,0.017256521059799468,3.5259201314548306e-05,0.01722126185848502,0.03143171479380025
49,mle,2300,0.05455432087182999,0.00020824636158067733,0.9825439453125,0.0174560546875,2,550,171,0.05061798915266991,0.276117742061615,0.224944606423378,0.26443102955818176,0.01608949956445116,6.108554543226717e-06,0.016083391009907782,0.030060121302742382
49,mle,2400,0.05305265262722969,0.00020824636158067733,0.982177734375,0.017822265625,2,535,150,0.04931742697954178,0.2588995397090912,0.22179476916790009,0.2399962693452835,0.017747642901859706,2.594987545213379e-07,0.017747383403105176,0.032025801607889925
49,mle,2500,0.054521575570106506,0.00020824636158067733,0.98138427734375,0.01861572265625,2,543,166,0.050569798797369,0.2628515362739563,0.22479553520679474,0.2482777088880539,0.013625110703479493,1.3669544643492315e-05,0.01361144115883587,0.028165056516374798
49,mle,2600,0.05338283255696297,0.00020824636158067733,0.9825439453125,0.0174560546875,2,524,162,0.04962371289730072,0.2649714946746826,0.22217430174350739,0.24376024305820465,0.020170634605356952,6.108554543226717e-06,0.020164526050813612,0.03662079369016491
49,mle,2700,0.05424521490931511,0.00020824636158067733,0.98248291015625,0.01751708984375,2,532,154,0.05061258375644684,0.2579890787601471,0.22492125630378723,0.2388520985841751,0.012729672431497363,4.59501435601771e-06,0.012725077417141233,0.027291719962451944
49,mle,2800,0.054524436593055725,0.00020824636158067733,0.9805908203125,0.0194091796875,2,530,174,0.05030962452292442,0.26746535301208496,0.2241870015859604,0.25751611590385437,0.015653121372643852,6.15508344869336e-05,0.01559157053815706,0.03027992375493549
49,mle,2900,0.05504991486668587,0.00020824636158067733,0.9814453125,0.0185546875,2,544,168,0.05115312710404396,0.2611696720123291,0.22613686323165894,0.24674127995967865,0.013138267648365343,1.1395766658824406e-05,0.013126871881706617,0.027465113533910235
49,mle,3000,0.05414992943406105,0.00020824636158067733,0.98199462890625,0.01800537109375,2,543,169,0.05038830265402794,0.25930505990982056,0.2244044691324234,0.24342557787895203,0.011270770206657232,2.1781680963674785e-07,0.011270552389847647,0.026259704362675884
49,mle,3100,0.054627712815999985,0.00020824636158067733,0.9798583984375,0.0201416015625,2,545,177,0.05037016049027443,0.2617507576942444,0.2243478149175644,0.24606087803840637,0.013933078400633292,0.00013514661918708924,0.013797931781446178,0.02854766053562552
49,mle,3200,0.055200912058353424,0.00020824636158067733,0.98150634765625,0.01849365234375,2,542,180,0.05102325603365898,0.276919960975647,0.22570964694023132,0.2671579122543335,0.01603667067703185,9.326558295211533e-06,0.016027344118736582,0.02988835177595528
49,mle,3300,0.05681559443473816,0.00020824636158067733,0.98138427734375,0.01861572265625,2,559,178,0.052812784910202026,0.267835795879364,0.22905342280864716,0.2567979395389557,0.02191122535460721,1.3669544643492315e-05,0.021897555809963776,0.03396609297553577
49,mle,3400,0.054856956005096436,0.00020824636158067733,0.981689453125,0.018310546875,2,539,177,0.0509672686457634,0.2633957862854004,0.22566407918930054,0.25108712911605835,0.010568185789644247,4.352996780999376e-06,0.010563832792863215,0.027373489124076777
49,mle,3500,0.052079882472753525,0.00020824636158067733,0.98175048828125,0.01824951171875,2,523,162,0.04830726236104965,0.25503212213516235,0.2195884883403778,0.23260673880577087,0.015278452563698863,3.10873486873925e-06,0.015275343828830154,0.031463628278945444
49,mle,3600,0.05587685480713844,0.00020824636158067733,0.98138427734375,0.01861572265625,2,553,179,0.05162492394447327,0.28003019094467163,0.22695547342300415,0.26235535740852356,0.019394109891628375,1.3669544643492315e-05,0.019380440346984912,0.03233969606000964
49,mle,3700,0.05577268451452255,0.00020824636158067733,0.98138427734375,0.01861572265625,2,546,170,0.05187753587961197,0.26111727952957153,0.22738711535930634,0.24668781459331512,0.015713281107501587,1.3669544643492315e-05,0.015699611562857964,0.029254440480801613
49,mle,3800,0.05616510286927223,0.00020824636158067733,0.981689453125,0.018310546875,2,564,168,0.05240107327699661,0.2579675018787384,0.22888819873332977,0.24067792296409607,0.012462689905269997,4.352996780999376e-06,0.01245833690848901,0.02614660692845272
49,mle,3900,0.05368141084909439,0.00020824636158067733,0.982177734375,0.017822265625,2,538,173,0.049781180918216705,0.2686215341091156,0.22279362380504608,0.2536066770553589,0.015974050344276236,2.594987545213379e-07,0.01597379084552175,0.031888015146907756
49,mle,4000,0.05367720499634743,0.00020824636158067733,0.980712890625,0.019287109375,2,534,167,0.04963966831564903,0.25897857546806335,0.22257663309574127,0.24265079200267792,0.015491537007811473,5.199752074048114e-05,0.015439539487070969,0.029193189337749836
49,mle,4100,0.05656059831380844,0.00020824636158067733,0.98046875,0.01953125,2,558,181,0.0524853952229023,0.261135995388031,0.229016974568367,0.24509258568286896,0.013147520992980333,7.188708721435713e-05,0.013075633905765861,0.027672384487889112
49,mle,4200,0.054503537714481354,0.00020824636158067733,0.97882080078125,0.02117919921875,2,530,188,0.05007683485746384,0.2590886652469635,0.2236252874135971,0.24139995872974396,0.01151153122210502,0.0002857214424065008,0.011225809779698608,0.027720819366297555
49,mle,4300,0.05446531996130943,0.00020824636158067733,0.98291015625,0.01708984375,2,539,172,0.05079353600740433,0.265645295381546,0.22526435554027557,0.25279802083969116,0.014969031886913342,1.9777414010556317e-05,0.01494925447290289,0.02802727849550346
49,mle,4400,0.05337989330291748,0.00020824636158067733,0.9818115234375,0.0181884765625,2,536,170,0.04949403926730156,0.2631378471851349,0.22239279747009277,0.24164694547653198,0.01430004575396282,2.0723988331725865e-06,0.014297973355129587,0.028297886514994652
49,mle,4500,0.05410109460353851,0.00020824636158067733,0.981689453125,0.018310546875,2,539,161,0.050383806228637695,0.2533971965312958,0.22441434860229492,0.22613537311553955,0.011804678048257244,4.352996780999376e-06,0.011800325051476268,0.026664276753510685
49,mle,4600,0.05447698011994362,0.00020824636158067733,0.98150634765625,0.01849365234375,2,536,153,0.050734005868434906,0.25312623381614685,0.2247355729341507,0.22736500203609467,0.016796593867375975,9.326558295211533e-06,0.01678726730908074,0.03103688158509821
49,mle,4700,0.055602289736270905,0.00020824636158067733,0.98297119140625,0.01702880859375,2,555,167,0.05199278146028519,0.26395708322525024,0.22771526873111725,0.24919983744621277,0.016171975752705237,2.282727163631479e-05,0.01614914848106895,0.03098384272081811
49,mle,4800,0.055127598345279694,0.00020824636158067733,0.98095703125,0.01904296875,2,554,169,0.05127301812171936,0.2536875605583191,0.22641855478286743,0.23119418323040009,0.012118859333178023,3.5259201314548306e-05,0.01208360013186343,0.02545127428377081
49,mle,4900,0.053490933030843735,0.00020824636158067733,0.98248291015625,0.01751708984375,2,542,170,0.04976272210478783,0.26259511709213257,0.22232335805892944,0.24209430813789368,0.01958165905690379,4.59501435601771e-06,0.01957706404254769,0.03479035537813824
49,mle,5000,0.05638337507843971,0.00020824636158067733,0.9815673828125,0.0184326171875,2,564,178,0.05247307941317558,0.26461300253868103,0.22888466715812683,0.2503680884838104,0.015955806913744652,7.462581939157958e-06,0.01594834433180542,0.02841853956553886
49,warm,0,0.05638337507843971,0.00020824636158067733,0.9815673828125,0.0184326171875,2,564,178,0.05247307941317558,0.26461300253868103,0.22888466715812683,0.2503680884838104,0.015955806913744652,7.462581939157958e-06,0.01594834433180542,0.02841853956553886
49,warm,20,0.053177982568740845,0.00020824636158067733,0.9820556640625,0.0179443359375,2,534,164,0.049487531185150146,0.2551485300064087,0.222420796751976,0.23350247740745544,0.011191891390090802,2.0078355873221903e-08,0.011191871311735014,0.02558126736468902
49,warm,40,0.053535737097263336,0.00020824636158067733,0.9822998046875,0.0177001953125,2,532,155,0.049921076744794846,0.25413694977760315,0.22342777252197266,0.23236797749996185,0.009464678682171268,1.3501952741154055e-06,0.009463328486896865,0.024815416749990882
49,warm,60,0.05350154638290405,0.00020824636158067733,0.98260498046875,0.01739501953125,2,540,157,0.04992534965276718,0.25551271438598633,0.22341439127922058,0.23501816391944885,0.010089832903950935,7.839296277005687e-06,0.010081993607673999,0.025082624779972584
49,warm,80,0.053585924208164215,0.00020824636158067733,0.9833984375,0.0166015625,2,537,154,0.05023544654250145,0.2520524859428406,0.22409342229366302,0.22723621129989624,0.010288026103999925,5.045225118897423e-05,0.010237573852810981,0.025090666037360543
49,warm,100,0.05320018529891968,0.00020824636158067733,0.9835205078125,0.0164794921875,2,536,157,0.049871936440467834,0.251834899187088,0.22329331934452057,0.22690172493457794,0.009058933610695874,6.038654539865522e-05,0.008998547065297222,0.024982076786475127
49,warm,120,0.05356624722480774,0.00020824636158067733,0.98345947265625,0.01654052734375,2,542,157,0.05022009462118149,0.2525204122066498,0.22404536604881287,0.22850511968135834,0.009797868777432939,5.530489307641051e-05,0.009742563884356523,0.02508453727270743
49,warm,140,0.05329268425703049,0.00020824636158067733,0.9832763671875,0.0167236328125,2,533,152,0.0499027743935585,0.25260433554649353,0.22337301075458527,0.22912073135375977,0.009701773953757709,4.143069361497087e-05,0.009660343260142777,0.0247542338772494
49,warm,160,0.05337279662489891,0.00020824636158067733,0.98284912109375,0.01715087890625,2,529,157,0.04987290874123573,0.25393733382225037,0.2233150750398636,0.23188498616218567,0.009603580387384625,1.694932961073751e-05,0.00958663105777404,0.02461124818430316
49,warm,180,0.05343509465456009,0.00020824636158067733,0.98260498046875,0.01739501953125,2,535,152,0.04988514631986618,0.2539636194705963,0.2233203500509262,0.2308850884437561,0.010568324593087652,7.839296277005687e-06,0.010560485296810716,0.02531760286430862
49,warm,200,0.053276948630809784,0.00020824636158067733,0.98236083984375,0.01763916015625,2,529,156,0.04970858618617058,0.2520061731338501,0.2229485660791397,0.227408304810524,0.008510820204001845,2.2165703591080135e-06,0.008508603633642763,0.024588783978035544
49,warm,220,0.05289562791585922,0.00020824636158067733,0.98248291015625,0.01751708984375,2,526,146,0.04932069405913353,0.25340327620506287,0.22207260131835938,0.22959154844284058,0.009581178827112069,4.59501435601771e-06,0.009576583812755984,0.024784627291157713
49,warm,240,0.05343739688396454,0.00020824636158067733,0.982421875,0.017578125,2,530,157,0.0498419813811779,0.25438129901885986,0.22322000563144684,0.23113945126533508,0.009613364076550113,3.2979323590162516e-06,0.009610066144191316,0.024792490243928378
49,warm,260,0.053439490497112274,0.00020824636158067733,0.98291015625,0.01708984375,2,538,150,0.04998140037059784,0.25232937932014465,0.22354842722415924,0.2281515747308731,0.0088476232342245,1.9777414010556317e-05,0.008827845820214113,0.024435243824629915
49,warm,280,0.05320940911769867,0.00020824636158067733,0.98321533203125,0.01678466796875,2,530,155,0.049829233437776566,0.25121429562568665,0.22321556508541107,0.22624310851097107,0.00888501001482922,3.726014047560934e-05,0.008847749874353751,0.024631414912366645
49,warm,300,0.053585611283779144,0.00020824636158067733,0.9835205078125,0.0164794921875,2,538,152,0.05025177821516991,0.2525537312030792,0.22415301203727722,0.22799426317214966,0.008985790737106925,6.038654539865522e-05,0.008925404191708324,0.024490910029928536
49,warm,320,0.052896469831466675,0.00020824636158067733,0.98333740234375,0.01666259765625,2,528,149,0.04953084513545036,0.25151777267456055,0.22252865135669708,0.22627916932106018,0.009042930920450942,4.5827791944071106e-05,0.008997103128506757,0.0247186864150738
49,warm,340,0.053404293954372406,0.00020824636158067733,0.983154296875,0.016845703125,2,534,149,0.05000657960772514,0.2517024874687195,0.22361086308956146,0.2268899828195572,0.00940978790477942,3.331532273338398e-05,0.009376472582046002,0.024517382561245804
49,warm,360,0.05377667769789696,0.00020824636158067733,0.98345947265625,0.01654052734375,2,538,154,0.050444819033145905,0.25188109278678894,0.22457736730575562,0.22660739719867706,0.009368174062011292,5.530489307641051e-05,0.009312869168934815,0.024749329925473185
49,warm,380,0.05299733951687813,0.00020824636158067733,0.98333740234375,0.01666259765625,2,530,150,0.04964226856827736,0.2509959936141968,0.22279582917690277,0.22543206810951233,0.008714737632736558,4.5827791944071106e-05,0.008668909840792542,0.02456597412012551
49,warm,400,0.0536566786468029,0.00020824636158067733,0.9830322265625,0.0169677734375,2,536,154,0.050236087292432785,0.2518294155597687,0.2241213023662567,0.22734007239341736,0.009247382964723272,2.6099683558122454e-05,0.00922128328116513,0.02442547361053793
49,warm,420,0.053121257573366165,0.00020824636158067733,0.98309326171875,0.01690673828125,2,531,153,0.04968836158514023,0.25273749232292175,0.22289974987506866,0.2291586995124817,0.008558673777052661,2.9595436466173632e-05,0.008529078340586548,0.024557388853938655
49,warm,440,0.05307430401444435,0.00020824636158067733,0.98284912109375,0.01715087890625,2,532,157,0.04961463063955307,0.25133463740348816,0.2227092683315277,0.22599396109580994,0.009624336278839962,1.694932961073751e-05,0.009607386949229368,0.024894473907554393
49,warm,460,0.053614500910043716,0.00020824636158067733,0.9833984375,0.0166015625,2,540,148,0.050270501524209976,0.25169724225997925,0.22420595586299896,0.22695718705654144,0.008489634252519807,5.045225118897423e-05,0.008439182001330797,0.024057668445241043
49,warm,480,0.05355749651789665,0.00020824636158067733,0.9835205078125,0.0164794921875,2,537,145,0.05025307461619377,0.25077053904533386,0.2241574376821518,0.22517021000385284,0.007718864835815964,6.038654539865522e-05,0.007658478290417402,0.02413449722436989
49,warm,500,0.05269337072968483,0.00020824636158067733,0.98370361328125,0.01629638671875,2,529,149,0.04944230243563652,0.24893948435783386,0.2223546952009201,0.22029365599155426,0.00822431025900272,7.701393531436536e-05,0.008147296323688307,0.024717659173549955
49,warm,520,0.05344253405928612,0.00020824636158067733,0.98358154296875,0.01641845703125,2,533,149,0.05015019699931145,0.250676691532135,0.22392190992832184,0.22458462417125702,0.008968337140878191,6.569804208159894e-05,0.008902639098796426,0.024664043587765527
49,warm,540,0.053450070321559906,0.00020824636158067733,0.9835205078125,0.0164794921875,2,536,153,0.05013991519808769,0.25100499391555786,0.22391439974308014,0.22572427988052368,0.007443514747329516,6.038654539865522e-05,0.007383128201930876,0.02405474479084868
49,warm,560,0.053206536918878555,0.00020824636158067733,0.9835205078125,0.0164794921875,2,539,149,0.049890439957380295,0.2511160373687744,0.22335989773273468,0.22576355934143066,0.007545393680821633,6.038654539865522e-05,0.007485007135422897,0.024122396142704283
49,warm,580,0.05341644585132599,0.00020824636158067733,0.98370361328125,0.01629638671875,2,535,150,0.050125449895858765,0.2520717680454254,0.22385525703430176,0.22767017781734467,0.00901777519194269,7.701393531436536e-05,0.008940761256628172,0.024565121385169086
49,warm,600,0.053313013166189194,0.00020824636158067733,0.9840087890625,0.0159912109375,2,538,142,0.0501081682741642,0.2505212724208832,0.22382931411266327,0.22361651062965393,0.00888770244656456,0.00010938553090054297,0.008778316915663956,0.02463453165612217
49,warm,620,0.05321035534143448,0.00020824636158067733,0.98406982421875,0.01593017578125,2,533,150,0.049986857920885086,0.2523385286331177,0.22357429563999176,0.22814203798770905,0.0080492684284863,0.00011656656289815931,0.007932701865587944,0.02440976215504842
49,warm,640,0.053361546248197556,0.00020824636158067733,0.98419189453125,0.01580810546875,2,536,141,0.05018778145313263,0.25095608830451965,0.22398850321769714,0.22411198914051056,0.009024014492943877,0.00013164243811568518,0.00889237205482796,0.024830684342962095
49,warm,660,0.05335197225213051,0.00020824636158067733,0.98443603515625,0.01556396484375,2,536,144,0.05021969974040985,0.25147122144699097,0.22409486770629883,0.22623257339000702,0.00882745313011668,0.00016467485582321402,0.008662778274293572,0.024364687932322604
49,warm,680,0.05316290631890297,0.00020824636158067733,0.9842529296875,0.0157470703125,2,534,147,0.04997486248612404,0.2524280846118927,0.22350867092609406,0.2285204380750656,0.00845835763194458,0.0001395390866802057,0.008318818545264369,0.024329449247236234
49,warm,700,0.05330348014831543,0.00020824636158067733,0.9842529296875,0.0157470703125,2,535,152,0.05015338212251663,0.2501971125602722,0.22393426299095154,0.22401612997055054,0.00900915633265953,0.0001395390866802057,0.008869617245979204,0.024374184002883603
49,warm,720,0.05285928025841713,0.00020824636158067733,0.9842529296875,0.0157470703125,2,526,149,0.04967505857348442,0.25188568234443665,0.22285665571689606,0.2275623083114624,0.008207089507969556,0.0001395390866802057,0.008067550421289319,0.024778504521893674
49,warm,740,0.05350401625037193,0.00020824636158067733,0.98345947265625,0.01654052734375,2,532,156,0.050174858421087265,0.2514476776123047,0.22399242222309113,0.226100891828537,0.008801758536911564,5.530489307641051e-05,0.008746453643835257,0.02425388540789053
49,warm,760,0.053635720163583755,0.00020824636158067733,0.98321533203125,0.01678466796875,2,537,150,0.05025101825594902,0.2519048750400543,0.22413845360279083,0.22758536040782928,0.00855272740610502,3.726014047560934e-05,0.008515467265629472,0.024262777282931247
49,warm,780,0.053323931992053986,0.00020824636158067733,0.98345947265625,0.01654052734375,2,534,143,0.05003026872873306,0.24915772676467896,0.22364330291748047,0.22131428122520447,0.007518447128141759,5.530489307641051e-05,0.007463142235065465,0.024159908680960407
49,warm,800,0.0533604621887207,0.00020824636158067733,0.983154296875,0.016845703125,2,534,151,0.04999561607837677,0.24974073469638824,0.2235916554927826,0.2224598079919815,0.007934535075229121,3.331532273338398e-05,0.007901219752495685,0.023891860256046393
49,warm,820,0.053535230457782745,0.00020824636158067733,0.98291015625,0.01708984375,2,534,159,0.05009695515036583,0.2512851655483246,0.22381862998008728,0.22627978026866913,0.008736057687393384,1.9777414010556317e-05,0.008716280273382991,0.02374502664381206
49,warm,840,0.053369149565696716,0.00020824636158067733,0.98272705078125,0.01727294921875,2,535,157,0.04986888915300369,0.25251275300979614,0.22326664626598358,0.22876840829849243,0.008424929801741143,1.1955383956733937e-05,0.008412974417784448,0.024308313892763445
49,warm,860,0.05360809341073036,0.00020824636158067733,0.98284912109375,0.01715087890625,2,537,157,0.05016269162297249,0.25105005502700806,0.2239588499069214,0.22561946511268616,0.00892250929629057,1.694932961073751e-05,0.008905559966679872,0.023809062914299184
49,warm,880,0.05341856926679611,0.00020824636158067733,0.9832763671875,0.0167236328125,2,537,150,0.0500652901828289,0.25057658553123474,0.2237469106912613,0.2244388312101364,0.007840071383007796,4.143069361497087e-05,0.007798640689392886,0.02379011711375123
49,warm,900,0.05346955358982086,0.00020824636158067733,0.98333740234375,0.01666259765625,2,539,151,0.050107747316360474,0.25186559557914734,0.22381098568439484,0.2275068163871765,0.008138167177285993,4.5827791944071106e-05,0.008092339385341799,0.02406949444477713
49,warm,920,0.05318782478570938,0.00020824636158067733,0.9835205078125,0.0164794921875,2,526,151,0.04985399544239044,0.25215575098991394,0.2232729196548462,0.2279655486345291,0.008259201320662157,6.038654539865522e-05,0.008198814775263458,0.024080464282380754
49,warm,940,0.05343940109014511,0.00020824636158067733,0.98345947265625,0.01654052734375,2,528,148,0.050109412521123886,0.25143226981163025,0.2238132655620575,0.2266366183757782,0.008095882163807744,5.530489307641051e-05,0.008040577270731347,0.02445373638395021
49,warm,960,0.05343165248632431,0.00020824636158067733,0.983642578125,0.016357421875,2,532,146,0.05015020817518234,0.2507593333721161,0.22394181787967682,0.22503355145454407,0.009092991662519978,7.124022325379347e-05,0.009021751439266184,0.02397299083597526
49,warm,980,0.05305851250886917,0.00020824636158067733,0.98382568359375,0.01617431640625,2,528,152,0.049774106591939926,0.25283724069595337,0.22307953238487244,0.22960397601127625,0.00854993695994466,8.925936948101171e-05,0.008460677590463579,0.02448674856052302
49,warm,1000,0.05340476334095001,0.00020824636158067733,0.98358154296875,0.01641845703125,2,532,156,0.050083111971616745,0.25239530205726624,0.22378093004226685,0.22856874763965607,0.007582041187752964,6.569804208159894e-05,0.0075163431456713534,0.024188372394494118
49,warm,1020,0.05293620005249977,0.00020824636158067733,0.98370361328125,0.01629638671875,2,531,154,0.04967482388019562,0.24980369210243225,0.2228676676750183,0.22293372452259064,0.007393146894365543,7.701393531436536e-05,0.0073161329590511115,0.02412887502643779
49,warm,1040,0.053409039974212646,0.00020824636158067733,0.9835205078125,0.0164794921875,2,536,151,0.05013205483555794,0.2489842176437378,0.22387191653251648,0.22125498950481415,0.006889360062096728,6.038654539865522e-05,0.006828973516698104,0.023978685225958807
49,warm,1060,0.05349770933389664,0.00020824636158067733,0.9835205078125,0.0164794921875,2,527,158,0.050171345472335815,0.2520199716091156,0.22396843135356903,0.2274816483259201,0.008076872036518523,6.038654539865522e-05,0.00801648549111981,0.024122141520567575
49,warm,1080,0.052850089967250824,0.00020824636158067733,0.9835205078125,0.0164794921875,2,527,153,0.04953489825129509,0.250705748796463,0.22253429889678955,0.2247251719236374,0.0080626048295116,6.038654539865522e-05,0.008002218284112999,0.02420141702234313
49,warm,1100,0.053051065653562546,0.00020824636158067733,0.9835205078125,0.0164794921875,2,527,158,0.04972202330827713,0.25173306465148926,0.22296443581581116,0.2265317589044571,0.007875958304985886,6.038654539865522e-05,0.007815571759587176,0.024226890404608903
49,warm,1120,0.053251296281814575,0.00020824636158067733,0.9832763671875,0.0167236328125,2,534,155,0.0499073825776577,0.24985907971858978,0.22339487075805664,0.22289100289344788,0.008550135360756883,4.143069361497087e-05,0.008508704667141946,0.023817317495488433
49,warm,1140,0.05360767990350723,0.00020824636158067733,0.98345947265625,0.01654052734375,2,533,146,0.05031060799956322,0.24964335560798645,0.22427888214588165,0.22275401651859283,0.007725941199360875,5.530489307641051e-05,0.007670636306284557,0.023902248599117493
49,warm,1160,0.053477704524993896,0.00020824636158067733,0.9837646484375,0.0162353515625,2,530,147,0.05023760348558426,0.24980852007865906,0.22412122786045074,0.2225911170244217,0.008168075430340593,8.302003100521126e-05,0.008085055399335536,0.02416270024761824
49,warm,1180,0.053226638585329056,0.00020824636158067733,0.98333740234375,0.01666259765625,2,530,154,0.049858223646879196,0.2520120441913605,0.22326713800430298,0.2268211543560028,0.007881264770013274,4.5827791944071106e-05,0.007835436978069217,0.024449470635520165
49,warm,1200,0.05352211743593216,0.00020824636158067733,0.98345947265625,0.01654052734375,2,535,147,0.05021393671631813,0.2502181828022003,0.22405648231506348,0.22322888672351837,0.008127132874697907,5.530489307641051e-05,0.00807182798162158,0.024164244322239292
49,warm,1220,0.052969448268413544,0.00020824636158067733,0.9837646484375,0.0162353515625,2,529,148,0.04971252381801605,0.2503189444541931,0.22293721139431,0.22358886897563934,0.008805207631858991,8.302003100521126e-05,0.008722187600853828,0.02403821048276067
49,warm,1240,0.05365542322397232,0.00020824636158067733,0.98345947265625,0.01654052734375,2,538,149,0.05031878501176834,0.2520439624786377,0.2242879569530487,0.22718794643878937,0.007967299367201974,5.530489307641051e-05,0.00791199447412548,0.02421523276345605
49,warm,1260,0.05292757600545883,0.00020824636158067733,0.9833984375,0.0166015625,2,528,147,0.04961515963077545,0.24914006888866425,0.22274215519428253,0.22167101502418518,0.007588984372169705,5.045225118897423e-05,0.007538532120980775,0.023996093529351392
49,warm,1280,0.05334797129034996,0.00020824636158067733,0.983642578125,0.016357421875,2,529,147,0.05006905645132065,0.25052306056022644,0.22373993694782257,0.2246931493282318,0.007453784208529157,7.124022325379347e-05,0.007382543985275377,0.023845369957345874
49,warm,1300,0.053136568516492844,0.00020824636158067733,0.983642578125,0.016357421875,2,529,147,0.04986324533820152,0.2499760538339615,0.22329778969287872,0.2235381156206131,0.007788904913660133,7.124022325379347e-05,0.007717664690406279,0.023806215832084754
49,warm,1320,0.05322487652301788,0.00020824636158067733,0.9837646484375,0.0162353515625,2,529,147,0.04995867982506752,0.25113627314567566,0.2235061228275299,0.22371798753738403,0.009563838801305735,8.302003100521126e-05,0.009480818770300567,0.02442989602488732
49,warm,1340,0.053448960185050964,0.00020824636158067733,0.9833984375,0.0166015625,2,533,158,0.05009002238512039,0.2524168789386749,0.2237803041934967,0.22776205837726593,0.008843479176185554,5.045225118897423e-05,0.00879302692499645,0.0241715861418218
49,warm,1360,0.052878908812999725,0.00020824636158067733,0.98358154296875,0.01641845703125,2,531,155,0.04955514892935753,0.25199583172798157,0.22256121039390564,0.22744399309158325,0.008707450964912766,6.569804208159894e-05,0.00864175292283115,0.02445243053873336
49,warm,1380,0.0533464252948761,0.00020824636158067733,0.9832763671875,0.0167236328125,2,535,149,0.04999957233667374,0.2501266300678253,0.22358039021492004,0.22380436956882477,0.00863887926262663,4.143069361497087e-05,0.008597448569011635,0.024092096632304938
49,warm,1400,0.053340934216976166,0.00020824636158067733,0.9832763671875,0.0167236328125,2,536,156,0.050010792911052704,0.24913857877254486,0.22360728681087494,0.22103776037693024,0.008640745895000634,4.143069361497087e-05,0.008599315201385502,0.023872880382188932
49,warm,1420,0.05337289720773697,0.00020824636158067733,0.98284912109375,0.01715087890625,2,534,159,0.04989701509475708,0.25256186723709106,0.22337090969085693,0.2288689762353897,0.008229150778980454,1.694932961073751e-05,0.0082122014493697,0.023534425651380197
49,warm,1440,0.052942439913749695,0.00020824636158067733,0.98321533203125,0.01678466796875,2,530,158,0.049594007432460785,0.2490878850221634,0.222662091255188,0.2212614268064499,0.00879006247870251,3.726014047560934e-05,0.008752802338226996,0.024163765906198287
49,warm,1460,0.05302970111370087,0.00020824636158067733,0.9830322265625,0.0169677734375,2,526,151,0.04962994158267975,0.2499956637620926,0.22277384996414185,0.22341737151145935,0.007989145830116229,2.6099683558122454e-05,0.007963046146557974,0.023762084013217
49,warm,1480,0.05325733870267868,0.00020824636158067733,0.9827880859375,0.0172119140625,2,531,155,0.04982048645615578,0.24949917197227478,0.2232019603252411,0.22233043611049652,0.008358340368623374,1.4342242928365662e-05,0.008343998125694856,0.023704616106190124
49,warm,1500,0.05368613451719284,0.00020824636158067733,0.98345947265625,0.01654052734375,2,531,161,0.05037972703576088,0.2502765655517578,0.22444114089012146,0.22396159172058105,0.007858333520026406,5.530489307641051e-05,0.007803028626949987,0.023520633433438243
49,warm,1520,0.05326240509748459,0.00020824636158067733,0.98358154296875,0.01641845703125,2,529,153,0.0499747134745121,0.25021839141845703,0.22353202104568481,0.22382020950317383,0.007901978570053814,6.569804208159894e-05,0.007836280527972202,0.02361870159140589
49,warm,1540,0.05292951315641403,0.00020824636158067733,0.9833984375,0.0166015625,2,528,151,0.0496026985347271,0.24999450147151947,0.2227022349834442,0.22300408780574799,0.008321809313393658,5.045225118897423e-05,0.008271357062204731,0.023990331232855433
49,warm,1560,0.053478557616472244,0.00020824636158067733,0.98333740234375,0.01666259765625,2,532,156,0.05012005195021629,0.2516794800758362,0.22385765612125397,0.22656457126140594,0.007919425130431534,4.5827791944071106e-05,0.00787359733848748,0.023678864396717736
49,warm,1580,0.05344710499048233,0.00020824636158067733,0.98309326171875,0.01690673828125,2,532,149,0.05005616322159767,0.2506234645843506,0.22372694313526154,0.2249935120344162,0.0075850856084898055,2.9595436466173632e-05,0.007555490172023648,0.023410468857693822
49,warm,1600,0.05331388860940933,0.00020824636158067733,0.98321533203125,0.01678466796875,2,529,153,0.04996103048324585,0.24971796572208405,0.2234964817762375,0.22219900786876678,0.008145911262737116,3.726014047560934e-05,0.008108651122261475,0.02381397219935233
49,warm,1620,0.052799880504608154,0.00020824636158067733,0.982666015625,0.017333984375,2,522,160,0.049301765859127045,0.2511083781719208,0.22202518582344055,0.22494496405124664,0.008403782602009358,9.787988131962572e-06,0.008393994613877308,0.023985281456336716
49,warm,1640,0.053322017192840576,0.00020824636158067733,0.98272705078125,0.01727294921875,2,531,160,0.04986065998673439,0.2502521872520447,0.2232893854379654,0.22408030927181244,0.007415996253449464,1.1955383956733937e-05,0.007404040869492972,0.023462425139516463
49,warm,1660,0.053457897156476974,0.00020824636158067733,0.98297119140625,0.01702880859375,2,535,154,0.050055887550115585,0.24983510375022888,0.22371259331703186,0.2225477546453476,0.009143439158115996,2.282727163631479e-05,0.00912061188647964,0.02399678828144014
49,warm,1680,0.053238485008478165,0.00020824636158067733,0.98333740234375,0.01666259765625,2,525,152,0.04989897087216377,0.25031864643096924,0.22337549924850464,0.22357262670993805,0.0077320384009098575,4.5827791944071106e-05,0.007686210608965814,0.023674699012847022
49,warm,1700,0.05316654220223427,0.00020824636158067733,0.9832763671875,0.0167236328125,2,527,154,0.049818966537714005,0.2499898374080658,0.22319506108760834,0.22342485189437866,0.007635258254786947,4.143069361497087e-05,0.007593827561171862,0.02353390814889489
49,warm,1720,0.05304614454507828,0.00020824636158067733,0.98333740234375,0.01666259765625,2,529,153,0.04972059279680252,0.24930256605148315,0.2229575365781784,0.22183789312839508,0.007705115305917332,4.5827791944071106e-05,0.0076592875139732145,0.023712544666270596
49,warm,1740,0.053111787885427475,0.00020824636158067733,0.9832763671875,0.0167236328125,2,532,154,0.049749307334423065,0.2508106231689453,0.22303634881973267,0.22494935989379883,0.008229562598181417,4.143069361497087e-05,0.008188131904566343,0.02352943013167741
49,warm,1760,0.053502630442380905,0.00020824636158067733,0.9830322265625,0.0169677734375,2,532,155,0.050103429704904556,0.25043612718582153,0.22383101284503937,0.22443372011184692,0.008444188584881829,2.6099683558122454e-05,0.008418088901323574,0.02358187118872801
49,warm,1780,0.053321368992328644,0.00020824636158067733,0.983154296875,0.016845703125,2,532,160,0.04994804039597511,0.2501964867115021,0.2234717309474945,0.22377236187458038,0.00829788069696491,3.331532273338398e-05,0.008264565374231602,0.023502169650530313
49,warm,1800,0.05328195169568062,0.00020824636158067733,0.98333740234375,0.01666259765625,2,528,155,0.0499340258538723,0.25085869431495667,0.22344760596752167,0.22443032264709473,0.008049650823714671,4.5827791944071106e-05,0.008003823031770605,0.02372578260903746
49,warm,1820,0.05310507491230965,0.00020824636158067733,0.98272705078125,0.01727294921875,2,527,155,0.049662210047245026,0.24898356199264526,0.22283977270126343,0.2209232747554779,0.008016874271753238,1.1955383956733937e-05,0.008004918887796532,0.023391951232699548
49,warm,1840,0.053297821432352066,0.00020824636158067733,0.98260498046875,0.01739501953125,2,532,154,0.04983355849981308,0.2489861696958542,0.22320736944675446,0.22112350165843964,0.008298622058838134,7.839296277005687e-06,0.008290782762561245,0.023693850708443542
49,warm,1860,0.05277802795171738,0.00020824636158067733,0.9825439453125,0.0174560546875,2,530,154,0.049294568598270416,0.24885056912899017,0.2220185548067093,0.21988904476165771,0.008532178028154647,6.108554543226717e-06,0.00852606947361141,0.023895019738776946
49,warm,1880,0.0534774474799633,0.00020824636158067733,0.98199462890625,0.01800537109375,2,532,158,0.04989546537399292,0.24883487820625305,0.22336497902870178,0.22036364674568176,0.00872558850843319,2.1781680963674785e-07,0.008725370691623562,0.02353077091604272
49,warm,1900,0.05350492149591446,0.00020824636158067733,0.98236083984375,0.01763916015625,2,533,153,0.04999101161956787,0.2492016851902008,0.22356531023979187,0.22120895981788635,0.008966028013865923,2.2165703591080135e-06,0.008963811443506933,0.02367916185241692
49,warm,1920,0.05357440188527107,0.00020824636158067733,0.98260498046875,0.01739501953125,2,531,156,0.05012595281004906,0.24836945533752441,0.22387315332889557,0.2197907418012619,0.008038518499425606,7.839296277005687e-06,0.008030679203148722,0.023475684364459348
49,warm,1940,0.05318829417228699,0.00020824636158067733,0.9827880859375,0.0172119140625,2,526,155,0.04972473159432411,0.2509554326534271,0.2229834645986557,0.22430415451526642,0.007921013304631686,1.4342242928365662e-05,0.0079066710617031,0.023682211482739413
49,warm,1960,0.053568094968795776,0.00020824636158067733,0.98260498046875,0.01739501953125,2,534,156,0.05013195425271988,0.24766799807548523,0.2238762080669403,0.2180776447057724,0.007946351252222428,7.839296277005687e-06,0.007938511955945644,0.023478055955567734
49,warm,1980,0.053184740245342255,0.00020824636158067733,0.98272705078125,0.01727294921875,2,528,155,0.04975144565105438,0.24851849675178528,0.22304275631904602,0.22004549205303192,0.007492258628381876,1.1955383956733937e-05,0.00748030324442521,0.023655059675295242
49,warm,2000,0.053319405764341354,0.00020824636158067733,0.98291015625,0.01708984375,2,526,155,0.0499226339161396,0.24868209660053253,0.22342891991138458,0.2203679382801056,0.008554548418224783,1.9777414010556317e-05,0.008534771004214188,0.023750241642776282
50,scratch,0,0.8590648174285889,0.00020824636158067733,0.778564453125,0.221435546875,2,1335,959,0.9044234156608582,0.6995844841003418,0.7381370663642883,0.6700583696365356,14.323799483583763,0.3759634316734207,13.947836051910343,2.0613150745200275
50,scratch,20,0.6392821073532104,0.00020824636158067733,0.82684326171875,0.17315673828125,2,1333,844,0.646021842956543,0.6070989966392517,0.675837516784668,0.5965291857719421,9.89656742960343,0.25052311786406134,9.646044311739368,1.6765577473604227
50,scratch,40,0.43024057149887085,0.00020824636158067733,0.8726806640625,0.1273193359375,2,1273,654,0.4210985600948334,0.4929022490978241,0.5888378620147705,0.5033038258552551,5.885450555964063,0.14659306910183922,5.738857486862224,1.3163890779876257
50,scratch,60,0.28033214807510376,0.00020824636158067733,0.916259765625,0.083740234375,2,1160,434,0.26899969577789307,0.4043281376361847,0.5015842318534851,0.40132033824920654,3.1867966707761397,0.06555573982412938,3.121240930952011,1.0061140539189384
50,scratch,80,0.19518254697322845,0.00020824636158067733,0.9493408203125,0.0506591796875,2,1002,280,0.18525919318199158,0.3811439275741577,0.42840591073036194,0.33573848009109497,1.80017948703604,0.020462058755859547,1.7797174282801806,0.7891365326074468
50,scratch,100,0.15169772505760193,0.00020824636158067733,0.9722900390625,0.0277099609375,2,891,168,0.14550618827342987,0.3689466714859009,0.37814754247665405,0.2769317924976349,1.1883633488725636,0.002338318132588342,1.1860250307399751,0.6779716082243997
50,scratch,120,0.12726366519927979,0.00020824636158067733,0.98486328125,0.01513671875,2,814,105,0.12357936054468155,0.3669801652431488,0.3445030152797699,0.23152312636375427,0.8832580164054988,0.00023187940350549198,0.8830261370019932,0.6243532895466363
50,scratch,140,0.11133629083633423,0.00020824636158067733,0.99041748046875,0.00958251953125,1,758,77,0.10878936201334,0.3745782971382141,0.3221483826637268,0.21789297461509705,0.6741293359538858,0.002373269078568845,0.6717560668753166,0.5768140203005917
50,scratch,160,0.09916827082633972,0.00020824636158067733,0.99505615234375,0.00494384765625,1,721,50,0.09784670919179916,0.36516013741493225,0.3060961067676544,0.1939230114221573,0.5205288970248247,0.006693286607663828,0.5138356104171606,0.5394630446469112
50,scratch,180,0.09075263142585754,0.00020824636158067733,0.9964599609375,0.0035400390625,1,685,39,0.08978217840194702,0.3639187514781952,0.29490944743156433,0.19317223131656647,0.4046302730095803,0.008741724911608123,0.3958885480979723,0.5011445183124327
50,scratch,200,0.08362660557031631,0.00020824636158067733,0.99749755859375,0.00250244140625,1,659,31,0.08294723182916641,0.3544326424598694,0.28461208939552307,0.15020152926445007,0.316405959871382,0.010609543020773108,0.3057964168506091,0.47746771818558253
50,scratch,220,0.07792768627405167,0.00020824636158067733,0.99810791015625,0.00189208984375,1,637,22,0.07740502804517746,0.35363897681236267,0.2758755087852478,0.13365191221237183,0.24793009636433538,0.011902079825715535,0.23602801653862007,0.45845744371101527
50,scratch,240,0.07318343967199326,0.00020824636158067733,0.9984130859375,0.0015869140625,1,613,18,0.07273533940315247,0.35511165857315063,0.2679891288280487,0.12762285768985748,0.1982267821042214,0.012619187201482515,0.1856075949027388,0.4475965393437239
50,scratch,260,0.06947673857212067,0.00020824636158067733,0.99859619140625,0.00140380859375,1,592,16,0.06907565891742706,0.3547815680503845,0.2617158591747284,0.12816660106182098,0.15928876509152445,0.01307706677611385,0.14621169831541073,0.4410865452816527
50,scratch,280,0.06623420864343643,0.00020824636158067733,0.9986572265625,0.0013427734375,1,571,15,0.06583622097969055,0.36222413182258606,0.2557969391345978,0.12573595345020294,0.12987247285510506,0.01323486523266034,0.11663760762244464,0.44237244701864464
50,scratch,300,0.06331880390644073,0.00020824636158067733,0.99932861328125,0.00067138671875,1,564,8,0.0631299763917923,0.3443906009197235,0.2506590187549591,0.09357713907957077,0.10929708219938306,0.015191944022463667,0.09410513817691946,0.4498036457523288
50,scratch,320,0.0612587034702301,0.00020824636158067733,0.9993896484375,0.0006103515625,1,544,7,0.06108156591653824,0.35131198167800903,0.24678201973438263,0.0936109647154808,0.09355150935899559,0.015396322623169617,0.07815518673582603,0.45605476202829076
50,scratch,340,0.059134796261787415,0.00020824636158067733,0.99951171875,0.00048828125,1,536,7,0.05899171158671379,0.3520200550556183,0.24263937771320343,0.09517732262611389,0.07876990034147724,0.0158241141726494,0.06294578616882796,0.4693842990243159
50,scratch,360,0.05749113857746124,0.00020824636158067733,0.99951171875,0.00048828125,1,519,7,0.05734410136938095,0.3584756851196289,0.2392573356628418,0.09012001752853394,0.0706179373812219,0.0158241141726494,0.05479382320857254,0.48210131163134273
50,scratch,380,0.055872842669487,0.00020824636158067733,0.99969482421875,0.00030517578125,1,512,5,0.055781129747629166,0.3563099503517151,0.23601454496383667,0.05032174661755562,0.06289332269098935,0.016526689747690865,0.046366632943298375,0.49871308346402865
50,scratch,400,0.05492256581783295,0.00020824636158067733,0.99969482421875,0.00030517578125,1,509,5,0.05483056232333183,0.3563099503517151,0.2340800166130066,0.05032174661755562,0.057437001393019216,0.016526689747690865,0.04091031164532833,0.5102108362122838
50,scratch,420,0.053975481539964676,0.00020824636158067733,0.99981689453125,0.00018310546875,1,495,3,0.053920574486255646,0.3537554442882538,0.23215368390083313,0.04302418977022171,0.05346284649586863,0.01705455310467452,0.03640829339119409,0.5236395608378391
50,scratch,440,0.05312565341591835,0.00020824636158067733,0.99993896484375,6.103515625e-05,1,492,1,0.05310839042067528,0.33598506450653076,0.23040997982025146,0.0,0.05187944542577583,0.017671269001666674,0.034208176424109116,0.5365077586763821
50,scratch,460,0.05246751010417938,0.00020824636158067733,0.99993896484375,6.103515625e-05,1,486,1,0.052448321133852005,0.3668055534362793,0.22897949814796448,0.0,0.05002865028674108,0.017671269001666674,0.0323573812850744,0.547976440990826
50,scratch,480,0.05220969766378403,0.00020824636158067733,0.99993896484375,6.103515625e-05,1,485,1,0.05219049006700516,0.3668055534362793,0.22841250896453857,0.0,0.04833095422528544,0.017671269001666674,0.030659685223618633,0.556333541368733
50,scratch,500,0.05140894651412964,0.00020824636158067733,0.99993896484375,6.103515625e-05,1,478,1,0.05138969048857689,0.3668055534362793,0.22667717933654785,0.0,0.046969760624243406,0.017671269001666674,0.029298491622576715,0.5699709518382609
50,scratch,520,0.05110953375697136,0.00020824636158067733,0.99993896484375,6.103515625e-05,1,477,1,0.051090266555547714,0.3668055534362793,0.2260119616985321,0.0,0.04585728303228365,0.017671269001666674,0.0281860140306169,0.5775329024479309
50,scratch,540,0.050631631165742874,0.00020824636158067733,0.99993896484375,6.103515625e-05,1,470,1,0.050612326711416245,0.3668055534362793,0.2249421626329422,0.0,0.04419198710839822,0.017671269001666674,0.02652071810673138,0.5892460368711202
50,scratch,560,0.05042826384305954,0.00020824636158067733,0.99993896484375,6.103515625e-05,1,471,1,0.050408393144607544,0.37596839666366577,0.2244918793439865,0.0,0.043561555794632056,0.017671269001666674,0.02589028679296529,0.5981148473735832
50,scratch,580,0.050073329359292984,0.00020824636158067733,1.0,0.0,1,471,0,0.050073329359292984,nan,0.22376218438148499,nan,0.04272010450969077,0.01808021349759864,0.024639891012092185,0.6086220904842069
50,scratch,600,0.04990632086992264,0.00020824636158067733,1.0,0.0,1,467,0,0.04990632086992264,nan,0.22338563203811646,nan,0.042978344150661485,0.01808021349759864,0.0248981306530629,0.6160291954808802
50,scratch,620,0.04963396117091179,0.00020824636158067733,1.0,0.0,1,463,0,0.04963396117091179,nan,0.22277909517288208,nan,0.04200282111579412,0.01808021349759864,0.023922607618195535,0.622772756659035
50,scratch,640,0.049351081252098083,0.00020824636158067733,1.0,0.0,1,461,0,0.049351081252098083,nan,0.22213973104953766,nan,0.04142508701644232,0.01808021349759864,0.023344873518843734,0.6283693697266447
50,scratch,660,0.04927542433142662,0.00020824636158067733,1.0,0.0,1,461,0,0.04927542433142662,nan,0.2219781130552292,nan,0.04170446787630766,0.01808021349759864,0.023624254378709075,0.6352393743152082
50,scratch,680,0.04913332313299179,0.00020824636158067733,1.0,0.0,1,462,0,0.04913332313299179,nan,0.22165603935718536,nan,0.04149000843627704,0.01808021349759864,0.023409794938678452,0.6408803867095433
50,scratch,700,0.0490180179476738,0.00020824636158067733,1.0,0.0,1,460,0,0.0490180179476738,nan,0.22139745950698853,nan,0.04090720210680132,0.01808021349759864,0.022826988609202736,0.6470664980740569
50,scratch,720,0.049055080860853195,0.00020824636158067733,1.0,0.0,1,459,0,0.049055080860853195,nan,0.2214747965335846,nan,0.041452597390353674,0.01808021349759864,0.02337238389275509,0.652071374170848
50,scratch,740,0.04893697425723076,0.00020824636158067733,1.0,0.0,1,460,0,0.04893697425723076,nan,0.2212119847536087,nan,0.04061239238236425,0.01808021349759864,0.022532178884765663,0.657704028636292
50,scratch,760,0.04885369911789894,0.00020824636158067733,1.0,0.0,1,459,0,0.04885369911789894,nan,0.2210199534893036,nan,0.0401920064907344,0.01808021349759864,0.022111792993135815,0.6596491241077477
50,scratch,780,0.04877275973558426,0.00020824636158067733,1.0,0.0,1,458,0,0.04877275973558426,nan,0.2208215296268463,nan,0.039941140654455864,0.01808021349759864,0.02186092715685728,0.6635091090363151
50,scratch,800,0.04884576424956322,0.00020824636158067733,1.0,0.0,1,456,0,0.04884576424956322,nan,0.2209906280040741,nan,0.03938885500266309,0.01808021349759864,0.021308641505064507,0.6667324403613041
50,scratch,820,0.0486721396446228,0.00020824636158067733,1.0,0.0,1,453,0,0.0486721396446228,nan,0.2206098884344101,nan,0.03951083772718533,0.01808021349759864,0.021430624229586748,0.6723559464596495
50,scratch,840,0.04877118021249771,0.00020824636158067733,1.0,0.0,1,457,0,0.04877118021249771,nan,0.22081463038921356,nan,0.039505669381661335,0.01808021349759864,0.02142545588406275,0.6728488343221418
50,scratch,860,0.04864560440182686,0.00020824636158067733,1.0,0.0,1,457,0,0.04864560440182686,nan,0.22053207457065582,nan,0.038826516735035455,0.01808021349759864,0.02074630323743687,0.6763638406125413
50,scratch,880,0.048511940985918045,0.00020824636158067733,1.0,0.0,1,455,0,0.048511940985918045,nan,0.2202492356300354,nan,0.038497898487740656,0.01808021349759864,0.02041768499014207,0.6818750722165735
50,scratch,900,0.0487234927713871,0.00020824636158067733,1.0,0.0,1,458,0,0.0487234927713871,nan,0.22071346640586853,nan,0.03861853799772774,0.01808021349759864,0.020538324500129157,0.6815589559052772
50,scratch,920,0.04847538471221924,0.00020824636158067733,1.0,0.0,1,459,0,0.04847538471221924,nan,0.22016994655132294,nan,0.03863962638589413,0.01808021349759864,0.020559412888295547,0.6894027392997689
50,scratch,940,0.04871327430009842,0.00020824636158067733,1.0,0.0,1,462,0,0.04871327430009842,nan,0.2206939160823822,nan,0.03856967799966782,0.01808021349759864,0.020489464502069232,0.689535922538855
50,scratch,960,0.04858718439936638,0.00020824636158067733,1.0,0.0,1,460,0,0.04858718439936638,nan,0.2204122096300125,nan,0.038035642435907846,0.01808021349759864,0.01995542893830926,0.6920364958211597
50,scratch,980,0.04889019951224327,0.00020824636158067733,1.0,0.0,1,463,0,0.04889019951224327,nan,0.22107094526290894,nan,0.0385800896912869,0.01808021349759864,0.020499876193688316,0.6887306878277034
50,scratch,1000,0.04862720146775246,0.00020824636158067733,1.0,0.0,1,460,0,0.04862720146775246,nan,0.22050577402114868,nan,0.03821167061706632,0.01808021349759864,0.020131457119467733,0.6927038569126328
50,scratch,1020,0.04864748567342758,0.00020824636158067733,1.0,0.0,1,458,0,0.04864748567342758,nan,0.22055990993976593,nan,0.03826050019434746,0.01808021349759864,0.020180286696748873,0.6950072966799073
50,scratch,1040,0.048689424991607666,0.00020824636158067733,1.0,0.0,1,458,0,0.048689424991607666,nan,0.2206469625234604,nan,0.03793941700879344,0.01808021349759864,0.019859203511194856,0.6951528333599729
50,scratch,1060,0.04854239523410797,0.00020824636158067733,1.0,0.0,1,462,0,0.04854239523410797,nan,0.22032208740711212,nan,0.037844794489693356,0.01808021349759864,0.01976458099209477,0.6959555804866998
50,scratch,1080,0.0487009696662426,0.00020824636158067733,1.0,0.0,1,462,0,0.0487009696662426,nan,0.22067280113697052,nan,0.03779972207140503,0.01808021349759864,0.019719508573806444,0.6948255727408853
50,scratch,1100,0.04873884469270706,0.00020824636158067733,1.0,0.0,1,462,0,0.04873884469270706,nan,0.2207667976617813,nan,0.03788719288441911,0.01808021349759864,0.019806979386820522,0.6997363318011797
50,scratch,1120,0.048810023814439774,0.00020824636158067733,1.0,0.0,1,461,0,0.048810023814439774,nan,0.22092396020889282,nan,0.03735903155048703,0.01808021349759864,0.019278818052888447,0.6958644233752441
50,scratch,1140,0.048843223601579666,0.00020824636158067733,1.0,0.0,1,462,0,0.048843223601579666,nan,0.22099964320659637,nan,0.03699789656112529,0.01808021349759864,0.018917683063526702,0.6960605326173411
50,scratch,1160,0.048771895468235016,0.00020824636158067733,1.0,0.0,1,464,0,0.048771895468235016,nan,0.22083786129951477,nan,0.03669763447415875,0.01808021349759864,0.01861742097656016,0.7055652959613529
50,scratch,1180,0.04890519753098488,0.00020824636158067733,1.0,0.0,1,463,0,0.04890519753098488,nan,0.22114138305187225,nan,0.03693390004647057,0.01808021349759864,0.018853686548871984,0.7056621815579295
50,scratch,1200,0.049075670540332794,0.00020824636158067733,1.0,0.0,1,463,0,0.049075670540332794,nan,0.22149327397346497,nan,0.03693468725415272,0.01808021349759864,0.018854473756554135,0.703041039095044
50,scratch,1220,0.04887281358242035,0.00020824636158067733,1.0,0.0,1,466,0,0.04887281358242035,nan,0.22106844186782837,nan,0.03668605857838969,0.01808021349759864,0.018605845080791106,0.7133013218196741
50,scratch,1240,0.048907794058322906,0.00020824636158067733,1.0,0.0,1,461,0,0.048907794058322906,nan,0.22113394737243652,nan,0.03694687512344075,0.01808021349759864,0.018866661625842163,0.7105583327581574
50,scratch,1260,0.04857981577515602,0.00020824636158067733,1.0,0.0,1,462,0,0.04857981577515602,nan,0.2204074263572693,nan,0.036133326706668356,0.01808021349759864,0.01805311320906977,0.7168719371336213
50,scratch,1280,0.04887088015675545,0.00020824636158067733,1.0,0.0,1,463,0,0.04887088015675545,nan,0.22105634212493896,nan,0.03642131279067229,0.01808021349759864,0.018341099293073704,0.7179789262815778
50,scratch,1300,0.04870808869600296,0.00020824636158067733,1.0,0.0,1,463,0,0.04870808869600296,nan,0.22069840133190155,nan,0.03647018717330042,0.01808021349759864,0.01838997367570183,0.722382775559456
50,scratch,1320,0.04885954409837723,0.00020824636158067733,1.0,0.0,1,466,0,0.04885954409837723,nan,0.2210284024477005,nan,0.036112083973613096,0.01808021349759864,0.01803187047601451,0.7145659038658071
50,scratch,1340,0.04874159395694733,0.00020824636158067733,1.0,0.0,1,466,0,0.04874159395694733,nan,0.22077198326587677,nan,0.03606594357571424,0.01808021349759864,0.017985730078115658,0.7166391200960082
50,scratch,1360,0.04877056926488876,0.00020824636158067733,1.0,0.0,1,464,0,0.04877056926488876,nan,0.2208377867937088,nan,0.03602297263588383,0.01808021349759864,0.017942759138285247,0.7153383628544564
50,scratch,1380,0.04903291165828705,0.00020824636158067733,1.0,0.0,1,467,0,0.04903291165828705,nan,0.22140473127365112,nan,0.036056237899366295,0.01808021349759864,0.01797602440176771,0.705404457025654
50,scratch,1400,0.04892609640955925,0.00020824636158067733,1.0,0.0,1,465,0,0.04892609640955925,nan,0.22117389738559723,nan,0.036146624683361495,0.01808021349759864,0.01806641118576291,0.7087762338712512
50,scratch,1420,0.048825278878211975,0.00020824636158067733,1.0,0.0,1,466,0,0.048825278878211975,nan,0.22096119821071625,nan,0.036069390553358005,0.01808021349759864,0.01798917705575942,0.7175682518288543
50,scratch,1440,0.04893600568175316,0.00020824636158067733,1.0,0.0,1,466,0,0.04893600568175316,nan,0.22118878364562988,nan,0.03602489548230636,0.01808021349759864,0.017944681984707778,0.7113176256031896
50,scratch,1460,0.04882868379354477,0.00020824636158067733,1.0,0.0,1,465,0,0.04882868379354477,nan,0.22096896171569824,nan,0.0361061802179492,0.01808021349759864,0.018025966720350617,0.7157570566130037
50,scratch,1480,0.04867067188024521,0.00020824636158067733,1.0,0.0,1,463,0,0.04867067188024521,nan,0.2206048220396042,nan,0.03561622216530935,0.01808021349759864,0.017536008667710767,0.7183779104823064
50,scratch,1500,0.04881668835878372,0.00020824636158067733,1.0,0.0,1,463,0,0.04881668835878372,nan,0.22092287242412567,nan,0.03563512755518872,0.01808021349759864,0.017554914057590132,0.7167742757598919
50,scratch,1520,0.048635587096214294,0.00020824636158067733,1.0,0.0,1,462,0,0.048635587096214294,nan,0.22053077816963196,nan,0.0357495652062525,0.01808021349759864,0.017669351708653913,0.7214630308087383
50,scratch,1540,0.048743877559900284,0.00020824636158067733,1.0,0.0,1,464,0,0.048743877559900284,nan,0.22077080607414246,nan,0.03569269147575227,0.01808021349759864,0.017612477978153684,0.7192931826654988
50,scratch,1560,0.04870752617716789,0.00020824636158067733,1.0,0.0,1,464,0,0.04870752617716789,nan,0.2206912785768509,nan,0.03579231249042181,0.01808021349759864,0.017712098992823222,0.7210907810665251
50,scratch,1580,0.04906214401125908,0.00020824636158067733,1.0,0.0,1,469,0,0.04906214401125908,nan,0.22149264812469482,nan,0.035063811097835185,0.01808021349759864,0.0169835976002366,0.7099589638389464
50,scratch,1600,0.04921965301036835,0.00020824636158067733,1.0,0.0,1,469,0,0.04921965301036835,nan,0.22182926535606384,nan,0.03561394797744555,0.01808021349759864,0.017533734479846963,0.7049534658369542
50,scratch,1620,0.04889889806509018,0.00020824636158067733,1.0,0.0,1,465,0,0.04889889806509018,nan,0.22112932801246643,nan,0.03481450577984191,0.01808021349759864,0.016734292282243324,0.7161118750670742
50,scratch,1640,0.0491061769425869,0.00020824636158067733,1.0,0.0,1,469,0,0.0491061769425869,nan,0.22157157957553864,nan,0.035325845368980424,0.01808021349759864,0.01724563187138184,0.7134376866458499
50,scratch,1660,0.04897794872522354,0.00020824636158067733,1.0,0.0,1,465,0,0.04897794872522354,nan,0.22130222618579865,nan,0.03519684343356033,0.01808021349759864,0.017116629935961747,0.714948858389764
50,scratch,1680,0.04931960627436638,0.00020824636158067733,1.0,0.0,1,471,0,0.04931960627436638,nan,0.22203902900218964,nan,0.03513332602616259,0.01808021349759864,0.017053112528564007,0.7058030301275015
50,scratch,1700,0.049039218574762344,0.00020824636158067733,1.0,0.0,1,469,0,0.049039218574762344,nan,0.22142855823040009,nan,0.035356993248761626,0.01808021349759864,0.01727677975116304,0.707767904663999
50,scratch,1720,0.04894007742404938,0.00020824636158067733,1.0,0.0,1,467,0,0.04894007742404938,nan,0.2212180197238922,nan,0.035183264975977124,0.01808021349759864,0.01710305147837854,0.7096103383962348
50,scratch,1740,0.0487615205347538,0.00020824636158067733,1.0,0.0,1,464,0,0.0487615205347538,nan,0.2208191454410553,nan,0.03459992629378661,0.01808021349759864,0.016519712796188024,0.7139342907546254
50,scratch,1760,0.0489254891872406,0.00020824636158067733,1.0,0.0,1,469,0,0.0489254891872406,nan,0.2211887389421463,nan,0.03454963028362812,0.01808021349759864,0.016469416786029534,0.7045663553733196
50,scratch,1780,0.04880819469690323,0.00020824636158067733,1.0,0.0,1,470,0,0.04880819469690323,nan,0.220920130610466,nan,0.034825385468330694,0.01808021349759864,0.01674517197073211,0.7021835012498944
50,scratch,1800,0.049250055104494095,0.00020824636158067733,1.0,0.0,1,472,0,0.049250055104494095,nan,0.2218797653913498,nan,0.03463040736843226,0.01808021349759864,0.016550193870833674,0.6880842160833002
50,scratch,1820,0.048788316547870636,0.00020824636158067733,1.0,0.0,1,474,0,0.048788316547870636,nan,0.2208697348833084,nan,0.03365288479854911,0.01808021349759864,0.015572671300950525,0.6997220059281265
50,scratch,1840,0.04909183830022812,0.00020824636158067733,1.0,0.0,1,470,0,0.04909183830022812,nan,0.2215511053800583,nan,0.03435477198964776,0.01808021349759864,0.016274558492049174,0.6970531654085083
50,scratch,1860,0.04929754510521889,0.00020824636158067733,1.0,0.0,1,470,0,0.04929754510521889,nan,0.2220059037208557,nan,0.03449507879141578,0.01808021349759864,0.016414865293817194,0.69112705926884
50,scratch,1880,0.0492539256811142,0.00020824636158067733,1.0,0.0,1,471,0,0.0492539256811142,nan,0.22192059457302094,nan,0.0342708780737766,0.01808021349759864,0.016190664576178015,0.6911489894707504
50,scratch,1900,0.049137700349092484,0.00020824636158067733,1.0,0.0,1,472,0,0.049137700349092484,nan,0.22166617214679718,nan,0.03427922398278582,0.01808021349759864,0.016199010485187237,0.6922959195441966
50,scratch,1920,0.04898552969098091,0.00020824636158067733,1.0,0.0,1,470,0,0.04898552969098091,nan,0.2213171273469925,nan,0.034011553427454544,0.01808021349759864,0.01593133992985596,0.6942993298295935
50,scratch,1940,0.04905116558074951,0.00020824636158067733,1.0,0.0,1,470,0,0.04905116558074951,nan,0.22147095203399658,nan,0.03391750074680289,0.01808021349759864,0.0158372872492043,0.6998821746389897
50,scratch,1960,0.04883483424782753,0.00020824636158067733,1.0,0.0,1,471,0,0.04883483424782753,nan,0.22097525000572205,nan,0.03342220788928074,0.01808021349759864,0.015341994391682157,0.6988641100403786
50,scratch,1980,0.04929586499929428,0.00020824636158067733,1.0,0.0,1,476,0,0.04929586499929428,nan,0.2219982147216797,nan,0.033556651047739194,0.01808021349759864,0.01547643755014061,0.6899202257415912
50,scratch,2000,0.04896310344338417,0.00020824636158067733,1.0,0.0,1,472,0,0.04896310344338417,nan,0.2212672084569931,nan,0.03299376801461307,0.01808021349759864,0.014913554517014482,0.6944761872225375
50,mle,0,0.8590648174285889,0.00020824636158067733,0.778564453125,0.221435546875,2,1335,959,0.9044234156608582,0.6995844841003418,0.7381370663642883,0.6700583696365356,14.323799483583763,0.3759634316734207,13.947836051910343,2.0613150745200275
50,mle,100,0.05790242552757263,0.00020824636158067733,0.9820556640625,0.0179443359375,2,556,131,0.0536787174642086,0.28905731439590454,0.23160429298877716,0.2292243391275406,0.052392635581973934,2.0078355873221903e-08,0.05239261550361809,0.06245480990103014
50,mle,200,0.05653685703873634,0.00020824636158067733,0.981689453125,0.018310546875,2,556,164,0.05230603739619255,0.28336530923843384,0.22854368388652802,0.26161643862724304,0.03589086775919981,4.352996780999376e-06,0.03588651476241884,0.046604701194812415
50,mle,300,0.05775635316967964,0.00020824636158067733,0.9803466796875,0.0196533203125,2,551,168,0.05325140431523323,0.28247207403182983,0.23008495569229126,0.27121707797050476,0.033154486002068495,8.300148235925548e-05,0.03307148451970921,0.04412319760806194
50,mle,400,0.05621211975812912,0.00020824636158067733,0.97943115234375,0.02056884765625,2,539,186,0.05130944028496742,0.28966405987739563,0.225438192486763,0.28581875562667847,0.04012879907551081,0.00019069400476136788,0.03993810507074947,0.04893888498256482
50,mle,500,0.055973440408706665,0.00020824636158067733,0.9815673828125,0.0184326171875,2,538,170,0.05171504244208336,0.28274011611938477,0.22712086141109467,0.2709612250328064,0.027132342788000585,7.462581939157958e-06,0.027124880206061436,0.04170257821599288
50,mle,600,0.05730125680565834,0.00020824636158067733,0.98046875,0.01953125,2,557,176,0.05287886783480644,0.27930548787117004,0.22939689457416534,0.2753753960132599,0.02735969507940439,7.188708721435713e-05,0.027287807992189907,0.040952629497698845
50,mle,700,0.055664461106061935,0.00020824636158067733,0.98175048828125,0.01824951171875,2,549,169,0.05147235095500946,0.2811834514141083,0.22568368911743164,0.2664965093135834,0.029873736021009734,3.10873486873925e-06,0.02987062728614093,0.04438367861505166
50,mle,800,0.05544634163379669,0.00020824636158067733,0.98126220703125,0.01873779296875,2,541,177,0.051228903234004974,0.27630576491355896,0.22632183134555817,0.26897066831588745,0.021034113924734754,1.8828181612866486e-05,0.021015285743121795,0.03374168473303352
50,mle,900,0.05576486885547638,0.00020824636158067733,0.9818115234375,0.0181884765625,2,542,167,0.05170502886176109,0.2749142348766327,0.22736136615276337,0.26675862073898315,0.01774601866073766,2.0723988331725865e-06,0.017743946261904276,0.03017829752272727
50,mle,1000,0.053769465535879135,0.00020824636158067733,0.982177734375,0.017822265625,2,535,168,0.049719784408807755,0.27694568037986755,0.22282376885414124,0.26524728536605835,0.01885464936659531,2.594987545213379e-07,0.018854389867840736,0.03253003423808176
50,mle,1100,0.05494062602519989,0.00020824636158067733,0.981201171875,0.018798828125,2,539,180,0.050716713070869446,0.2754068672657013,0.225176602602005,0.27090099453926086,0.017746210738742718,2.1711737380420175e-05,0.01772449900136213,0.03163609000396017
50,mle,1200,0.05578264966607094,0.00020824636158067733,0.98138427734375,0.01861572265625,2,552,176,0.05171465501189232,0.2702391445636749,0.2274080216884613,0.2638712525367737,0.01647628618248831,1.3669544643492315e-05,0.016462616637844856,0.02905759981578948
50,mle,1300,0.05463261157274246,0.00020824636158067733,0.9832763671875,0.0167236328125,2,545,165,0.05095505341887474,0.2708570063114166,0.22570106387138367,0.25777214765548706,0.017465758967055933,4.143069361497087e-05,0.017424328273440898,0.030269993826297914
50,mle,1400,0.05494429171085358,0.00020824636158067733,0.98052978515625,0.01947021484375,2,544,170,0.05074155330657959,0.2665964365005493,0.22464317083358765,0.25540414452552795,0.02308205143364006,6.662139467352867e-05,0.023015430038966445,0.03699268757984309
50,mle,1500,0.05794708430767059,0.00020824636158067733,0.982421875,0.017578125,2,560,162,0.054230887442827225,0.26564106345176697,0.23229177296161652,0.24934349954128265,0.02550786059892829,3.2979323590162516e-06,0.0255045626665695,0.0396078503042393
50,mle,1600,0.05504434555768967,0.00020824636158067733,0.981201171875,0.018798828125,2,551,174,0.050955742597579956,0.26844823360443115,0.2254844307899475,0.2544216811656952,0.01602337301320489,2.1711737380420175e-05,0.01600166127582439,0.030226322131713723
50,mle,1700,0.057286106050014496,0.00020824636158067733,0.9810791015625,0.0189208984375,2,558,172,0.053213413804769516,0.26846206188201904,0.23066431283950806,0.25574758648872375,0.017100094439420843,2.8084097143130397e-05,0.017072010342277653,0.02916144263938103
50,mle,1800,0.05299941822886467,0.00020824636158067733,0.982177734375,0.017822265625,2,523,162,0.04922880232334137,0.26079654693603516,0.2214968204498291,0.24174398183822632,0.022548239088983735,2.594987545213379e-07,0.02254797959022923,0.039616003072953654
50,mle,1900,0.05377461016178131,0.00020824636158067733,0.9820556640625,0.0179443359375,2,526,170,0.050002239644527435,0.26022860407829285,0.22359433770179749,0.24401110410690308,0.013700718074879603,2.0078355873221903e-08,0.013700697996523637,0.028513591533485205
50,mle,2000,0.054590631276369095,0.00020824636158067733,0.98065185546875,0.01934814453125,2,530,174,0.05052093416452408,0.26086121797561646,0.22473694384098053,0.24231991171836853,0.015873778698924923,5.667600809658056e-05,0.015817102690828175,0.029661625711671413
50,mle,2100,0.055369313806295395,0.00020824636158067733,0.9825439453125,0.0174560546875,2,543,164,0.05161650478839874,0.266602486371994,0.22622919082641602,0.24854141473770142,0.0261622248728699,6.108554543226717e-06,0.026156116318326667,0.04119104806224849
50,mle,2200,0.05505891889333725,0.00020824636158067733,0.9814453125,0.0185546875,2,548,177,0.05117358639836311,0.2605723440647125,0.22604802250862122,0.23876015841960907,0.014071856487326784,1.1395766658824406e-05,0.014060460720668036,0.028927337888237425
50,mle,2300,0.05539476126432419,0.00020824636158067733,0.9833984375,0.0166015625,2,537,159,0.05196402966976166,0.25861528515815735,0.22759173810482025,0.23940250277519226,0.0159004313174691,5.045225118897423e-05,0.015849979066280075,0.030814446036604104
50,mle,2400,0.05442720651626587,0.00020824636158067733,0.97906494140625,0.02093505859375,2,531,184,0.05002551153302193,0.26028040051460266,0.2235449254512787,0.239913210272789,0.014956532839470071,0.0002455252335546833,0.01471100760591559,0.028613816612707788
50,mle,2500,0.05641797184944153,0.00020824636158067733,0.97882080078125,0.02117919921875,2,552,196,0.0518454983830452,0.2677401602268219,0.22761090099811554,0.24900461733341217,0.016841304292221082,0.0002857214424065008,0.016555582849814718,0.028050997629836538
50,mle,2600,0.05687408521771431,0.00020824636158067733,0.9786376953125,0.0213623046875,2,537,176,0.05237710848450661,0.2628869116306305,0.22816526889801025,0.2384406477212906,0.02610366611062176,0.00031775725274641245,0.025785908857875295,0.04144361546125064
50,mle,2700,0.05556792765855789,0.00020824636158067733,0.98095703125,0.01904296875,2,544,175,0.051666442304849625,0.2565442621707916,0.22726771235466003,0.23678337037563324,0.011773204336542165,3.5259201314548306e-05,0.01173794513522775,0.026198365980892313
50,mle,2800,0.05431113392114639,0.00020824636158067733,0.98150634765625,0.01849365234375,2,533,177,0.05028568580746651,0.2679522931575775,0.22406736016273499,0.24280107021331787,0.016823426689562382,9.326558295211533e-06,0.016814100131267246,0.03040579636646934
50,mle,2900,0.055991511791944504,0.00020824636158067733,0.98309326171875,0.01690673828125,2,548,167,0.05249477177858353,0.2593201994895935,0.2284398376941681,0.2378777712583542,0.01858377068148087,2.9595436466173632e-05,0.018554175245014737,0.03170564668900833
50,mle,3000,0.054056018590927124,0.00020824636158067733,0.9820556640625,0.0179443359375,2,540,162,0.05029624328017235,0.2598205804824829,0.22406668961048126,0.23649948835372925,0.01230102441351022,2.0078355873221903e-08,0.012301004335154318,0.027855800436302425
50,mle,3100,0.05537963658571243,0.00020824636158067733,0.98126220703125,0.01873779296875,2,543,178,0.0513782724738121,0.26492342352867126,0.22664916515350342,0.2449253797531128,0.01267441870023589,1.8828181612866486e-05,0.012655590518623045,0.027095090045552106
50,mle,3200,0.05519440397620201,0.00020824636158067733,0.98150634765625,0.01849365234375,2,542,182,0.05136130005121231,0.2586272358894348,0.22658319771289825,0.2389315664768219,0.013974942820105696,9.326558295211533e-06,0.01396561626181056,0.027044382485403085
50,mle,3300,0.056220438331365585,0.00020824636158067733,0.98199462890625,0.01800537109375,2,544,174,0.0521685890853405,0.2772044241428375,0.22817198932170868,0.2524965703487396,0.020177536767924664,2.1781680963674785e-07,0.02017731895111518,0.033028171012776775
50,mle,3400,0.052829109132289886,0.00020824636158067733,0.98150634765625,0.01849365234375,2,521,181,0.04870787262916565,0.2715536653995514,0.22060610353946686,0.24532200396060944,0.017420695847441436,9.326558295211533e-06,0.01741136928914628,0.03285951346399296
50,mle,3500,0.05585522949695587,0.00020824636158067733,0.98101806640625,0.01898193359375,2,552,178,0.05198782682418823,0.255729079246521,0.22771312296390533,0.23571348190307617,0.013832061355252279,3.1571623112962256e-05,0.013800489732139315,0.02858647285094984
50,mle,3600,0.054288867861032486,0.00020824636158067733,0.98211669921875,0.01788330078125,2,543,165,0.050602853298187256,0.2567176818847656,0.2249474823474884,0.23334982991218567,0.010949717856611585,3.3736234420838295e-08,0.010949684120377386,0.02634323912272729
50,mle,3700,0.056787680834531784,0.00020824636158067733,0.98199462890625,0.01800537109375,2,562,158,0.05313199758529663,0.25616517663002014,0.23039096593856812,0.23568016290664673,0.012421124505827663,2.1781680963674785e-07,0.01242090668901822,0.027725498483707534
50,mle,3800,0.05513254180550575,0.00020824636158067733,0.98193359375,0.01806640625,2,541,173,0.05143597349524498,0.25604644417762756,0.2265944629907608,0.2340153455734253,0.013561575579124963,6.262480897856301e-07,0.013560949331035048,0.02808579133190714
50,mle,3900,0.05420180410146713,0.00020824636158067733,0.98175048828125,0.01824951171875,2,537,171,0.050474781543016434,0.25470060110092163,0.22456954419612885,0.22961701452732086,0.010599189758259797,3.10873486873925e-06,0.01059608102339101,0.026348261861787514
50,mle,4000,0.05442830175161362,0.00020824636158067733,0.97991943359375,0.02008056640625,2,533,177,0.050269342958927155,0.25738298892974854,0.22420762479305267,0.2383037954568863,0.014809555163274979,0.0001279618721456966,0.014681593291129365,0.02968265973388251
50,mle,4100,0.05541117489337921,0.00020824636158067733,0.98114013671875,0.01885986328125,2,540,171,0.051514916121959686,0.2581048309803009,0.2269086092710495,0.23200884461402893,0.012979436411306722,2.479725625097271e-05,0.012954639155055668,0.027908670069084374
50,mle,4200,0.05564654618501663,0.00020824636158067733,0.98193359375,0.01806640625,2,551,166,0.05200054123997688,0.2538120448589325,0.22782470285892487,0.23183974623680115,0.012475923133216327,6.262480897856301e-07,0.012475296885126618,0.026891758738858962
50,mle,4300,0.05630149692296982,0.00020824636158067733,0.98065185546875,0.01934814453125,2,542,174,0.0523352324962616,0.2573295533657074,0.22837737202644348,0.2357514500617981,0.01781772514387825,5.667600809658056e-05,0.017761049135781633,0.032066111686365084
50,mle,4400,0.054673947393894196,0.00020824636158067733,0.980712890625,0.019287109375,2,534,176,0.05071832984685898,0.25581011176109314,0.22500167787075043,0.23424667119979858,0.012997948681196192,5.199752074048114e-05,0.01294595116045562,0.026363732701358722
50,mle,4500,0.054689690470695496,0.00020824636158067733,0.98101806640625,0.01898193359375,2,542,173,0.050714895129203796,0.2601136267185211,0.22487880289554596,0.23713253438472748,0.018231355054204812,3.1571623112962256e-05,0.018199783431091805,0.03070835235186886
50,mle,4600,0.052153341472148895,0.00020824636158067733,0.98187255859375,0.01812744140625,2,515,159,0.04840090498328209,0.25540411472320557,0.21987158060073853,0.22592894732952118,0.014701491083734197,1.2446734454653178e-06,0.014700246410288836,0.029306685618141537
50,mle,4700,0.05448038876056671,0.00020824636158067733,0.98150634765625,0.01849365234375,2,527,172,0.050650350749492645,0.2577502727508545,0.22479790449142456,0.2376079559326172,0.014443214902904344,9.326558295211533e-06,0.014433888344609194,0.027172639719285407
50,mle,4800,0.05381067097187042,0.00020824636158067733,0.98309326171875,0.01690673828125,2,534,152,0.05038807541131973,0.2528277337551117,0.22379915416240692,0.22631488740444183,0.017875664445647033,2.9595436466173632e-05,0.017846069009180766,0.034308527094910723
50,mle,4900,0.05306216701865196,0.00020824636158067733,0.9814453125,0.0185546875,2,526,171,0.04914790019392967,0.26010653376579285,0.22149872779846191,0.2357768714427948,0.01414224148921761,1.1395766658824406e-05,0.014130845722558861,0.02907299182035994
50,mle,5000,0.05263315886259079,0.00020824636158067733,0.982177734375,0.017822265625,2,526,164,0.04900652542710304,0.25249525904655457,0.22099711000919342,0.2276410013437271,0.013800923538120458,2.594987545213379e-07,0.013800664039365976,0.030266997863438783
50,warm,0,0.05263315886259079,0.00020824636158067733,0.982177734375,0.017822265625,2,526,164,0.04900652542710304,0.25249525904655457,0.22099711000919342,0.2276410013437271,0.013800923538120458,2.594987545213379e-07,0.013800664039365976,0.030266997863438783
50,warm,20,0.053689464926719666,0.00020824636158067733,0.98248291015625,0.01751708984375,2,535,165,0.05013458430767059,0.2530723810195923,0.2238975614309311,0.22890010476112366,0.008218193346884561,4.59501435601771e-06,0.008213598332528358,0.02456330822380759
50,warm,40,0.05372324958443642,0.00020824636158067733,0.9827880859375,0.0172119140625,2,537,164,0.050233665853738785,0.2529758810997009,0.22409453988075256,0.22933752834796906,0.008127694112964434,1.4342242928365662e-05,0.008113351870035972,0.024440428235468326
50,warm,60,0.05329436808824539,0.00020824636158067733,0.98321533203125,0.01678466796875,2,534,154,0.049890924245119095,0.25266212224960327,0.2233477383852005,0.22831057012081146,0.008454972572700115,3.726014047560934e-05,0.00841771243222455,0.024442082431707868
50,warm,80,0.05356065556406975,0.00020824636158067733,0.9833984375,0.0166015625,2,537,153,0.05020039156079292,0.25260674953460693,0.2240303009748459,0.22880831360816956,0.007713825762230897,5.045225118897423e-05,0.007663373511041819,0.024237008816928474
50,warm,100,0.05329247564077377,0.00020824636158067733,0.98333740234375,0.01666259765625,2,539,158,0.04990910366177559,0.2529609799385071,0.22337846457958221,0.2289595752954483,0.008369510826206294,4.5827791944071106e-05,0.008323683034262175,0.024353316396375058
50,warm,120,0.05365312471985817,0.00020824636158067733,0.98358154296875,0.01641845703125,2,542,158,0.050325896590948105,0.2529774606227875,0.2243133932352066,0.22926855087280273,0.008510278436197893,6.569804208159894e-05,0.008444580394116288,0.024176278625165915
50,warm,140,0.05332671105861664,0.00020824636158067733,0.9837646484375,0.0162353515625,2,539,156,0.0500434935092926,0.2522698938846588,0.2236870378255844,0.22732679545879364,0.008162920436198817,8.302003100521126e-05,0.008079900405193675,0.024281215148878155
50,warm,160,0.053389836102724075,0.00020824636158067733,0.9833984375,0.0166015625,2,537,158,0.05002446100115776,0.25273844599723816,0.22363734245300293,0.22826743125915527,0.007591837253322353,5.045225118897423e-05,0.007541385002133303,0.024385642246418038
50,warm,180,0.053238432854413986,0.00020824636158067733,0.98333740234375,0.01666259765625,2,538,156,0.04988490790128708,0.25114551186561584,0.22334541380405426,0.22515852749347687,0.007899459895462257,4.5827791944071106e-05,0.007853632103518264,0.02426468503174173
50,warm,200,0.05344951152801514,0.00020824636158067733,0.98297119140625,0.01702880859375,2,534,159,0.050006087869405746,0.2522176504135132,0.22361929714679718,0.22747646272182465,0.00782304935292899,2.282727163631479e-05,0.007800222081292597,0.024028431202825495
50,warm,220,0.05373741313815117,0.00020824636158067733,0.9830322265625,0.0169677734375,2,539,161,0.05031227692961693,0.2521740198135376,0.22427888214588165,0.22785671055316925,0.007815755663806101,2.6099683558122454e-05,0.007789655980248003,0.024083292119687294
50,warm,240,0.0530802346765995,0.00020824636158067733,0.98309326171875,0.01690673828125,2,534,157,0.04965950548648834,0.2519887089729309,0.22282567620277405,0.22692012786865234,0.0078014860557331644,2.9595436466173632e-05,0.007771890619266973,0.024300329693435097
50,warm,260,0.05349664390087128,0.00020824636158067733,0.98284912109375,0.01715087890625,2,529,159,0.05003957822918892,0.25160735845565796,0.22368057072162628,0.22669297456741333,0.007902494995697396,1.694932961073751e-05,0.007885545666086766,0.023981824859876988
50,warm,280,0.05328761413693428,0.00020824636158067733,0.983154296875,0.016845703125,2,537,152,0.049874767661094666,0.2524690628051758,0.22328847646713257,0.22771446406841278,0.00786877744413772,3.331532273338398e-05,0.007835462121404409,0.02450622266835334
50,warm,300,0.053250446915626526,0.00020824636158067733,0.98309326171875,0.01690673828125,2,535,157,0.0498301163315773,0.2521360516548157,0.22319795191287994,0.2274540811777115,0.008133561765326647,2.9595436466173632e-05,0.008103966328860467,0.02430634022377698
50,warm,320,0.05323793366551399,0.00020824636158067733,0.98321533203125,0.01678466796875,2,532,156,0.04985761269927025,0.25125062465667725,0.2232808768749237,0.2257174849510193,0.007371054998849047,3.726014047560934e-05,0.007333794858373439,0.02396517291410627
50,warm,340,0.05316365510225296,0.00020824636158067733,0.98321533203125,0.01678466796875,2,530,154,0.04978998377919197,0.2507871687412262,0.22312909364700317,0.22419843077659607,0.007322046011005057,3.726014047560934e-05,0.0072847858705295965,0.02417199232943157
50,warm,360,0.0532999262213707,0.00020824636158067733,0.98297119140625,0.01702880859375,2,536,160,0.04986456781625748,0.2516025900840759,0.22327983379364014,0.2261093407869339,0.007517795522481663,2.282727163631479e-05,0.007494968250845325,0.024340477081498002
50,warm,380,0.05349224433302879,0.00020824636158067733,0.98260498046875,0.01739501953125,2,537,169,0.0499785915017128,0.2519703209400177,0.2235468477010727,0.22760717570781708,0.007716432257630856,7.839296277005687e-06,0.007708592961354002,0.023774593588970938
50,warm,400,0.05301246792078018,0.00020824636158067733,0.9830322265625,0.0169677734375,2,531,158,0.04956916719675064,0.25250059366226196,0.22262008488178253,0.2268063873052597,0.007640882097085466,2.6099683558122454e-05,0.007614782413527229,0.024572948394709138
50,warm,420,0.053729407489299774,0.00020824636158067733,0.982666015625,0.017333984375,2,537,164,0.05022332817316055,0.2524898648262024,0.2240954488515854,0.22842709720134735,0.007536706318397535,9.787988131962572e-06,0.00752691833026551,0.023648043411160224
50,warm,440,0.05337756499648094,0.00020824636158067733,0.9835205078125,0.0164794921875,2,535,151,0.05008615553379059,0.24981412291526794,0.22378386557102203,0.2224196344614029,0.007738556218292558,6.038654539865522e-05,0.007678169672893877,0.024159529057871887
50,warm,460,0.05333253741264343,0.00020824636158067733,0.9833984375,0.0166015625,2,525,153,0.05000145733356476,0.2506498694419861,0.22360245883464813,0.22460126876831055,0.0076849433464403205,5.045225118897423e-05,0.007634491095251285,0.024050659507995342
50,warm,480,0.05321352928876877,0.00020824636158067733,0.9832763671875,0.0167236328125,2,527,152,0.04986404627561569,0.25014790892601013,0.22326968610286713,0.22379539906978607,0.007590530331263778,4.143069361497087e-05,0.00754909963764882,0.024142808448889164
50,warm,500,0.05302523821592331,0.00020824636158067733,0.9835205078125,0.0164794921875,2,533,151,0.049720991402864456,0.25022751092910767,0.22296752035617828,0.22370865941047668,0.007158624525082757,6.038654539865522e-05,0.007098237979683995,0.024164126226171256
50,warm,520,0.053460974246263504,0.00020824636158067733,0.98321533203125,0.01678466796875,2,538,158,0.050081104040145874,0.25144749879837036,0.2237793356180191,0.22604438662528992,0.0070130896130748965,3.726014047560934e-05,0.006975829472599404,0.023833304607908112
50,warm,540,0.053201109170913696,0.00020824636158067733,0.9833984375,0.0166015625,2,534,156,0.04987391084432602,0.2502884864807129,0.22330322861671448,0.2234451174736023,0.0069905801867307105,5.045225118897423e-05,0.006940127935541746,0.024056285998742433
50,warm,560,0.05348078906536102,0.00020824636158067733,0.98333740234375,0.01666259765625,2,537,155,0.05015427991747856,0.24979381263256073,0.22393806278705597,0.22289329767227173,0.00726373215749021,4.5827791944071106e-05,0.0072179043655461825,0.023706039683677127
50,warm,580,0.05356082692742348,0.00020824636158067733,0.98382568359375,0.01617431640625,2,534,155,0.05032430961728096,0.250426322221756,0.22430141270160675,0.2240830808877945,0.0070758617223063425,8.925936948101171e-05,0.006986602352825261,0.023707342058262193
50,warm,600,0.05307387188076973,0.00020824636158067733,0.98382568359375,0.01617431640625,2,533,152,0.049825217574834824,0.2506777346134186,0.22320818901062012,0.22466808557510376,0.006601519824663171,8.925936948101171e-05,0.0065122604551823855,0.023713592658825555
50,warm,620,0.05299565941095352,0.00020824636158067733,0.98333740234375,0.01666259765625,2,536,157,0.04963285103440285,0.25145065784454346,0.22275173664093018,0.226499542593956,0.008126784756505856,4.5827791944071106e-05,0.008080956964561735,0.024099367402161342
50,warm,640,0.053140927106142044,0.00020824636158067733,0.98382568359375,0.01617431640625,2,534,147,0.0499090850353241,0.2497221976518631,0.22338108718395233,0.22239500284194946,0.007715973144705401,8.925936948101171e-05,0.007626713775224464,0.024200061584199184
50,warm,660,0.05354921147227287,0.00020824636158067733,0.9835205078125,0.0164794921875,2,540,153,0.050263047218322754,0.24967221915721893,0.2241772711277008,0.22259362041950226,0.006902858156728087,6.038654539865522e-05,0.006842471611329471,0.023649368006519844
50,warm,680,0.05325443670153618,0.00020824636158067733,0.98345947265625,0.01654052734375,2,539,157,0.0499451719224453,0.2500153183937073,0.22346554696559906,0.22335627675056458,0.00733045635589491,5.530489307641051e-05,0.007275151462818552,0.023858117864367423
50,warm,700,0.05340100824832916,0.00020824636158067733,0.9835205078125,0.0164794921875,2,535,155,0.05009499192237854,0.25070881843566895,0.22381511330604553,0.22463104128837585,0.007731798490759445,6.038654539865522e-05,0.0076714119453608785,0.02367557558384059
50,warm,720,0.05340612679719925,0.00020824636158067733,0.9830322265625,0.0169677734375,2,533,156,0.04998452216386795,0.25163766741752625,0.22354461252689362,0.22693446278572083,0.007711393758846441,2.6099683558122454e-05,0.007685294075288187,0.023844288509937805
50,warm,740,0.053087010979652405,0.00020824636158067733,0.98345947265625,0.01654052734375,2,533,150,0.049762167036533356,0.2507745027542114,0.22306296229362488,0.22427606582641602,0.007735067993245082,5.530489307641051e-05,0.007679763100168732,0.024031968191340902
50,warm,760,0.05311879515647888,0.00020824636158067733,0.9833984375,0.0166015625,2,532,159,0.04981192201375961,0.24900226294994354,0.22317913174629211,0.22037166357040405,0.007782623084686691,5.045225118897423e-05,0.007732170833497643,0.023937166567268187
50,warm,780,0.05350399762392044,0.00020824636158067733,0.98309326171875,0.01690673828125,2,536,162,0.05011264234781265,0.25070464611053467,0.22383934259414673,0.2242555022239685,0.007987117103958497,2.9595436466173632e-05,0.007957521667492268,0.02386809816445956
50,warm,800,0.05337250605225563,0.00020824636158067733,0.9832763671875,0.0167236328125,2,534,154,0.05002950504422188,0.24992595613002777,0.22365429997444153,0.22280266880989075,0.0076914571620463335,4.143069361497087e-05,0.007650026468431401,0.023862581045907327
50,warm,820,0.053139496594667435,0.00020824636158067733,0.98272705078125,0.01727294921875,2,530,161,0.04964544251561165,0.2519299387931824,0.22279688715934753,0.22720913589000702,0.00799584543729992,1.1955383956733937e-05,0.007983890053343354,0.02387512625930166
50,warm,840,0.05334266647696495,0.00020824636158067733,0.98382568359375,0.01617431640625,2,540,151,0.05013709142804146,0.24832656979560852,0.22389540076255798,0.21936330199241638,0.006725782259501045,8.925936948101171e-05,0.006636522890020262,0.023819815964745694
50,warm,860,0.0533423088490963,0.00020824636158067733,0.9832763671875,0.0167236328125,2,532,155,0.04999404400587082,0.2502056658267975,0.22357654571533203,0.2233886420726776,0.0069527500747526005,4.143069361497087e-05,0.006911319381137551,0.02386947650004212
50,warm,880,0.05379706248641014,0.00020824636158067733,0.9835205078125,0.0164794921875,2,531,153,0.0505068302154541,0.2501627504825592,0.22470661997795105,0.22244609892368317,0.008347711365978228,6.038654539865522e-05,0.008287324820579554,0.024577253316894976
50,warm,900,0.05319871008396149,0.00020824636158067733,0.98345947265625,0.01654052734375,2,528,152,0.049890682101249695,0.24988619983196259,0.2233414351940155,0.2227945327758789,0.006836269574897358,5.530489307641051e-05,0.006780964681820951,0.023898500418656377
50,warm,920,0.05320355296134949,0.00020824636158067733,0.98394775390625,0.01605224609375,2,534,160,0.05000533536076546,0.2492435872554779,0.22359728813171387,0.22057735919952393,0.006721838777785649,0.0001024412439107193,0.006619397533874937,0.02402391291318262
50,warm,940,0.053181327879428864,0.00020824636158067733,0.9833984375,0.0166015625,2,533,155,0.049869466572999954,0.249360591173172,0.2233007252216339,0.22175957262516022,0.007130422353121446,5.045225118897423e-05,0.007079970101932436,0.023944430366757197
50,warm,960,0.0531124472618103,0.00020824636158067733,0.9832763671875,0.0167236328125,2,528,157,0.049765344709157944,0.2499077171087265,0.22306720912456512,0.22267645597457886,0.007210118114208797,4.143069361497087e-05,0.007168687420593709,0.02395012186818557
50,warm,980,0.05322721600532532,0.00020824636158067733,0.983642578125,0.016357421875,2,530,149,0.04995358735322952,0.25008487701416016,0.22347712516784668,0.2230331152677536,0.006975515614804806,7.124022325379347e-05,0.006904275391550981,0.024129587102581618
50,warm,1000,0.05327927693724632,0.00020824636158067733,0.98309326171875,0.01690673828125,2,532,160,0.04988405480980873,0.25070464611053467,0.22330521047115326,0.22430641949176788,0.007974862397723825,2.9595436466173632e-05,0.00794526696125753,0.024409381142251996
50,warm,1020,0.05301178991794586,0.00020824636158067733,0.9832763671875,0.0167236328125,2,534,159,0.049681685864925385,0.24880722165107727,0.2228560745716095,0.219862699508667,0.00752562800354184,4.143069361497087e-05,0.007484197309926787,0.024348820392990356
50,warm,1040,0.05318177118897438,0.00020824636158067733,0.98236083984375,0.01763916015625,2,526,165,0.04961641505360603,0.2517438530921936,0.22272413969039917,0.22613298892974854,0.007466028757526999,2.2165703591080135e-06,0.007463812187167986,0.024298380566253663
50,warm,1060,0.053258687257766724,0.00020824636158067733,0.98248291015625,0.01751708984375,2,533,161,0.049740422517061234,0.25058797001838684,0.22302237153053284,0.22441427409648895,0.007365253637736657,4.59501435601771e-06,0.007360658623380386,0.023767140563652256
50,warm,1080,0.053497422486543655,0.00020824636158067733,0.982666015625,0.017333984375,2,530,164,0.050025686621665955,0.25031059980392456,0.22365738451480865,0.22354571521282196,0.007003436971181998,9.787988131962572e-06,0.006993648983049982,0.02367481411122052
50,warm,1100,0.05354958772659302,0.00020824636158067733,0.9832763671875,0.0167236328125,2,536,157,0.050220925360918045,0.24926020205020905,0.22408922016620636,0.22149167954921722,0.007201959393761115,4.143069361497087e-05,0.007160528700146151,0.02367589842535589
50,warm,1120,0.05329985171556473,0.00020824636158067733,0.9832763671875,0.0167236328125,2,528,155,0.04997118189930916,0.24901093542575836,0.22351740300655365,0.22039511799812317,0.007161449808528175,4.143069361497087e-05,0.007120019114913198,0.024044242782767733
50,warm,1140,0.05341612920165062,0.00020824636158067733,0.9832763671875,0.0167236328125,2,528,154,0.05008266866207123,0.24940913915634155,0.22377941012382507,0.2207687944173813,0.007049746957100922,4.143069361497087e-05,0.007008316263485894,0.023978789439499715
50,warm,1160,0.05362612381577492,0.00020824636158067733,0.9830322265625,0.0169677734375,2,532,155,0.05021291598677635,0.25137099623680115,0.22406800091266632,0.22563551366329193,0.007968784368323156,2.6099683558122454e-05,0.00794268468476503,0.024401798619439696
50,warm,1180,0.0532061830163002,0.00020824636158067733,0.984130859375,0.015869140625,2,533,148,0.05005728825926781,0.24848617613315582,0.2236994057893753,0.21954208612442017,0.006525266813888209,0.0001239852322368019,0.006401281581651511,0.02438586163836798
50,warm,1200,0.05332386866211891,0.00020824636158067733,0.98370361328125,0.01629638671875,2,537,151,0.0500839501619339,0.2488958239555359,0.22379028797149658,0.22079995274543762,0.007348160834418138,7.701393531436536e-05,0.007271146899103816,0.023725914805911352
50,warm,1220,0.05282561480998993,0.00020824636158067733,0.983154296875,0.016845703125,2,528,155,0.04944968968629837,0.24985241889953613,0.22232720255851746,0.22264324128627777,0.007112484047148371,3.331532273338398e-05,0.0070791687244148695,0.024881360521905926
50,warm,1240,0.05339691787958145,0.00020824636158067733,0.98321533203125,0.01678466796875,2,536,157,0.05004211887717247,0.24991479516029358,0.22367531061172485,0.22295981645584106,0.0069236245255623885,3.726014047560934e-05,0.006886364385086882,0.023990057329431047
50,warm,1260,0.05300073325634003,0.00020824636158067733,0.98345947265625,0.01654052734375,2,530,153,0.04971496760845184,0.24836471676826477,0.22294753789901733,0.21912990510463715,0.006757351235329168,5.530489307641051e-05,0.006702046342252668,0.024159857065317092
50,warm,1280,0.05324411019682884,0.00020824636158067733,0.98291015625,0.01708984375,2,529,162,0.04980186000466347,0.25122272968292236,0.22315599024295807,0.22571320831775665,0.007250395145284472,1.9777414010556317e-05,0.007230617731274018,0.023859087109233124
50,warm,1300,0.05314132571220398,0.00020824636158067733,0.9832763671875,0.0167236328125,2,533,149,0.04980070888996124,0.2495550960302353,0.22314001619815826,0.2218460887670517,0.006746889012184454,4.143069361497087e-05,0.006705458318569488,0.024164871415198186
50,warm,1320,0.05360257253050804,0.00020824636158067733,0.983154296875,0.016845703125,2,535,152,0.050243061035871506,0.2496713250875473,0.22412548959255219,0.2221633642911911,0.007965030905516812,3.331532273338398e-05,0.007931715582783414,0.024022212703787127
50,warm,1340,0.05330130085349083,0.00020824636158067733,0.9830322265625,0.0169677734375,2,532,157,0.04991305246949196,0.2496001422405243,0.2234102487564087,0.22189010679721832,0.007425658732437057,2.6099683558122454e-05,0.007399559048878805,0.023773708636074198
50,warm,1360,0.053488850593566895,0.00020824636158067733,0.9830322265625,0.0169677734375,2,533,163,0.050099294632673264,0.24986381828784943,0.22381523251533508,0.22209857404232025,0.00726191909799212,2.6099683558122454e-05,0.007235819414433972,0.023910604236082045
50,warm,1380,0.053597092628479004,0.00020824636158067733,0.9830322265625,0.0169677734375,2,537,155,0.05022212490439415,0.24912670254707336,0.2240772545337677,0.22110344469547272,0.006862221103993704,2.6099683558122454e-05,0.006836121420435589,0.023807911297555884
50,warm,1400,0.0532255619764328,0.00020824636158067733,0.9833984375,0.0166015625,2,525,151,0.04990803822875023,0.24974031746387482,0.2233881950378418,0.22176150977611542,0.007322359437431203,5.045225118897423e-05,0.00727190718624226,0.0238818036966425
50,warm,1420,0.05337381362915039,0.00020824636158067733,0.9833984375,0.0166015625,2,531,160,0.0500837080180645,0.24826419353485107,0.22377926111221313,0.21911434829235077,0.006926193979062134,5.045225118897423e-05,0.006875741727873178,0.023723652550618035
50,warm,1440,0.05333726480603218,0.00020824636158067733,0.98333740234375,0.01666259765625,2,527,163,0.05001913011074066,0.24915610253810883,0.22363299131393433,0.2210952192544937,0.00644271786605799,4.5827791944071106e-05,0.006396890074113876,0.023573326362313574
50,warm,1460,0.05292549729347229,0.00020824636158067733,0.9833984375,0.0166015625,2,531,148,0.049629583954811096,0.24816007912158966,0.2227546125650406,0.2188529521226883,0.00750069833903666,5.045225118897423e-05,0.007450246087847588,0.02388536294231225
50,warm,1480,0.05352841317653656,0.00020824636158067733,0.98291015625,0.01708984375,2,529,160,0.0501018650829792,0.25060391426086426,0.2238280028104782,0.22439084947109222,0.00696508700658427,1.9777414010556317e-05,0.006945309592573688,0.02350789898693828
50,warm,1500,0.05332888290286064,0.00020824636158067733,0.982666015625,0.017333984375,2,528,160,0.049868352711200714,0.24950693547725677,0.22328665852546692,0.2220855951309204,0.006898580090101802,9.787988131962572e-06,0.0068887921019699025,0.023688531008449254
50,warm,1520,0.053618211299180984,0.00020824636158067733,0.9827880859375,0.0172119140625,2,532,157,0.05020273104310036,0.24863961338996887,0.22404660284519196,0.22016586363315582,0.006571342703146854,1.4342242928365662e-05,0.006557000460218287,0.023449127221030985
50,warm,1540,0.05327025428414345,0.00020824636158067733,0.98333740234375,0.01666259765625,2,535,155,0.04995599761605263,0.24886015057563782,0.22348517179489136,0.22024370729923248,0.007139211135118728,4.5827791944071106e-05,0.0070933833431746415,0.02388992823464131
50,warm,1560,0.053057413548231125,0.00020824636158067733,0.98297119140625,0.01702880859375,2,528,153,0.04966016486287117,0.24916034936904907,0.22283919155597687,0.22146658599376678,0.007065225407323794,2.282727163631479e-05,0.007042398135687495,0.02365152639024226
50,warm,1580,0.05333531275391579,0.00020824636158067733,0.98236083984375,0.01763916015625,2,529,157,0.04977426677942276,0.2516573965549469,0.22307997941970825,0.226972758769989,0.007479352934943506,2.2165703591080135e-06,0.007477136364584505,0.0237788598321661
50,warm,1600,0.05328560620546341,0.00020824636158067733,0.9827880859375,0.0172119140625,2,530,157,0.04983818158507347,0.2501313090324402,0.2232382744550705,0.22289922833442688,0.007283281695173116,1.4342242928365662e-05,0.007268939452244616,0.023827690668187906
50,warm,1620,0.05347033590078354,0.00020824636158067733,0.983154296875,0.016845703125,2,531,161,0.05011843144893646,0.2490948736667633,0.2238571047782898,0.22117967903614044,0.006942335487302387,3.331532273338398e-05,0.006909020164568874,0.02368163580897298
50,warm,1640,0.053472988307476044,0.00020824636158067733,0.9830322265625,0.0169677734375,2,533,157,0.05010317265987396,0.2487042397260666,0.22377069294452667,0.22039523720741272,0.007828504174732132,2.6099683558122454e-05,0.007802404491173943,0.024090368781546467
50,warm,1660,0.05329678952693939,0.00020824636158067733,0.9833984375,0.0166015625,2,536,156,0.04997234791517258,0.2502211034297943,0.22351430356502533,0.22222116589546204,0.00670947250929288,5.045225118897423e-05,0.006659020258103945,0.024161303336515894
50,warm,1680,0.053006865084171295,0.00020824636158067733,0.9837646484375,0.0162353515625,2,530,143,0.049766846001148224,0.2493325173854828,0.22307181358337402,0.2203705608844757,0.0074550291903605626,8.302003100521126e-05,0.007372009159355308,0.02432229390317142
50,warm,1700,0.0535864494740963,0.00020824636158067733,0.98382568359375,0.01617431640625,2,532,152,0.05035356059670448,0.25023141503334045,0.22439512610435486,0.22323442995548248,0.0067048199855079815,8.925936948101171e-05,0.006615560616027049,0.0236927167286215
50,warm,1720,0.053303882479667664,0.00020824636158067733,0.98370361328125,0.01629638671875,2,535,157,0.05006074532866478,0.24907052516937256,0.22371849417686462,0.2208162397146225,0.0073443689108998456,7.701393531436536e-05,0.007267354975585516,0.023682251034845003
50,warm,1740,0.05321234464645386,0.00020824636158067733,0.9833984375,0.0166015625,2,530,149,0.04991356283426285,0.24861638247966766,0.22339114546775818,0.2199961245059967,0.006891039156663226,5.045225118897423e-05,0.006840586905474111,0.023664511733588633
50,warm,1760,0.05338450148701668,0.00020824636158067733,0.98333740234375,0.01666259765625,2,529,154,0.05006793141365051,0.24911032617092133,0.2237183004617691,0.22101463377475739,0.007569764187984163,4.5827791944071106e-05,0.007523936396040171,0.023837204492085484
50,warm,1780,0.05316171795129776,0.00020824636158067733,0.982666015625,0.017333984375,2,533,162,0.049691300839185715,0.2498999834060669,0.22289608418941498,0.22286610305309296,0.007144003699259827,9.787988131962572e-06,0.007134215711127857,0.023722553808258717
50,warm,1800,0.05356958881020546,0.00020824636158067733,0.98236083984375,0.01763916015625,2,531,155,0.05004028230905533,0.2501240372657776,0.22369453310966492,0.22367896139621735,0.0071208427472910785,2.2165703591080135e-06,0.007118626176932008,0.023211979220579715
50,warm,1820,0.053441744297742844,0.00020824636158067733,0.98272705078125,0.01727294921875,2,530,157,0.04997468367218971,0.25069665908813477,0.2235327959060669,0.22414667904376984,0.007522440719377244,1.1955383956733937e-05,0.007510485335420683,0.023670263065216468
50,warm,1840,0.0534747838973999,0.00020824636158067733,0.9827880859375,0.0172119140625,2,531,161,0.05004733055830002,0.2491801679134369,0.22370338439941406,0.2213091403245926,0.0062395563656636455,1.4342242928365662e-05,0.0062252141227350614,0.02348078590941649
50,warm,1860,0.053155459463596344,0.00020824636158067733,0.98333740234375,0.01666259765625,2,530,160,0.049810558557510376,0.25055357813835144,0.22315609455108643,0.223554328083992,0.006930159063095687,4.5827791944071106e-05,0.006884331271151542,0.02401875040297663
50,warm,1880,0.0531340092420578,0.00020824636158067733,0.9832763671875,0.0167236328125,2,527,159,0.04979853704571724,0.24924500286579132,0.22309835255146027,0.22144712507724762,0.008233549146289931,4.143069361497087e-05,0.008192118452674865,0.024113868531205562
50,warm,1900,0.053245704621076584,0.00020824636158067733,0.98333740234375,0.01666259765625,2,532,152,0.0499301441013813,0.2489120215177536,0.22342701256275177,0.22055377066135406,0.006917857783456327,4.5827791944071106e-05,0.0068720299915123444,0.023902219495287036
50,warm,1920,0.053460508584976196,0.00020824636158067733,0.982666015625,0.017333984375,2,529,158,0.04997317120432854,0.2511582672595978,0.22352582216262817,0.2259082943201065,0.007994240186427248,9.787988131962572e-06,0.007984452198295197,0.023689417809439228
50,warm,1940,0.05332603305578232,0.00020824636158067733,0.98333740234375,0.01666259765625,2,531,155,0.05001995339989662,0.2484329789876938,0.22363373637199402,0.21983928978443146,0.007367982747574331,4.5827791944071106e-05,0.00732215495563018,0.023420260455825237
50,warm,1960,0.05339506268501282,0.00020824636158067733,0.98345947265625,0.01654052734375,2,532,151,0.05008082464337349,0.2504517734050751,0.22375687956809998,0.2240152657032013,0.007359804440248752,5.530489307641051e-05,0.007304499547172407,0.0237625226734256
50,warm,1980,0.05313592404127121,0.00020824636158067733,0.98345947265625,0.01654052734375,2,531,149,0.04984151944518089,0.2490132451057434,0.22321172058582306,0.22086437046527863,0.007529834067291574,5.530489307641051e-05,0.007474529174215107,0.024083783486932853
50,warm,2000,0.05294095724821091,0.00020824636158067733,0.9833984375,0.0166015625,2,534,150,0.04964070022106171,0.24843263626098633,0.2227962464094162,0.21908798813819885,0.007006737796665163,5.045225118897423e-05,0.006956285545476228,0.023996696007745677
51,scratch,0,0.8036784529685974,0.00020824636158067733,0.57659912109375,0.42340087890625,2,1292,1076,0.6153594851493835,1.0601364374160767,0.6150924563407898,0.570644199848175,12.988567691041872,1.031961967946962,11.95660572309491,2.1410955731487067
51,scratch,20,0.5811717510223389,0.00020824636158067733,0.654296875,0.345703125,2,1246,997,0.45757126808166504,0.8151048421859741,0.5697121024131775,0.5169090628623962,8.614050617469012,0.7574891637602358,7.856561453708776,1.7471643514697663
51,scratch,40,0.41613832116127014,0.00020824636158067733,0.7227783203125,0.2772216796875,2,1183,858,0.3403933644294739,0.61362224817276,0.5233587026596069,0.458815336227417,5.486057174432254,0.5377333745379059,4.948323799894348,1.397653853674203
51,scratch,60,0.30077415704727173,0.00020824636158067733,0.78131103515625,0.21868896484375,2,1094,699,0.2560594081878662,0.46052655577659607,0.4768275022506714,0.3966065049171448,3.393945509277465,0.3684417140815174,3.025503795195948,1.1072246737682891
51,scratch,80,0.22363193333148956,0.00020824636158067733,0.83154296875,0.16845703125,2,984,533,0.1945197582244873,0.36733636260032654,0.42991000413894653,0.33975285291671753,2.09035891854338,0.23913133964543318,1.8512275788979469,0.8712524461159067
51,scratch,100,0.176512211561203,0.00020824636158067733,0.877197265625,0.122802734375,2,895,396,0.15617913007736206,0.3217542767524719,0.39208751916885376,0.29037055373191833,1.3772629949055144,0.1372957445248509,1.2399672503806634,0.6946872111809373
51,scratch,120,0.1459248960018158,0.00020824636158067733,0.91278076171875,0.08721923828125,2,811,287,0.13080143928527832,0.3041974604129791,0.3609648048877716,0.24773333966732025,0.9717293473661002,0.0712393700086017,0.9004899773574984,0.5664559924414082
51,scratch,140,0.125736266374588,0.00020824636158067733,0.9385986328125,0.0614013671875,2,747,217,0.11418820917606354,0.30226317048072815,0.3373352587223053,0.2151985615491867,0.7325039308836594,0.033117978212160025,0.6993859526714997,0.4778673494808775
51,scratch,160,0.10971865057945251,0.00020824636158067733,0.96075439453125,0.03924560546875,2,694,156,0.10180594772100449,0.30342602729797363,0.31794121861457825,0.1893385946750641,0.5591123556189004,0.009675855365027367,0.5494365002538731,0.4169570493838567
51,scratch,180,0.09762802720069885,0.00020824636158067733,0.97369384765625,0.02630615234375,2,648,121,0.09195097535848618,0.3077582120895386,0.3018837571144104,0.1687086671590805,0.43511781407888606,0.0017493778961878512,0.43336843618269827,0.3735427675426056
51,scratch,200,0.08832410722970963,0.00020824636158067733,0.9815673828125,0.0184326171875,2,621,94,0.0840948149561882,0.3135412931442261,0.28868740797042847,0.1509895771741867,0.3453149595772729,7.462581939157958e-06,0.3453074969953337,0.34570538666659767
51,scratch,220,0.08123788237571716,0.00020824636158067733,0.98638916015625,0.01361083984375,2,594,79,0.07796306163072586,0.3185670077800751,0.2780657410621643,0.1416267603635788,0.2806490212098751,0.0005743751255401787,0.28007464608433463,0.3299856776145337
51,scratch,240,0.07533033192157745,0.00020824636158067733,0.98974609375,0.01025390625,2,578,63,0.07272089272737503,0.32720398902893066,0.2686666250228882,0.1356779783964157,0.23096116793040977,0.001970623434164021,0.22899054449624556,0.32376053046093356
51,scratch,260,0.07094816863536835,0.00020824636158067733,0.9920654296875,0.0079345703125,1,560,53,0.068878673017025,0.32969918847084045,0.2617828845977783,0.1291920393705368,0.19339936825073067,0.003570543514880652,0.18982882473585,0.31971377634974696
51,scratch,280,0.06745412945747375,0.00020824636158067733,0.99346923828125,0.00653076171875,1,544,46,0.06570418924093246,0.3336573839187622,0.2559354603290558,0.12039190530776978,0.1660265140819419,0.004861456796432804,0.16116505728550926,0.31977953614179777
51,scratch,300,0.06425696611404419,0.00020824636158067733,0.99462890625,0.00537109375,1,532,43,0.06277968734502792,0.337821364402771,0.2502330541610718,0.12343938648700714,0.14506045226172404,0.006155579938786347,0.13890487232293774,0.32566466019554563
51,scratch,320,0.061639223247766495,0.00020824636158067733,0.99609375,0.00390625,1,526,33,0.06055228039622307,0.33880937099456787,0.2458065301179886,0.11612573266029358,0.1311626853932566,0.008160922938703897,0.12300176245455272,0.3339862662912513
51,scratch,340,0.059761207550764084,0.00020824636158067733,0.99652099609375,0.00347900390625,1,507,32,0.05878564342856407,0.33920007944107056,0.242278590798378,0.11983097344636917,0.11866451462284289,0.008842120974838564,0.1098223936480043,0.3406836135334036
51,scratch,360,0.05815380811691284,0.00020824636158067733,0.9970703125,0.0029296875,1,496,25,0.05733083188533783,0.3382410705089569,0.2393145114183426,0.11957487463951111,0.11061410878775035,0.009796493227251513,0.10081761556049867,0.3479804917376189
51,scratch,380,0.05653572827577591,0.00020824636158067733,0.9976806640625,0.0023193359375,1,491,23,0.05586717650294304,0.3441176116466522,0.2363022118806839,0.12190601229667664,0.1027375234118253,0.0109797279176558,0.09175779549416942,0.3556184105698069
51,scratch,400,0.05485955998301506,0.00020824636158067733,0.99798583984375,0.00201416015625,1,490,21,0.05427374690771103,0.34512266516685486,0.23289966583251953,0.12181642651557922,0.09612297240547463,0.011629539663434005,0.08449343274204069,0.36509429572535945
51,scratch,420,0.05401100963354111,0.00020824636158067733,0.99810791015625,0.00189208984375,1,481,21,0.05346231535077095,0.343455046415329,0.2311580777168274,0.12050098180770874,0.09030297577574942,0.011902079825715535,0.07840089595003386,0.369572022857685
51,scratch,440,0.05322265625,0.00020824636158067733,0.99822998046875,0.00177001953125,1,481,20,0.052704356610774994,0.3455212712287903,0.22950764000415802,0.11755447089672089,0.08583340441710874,0.012182515893963852,0.0736508885231449,0.37461510933710296
51,scratch,460,0.052332617342472076,0.00020824636158067733,0.998291015625,0.001708984375,1,474,19,0.051826294511556625,0.34809309244155884,0.2276124358177185,0.11899009346961975,0.0831779215661399,0.012325862044967707,0.07085205952117207,0.3794041594162284
51,scratch,480,0.051851026713848114,0.00020824636158067733,0.99853515625,0.00146484375,1,476,16,0.051422491669654846,0.3439677953720093,0.2266654372215271,0.11214178055524826,0.08117084253191109,0.012921926589247994,0.06824891594266311,0.38216286525195964
51,scratch,500,0.05125804618000984,0.00020824636158067733,0.9986572265625,0.0013427734375,1,470,16,0.05086202174425125,0.3457915484905243,0.22545135021209717,0.11694201081991196,0.07819947035769559,0.01323486523266034,0.06496460512503519,0.38687130565151373
51,scratch,520,0.050885431468486786,0.00020824636158067733,0.9986572265625,0.0013427734375,1,470,15,0.0504879429936409,0.34651097655296326,0.22453197836875916,0.1178947389125824,0.07582036645927559,0.01323486523266034,0.06258550122661534,0.3899938808324098
51,scratch,540,0.05015421286225319,0.00020824636158067733,0.9989013671875,0.0010986328125,1,464,12,0.04982319846749306,0.35111764073371887,0.22318513691425323,0.12347350269556046,0.07431519996335822,0.013895240014235026,0.06041995994912334,0.39277285250929916
51,scratch,560,0.049657173454761505,0.00020824636158067733,0.9990234375,0.0009765625,1,458,12,0.049366749823093414,0.3467618227005005,0.22213970124721527,0.12016903609037399,0.072790262136742,0.01424515492627651,0.05854510721046555,0.39311620215514476
51,scratch,580,0.04931902140378952,0.00020824636158067733,0.99908447265625,0.00091552734375,1,459,13,0.04904697462916374,0.3462029993534088,0.2214379459619522,0.12040624767541885,0.07129456238927645,0.014425731348846376,0.05686883104043025,0.39532164342446985
51,scratch,600,0.04899948462843895,0.00020824636158067733,0.99908447265625,0.00091552734375,1,454,13,0.048722151666879654,0.35164517164230347,0.22071725130081177,0.1284976303577423,0.06969031401259684,0.014425731348846376,0.055264582663750624,0.3965570096486065
51,scratch,620,0.04893552511930466,0.00020824636158067733,0.99908447265625,0.00091552734375,1,457,12,0.04865828529000282,0.35147857666015625,0.2204952985048294,0.12652331590652466,0.06887258547086361,0.014425731348846376,0.05444685412201732,0.39548314521445926
51,scratch,640,0.04858578369021416,0.00020824636158067733,0.9991455078125,0.0008544921875,1,453,12,0.04833180457353592,0.3455643653869629,0.2198154628276825,0.11665452271699905,0.06745636888100393,0.014610383529989673,0.052845985351014056,0.396122295228199
51,scratch,660,0.04825703799724579,0.00020824636158067733,0.99920654296875,0.00079345703125,1,454,10,0.04801506921648979,0.3529651463031769,0.21912172436714172,0.11764518171548843,0.0672661519131097,0.014799402808402525,0.05246674910470726,0.3971837681317286
51,scratch,680,0.04821259528398514,0.00020824636158067733,0.999267578125,0.000732421875,1,454,9,0.04799139127135277,0.35000696778297424,0.21904221177101135,0.11574625968933105,0.06575343607274675,0.014993125468266161,0.050760310604480434,0.39653977665941265
51,scratch,700,0.048076748847961426,0.00020824636158067733,0.999267578125,0.000732421875,1,450,10,0.04785391688346863,0.3520894944667816,0.21872805058956146,0.11260508000850677,0.06461569765834696,0.014993125468266161,0.0496225721900807,0.39765210203106316
51,scratch,720,0.0479172021150589,0.00020824636158067733,0.99932861328125,0.00067138671875,1,450,9,0.047719091176986694,0.34280040860176086,0.21842963993549347,0.08146382868289948,0.0634230418292745,0.015191944022463667,0.048231097806810966,0.39705863584160606
51,scratch,740,0.04803977906703949,0.00020824636158067733,0.99932861328125,0.00067138671875,1,453,9,0.047841496765613556,0.34317901730537415,0.2186651974916458,0.0826384425163269,0.062180233770241955,0.015191944022463667,0.046988289747778425,0.39449795844186364
51,scratch,760,0.04818681627511978,0.00020824636158067733,0.99932861328125,0.00067138671875,1,453,8,0.04799050837755203,0.34037718176841736,0.2189188450574875,0.0821370929479599,0.06175828801516303,0.015191944022463667,0.04656634399269936,0.3926832410076916
51,scratch,780,0.048113398253917694,0.00020824636158067733,0.99932861328125,0.00067138671875,1,455,8,0.04791399464011192,0.3449207544326782,0.21873699128627777,0.08858878165483475,0.06075722829719865,0.015191944022463667,0.04556528427473518,0.3913669473847424
51,scratch,800,0.047989748418331146,0.00020824636158067733,0.99932861328125,0.00067138671875,1,452,8,0.04779026657342911,0.3449207544326782,0.21849703788757324,0.08858878165483475,0.05909515482218097,0.015191944022463667,0.04390321079971749,0.38873143833982093
51,scratch,820,0.04781008139252663,0.00020824636158067733,0.99932861328125,0.00067138671875,1,449,8,0.04760833457112312,0.3481012284755707,0.21816609799861908,0.0893624946475029,0.058384444681188086,0.015191944022463667,0.0431925006587245,0.3856297524914428
51,scratch,840,0.047767069190740585,0.00020824636158067733,0.99932861328125,0.00067138671875,1,453,8,0.047565288841724396,0.3481012284755707,0.21807874739170074,0.0893624946475029,0.05759232110741408,0.015191944022463667,0.04240037708495041,0.3831275575946368
51,scratch,860,0.047834839671850204,0.00020824636158067733,0.99932861328125,0.00067138671875,1,453,8,0.0476338230073452,0.3470410704612732,0.21822714805603027,0.07906225323677063,0.056697641426772805,0.015191944022463667,0.04150569740430931,0.38154065272167126
51,scratch,880,0.047889240086078644,0.00020824636158067733,0.99932861328125,0.00067138671875,1,450,8,0.04768800735473633,0.34741970896720886,0.21831442415714264,0.07906225323677063,0.055733949702890584,0.015191944022463667,0.040542005680427096,0.378839672776596
51,scratch,900,0.04792218655347824,0.00020824636158067733,0.99932861328125,0.00067138671875,1,454,8,0.047718629240989685,0.35090309381484985,0.218392014503479,0.08095519989728928,0.05467533328938856,0.015191944022463667,0.03948338926692491,0.37828366834648686
51,scratch,920,0.04791399836540222,0.00020824636158067733,0.99932861328125,0.00067138671875,1,455,8,0.04771018773317337,0.3512817323207855,0.21838325262069702,0.08061433583498001,0.05354658683810243,0.015191944022463667,0.03835464281563891,0.37716120095931027
51,scratch,940,0.04795060306787491,0.00020824636158067733,0.99932861328125,0.00067138671875,1,451,8,0.047748953104019165,0.3481012284755707,0.2184719741344452,0.08078494668006897,0.053473385451262345,0.015191944022463667,0.03828144142879885,0.3738419220178205
51,scratch,960,0.04804399609565735,0.00020824636158067733,0.99945068359375,0.00054931640625,1,457,8,0.04788069427013397,0.34514787793159485,0.21877865493297577,0.0877055898308754,0.05306052450051624,0.01560681868050127,0.03745370582001511,0.372592901571554
51,scratch,980,0.048051513731479645,0.00020824636158067733,0.99945068359375,0.00054931640625,1,458,8,0.04788776487112045,0.34598085284233093,0.21879851818084717,0.08933205902576447,0.05227229202883876,0.01560681868050127,0.036665473348337536,0.37148268528901307
51,scratch,1000,0.04810550808906555,0.00020824636158067733,0.99951171875,0.00048828125,1,455,8,0.047959525138139725,0.346917986869812,0.2189403921365738,0.10292980819940567,0.05076177259635273,0.0158241141726494,0.0349376584237034,0.3698679343731076
51,scratch,1020,0.04802294075489044,0.00020824636158067733,0.99951171875,0.00048828125,1,453,8,0.04787692055106163,0.346917986869812,0.21877530217170715,0.10292980819940567,0.049518341438862024,0.0158241141726494,0.03369422726621278,0.36992534790690323
51,scratch,1040,0.04797591269016266,0.00020824636158067733,0.99951171875,0.00048828125,1,450,8,0.047829870134592056,0.346917986869812,0.21868398785591125,0.10292980819940567,0.04940854856996424,0.0158241141726494,0.03358443439731504,0.36881956161298357
51,scratch,1060,0.048010583966970444,0.00020824636158067733,0.99951171875,0.00048828125,1,450,8,0.047863852232694626,0.34837570786476135,0.21876074373722076,0.10242276638746262,0.04886839795673126,0.0158241141726494,0.03304428378408193,0.3676221445791473
51,scratch,1080,0.04829997196793556,0.00020824636158067733,0.99951171875,0.00048828125,1,457,8,0.04815337806940079,0.34837570786476135,0.21933607757091522,0.10242276638746262,0.04820144520655134,0.0158241141726494,0.032377331033902106,0.36440439217469456
51,scratch,1100,0.048521291464567184,0.00020824636158067733,0.99945068359375,0.00054931640625,1,457,9,0.048354797065258026,0.35144156217575073,0.21974419057369232,0.11826217919588089,0.04868444960467144,0.01560681868050127,0.0330776309241702,0.36068335887896164
51,scratch,1120,0.0483524315059185,0.00020824636158067733,0.9996337890625,0.0003662109375,1,457,5,0.04824446514248848,0.34306541085243225,0.21956732869148254,0.10647942870855331,0.04753165083840116,0.016282764324321835,0.03124888651407916,0.36307667455614345
51,scratch,1140,0.04827676713466644,0.00020824636158067733,0.99969482421875,0.00030517578125,1,459,5,0.04818741977214813,0.34098297357559204,0.2194831371307373,0.10195915400981903,0.046525713340280106,0.016526689747690865,0.029999023592589217,0.3624897483757398
51,scratch,1160,0.04833575710654259,0.00020824636158067733,0.9996337890625,0.0003662109375,1,457,6,0.048226408660411835,0.3468138873577118,0.21956446766853333,0.11743317544460297,0.046136097975441714,0.016282764324321835,0.029853333651119897,0.36051895588818506
51,scratch,1180,0.04836376756429672,0.00020824636158067733,0.9996337890625,0.0003662109375,1,459,5,0.04825254902243614,0.35195061564445496,0.2196074277162552,0.11802279949188232,0.04573803212425531,0.016282764324321835,0.029455267799933495,0.3596478081387634
51,scratch,1200,0.04848197475075722,0.00020824636158067733,0.9996337890625,0.0003662109375,1,464,5,0.04837080091238022,0.35195061564445496,0.21984785795211792,0.11802279949188232,0.045388528808153694,0.016282764324321835,0.029105764483831766,0.35936731405010713
51,scratch,1220,0.04822349175810814,0.00020824636158067733,0.99969482421875,0.00030517578125,1,463,4,0.048132240772247314,0.34714704751968384,0.21938544511795044,0.10325804352760315,0.044957437654566945,0.016526689747690865,0.02843074790687608,0.3615291681569236
51,scratch,1240,0.048303525894880295,0.00020824636158067733,0.9996337890625,0.0003662109375,1,464,5,0.04819227382540703,0.35195061564445496,0.21950677037239075,0.11802279949188232,0.04497375802767323,0.016282764324321835,0.02869099370335134,0.35924773757935535
51,scratch,1260,0.04847119003534317,0.00020824636158067733,0.9996337890625,0.0003662109375,1,464,5,0.04836001992225647,0.35195061564445496,0.21988938748836517,0.11802279949188232,0.044897732274158386,0.016282764324321835,0.028614967949836548,0.35787883167424506
51,scratch,1280,0.04869571328163147,0.00020824636158067733,0.9996337890625,0.0003662109375,1,467,5,0.04858461394906044,0.35195061564445496,0.2203681468963623,0.11802279949188232,0.044542503943567624,0.016282764324321835,0.028259739619245813,0.3552110939496945
51,scratch,1300,0.04861228168010712,0.00020824636158067733,0.9996337890625,0.0003662109375,1,461,5,0.048501156270504,0.35195061564445496,0.22020061314105988,0.11802279949188232,0.04411068903592508,0.016282764324321835,0.027827924711603134,0.3542477529924529
51,scratch,1320,0.048729971051216125,0.00020824636158067733,0.99969482421875,0.00030517578125,1,461,5,0.04863811284303665,0.3496460020542145,0.22051239013671875,0.12646476924419403,0.04342840344198606,0.016526689747690865,0.026901713694295115,0.3524516833428809
51,scratch,1340,0.04885875806212425,0.00020824636158067733,0.9996337890625,0.0003662109375,1,463,5,0.04874762147665024,0.3522282540798187,0.2207224816083908,0.11564625799655914,0.04284332516564149,0.016282764324321835,0.026560560841319657,0.35099234576111693
51,scratch,1360,0.0488295704126358,0.00020824636158067733,0.99969482421875,0.00030517578125,1,461,5,0.04873764142394066,0.3499791920185089,0.22071094810962677,0.12487395107746124,0.042200445023091504,0.016526689747690865,0.025673755275400664,0.35203825988785165
51,scratch,1380,0.04881803318858147,0.00020824636158067733,0.99969482421875,0.00030517578125,1,464,5,0.048726096749305725,0.3499791920185089,0.2206505686044693,0.12487395107746124,0.042494682391598815,0.016526689747690865,0.025967992643907915,0.35121188432160333
51,scratch,1400,0.04884817823767662,0.00020824636158067733,0.99969482421875,0.00030517578125,1,461,5,0.04875427111983299,0.3564765155315399,0.22077831625938416,0.12162990123033524,0.04242306223769532,0.016526689747690865,0.025896372490004482,0.35175490538015064
51,scratch,1420,0.048746295273303986,0.00020824636158067733,0.99969482421875,0.00030517578125,1,462,5,0.04865046590566635,0.3626405894756317,0.22056487202644348,0.12162990123033524,0.04181368897862825,0.016526689747690865,0.025286999230937378,0.3510988596105765
51,scratch,1440,0.04888885095715523,0.00020824636158067733,0.99969482421875,0.00030517578125,1,464,5,0.0487949512898922,0.3564765155315399,0.22087180614471436,0.12162990123033524,0.041666869765514036,0.016526689747690865,0.02514018001782311,0.3473659344315113
51,scratch,1460,0.04899495840072632,0.00020824636158067733,0.99969482421875,0.00030517578125,1,464,4,0.04890195652842522,0.35364434123039246,0.22107063233852386,0.11252284049987793,0.04068042732998123,0.016526689747690865,0.024153737582290294,0.34253496428638963
51,scratch,1480,0.04888305813074112,0.00020824636158067733,0.99969482421875,0.00030517578125,1,459,5,0.04878814518451691,0.35980847477912903,0.22087696194648743,0.11252284795045853,0.040561053494649,0.016526689747690865,0.024034363746958155,0.3425355512451663
51,scratch,1500,0.04888473451137543,0.00020824636158067733,0.99969482421875,0.00030517578125,1,462,5,0.04878895729780197,0.3626405894756317,0.22087883949279785,0.12162990123033524,0.04025624718652665,0.016526689747690865,0.023729557438835685,0.3440158687596725
51,scratch,1520,0.048995617777109146,0.00020824636158067733,0.99969482421875,0.00030517578125,1,466,5,0.048899877816438675,0.3626405894756317,0.22112905979156494,0.12162990123033524,0.03980163712568441,0.016526689747690865,0.02327494737799342,0.34350471645368297
51,scratch,1540,0.049421265721321106,0.00020824636158067733,0.99969482421875,0.00030517578125,1,469,5,0.049325648695230484,0.3626405894756317,0.22203396260738373,0.12162990123033524,0.040117131815541995,0.016526689747690865,0.023590442067851145,0.3363426988368904
51,scratch,1560,0.049389034509658813,0.00020824636158067733,0.99969482421875,0.00030517578125,1,471,5,0.04929294437170029,0.36413997411727905,0.2219649851322174,0.12433915585279465,0.03953606665910314,0.016526689747690865,0.02300937691141226,0.33604570198142236
51,scratch,1580,0.049101319164037704,0.00020824636158067733,0.99969482421875,0.00030517578125,1,468,5,0.04900515452027321,0.36413997411727905,0.2213558703660965,0.12433915585279465,0.03825088855975167,0.016526689747690865,0.021724198812060776,0.33755541165075764
51,scratch,1600,0.04917407035827637,0.00020824636158067733,0.99969482421875,0.00030517578125,1,474,5,0.049077924340963364,0.36413997411727905,0.2214878797531128,0.12433915585279465,0.03804464628066029,0.016526689747690865,0.021517956532969385,0.3378036886285575
51,scratch,1620,0.0491199791431427,0.00020824636158067733,0.99969482421875,0.00030517578125,1,473,5,0.049023814499378204,0.36413997411727905,0.22139640152454376,0.12433915585279465,0.0370036508831717,0.016526689747690865,0.02047696113548072,0.33753939899972674
51,scratch,1640,0.049280233681201935,0.00020824636158067733,0.99969482421875,0.00030517578125,1,474,5,0.04918411746621132,0.36413997411727905,0.22174236178398132,0.12433915585279465,0.03665217840917734,0.016526689747690865,0.020125488661486432,0.3343464575307028
51,scratch,1660,0.04935191571712494,0.00020824636158067733,0.99969482421875,0.00030517578125,1,475,5,0.049255821853876114,0.36413997411727905,0.22191432118415833,0.12433915585279465,0.03679650622526509,0.016526689747690865,0.020269816477574174,0.3338281936164297
51,scratch,1680,0.049253687262535095,0.00020824636158067733,0.999755859375,0.000244140625,1,474,4,0.04917721077799797,0.3624323606491089,0.22173598408699036,0.13498730957508087,0.03555342915952764,0.016782908639644593,0.018770520519882847,0.33482363014693173
51,scratch,1700,0.04934199899435043,0.00020824636158067733,0.999755859375,0.000244140625,1,474,4,0.0492655411362648,0.3624323606491089,0.2219146192073822,0.13498730957508087,0.03500806664688838,0.016782908639644593,0.018225158007243707,0.33390307259171303
51,scratch,1720,0.04907792806625366,0.00020824636158067733,0.999755859375,0.000244140625,1,472,4,0.048999521881341934,0.370137482881546,0.22135548293590546,0.13460107147693634,0.034971506771590555,0.016782908639644593,0.018188598131945875,0.3354285382672263
51,scratch,1740,0.049380794167518616,0.00020824636158067733,0.999755859375,0.000244140625,1,474,4,0.04930434376001358,0.3624323606491089,0.22202904522418976,0.13498730957508087,0.034529971104539925,0.016782908639644593,0.017747062464895106,0.33448661553186165
51,scratch,1760,0.04938938468694687,0.00020824636158067733,0.999755859375,0.000244140625,1,474,4,0.04931105673313141,0.370137482881546,0.22203153371810913,0.13460107147693634,0.033990444331912784,0.016782908639644593,0.017207535692268006,0.3325203572974008
51,scratch,1780,0.04917910695075989,0.00020824636158067733,0.999755859375,0.000244140625,1,476,4,0.04910072311758995,0.370137482881546,0.22157928347587585,0.13460107147693634,0.03311983464683266,0.016782908639644593,0.01633692600718799,0.33499488220033735
51,scratch,1800,0.04916481301188469,0.00020824636158067733,0.999755859375,0.000244140625,1,475,3,0.049085572361946106,0.37367767095565796,0.221547931432724,0.14394627511501312,0.03329992872041743,0.016782908639644593,0.016517020080772778,0.3362396762320007
51,scratch,1820,0.04924371466040611,0.00020824636158067733,0.99981689453125,0.00018310546875,1,478,3,0.04918566346168518,0.3662501871585846,0.22177141904830933,0.1360544115304947,0.033172959753038356,0.01705455310467452,0.016118406648363694,0.33698619293929577
51,scratch,1840,0.04931647330522537,0.00020824636158067733,0.99981689453125,0.00018310546875,1,479,3,0.04925736039876938,0.37208113074302673,0.221926748752594,0.1551259160041809,0.03257163051622314,0.01705455310467452,0.015517077411548492,0.336994539357622
51,scratch,1860,0.049650754779577255,0.00020824636158067733,0.999755859375,0.000244140625,1,480,4,0.049570564180612564,0.37805086374282837,0.22259610891342163,0.15475256741046906,0.03260079529010085,0.016782908639644593,0.015817886650456154,0.3325513821698426
51,scratch,1880,0.04951292276382446,0.00020824636158067733,0.99981689453125,0.00018310546875,1,484,3,0.049453847110271454,0.37208113074302673,0.2223680019378662,0.1551259160041809,0.031765688989445096,0.01705455310467452,0.014711135884770464,0.33431267527405206
51,scratch,1900,0.049576930701732635,0.00020824636158067733,0.99981689453125,0.00018310546875,1,486,3,0.04951786622405052,0.37208113074302673,0.22250249981880188,0.1551259160041809,0.03131262847474403,0.01705455310467452,0.014258075370069442,0.33311867604126955
51,scratch,1920,0.04962945356965065,0.00020824636158067733,0.99981689453125,0.00018310546875,1,486,3,0.04957039654254913,0.37208113074302673,0.2226068079471588,0.1551259160041809,0.03159120673100091,0.01705455310467452,0.014536653626326258,0.33298865975004655
51,scratch,1940,0.04966580495238304,0.00020824636158067733,0.99981689453125,0.00018310546875,1,485,3,0.04960675910115242,0.37208113074302673,0.22268734872341156,0.1551259160041809,0.03139667356318654,0.01705455310467452,0.014342120458512003,0.33223065971171517
51,scratch,1960,0.04985462874174118,0.00020824636158067733,0.99981689453125,0.00018310546875,1,487,3,0.049795620143413544,0.37208113074302673,0.22310927510261536,0.1551259160041809,0.031142381907748984,0.01705455310467452,0.014087828803074335,0.3278399001580713
51,scratch,1980,0.04978492483496666,0.00020824636158067733,0.99981689453125,0.00018310546875,1,488,3,0.049725890159606934,0.37208113074302673,0.22298313677310944,0.1551259160041809,0.030001399616786273,0.01705455310467452,0.012946846512111606,0.3318666604033954
51,scratch,2000,0.049586184322834015,0.00020824636158067733,0.99981689453125,0.00018310546875,1,486,3,0.0495271198451519,0.37208113074302673,0.2225145697593689,0.1551259160041809,0.03016502458213921,0.01705455310467452,0.013110471477464617,0.3326806057818633
51,mle,0,0.8036784529685974,0.00020824636158067733,0.57659912109375,0.42340087890625,2,1292,1076,0.6153594851493835,1.0601364374160767,0.6150924563407898,0.570644199848175,12.988567691041872,1.031961967946962,11.95660572309491,2.1410955731487067
51,mle,100,0.0566314272582531,0.00020824636158067733,0.984619140625,0.015380859375,2,533,141,0.05290846899151802,0.2949604392051697,0.2300112396478653,0.26921576261520386,0.046904611707041965,0.00019199891433254422,0.04671261279270959,0.06758961076477343
51,mle,200,0.05608013644814491,0.00020824636158067733,0.98486328125,0.01513671875,2,571,154,0.052367713302373886,0.297627329826355,0.22881081700325012,0.28498563170433044,0.030738106761610595,0.00023187940350549198,0.03050622735810505,0.04419915272658026
51,mle,300,0.05489467456936836,0.00020824636158067733,0.9847412109375,0.0152587890625,2,561,151,0.05132677033543587,0.2851528525352478,0.22646720707416534,0.27980872988700867,0.024017727970395697,0.0002114433064314943,0.023806284663964138,0.039358840833958575
51,mle,400,0.05545612424612045,0.00020824636158067733,0.98468017578125,0.01531982421875,2,571,149,0.05199667066335678,0.27781206369400024,0.22760137915611267,0.26934555172920227,0.02389854437952721,0.00020159763445916487,0.02369694674506792,0.04222051538883742
51,mle,500,0.05646433308720589,0.00020824636158067733,0.98260498046875,0.01739501953125,2,565,178,0.05236055701971054,0.2882767915725708,0.22852002084255219,0.28686103224754333,0.02694837571490183,7.839296277005687e-06,0.026940536418625004,0.03845600368433433
51,mle,600,0.055135082453489304,0.00020824636158067733,0.98321533203125,0.01678466796875,2,551,167,0.05132275074720383,0.27845442295074463,0.22633574903011322,0.27551522850990295,0.0236350387351294,3.726014047560934e-05,0.023597778594653854,0.03793929335435886
51,mle,700,0.05370534956455231,0.00020824636158067733,0.9833984375,0.0166015625,2,540,159,0.04998455196619034,0.2741082012653351,0.22341303527355194,0.26802965998649597,0.01940927485721744,5.045225118897423e-05,0.019358822606028475,0.036754284214768895
51,mle,800,0.055464375764131546,0.00020824636158067733,0.9820556640625,0.0179443359375,2,558,183,0.05112270638346672,0.2930748760700226,0.2258690446615219,0.28182360529899597,0.02259614200757909,2.0078355873221903e-08,0.02259612192922311,0.037494073979107534
51,mle,900,0.05502435564994812,0.00020824636158067733,0.98370361328125,0.01629638671875,2,554,167,0.05136089771986008,0.27616286277770996,0.22650642693042755,0.266374796628952,0.017539363682054443,7.701393531436536e-05,0.017462349746740047,0.0345564715759995
51,mle,1000,0.05720657855272293,0.00020824636158067733,0.98187255859375,0.01812744140625,2,574,201,0.053009018301963806,0.28456705808639526,0.22975847125053406,0.28524789214134216,0.020935193126398133,1.2446734454653178e-06,0.020933948452952635,0.034292469405702186
51,mle,1100,0.05672182887792587,0.00020824636158067733,0.9833984375,0.0166015625,2,579,192,0.05213955044746399,0.3281542956829071,0.22819752991199493,0.3160674273967743,0.032057838500087144,5.045225118897423e-05,0.032007386248898026,0.040441547310112846
51,mle,1200,0.054584603756666183,0.00020824636158067733,0.98406982421875,0.01593017578125,2,563,172,0.051031772047281265,0.2740567922592163,0.22564435005187988,0.2686707675457001,0.016066696625976817,0.00011656656289815931,0.01595013006307846,0.03173871267856365
51,mle,1300,0.05443096533417702,0.00020824636158067733,0.98455810546875,0.01544189453125,2,551,163,0.050792936235666275,0.28638777136802673,0.22535108029842377,0.2829737067222595,0.01697347731552412,0.00018264618132589642,0.016790831134198103,0.030853973833220416
51,mle,1400,0.05544351786375046,0.00020824636158067733,0.9815673828125,0.0184326171875,2,551,182,0.05143876373767853,0.268703430891037,0.22659817337989807,0.26206690073013306,0.013325488391465967,7.462581939157958e-06,0.013318025809526918,0.031287505917791614
51,mle,1500,0.05500652641057968,0.00020824636158067733,0.98236083984375,0.01763916015625,2,548,183,0.05100663751363754,0.27776822447776794,0.22582848370075226,0.27262571454048157,0.01935620827881479,2.2165703591080135e-06,0.019353991708455705,0.0320840859137409
51,mle,1600,0.05452476441860199,0.00020824636158067733,0.98223876953125,0.01776123046875,2,542,178,0.05059519037604332,0.27183935046195984,0.22463011741638184,0.2663434147834778,0.016750905946729233,6.980790792934192e-07,0.016750207867649768,0.03283079920285881
51,mle,1700,0.05400771647691727,0.00020824636158067733,0.98388671875,0.01611328125,2,544,168,0.05037226155400276,0.2759910523891449,0.22429484128952026,0.2706111669540405,0.017238880245905364,9.573281638247861e-05,0.017143147429522644,0.031216859468915836
51,mle,1800,0.05632634833455086,0.00020824636158067733,0.98077392578125,0.01922607421875,2,545,193,0.05195976421236992,0.2790775001049042,0.2276402860879898,0.2755940854549408,0.021094105868733948,4.751598148892717e-05,0.02104658988724493,0.03407546693844987
51,mle,1900,0.05580469220876694,0.00020824636158067733,0.98101806640625,0.01898193359375,2,554,191,0.05158337950706482,0.27396902441978455,0.22711123526096344,0.26993998885154724,0.01486658118684403,3.1571623112962256e-05,0.014835009563730978,0.02907333740651874
51,mle,2000,0.05587785691022873,0.00020824636158067733,0.982177734375,0.017822265625,2,562,185,0.05183102563023567,0.27889692783355713,0.22746708989143372,0.2749479413032532,0.017182746829540463,2.594987545213379e-07,0.01718248733078597,0.031306862577114125
51,mle,2100,0.056205861270427704,0.00020824636158067733,0.98065185546875,0.01934814453125,2,555,197,0.05163637548685074,0.28780844807624817,0.22721193730831146,0.2893415689468384,0.01792721646798867,5.667600809658056e-05,0.017870540459891934,0.029259579875290265
51,mle,2200,0.0561104416847229,0.00020824636158067733,0.98297119140625,0.01702880859375,2,554,174,0.05246030166745186,0.266811341047287,0.22892868518829346,0.2575177252292633,0.015388092259136954,2.282727163631479e-05,0.015365264987500588,0.031053023326169105
51,mle,2300,0.05650938302278519,0.00020824636158067733,0.98187255859375,0.01812744140625,2,564,184,0.052508823573589325,0.27319973707199097,0.2290939837694168,0.2675764858722687,0.01625084565622359,1.2446734454653178e-06,0.016249600982778042,0.029790608351251913
51,mle,2400,0.05509151145815849,0.00020824636158067733,0.9837646484375,0.0162353515625,2,553,175,0.051432251930236816,0.2768210470676422,0.2266097217798233,0.27513086795806885,0.013694259920349339,8.302003100521126e-05,0.01361123988934414,0.029107937197042966
51,mle,2500,0.05434640496969223,0.00020824636158067733,0.9822998046875,0.0177001953125,2,545,191,0.05037768557667732,0.27459681034088135,0.22435976564884186,0.2673051953315735,0.014637350606982125,1.3501952741154055e-06,0.014636000411707872,0.028587832145351322
51,mle,2600,0.05316362902522087,0.00020824636158067733,0.98284912109375,0.01715087890625,2,546,176,0.0493910051882267,0.26935794949531555,0.22214409708976746,0.26090142130851746,0.014760686266718892,1.694932961073751e-05,0.014743736937108216,0.03153864018597441
51,mle,2700,0.054996639490127563,0.00020824636158067733,0.98199462890625,0.01800537109375,2,552,172,0.051111526787281036,0.2668866813182831,0.22600454092025757,0.2582406997680664,0.01435304591014841,2.1781680963674785e-07,0.01435282809333893,0.028812377495998853
51,mle,2800,0.05583151802420616,0.00020824636158067733,0.98126220703125,0.01873779296875,2,546,174,0.05173977091908455,0.27010855078697205,0.22741711139678955,0.2624824643135071,0.01577335021303128,1.8828181612866486e-05,0.015754522031418458,0.029786209161759225
51,mle,2900,0.055301517248153687,0.00020824636158067733,0.98162841796875,0.01837158203125,2,549,180,0.05122421309351921,0.27315959334373474,0.2261584997177124,0.2662431597709656,0.016030042599787464,5.804504365559558e-06,0.01602423809542214,0.03022378021043759
51,mle,3000,0.054541878402233124,0.00020824636158067733,0.98419189453125,0.01580810546875,2,550,163,0.05117615684866905,0.2640876770019531,0.22616322338581085,0.2509336471557617,0.013166624863707455,0.00013164243811568518,0.013034982425591615,0.029209699809800704
51,mle,3100,0.054625168442726135,0.00020824636158067733,0.9822998046875,0.0177001953125,2,542,173,0.05079365521669388,0.2672607898712158,0.2252078652381897,0.25804993510246277,0.014261692231421819,1.3501952741154055e-06,0.014260342036147528,0.0291057749934428
51,mle,3200,0.05437249317765236,0.00020824636158067733,0.9815673828125,0.0184326171875,2,544,183,0.050420913845300674,0.2648005783557892,0.22440850734710693,0.2545519173145294,0.012694239871244406,7.462581939157958e-06,0.01268677728930527,0.029996612648321652
51,mle,3300,0.05555172264575958,0.00020824636158067733,0.98321533203125,0.01678466796875,2,558,168,0.051913682371377945,0.2686615586280823,0.22758828103542328,0.26082926988601685,0.018426981041749002,3.726014047560934e-05,0.01838972090127354,0.0325314122171424
51,mle,3400,0.054771438241004944,0.00020824636158067733,0.98291015625,0.01708984375,2,547,169,0.05097105726599693,0.2733473777770996,0.22563280165195465,0.26246869564056396,0.01729577319948561,1.9777414010556317e-05,0.017275995785475104,0.030271806143648328
51,mle,3500,0.05489441752433777,0.00020824636158067733,0.98175048828125,0.01824951171875,2,548,184,0.05088498443365097,0.270585834980011,0.22550234198570251,0.2633516788482666,0.013810614997247228,3.10873486873925e-06,0.01380750626237837,0.02813255777502699
51,mle,3600,0.054581284523010254,0.00020824636158067733,0.98175048828125,0.01824951171875,2,550,176,0.050633303821086884,0.26696693897247314,0.22456960380077362,0.25672951340675354,0.01786818757701525,3.10873486873925e-06,0.017865078842146425,0.03216193260661593
51,mle,3700,0.05421138182282448,0.00020824636158067733,0.9827880859375,0.0172119140625,2,545,185,0.05039248242974281,0.2722674608230591,0.22434204816818237,0.2661134600639343,0.012474198069149622,1.4342242928365662e-05,0.012459855826221024,0.028287837908212432
51,mle,3800,0.055163487792015076,0.00020824636158067733,0.98150634765625,0.01849365234375,2,547,188,0.0509418249130249,0.27921822667121887,0.2253114879131317,0.2795654833316803,0.016761528612015297,9.326558295211533e-06,0.016752202053720126,0.031709018869807815
51,mle,3900,0.05407101288437843,0.00020824636158067733,0.98394775390625,0.01605224609375,2,539,163,0.05061132833361626,0.2661376893520355,0.22490887343883514,0.24899446964263916,0.014413781180529384,0.0001024412439107193,0.01431133993661871,0.03159825498071067
51,mle,4000,0.054120976477861404,0.00020824636158067733,0.98284912109375,0.01715087890625,2,538,165,0.05040312558412552,0.26717618107795715,0.22436405718326569,0.2582995295524597,0.015336763419519173,1.694932961073751e-05,0.015319814089908571,0.029697710423281287
51,mle,4100,0.05426761135458946,0.00020824636158067733,0.9827880859375,0.0172119140625,2,547,181,0.050386227667331696,0.27589187026023865,0.22356800734996796,0.272173672914505,0.02346162786871986,1.4342242928365662e-05,0.02344728562579133,0.035544223894905635
51,mle,4200,0.05470117926597595,0.00020824636158067733,0.98284912109375,0.01715087890625,2,545,168,0.050948869436979294,0.2697315216064453,0.2253705859184265,0.26027199625968933,0.018737480604805512,1.694932961073751e-05,0.018720531275194765,0.0303355679722902
51,mle,4300,0.055359914898872375,0.00020824636158067733,0.9805908203125,0.0194091796875,2,540,181,0.05122292786836624,0.2643691599369049,0.22608357667922974,0.25366687774658203,0.016896107096009416,6.15508344869336e-05,0.016834556261522613,0.03063693547366919
51,mle,4400,0.05394168943166733,0.00020824636158067733,0.98248291015625,0.01751708984375,2,544,178,0.05010373890399933,0.26920098066329956,0.22381937503814697,0.2613597810268402,0.010465009254595259,4.59501435601771e-06,0.010460414240239102,0.0267076177922011
51,mle,4500,0.0545659065246582,0.00020824636158067733,0.9814453125,0.0185546875,2,539,189,0.05050305277109146,0.26946941018104553,0.2245241105556488,0.26175227761268616,0.012694668046798085,1.1395766658824406e-05,0.012683272280139428,0.027849562095727642
51,mle,4600,0.05539187788963318,0.00020824636158067733,0.980224609375,0.019775390625,2,546,199,0.05099110305309296,0.2735290229320526,0.2256828099489212,0.2673410475254059,0.0160054324953407,9.488928296759458e-05,0.015910543212373267,0.030091115477918984
51,mle,4700,0.054466962814331055,0.00020824636158067733,0.9840087890625,0.0159912109375,2,542,167,0.051035597920417786,0.2656135857105255,0.22509516775608063,0.25216880440711975,0.01822853042559558,0.00010938553090054297,0.01811914489469507,0.03553036206060123
51,mle,4800,0.0543624684214592,0.00020824636158067733,0.981689453125,0.018310546875,2,539,188,0.05036107078194618,0.26889073848724365,0.22436535358428955,0.261027067899704,0.013236170452920248,4.352996780999376e-06,0.013231817456139217,0.028882686085782816
51,mle,4900,0.05427902564406395,0.00020824636158067733,0.98187255859375,0.01812744140625,2,535,177,0.050465889275074005,0.26081711053848267,0.22458097338676453,0.24619875848293304,0.01430255977921746,1.2446734454653178e-06,0.014301315105771966,0.02866136391887475
51,mle,5000,0.057433221489191055,0.00020824636158067733,0.9813232421875,0.0186767578125,2,556,184,0.05342952907085419,0.26779717206954956,0.23085862398147583,0.2588719427585602,0.017738441733136767,1.6147234207725147e-05,0.017722294498928787,0.0319670540854734
51,warm,0,0.057433221489191055,0.00020824636158067733,0.9813232421875,0.0186767578125,2,556,184,0.05342952907085419,0.26779717206954956,0.23085862398147583,0.2588719427585602,0.017738441733136767,1.6147234207725147e-05,0.017722294498928787,0.0319670540854734
51,warm,20,0.05358589440584183,0.00020824636158067733,0.98260498046875,0.01739501953125,2,530,168,0.04993533715605736,0.25979745388031006,0.22342920303344727,0.2443082183599472,0.009638103132793674,7.839296277005687e-06,0.009630263836516776,0.027444462263449432
51,warm,40,0.05336824432015419,0.00020824636158067733,0.983154296875,0.016845703125,2,527,162,0.04989074543118477,0.2563231289386749,0.22335690259933472,0.2372257560491562,0.009893791801196983,3.331532273338398e-05,0.009860476478463632,0.02709943395231884
51,warm,60,0.05338645726442337,0.00020824636158067733,0.983642578125,0.016357421875,2,533,160,0.04997803643345833,0.2583494186401367,0.22354094684123993,0.2412944883108139,0.009290864494879258,7.124022325379347e-05,0.009219624271625494,0.02683247174784109
51,warm,80,0.05315307527780533,0.00020824636158067733,0.98388671875,0.01611328125,2,529,158,0.049762506037950516,0.26018327474594116,0.22306007146835327,0.2448413372039795,0.00983263841791171,9.573281638247861e-05,0.009736905601528973,0.026756196996504777
51,warm,100,0.053412578999996185,0.00020824636158067733,0.98370361328125,0.01629638671875,2,530,163,0.04997536167502403,0.2608945667743683,0.22354498505592346,0.2462761104106903,0.009055993599950796,7.701393531436536e-05,0.008978979664636294,0.02627823716531774
51,warm,120,0.053087763488292694,0.00020824636158067733,0.983642578125,0.016357421875,2,521,165,0.04965664818882942,0.25941556692123413,0.22282999753952026,0.2433728128671646,0.008599724817223375,7.124022325379347e-05,0.008528484593969462,0.026567784524306526
51,warm,140,0.053143326193094254,0.00020824636158067733,0.98370361328125,0.01629638671875,2,523,165,0.049725621938705444,0.25944697856903076,0.222987562417984,0.24278444051742554,0.008311824203893536,7.701393531436536e-05,0.008234810268579152,0.026431779312335757
51,warm,160,0.05296676605939865,0.00020824636158067733,0.984130859375,0.015869140625,2,525,158,0.04967266693711281,0.2572517693042755,0.22285427153110504,0.2380443662405014,0.008457995536637952,0.0001239852322368019,0.008334010304401368,0.026569469221360387
51,warm,180,0.053065136075019836,0.00020824636158067733,0.9842529296875,0.0157470703125,2,528,157,0.04983244836330414,0.25512081384658813,0.2232085019350052,0.23428241908550262,0.008327455565641628,0.0001395390866802057,0.008187916478961228,0.027553488057239783
51,warm,200,0.05326107144355774,0.00020824636158067733,0.984375,0.015625,2,527,153,0.04999719560146332,0.258884996175766,0.22359564900398254,0.24158689379692078,0.008583678107434878,0.00015605437165852262,0.0084276237357763,0.0270552112712924
51,warm,220,0.05320724844932556,0.00020824636158067733,0.984130859375,0.015869140625,2,527,152,0.049896981567144394,0.25849485397338867,0.22337619960308075,0.2410566508769989,0.008195919436012389,0.0001239852322368019,0.008071934203775728,0.026919202414066867
51,warm,240,0.052912939339876175,0.00020824636158067733,0.9840087890625,0.0159912109375,2,529,156,0.04961400851607323,0.2559102475643158,0.2227313369512558,0.23604454100131989,0.008227038852247404,0.00010938553090054297,0.008117653321346889,0.0276172871460606
51,warm,260,0.05275808274745941,0.00020824636158067733,0.9844970703125,0.0155029296875,2,525,151,0.049554962664842606,0.2561691999435425,0.22258684039115906,0.23618701100349426,0.009129475511336693,0.0001735384783423605,0.00895593703299434,0.027788247884675266
51,warm,280,0.05308913439512253,0.00020824636158067733,0.98486328125,0.01513671875,2,530,144,0.04996864125132561,0.2561224699020386,0.22351108491420746,0.23615390062332153,0.00876993937000492,0.00023187940350549198,0.008538059966499242,0.027320300360517913
51,warm,300,0.053062763065099716,0.00020824636158067733,0.98468017578125,0.01531982421875,2,530,149,0.049873653799295425,0.25804275274276733,0.22331251204013824,0.23936517536640167,0.009247821828658687,0.00020159763445916487,0.009046224194199525,0.027129028342389838
51,warm,320,0.052591267973184586,0.00020824636158067733,0.98455810546875,0.01544189453125,2,523,158,0.04939930886030197,0.2561072111129761,0.2222536951303482,0.23613227903842926,0.008525267410924187,0.00018264618132589642,0.008342621229598259,0.02735037870363366
51,warm,340,0.052917394787073135,0.00020824636158067733,0.98419189453125,0.01580810546875,2,521,152,0.049671974033117294,0.25497308373451233,0.22285176813602448,0.23417162895202637,0.0076047637559995,0.00013164243811568518,0.007473121317883662,0.027426902125373354
51,warm,360,0.05323829874396324,0.00020824636158067733,0.98431396484375,0.01568603515625,2,529,155,0.050019603222608566,0.25521451234817505,0.22364169359207153,0.2346733957529068,0.0077888286761762515,0.00014767609110137754,0.007641152585074967,0.027252891021564474
51,warm,380,0.05287659168243408,0.00020824636158067733,0.98455810546875,0.01544189453125,2,522,149,0.0497039258480072,0.2551622986793518,0.22293192148208618,0.23471686244010925,0.0076659713015132525,0.00018264618132589642,0.007483325120187344,0.027688430440978018
51,warm,400,0.053190678358078,0.00020824636158067733,0.98468017578125,0.01531982421875,2,530,154,0.049990542232990265,0.25887900590896606,0.22358477115631104,0.24222484230995178,0.00993818597654439,0.00020159763445916487,0.009736588342085097,0.02752057329118751
51,warm,420,0.053180862218141556,0.00020824636158067733,0.9847412109375,0.0152587890625,2,530,155,0.04998157545924187,0.2596501410007477,0.22356469929218292,0.24395093321800232,0.00920241287550283,0.0002114433064314943,0.008990969569071437,0.027066869487245904
51,warm,440,0.05345449224114418,0.00020824636158067733,0.984130859375,0.015869140625,2,532,156,0.05010316148400307,0.261288583278656,0.22382909059524536,0.24684923887252808,0.009922639226907393,0.0001239852322368019,0.009798653994670689,0.02711760246959083
51,warm,460,0.05292947590351105,0.00020824636158067733,0.98443603515625,0.01556396484375,2,533,151,0.04970841482281685,0.25666511058807373,0.22294017672538757,0.23680897057056427,0.008839946647832164,0.00016467485582321402,0.008675271792009116,0.02746089264903484
51,warm,480,0.05299311876296997,0.00020824636158067733,0.98394775390625,0.01605224609375,2,529,154,0.0496433787047863,0.2583209276199341,0.22280608117580414,0.2410670816898346,0.009445990123104764,0.0001024412439107193,0.00934354887919413,0.026988987644219642
51,warm,500,0.05272020772099495,0.00020824636158067733,0.98394775390625,0.01605224609375,2,526,150,0.04938456416130066,0.25718387961387634,0.2222251296043396,0.23812691867351532,0.008445758423668792,0.0001024412439107193,0.008343317179758116,0.027284594347949942
51,warm,520,0.05257277190685272,0.00020824636158067733,0.98388671875,0.01611328125,2,520,147,0.04929443821310997,0.2527494728565216,0.22202259302139282,0.22914156317710876,0.008919071078899776,9.573281638247861e-05,0.00882333826251703,0.027986106347018258
51,warm,540,0.052917737513780594,0.00020824636158067733,0.9837646484375,0.0162353515625,2,526,152,0.04959283769130707,0.2543867826461792,0.22268062829971313,0.2317417860031128,0.008638285566313186,8.302003100521126e-05,0.008555265535307957,0.027628166223368944
51,warm,560,0.05330520495772362,0.00020824636158067733,0.98370361328125,0.01629638671875,2,533,158,0.04993825405836105,0.2565456032752991,0.2234494686126709,0.2354702204465866,0.008784202306024724,7.701393531436536e-05,0.008707188370710387,0.027119005296046717
51,warm,580,0.05303733050823212,0.00020824636158067733,0.983642578125,0.016357421875,2,531,157,0.04964982718229294,0.25674253702163696,0.2228105515241623,0.23624858260154724,0.008697816250979429,7.124022325379347e-05,0.00862657602772564,0.026740668065687978
51,warm,600,0.05310743674635887,0.00020824636158067733,0.983642578125,0.016357421875,2,526,153,0.04972715303301811,0.2563788890838623,0.22299402952194214,0.23614728450775146,0.008406309418397484,7.124022325379347e-05,0.008335069195143607,0.026655335911275224
51,warm,620,0.0528554767370224,0.00020824636158067733,0.9835205078125,0.0164794921875,2,524,155,0.04946567863225937,0.2551637291908264,0.22239701449871063,0.2338286191225052,0.007968107580573758,6.038654539865522e-05,0.007907721035175053,0.026893327937361655
51,warm,640,0.05318843573331833,0.00020824636158067733,0.9835205078125,0.0164794921875,2,528,156,0.049776043742895126,0.2568451464176178,0.22310365736484528,0.23729026317596436,0.007641657888790121,6.038654539865522e-05,0.007581271343391441,0.026366638784313445
51,warm,660,0.05282685160636902,0.00020824636158067733,0.98358154296875,0.01641845703125,2,525,150,0.04942731931805611,0.2564828097820282,0.222317174077034,0.23601968586444855,0.00856421189401857,6.569804208159894e-05,0.008498513851936765,0.02682597768646
51,warm,680,0.05292922258377075,0.00020824636158067733,0.9832763671875,0.0167236328125,2,523,153,0.049483392387628555,0.25552886724472046,0.2224465310573578,0.23349060118198395,0.007853664166951546,4.143069361497087e-05,0.007812233473336474,0.026781123597831802
51,warm,700,0.05298994854092598,0.00020824636158067733,0.98358154296875,0.01641845703125,2,526,152,0.04959474131464958,0.25638681650161743,0.2226908951997757,0.235239177942276,0.007795924415596289,6.569804208159894e-05,0.0077302263735145845,0.026722728966635523
51,warm,720,0.052939631044864655,0.00020824636158067733,0.9840087890625,0.0159912109375,2,525,158,0.04964243620634079,0.2558307647705078,0.2228056639432907,0.23526187241077423,0.0084208133632373,0.00010938553090054297,0.008311427832336757,0.02784275334917974
51,warm,740,0.053212009370326996,0.00020824636158067733,0.9837646484375,0.0162353515625,2,525,153,0.049846068024635315,0.25716760754585266,0.22325047850608826,0.23803943395614624,0.008803511766210192,8.302003100521126e-05,0.00872049173520493,0.026943874822538683
51,warm,760,0.053009647876024246,0.00020824636158067733,0.98394775390625,0.01605224609375,2,529,161,0.049697987735271454,0.2560024857521057,0.22291472554206848,0.23552735149860382,0.008792707769508468,0.0001024412439107193,0.008690266525597725,0.027224931990278756
51,warm,780,0.05285404622554779,0.00020824636158067733,0.9842529296875,0.0157470703125,2,527,152,0.04960924759507179,0.25566643476486206,0.22272442281246185,0.23490475118160248,0.008513497043360019,0.0001395390866802057,0.008373957956679778,0.027094695703201332
51,warm,800,0.05305701866745949,0.00020824636158067733,0.984130859375,0.015869140625,2,530,147,0.04980745166540146,0.2545798420906067,0.22317500412464142,0.2329496294260025,0.007914050729787903,0.0001239852322368019,0.007790065497551343,0.02672093003704712
51,warm,820,0.052583806216716766,0.00020824636158067733,0.98388671875,0.01611328125,2,526,154,0.04926886036992073,0.25499603152275085,0.22195295989513397,0.23319320380687714,0.008593247388681391,9.573281638247861e-05,0.008497514572298782,0.027914273778808174
51,warm,840,0.052983950823545456,0.00020824636158067733,0.98358154296875,0.01641845703125,2,520,146,0.049609631299972534,0.2551296055316925,0.22272858023643494,0.23367293179035187,0.007834237840334879,6.569804208159894e-05,0.007768539798253097,0.02735130455468815
51,warm,860,0.05304709076881409,0.00020824636158067733,0.9842529296875,0.0157470703125,2,531,151,0.04981550574302673,0.25503358244895935,0.22317591309547424,0.2335800677537918,0.00808229290142748,0.0001395390866802057,0.007942753814747098,0.027392087439440993
51,warm,880,0.05342399328947067,0.00020824636158067733,0.984130859375,0.015869140625,2,534,153,0.05017223581671715,0.2550828456878662,0.2239900380373001,0.23421944677829742,0.007899364078376436,0.0001239852322368019,0.007775378846139798,0.027348066178749186
51,warm,900,0.052996598184108734,0.00020824636158067733,0.98431396484375,0.01568603515625,2,532,145,0.049782056361436844,0.2547121047973633,0.22310416400432587,0.23345385491847992,0.00837232160139223,0.00014767609110137754,0.008224645510290958,0.027207291198212524
51,warm,920,0.052746593952178955,0.00020824636158067733,0.9844970703125,0.0155029296875,2,524,153,0.04955868050456047,0.2551918923854828,0.22260154783725739,0.2344297617673874,0.007969321108440397,0.0001735384783423605,0.007795782630097941,0.02735809928774169
51,warm,940,0.05256557837128639,0.00020824636158067733,0.98419189453125,0.01580810546875,2,523,151,0.049339402467012405,0.2534228563308716,0.222121462225914,0.23080798983573914,0.008484060745296063,0.00013164243811568518,0.008352418307180084,0.027947330607932863
51,warm,960,0.052850548177957535,0.00020824636158067733,0.984130859375,0.015869140625,2,526,152,0.04960380494594574,0.2541985809803009,0.22270846366882324,0.2320880889892578,0.008762855301220895,0.0001239852322368019,0.008638870068984134,0.027653046142151916
51,warm,980,0.05329297482967377,0.00020824636158067733,0.9840087890625,0.0159912109375,2,527,156,0.05000705644488335,0.2554905414581299,0.2236175686120987,0.23482969403266907,0.0077396567068817035,0.00010938553090054297,0.007630271175981194,0.026813551667803304
51,warm,1000,0.05307053402066231,0.00020824636158067733,0.98358154296875,0.01641845703125,2,522,158,0.04966958984732628,0.2568110525608063,0.22286656498908997,0.23770880699157715,0.0086134510713336,6.569804208159894e-05,0.008547753029251955,0.026767406264045612
51,warm,1020,0.05330398306250572,0.00020824636158067733,0.98370361328125,0.01629638671875,2,530,155,0.04991515353322029,0.2578652501106262,0.223411425948143,0.23987336456775665,0.008764617589086754,7.701393531436536e-05,0.00868760365377239,0.02665876336024875
51,warm,1040,0.05287894234061241,0.00020824636158067733,0.984375,0.015625,2,531,152,0.0496593676507473,0.25571247935295105,0.2228381484746933,0.23545236885547638,0.0075303453561090805,0.00015605437165852262,0.007374290984450412,0.026762558948323467
51,warm,1060,0.0528201162815094,0.00020824636158067733,0.9844970703125,0.0155029296875,2,525,146,0.04966346174478531,0.25327998399734497,0.22284185886383057,0.2305430769920349,0.00809628522275574,0.0001735384783423605,0.007922746744413293,0.02699882540102616
51,warm,1080,0.05306100472807884,0.00020824636158067733,0.9844970703125,0.0155029296875,2,519,149,0.04989367723464966,0.25419822335243225,0.22335289418697357,0.2325669229030609,0.00762890651113679,0.0001735384783423605,0.007455368032794327,0.027122144260576797
51,warm,1100,0.05272979289293289,0.00020824636158067733,0.9847412109375,0.0152587890625,2,522,149,0.04961980879306793,0.25343605875968933,0.22274430096149445,0.23066961765289307,0.007380112532892724,0.0002114433064314943,0.00716866922646132,0.027276960573292208
51,warm,1120,0.052773743867874146,0.00020824636158067733,0.9844970703125,0.0155029296875,2,521,146,0.049628034234046936,0.252538800239563,0.22275766730308533,0.22898471355438232,0.0071678604437792615,0.0001735384783423605,0.006994321965436864,0.027166951899491587
51,warm,1140,0.0529080405831337,0.00020824636158067733,0.9842529296875,0.0157470703125,2,520,154,0.049690138548612595,0.2540391683578491,0.22290103137493134,0.23207145929336548,0.008028947253670538,0.0001395390866802057,0.007889408166990174,0.027290326623844785
51,warm,1160,0.05312171205878258,0.00020824636158067733,0.984375,0.015625,2,528,148,0.04991280287504196,0.2552829682826996,0.2233913689851761,0.23423102498054504,0.008071823911642184,0.00015605437165852262,0.007915769539983571,0.027058049054833
51,warm,1180,0.05324064940214157,0.00020824636158067733,0.98419189453125,0.01580810546875,2,527,161,0.04998243600130081,0.25609228014945984,0.2235613912343979,0.23648494482040405,0.007510700838075479,0.00013164243811568518,0.007379058399959514,0.02675494671050027
51,warm,1200,0.052876703441143036,0.00020824636158067733,0.98443603515625,0.01556396484375,2,523,151,0.04968496412038803,0.25475743412971497,0.2228955775499344,0.23368580639362335,0.007508261369558511,0.00016467485582321402,0.0073435865137353945,0.026813395438441412
51,warm,1220,0.0527389757335186,0.00020824636158067733,0.98443603515625,0.01556396484375,2,519,145,0.04954996332526207,0.2544470727443695,0.2225761115550995,0.23297570645809174,0.008246897072432091,0.00016467485582321402,0.008082222216608977,0.027223413738031277
51,warm,1240,0.053137581795454025,0.00020824636158067733,0.98431396484375,0.01568603515625,2,526,156,0.0499262660741806,0.2546505331993103,0.22343485057353973,0.2336909919977188,0.007644586716388346,0.00014767609110137754,0.007496910625287128,0.027006830984393937
51,warm,1260,0.05297807976603508,0.00020824636158067733,0.98443603515625,0.01556396484375,2,528,155,0.04978877305984497,0.25470516085624695,0.22312462329864502,0.23372679948806763,0.007713400919065805,0.00016467485582321402,0.0075487260632427135,0.02697008581955951
51,warm,1280,0.052550747990608215,0.00020824636158067733,0.984619140625,0.015380859375,2,519,146,0.04943070560693741,0.25228312611579895,0.22231781482696533,0.2285281866788864,0.007853001269005233,0.00019199891433254422,0.007661002354672774,0.02749654904684784
51,warm,1300,0.052499834448099136,0.00020824636158067733,0.98486328125,0.01513671875,2,524,140,0.0494486466050148,0.2510237395763397,0.222349613904953,0.2254846841096878,0.007960495437338011,0.00023187940350549198,0.007728616033832408,0.02816778051121427
51,warm,1320,0.05276121944189072,0.00020824636158067733,0.9847412109375,0.0152587890625,2,522,145,0.04966622218489647,0.2524997889995575,0.2228396087884903,0.2288646548986435,0.008609817196166603,0.0002114433064314943,0.008398373889735123,0.02762625061652424
51,warm,1340,0.052896734327077866,0.00020824636158067733,0.98443603515625,0.01556396484375,2,526,150,0.04971775785088539,0.2539701461791992,0.2229614555835724,0.23203818500041962,0.007867435088165564,0.00016467485582321402,0.007702760232342553,0.02744876944118213
51,warm,1360,0.05285753682255745,0.00020824636158067733,0.98443603515625,0.01556396484375,2,520,151,0.049695294350385666,0.2528725862503052,0.22290462255477905,0.22965344786643982,0.00786117610569903,0.00016467485582321402,0.00769650124987585,0.027584903786848636
51,warm,1380,0.053095631301403046,0.00020824636158067733,0.984375,0.015625,2,522,147,0.04990500956773758,0.2541050612926483,0.22338218986988068,0.23227378726005554,0.007294307201128447,0.00015605437165852262,0.007138252829469834,0.027448409375867677
51,warm,1400,0.053167302161455154,0.00020824636158067733,0.98455810546875,0.01544189453125,2,526,146,0.05002744123339653,0.2533613443374634,0.2236674576997757,0.23084352910518646,0.007605822989908972,0.00018264618132589642,0.007423176808582969,0.027348611562704073
51,warm,1420,0.05310789495706558,0.00020824636158067733,0.9842529296875,0.0157470703125,2,531,151,0.049873001873493195,0.2553015947341919,0.22331391274929047,0.23492632806301117,0.008438537217635655,0.0001395390866802057,0.008298998130955288,0.026947250772284215
51,warm,1440,0.05290195345878601,0.00020824636158067733,0.98406982421875,0.01593017578125,2,526,159,0.04962887242436409,0.2550927698612213,0.22277392446994781,0.23450610041618347,0.008572776183619624,0.00011656656289815931,0.008456209620721356,0.02724090777403243
51,warm,1460,0.053271304816007614,0.00020824636158067733,0.98358154296875,0.01641845703125,2,521,159,0.04990234598517418,0.25509554147720337,0.22337840497493744,0.23399892449378967,0.009229127201443532,6.569804208159894e-05,0.009163429159361804,0.027577048204623034
51,warm,1480,0.052813928574323654,0.00020824636158067733,0.9842529296875,0.0157470703125,2,515,144,0.049610435962677,0.2530447542667389,0.22269213199615479,0.2296248823404312,0.008848008983669331,0.0001395390866802057,0.008708469896988936,0.027872733132173644
51,warm,1500,0.05311502516269684,0.00020824636158067733,0.98406982421875,0.01593017578125,2,519,154,0.04985351115465164,0.2545917332172394,0.22322119772434235,0.23360677063465118,0.009524555265862489,0.00011656656289815931,0.009407988702964248,0.02869615191659458
51,warm,1520,0.05315213277935982,0.00020824636158067733,0.98480224609375,0.01519775390625,2,530,154,0.05001276731491089,0.2565803527832031,0.2236306518316269,0.23750221729278564,0.009662695629423013,0.00022153690269417466,0.009441158726728714,0.02851873235406155
51,warm,1540,0.05264674127101898,0.00020824636158067733,0.9844970703125,0.0155029296875,2,522,148,0.049454204738140106,0.2553853988647461,0.222346693277359,0.23517072200775146,0.010267085934366094,0.0001735384783423605,0.010093547456023737,0.029130758419998792
51,warm,1560,0.053010471165180206,0.00020824636158067733,0.9837646484375,0.0162353515625,2,532,163,0.049638472497463226,0.25733357667922974,0.22277063131332397,0.23927053809165955,0.0104854599851123,8.302003100521126e-05,0.010402439954107078,0.02804080751295468
51,warm,1580,0.05278842896223068,0.00020824636158067733,0.98406982421875,0.01593017578125,2,525,149,0.04953530803322792,0.253745973110199,0.22255626320838928,0.23180904984474182,0.00936434556953003,0.00011656656289815931,0.009247779006631754,0.028138276015599595
51,warm,1600,0.05320591479539871,0.00020824636158067733,0.98431396484375,0.01568603515625,2,529,155,0.04999950900673866,0.2544107139110565,0.22358760237693787,0.2328803986310959,0.010211335437098512,0.00014767609110137754,0.010063659345997287,0.02797521218664978
51,warm,1620,0.05340779572725296,0.00020824636158067733,0.984375,0.015625,2,535,155,0.05016897991299629,0.2574532628059387,0.22396941483020782,0.23943345248699188,0.009156779611849686,0.00015605437165852262,0.00900072524019116,0.02721611845547367
51,warm,1640,0.05253789946436882,0.00020824636158067733,0.98443603515625,0.01556396484375,2,523,147,0.04937266185879707,0.25274190306663513,0.2221933901309967,0.22921884059906006,0.00994282205666508,0.00016467485582321402,0.009778147200842005,0.02854231747253133
51,warm,1660,0.05282911658287048,0.00020824636158067733,0.98443603515625,0.01556396484375,2,528,152,0.04962892830371857,0.2552441358566284,0.22275486588478088,0.23483523726463318,0.009536989644594485,0.00016467485582321402,0.0093723147887713,0.0275426485538649
51,warm,1680,0.05300971865653992,0.00020824636158067733,0.9842529296875,0.0157470703125,2,530,145,0.04976973682641983,0.25552114844322205,0.22308839857578278,0.2351398468017578,0.009238612780073652,0.0001395390866802057,0.009099073693393314,0.0273567575211221
51,warm,1700,0.05265911668539047,0.00020824636158067733,0.9842529296875,0.0157470703125,2,529,149,0.04946017265319824,0.252605676651001,0.22239483892917633,0.22899752855300903,0.00903958235740987,0.0001395390866802057,0.00890004327072963,0.028025934858962764
51,warm,1720,0.05303764343261719,0.00020824636158067733,0.984130859375,0.015869140625,2,531,149,0.049816232174634933,0.25281453132629395,0.22319070994853973,0.22918248176574707,0.009505612506664818,0.0001239852322368019,0.009381627274428159,0.027385885733312798
51,warm,1740,0.053009144961833954,0.00020824636158067733,0.98443603515625,0.01556396484375,2,528,149,0.04987047240138054,0.25153326988220215,0.22331246733665466,0.22689808905124664,0.008460367084090592,0.00016467485582321402,0.00829569222826739,0.027259760005765465
51,warm,1760,0.05329237878322601,0.00020824636158067733,0.98394775390625,0.01605224609375,2,529,152,0.050019752234220505,0.25389307737350464,0.22364874184131622,0.23189491033554077,0.00950326803305046,0.0001024412439107193,0.009400826789139876,0.02716816651147591
51,warm,1780,0.052883729338645935,0.00020824636158067733,0.98370361328125,0.01629638671875,2,527,154,0.04955315589904785,0.2539280951023102,0.22259511053562164,0.2317831963300705,0.009588444962183473,7.701393531436536e-05,0.00951143102686901,0.027479108569170685
51,warm,1800,0.05323656275868416,0.00020824636158067733,0.9837646484375,0.0162353515625,2,529,157,0.04991743713617325,0.25435546040534973,0.22339920699596405,0.23268011212348938,0.008903352471143933,8.302003100521126e-05,0.008820332440138696,0.027015425280044192
51,warm,1820,0.053029295057058334,0.00020824636158067733,0.9842529296875,0.0157470703125,2,526,154,0.04980827495455742,0.2543555796146393,0.22316205501556396,0.23252804577350616,0.009059590447769494,0.0001395390866802057,0.008920051361089235,0.026962572265549434
51,warm,1840,0.05283846706151962,0.00020824636158067733,0.98382568359375,0.01617431640625,2,524,162,0.04949608072638512,0.25614404678344727,0.22247426211833954,0.23581039905548096,0.009305380241322325,8.925936948101171e-05,0.00921612087184147,0.02669518916147562
51,warm,1860,0.05312484875321388,0.00020824636158067733,0.9833984375,0.0166015625,2,526,157,0.04971390590071678,0.25517311692237854,0.22296550869941711,0.23395921289920807,0.008852858336659608,5.045225118897423e-05,0.008802406085470567,0.026829421062504744
51,warm,1880,0.05287061259150505,0.00020824636158067733,0.983154296875,0.016845703125,2,523,152,0.04945134371519089,0.2524268329143524,0.2223692238330841,0.22823278605937958,0.00871440822830749,3.331532273338398e-05,0.008681092905574065,0.02761468479068052
51,warm,1900,0.0533241368830204,0.00020824636158067733,0.98345947265625,0.01654052734375,2,525,157,0.04995736852288246,0.2535040080547333,0.2234887331724167,0.23059658706188202,0.009184065413329279,5.530489307641051e-05,0.009128760520252946,0.02702896769253338
51,warm,1920,0.05289885029196739,0.00020824636158067733,0.984130859375,0.015869140625,2,530,150,0.049642860889434814,0.2548201382160187,0.2227947860956192,0.23273661732673645,0.009102222997363185,0.0001239852322368019,0.008978237765126513,0.026987564466910308
51,warm,1940,0.052959613502025604,0.00020824636158067733,0.98394775390625,0.01605224609375,2,521,148,0.04969055578112602,0.25334200263023376,0.22291098535060883,0.23061947524547577,0.007925057114526624,0.0001024412439107193,0.007822615870616058,0.026552127638499123
51,warm,1960,0.05281120538711548,0.00020824636158067733,0.98406982421875,0.01593017578125,2,523,152,0.04957101121544838,0.252970427274704,0.22258664667606354,0.23000268638134003,0.009319917117146304,0.00011656656289815931,0.009203350554247938,0.02759984814540284
51,warm,1980,0.05296238511800766,0.00020824636158067733,0.98431396484375,0.01568603515625,2,523,164,0.04972926899790764,0.25584328174591064,0.22298984229564667,0.23533926904201508,0.008686025052348612,0.00014767609110137754,0.008538348961247407,0.027577667075749823
51,warm,2000,0.0531521812081337,0.00020824636158067733,0.9842529296875,0.0157470703125,2,526,150,0.04993472620844841,0.2542555034160614,0.2234521508216858,0.23271779716014862,0.008679014296113507,0.0001395390866802057,0.00853947520943324,0.026668687562707682
