seed,epoch,mean_f,best_f,p_0,p_1,p_2,p_3,occupied_basins,unique_0,unique_1,unique_2,unique_3,mean_f_0,mean_f_1,mean_f_2,mean_f_3,spread_0,spread_1,spread_2,spread_3
42,0,0.31506842374801636,0.00020824636158067733,0.26251220703125,0.3232421875,0.21771240234375,0.196533203125,4,687,645,591,541,0.19591394066810608,0.2826805114746094,0.38364851474761963,0.4515233337879181,0.44065195322036743,0.41879308223724365,0.4110913574695587,0.3790701627731323
42,20,0.2789084315299988,0.00020824636158067733,0.34814453125,0.3095703125,0.19256591796875,0.14971923828125,4,692,629,577,505,0.1848055124282837,0.26371923089027405,0.3547062277793884,0.43164417147636414,0.42889541387557983,0.40399181842803955,0.3926127552986145,0.36263376474380493
42,40,0.2588350474834442,0.00020824636158067733,0.40850830078125,0.2896728515625,0.181396484375,0.12042236328125,4,687,609,557,459,0.17702510952949524,0.252912700176239,0.34230220317840576,0.42487502098083496,0.420650839805603,0.39042314887046814,0.37653276324272156,0.34557706117630005
42,60,0.2524387240409851,0.00020824636158067733,0.4228515625,0.29022216796875,0.17071533203125,0.1162109375,4,682,605,542,461,0.17068858444690704,0.25173115730285645,0.33981579542160034,0.42330822348594666,0.41273754835128784,0.3878917694091797,0.37046846747398376,0.34221506118774414
42,80,0.2496962994337082,0.00020824636158067733,0.42950439453125,0.29241943359375,0.1650390625,0.113037109375,4,679,604,530,458,0.16867540776729584,0.25198593735694885,0.33935022354125977,0.4207277297973633,0.4101845622062683,0.3881698548793793,0.36863166093826294,0.339379221200943
42,100,0.24853676557540894,0.00020824636158067733,0.43389892578125,0.28900146484375,0.1639404296875,0.1131591796875,4,682,605,536,465,0.16753360629081726,0.25155752897262573,0.33988478779792786,0.4190799593925476,0.4088270366191864,0.3871539235115051,0.36940449476242065,0.3382748067378998
42,120,0.24845513701438904,0.00020824636158067733,0.430419921875,0.290283203125,0.16497802734375,0.11431884765625,4,682,606,539,471,0.16561909019947052,0.25207796692848206,0.3400232791900635,0.41899484395980835,0.40643683075904846,0.38769787549972534,0.3694843351840973,0.33971795439720154
42,140,0.24554972350597382,0.00020824636158067733,0.4361572265625,0.2884521484375,0.16644287109375,0.10894775390625,4,679,602,542,465,0.1647300124168396,0.24890738725662231,0.3391556739807129,0.4172057509422302,0.40528467297554016,0.3834550082683563,0.3691832423210144,0.3356972932815552
42,160,0.24342679977416992,0.00020824636158067733,0.439208984375,0.29034423828125,0.16119384765625,0.1092529296875,4,676,605,542,464,0.1633550077676773,0.2473006248474121,0.33715423941612244,0.41674211621284485,0.40356409549713135,0.38200557231903076,0.366790771484375,0.3372751772403717
42,180,0.24118459224700928,0.00020824636158067733,0.445068359375,0.28448486328125,0.16436767578125,0.1060791015625,4,672,604,548,467,0.16148611903190613,0.24541664123535156,0.3364044427871704,0.4166787564754486,0.40127140283584595,0.37949955463409424,0.36670854687690735,0.3369995355606079
42,200,0.23942412436008453,0.00020824636158067733,0.44927978515625,0.281005859375,0.1641845703125,0.10552978515625,4,674,604,547,462,0.16010254621505737,0.2432081252336502,0.3359456956386566,0.4168803095817566,0.3996327221393585,0.3770126402378082,0.36697766184806824,0.33705925941467285
42,220,0.2387213110923767,0.00020824636158067733,0.4481201171875,0.2794189453125,0.16595458984375,0.10650634765625,4,672,605,540,470,0.1580563187599182,0.24268965423107147,0.3346330523490906,0.4182579517364502,0.39693164825439453,0.3765631914138794,0.3656564950942993,0.3397196829319
42,240,0.23689083755016327,0.00020824636158067733,0.45245361328125,0.27777099609375,0.16412353515625,0.10565185546875,4,673,610,543,469,0.15570586919784546,0.24287331104278564,0.3340997099876404,0.4178287088871002,0.39407458901405334,0.3767673373222351,0.36500969529151917,0.3394080102443695
42,260,0.23516365885734558,0.00020824636158067733,0.455810546875,0.27587890625,0.16455078125,0.103759765625,4,671,612,544,462,0.1532832831144333,0.24231000244617462,0.33421555161476135,0.4187740683555603,0.3910381495952606,0.3760127127170563,0.36524349451065063,0.340631902217865
42,280,0.2353215217590332,0.00020824636158067733,0.455078125,0.27581787109375,0.1650390625,0.10406494140625,4,673,616,545,472,0.15257053077220917,0.2431619018316269,0.3341619372367859,0.41965943574905396,0.3901742398738861,0.3773523271083832,0.3655853271484375,0.34249645471572876
42,300,0.23351630568504333,0.00020824636158067733,0.46063232421875,0.274169921875,0.164794921875,0.10040283203125,4,676,613,549,468,0.15177035331726074,0.2426537126302719,0.3337121605873108,0.4191470742225647,0.38935989141464233,0.37669137120246887,0.364985853433609,0.3414239287376404
42,320,0.23269177973270416,0.00020824636158067733,0.45672607421875,0.2789306640625,0.1656494140625,0.09869384765625,4,673,616,544,465,0.15054672956466675,0.241707444190979,0.3331785202026367,0.4186957776546478,0.3873811364173889,0.37577903270721436,0.3644322156906128,0.3401525616645813
42,340,0.2326420098543167,0.00020824636158067733,0.4581298828125,0.27801513671875,0.1627197265625,0.10113525390625,4,676,619,544,467,0.1491542011499405,0.24286669492721558,0.3337857127189636,0.4199908971786499,0.38581401109695435,0.3770572245121002,0.36515337228775024,0.34299343824386597
42,360,0.23113054037094116,0.00020824636158067733,0.4605712890625,0.27679443359375,0.163818359375,0.09881591796875,4,676,617,553,462,0.14825968444347382,0.2412404716014862,0.33347705006599426,0.41939324140548706,0.384678453207016,0.3749554455280304,0.36481648683547974,0.3419826626777649
42,380,0.22985796630382538,0.00020824636158067733,0.4632568359375,0.2772216796875,0.1629638671875,0.0965576171875,4,675,619,554,472,0.1475953310728073,0.24056586623191833,0.33311137557029724,0.41952386498451233,0.3838118016719818,0.37418413162231445,0.3645702004432678,0.3421468138694763
42,400,0.23025009036064148,0.00020824636158067733,0.4599609375,0.27874755859375,0.16400146484375,0.0972900390625,4,676,623,546,466,0.14703820645809174,0.24057836830615997,0.33374208211898804,0.41960540413856506,0.3830280005931854,0.3742774426937103,0.3654550015926361,0.34267356991767883
42,420,0.23038294911384583,0.00020824636158067733,0.458984375,0.27667236328125,0.16461181640625,0.0997314453125,4,676,617,551,471,0.14599967002868652,0.2406536042690277,0.3332868218421936,0.4203912913799286,0.38152942061424255,0.3739479184150696,0.3646685779094696,0.34460827708244324
42,440,0.22850528359413147,0.00020824636158067733,0.4619140625,0.27783203125,0.16412353515625,0.09613037109375,4,676,617,553,469,0.14485199749469757,0.2395804524421692,0.33241701126098633,0.4210483729839325,0.3799731731414795,0.3726870119571686,0.36357730627059937,0.3451126217842102
42,460,0.22807246446609497,0.00020824636158067733,0.46221923828125,0.27850341796875,0.1619873046875,0.0972900390625,4,674,622,555,479,0.14398103952407837,0.23975436389446259,0.33225980401039124,0.42067408561706543,0.3789513111114502,0.3729659914970398,0.36332109570503235,0.345111608505249
42,480,0.2282165288925171,0.00020824636158067733,0.4610595703125,0.2786865234375,0.1632080078125,0.0970458984375,4,675,622,554,473,0.14401116967201233,0.2393835186958313,0.3329281508922577,0.4201032817363739,0.37907031178474426,0.37257301807403564,0.36436060070991516,0.34406110644340515
42,500,0.22759807109832764,0.00020824636158067733,0.46270751953125,0.27777099609375,0.16546630859375,0.09405517578125,4,674,621,548,479,0.1438612937927246,0.23924300074577332,0.33314621448516846,0.4194680154323578,0.37877321243286133,0.3725338876247406,0.36478114128112793,0.34347259998321533
42,520,0.22620275616645813,0.00020824636158067733,0.46954345703125,0.2734375,0.1630859375,0.09393310546875,4,676,620,551,476,0.14310279488563538,0.2391642928123474,0.3326156437397003,0.41911041736602783,0.37801992893218994,0.37241095304489136,0.3639359474182129,0.34324002265930176
42,540,0.22636198997497559,0.00020824636158067733,0.46343994140625,0.2801513671875,0.160400390625,0.09600830078125,4,678,622,546,475,0.14241905510425568,0.23866905272006989,0.3316882252693176,0.4196816384792328,0.37686687707901,0.37177300453186035,0.3625502288341522,0.34370648860931396
42,560,0.22645607590675354,0.00020824636158067733,0.46478271484375,0.2774658203125,0.1619873046875,0.09576416015625,4,678,622,547,473,0.14240364730358124,0.23912088572978973,0.33192771673202515,0.41929447650909424,0.3769174814224243,0.3724013864994049,0.3630519211292267,0.34366169571876526
42,580,0.22532643377780914,0.00020824636158067733,0.46673583984375,0.2763671875,0.16229248046875,0.0946044921875,4,677,615,550,473,0.14189259707927704,0.23776134848594666,0.33096420764923096,0.41940540075302124,0.3763068616390228,0.37052392959594727,0.3617597222328186,0.34366461634635925
42,600,0.22515639662742615,0.00020824636158067733,0.467041015625,0.27557373046875,0.16204833984375,0.0953369140625,4,678,620,556,478,0.14131352305412292,0.23782919347286224,0.3309745490550995,0.4193951487541199,0.37551188468933105,0.3705056309700012,0.3617945909500122,0.34392833709716797
42,620,0.22501154243946075,0.00020824636158067733,0.46624755859375,0.27752685546875,0.16143798828125,0.09478759765625,4,677,622,551,467,0.1411510705947876,0.23813462257385254,0.33079028129577637,0.41892948746681213,0.3752301037311554,0.3709334433078766,0.36156317591667175,0.34333792328834534
42,640,0.22544266283512115,0.00020824636158067733,0.46551513671875,0.27679443359375,0.162109375,0.0955810546875,4,676,617,554,470,0.14128153026103973,0.23836807906627655,0.3307183086872101,0.4193561375141144,0.37531620264053345,0.3713876008987427,0.36148738861083984,0.3440210223197937
42,660,0.2247772365808487,0.00020824636158067733,0.4678955078125,0.27587890625,0.1600341796875,0.09619140625,4,676,620,555,481,0.14037474989891052,0.23842500150203705,0.330784410238266,0.4198221266269684,0.37434643507003784,0.37131479382514954,0.3615734875202179,0.3447743058204651
42,680,0.22444085776805878,0.00020824636158067733,0.46990966796875,0.27264404296875,0.16168212890625,0.09576416015625,4,677,622,550,479,0.1408168375492096,0.23791874945163727,0.32942360639572144,0.41916120052337646,0.3747842311859131,0.37064969539642334,0.3596947193145752,0.34376195073127747
42,700,0.2247781902551651,0.00020824636158067733,0.46856689453125,0.272705078125,0.16253662109375,0.09619140625,4,683,617,556,477,0.14115500450134277,0.2375860959291458,0.3295876085758209,0.418713241815567,0.37524542212486267,0.37028947472572327,0.35989564657211304,0.34312769770622253
42,720,0.22499021887779236,0.00020824636158067733,0.46575927734375,0.2747802734375,0.1632080078125,0.09625244140625,4,677,620,555,482,0.1407787948846817,0.2377895563840866,0.3296360373497009,0.41850441694259644,0.37471240758895874,0.37063583731651306,0.3599436283111572,0.34293174743652344
42,740,0.22402773797512054,0.00020824636158067733,0.46746826171875,0.27593994140625,0.16217041015625,0.09442138671875,4,675,621,555,474,0.1396535485982895,0.23836404085159302,0.3292320966720581,0.4191664159297943,0.37327298521995544,0.3714090883731842,0.3594838082790375,0.34402668476104736
42,760,0.22534875571727753,0.00020824636158067733,0.46478271484375,0.275146484375,0.162109375,0.09796142578125,4,680,620,556,482,0.14048607647418976,0.23819811642169952,0.3295055329799652,0.41953185200691223,0.3742552101612091,0.37120434641838074,0.3598161041736603,0.34475207328796387
42,780,0.2242460548877716,0.00020824636158067733,0.46722412109375,0.2755126953125,0.161376953125,0.09588623046875,4,675,621,554,483,0.13986201584339142,0.23794418573379517,0.32970863580703735,0.41857025027275085,0.3733808398246765,0.37067344784736633,0.35999077558517456,0.3432891070842743
42,800,0.22303356230258942,0.00020824636158067733,0.4700927734375,0.2750244140625,0.1614990234375,0.0933837890625,4,671,624,555,474,0.13909156620502472,0.23764950037002563,0.329669326543808,0.41813406348228455,0.37243014574050903,0.37038302421569824,0.36009085178375244,0.34244024753570557
42,820,0.22285862267017365,0.00020824636158067733,0.47052001953125,0.27392578125,0.162841796875,0.09271240234375,4,676,619,555,469,0.13915668427944183,0.2371305525302887,0.32943132519721985,0.4182959794998169,0.37245509028434753,0.36979812383651733,0.35974282026290894,0.34244078397750854
42,840,0.22402729094028473,0.00020824636158067733,0.46673583984375,0.276123046875,0.16265869140625,0.094482421875,4,675,622,563,480,0.13966606557369232,0.23755285143852234,0.3304879367351532,0.4179569184780121,0.3731955289840698,0.37020164728164673,0.36116039752960205,0.34223178029060364
42,860,0.22324563562870026,0.00020824636158067733,0.46795654296875,0.2779541015625,0.15948486328125,0.0946044921875,4,678,621,552,482,0.13864530622959137,0.23828017711639404,0.32945629954338074,0.41849392652511597,0.37181875109672546,0.3714572489261627,0.35968515276908875,0.34317508339881897
42,880,0.2230149507522583,0.00020824636158067733,0.47003173828125,0.27386474609375,0.1605224609375,0.0955810546875,4,678,624,554,478,0.13839386403560638,0.2374502569437027,0.3294639587402344,0.4190141558647156,0.37163400650024414,0.37026169896125793,0.35975831747055054,0.3438493609428406
42,900,0.22291116416454315,0.00020824636158067733,0.468994140625,0.2738037109375,0.1627197265625,0.094482421875,4,678,621,560,478,0.13802605867385864,0.23730283975601196,0.3297029137611389,0.41864079236984253,0.3710417151451111,0.3702768087387085,0.3600665032863617,0.3434887230396271
42,920,0.2218949794769287,0.00020824636158067733,0.471923828125,0.27484130859375,0.159423828125,0.09381103515625,4,674,620,557,473,0.13764247298240662,0.2375311255455017,0.328850120306015,0.41816335916519165,0.370608389377594,0.370344877243042,0.3588842749595642,0.34269455075263977
42,940,0.22130075097084045,0.00020824636158067733,0.47479248046875,0.2718505859375,0.1595458984375,0.09381103515625,4,675,622,551,474,0.13757196068763733,0.23746058344841003,0.32712993025779724,0.4182511270046234,0.37049853801727295,0.37017422914505005,0.3565259575843811,0.34243911504745483
42,960,0.22155970335006714,0.00020824636158067733,0.472900390625,0.272705078125,0.1607666015625,0.0936279296875,4,677,623,553,471,0.13770581781864166,0.23726898431777954,0.3270602822303772,0.41818442940711975,0.37062230706214905,0.3701140284538269,0.35643070936203003,0.34249910712242126
42,980,0.22191321849822998,0.00020824636158067733,0.47125244140625,0.27264404296875,0.16192626953125,0.09417724609375,4,676,625,555,484,0.13708554208278656,0.23729853332042694,0.3279973566532135,0.41944193840026855,0.3698336184024811,0.370263010263443,0.357732355594635,0.34464189410209656
42,1000,0.22291164100170135,0.00020824636158067733,0.46728515625,0.274169921875,0.16180419921875,0.09674072265625,4,678,625,555,490,0.13688892126083374,0.23758162558078766,0.3286757171154022,0.4199538230895996,0.369363933801651,0.37062421441078186,0.35860177874565125,0.3452690839767456
42,1020,0.22197240591049194,0.00020824636158067733,0.4716796875,0.2733154296875,0.159912109375,0.0950927734375,4,678,623,553,483,0.13689419627189636,0.23806914687156677,0.32807639241218567,0.41928359866142273,0.36956629157066345,0.37121254205703735,0.3578020930290222,0.34429672360420227
42,1040,0.22176054120063782,0.00020824636158067733,0.470458984375,0.27447509765625,0.16162109375,0.09344482421875,4,676,627,556,477,0.13692432641983032,0.2380162626504898,0.327534943819046,0.4181843101978302,0.369556725025177,0.3712385296821594,0.35701853036880493,0.34261253476142883
42,1060,0.22150839865207672,0.00020824636158067733,0.4696044921875,0.27410888671875,0.16162109375,0.09466552734375,4,674,622,549,476,0.13653963804244995,0.23705022037029266,0.32685109972953796,0.41815826296806335,0.36881110072135925,0.36967161297798157,0.3560521900653839,0.3422430455684662
42,1080,0.22190093994140625,0.00020824636158067733,0.468994140625,0.2733154296875,0.1614990234375,0.09619140625,4,674,622,554,475,0.1358240246772766,0.23695175349712372,0.3287988007068634,0.41934114694595337,0.3680940568447113,0.36943918466567993,0.35860657691955566,0.3443215489387512
42,1100,0.22109612822532654,0.00020824636158067733,0.47216796875,0.27398681640625,0.159912109375,0.09393310546875,4,677,628,553,478,0.136172354221344,0.23791800439357758,0.326946496963501,0.41871097683906555,0.36862772703170776,0.3709591329097748,0.3562437891960144,0.34323951601982117
42,1120,0.22063517570495605,0.00020824636158067733,0.47216796875,0.2735595703125,0.1602783203125,0.093994140625,4,677,627,556,479,0.13532580435276031,0.2370629757642746,0.32776111364364624,0.41869455575942993,0.36741340160369873,0.3698095679283142,0.3572355806827545,0.34344738721847534
42,1140,0.22073796391487122,0.00020824636158067733,0.47137451171875,0.2734375,0.16070556640625,0.094482421875,4,677,624,554,478,0.13539209961891174,0.23698049783706665,0.32731378078460693,0.4182480275630951,0.3675796687602997,0.36960288882255554,0.3567628860473633,0.34264686703681946
42,1160,0.22040404379367828,0.00020824636158067733,0.47174072265625,0.2735595703125,0.15997314453125,0.0947265625,4,673,627,550,482,0.13490864634513855,0.23728764057159424,0.32681357860565186,0.41771191358566284,0.3668999969959259,0.3700633645057678,0.35598671436309814,0.3420654833316803
42,1180,0.2197464555501938,0.00020824636158067733,0.4742431640625,0.27239990234375,0.158935546875,0.09442138671875,4,675,621,546,486,0.13522684574127197,0.23679518699645996,0.3258606195449829,0.41645482182502747,0.3673571050167084,0.3694487512111664,0.3546556532382965,0.3400930166244507
42,1200,0.219249427318573,0.00020824636158067733,0.47467041015625,0.27349853515625,0.160888671875,0.0909423828125,4,678,623,552,470,0.1352139115333557,0.2369304746389389,0.32621291279792786,0.415463924407959,0.3672695755958557,0.3696214556694031,0.355174720287323,0.33851516246795654
42,1220,0.2192797064781189,0.00020824636158067733,0.473876953125,0.2728271484375,0.16119384765625,0.09210205078125,4,676,619,553,475,0.13488401472568512,0.23607966303825378,0.3265742361545563,0.4159580171108246,0.3668588697910309,0.3686172664165497,0.3556600511074066,0.33922210335731506
42,1240,0.21995407342910767,0.00020824636158067733,0.47021484375,0.27349853515625,0.1624755859375,0.09381103515625,4,675,623,554,470,0.1343614161014557,0.23677466809749603,0.32645511627197266,0.4154822826385498,0.36597001552581787,0.36948415637016296,0.355459064245224,0.33869510889053345
42,1260,0.22004064917564392,0.00020824636158067733,0.471923828125,0.27105712890625,0.16351318359375,0.093505859375,4,677,623,549,476,0.13533493876457214,0.23660250008106232,0.32504552602767944,0.41591888666152954,0.36728668212890625,0.3692969083786011,0.3533616364002228,0.33923614025115967
42,1280,0.21996116638183594,0.00020824636158067733,0.472412109375,0.27197265625,0.16070556640625,0.09490966796875,4,676,627,551,479,0.13481000065803528,0.2365865409374237,0.32550862431526184,0.4174407422542572,0.3668570816516876,0.3692389130592346,0.35414138436317444,0.3415607511997223
42,1300,0.21927091479301453,0.00020824636158067733,0.47320556640625,0.27276611328125,0.16094970703125,0.09307861328125,4,680,625,556,476,0.1343345046043396,0.23661760985851288,0.3256770670413971,0.4162522554397583,0.36608535051345825,0.3693033456802368,0.35444149374961853,0.33967557549476624
42,1320,0.21892395615577698,0.00020824636158067733,0.475341796875,0.2735595703125,0.15972900390625,0.09136962890625,4,680,631,552,467,0.1349366158246994,0.23699063062667847,0.3256014883518219,0.4152788817882538,0.36706700921058655,0.3699863851070404,0.3542137145996094,0.3384760916233063
42,1340,0.218622088432312,0.00020824636158067733,0.47265625,0.2733154296875,0.16107177734375,0.09295654296875,4,678,625,552,475,0.1338181048631668,0.23585180938243866,0.32447153329849243,0.41575324535369873,0.36535364389419556,0.36821338534355164,0.3527836501598358,0.33887332677841187
42,1360,0.21883529424667358,0.00020824636158067733,0.473388671875,0.2730712890625,0.1611328125,0.0924072265625,4,674,623,554,471,0.13439474999904633,0.23631584644317627,0.32450777292251587,0.4154915511608124,0.36628007888793945,0.36897069215774536,0.352745920419693,0.3387812376022339
42,1380,0.2183859795331955,0.00020824636158067733,0.47540283203125,0.26971435546875,0.16015625,0.0947265625,4,674,622,545,486,0.13332007825374603,0.23578688502311707,0.32472479343414307,0.4159703254699707,0.364651620388031,0.36802560091018677,0.35296711325645447,0.3394292891025543
42,1400,0.21770988404750824,0.00020824636158067733,0.4776611328125,0.2691650390625,0.15936279296875,0.09381103515625,4,673,623,549,483,0.13323326408863068,0.23547615110874176,0.3241863548755646,0.4159890115261078,0.364693820476532,0.36771419644355774,0.35224246978759766,0.3394850194454193
42,1420,0.21712246537208557,0.00020824636158067733,0.47808837890625,0.2711181640625,0.15826416015625,0.092529296875,4,676,624,548,481,0.1332138031721115,0.23543180525302887,0.32355156540870667,0.4149823486804962,0.3646235764026642,0.3675021529197693,0.35141411423683167,0.3380507826805115
42,1440,0.21811744570732117,0.00020824636158067733,0.47589111328125,0.270751953125,0.159912109375,0.09344482421875,4,678,626,548,479,0.13384608924388885,0.23558634519577026,0.3239063620567322,0.4156385660171509,0.36554986238479614,0.3679487407207489,0.35195067524909973,0.33919423818588257
42,1460,0.21909451484680176,0.00020824636158067733,0.472900390625,0.27197265625,0.16033935546875,0.09478759765625,4,675,624,551,481,0.13400262594223022,0.23621252179145813,0.32445353269577026,0.41628459095954895,0.36551982164382935,0.368740051984787,0.35245585441589355,0.3401435613632202
42,1480,0.2181878685951233,0.00020824636158067733,0.472900390625,0.27166748046875,0.15985107421875,0.0955810546875,4,678,621,553,480,0.13308405876159668,0.23511232435703278,0.32384517788887024,0.41444382071495056,0.3642987906932831,0.36684083938598633,0.3517545759677887,0.3374527096748352
42,1500,0.21747824549674988,0.00020824636158067733,0.47381591796875,0.27288818359375,0.1575927734375,0.095703125,4,675,621,543,482,0.13196717202663422,0.23498357832431793,0.3237331807613373,0.4159514009952545,0.362863153219223,0.3668239414691925,0.35136792063713074,0.33956414461135864
42,1520,0.21778757870197296,0.00020824636158067733,0.47430419921875,0.26971435546875,0.15869140625,0.0972900390625,4,677,622,549,488,0.13228881359100342,0.23491507768630981,0.3231137692928314,0.41532599925994873,0.3633698523044586,0.3667541444301605,0.3507433533668518,0.3390035629272461
42,1540,0.2164364755153656,0.00020824636158067733,0.477294921875,0.27044677734375,0.15887451171875,0.0933837890625,4,676,621,551,479,0.13166329264640808,0.23542459309101105,0.3225420117378235,0.41421249508857727,0.3625236451625824,0.3677062690258026,0.3499889075756073,0.33730626106262207
42,1560,0.2172040343284607,0.00020824636158067733,0.47515869140625,0.27032470703125,0.15911865234375,0.09539794921875,4,677,623,548,479,0.13271255791187286,0.23439520597457886,0.32150790095329285,0.4153527617454529,0.3638767600059509,0.3660845160484314,0.3483848571777344,0.3389180302619934
42,1580,0.2169795036315918,0.00020824636158067733,0.47479248046875,0.273193359375,0.15789794921875,0.0941162109375,4,676,622,549,487,0.1327126920223236,0.2346675992012024,0.3221147060394287,0.414355993270874,0.363909512758255,0.36668074131011963,0.34933605790138245,0.33733484148979187
42,1600,0.21793898940086365,0.00020824636158067733,0.472412109375,0.27081298828125,0.15966796875,0.09710693359375,4,677,621,550,481,0.13240565359592438,0.23505327105522156,0.32203441858291626,0.4151598811149597,0.3635042905807495,0.36715489625930786,0.3491889536380768,0.33902421593666077
42,1620,0.21649187803268433,0.00020824636158067733,0.47802734375,0.27044677734375,0.156982421875,0.09454345703125,4,678,620,543,479,0.1326156109571457,0.23455363512039185,0.32147642970085144,0.41459840536117554,0.36393049359321594,0.3663555681705475,0.34841176867485046,0.33803683519363403
42,1640,0.21679192781448364,0.00020824636158067733,0.47491455078125,0.27117919921875,0.158935546875,0.094970703125,4,675,618,549,486,0.13212518393993378,0.2343015819787979,0.32176917791366577,0.4145013689994812,0.3630407750606537,0.3661256730556488,0.34872153401374817,0.3379598557949066
42,1660,0.21653126180171967,0.00020824636158067733,0.473876953125,0.27337646484375,0.15765380859375,0.0950927734375,4,678,620,548,478,0.13134457170963287,0.23389369249343872,0.3228677809238434,0.41483426094055176,0.3620864748954773,0.3655500113964081,0.350350946187973,0.338280588388443
42,1680,0.21688756346702576,0.00020824636158067733,0.47674560546875,0.26983642578125,0.15765380859375,0.09576416015625,4,673,623,549,483,0.13208456337451935,0.23456566035747528,0.322880357503891,0.4147600531578064,0.3631492257118225,0.366411030292511,0.3502334952354431,0.33838194608688354
42,1700,0.21527604758739471,0.00020824636158067733,0.47906494140625,0.27099609375,0.15673828125,0.09320068359375,4,678,621,544,476,0.13143132627010345,0.23363763093948364,0.32251644134521484,0.41251140832901,0.36233335733413696,0.3654118478298187,0.3499050736427307,0.33497923612594604
42,1720,0.21614915132522583,0.00020824636158067733,0.47503662109375,0.2711181640625,0.15887451171875,0.094970703125,4,676,621,543,484,0.13151246309280396,0.23347702622413635,0.32157620787620544,0.4136619567871094,0.3622574210166931,0.3650258481502533,0.3484262228012085,0.3368716835975647
42,1740,0.21786299347877502,0.00020824636158067733,0.4722900390625,0.27130126953125,0.1588134765625,0.09759521484375,4,679,623,542,483,0.13258664309978485,0.2353111356496811,0.32119515538215637,0.413886159658432,0.36349910497665405,0.36730340123176575,0.3478328585624695,0.33740949630737305
42,1760,0.21541616320610046,0.00020824636158067733,0.477783203125,0.271728515625,0.15533447265625,0.09515380859375,4,679,617,541,486,0.130838543176651,0.23419985175132751,0.32115980982780457,0.4138326048851013,0.36145156621932983,0.3660595715045929,0.347988486289978,0.33709853887557983
42,1780,0.21714633703231812,0.00020824636158067733,0.47198486328125,0.27166748046875,0.1605224609375,0.0958251953125,4,678,621,550,483,0.13122901320457458,0.23421983420848846,0.3235478401184082,0.41368699073791504,0.36197492480278015,0.366121768951416,0.35135531425476074,0.3369671404361725
42,1800,0.21681727468967438,0.00020824636158067733,0.47222900390625,0.27301025390625,0.16033935546875,0.09442138671875,4,674,621,545,478,0.13182200491428375,0.23394714295864105,0.3222811818122864,0.4132833778858185,0.3625766634941101,0.3658263087272644,0.34926819801330566,0.33627545833587646
42,1820,0.21515893936157227,0.00020824636158067733,0.47393798828125,0.27349853515625,0.157958984375,0.0946044921875,4,676,619,543,475,0.1303955763578415,0.23342262208461761,0.3203272521495819,0.4113990366458893,0.3605511784553528,0.364962100982666,0.3466002345085144,0.33346423506736755
42,1840,0.21494555473327637,0.00020824636158067733,0.476806640625,0.27001953125,0.159423828125,0.09375,4,679,619,541,480,0.13069844245910645,0.23234668374061584,0.32152828574180603,0.41205617785453796,0.36107099056243896,0.363375186920166,0.34843549132347107,0.3342660367488861
42,1860,0.21514053642749786,0.00020824636158067733,0.47650146484375,0.2701416015625,0.15899658203125,0.0943603515625,4,675,622,542,488,0.12984958291053772,0.23375141620635986,0.3222891688346863,0.4120180904865265,0.3601490557193756,0.36543694138526917,0.34954723715782166,0.3345567286014557
42,1880,0.2149668037891388,0.00020824636158067733,0.47796630859375,0.26995849609375,0.158935546875,0.0931396484375,4,681,624,542,471,0.13095271587371826,0.2327990084886551,0.32209518551826477,0.4116117060184479,0.36163488030433655,0.3641510605812073,0.3493634760379791,0.33380720019340515
42,1900,0.2154427319765091,0.00020824636158067733,0.4735107421875,0.27410888671875,0.157958984375,0.09442138671875,4,676,622,541,474,0.13057757914066315,0.23267792165279388,0.3224499523639679,0.41198185086250305,0.36106088757514954,0.3640044331550598,0.34950363636016846,0.33433201909065247
42,1920,0.21500825881958008,0.00020824636158067733,0.47528076171875,0.2720947265625,0.158447265625,0.09417724609375,4,680,619,549,481,0.1310093253850937,0.23144488036632538,0.32201963663101196,0.4113943874835968,0.3616105020046234,0.36215218901634216,0.3488284945487976,0.33334559202194214
42,1940,0.21514728665351868,0.00020824636158067733,0.47705078125,0.2711181640625,0.1566162109375,0.09521484375,4,676,624,544,477,0.1304270327091217,0.23315826058387756,0.32232871651649475,0.41203293204307556,0.360925555229187,0.3646387457847595,0.3494403064250946,0.33462560176849365
42,1960,0.21410951018333435,0.00020824636158067733,0.47698974609375,0.27130126953125,0.1571044921875,0.0946044921875,4,677,619,542,476,0.1298607736825943,0.23206481337547302,0.32100388407707214,0.4098813533782959,0.36007869243621826,0.36289018392562866,0.3476795554161072,0.3313026428222656
42,1980,0.2147185057401657,0.00020824636158067733,0.47613525390625,0.27069091796875,0.157470703125,0.095703125,4,676,620,544,481,0.12980450689792633,0.23253192007541656,0.3214138448238373,0.4112350344657898,0.36004385352134705,0.36368507146835327,0.34824472665786743,0.3333679735660553
42,2000,0.21593773365020752,0.00020824636158067733,0.47369384765625,0.2696533203125,0.1600341796875,0.09661865234375,4,680,619,548,484,0.1308687925338745,0.23281538486480713,0.32045215368270874,0.41279032826423645,0.3612895607948303,0.3639993965625763,0.34669604897499084,0.33576029539108276
43,0,0.3134934902191162,0.00020824636158067733,0.2996826171875,0.34796142578125,0.16009521484375,0.1922607421875,4,696,648,585,544,0.20625579357147217,0.29177549481391907,0.3805381655693054,0.46412619948387146,0.43900159001350403,0.42340269684791565,0.4110771417617798,0.3836030960083008
43,20,0.28601205348968506,0.00020824636158067733,0.34222412109375,0.3099365234375,0.18707275390625,0.1607666015625,4,696,636,588,516,0.186738058924675,0.27316656708717346,0.3611113131046295,0.43471336364746094,0.4295707941055298,0.415372371673584,0.39732563495635986,0.3655618131160736
43,40,0.2633955478668213,0.00020824636158067733,0.4014892578125,0.28955078125,0.18304443359375,0.12591552734375,4,693,620,565,470,0.1778467893600464,0.25964081287384033,0.346201092004776,0.4244322180747986,0.42101868987083435,0.39921218156814575,0.3822678327560425,0.3472878932952881
43,60,0.2548510432243347,0.00020824636158067733,0.42431640625,0.28009033203125,0.18133544921875,0.1142578125,4,687,613,546,455,0.1721729189157486,0.25542086362838745,0.34196561574935913,0.42223674058914185,0.41473373770713806,0.3926927447319031,0.37470611929893494,0.33916234970092773
43,80,0.25105029344558716,0.00020824636158067733,0.43316650390625,0.28387451171875,0.1715087890625,0.1114501953125,4,687,611,541,447,0.17015105485916138,0.25349098443984985,0.33997026085853577,0.42242231965065,0.41214779019355774,0.3902483284473419,0.37044280767440796,0.33728253841400146
43,100,0.25035837292671204,0.00020824636158067733,0.434326171875,0.28082275390625,0.1724853515625,0.11236572265625,4,688,610,539,458,0.16848574578762054,0.2526027262210846,0.3395833969116211,0.42424720525741577,0.41000765562057495,0.38872775435447693,0.36936935782432556,0.3405793309211731
43,120,0.24987229704856873,0.00020824636158067733,0.4351806640625,0.2833251953125,0.16937255859375,0.11212158203125,4,686,612,535,463,0.16780449450016022,0.25324803590774536,0.33965253829956055,0.42425066232681274,0.4091508388519287,0.3894879221916199,0.3693350553512573,0.342999666929245
43,140,0.24884265661239624,0.00020824636158067733,0.43597412109375,0.2840576171875,0.17047119140625,0.1094970703125,4,685,611,532,459,0.1665387898683548,0.2528989017009735,0.3391511142253876,0.42542412877082825,0.4075621962547302,0.38925454020500183,0.36925384402275085,0.3449726104736328
43,160,0.24735210835933685,0.00020824636158067733,0.4388427734375,0.28521728515625,0.16766357421875,0.1082763671875,4,684,611,538,464,0.16499042510986328,0.2529163956642151,0.33881235122680664,0.42488154768943787,0.4057721793651581,0.3895064890384674,0.36862629652023315,0.34467145800590515
43,180,0.24588456749916077,0.00020824636158067733,0.44036865234375,0.28436279296875,0.1673583984375,0.10791015625,4,674,612,538,461,0.16301186382770538,0.2522823214530945,0.33718374371528625,0.4256226420402527,0.4030405879020691,0.3884403705596924,0.36683955788612366,0.3465796709060669
43,200,0.24324381351470947,0.00020824636158067733,0.4498291015625,0.28070068359375,0.16302490234375,0.1064453125,4,677,610,537,469,0.16118581593036652,0.25086358189582825,0.3368631899356842,0.42653894424438477,0.40099719166755676,0.3866049349308014,0.36629414558410645,0.34874629974365234
43,220,0.24225008487701416,0.00020824636158067733,0.44842529296875,0.28106689453125,0.16607666015625,0.10443115234375,4,679,608,539,471,0.1597697138786316,0.24998819828033447,0.3363361358642578,0.4259677529335022,0.39912939071655273,0.38576191663742065,0.36614733934402466,0.3481335937976837
43,240,0.241791769862175,0.00020824636158067733,0.4481201171875,0.2786865234375,0.16497802734375,0.10821533203125,4,675,606,540,473,0.15855348110198975,0.24825812876224518,0.3364306390285492,0.4255490005016327,0.3975401222705841,0.38324791193008423,0.36659687757492065,0.3496926426887512
43,260,0.23910006880760193,0.00020824636158067733,0.45379638671875,0.2796630859375,0.16180419921875,0.104736328125,4,673,610,542,476,0.15661348402500153,0.2468429058790207,0.33595767617225647,0.42618680000305176,0.3952276110649109,0.38189896941185,0.3664066791534424,0.35129067301750183
43,280,0.23818476498126984,0.00020824636158067733,0.45556640625,0.2767333984375,0.1636962890625,0.10400390625,4,673,611,543,459,0.15590022504329681,0.2450874149799347,0.3355945944786072,0.42693015933036804,0.3941667079925537,0.37985092401504517,0.3665337860584259,0.35257646441459656
43,300,0.23835204541683197,0.00020824636158067733,0.45159912109375,0.27667236328125,0.1651611328125,0.1065673828125,4,666,609,550,491,0.15440784394741058,0.24402232468128204,0.33614876866340637,0.4277915954589844,0.39216455817222595,0.37847980856895447,0.3676806390285492,0.35486024618148804
43,320,0.23614074289798737,0.00020824636158067733,0.45831298828125,0.272705078125,0.16375732421875,0.105224609375,4,669,609,546,476,0.15311840176582336,0.24148182570934296,0.3358660936355591,0.4287089407444,0.3906894624233246,0.37524938583374023,0.36751773953437805,0.35588130354881287
43,340,0.23383209109306335,0.00020824636158067733,0.4619140625,0.27386474609375,0.16009521484375,0.1041259765625,4,668,608,543,473,0.15161186456680298,0.23972351849079132,0.33445972204208374,0.4283582866191864,0.3886180520057678,0.37298014760017395,0.3654925525188446,0.35535669326782227
43,360,0.23192550241947174,0.00020824636158067733,0.46502685546875,0.271728515625,0.16021728515625,0.10302734375,4,666,602,544,481,0.14954183995723724,0.23843775689601898,0.3341042101383209,0.42770153284072876,0.38605254888534546,0.3710575997829437,0.3652900755405426,0.3549835681915283
43,380,0.2313067764043808,0.00020824636158067733,0.46453857421875,0.2769775390625,0.1549072265625,0.10357666015625,4,673,605,544,486,0.149116650223732,0.23775231838226318,0.3342730700969696,0.42869678139686584,0.38582125306129456,0.37078213691711426,0.3656327724456787,0.3567866086959839
43,400,0.22900864481925964,0.00020824636158067733,0.46697998046875,0.27752685546875,0.15496826171875,0.10052490234375,4,665,605,543,483,0.1474095731973648,0.23633308708667755,0.3332127332687378,0.4272090792655945,0.38325193524360657,0.3688148856163025,0.3641006052494049,0.35476404428482056
43,420,0.2279798537492752,0.00020824636158067733,0.46734619140625,0.27825927734375,0.15277099609375,0.10162353515625,4,664,600,539,484,0.14638857543468475,0.2353544533252716,0.33240845799446106,0.4260212182998657,0.3819768726825714,0.3675314784049988,0.36277562379837036,0.3531745374202728
43,440,0.2272864282131195,0.00020824636158067733,0.4656982421875,0.2794189453125,0.15399169921875,0.10089111328125,4,661,608,546,477,0.14525745809078217,0.23464417457580566,0.33155956864356995,0.42638882994651794,0.38051992654800415,0.3666982054710388,0.3621289134025574,0.3537937104701996
43,460,0.22682298719882965,0.00020824636158067733,0.4677734375,0.2760009765625,0.15380859375,0.1024169921875,4,665,608,541,485,0.14472930133342743,0.23382258415222168,0.3313100337982178,0.4259926676750183,0.3798272907733917,0.365547239780426,0.362032413482666,0.353890985250473
43,480,0.22562621533870697,0.00020824636158067733,0.4710693359375,0.2740478515625,0.1533203125,0.1015625,4,663,608,535,484,0.1432563066482544,0.2336047887802124,0.3312566876411438,0.4266860783100128,0.3780924379825592,0.36525580286979675,0.36202818155288696,0.35503289103507996
43,500,0.22481974959373474,0.00020824636158067733,0.4683837890625,0.27801513671875,0.153564453125,0.10003662109375,4,664,611,542,482,0.14257898926734924,0.23267775774002075,0.33113574981689453,0.4248391091823578,0.37697240710258484,0.36409467458724976,0.3616013526916504,0.35223084688186646
43,520,0.2251589447259903,0.00020824636158067733,0.46893310546875,0.2745361328125,0.1539306640625,0.10260009765625,4,668,610,539,483,0.14228883385658264,0.23235028982162476,0.330496609210968,0.42663589119911194,0.37665820121765137,0.3635222613811493,0.3611350357532501,0.3552060127258301
43,540,0.22265426814556122,0.00020824636158067733,0.4755859375,0.27532958984375,0.151123046875,0.09796142578125,4,667,606,538,476,0.14196759462356567,0.23163188993930817,0.32922857999801636,0.42473167181015015,0.3763575553894043,0.36266854405403137,0.3593137562274933,0.35216599702835083
43,560,0.22300337255001068,0.00020824636158067733,0.47186279296875,0.279052734375,0.149169921875,0.09991455078125,4,665,608,539,474,0.14147239923477173,0.23230597376823425,0.328278511762619,0.4248921275138855,0.37562158703804016,0.36356785893440247,0.358043372631073,0.3526104688644409
43,580,0.22263090312480927,0.00020824636158067733,0.472412109375,0.2750244140625,0.1541748046875,0.098388671875,4,667,605,538,470,0.14121116697788239,0.23075266182422638,0.32877933979034424,0.42452991008758545,0.3750416338443756,0.36143261194229126,0.3588446080684662,0.35195252299308777
43,600,0.2222294807434082,0.00020824636158067733,0.47161865234375,0.275634765625,0.15350341796875,0.0992431640625,4,665,609,546,477,0.14043550193309784,0.2302931547164917,0.32852983474731445,0.42411214113235474,0.3739107549190521,0.36076119542121887,0.35849103331565857,0.3513588309288025
43,620,0.22213764488697052,0.00020824636158067733,0.4725341796875,0.27520751953125,0.1529541015625,0.09930419921875,4,666,609,540,477,0.14034327864646912,0.2310549020767212,0.3279702961444855,0.4236299991607666,0.37391197681427,0.3619042932987213,0.3576517105102539,0.3508906066417694
43,640,0.2207271158695221,0.00020824636158067733,0.476318359375,0.27215576171875,0.15289306640625,0.0986328125,4,664,606,540,470,0.1394641399383545,0.2298910915851593,0.3268463909626007,0.4233788549900055,0.37278681993484497,0.3602178990840912,0.3561028838157654,0.3506374955177307
43,660,0.21961289644241333,0.00020824636158067733,0.47796630859375,0.275146484375,0.1502685546875,0.09661865234375,4,666,608,538,476,0.13883891701698303,0.22999554872512817,0.3268018662929535,0.4229208827018738,0.3721083700656891,0.36045318841934204,0.3559657633304596,0.3499654233455658
43,680,0.22139647603034973,0.00020824636158067733,0.47210693359375,0.27496337890625,0.1539306640625,0.0989990234375,4,670,612,546,482,0.1393410712480545,0.23014318943023682,0.3275289833545685,0.42338699102401733,0.3726063072681427,0.36063387989997864,0.35709112882614136,0.35077381134033203
43,700,0.2199958860874176,0.00020824636158067733,0.47564697265625,0.277099609375,0.14892578125,0.09832763671875,4,669,607,546,476,0.13875962793827057,0.23031264543533325,0.3262336254119873,0.42298561334609985,0.3718089461326599,0.3609601557254791,0.35515397787094116,0.35013115406036377
43,720,0.22004732489585876,0.00020824636158067733,0.47564697265625,0.2735595703125,0.15313720703125,0.09765625,4,669,610,540,468,0.13850843906402588,0.22998885810375214,0.32614320516586304,0.422972172498703,0.37152811884880066,0.3604775369167328,0.35516247153282166,0.3501567840576172
43,740,0.21936753392219543,0.00020824636158067733,0.47576904296875,0.27374267578125,0.1533203125,0.09716796875,4,668,610,537,475,0.13809433579444885,0.22910216450691223,0.32524770498275757,0.4228183627128601,0.37060070037841797,0.35922861099243164,0.35387346148490906,0.3499121367931366
43,760,0.21851488947868347,0.00020824636158067733,0.47564697265625,0.277099609375,0.14990234375,0.09735107421875,4,667,610,538,478,0.13712380826473236,0.22904442250728607,0.3249726891517639,0.4222869277000427,0.3693941533565521,0.35917016863822937,0.35339605808258057,0.3491261601448059
43,780,0.21927188336849213,0.00020824636158067733,0.47674560546875,0.2720947265625,0.15142822265625,0.0997314453125,4,670,612,539,472,0.13740527629852295,0.22925327718257904,0.32520586252212524,0.4225405156612396,0.37013599276542664,0.35938310623168945,0.35381758213043213,0.3495727479457855
43,800,0.22018560767173767,0.00020824636158067733,0.4766845703125,0.26953125,0.1539306640625,0.099853515625,4,670,608,541,487,0.1381872296333313,0.22945617139339447,0.3263062536716461,0.4230172038078308,0.3711504340171814,0.35960498452186584,0.35530832409858704,0.35030415654182434
43,820,0.21878015995025635,0.00020824636158067733,0.47662353515625,0.27294921875,0.15130615234375,0.09912109375,4,667,610,538,483,0.13692709803581238,0.22853657603263855,0.3253917396068573,0.4227639138698578,0.3692036271095276,0.35843077301979065,0.35402965545654297,0.3498326241970062
43,840,0.2187497317790985,0.00020824636158067733,0.47650146484375,0.2733154296875,0.15252685546875,0.09765625,4,669,612,545,483,0.1373433768749237,0.22806082665920258,0.32587918639183044,0.42257964611053467,0.36994612216949463,0.3578183352947235,0.35467830300331116,0.34953534603118896
43,860,0.21849660575389862,0.00020824636158067733,0.4794921875,0.26824951171875,0.1536865234375,0.09857177734375,4,669,606,543,478,0.13682220876216888,0.22863271832466125,0.325307697057724,0.4216762185096741,0.36922332644462585,0.35840287804603577,0.3539334535598755,0.34829995036125183
43,880,0.2180243581533432,0.00020824636158067733,0.47845458984375,0.274658203125,0.1495361328125,0.09735107421875,4,672,614,541,474,0.13695283234119415,0.22837947309017181,0.32490527629852295,0.4230797588825226,0.36943715810775757,0.35821619629859924,0.3534090220928192,0.3500111997127533
43,900,0.2179037183523178,0.00020824636158067733,0.48004150390625,0.2698974609375,0.15191650390625,0.09814453125,4,667,611,538,483,0.1365467607975006,0.2284521460533142,0.3248051106929779,0.42135491967201233,0.36878398060798645,0.3582446873188019,0.3532382845878601,0.3478684425354004
43,920,0.21851405501365662,0.00020824636158067733,0.47674560546875,0.2733154296875,0.151123046875,0.09881591796875,4,671,610,536,477,0.13714197278022766,0.22872509062290192,0.3242848515510559,0.4210982918739319,0.36958134174346924,0.3587140440940857,0.3524881899356842,0.34761133790016174
43,940,0.21867825090885162,0.00020824636158067733,0.47491455078125,0.27459716796875,0.1514892578125,0.0989990234375,4,671,610,545,482,0.1366216540336609,0.22872436046600342,0.3247652053833008,0.4221164584159851,0.3688020408153534,0.35868313908576965,0.3530692458152771,0.3491051197052002
43,960,0.2181950956583023,0.00020824636158067733,0.479736328125,0.271728515625,0.15020751953125,0.09832763671875,4,670,611,542,482,0.1370561271905899,0.2290305346250534,0.32469987869262695,0.42142558097839355,0.36950668692588806,0.3591478168964386,0.3530924320220947,0.34810420870780945
43,980,0.21860380470752716,0.00020824636158067733,0.47509765625,0.2745361328125,0.15234375,0.0980224609375,4,674,612,542,479,0.1365589201450348,0.22940540313720703,0.32465860247612,0.4211811125278473,0.3688018023967743,0.3596208989620209,0.35301339626312256,0.3477161228656769
43,1000,0.21914243698120117,0.00020824636158067733,0.47454833984375,0.27130126953125,0.1539306640625,0.1002197265625,4,670,613,543,492,0.1366027593612671,0.22875627875328064,0.3248354494571686,0.4216116666793823,0.3687034845352173,0.3587352931499481,0.3531797230243683,0.3485003411769867
43,1020,0.21800708770751953,0.00020824636158067733,0.4752197265625,0.2757568359375,0.150390625,0.0986328125,4,673,611,542,485,0.13610877096652985,0.22866347432136536,0.32358962297439575,0.4218186140060425,0.36814847588539124,0.358576238155365,0.3514978587627411,0.34857866168022156
43,1040,0.2184806764125824,0.00020824636158067733,0.47613525390625,0.27471923828125,0.15057373046875,0.09857177734375,4,675,612,540,484,0.13692155480384827,0.22931186854839325,0.3237555921077728,0.4214394688606262,0.3692602217197418,0.3595624566078186,0.3516695499420166,0.34820830821990967
43,1060,0.2174953669309616,0.00020824636158067733,0.47882080078125,0.2747802734375,0.1500244140625,0.09637451171875,4,672,610,546,483,0.136281356215477,0.22898508608341217,0.32470646500587463,0.42134103178977966,0.36872726678848267,0.35908186435699463,0.353084534406662,0.347870796918869
43,1080,0.21737264096736908,0.00020824636158067733,0.48004150390625,0.26904296875,0.15179443359375,0.09912109375,4,672,608,537,483,0.13585716485977173,0.22809715569019318,0.3238542973995209,0.4199746549129486,0.36777716875076294,0.3577840030193329,0.3517509400844574,0.3460893929004669
43,1100,0.21834728121757507,0.00020824636158067733,0.47796630859375,0.27020263671875,0.1512451171875,0.1005859375,4,677,609,542,492,0.13607263565063477,0.22874759137630463,0.3245733082294464,0.42163774371147156,0.36808910965919495,0.3587002754211426,0.3528560400009155,0.34844282269477844
43,1120,0.21794843673706055,0.00020824636158067733,0.47698974609375,0.27362060546875,0.15106201171875,0.09832763671875,4,675,612,537,490,0.136392280459404,0.22876200079917908,0.3240903317928314,0.42042094469070435,0.36858633160591125,0.3587350845336914,0.3521372675895691,0.34672820568084717
43,1140,0.21781469881534576,0.00020824636158067733,0.4798583984375,0.2681884765625,0.15155029296875,0.10040283203125,4,675,611,542,485,0.13581325113773346,0.22854746878147125,0.323660671710968,0.4212920367717743,0.36792513728141785,0.3583807051181793,0.3515315353870392,0.3481442630290985
43,1160,0.21625246107578278,0.00020824636158067733,0.47979736328125,0.2735595703125,0.15057373046875,0.0960693359375,4,676,608,540,481,0.13524368405342102,0.22763508558273315,0.32384946942329407,0.41977933049201965,0.3671768009662628,0.3571738004684448,0.3516519069671631,0.34552356600761414
43,1180,0.2165006399154663,0.00020824636158067733,0.47943115234375,0.2725830078125,0.1505126953125,0.09747314453125,4,674,611,537,486,0.13503845036029816,0.22758182883262634,0.32387661933898926,0.42038780450820923,0.3668873906135559,0.3570730984210968,0.35187748074531555,0.34646740555763245
43,1200,0.21735689043998718,0.00020824636158067733,0.47625732421875,0.27197265625,0.1524658203125,0.09930419921875,4,674,612,538,482,0.13472425937652588,0.228332057595253,0.32372963428497314,0.42028114199638367,0.3662559688091278,0.35803183913230896,0.3516818881034851,0.3464337885379791
43,1220,0.2178003489971161,0.00020824636158067733,0.47625732421875,0.271484375,0.1527099609375,0.09954833984375,4,676,612,537,486,0.13536745309829712,0.2284531146287918,0.32401591539382935,0.4201848804950714,0.3671667277812958,0.3583369851112366,0.35192230343818665,0.346436470746994
43,1240,0.21699948608875275,0.00020824636158067733,0.47821044921875,0.2716064453125,0.15130615234375,0.098876953125,4,675,613,539,484,0.1345898061990738,0.2284216731786728,0.3239377439022064,0.42054957151412964,0.3663719594478607,0.3582986891269684,0.35197511315345764,0.34683728218078613
43,1260,0.2166004329919815,0.00020824636158067733,0.47979736328125,0.27020263671875,0.151611328125,0.098388671875,4,673,612,530,485,0.13441237807273865,0.2285534292459488,0.32356899976730347,0.4197360873222351,0.366005539894104,0.3584156632423401,0.35145485401153564,0.34556955099105835
43,1280,0.21769991517066956,0.00020824636158067733,0.4794921875,0.26788330078125,0.15087890625,0.10174560546875,4,677,614,544,489,0.13508883118629456,0.2288997769355774,0.32396602630615234,0.41994738578796387,0.36716368794441223,0.35885506868362427,0.35183224081993103,0.3460172414779663
43,1300,0.21825045347213745,0.00020824636158067733,0.476318359375,0.26776123046875,0.15313720703125,0.102783203125,4,676,615,539,494,0.13498583436012268,0.22782526910305023,0.32448652386665344,0.42089083790779114,0.36665916442871094,0.35721829533576965,0.352638840675354,0.3471922278404236
43,1320,0.21844017505645752,0.00020824636158067733,0.472900390625,0.2708740234375,0.15643310546875,0.09979248046875,4,679,611,540,489,0.13519899547100067,0.2282584011554718,0.32432740926742554,0.42026934027671814,0.36674585938453674,0.35806137323379517,0.35238340497016907,0.34645068645477295
43,1340,0.21735702455043793,0.00020824636158067733,0.47711181640625,0.27215576171875,0.15240478515625,0.09832763671875,4,680,617,537,482,0.13507476449012756,0.22899511456489563,0.32358330488204956,0.4197523593902588,0.3667730391025543,0.35910162329673767,0.3514529764652252,0.3456626832485199
43,1360,0.21643854677677155,0.00020824636158067733,0.48046875,0.2698974609375,0.15203857421875,0.09759521484375,4,681,612,534,475,0.13431520760059357,0.22896640002727509,0.32354307174682617,0.4192398488521576,0.3660689890384674,0.3589915931224823,0.3514355421066284,0.3449626564979553
43,1380,0.2174496054649353,0.00020824636158067733,0.47674560546875,0.26947021484375,0.15283203125,0.1009521484375,4,677,617,542,486,0.1340673565864563,0.22865736484527588,0.32363924384117126,0.42054352164268494,0.365414023399353,0.35853874683380127,0.351571261882782,0.34671539068222046
43,1400,0.2167155146598816,0.00020824636158067733,0.478271484375,0.26947021484375,0.1534423828125,0.09881591796875,4,679,612,536,479,0.13394463062286377,0.22808286547660828,0.3233831822872162,0.420695424079895,0.36525434255599976,0.3578079640865326,0.3511802554130554,0.34701013565063477
43,1420,0.21697935461997986,0.00020824636158067733,0.478271484375,0.26953125,0.15228271484375,0.09991455078125,4,682,616,538,481,0.1338067650794983,0.22930489480495453,0.3235553205013275,0.41942501068115234,0.36525970697402954,0.3594439625740051,0.3514295220375061,0.3452620506286621
43,1440,0.21641023457050323,0.00020824636158067733,0.47796630859375,0.271484375,0.15264892578125,0.097900390625,4,682,619,537,483,0.1335374116897583,0.22960464656352997,0.3229176700115204,0.41835102438926697,0.3647432029247284,0.3599015474319458,0.35050123929977417,0.34362369775772095
43,1460,0.21662387251853943,0.00020824636158067733,0.47857666015625,0.27105712890625,0.15118408203125,0.09918212890625,4,682,617,539,484,0.13408277928829193,0.22920575737953186,0.3226605951786041,0.4188859760761261,0.3656744658946991,0.3593442738056183,0.35000115633010864,0.34449154138565063
43,1480,0.2169044315814972,0.00020824636158067733,0.47637939453125,0.26995849609375,0.1546630859375,0.0989990234375,4,683,614,540,479,0.13360844552516937,0.2290356159210205,0.32314106822013855,0.41867104172706604,0.36499300599098206,0.3589729964733124,0.3508020043373108,0.34417444467544556
43,1500,0.2161179780960083,0.00020824636158067733,0.478759765625,0.2696533203125,0.15386962890625,0.09771728515625,4,685,616,543,475,0.13325496017932892,0.2289549559354782,0.3229565918445587,0.418443888425827,0.36448708176612854,0.35895058512687683,0.3505595624446869,0.3437349796295166
43,1520,0.21593061089515686,0.00020824636158067733,0.48052978515625,0.2698974609375,0.15130615234375,0.0982666015625,4,685,613,544,487,0.13334839046001434,0.22881175577640533,0.323036253452301,0.419467568397522,0.36475905776023865,0.35867613554000854,0.3506394028663635,0.34522101283073425
43,1540,0.216464564204216,0.00020824636158067733,0.47930908203125,0.26898193359375,0.152587890625,0.09912109375,4,683,617,537,484,0.13364779949188232,0.22949275374412537,0.3227302134037018,0.4179922044277191,0.36506959795951843,0.35973402857780457,0.3501279056072235,0.34337279200553894
43,1560,0.2162473201751709,0.00020824636158067733,0.47930908203125,0.2706298828125,0.15020751953125,0.099853515625,4,687,618,538,481,0.13367782533168793,0.2286066710948944,0.32210075855255127,0.41986092925071716,0.36511969566345215,0.3584492802619934,0.3493579030036926,0.3458598554134369
43,1580,0.21591803431510925,0.00020824636158067733,0.47686767578125,0.27093505859375,0.15478515625,0.097412109375,4,681,618,543,483,0.1325892060995102,0.22878552973270416,0.322548508644104,0.4186212122440338,0.3635445535182953,0.35872796177864075,0.349905401468277,0.34396523237228394
43,1600,0.2164442092180252,0.00020824636158067733,0.4803466796875,0.26800537109375,0.1533203125,0.09832763671875,4,689,618,536,484,0.13350816071033478,0.22982041537761688,0.32329753041267395,0.41852742433547974,0.36510398983955383,0.36015015840530396,0.35095730423927307,0.34400904178619385
43,1620,0.21522462368011475,0.00020824636158067733,0.47943115234375,0.2711181640625,0.15203857421875,0.097412109375,4,685,618,539,475,0.13235677778720856,0.22880297899246216,0.3220432698726654,0.41856223344802856,0.36328351497650146,0.3586384952068329,0.3493140935897827,0.3438548743724823
43,1640,0.2151670604944229,0.00020824636158067733,0.480224609375,0.26947021484375,0.15325927734375,0.0970458984375,4,685,620,541,477,0.1322384625673294,0.2290382981300354,0.3219940662384033,0.4183105230331421,0.3632042407989502,0.3591117560863495,0.34913063049316406,0.34345266222953796
43,1660,0.21651804447174072,0.00020824636158067733,0.47747802734375,0.26708984375,0.155029296875,0.10040283203125,4,684,616,544,491,0.13228632509708405,0.22925429046154022,0.3229438364505768,0.41888219118118286,0.3630883991718292,0.35921919345855713,0.35055699944496155,0.34460127353668213
43,1680,0.2153226137161255,0.00020824636158067733,0.4801025390625,0.26885986328125,0.153076171875,0.09796142578125,4,690,618,546,484,0.13225382566452026,0.22858910262584686,0.3225499391555786,0.4184715151786804,0.36301663517951965,0.35846084356307983,0.34988391399383545,0.34401798248291016
43,1700,0.21563997864723206,0.00020824636158067733,0.48046875,0.26953125,0.15234375,0.09765625,4,687,619,544,480,0.13216230273246765,0.2292688637971878,0.32434961199760437,0.4191477596759796,0.3633633255958557,0.35934221744537354,0.35250937938690186,0.34465739130973816
43,1720,0.21477729082107544,0.00020824636158067733,0.48193359375,0.266845703125,0.15435791015625,0.09686279296875,4,689,619,536,477,0.13187050819396973,0.2282402515411377,0.3229444622993469,0.41781261563301086,0.36260122060775757,0.35788166522979736,0.35055211186408997,0.3428363800048828
43,1740,0.21482178568840027,0.00020824636158067733,0.48187255859375,0.26788330078125,0.1533203125,0.096923828125,4,688,615,539,488,0.1320878565311432,0.22778627276420593,0.3230760097503662,0.41907140612602234,0.3629462718963623,0.3572104871273041,0.3507310450077057,0.3445545732975006
43,1760,0.2159019410610199,0.00020824636158067733,0.4791259765625,0.27020263671875,0.15496826171875,0.095703125,4,686,622,546,476,0.13266749680042267,0.22973299026489258,0.32401546835899353,0.4184912145137787,0.36396411061286926,0.36003103852272034,0.35206541419029236,0.343947172164917
43,1780,0.21467594802379608,0.00020824636158067733,0.48162841796875,0.2664794921875,0.15594482421875,0.095947265625,4,686,620,545,481,0.1315346211194992,0.22830305993556976,0.3231465816497803,0.4178755283355713,0.3620360791683197,0.3579704463481903,0.3508477807044983,0.3428797125816345
43,1800,0.21647684276103973,0.00020824636158067733,0.47735595703125,0.26861572265625,0.1544189453125,0.099609375,4,685,623,549,486,0.13236378133296967,0.2293372005224228,0.32374241948127747,0.41860201954841614,0.36327454447746277,0.3592455983161926,0.35170361399650574,0.34405913949012756
43,1820,0.2148834615945816,0.00020824636158067733,0.4788818359375,0.26934814453125,0.154052734375,0.09771728515625,4,683,620,539,486,0.13131727278232574,0.22826635837554932,0.322425901889801,0.4179844856262207,0.36182865500450134,0.35791462659835815,0.34971144795417786,0.34323668479919434
43,1840,0.21552976965904236,0.00020824636158067733,0.48065185546875,0.26751708984375,0.15338134765625,0.09844970703125,4,687,623,546,481,0.13249142467975616,0.22848089039325714,0.32263436913490295,0.41888272762298584,0.36360523104667664,0.35818758606910706,0.3501133620738983,0.3444214165210724
43,1860,0.21488653123378754,0.00020824636158067733,0.48272705078125,0.26837158203125,0.15283203125,0.0960693359375,4,686,621,540,482,0.13289181888103485,0.22840893268585205,0.32282689213752747,0.41739946603775024,0.3640228509902954,0.3581242263317108,0.35024699568748474,0.3422629237174988
43,1880,0.21478694677352905,0.00020824636158067733,0.480224609375,0.26885986328125,0.15423583984375,0.0966796875,4,686,620,545,474,0.1320786029100418,0.22816571593284607,0.32189279794692993,0.4175388813018799,0.3628058433532715,0.35769984126091003,0.34903624653816223,0.342428058385849
43,1900,0.21438030898571014,0.00020824636158067733,0.47900390625,0.27020263671875,0.15362548828125,0.09716796875,4,681,615,539,489,0.13082948327064514,0.22787754237651825,0.3228279948234558,0.41726478934288025,0.3612363040447235,0.35736581683158875,0.3503148853778839,0.3420451283454895
43,1920,0.21481271088123322,0.00020824636158067733,0.48260498046875,0.26611328125,0.15386962890625,0.097412109375,4,684,623,542,481,0.1315583735704422,0.22922080755233765,0.3226611912250519,0.41756120324134827,0.36242109537124634,0.35924068093299866,0.35020557045936584,0.34269577264785767
43,1940,0.2155698984861374,0.00020824636158067733,0.47833251953125,0.26806640625,0.15673828125,0.09686279296875,4,682,623,551,482,0.13189616799354553,0.22874510288238525,0.32357358932495117,0.41754332184791565,0.36268502473831177,0.35849663615226746,0.3513529896736145,0.34246447682380676
43,1960,0.2142486870288849,0.00020824636158067733,0.48150634765625,0.2669677734375,0.1541748046875,0.09735107421875,4,688,618,539,485,0.1309908777475357,0.22804632782936096,0.3221464157104492,0.4173334240913391,0.36140838265419006,0.3576267659664154,0.3494553864002228,0.3421676456928253
43,1980,0.2147713601589203,0.00020824636158067733,0.4791259765625,0.2667236328125,0.15625,0.097900390625,4,688,620,546,489,0.13068370521068573,0.2277430146932602,0.32258954644203186,0.41887813806533813,0.36105918884277344,0.35717692971229553,0.35010337829589844,0.3445621132850647
43,2000,0.21441338956356049,0.00020824636158067733,0.481201171875,0.26800537109375,0.15386962890625,0.096923828125,4,686,623,538,481,0.1312924176454544,0.22874422371387482,0.3221384584903717,0.416443407535553,0.36182430386543274,0.35855916142463684,0.34929969906806946,0.3410184979438782
44,0,0.319011926651001,0.00020824636158067733,0.26080322265625,0.30792236328125,0.19317626953125,0.23809814453125,4,691,645,581,548,0.19051411747932434,0.28957679867744446,0.3670494258403778,0.45885613560676575,0.4352598786354065,0.42441868782043457,0.40296074748039246,0.383247435092926
44,20,0.27375999093055725,0.00020824636158067733,0.35809326171875,0.3056640625,0.17681884765625,0.159423828125,4,691,627,560,505,0.17800502479076385,0.2626442611217499,0.34769225120544434,0.4281552731990814,0.4217939078807831,0.4026283025741577,0.3829054534435272,0.3570244014263153
44,40,0.2535574734210968,0.00020824636158067733,0.41876220703125,0.28997802734375,0.1702880859375,0.1209716796875,4,686,609,542,456,0.16946154832839966,0.25346946716308594,0.3402795195579529,0.42280352115631104,0.41146379709243774,0.3898457884788513,0.37072479724884033,0.3388857841491699
44,60,0.24922075867652893,0.00020824636158067733,0.43634033203125,0.2841796875,0.162109375,0.11737060546875,4,685,604,538,457,0.1673077940940857,0.25171175599098206,0.3390161395072937,0.4236881732940674,0.4087894856929779,0.38661912083625793,0.3669802248477936,0.3390653133392334
44,80,0.2500447630882263,0.00020824636158067733,0.43463134765625,0.2857666015625,0.1593017578125,0.12030029296875,4,684,608,533,466,0.1674562245607376,0.2528877258300781,0.3389521837234497,0.42394325137138367,0.40902790427207947,0.38892456889152527,0.36702996492385864,0.3425546884536743
44,100,0.2500585913658142,0.00020824636158067733,0.434814453125,0.283935546875,0.1593017578125,0.1219482421875,4,683,608,535,468,0.16667580604553223,0.25295037031173706,0.3391611874103546,0.424236923456192,0.40807798504829407,0.3887522220611572,0.36717069149017334,0.34375694394111633
44,120,0.24905069172382355,0.00020824636158067733,0.4378662109375,0.28375244140625,0.1588134765625,0.11956787109375,4,684,607,529,474,0.16704215109348297,0.25232523679733276,0.33804377913475037,0.423397958278656,0.40848955512046814,0.38834020495414734,0.3660123348236084,0.34357261657714844
44,140,0.24929232895374298,0.00020824636158067733,0.437744140625,0.28173828125,0.16021728515625,0.12030029296875,4,682,610,539,474,0.16663210093975067,0.25299426913261414,0.33766716718673706,0.42370495200157166,0.40805783867836,0.3890771269798279,0.3663111925125122,0.3452090919017792
44,160,0.24669426679611206,0.00020824636158067733,0.4437255859375,0.2816162109375,0.1572265625,0.117431640625,4,685,609,535,468,0.16474226117134094,0.2513754069805145,0.33680957555770874,0.424477756023407,0.4057546555995941,0.38686540722846985,0.36507555842399597,0.3449677526950836
44,180,0.24623224139213562,0.00020824636158067733,0.43994140625,0.284423828125,0.15679931640625,0.11883544921875,4,683,607,534,485,0.16143405437469482,0.2518557012081146,0.33805760741233826,0.42554423213005066,0.4015909433364868,0.3874063193798065,0.36640194058418274,0.3480224609375
44,200,0.24486695230007172,0.00020824636158067733,0.44659423828125,0.28076171875,0.15789794921875,0.11474609375,4,681,604,533,480,0.1605030596256256,0.25205492973327637,0.3390873670578003,0.4259718954563141,0.4004305303096771,0.3877372145652771,0.36916297674179077,0.3503658175468445
44,220,0.24268241226673126,0.00020824636158067733,0.44964599609375,0.28204345703125,0.15625,0.112060546875,4,680,607,540,486,0.15771953761577606,0.25165003538131714,0.33894404768943787,0.4268067181110382,0.39700907468795776,0.38691046833992004,0.36966201663017273,0.35137903690338135
44,240,0.2420472353696823,0.00020824636158067733,0.44976806640625,0.28216552734375,0.15484619140625,0.11322021484375,4,679,610,543,492,0.15496361255645752,0.25272974371910095,0.33829712867736816,0.4297280013561249,0.39349526166915894,0.3886973559856415,0.3695312738418579,0.35692763328552246
44,260,0.238907128572464,0.00020824636158067733,0.4556884765625,0.2823486328125,0.155517578125,0.1064453125,4,673,610,544,481,0.15234170854091644,0.2513430416584015,0.338706910610199,0.4306957423686981,0.39006292819976807,0.38702547550201416,0.37046998739242554,0.357522577047348
44,280,0.23735085129737854,0.00020824636158067733,0.4603271484375,0.2802734375,0.15399169921875,0.10540771484375,4,678,607,548,490,0.15019811689853668,0.2509417235851288,0.3393704295158386,0.4327770471572876,0.3873797655105591,0.386369526386261,0.3719724714756012,0.36103859543800354
44,300,0.23726153373718262,0.00020824636158067733,0.46148681640625,0.27789306640625,0.15496826171875,0.10565185546875,4,679,609,555,495,0.14976690709590912,0.25035157799720764,0.3400813639163971,0.434192955493927,0.38656437397003174,0.38548943400382996,0.3732801675796509,0.36347728967666626
44,320,0.2353138029575348,0.00020824636158067733,0.4625244140625,0.281494140625,0.151611328125,0.1043701171875,4,677,610,542,491,0.14824160933494568,0.24890805780887604,0.3385399580001831,0.4345669448375702,0.38431620597839355,0.3837096095085144,0.3704933822154999,0.3634752631187439
44,340,0.234104186296463,0.00020824636158067733,0.46832275390625,0.27911376953125,0.150146484375,0.1024169921875,4,681,610,543,500,0.14759373664855957,0.24841877818107605,0.33952656388282776,0.4361274838447571,0.3837263882160187,0.3834976851940155,0.3723190426826477,0.3666590750217438
44,360,0.23268327116966248,0.00020824636158067733,0.47137451171875,0.27947998046875,0.14630126953125,0.10284423828125,4,683,612,546,504,0.14581678807735443,0.2483450025320053,0.33886727690696716,0.4372124671936035,0.3815574049949646,0.3832015097141266,0.3712314963340759,0.3686838448047638
44,380,0.23171043395996094,0.00020824636158067733,0.4710693359375,0.27984619140625,0.1488037109375,0.10028076171875,4,680,615,545,506,0.14473286271095276,0.24724385142326355,0.3393104672431946,0.43727532029151917,0.3800411522388458,0.38206955790519714,0.37173405289649963,0.3686177730560303
44,400,0.2313268780708313,0.00020824636158067733,0.4713134765625,0.279296875,0.150146484375,0.0992431640625,4,681,619,545,498,0.14374078810214996,0.2473817765712738,0.3395739495754242,0.43832874298095703,0.3788037896156311,0.3823065757751465,0.3725048005580902,0.37004920840263367
44,420,0.23062953352928162,0.00020824636158067733,0.471435546875,0.27972412109375,0.15142822265625,0.097412109375,4,682,612,538,498,0.14324215054512024,0.24652044475078583,0.34009552001953125,0.43775174021720886,0.37792274355888367,0.3811805546283722,0.3732111155986786,0.3690963685512543
44,440,0.23073451220989227,0.00020824636158067733,0.46954345703125,0.27972412109375,0.1512451171875,0.0994873046875,4,681,617,543,502,0.142143115401268,0.24640996754169464,0.34000369906425476,0.4386633634567261,0.376315712928772,0.38106438517570496,0.3726082146167755,0.3709094822406769
44,460,0.22908465564250946,0.00020824636158067733,0.47344970703125,0.2806396484375,0.14593505859375,0.0999755859375,4,683,615,537,495,0.14104744791984558,0.24594606459140778,0.33882853388786316,0.43847325444221497,0.3751024901866913,0.3805808126926422,0.3705464005470276,0.3708040714263916
44,480,0.2295512855052948,0.00020824636158067733,0.472412109375,0.28082275390625,0.1485595703125,0.09820556640625,4,683,617,541,492,0.14185389876365662,0.24577099084854126,0.3401851952075958,0.43767276406288147,0.3762565553188324,0.3803345263004303,0.3729709982872009,0.36980482935905457
44,500,0.22891856729984283,0.00020824636158067733,0.4747314453125,0.2774658203125,0.1513671875,0.096435546875,4,683,617,540,493,0.14077278971672058,0.24658772349357605,0.3400108814239502,0.43763044476509094,0.37488195300102234,0.38118699193000793,0.372967928647995,0.36925143003463745
44,520,0.2279534935951233,0.00020824636158067733,0.47662353515625,0.27880859375,0.1490478515625,0.09552001953125,4,683,617,541,488,0.140779510140419,0.24491024017333984,0.3400411307811737,0.4385383129119873,0.37486395239830017,0.3793293535709381,0.3731941878795624,0.3709433376789093
44,540,0.2275664210319519,0.00020824636158067733,0.47650146484375,0.277587890625,0.1502685546875,0.09564208984375,4,685,620,541,487,0.14025962352752686,0.244357168674469,0.3393416404724121,0.43819159269332886,0.374117374420166,0.3786222040653229,0.37185072898864746,0.37008899450302124
44,560,0.2274867445230484,0.00020824636158067733,0.47369384765625,0.28192138671875,0.147216796875,0.09716796875,4,687,621,542,492,0.13976749777793884,0.24411268532276154,0.3383251428604126,0.4389512240886688,0.37321439385414124,0.3783831298351288,0.37040820717811584,0.37140464782714844
44,580,0.22681376338005066,0.00020824636158067733,0.48004150390625,0.2744140625,0.1495361328125,0.09600830078125,4,682,616,540,497,0.14020584523677826,0.24340182542800903,0.33885830640792847,0.43792739510536194,0.3740633428096771,0.37735116481781006,0.3713204264640808,0.36989131569862366
44,600,0.2266857773065567,0.00020824636158067733,0.47686767578125,0.27679443359375,0.15045166015625,0.09588623046875,4,682,622,533,490,0.13923411071300507,0.24324952065944672,0.3386816680431366,0.43806299567222595,0.37256085872650146,0.377253919839859,0.37064608931541443,0.3698790371417999
44,620,0.22542646527290344,0.00020824636158067733,0.4808349609375,0.27703857421875,0.1474609375,0.09466552734375,4,687,614,535,494,0.1391894370317459,0.24280376732349396,0.3380316197872162,0.4371901750564575,0.37285128235816956,0.37658998370170593,0.3700864613056183,0.368853896856308
44,640,0.22580818831920624,0.00020824636158067733,0.4776611328125,0.27880859375,0.14581298828125,0.09771728515625,4,684,617,523,504,0.13913790881633759,0.24195703864097595,0.33666178584098816,0.43797826766967773,0.3724674582481384,0.3754916489124298,0.36782070994377136,0.3701797127723694
44,660,0.22480356693267822,0.00020824636158067733,0.47735595703125,0.28033447265625,0.14630126953125,0.09600830078125,4,681,617,535,493,0.1380566507577896,0.24157758057117462,0.33667343854904175,0.4366617798805237,0.37102559208869934,0.37506574392318726,0.36806225776672363,0.36779266595840454
44,680,0.22515101730823517,0.00020824636158067733,0.47930908203125,0.27679443359375,0.1484375,0.095458984375,4,687,621,540,491,0.13830767571926117,0.24236471951007843,0.3379311263561249,0.4359152615070343,0.37155160307884216,0.3762716054916382,0.3700268864631653,0.36698514223098755
44,700,0.2259632647037506,0.00020824636158067733,0.47674560546875,0.27850341796875,0.14727783203125,0.09747314453125,4,681,623,543,507,0.13828453421592712,0.2426585555076599,0.33770307898521423,0.4382675588130951,0.37133723497390747,0.3765248656272888,0.3702095150947571,0.3710140287876129
44,720,0.22544103860855103,0.00020824636158067733,0.478759765625,0.27655029296875,0.1473388671875,0.09735107421875,4,683,622,540,495,0.13865619897842407,0.2418707013130188,0.3369967043399811,0.4367276728153229,0.3716709613800049,0.375116765499115,0.3686326742172241,0.36833456158638
44,740,0.22421066462993622,0.00020824636158067733,0.47918701171875,0.27960205078125,0.14630126953125,0.09490966796875,4,687,621,545,496,0.1376515030860901,0.2415151447057724,0.3367794156074524,0.4367360472679138,0.370555579662323,0.3751467168331146,0.36864104866981506,0.368242472410202
44,760,0.2250136137008667,0.00020824636158067733,0.4781494140625,0.27685546875,0.14727783203125,0.09771728515625,4,686,621,545,507,0.13753198087215424,0.2412811517715454,0.33710968494415283,0.4380391240119934,0.37030813097953796,0.3747917711734772,0.368965744972229,0.3704094886779785
44,780,0.2231428176164627,0.00020824636158067733,0.482177734375,0.27777099609375,0.1455078125,0.09454345703125,4,686,623,541,500,0.13730290532112122,0.24064411222934723,0.3360653519630432,0.43571826815605164,0.3702191412448883,0.37407800555229187,0.36725932359695435,0.3664681017398834
44,800,0.2233528196811676,0.00020824636158067733,0.4781494140625,0.281494140625,0.1444091796875,0.095947265625,4,684,622,541,494,0.13647028803825378,0.2403668463230133,0.336226224899292,0.43652763962745667,0.36900243163108826,0.37353140115737915,0.36825594305992126,0.3682402968406677
44,820,0.22405393421649933,0.00020824636158067733,0.47845458984375,0.27777099609375,0.14471435546875,0.09906005859375,4,683,623,541,502,0.13677026331424713,0.24002328515052795,0.3362727463245392,0.4369124472141266,0.36920803785324097,0.37298664450645447,0.367473304271698,0.36880531907081604
44,840,0.22368551790714264,0.00020824636158067733,0.47833251953125,0.2777099609375,0.147705078125,0.09625244140625,4,684,627,547,496,0.13650040328502655,0.24036084115505219,0.33672642707824707,0.4353775978088379,0.3689446449279785,0.37383008003234863,0.3681855797767639,0.3661997318267822
44,860,0.22161951661109924,0.00020824636158067733,0.48583984375,0.27490234375,0.146484375,0.0927734375,4,685,625,544,495,0.1356545090675354,0.24012236297130585,0.3369693160057068,0.43484625220298767,0.3682253062725067,0.37317177653312683,0.3695621192455292,0.3656489849090576
44,880,0.2237297147512436,0.00020824636158067733,0.47802734375,0.2769775390625,0.1461181640625,0.098876953125,4,687,628,540,500,0.1361028552055359,0.23965726792812347,0.3365441560745239,0.43603646755218506,0.36848875880241394,0.3727364242076874,0.36828237771987915,0.3677732050418854
44,900,0.2226565033197403,0.00020824636158067733,0.48028564453125,0.278076171875,0.14593505859375,0.095703125,4,683,626,546,498,0.13588465750217438,0.23988696932792664,0.336245596408844,0.43484658002853394,0.3682973086833954,0.3730670213699341,0.368210107088089,0.36564433574676514
44,920,0.2223447561264038,0.00020824636158067733,0.47918701171875,0.27734375,0.146728515625,0.09674072265625,4,685,629,550,503,0.13520143926143646,0.23889291286468506,0.3357272148132324,0.43458181619644165,0.36722469329833984,0.3717801570892334,0.3672254681587219,0.36519670486450195
44,940,0.22219491004943848,0.00020824636158067733,0.4798583984375,0.27716064453125,0.1456298828125,0.09735107421875,4,683,628,545,499,0.13487102091312408,0.23887541890144348,0.3357727527618408,0.43523404002189636,0.3669016659259796,0.37171608209609985,0.3673640787601471,0.3665032684803009
44,960,0.2216845005750656,0.00020824636158067733,0.4801025390625,0.27734375,0.14764404296875,0.09490966796875,4,686,631,544,497,0.13487952947616577,0.23834867775440216,0.33596745133399963,0.43431153893470764,0.366887629032135,0.37107741832733154,0.3677718937397003,0.36484768986701965
44,980,0.22097104787826538,0.00020824636158067733,0.480224609375,0.2781982421875,0.1466064453125,0.094970703125,4,683,629,547,491,0.13420861959457397,0.23769500851631165,0.33562538027763367,0.43370822072029114,0.36588534712791443,0.37032240629196167,0.3672086298465729,0.3639242351055145
44,1000,0.22173693776130676,0.00020824636158067733,0.47650146484375,0.279541015625,0.1455078125,0.09844970703125,4,682,628,546,492,0.13434730470180511,0.23732030391693115,0.3349846303462982,0.43308019638061523,0.36585700511932373,0.3695910573005676,0.3658292591571808,0.3629266619682312
44,1020,0.22177469730377197,0.00020824636158067733,0.48077392578125,0.277099609375,0.1441650390625,0.09796142578125,4,687,629,545,495,0.13553966581821442,0.23716457188129425,0.33547788858413696,0.43413370847702026,0.3678017854690552,0.3696227967739105,0.36705678701400757,0.3650621175765991
44,1040,0.22072544693946838,0.00020824636158067733,0.48187255859375,0.2745361328125,0.1455078125,0.09808349609375,4,688,624,541,497,0.13405640423297882,0.23658336699008942,0.33444690704345703,0.43342697620391846,0.36584997177124023,0.36836186051368713,0.3657163083553314,0.36380720138549805
44,1060,0.2223309576511383,0.00020824636158067733,0.478759765625,0.2735595703125,0.14898681640625,0.09869384765625,4,685,625,544,493,0.134572833776474,0.2371179312467575,0.3363402485847473,0.43494856357574463,0.36646249890327454,0.3695496916770935,0.3684576749801636,0.3663822412490845
44,1080,0.22154603898525238,0.00020824636158067733,0.47796630859375,0.2745361328125,0.14984130859375,0.09765625,4,684,630,545,493,0.13357773423194885,0.23657946288585663,0.33659136295318604,0.4333105981349945,0.36500322818756104,0.3686748445034027,0.3691929876804352,0.3638216555118561
44,1100,0.22135287523269653,0.00020824636158067733,0.4781494140625,0.27728271484375,0.145751953125,0.09881591796875,4,688,632,549,498,0.13381151854991913,0.23671038448810577,0.3358381390571594,0.43298906087875366,0.3653247356414795,0.36903050541877747,0.36761417984962463,0.3636002242565155
44,1120,0.22055819630622864,0.00020824636158067733,0.47955322265625,0.2781982421875,0.14410400390625,0.09814453125,4,686,628,544,498,0.13357192277908325,0.23638594150543213,0.3357571065425873,0.4315802752971649,0.3651297390460968,0.36857667565345764,0.36695224046707153,0.3614315688610077
44,1140,0.21965651214122772,0.00020824636158067733,0.4808349609375,0.27752685546875,0.144287109375,0.09735107421875,4,688,629,537,491,0.13297733664512634,0.2358311116695404,0.33425700664520264,0.4318174421787262,0.3641950786113739,0.3678615093231201,0.3652014434337616,0.36139050126075745
44,1160,0.22053201496601105,0.00020824636158067733,0.47906494140625,0.27685546875,0.14642333984375,0.09765625,4,689,631,549,495,0.1334431767463684,0.23625494539737701,0.334567666053772,0.43220067024230957,0.3648271858692169,0.36843669414520264,0.3658512532711029,0.3619869649410248
44,1180,0.22059659659862518,0.00020824636158067733,0.47601318359375,0.27728271484375,0.147216796875,0.0994873046875,4,684,628,547,503,0.132263645529747,0.23541401326656342,0.3356825113296509,0.4316432476043701,0.3632858097553253,0.3671165704727173,0.36743441224098206,0.36161717772483826
44,1200,0.21950885653495789,0.00020824636158067733,0.48016357421875,0.27606201171875,0.1455078125,0.0982666015625,4,689,627,550,492,0.1318211406469345,0.23556196689605713,0.3355017900466919,0.43112629652023315,0.36277133226394653,0.3674103915691376,0.36711934208869934,0.3607643246650696
44,1220,0.219560444355011,0.00020824636158067733,0.4793701171875,0.27886962890625,0.14385986328125,0.097900390625,4,687,629,550,497,0.13258306682109833,0.235383540391922,0.33486294746398926,0.43094244599342346,0.3635099232196808,0.36719605326652527,0.36621078848838806,0.36053964495658875
44,1240,0.22085680067539215,0.00020824636158067733,0.47406005859375,0.279541015625,0.146240234375,0.10015869140625,4,690,630,554,497,0.13267278671264648,0.23461389541625977,0.33651310205459595,0.4309759736061096,0.36360010504722595,0.36620935797691345,0.36870864033699036,0.36088764667510986
44,1260,0.21959398686885834,0.00020824636158067733,0.47784423828125,0.277587890625,0.145263671875,0.09930419921875,4,690,633,550,493,0.13169164955615997,0.23509137332439423,0.3354428708553314,0.4297875165939331,0.3625261187553406,0.36680397391319275,0.3671724498271942,0.35894864797592163
44,1280,0.2188582867383957,0.00020824636158067733,0.4815673828125,0.27716064453125,0.14453125,0.09674072265625,4,689,630,545,485,0.13278576731681824,0.23504871129989624,0.3340485095977783,0.42883971333503723,0.3639504909515381,0.366679310798645,0.36531877517700195,0.35710474848747253
44,1300,0.21879318356513977,0.00020824636158067733,0.4815673828125,0.27593994140625,0.14471435546875,0.0977783203125,4,690,632,552,492,0.13242238759994507,0.23397041857242584,0.33528831601142883,0.4289301335811615,0.36356595158576965,0.36522170901298523,0.3668918013572693,0.3578161299228668
44,1320,0.21890078485012054,0.00020824636158067733,0.47869873046875,0.278076171875,0.14495849609375,0.0982666015625,4,688,628,551,493,0.13169421255588531,0.2344883382320404,0.3341377079486847,0.42961910367012024,0.3623795211315155,0.3660847246646881,0.3652980625629425,0.358644038438797
44,1340,0.21944668889045715,0.00020824636158067733,0.47869873046875,0.27587890625,0.1473388671875,0.09808349609375,4,691,628,551,485,0.131853848695755,0.23509065806865692,0.3352586627006531,0.42897388339042664,0.3627074360847473,0.3668760061264038,0.3670009672641754,0.35789570212364197
44,1360,0.21921665966510773,0.00020824636158067733,0.47808837890625,0.27679443359375,0.14605712890625,0.09906005859375,4,692,627,553,499,0.13163864612579346,0.23420332372188568,0.33488398790359497,0.4294704496860504,0.3624575436115265,0.36561790108680725,0.3667770326137543,0.3586123585700989
44,1380,0.2191975712776184,0.00020824636158067733,0.4774169921875,0.27801513671875,0.14654541015625,0.0980224609375,4,692,628,560,488,0.13181209564208984,0.23417016863822937,0.3351537883281708,0.428985059261322,0.36269909143447876,0.36561641097068787,0.3671053349971771,0.3578827679157257
44,1400,0.21903325617313385,0.00020824636158067733,0.47894287109375,0.2786865234375,0.14373779296875,0.0986328125,4,694,631,558,486,0.13220879435539246,0.23406308889389038,0.33463987708091736,0.4296964108943939,0.36318179965019226,0.3655001223087311,0.36627936363220215,0.35916247963905334
44,1420,0.21802574396133423,0.00020824636158067733,0.48138427734375,0.2755126953125,0.14471435546875,0.098388671875,4,691,627,556,488,0.1307445913553238,0.23368164896965027,0.3346134126186371,0.4297417104244232,0.3612205684185028,0.365067720413208,0.36606451869010925,0.35906457901000977
44,1440,0.21851302683353424,0.00020824636158067733,0.4794921875,0.27587890625,0.14569091796875,0.09893798828125,4,689,628,560,491,0.13075275719165802,0.23395118117332458,0.33488962054252625,0.42941564321517944,0.36123892664909363,0.365355908870697,0.3665246367454529,0.35867059230804443
44,1460,0.21821510791778564,0.00020824636158067733,0.4783935546875,0.27801513671875,0.145263671875,0.09832763671875,4,691,630,553,483,0.1312991976737976,0.2327938675880432,0.3343890607357025,0.4282379150390625,0.3620164096355438,0.36368507146835327,0.3660084009170532,0.3567256033420563
44,1480,0.21913768351078033,0.00020824636158067733,0.4786376953125,0.27520751953125,0.146240234375,0.09991455078125,4,693,627,558,490,0.1315692812204361,0.2332325577735901,0.3361438810825348,0.42855173349380493,0.3624740242958069,0.3644348680973053,0.3681165277957916,0.35783201456069946
44,1500,0.21952788531780243,0.00020824636158067733,0.47802734375,0.275634765625,0.14776611328125,0.09857177734375,4,695,632,555,486,0.13225965201854706,0.23375700414180756,0.33541902899742126,0.42922061681747437,0.3631362020969391,0.3649695813655853,0.3675122857093811,0.3586658537387848
44,1520,0.21848516166210175,0.00020824636158067733,0.48126220703125,0.2734375,0.1468505859375,0.09844970703125,4,691,632,558,491,0.13158366084098816,0.23349721729755402,0.3342795670032501,0.4288775324821472,0.3622734248638153,0.36483004689216614,0.365850567817688,0.35778844356536865
44,1540,0.2186160385608673,0.00020824636158067733,0.48284912109375,0.27166748046875,0.147216796875,0.0982666015625,4,696,631,560,488,0.13214974105358124,0.2329605370759964,0.3352559804916382,0.4290831387042999,0.3631827235221863,0.36404329538345337,0.36717620491981506,0.3582752048969269
44,1560,0.21856100857257843,0.00020824636158067733,0.4832763671875,0.2708740234375,0.14697265625,0.098876953125,4,694,627,559,489,0.13188812136650085,0.2328510731458664,0.3355366885662079,0.4291653335094452,0.3630020022392273,0.36380478739738464,0.3676931858062744,0.3586880564689636
44,1580,0.2184784710407257,0.00020824636158067733,0.481201171875,0.2733154296875,0.14764404296875,0.09783935546875,4,692,629,558,489,0.1323060840368271,0.23266831040382385,0.33453014492988586,0.42753151059150696,0.36344170570373535,0.3632262051105499,0.3661822974681854,0.3559388816356659
44,1600,0.21804854273796082,0.00020824636158067733,0.48065185546875,0.274169921875,0.1474609375,0.09771728515625,4,692,632,558,485,0.1311059594154358,0.23302040994167328,0.3346148431301117,0.4277893900871277,0.36180025339126587,0.3640095293521881,0.36642804741859436,0.3566179573535919
44,1620,0.2181638479232788,0.00020824636158067733,0.478759765625,0.27496337890625,0.146728515625,0.09954833984375,4,692,628,557,488,0.1310098022222519,0.23219171166419983,0.33437690138816833,0.42727771401405334,0.3614484965801239,0.3629107177257538,0.3657876253128052,0.35595178604125977
44,1640,0.21834808588027954,0.00020824636158067733,0.47930908203125,0.2745361328125,0.1474609375,0.09869384765625,4,691,623,562,490,0.1313004195690155,0.2323787808418274,0.3350827395915985,0.4276520609855652,0.36196690797805786,0.36333173513412476,0.36646369099617004,0.35654568672180176
44,1660,0.21790079772472382,0.00020824636158067733,0.4805908203125,0.2740478515625,0.14691162109375,0.09844970703125,4,690,630,558,492,0.1321272850036621,0.23096464574337006,0.33387571573257446,0.4271831214427948,0.3630433976650238,0.3612746596336365,0.3653591573238373,0.3556347191333771
44,1680,0.2169627845287323,0.00020824636158067733,0.48309326171875,0.27496337890625,0.14556884765625,0.09637451171875,4,691,630,548,489,0.13154402375221252,0.23160648345947266,0.3333788216114044,0.4275185167789459,0.3623480498790741,0.36216166615486145,0.36483439803123474,0.3560706377029419
44,1700,0.21845713257789612,0.00020824636158067733,0.478271484375,0.27392578125,0.14862060546875,0.09918212890625,4,692,629,562,487,0.13122838735580444,0.23205576837062836,0.3346252143383026,0.427456796169281,0.361831933259964,0.3625345528125763,0.3660753071308136,0.35630524158477783
44,1720,0.21806389093399048,0.00020824636158067733,0.47662353515625,0.27587890625,0.14898681640625,0.0985107421875,4,690,630,564,490,0.13076841831207275,0.23171208798885345,0.3337658643722534,0.42721647024154663,0.36114630103111267,0.36187705397605896,0.36530786752700806,0.35577648878097534
44,1740,0.21783389151096344,0.00020824636158067733,0.47711181640625,0.277099609375,0.1475830078125,0.09820556640625,4,691,632,557,486,0.13089439272880554,0.23196005821228027,0.3334030210971832,0.4266761839389801,0.3612041473388672,0.36225584149360657,0.36459067463874817,0.3550894260406494
44,1760,0.2180185168981552,0.00020824636158067733,0.4791259765625,0.27435302734375,0.14801025390625,0.0985107421875,4,696,628,561,486,0.13161855936050415,0.23140034079551697,0.3340589702129364,0.42662450671195984,0.3624759018421173,0.36177578568458557,0.3654002547264099,0.35516613721847534
44,1780,0.21806810796260834,0.00020824636158067733,0.4794921875,0.2752685546875,0.14794921875,0.0972900390625,4,696,626,560,493,0.13234609365463257,0.23116715252399445,0.33453211188316345,0.4263785183429718,0.36339524388313293,0.36146774888038635,0.3661560118198395,0.3547818958759308
44,1800,0.21743153035640717,0.00020824636158067733,0.4798583984375,0.27484130859375,0.14764404296875,0.09765625,4,694,625,557,487,0.1314193606376648,0.23071421682834625,0.3337453603744507,0.4268393814563751,0.36208364367485046,0.36082693934440613,0.3649190664291382,0.355224609375
44,1820,0.21673518419265747,0.00020824636158067733,0.48162841796875,0.276611328125,0.14544677734375,0.0963134765625,4,694,627,552,483,0.13128486275672913,0.23167447745800018,0.33256638050079346,0.4262140691280365,0.3619456887245178,0.36235499382019043,0.3634350895881653,0.35440489649772644
44,1840,0.2179872840642929,0.00020824636158067733,0.4794921875,0.2745361328125,0.14892578125,0.0970458984375,4,696,631,558,484,0.13213181495666504,0.2311892807483673,0.33418723940849304,0.4265219569206238,0.36304229497909546,0.36154162883758545,0.3656288683414459,0.355037659406662
44,1860,0.21676963567733765,0.00020824636158067733,0.48089599609375,0.27685546875,0.14617919921875,0.0960693359375,4,696,625,553,483,0.13127772510051727,0.2312551885843277,0.3327866196632385,0.42644166946411133,0.36208057403564453,0.36160147190093994,0.36378300189971924,0.3546806275844574
44,1880,0.21608154475688934,0.00020824636158067733,0.48175048828125,0.277587890625,0.14605712890625,0.0946044921875,4,696,625,556,476,0.13090507686138153,0.23074971139431,0.3327975273132324,0.42658835649490356,0.3615477681159973,0.3611351549625397,0.3638286888599396,0.35479000210762024
44,1900,0.21712809801101685,0.00020824636158067733,0.48046875,0.2783203125,0.14495849609375,0.09625244140625,4,693,625,552,482,0.13234110176563263,0.2306177169084549,0.3331725299358368,0.4265923798084259,0.363230437040329,0.3609447479248047,0.36425575613975525,0.35516783595085144
44,1920,0.21692100167274475,0.00020824636158067733,0.47967529296875,0.27789306640625,0.1463623046875,0.0960693359375,4,691,629,555,486,0.13177905976772308,0.23040145635604858,0.33292368054389954,0.4263109862804413,0.3624919056892395,0.36049148440361023,0.364001601934433,0.3546223044395447
44,1940,0.2168726921081543,0.00020824636158067733,0.47802734375,0.27850341796875,0.1466064453125,0.09686279296875,4,692,626,558,486,0.1307646930217743,0.23092682659626007,0.3325774371623993,0.42629045248031616,0.3611181080341339,0.36097487807273865,0.3634929358959198,0.3547827899456024
44,1960,0.217925027012825,0.00020824636158067733,0.47821044921875,0.27490234375,0.14923095703125,0.09765625,4,693,622,555,491,0.131953164935112,0.2303856462240219,0.33443722128868103,0.4257965385913849,0.36282750964164734,0.36024209856987,0.36595621705055237,0.35426855087280273
44,1980,0.21615788340568542,0.00020824636158067733,0.4844970703125,0.27294921875,0.1463623046875,0.09619140625,4,692,624,554,483,0.13098928332328796,0.23028990626335144,0.33310917019844055,0.4270848333835602,0.3616803288459778,0.3603920638561249,0.364051878452301,0.35597091913223267
44,2000,0.21604688465595245,0.00020824636158067733,0.48272705078125,0.27459716796875,0.14715576171875,0.09552001953125,4,694,623,554,480,0.13067616522312164,0.23034387826919556,0.33252522349357605,0.4269387423992157,0.3611719012260437,0.3605366051197052,0.363572895526886,0.3555648922920227
45,0,0.3392329812049866,0.00020824636158067733,0.1544189453125,0.4361572265625,0.20623779296875,0.20318603515625,4,646,644,586,537,0.19194060564041138,0.3101060688495636,0.3857438266277313,0.46648746728897095,0.4267357885837555,0.4103533923625946,0.40487104654312134,0.38744068145751953
45,20,0.3066885471343994,0.00020824636158067733,0.2593994140625,0.33880615234375,0.2222900390625,0.17950439453125,4,678,639,586,527,0.19235581159591675,0.279297411441803,0.3678401708602905,0.4478813409805298,0.4332830607891083,0.4134225845336914,0.39749813079833984,0.37868404388427734
45,40,0.28265970945358276,0.00020824636158067733,0.34979248046875,0.2886962890625,0.213134765625,0.14837646484375,4,694,628,576,506,0.18555864691734314,0.2698415517807007,0.35294169187545776,0.435556024312973,0.42975717782974243,0.410281777381897,0.3880824148654938,0.3662910759449005
45,60,0.26570364832878113,0.00020824636158067733,0.40423583984375,0.27532958984375,0.19158935546875,0.12884521484375,4,694,617,557,493,0.1796734482049942,0.2631062865257263,0.34125784039497375,0.4288160502910614,0.4235136806964874,0.4024941325187683,0.37466639280319214,0.3559195399284363
45,80,0.2579295039176941,0.00020824636158067733,0.4185791015625,0.27728271484375,0.181396484375,0.12274169921875,4,688,611,541,478,0.17338363826274872,0.2597109079360962,0.3370369076728821,0.42531687021255493,0.4163808822631836,0.3980769217014313,0.3676598072052002,0.3502359688282013
45,100,0.2536577582359314,0.00020824636158067733,0.424072265625,0.2843017578125,0.172607421875,0.1190185546875,4,683,612,537,475,0.16893568634986877,0.2586362361907959,0.33604714274406433,0.42415109276771545,0.4107964336872101,0.3968113958835602,0.36493757367134094,0.3481365740299225
45,120,0.2511162757873535,0.00020824636158067733,0.42779541015625,0.28948974609375,0.16619873046875,0.11651611328125,4,680,616,536,476,0.16658680140972137,0.25781843066215515,0.33542120456695557,0.42456626892089844,0.4077882170677185,0.39607781171798706,0.36328765749931335,0.34885576367378235
45,140,0.24885687232017517,0.00020824636158067733,0.4327392578125,0.2862548828125,0.16497802734375,0.11602783203125,4,676,615,530,471,0.1638382226228714,0.2566153407096863,0.33504170179367065,0.42425790429115295,0.4043237566947937,0.39400339126586914,0.36168771982192993,0.3476341962814331
45,160,0.24790310859680176,0.00020824636158067733,0.434326171875,0.286376953125,0.1661376953125,0.1131591796875,4,678,617,534,477,0.16297383606433868,0.25629496574401855,0.33456844091415405,0.4253997206687927,0.40321987867355347,0.3939550817012787,0.3618745803833008,0.3496338129043579
45,180,0.2457532286643982,0.00020824636158067733,0.44000244140625,0.285888671875,0.1617431640625,0.11236572265625,4,675,618,533,476,0.1609451323747635,0.2553195655345917,0.33429139852523804,0.42606112360954285,0.4007624387741089,0.3926711082458496,0.36111122369766235,0.3508196175098419
45,200,0.2444227784872055,0.00020824636158067733,0.44268798828125,0.28533935546875,0.16180419921875,0.11016845703125,4,676,617,531,483,0.15948905050754547,0.25480300188064575,0.33431681990623474,0.42679816484451294,0.3987816572189331,0.3921414911746979,0.3615666329860687,0.35226601362228394
45,220,0.24192611873149872,0.00020824636158067733,0.448486328125,0.283203125,0.1602783203125,0.1080322265625,4,675,620,533,477,0.15737974643707275,0.25357571244239807,0.3328567147254944,0.42746785283088684,0.3962189853191376,0.39059534668922424,0.3594469428062439,0.3532123267650604
45,240,0.24193131923675537,0.00020824636158067733,0.4483642578125,0.2806396484375,0.16302490234375,0.10797119140625,4,675,617,529,483,0.15589673817157745,0.25367099046707153,0.3345120847225189,0.4289001524448395,0.3942803144454956,0.3908644914627075,0.36279597878456116,0.35635411739349365
45,260,0.24043309688568115,0.00020824636158067733,0.45147705078125,0.2796630859375,0.16082763671875,0.1080322265625,4,674,626,533,487,0.15341442823410034,0.25393110513687134,0.3340044915676117,0.42985057830810547,0.3912169635295868,0.3911801278591156,0.3615475296974182,0.3583959937095642
45,280,0.23831278085708618,0.00020824636158067733,0.45458984375,0.27923583984375,0.1611328125,0.10504150390625,4,668,622,529,484,0.15115579962730408,0.25315216183662415,0.3334522843360901,0.43011200428009033,0.38819420337677,0.39032599329948425,0.36115241050720215,0.35842400789260864
45,300,0.23765704035758972,0.00020824636158067733,0.4576416015625,0.2779541015625,0.1602783203125,0.1041259765625,4,671,623,540,485,0.15096129477024078,0.25221213698387146,0.33374547958374023,0.43193140625953674,0.38794904947280884,0.3894106447696686,0.3626993000507355,0.36136627197265625
45,320,0.23705315589904785,0.00020824636158067733,0.459228515625,0.274658203125,0.16119384765625,0.10491943359375,4,669,629,537,488,0.1497574895620346,0.2513604462146759,0.33341288566589355,0.43364641070365906,0.3864363729953766,0.38831663131713867,0.3618832230567932,0.36385977268218994
45,340,0.23547698557376862,0.00020824636158067733,0.4619140625,0.27447509765625,0.1595458984375,0.10406494140625,4,667,625,531,486,0.14813341200351715,0.2505251169204712,0.3332390785217285,0.4335969388484955,0.38416117429733276,0.3871304988861084,0.36164677143096924,0.3639569580554962
45,360,0.2345799207687378,0.00020824636158067733,0.4654541015625,0.27325439453125,0.15765380859375,0.1036376953125,4,672,625,536,491,0.14741480350494385,0.2507988512516022,0.3332177400588989,0.4332417845726013,0.38342729210853577,0.38752320408821106,0.3618600368499756,0.36382851004600525
45,380,0.23430664837360382,0.00020824636158067733,0.46380615234375,0.27484130859375,0.15972900390625,0.10162353515625,4,671,628,533,484,0.14645197987556458,0.25104406476020813,0.33446958661079407,0.43257254362106323,0.38202062249183655,0.3880360424518585,0.3640243411064148,0.3628726899623871
45,400,0.2326953262090683,0.00020824636158067733,0.467529296875,0.2750244140625,0.1566162109375,0.100830078125,4,667,630,536,492,0.14539338648319244,0.2498193085193634,0.33396774530410767,0.43348661065101624,0.38071930408477783,0.38645535707473755,0.36354970932006836,0.3641687035560608
45,420,0.23232844471931458,0.00020824636158067733,0.4686279296875,0.27197265625,0.15887451171875,0.10052490234375,4,667,626,532,486,0.14487673342227936,0.24897198379039764,0.3343891203403473,0.43368029594421387,0.37980037927627563,0.38532957434654236,0.36409324407577515,0.3646397888660431
45,440,0.23142004013061523,0.00020824636158067733,0.47027587890625,0.27374267578125,0.15655517578125,0.09942626953125,4,670,625,535,483,0.14421194791793823,0.24888727068901062,0.33438757061958313,0.433682918548584,0.3791276812553406,0.38544026017189026,0.36409634351730347,0.3646617829799652
45,460,0.23175159096717834,0.00020824636158067733,0.46820068359375,0.27362060546875,0.15570068359375,0.10247802734375,4,667,624,535,486,0.143447145819664,0.2486284375190735,0.33454465866088867,0.4339548945426941,0.37792742252349854,0.3847499191761017,0.3640948235988617,0.36548858880996704
45,480,0.23078389465808868,0.00020824636158067733,0.470703125,0.27362060546875,0.15802001953125,0.09765625,4,667,624,536,485,0.1434747576713562,0.2484336942434311,0.33545735478401184,0.4327869117259979,0.37806081771850586,0.3847050964832306,0.36646270751953125,0.3637014925479889
45,500,0.22976598143577576,0.00020824636158067733,0.47222900390625,0.27325439453125,0.15618896484375,0.09832763671875,4,669,627,534,488,0.1422526091337204,0.2479889839887619,0.33458006381988525,0.4329240024089813,0.37650832533836365,0.38408979773521423,0.36472490429878235,0.3639615476131439
45,520,0.23002782464027405,0.00020824636158067733,0.468994140625,0.27484130859375,0.15643310546875,0.0997314453125,4,665,626,535,490,0.1417962908744812,0.2475084364414215,0.3342244327068329,0.433332622051239,0.3757503628730774,0.3833961486816406,0.36394554376602173,0.36461514234542847
45,540,0.22971956431865692,0.00020824636158067733,0.47125244140625,0.272216796875,0.15728759765625,0.0992431640625,4,668,627,540,487,0.14145395159721375,0.24724657833576202,0.33485138416290283,0.43414998054504395,0.3753221333026886,0.38322290778160095,0.36537328362464905,0.3660268187522888
45,560,0.22849199175834656,0.00020824636158067733,0.47052001953125,0.27581787109375,0.156494140625,0.09716796875,4,669,628,536,490,0.14024370908737183,0.246813103556633,0.3343833386898041,0.43327048420906067,0.37363407015800476,0.38270214200019836,0.3647676408290863,0.3645935356616974
45,580,0.22743508219718933,0.00020824636158067733,0.47216796875,0.27545166015625,0.1573486328125,0.09503173828125,4,669,626,543,489,0.13983476161956787,0.24598325788974762,0.3342621922492981,0.43203890323638916,0.37296053767204285,0.38148289918899536,0.365155965089798,0.3627299666404724
45,600,0.22739359736442566,0.00020824636158067733,0.4725341796875,0.27484130859375,0.15301513671875,0.099609375,4,667,628,534,488,0.13883794844150543,0.24544639885425568,0.33440905809402466,0.43328699469566345,0.37168025970458984,0.38065969944000244,0.3646634519100189,0.36491453647613525
45,620,0.22795213758945465,0.00020824636158067733,0.4722900390625,0.273681640625,0.15606689453125,0.09796142578125,4,673,625,543,490,0.13959607481956482,0.24624238908290863,0.33476531505584717,0.43266499042510986,0.3729300796985626,0.38206052780151367,0.3658297657966614,0.3639834523200989
45,640,0.2271791696548462,0.00020824636158067733,0.4737548828125,0.2750244140625,0.15509033203125,0.09613037109375,4,669,625,547,484,0.13984718918800354,0.2452857792377472,0.3349825441837311,0.4318486452102661,0.37329530715942383,0.38079243898391724,0.3663528859615326,0.3627336025238037
45,660,0.2273361086845398,0.00020824636158067733,0.47119140625,0.2774658203125,0.15313720703125,0.09820556640625,4,672,631,536,493,0.13926397264003754,0.24533036351203918,0.334459125995636,0.43202459812164307,0.372517853975296,0.3808346688747406,0.3653639256954193,0.3631787896156311
45,680,0.22619953751564026,0.00020824636158067733,0.47711181640625,0.274169921875,0.1517333984375,0.09698486328125,4,676,626,538,490,0.13946421444416046,0.24481798708438873,0.3340264856815338,0.43156012892723083,0.37291887402534485,0.3801686465740204,0.3647598922252655,0.3623967170715332
45,700,0.226868137717247,0.00020824636158067733,0.4727783203125,0.27508544921875,0.15423583984375,0.097900390625,4,677,624,541,488,0.13937801122665405,0.2442246675491333,0.333922803401947,0.4319463074207306,0.3727005422115326,0.3793189227581024,0.3647947907447815,0.362937867641449
45,720,0.22542886435985565,0.00020824636158067733,0.47607421875,0.27447509765625,0.15179443359375,0.09765625,4,675,622,542,495,0.13802486658096313,0.24414388835430145,0.33296018838882446,0.4317784011363983,0.37090933322906494,0.3791368901729584,0.3631359934806824,0.3625888526439667
45,740,0.22512099146842957,0.00020824636158067733,0.47637939453125,0.2760009765625,0.15087890625,0.09674072265625,4,678,623,538,486,0.13825823366641998,0.2437044233083725,0.33351534605026245,0.4307858347892761,0.3713698387145996,0.37873247265815735,0.3642381727695465,0.3613489866256714
45,760,0.224685937166214,0.00020824636158067733,0.4761962890625,0.27630615234375,0.1517333984375,0.09576416015625,4,681,621,542,484,0.13782435655593872,0.24385005235671997,0.3331201672554016,0.4295111894607544,0.3707473874092102,0.37880071997642517,0.3637320399284363,0.3594881296157837
45,780,0.22446410357952118,0.00020824636158067733,0.47589111328125,0.276611328125,0.1517333984375,0.09576416015625,4,681,623,544,483,0.1376626193523407,0.24306684732437134,0.3332226872444153,0.42976024746894836,0.37037962675094604,0.37789636850357056,0.36380985379219055,0.3598951995372772
45,800,0.22395843267440796,0.00020824636158067733,0.47607421875,0.2764892578125,0.151123046875,0.0963134765625,4,682,624,545,485,0.1362699270248413,0.24401862919330597,0.3327253758907318,0.42914900183677673,0.3684310019016266,0.3789840042591095,0.3625594973564148,0.35904765129089355
45,820,0.2245466113090515,0.00020824636158067733,0.47760009765625,0.27239990234375,0.15283203125,0.09716796875,4,685,622,543,493,0.1370760202407837,0.24411721527576447,0.33291521668434143,0.42916885018348694,0.36983272433280945,0.379245787858963,0.3630044460296631,0.35914888978004456
45,840,0.22409376502037048,0.00020824636158067733,0.475341796875,0.27587890625,0.152099609375,0.0966796875,4,686,621,539,492,0.13701297342777252,0.24318793416023254,0.33173617720603943,0.42840874195098877,0.3693702518939972,0.37777960300445557,0.36158713698387146,0.35810697078704834
45,860,0.22271987795829773,0.00020824636158067733,0.47772216796875,0.27337646484375,0.15191650390625,0.09698486328125,4,688,621,536,488,0.13574787974357605,0.24216090142726898,0.3295597434043884,0.42896828055381775,0.36774393916130066,0.37644118070602417,0.3583798408508301,0.3587591350078583
45,880,0.22337579727172852,0.00020824636158067733,0.47509765625,0.27508544921875,0.15283203125,0.09698486328125,4,687,619,541,490,0.13644194602966309,0.24156157672405243,0.33027884364128113,0.42919376492500305,0.36842668056488037,0.3758191764354706,0.36005690693855286,0.3592163920402527
45,900,0.22324752807617188,0.00020824636158067733,0.477294921875,0.27349853515625,0.153076171875,0.09613037109375,4,688,618,542,478,0.13730542361736298,0.24146978557109833,0.33020660281181335,0.4277937412261963,0.36991772055625916,0.3757471740245819,0.35967570543289185,0.3572113513946533
45,920,0.22250929474830627,0.00020824636158067733,0.47796630859375,0.272705078125,0.15460205078125,0.0947265625,4,689,621,540,478,0.13697904348373413,0.2403048574924469,0.3301801085472107,0.4271141588687897,0.36938241124153137,0.37428057193756104,0.36009371280670166,0.35630691051483154
45,940,0.22224299609661102,0.00020824636158067733,0.47686767578125,0.2730712890625,0.15435791015625,0.095703125,4,687,627,541,482,0.13616912066936493,0.2404482364654541,0.3293135464191437,0.4264928102493286,0.36813104152679443,0.37433192133903503,0.35865071415901184,0.35541418194770813
45,960,0.22154954075813293,0.00020824636158067733,0.4791259765625,0.2720947265625,0.154296875,0.094482421875,4,693,625,544,480,0.13609471917152405,0.2404952496290207,0.32885488867759705,0.4250975549221039,0.36837470531463623,0.37446129322052,0.3580284118652344,0.35347962379455566
45,980,0.22178427875041962,0.00020824636158067733,0.47930908203125,0.272705078125,0.153076171875,0.09490966796875,4,692,627,545,479,0.1368160843849182,0.2402482032775879,0.32829350233078003,0.42605024576187134,0.3694779872894287,0.37427911162376404,0.3573645353317261,0.35493722558021545
45,1000,0.22159163653850555,0.00020824636158067733,0.4765625,0.27349853515625,0.15545654296875,0.094482421875,4,691,625,544,473,0.136536106467247,0.2395065575838089,0.32781901955604553,0.4239659309387207,0.36865419149398804,0.37315595149993896,0.35656359791755676,0.35182997584342957
45,1020,0.22174684703350067,0.00020824636158067733,0.478759765625,0.27093505859375,0.15399169921875,0.0963134765625,4,691,621,545,480,0.1364801973104477,0.24007168412208557,0.3274917006492615,0.42497459053993225,0.36872202157974243,0.3738960325717926,0.3563661575317383,0.35344016551971436
45,1040,0.2201402336359024,0.00020824636158067733,0.48089599609375,0.27166748046875,0.154052734375,0.0933837890625,4,695,624,544,470,0.1355046033859253,0.239608496427536,0.32670697569847107,0.4235495626926422,0.3674817681312561,0.37325987219810486,0.355072021484375,0.35126668214797974
45,1060,0.22094906866550446,0.00020824636158067733,0.4779052734375,0.27227783203125,0.15460205078125,0.09521484375,4,696,620,554,489,0.13595278561115265,0.2387057989835739,0.3268205225467682,0.42488226294517517,0.36808255314826965,0.3721188008785248,0.3556292653083801,0.3533080220222473
45,1080,0.221397265791893,0.00020824636158067733,0.4757080078125,0.27142333984375,0.15826416015625,0.0946044921875,4,696,625,549,484,0.1359424740076065,0.23880577087402344,0.3274925649166107,0.4236643612384796,0.36803001165390015,0.3723233938217163,0.3565925061702728,0.3515251874923706
45,1100,0.21999776363372803,0.00020824636158067733,0.47723388671875,0.27301025390625,0.1566162109375,0.0931396484375,4,689,622,548,478,0.13481153547763824,0.2383549064397812,0.32694944739341736,0.4228297173976898,0.36657506227493286,0.37173303961753845,0.3556062579154968,0.3502556383609772
45,1120,0.21978478133678436,0.00020824636158067733,0.47772216796875,0.27130126953125,0.15643310546875,0.09454345703125,4,694,622,544,482,0.13477517664432526,0.23692837357521057,0.326947957277298,0.4228239357471466,0.36649438738822937,0.3698045611381531,0.35551750659942627,0.35034146904945374
45,1140,0.22004073858261108,0.00020824636158067733,0.4783935546875,0.27227783203125,0.15643310546875,0.0928955078125,4,694,620,550,477,0.13537657260894775,0.23742875456809998,0.3277529776096344,0.42369604110717773,0.3674493432044983,0.3705218434333801,0.3572252690792084,0.3516319990158081
45,1160,0.21919681131839752,0.00020824636158067733,0.475830078125,0.27349853515625,0.15673828125,0.09393310546875,4,695,624,550,489,0.1335105001926422,0.23678657412528992,0.3264942169189453,0.42299872636795044,0.3647996485233307,0.36960431933403015,0.35483241081237793,0.3506123125553131
45,1180,0.21870574355125427,0.00020824636158067733,0.478271484375,0.27392578125,0.15472412109375,0.09307861328125,4,694,621,552,477,0.13401679694652557,0.23636658489704132,0.3263055980205536,0.4230303168296814,0.36558565497398376,0.36902564764022827,0.35478925704956055,0.35062867403030396
45,1200,0.21923911571502686,0.00020824636158067733,0.4761962890625,0.2716064453125,0.157470703125,0.0947265625,4,695,621,552,481,0.13372273743152618,0.2357437014579773,0.3268263339996338,0.42296209931373596,0.36521703004837036,0.36809319257736206,0.3555375635623932,0.35054782032966614
45,1220,0.21817879378795624,0.00020824636158067733,0.47760009765625,0.27459716796875,0.1536865234375,0.0941162109375,4,694,619,550,480,0.1335466206073761,0.2349415123462677,0.32535070180892944,0.42373815178871155,0.36497265100479126,0.36706116795539856,0.3532578945159912,0.3516665995121002
45,1240,0.21797139942646027,0.00020824636158067733,0.47802734375,0.27374267578125,0.15399169921875,0.09423828125,4,697,618,549,479,0.1339062750339508,0.23423025012016296,0.32478177547454834,0.42263129353523254,0.365418016910553,0.3660929501056671,0.35223588347435,0.3501030206680298
45,1260,0.2197120040655136,0.00020824636158067733,0.47412109375,0.27197265625,0.1591796875,0.0947265625,4,695,617,548,482,0.1346176713705063,0.23456035554409027,0.3267799913883209,0.42307209968566895,0.36638638377189636,0.36646801233291626,0.35572630167007446,0.35072606801986694
45,1280,0.21786749362945557,0.00020824636158067733,0.47943115234375,0.2706298828125,0.15625,0.09368896484375,4,699,618,551,476,0.13391955196857452,0.23384955525398254,0.32516688108444214,0.42233654856681824,0.36553362011909485,0.365705668926239,0.3532222807407379,0.3496316075325012
45,1300,0.21760736405849457,0.00020824636158067733,0.47698974609375,0.27203369140625,0.156494140625,0.094482421875,4,694,620,549,476,0.13313184678554535,0.2329735904932022,0.32496675848960876,0.422012597322464,0.3642081320285797,0.3643805682659149,0.3528675138950348,0.34916412830352783
45,1320,0.2181951105594635,0.00020824636158067733,0.47808837890625,0.27313232421875,0.15509033203125,0.09368896484375,4,696,617,550,475,0.13463954627513885,0.23354168236255646,0.32560333609580994,0.4220326244831085,0.3666568398475647,0.36521482467651367,0.35402125120162964,0.34921690821647644
45,1340,0.21675433218479156,0.00020824636158067733,0.479248046875,0.2747802734375,0.15338134765625,0.09259033203125,4,696,624,545,471,0.13305458426475525,0.23363517224788666,0.3247948884963989,0.42091163992881775,0.36435723304748535,0.36535635590553284,0.35264697670936584,0.34770792722702026
45,1360,0.21836009621620178,0.00020824636158067733,0.47454833984375,0.2747802734375,0.1563720703125,0.09429931640625,4,696,621,550,478,0.13390623033046722,0.23352156579494476,0.3255928158760071,0.42136436700820923,0.3653825521469116,0.3650728166103363,0.3536834418773651,0.34835249185562134
45,1380,0.21717804670333862,0.00020824636158067733,0.47723388671875,0.27362060546875,0.15533447265625,0.09381103515625,4,694,615,541,479,0.1330510824918747,0.23325711488723755,0.3239094913005829,0.42152073979377747,0.36421525478363037,0.36467278003692627,0.35136842727661133,0.3485432267189026
45,1400,0.21822480857372284,0.00020824636158067733,0.47454833984375,0.274658203125,0.15655517578125,0.09423828125,4,697,621,557,475,0.133480042219162,0.23358580470085144,0.3264762759208679,0.42036277055740356,0.36501947045326233,0.36509764194488525,0.3547479510307312,0.34691476821899414
45,1420,0.21581017971038818,0.00020824636158067733,0.478759765625,0.2760009765625,0.1533203125,0.0919189453125,4,695,625,546,479,0.13224941492080688,0.2329818606376648,0.3227928578853607,0.4210294187068939,0.3632783889770508,0.3641800880432129,0.3497633934020996,0.34782078862190247
45,1440,0.21738256514072418,0.00020824636158067733,0.4766845703125,0.2738037109375,0.1552734375,0.09423828125,4,698,623,551,482,0.13303744792938232,0.23340414464473724,0.3248153626918793,0.4204614758491516,0.3644663989543915,0.36478421092033386,0.35226666927337646,0.34702950716018677
45,1460,0.21680337190628052,0.00020824636158067733,0.47601318359375,0.27423095703125,0.1556396484375,0.0941162109375,4,697,619,551,479,0.1325061023235321,0.2321261614561081,0.324161171913147,0.4209712743759155,0.36351123452186584,0.3631265461444855,0.3516620695590973,0.34779274463653564
45,1480,0.21631115674972534,0.00020824636158067733,0.47589111328125,0.2763671875,0.15582275390625,0.0919189453125,4,697,623,553,477,0.13231824338436127,0.23276565968990326,0.3233831822872162,0.4201837182044983,0.3632577359676361,0.36408576369285583,0.3504318594932556,0.3464764654636383
45,1500,0.21638472378253937,0.00020824636158067733,0.4754638671875,0.27587890625,0.15594482421875,0.09271240234375,4,694,621,552,481,0.13218362629413605,0.23224465548992157,0.3232094943523407,0.4213235676288605,0.36301741003990173,0.3632727265357971,0.35051050782203674,0.34826353192329407
45,1520,0.21596238017082214,0.00020824636158067733,0.47674560546875,0.2745361328125,0.1558837890625,0.09283447265625,4,693,617,553,479,0.13206341862678528,0.23142042756080627,0.32317742705345154,0.4210755527019501,0.36277633905410767,0.36224713921546936,0.35029247403144836,0.34792643785476685
45,1540,0.21622665226459503,0.00020824636158067733,0.4752197265625,0.27667236328125,0.15643310546875,0.0916748046875,4,693,622,549,472,0.1318734586238861,0.23248213529586792,0.32436609268188477,0.41990596055984497,0.3627507984638214,0.3636966943740845,0.35226914286613464,0.3462199866771698
45,1560,0.21586477756500244,0.00020824636158067733,0.4765625,0.273681640625,0.1566162109375,0.0931396484375,4,694,621,553,483,0.1311827301979065,0.23205991089344025,0.32366257905960083,0.42030069231987,0.3618311882019043,0.36302322149276733,0.3509840667247772,0.34663718938827515
45,1580,0.21613340079784393,0.00020824636158067733,0.4742431640625,0.27569580078125,0.1563720703125,0.09368896484375,4,691,618,553,484,0.13100478053092957,0.23174023628234863,0.3243095278739929,0.42056742310523987,0.3615521490573883,0.36254918575286865,0.35180944204330444,0.34714773297309875
45,1600,0.21616244316101074,0.00020824636158067733,0.4747314453125,0.2769775390625,0.15606689453125,0.09222412109375,4,689,624,549,477,0.13119935989379883,0.23270483314990997,0.3238407373428345,0.4216158390045166,0.3618607521057129,0.36376604437828064,0.3514707386493683,0.3486256003379822
45,1620,0.2163955271244049,0.00020824636158067733,0.47491455078125,0.2745361328125,0.15618896484375,0.0943603515625,4,689,624,551,479,0.13060317933559418,0.23302865028381348,0.3241034746170044,0.4215117394924164,0.36104217171669006,0.3642411530017853,0.35155197978019714,0.3485240638256073
45,1640,0.21575355529785156,0.00020824636158067733,0.4749755859375,0.27716064453125,0.15423583984375,0.0936279296875,4,690,626,548,478,0.13062508404254913,0.23218730092048645,0.3237631618976593,0.42103633284568787,0.36109426617622375,0.36319467425346375,0.3508146107196808,0.3478272259235382
45,1660,0.2154533863067627,0.00020824636158067733,0.47454833984375,0.27685546875,0.15472412109375,0.0938720703125,4,689,626,551,477,0.13019318878650665,0.23128017783164978,0.3242565095424652,0.4204545319080353,0.3604562282562256,0.3618156909942627,0.35168686509132385,0.34701088070869446
45,1680,0.21547934412956238,0.00020824636158067733,0.473876953125,0.27880859375,0.15411376953125,0.09320068359375,4,693,622,554,477,0.13029828667640686,0.23158283531665802,0.3232658803462982,0.42217499017715454,0.36064302921295166,0.3624432384967804,0.35034531354904175,0.34950336813926697
45,1700,0.2147400975227356,0.00020824636158067733,0.47601318359375,0.27850341796875,0.154052734375,0.0914306640625,4,695,626,553,470,0.13012035191059113,0.23172257840633392,0.3231525719165802,0.4208984375,0.3604322075843811,0.36255359649658203,0.3502443730831146,0.3476381301879883
45,1720,0.21376977860927582,0.00020824636158067733,0.47698974609375,0.2799072265625,0.15185546875,0.09124755859375,4,692,626,547,471,0.12947417795658112,0.23098072409629822,0.32214733958244324,0.4212598204612732,0.3594902753829956,0.3616763651371002,0.3488426208496094,0.34812429547309875
45,1740,0.21530036628246307,0.00020824636158067733,0.4735107421875,0.27880859375,0.15460205078125,0.09307861328125,4,692,620,548,482,0.13051669299602509,0.23052847385406494,0.32359740138053894,0.4211190938949585,0.36091890931129456,0.36104798316955566,0.3509349822998047,0.34801170229911804
45,1760,0.21548031270503998,0.00020824636158067733,0.4744873046875,0.27618408203125,0.155517578125,0.09381103515625,4,692,621,553,478,0.13013523817062378,0.23084701597690582,0.3241090774536133,0.4218253493309021,0.3604373037815094,0.3613598644733429,0.35176119208335876,0.34895002841949463
45,1780,0.21552766859531403,0.00020824636158067733,0.474853515625,0.27691650390625,0.15496826171875,0.09326171875,4,690,623,548,480,0.1306043118238449,0.23072193562984467,0.3242359757423401,0.4221748113632202,0.3611607849597931,0.3613327741622925,0.351999968290329,0.3494901657104492
45,1800,0.21390953660011292,0.00020824636158067733,0.47705078125,0.279052734375,0.15362548828125,0.09027099609375,4,694,628,552,469,0.13009506464004517,0.23076260089874268,0.3223107159137726,0.42026248574256897,0.3603799343109131,0.3611799478530884,0.34915220737457275,0.346636563539505
45,1820,0.21480168402194977,0.00020824636158067733,0.47454833984375,0.27947998046875,0.15374755859375,0.09222412109375,4,692,623,550,482,0.13046415150165558,0.2306589037179947,0.3230047821998596,0.4203280806541443,0.36082953214645386,0.3611530363559723,0.34990057349205017,0.34681668877601624
45,1840,0.21624571084976196,0.00020824636158067733,0.47210693359375,0.2777099609375,0.15673828125,0.09344482421875,4,689,627,548,488,0.1310429871082306,0.23110735416412354,0.324332594871521,0.42124590277671814,0.36161449551582336,0.36170700192451477,0.35202986001968384,0.3481858968734741
45,1860,0.21537870168685913,0.00020824636158067733,0.47393798828125,0.27838134765625,0.15447998046875,0.09320068359375,4,692,627,553,478,0.130228653550148,0.23106379806995392,0.3238453269004822,0.4217451810836792,0.3605037033557892,0.36161211133003235,0.351409912109375,0.34888845682144165
45,1880,0.2144804745912552,0.00020824636158067733,0.47637939453125,0.2774658203125,0.15399169921875,0.0921630859375,4,689,625,553,473,0.12996605038642883,0.23049600422382355,0.32375961542129517,0.4205184876918793,0.36021241545677185,0.3609720766544342,0.3509663939476013,0.34695738554000854
45,1900,0.2149057388305664,0.00020824636158067733,0.474365234375,0.278564453125,0.1544189453125,0.0926513671875,4,690,625,552,476,0.13010115921497345,0.2309255748987198,0.3228893280029297,0.4209583103656769,0.36036717891693115,0.3613152503967285,0.34994375705718994,0.3477402925491333
45,1920,0.21476112306118011,0.00020824636158067733,0.47467041015625,0.2764892578125,0.1539306640625,0.09490966796875,4,691,625,554,481,0.12983587384223938,0.22929461300373077,0.3231325149536133,0.42139410972595215,0.35993659496307373,0.35911107063293457,0.35019123554229736,0.3484000861644745
45,1940,0.21484941244125366,0.00020824636158067733,0.47467041015625,0.2789306640625,0.15081787109375,0.0955810546875,4,693,624,544,485,0.12992219626903534,0.22973360121250153,0.32251057028770447,0.42329612374305725,0.3601611852645874,0.3599601089954376,0.34897077083587646,0.35088804364204407
45,1960,0.21505498886108398,0.00020824636158067733,0.47344970703125,0.2791748046875,0.1529541015625,0.09442138671875,4,690,627,545,476,0.13029852509498596,0.22981734573841095,0.32380297780036926,0.4202331304550171,0.3606102764606476,0.35998469591140747,0.35093507170677185,0.3467089831829071
45,1980,0.21486781537532806,0.00020824636158067733,0.47406005859375,0.2760009765625,0.1551513671875,0.09478759765625,4,695,624,550,473,0.12962771952152252,0.22965820133686066,0.32335978746414185,0.420528382062912,0.3596641421318054,0.3594990670681,0.3504299223423004,0.34706684947013855
45,2000,0.21457937359809875,0.00020824636158067733,0.4749755859375,0.2774658203125,0.154541015625,0.093017578125,4,696,631,547,470,0.13010261952877045,0.23005114495754242,0.3226167559623718,0.4202965795993805,0.36041051149368286,0.3602377772331238,0.3492148816585541,0.3466517925262451
46,0,0.30071061849594116,0.00020824636158067733,0.3060302734375,0.30035400390625,0.26641845703125,0.127197265625,4,700,644,593,498,0.19904209673404694,0.2817809581756592,0.37435483932495117,0.4357691705226898,0.4435431659221649,0.4174197316169739,0.39945417642593384,0.3682839572429657
46,20,0.26684993505477905,0.00020824636158067733,0.38861083984375,0.2899169921875,0.193603515625,0.12786865234375,4,695,622,560,481,0.1817297637462616,0.2607567608356476,0.34134137630462646,0.4265708923339844,0.426277756690979,0.40083587169647217,0.37583786249160767,0.3516156077384949
46,40,0.24928165972232819,0.00020824636158067733,0.4388427734375,0.28369140625,0.1688232421875,0.108642578125,4,683,605,529,441,0.17051905393600464,0.2534540891647339,0.3348108232021332,0.4236277937889099,0.41265150904655457,0.3892168700695038,0.3618243634700775,0.3391437530517578
46,60,0.24889281392097473,0.00020824636158067733,0.43597412109375,0.28369140625,0.1688232421875,0.11151123046875,4,682,601,534,453,0.16878435015678406,0.25247249007225037,0.3347993791103363,0.4229262173175812,0.4101945459842682,0.3874660134315491,0.36178553104400635,0.3380812704563141
46,80,0.24945004284381866,0.00020824636158067733,0.43560791015625,0.28338623046875,0.16943359375,0.111572265625,4,678,605,537,462,0.16880609095096588,0.25352492928504944,0.3356480300426483,0.4230555295944214,0.410532146692276,0.3894689679145813,0.3643394410610199,0.3405698239803314
46,100,0.25008636713027954,0.00020824636158067733,0.4322509765625,0.281982421875,0.16986083984375,0.11590576171875,4,680,607,538,468,0.16756084561347961,0.2535633444786072,0.33652767539024353,0.4227120578289032,0.4089605212211609,0.389618843793869,0.3655222952365875,0.34277069568634033
46,120,0.24871155619621277,0.00020824636158067733,0.43310546875,0.281982421875,0.17193603515625,0.11297607421875,4,678,607,536,463,0.16686993837356567,0.25122323632240295,0.3359725773334503,0.42338982224464417,0.40803849697113037,0.38695406913757324,0.36518222093582153,0.34244489669799805
46,140,0.2477549910545349,0.00020824636158067733,0.4324951171875,0.27960205078125,0.17425537109375,0.1136474609375,4,678,610,547,467,0.16400137543678284,0.2506621778011322,0.3361618220806122,0.4237801134586334,0.40451130270957947,0.38639846444129944,0.36625707149505615,0.34454771876335144
46,160,0.24468176066875458,0.00020824636158067733,0.4388427734375,0.279296875,0.17218017578125,0.10968017578125,4,674,610,537,471,0.16164909303188324,0.2491052746772766,0.33441025018692017,0.4247811734676361,0.40162819623947144,0.3847224712371826,0.3643049895763397,0.34539440274238586
46,180,0.24197514355182648,0.00020824636158067733,0.4429931640625,0.2772216796875,0.17266845703125,0.10711669921875,4,673,611,544,470,0.15906117856502533,0.24696952104568481,0.3325187563896179,0.4259963035583496,0.3982691168785095,0.38222014904022217,0.3622967004776001,0.3468104600906372
46,200,0.23884373903274536,0.00020824636158067733,0.44866943359375,0.2806396484375,0.16998291015625,0.1007080078125,4,668,615,542,461,0.15720511972904205,0.2462337464094162,0.33188140392303467,0.4249265491962433,0.3959917724132538,0.38166841864585876,0.3623117208480835,0.3458317816257477
46,220,0.23700293898582458,0.00020824636158067733,0.4544677734375,0.27630615234375,0.1673583984375,0.10186767578125,4,671,616,548,470,0.15447795391082764,0.24615086615085602,0.3314889669418335,0.42513224482536316,0.39251241087913513,0.381582647562027,0.3619039058685303,0.3478473424911499
46,240,0.23380161821842194,0.00020824636158067733,0.4595947265625,0.27398681640625,0.16827392578125,0.09814453125,4,668,614,545,462,0.15148386359214783,0.2441023886203766,0.33098557591438293,0.42389896512031555,0.38861897587776184,0.37873217463493347,0.3612927496433258,0.34592148661613464
46,260,0.23391442000865936,0.00020824636158067733,0.4581298828125,0.2730712890625,0.16766357421875,0.10113525390625,4,670,613,547,471,0.15019571781158447,0.24419273436069489,0.3307141959667206,0.4249214231967926,0.3870146870613098,0.3790793716907501,0.3610467314720154,0.34930065274238586
46,280,0.23218712210655212,0.00020824636158067733,0.460693359375,0.27166748046875,0.167724609375,0.09991455078125,4,673,614,546,465,0.1482696831226349,0.24291783571243286,0.3307870030403137,0.42442551255226135,0.38446322083473206,0.3773886263370514,0.3613545000553131,0.34877318143844604
46,300,0.2292729765176773,0.00020824636158067733,0.46539306640625,0.27410888671875,0.16241455078125,0.09808349609375,4,671,611,545,466,0.145609512925148,0.24139375984668732,0.33038073778152466,0.4249493479728699,0.38105353713035583,0.37556254863739014,0.3606364130973816,0.34988483786582947
46,320,0.2287662774324417,0.00020824636158067733,0.4635009765625,0.27484130859375,0.16387939453125,0.0977783203125,4,663,610,543,474,0.14416654407978058,0.2403756082057953,0.3307339549064636,0.4262632131576538,0.37889280915260315,0.37437912821769714,0.36132270097732544,0.35200434923171997
46,340,0.22809305787086487,0.00020824636158067733,0.467041015625,0.26947021484375,0.163330078125,0.10015869140625,4,663,615,549,482,0.1432662308216095,0.23979221284389496,0.33025649189949036,0.42556631565093994,0.37785226106643677,0.3733799159526825,0.3605315089225769,0.35234957933425903
46,360,0.22690625488758087,0.00020824636158067733,0.4652099609375,0.27435302734375,0.16192626953125,0.0985107421875,4,669,613,543,478,0.14224869012832642,0.2386360764503479,0.3294890820980072,0.4254080355167389,0.37646421790122986,0.3719918131828308,0.3595137894153595,0.3519555628299713
46,380,0.2262428104877472,0.00020824636158067733,0.46759033203125,0.27288818359375,0.160400390625,0.09912109375,4,668,614,547,474,0.1419680267572403,0.2373892217874527,0.3289344310760498,0.4269324541091919,0.37621229887008667,0.37037983536720276,0.3589397370815277,0.3538617193698883
46,400,0.22574660181999207,0.00020824636158067733,0.4681396484375,0.27215576171875,0.16015625,0.09954833984375,4,672,610,548,477,0.14153732359409332,0.23722784221172333,0.32867446541786194,0.4247700273990631,0.3757622241973877,0.3702699542045593,0.35859012603759766,0.35135212540626526
46,420,0.22484847903251648,0.00020824636158067733,0.46630859375,0.277099609375,0.1578369140625,0.0987548828125,4,671,606,548,474,0.1402515470981598,0.23663230240345,0.3290962874889374,0.42462438344955444,0.373866468667984,0.36939311027526855,0.3590310215950012,0.351574569940567
46,440,0.2232610285282135,0.00020824636158067733,0.47308349609375,0.27264404296875,0.1572265625,0.0970458984375,4,674,605,537,484,0.14003869891166687,0.23561576008796692,0.32829734683036804,0.4240749180316925,0.3738842010498047,0.3680437207221985,0.3580226004123688,0.3509068787097931
46,460,0.2239779680967331,0.00020824636158067733,0.47015380859375,0.27056884765625,0.15838623046875,0.10089111328125,4,674,606,540,479,0.1399335414171219,0.23464147746562958,0.328014999628067,0.4237038791179657,0.3737194836139679,0.36655864119529724,0.35770514607429504,0.35098227858543396
46,480,0.2233346700668335,0.00020824636158067733,0.47247314453125,0.26971435546875,0.15814208984375,0.09967041015625,4,674,606,541,480,0.14003393054008484,0.2339899241924286,0.3274014890193939,0.42425841093063354,0.37371087074279785,0.3656567931175232,0.3568987548351288,0.35160788893699646
46,500,0.22067022323608398,0.00020824636158067733,0.474609375,0.27557373046875,0.15460205078125,0.09521484375,4,674,603,543,472,0.13860554993152618,0.23232264816761017,0.32665708661079407,0.4239136576652527,0.37159886956214905,0.36356955766677856,0.35584941506385803,0.3509323298931122
46,520,0.2220674455165863,0.00020824636158067733,0.470458984375,0.2774658203125,0.155029296875,0.0970458984375,4,674,606,545,473,0.1393539011478424,0.23248080909252167,0.3279968500137329,0.4240523874759674,0.37252506613731384,0.3639298379421234,0.35772809386253357,0.35156378149986267
46,540,0.2211373746395111,0.00020824636158067733,0.47430419921875,0.27301025390625,0.1544189453125,0.0982666015625,4,679,603,540,476,0.1389543116092682,0.23104703426361084,0.3271760940551758,0.4236469566822052,0.3719458281993866,0.361482173204422,0.35650646686553955,0.3503309488296509
46,560,0.22155100107192993,0.00020824636158067733,0.47515869140625,0.269775390625,0.15728759765625,0.0977783203125,4,673,604,546,479,0.1389419138431549,0.2316928505897522,0.32766905426979065,0.4243091642856598,0.3721759617328644,0.3625918924808502,0.35730621218681335,0.35180824995040894
46,580,0.22107400000095367,0.00020824636158067733,0.4776611328125,0.26800537109375,0.15631103515625,0.0980224609375,4,676,602,538,470,0.13897964358329773,0.2318028211593628,0.3264247179031372,0.42378687858581543,0.3721666634082794,0.3625548183917999,0.3554897904396057,0.351181298494339
46,600,0.22105400264263153,0.00020824636158067733,0.47412109375,0.27288818359375,0.15655517578125,0.096435546875,4,678,602,539,471,0.13912007212638855,0.2311001718044281,0.3270147442817688,0.4234316945075989,0.37249502539634705,0.3617074489593506,0.35630476474761963,0.3502998352050781
46,620,0.21945489943027496,0.00020824636158067733,0.47808837890625,0.27227783203125,0.1539306640625,0.095703125,4,676,600,544,480,0.13763055205345154,0.23057308793067932,0.32648396492004395,0.42443209886550903,0.37050431966781616,0.36123576760292053,0.35561737418174744,0.35214918851852417
46,640,0.21921230852603912,0.00020824636158067733,0.47906494140625,0.27093505859375,0.1539306640625,0.0960693359375,4,676,599,543,474,0.13778184354305267,0.230013906955719,0.3259904980659485,0.42372626066207886,0.3707720637321472,0.36023640632629395,0.3549434244632721,0.35091525316238403
46,660,0.2199539989233017,0.00020824636158067733,0.4810791015625,0.26861572265625,0.1531982421875,0.09710693359375,4,680,600,543,479,0.13897790014743805,0.23046810925006866,0.3267225921154022,0.4235944151878357,0.37243422865867615,0.36087530851364136,0.3559432029724121,0.35103222727775574
46,680,0.21905596554279327,0.00020824636158067733,0.4805908203125,0.27020263671875,0.1531982421875,0.09600830078125,4,679,603,538,479,0.1376439929008484,0.23058028519153595,0.32608574628829956,0.4233631193637848,0.37061962485313416,0.3610363304615021,0.35501012206077576,0.35060420632362366
46,700,0.21959812939167023,0.00020824636158067733,0.47479248046875,0.27484130859375,0.1544189453125,0.095947265625,4,680,599,539,470,0.13789598643779755,0.22983795404434204,0.32613998651504517,0.42309707403182983,0.37077078223228455,0.35988759994506836,0.3551541268825531,0.3496933579444885
46,720,0.21924984455108643,0.00020824636158067733,0.47772216796875,0.2728271484375,0.1527099609375,0.09674072265625,4,679,601,544,477,0.1375630795955658,0.2300165742635727,0.3257974088191986,0.4240783154964447,0.37036916613578796,0.36032357811927795,0.3546775281429291,0.35157647728919983
46,740,0.2186882197856903,0.00020824636158067733,0.47882080078125,0.27154541015625,0.1527099609375,0.096923828125,4,680,601,548,474,0.13696113228797913,0.2288135290145874,0.32650983333587646,0.4241867959499359,0.36943522095680237,0.35853639245033264,0.35545364022254944,0.35155466198921204
46,760,0.2201511710882187,0.00020824636158067733,0.47637939453125,0.271240234375,0.154541015625,0.09783935546875,4,682,598,549,478,0.13813647627830505,0.22987817227840424,0.32668596506118774,0.4242384731769562,0.3711116313934326,0.3599179983139038,0.3558999001979828,0.35175204277038574
46,780,0.21855264902114868,0.00020824636158067733,0.4810791015625,0.267822265625,0.15313720703125,0.09796142578125,4,681,598,547,489,0.13692186772823334,0.22932150959968567,0.3254440128803253,0.4228949546813965,0.36929595470428467,0.35911825299263,0.3541116416454315,0.3500649631023407
46,800,0.21906492114067078,0.00020824636158067733,0.47991943359375,0.2684326171875,0.155029296875,0.09661865234375,4,685,599,543,481,0.13747680187225342,0.22965863347053528,0.3261180520057678,0.4231213331222534,0.3703884482383728,0.35986438393592834,0.35509392619132996,0.3503609001636505
46,820,0.2179485261440277,0.00020824636158067733,0.48046875,0.27288818359375,0.152587890625,0.09405517578125,4,681,606,545,481,0.1366657167673111,0.230134516954422,0.32543906569480896,0.42343077063560486,0.3693073093891144,0.3606359362602234,0.3541697859764099,0.35052597522735596
46,840,0.21854686737060547,0.00020824636158067733,0.482666015625,0.2684326171875,0.1533203125,0.0955810546875,4,684,602,539,475,0.1378258317708969,0.23014329373836517,0.3254271149635315,0.422159880399704,0.3706449568271637,0.36037692427635193,0.3541455566883087,0.3487711548805237
46,860,0.21889285743236542,0.00020824636158067733,0.47943115234375,0.2679443359375,0.15521240234375,0.097412109375,4,679,604,545,481,0.13731132447719574,0.22911599278450012,0.32544049620628357,0.42252257466316223,0.3700927793979645,0.3591388165950775,0.3541255295276642,0.3497914969921112
46,880,0.216718852519989,0.00020824636158067733,0.48150634765625,0.27325439453125,0.15045166015625,0.09478759765625,4,679,599,538,474,0.13644853234291077,0.22799210250377655,0.32356691360473633,0.4223863482475281,0.36885181069374084,0.35752952098846436,0.3514937162399292,0.349023699760437
46,900,0.2186991572380066,0.00020824636158067733,0.47760009765625,0.27117919921875,0.153076171875,0.09814453125,4,686,597,546,479,0.13744188845157623,0.2281939536333084,0.324577271938324,0.4227479100227356,0.37003448605537415,0.35770183801651,0.35284948348999023,0.3497161865234375
46,920,0.2177816927433014,0.00020824636158067733,0.480224609375,0.27008056640625,0.15289306640625,0.0968017578125,4,686,595,547,475,0.1370784342288971,0.22788949310779572,0.32430359721183777,0.42169663310050964,0.3696873188018799,0.3571445941925049,0.3524436354637146,0.34795689582824707
46,940,0.21733620762825012,0.00020824636158067733,0.48101806640625,0.27069091796875,0.1524658203125,0.0958251953125,4,682,597,545,477,0.136737659573555,0.2276744842529297,0.3248920738697052,0.4215860366821289,0.3692157566547394,0.356842041015625,0.35327404737472534,0.34798702597618103
46,960,0.21791096031665802,0.00020824636158067733,0.48028564453125,0.26824951171875,0.15234375,0.09912109375,4,681,598,547,479,0.13581933081150055,0.22872960567474365,0.3249102234840393,0.42195096611976624,0.3680844008922577,0.3583999574184418,0.35342058539390564,0.3488307297229767
46,980,0.21777093410491943,0.00020824636158067733,0.48272705078125,0.26641845703125,0.1527099609375,0.09814453125,4,683,597,543,479,0.13624702394008636,0.22818773984909058,0.32616329193115234,0.42181649804115295,0.3687618672847748,0.3577507436275482,0.3550335466861725,0.3485223948955536
46,1000,0.2172318994998932,0.00020824636158067733,0.483154296875,0.265625,0.15191650390625,0.09930419921875,4,683,597,541,480,0.13523432612419128,0.2280932515859604,0.32524049282073975,0.42189744114875793,0.36719807982444763,0.35748225450515747,0.353868305683136,0.34877070784568787
46,1020,0.21723279356956482,0.00020824636158067733,0.48052978515625,0.26837158203125,0.1524658203125,0.0986328125,4,684,599,543,477,0.13542106747627258,0.22780175507068634,0.32449227571487427,0.42125362157821655,0.36740240454673767,0.3571232557296753,0.35273686051368713,0.3478400409221649
46,1040,0.2168942540884018,0.00020824636158067733,0.481201171875,0.26934814453125,0.151611328125,0.09783935546875,4,684,600,544,480,0.13547013700008392,0.2274731695652008,0.3248925805091858,0.4208837151527405,0.3674381375312805,0.3567098379135132,0.35327234864234924,0.34710925817489624
46,1060,0.21752700209617615,0.00020824636158067733,0.48089599609375,0.26702880859375,0.15301513671875,0.09906005859375,4,686,602,547,483,0.13536599278450012,0.228249192237854,0.3254784941673279,0.4207325875759125,0.36747974157333374,0.35769787430763245,0.3541686534881592,0.34710294008255005
46,1080,0.21659114956855774,0.00020824636158067733,0.48193359375,0.26763916015625,0.152587890625,0.09783935546875,4,686,600,545,476,0.13531255722045898,0.22692149877548218,0.3245187997817993,0.42037028074264526,0.3673454821109772,0.35588380694389343,0.35260048508644104,0.346180260181427
46,1100,0.21748492121696472,0.00020824636158067733,0.48101806640625,0.265869140625,0.15081787109375,0.102294921875,4,684,602,551,481,0.13492445647716522,0.2266668826341629,0.3261708915233612,0.4216015934944153,0.36683276295661926,0.35546398162841797,0.35503828525543213,0.3481195569038391
46,1120,0.21674691140651703,0.00020824636158067733,0.48211669921875,0.2685546875,0.15216064453125,0.09716796875,4,689,603,547,477,0.13593004643917084,0.22693952918052673,0.3243916928768158,0.4209970533847809,0.36808860301971436,0.35605335235595703,0.3525329828262329,0.3471274673938751
46,1140,0.21840696036815643,0.00020824636158067733,0.48052978515625,0.26812744140625,0.15087890625,0.1004638671875,4,692,603,541,476,0.13657653331756592,0.22866731882095337,0.3263392746448517,0.42033183574676514,0.3691065311431885,0.35822585225105286,0.3550625145435333,0.3464927673339844
46,1160,0.21748235821723938,0.00020824636158067733,0.48077392578125,0.26806640625,0.1514892578125,0.09967041015625,4,691,601,550,483,0.1356678605079651,0.2274279147386551,0.3255811035633087,0.4210774302482605,0.3678046464920044,0.3566710948944092,0.35405904054641724,0.3475894331932068
46,1180,0.21735845506191254,0.00020824636158067733,0.47955322265625,0.26824951171875,0.1536865234375,0.0985107421875,4,687,600,543,476,0.13579247891902924,0.22674483060836792,0.32503408193588257,0.4208797514438629,0.3677380383014679,0.3557282090187073,0.35324805974960327,0.34717628359794617
46,1200,0.2169232964515686,0.00020824636158067733,0.482177734375,0.266357421875,0.153076171875,0.098388671875,4,688,601,541,478,0.13552284240722656,0.22710885107517242,0.32531028985977173,0.4196399450302124,0.36749204993247986,0.35606276988983154,0.3538438677787781,0.3454032838344574
46,1220,0.21578890085220337,0.00020824636158067733,0.484130859375,0.27191162109375,0.14874267578125,0.09521484375,4,687,603,542,471,0.13565094769001007,0.22760933637619019,0.3251151740550995,0.41871604323387146,0.3678613007068634,0.3570704460144043,0.35364624857902527,0.3437229096889496
46,1240,0.21586978435516357,0.00020824636158067733,0.4853515625,0.26666259765625,0.14996337890625,0.0980224609375,4,690,603,543,478,0.13497529923915863,0.22712396085262299,0.32445505261421204,0.4196738302707672,0.3668473958969116,0.35637134313583374,0.352544903755188,0.3453642427921295
46,1260,0.2150116115808487,0.00020824636158067733,0.48614501953125,0.2640380859375,0.151611328125,0.09820556640625,4,689,596,545,472,0.13395529985427856,0.22566720843315125,0.3243885934352875,0.4187563359737396,0.3656071424484253,0.3540441691875458,0.3525013327598572,0.3435159921646118
46,1280,0.21574051678180695,0.00020824636158067733,0.48382568359375,0.2652587890625,0.15301513671875,0.097900390625,4,688,601,546,471,0.13420838117599487,0.22634796798229218,0.3251654803752899,0.41890570521354675,0.36571452021598816,0.3550207316875458,0.3535708487033844,0.34391775727272034
46,1300,0.21592286229133606,0.00020824636158067733,0.4827880859375,0.267822265625,0.1517333984375,0.09765625,4,690,604,546,473,0.13416485488414764,0.22720369696617126,0.32539910078048706,0.41907748579978943,0.3657947778701782,0.35659655928611755,0.3537878692150116,0.34456562995910645
46,1320,0.21590811014175415,0.00020824636158067733,0.48358154296875,0.27032470703125,0.14874267578125,0.09735107421875,4,684,607,553,474,0.13462507724761963,0.22796639800071716,0.32543888688087463,0.4188380539417267,0.3664206862449646,0.3575843274593353,0.3541049361228943,0.34404972195625305
46,1340,0.21743842959403992,0.00020824636158067733,0.48040771484375,0.2686767578125,0.15032958984375,0.1005859375,4,684,609,551,481,0.1348758041858673,0.22920207679271698,0.32573211193084717,0.4184938073158264,0.36661651730537415,0.35929006338119507,0.35422661900520325,0.34406691789627075
46,1360,0.21614417433738708,0.00020824636158067733,0.48291015625,0.2681884765625,0.150146484375,0.0987548828125,4,689,603,542,485,0.13432534039020538,0.22849740087985992,0.32510438561439514,0.417027086019516,0.36586159467697144,0.35821741819381714,0.3532780110836029,0.34183835983276367
46,1380,0.2168523371219635,0.00020824636158067733,0.478759765625,0.27093505859375,0.1513671875,0.09893798828125,4,686,609,545,478,0.1343625783920288,0.22837777435779572,0.3256002366542816,0.41808223724365234,0.36567196249961853,0.35793760418891907,0.3542062044143677,0.3429759442806244
46,1400,0.21664941310882568,0.00020824636158067733,0.48187255859375,0.269775390625,0.15118408203125,0.09716796875,4,690,613,544,473,0.13502034544944763,0.22830437123775482,0.32647377252578735,0.4182269871234894,0.3666634261608124,0.35802286863327026,0.35523971915245056,0.3431764245033264
46,1420,0.21642538905143738,0.00020824636158067733,0.481689453125,0.26605224609375,0.1519775390625,0.10028076171875,4,689,604,545,469,0.13391636312007904,0.2284051924943924,0.3247503638267517,0.416797935962677,0.3652217984199524,0.35792288184165955,0.3530217409133911,0.3412759602069855
46,1440,0.21619488298892975,0.00020824636158067733,0.4813232421875,0.2677001953125,0.15057373046875,0.10040283203125,4,688,606,545,482,0.13314178586006165,0.22833599150180817,0.32539117336273193,0.41821226477622986,0.36422327160835266,0.35801100730895996,0.3538486957550049,0.3434343934059143
46,1460,0.21556220948696136,0.00020824636158067733,0.48406982421875,0.2655029296875,0.1519775390625,0.09844970703125,4,687,609,552,473,0.13327725231647491,0.22828800976276398,0.32516154646873474,0.4166424870491028,0.36446699500083923,0.3577166199684143,0.3536366820335388,0.34108102321624756
46,1480,0.2153664082288742,0.00020824636158067733,0.4830322265625,0.268310546875,0.15106201171875,0.09759521484375,4,690,611,548,469,0.13306544721126556,0.22853872179985046,0.32559067010879517,0.4158787429332733,0.36416515707969666,0.3579699993133545,0.3541752099990845,0.33973607420921326
46,1500,0.216004878282547,0.00020824636158067733,0.48297119140625,0.26556396484375,0.15185546875,0.099609375,4,688,611,548,476,0.1328153908252716,0.2291196882724762,0.3258053660392761,0.4170049726963043,0.36391720175743103,0.3589927554130554,0.35444343090057373,0.34175142645835876
46,1520,0.21542809903621674,0.00020824636158067733,0.4833984375,0.26507568359375,0.15093994140625,0.1005859375,4,688,605,544,479,0.13250790536403656,0.227967768907547,0.32517167925834656,0.41620010137557983,0.36337265372276306,0.35711953043937683,0.3533945679664612,0.34048911929130554
46,1540,0.2153870165348053,0.00020824636158067733,0.48406982421875,0.268310546875,0.14990234375,0.09771728515625,4,690,614,547,472,0.13265232741832733,0.22931693494319916,0.3258751928806305,0.41749435663223267,0.3638263940811157,0.3594016134738922,0.35451436042785645,0.34226053953170776
46,1560,0.21511182188987732,0.00020824636158067733,0.4853515625,0.26654052734375,0.1505126953125,0.09759521484375,4,692,609,541,477,0.13306483626365662,0.22869640588760376,0.3253476917743683,0.41603246331214905,0.3643696904182434,0.35850533843040466,0.3536761701107025,0.3402925133705139
46,1580,0.215065598487854,0.00020824636158067733,0.48516845703125,0.26593017578125,0.15032958984375,0.09857177734375,4,687,613,541,480,0.13228407502174377,0.22943198680877686,0.324602872133255,0.41670355200767517,0.36304765939712524,0.3593941330909729,0.3527182340621948,0.3413812220096588
46,1600,0.21481835842132568,0.00020824636158067733,0.48748779296875,0.263916015625,0.1497802734375,0.09881591796875,4,684,611,542,475,0.13244332373142242,0.22908742725849152,0.3242838382720947,0.41716644167900085,0.36347389221191406,0.3588755130767822,0.3523307144641876,0.341924786567688
46,1620,0.214588463306427,0.00020824636158067733,0.487060546875,0.2633056640625,0.1505126953125,0.09912109375,4,687,608,544,467,0.1319878101348877,0.22834503650665283,0.3247910439968109,0.41658830642700195,0.3626382648944855,0.3577539324760437,0.352907657623291,0.3410337567329407
46,1640,0.21467149257659912,0.00020824636158067733,0.4857177734375,0.26580810546875,0.15069580078125,0.0977783203125,4,691,611,546,469,0.1321239322423935,0.2288641631603241,0.32515451312065125,0.41587111353874207,0.3628305196762085,0.35857903957366943,0.3535015285015106,0.339866042137146
46,1660,0.2153388112783432,0.00020824636158067733,0.48455810546875,0.26556396484375,0.151611328125,0.0982666015625,4,689,610,554,468,0.13239966332912445,0.22929295897483826,0.32560622692108154,0.4164786636829376,0.3633616864681244,0.35925570130348206,0.35405734181404114,0.3409090042114258
46,1680,0.21506892144680023,0.00020824636158067733,0.4844970703125,0.26727294921875,0.14990234375,0.09832763671875,4,690,607,546,473,0.13243217766284943,0.2293819785118103,0.3254532814025879,0.41506263613700867,0.3635217547416687,0.3593311607837677,0.3538495898246765,0.3387528359889984
46,1700,0.21578195691108704,0.00020824636158067733,0.483154296875,0.265380859375,0.151123046875,0.100341796875,4,686,609,548,473,0.13216890394687653,0.22971326112747192,0.3254764676094055,0.41633179783821106,0.3630978465080261,0.3599570095539093,0.3537778854370117,0.3408517837524414
46,1720,0.21428188681602478,0.00020824636158067733,0.48602294921875,0.2650146484375,0.1505126953125,0.09844970703125,4,688,604,547,473,0.13158419728279114,0.22777867317199707,0.3259989619255066,0.41541287302970886,0.362087607383728,0.3569549322128296,0.3547532260417938,0.3391878008842468
46,1740,0.21473979949951172,0.00020824636158067733,0.486572265625,0.26177978515625,0.15203857421875,0.099609375,4,687,614,554,475,0.13163097202777863,0.22844192385673523,0.3253086507320404,0.41593360900878906,0.3623408079147339,0.35792824625968933,0.35358285903930664,0.3402422070503235
46,1760,0.2140340507030487,0.00020824636158067733,0.486083984375,0.26605224609375,0.1510009765625,0.09686279296875,4,686,611,548,462,0.13157573342323303,0.22839850187301636,0.32531848549842834,0.4148947596549988,0.3621828258037567,0.35795801877975464,0.3537810444831848,0.33844491839408875
46,1780,0.21387985348701477,0.00020824636158067733,0.48785400390625,0.26507568359375,0.14935302734375,0.09771728515625,4,686,608,550,469,0.1316765695810318,0.22787071764469147,0.325573205947876,0.415613055229187,0.3623594343662262,0.3573143780231476,0.354083389043808,0.3396177887916565
46,1800,0.21363213658332825,0.00020824636158067733,0.48699951171875,0.2647705078125,0.1502685546875,0.09796142578125,4,687,606,550,467,0.13127198815345764,0.2274988442659378,0.3248012959957123,0.41506484150886536,0.3616674244403839,0.3568125367164612,0.353095144033432,0.33874329924583435
46,1820,0.21515032649040222,0.00020824636158067733,0.48614501953125,0.2630615234375,0.151123046875,0.09967041015625,4,691,611,559,482,0.13207754492759705,0.22861529886722565,0.32598379254341125,0.4167528748512268,0.3628874123096466,0.3578449785709381,0.3547840714454651,0.34115850925445557
46,1840,0.21535882353782654,0.00020824636158067733,0.4840087890625,0.2657470703125,0.15118408203125,0.09906005859375,4,689,614,550,471,0.1320711225271225,0.22922641038894653,0.3258724808692932,0.41643673181533813,0.3627917468547821,0.359121710062027,0.3545427918434143,0.34090572595596313
46,1860,0.2150028944015503,0.00020824636158067733,0.48712158203125,0.26220703125,0.15191650390625,0.0987548828125,4,688,616,556,470,0.1321420520544052,0.22956308722496033,0.3256468176841736,0.41486021876335144,0.3631737232208252,0.35953402519226074,0.354262113571167,0.3385128080844879
46,1880,0.21417218446731567,0.00020824636158067733,0.48773193359375,0.267333984375,0.1474609375,0.09747314453125,4,687,616,555,470,0.1317555457353592,0.22916744649410248,0.3261115550994873,0.4160924553871155,0.36254456639289856,0.35919204354286194,0.3547115921974182,0.34028491377830505
46,1900,0.2149898260831833,0.00020824636158067733,0.48187255859375,0.26873779296875,0.1519775390625,0.097412109375,4,688,616,552,467,0.13223227858543396,0.22876036167144775,0.3250538110733032,0.41466403007507324,0.3630863130092621,0.35862186551094055,0.3534335792064667,0.3380492627620697
46,1920,0.2137451171875,0.00020824636158067733,0.48651123046875,0.26837158203125,0.1502685546875,0.0948486328125,4,690,616,555,469,0.13160479068756104,0.22910968959331512,0.3257262706756592,0.4141858220100403,0.36215606331825256,0.3590773642063141,0.35436949133872986,0.3376075327396393
46,1940,0.21369892358779907,0.00020824636158067733,0.488037109375,0.26708984375,0.149169921875,0.095703125,4,690,615,551,470,0.13204093277454376,0.228636234998703,0.3252035677433014,0.41462644934654236,0.3628165125846863,0.3583424985408783,0.35360968112945557,0.3380008339881897
46,1960,0.21510101854801178,0.00020824636158067733,0.4842529296875,0.267822265625,0.14947509765625,0.09844970703125,4,689,615,554,469,0.1323905736207962,0.22906769812107086,0.32586604356765747,0.4157676696777344,0.3633783459663391,0.35894837975502014,0.3545571565628052,0.33991900086402893
46,1980,0.21378611028194427,0.00020824636158067733,0.488525390625,0.2633056640625,0.150390625,0.0977783203125,4,690,613,554,464,0.13142116367816925,0.22821162641048431,0.3252403438091278,0.4150308668613434,0.36207282543182373,0.3577696681022644,0.35369759798049927,0.33859553933143616
46,2000,0.2133948802947998,0.00020824636158067733,0.48785400390625,0.263671875,0.1510009765625,0.09747314453125,4,685,615,549,464,0.13090236485004425,0.22771663963794708,0.32513225078582764,0.4144306182861328,0.36111003160476685,0.35687151551246643,0.3535189628601074,0.3376701772212982
47,0,0.3152732253074646,0.00020824636158067733,0.34246826171875,0.3037109375,0.18170166015625,0.172119140625,4,698,644,585,540,0.20985594391822815,0.3003511130809784,0.3891136646270752,0.4734029471874237,0.4417111277580261,0.4298342168331146,0.4128992557525635,0.3897148072719574
47,20,0.28276604413986206,0.00020824636158067733,0.39031982421875,0.26727294921875,0.1922607421875,0.150146484375,4,698,632,583,534,0.1901189535856247,0.2719782292842865,0.3606860637664795,0.44303831458091736,0.4329983592033386,0.4114249348640442,0.39686575531959534,0.3758666515350342
47,40,0.2666762173175812,0.00020824636158067733,0.40667724609375,0.268310546875,0.180908203125,0.14410400390625,4,692,618,565,508,0.17720675468444824,0.26150059700012207,0.34465688467025757,0.4309084117412567,0.4204983711242676,0.40044301748275757,0.3798920512199402,0.3607257604598999
47,60,0.25566136837005615,0.00020824636158067733,0.43212890625,0.27093505859375,0.17596435546875,0.1209716796875,4,688,615,550,476,0.17241215705871582,0.2564743459224701,0.3421866297721863,0.42536044120788574,0.4150216281414032,0.3939090371131897,0.3741362392902374,0.34824028611183167
47,80,0.2523539662361145,0.00020824636158067733,0.432861328125,0.27911376953125,0.1705322265625,0.11749267578125,4,689,610,542,464,0.16999498009681702,0.2540085017681122,0.34076347947120667,0.4235265851020813,0.4118911027908325,0.3908812701702118,0.37063249945640564,0.34313827753067017
47,100,0.2516491413116455,0.00020824636158067733,0.43212890625,0.27947998046875,0.1708984375,0.11749267578125,4,682,612,539,463,0.1690211445093155,0.2528250217437744,0.3400285542011261,0.4241994619369507,0.41065722703933716,0.3893577754497528,0.37002190947532654,0.34310418367385864
47,120,0.2508999705314636,0.00020824636158067733,0.43475341796875,0.2760009765625,0.1697998046875,0.11944580078125,4,680,616,540,464,0.1670823097229004,0.2533611059188843,0.3394262492656708,0.42444324493408203,0.4084163308143616,0.38954731822013855,0.36933374404907227,0.34477412700653076
47,140,0.24819731712341309,0.00020824636158067733,0.4398193359375,0.27789306640625,0.16552734375,0.11676025390625,4,680,616,539,462,0.16519546508789062,0.25311198830604553,0.3371588885784149,0.42303821444511414,0.40598344802856445,0.38906630873680115,0.3664648234844208,0.3430330753326416
47,160,0.24568036198616028,0.00020824636158067733,0.44549560546875,0.27880859375,0.16363525390625,0.112060546875,4,682,612,539,466,0.1643182933330536,0.2516421377658844,0.3364165723323822,0.4218047559261322,0.4049314260482788,0.387587308883667,0.3664092719554901,0.34178900718688965
47,180,0.2450139969587326,0.00020824636158067733,0.44293212890625,0.2806396484375,0.16363525390625,0.11279296875,4,676,615,538,477,0.16260692477226257,0.25150105357170105,0.3363168239593506,0.42002353072166443,0.4027132987976074,0.38720810413360596,0.36705076694488525,0.3414837121963501
47,200,0.24172909557819366,0.00020824636158067733,0.45098876953125,0.27886962890625,0.159423828125,0.1107177734375,4,673,614,538,473,0.1599685698747635,0.2507339119911194,0.3339095413684845,0.41935330629348755,0.3995741307735443,0.38599255681037903,0.3637927770614624,0.34109094738960266
47,220,0.23916667699813843,0.00020824636158067733,0.45635986328125,0.277099609375,0.1595458984375,0.10699462890625,4,676,615,538,465,0.15858758985996246,0.2485087811946869,0.33278658986091614,0.419060617685318,0.3977915942668915,0.38358041644096375,0.36277347803115845,0.3404419422149658
47,240,0.23842233419418335,0.00020824636158067733,0.4583740234375,0.2711181640625,0.1632080078125,0.1072998046875,4,677,614,542,465,0.1571306437253952,0.247418612241745,0.3332090973854065,0.41878607869148254,0.3960159718990326,0.38206425309181213,0.3637661039829254,0.3405783474445343
47,260,0.23668868839740753,0.00020824636158067733,0.46136474609375,0.27154541015625,0.16009521484375,0.10699462890625,4,675,616,539,473,0.1549132615327835,0.24641521275043488,0.33271530270576477,0.42093801498413086,0.3932088017463684,0.38092753291130066,0.3630376160144806,0.34415316581726074
47,280,0.2356124073266983,0.00020824636158067733,0.45947265625,0.27349853515625,0.162353515625,0.10467529296875,4,677,616,534,468,0.15347537398338318,0.24510304629802704,0.3319663107395172,0.42190873622894287,0.3912191390991211,0.37975960969924927,0.36235886812210083,0.3449607789516449
47,300,0.23533594608306885,0.00020824636158067733,0.45947265625,0.27099609375,0.16455078125,0.10498046875,4,678,621,542,474,0.1522902101278305,0.24528050422668457,0.3316831886768341,0.42211630940437317,0.38974809646606445,0.3798065185546875,0.36228859424591064,0.3460599482059479
47,320,0.23269017040729523,0.00020824636158067733,0.4686279296875,0.2684326171875,0.1600341796875,0.1029052734375,4,678,618,543,473,0.15088967978954315,0.24497191607952118,0.33050671219825745,0.4210495352745056,0.3881773352622986,0.37944597005844116,0.3606065511703491,0.3449033796787262
47,340,0.23241646587848663,0.00020824636158067733,0.4681396484375,0.269775390625,0.1595458984375,0.1025390625,4,677,625,540,474,0.15048852562904358,0.24519945681095123,0.3297716975212097,0.4213447868824005,0.3876141309738159,0.37989410758018494,0.3595131039619446,0.34583306312561035
47,360,0.23053932189941406,0.00020824636158067733,0.46966552734375,0.27032470703125,0.16107177734375,0.09893798828125,4,677,623,540,474,0.14889386296272278,0.24390222132205963,0.3287823498249054,0.42166492342948914,0.3855105936527252,0.37849855422973633,0.3585248589515686,0.3461270332336426
47,380,0.22991245985031128,0.00020824636158067733,0.4703369140625,0.2696533203125,0.15960693359375,0.10040283203125,4,679,622,539,470,0.14796286821365356,0.24338477849960327,0.3280631899833679,0.42159539461135864,0.38426220417022705,0.3777170181274414,0.35733532905578613,0.34643784165382385
47,400,0.22973321378231049,0.00020824636158067733,0.47003173828125,0.2681884765625,0.15997314453125,0.101806640625,4,678,624,538,481,0.1472587138414383,0.24266424775123596,0.32831525802612305,0.42154011130332947,0.38336843252182007,0.37662413716316223,0.35769352316856384,0.34662631154060364
47,420,0.22874502837657928,0.00020824636158067733,0.46978759765625,0.26898193359375,0.16156005859375,0.09967041015625,4,676,624,534,487,0.14627476036548615,0.24218204617500305,0.32679349184036255,0.42226749658584595,0.38205742835998535,0.37630563974380493,0.35575056076049805,0.347805917263031
47,440,0.2270064651966095,0.00020824636158067733,0.47625732421875,0.26654052734375,0.15826416015625,0.09893798828125,4,679,624,530,482,0.1453583836555481,0.24199004471302032,0.32552531361579895,0.422076016664505,0.3809839189052582,0.3760205805301666,0.35379818081855774,0.3473674952983856
47,460,0.22710677981376648,0.00020824636158067733,0.47052001953125,0.2703857421875,0.15869140625,0.10040283203125,4,676,626,531,475,0.14471110701560974,0.24149924516677856,0.3241351246833801,0.4211224615573883,0.37981197237968445,0.3751544654369354,0.3517817258834839,0.34633034467697144
47,480,0.2272855043411255,0.00020824636158067733,0.4698486328125,0.27081298828125,0.16021728515625,0.09912109375,4,677,625,530,480,0.14488263428211212,0.2415083944797516,0.32468053698539734,0.4216011166572571,0.3801915943622589,0.3756439983844757,0.3527837097644806,0.34740906953811646
47,500,0.2257935106754303,0.00020824636158067733,0.4691162109375,0.27301025390625,0.159912109375,0.09796142578125,4,677,624,535,472,0.1430577039718628,0.24079355597496033,0.3239489793777466,0.4199647009372711,0.37767067551612854,0.3746706545352936,0.35162100195884705,0.34498104453086853
47,520,0.2255091369152069,0.00020824636158067733,0.46881103515625,0.26904296875,0.1624755859375,0.09967041015625,4,678,619,534,481,0.1417856514453888,0.23930691182613373,0.3238869905471802,0.42169874906539917,0.3760056793689728,0.3726106584072113,0.3516846299171448,0.3475668728351593
47,540,0.2253183275461197,0.00020824636158067733,0.471923828125,0.26898193359375,0.1605224609375,0.09857177734375,4,678,624,532,479,0.14254653453826904,0.23993106186389923,0.3234281837940216,0.42195266485214233,0.37718135118484497,0.373550683259964,0.3510150909423828,0.3479881286621094
47,560,0.22412553429603577,0.00020824636158067733,0.473388671875,0.26953125,0.15753173828125,0.09954833984375,4,674,620,533,486,0.14195960760116577,0.23848094046115875,0.3214050233364105,0.42204535007476807,0.37625426054000854,0.37164974212646484,0.34788453578948975,0.3478420376777649
47,580,0.22436165809631348,0.00020824636158067733,0.471435546875,0.2706298828125,0.1585693359375,0.099365234375,4,677,620,535,482,0.14216585457324982,0.23836486041545868,0.32116568088531494,0.4217163324356079,0.37670794129371643,0.3717297315597534,0.3479040861129761,0.34793010354042053
47,600,0.2236822545528412,0.00020824636158067733,0.4727783203125,0.2694091796875,0.1605224609375,0.0972900390625,4,679,623,529,479,0.14183010160923004,0.23823182284832,0.3202134072780609,0.42188069224357605,0.37614279985427856,0.3715463876724243,0.34654703736305237,0.34797385334968567
47,620,0.22310878336429596,0.00020824636158067733,0.4739990234375,0.26708984375,0.16009521484375,0.09881591796875,4,677,619,529,487,0.14102068543434143,0.23722228407859802,0.3200363218784332,0.4216848313808441,0.3752322196960449,0.37014514207839966,0.3463142514228821,0.34788253903388977
47,640,0.22233334183692932,0.00020824636158067733,0.47686767578125,0.264892578125,0.159423828125,0.09881591796875,4,676,623,530,487,0.14090991020202637,0.23619519174098969,0.31976279616355896,0.42092233896255493,0.3750545084476471,0.3686678111553192,0.34587931632995605,0.34686926007270813
47,660,0.2211226224899292,0.00020824636158067733,0.47637939453125,0.26873779296875,0.158935546875,0.095947265625,4,676,620,532,480,0.1400916576385498,0.23639383912086487,0.3184897303581238,0.4193820059299469,0.3739969730377197,0.36906757950782776,0.34412670135498047,0.34481966495513916
47,680,0.22251904010772705,0.00020824636158067733,0.4677734375,0.271484375,0.16107177734375,0.09967041015625,4,674,621,525,491,0.13913239538669586,0.23737980425357819,0.31809455156326294,0.418937087059021,0.37237247824668884,0.370072603225708,0.3434586524963379,0.34415629506111145
47,700,0.22089634835720062,0.00020824636158067733,0.47271728515625,0.27117919921875,0.1583251953125,0.0977783203125,4,675,623,528,486,0.13863076269626617,0.2367544174194336,0.3170960545539856,0.41886618733406067,0.37203067541122437,0.3695269525051117,0.3420584201812744,0.3440074026584625
47,720,0.21919435262680054,0.00020824636158067733,0.4791259765625,0.26898193359375,0.15625,0.09564208984375,4,677,618,524,481,0.13863219320774078,0.23582208156585693,0.31553682684898376,0.4186188280582428,0.3721255660057068,0.3681583106517792,0.33975812792778015,0.3435792028903961
47,740,0.22052958607673645,0.00020824636158067733,0.47265625,0.270751953125,0.15985107421875,0.09674072265625,4,674,621,525,480,0.13856281340122223,0.23590578138828278,0.31702733039855957,0.41851961612701416,0.37203747034072876,0.36830878257751465,0.3420722484588623,0.3435530960559845
47,760,0.2211059182882309,0.00020824636158067733,0.46868896484375,0.27239990234375,0.16094970703125,0.09796142578125,4,674,621,523,485,0.1386018693447113,0.23565465211868286,0.3165571987628937,0.4185592532157898,0.37181931734085083,0.36800554394721985,0.3412996530532837,0.3436199426651001
47,780,0.22068235278129578,0.00020824636158067733,0.46978759765625,0.2705078125,0.16064453125,0.09906005859375,4,675,621,527,484,0.13753430545330048,0.2359248399734497,0.3161284625530243,0.41860058903694153,0.37050139904022217,0.36829137802124023,0.34070518612861633,0.3435896933078766
47,800,0.2205207347869873,0.00020824636158067733,0.46807861328125,0.27239990234375,0.16156005859375,0.09796142578125,4,679,621,526,480,0.13756006956100464,0.23550905287265778,0.3159920871257782,0.4177916944026947,0.37032049894332886,0.3677627444267273,0.34047001600265503,0.3423997461795807
47,820,0.22054168581962585,0.00020824636158067733,0.46575927734375,0.2735595703125,0.1612548828125,0.09942626953125,4,678,621,526,485,0.13675881922245026,0.23513898253440857,0.3161364793777466,0.41781628131866455,0.36945366859436035,0.3672459125518799,0.3405815660953522,0.34246885776519775
47,840,0.21890951693058014,0.00020824636158067733,0.4708251953125,0.27166748046875,0.16107177734375,0.096435546875,4,677,620,534,491,0.13618962466716766,0.23430199921131134,0.3156903088092804,0.4177605211734772,0.36875197291374207,0.3662067651748657,0.3400866389274597,0.34243646264076233
47,860,0.22032757103443146,0.00020824636158067733,0.469482421875,0.26947021484375,0.162109375,0.09893798828125,4,677,621,530,484,0.13719214498996735,0.23459205031394958,0.3166418969631195,0.41816189885139465,0.3701234459877014,0.3665645718574524,0.34143683314323425,0.3430689573287964
47,880,0.22036433219909668,0.00020824636158067733,0.46417236328125,0.273193359375,0.1636962890625,0.09893798828125,4,675,619,529,486,0.13661634922027588,0.23433446884155273,0.31570759415626526,0.4169481098651886,0.3690544068813324,0.3661004304885864,0.3401392102241516,0.34131255745887756
47,900,0.22017264366149902,0.00020824636158067733,0.46484375,0.2740478515625,0.16363525390625,0.09747314453125,4,675,621,531,487,0.13611701130867004,0.2345576137304306,0.31700342893600464,0.4180285930633545,0.36856797337532043,0.3665540814399719,0.34204748272895813,0.3425506353378296
47,920,0.21997472643852234,0.00020824636158067733,0.462890625,0.27392578125,0.1644287109375,0.0987548828125,4,675,621,531,476,0.13586647808551788,0.23325923085212708,0.31614363193511963,0.41724130511283875,0.3680262565612793,0.3647020161151886,0.340780109167099,0.3416062593460083
47,940,0.21921099722385406,0.00020824636158067733,0.4658203125,0.27398681640625,0.1644287109375,0.09576416015625,4,675,623,531,481,0.1355418711900711,0.2336636185646057,0.31739184260368347,0.4162699282169342,0.36785584688186646,0.36537477374076843,0.3426099419593811,0.3403748571872711
47,960,0.21774807572364807,0.00020824636158067733,0.47198486328125,0.27325439453125,0.159912109375,0.0948486328125,4,677,621,529,479,0.13533523678779602,0.23398171365261078,0.3154919445514679,0.41628819704055786,0.3676741123199463,0.3659144341945648,0.3398101031780243,0.340195894241333
47,980,0.2180970162153244,0.00020824636158067733,0.467529296875,0.27435302734375,0.16094970703125,0.09716796875,4,675,620,533,474,0.1346069872379303,0.23296642303466797,0.31524530053138733,0.4169131815433502,0.36661598086357117,0.3644741177558899,0.3394605219364166,0.3412850499153137
47,1000,0.21906691789627075,0.00020824636158067733,0.4647216796875,0.27532958984375,0.16363525390625,0.0963134765625,4,677,621,527,482,0.13540668785572052,0.23364798724651337,0.3153766095638275,0.41742393374443054,0.367658793926239,0.36547529697418213,0.3396569788455963,0.34169307351112366
47,1020,0.21716168522834778,0.00020824636158067733,0.46844482421875,0.27691650390625,0.16021728515625,0.09442138671875,4,677,617,524,476,0.13498812913894653,0.2324804812669754,0.3145825266838074,0.4146089255809784,0.36704108119010925,0.3639218509197235,0.3383859395980835,0.3377881348133087
47,1040,0.21798358857631683,0.00020824636158067733,0.46673583984375,0.275390625,0.1622314453125,0.09564208984375,4,678,619,534,478,0.13494546711444855,0.23266063630580902,0.31500330567359924,0.41638243198394775,0.3670695424079895,0.36413925886154175,0.3391129672527313,0.34042152762413025
47,1060,0.21867501735687256,0.00020824636158067733,0.466064453125,0.2745361328125,0.16265869140625,0.09674072265625,4,675,621,531,478,0.135323628783226,0.2323152720928192,0.3165965974330902,0.4168810248374939,0.3675609529018402,0.3636636435985565,0.3413845896720886,0.34111684560775757
47,1080,0.2174152135848999,0.00020824636158067733,0.46722412109375,0.27447509765625,0.1614990234375,0.0968017578125,4,676,620,535,487,0.13407136499881744,0.2318391352891922,0.3152613937854767,0.41554370522499084,0.36575785279273987,0.36285826563835144,0.33947116136550903,0.33886250853538513
47,1100,0.21787837147712708,0.00020824636158067733,0.46820068359375,0.273681640625,0.16082763671875,0.0972900390625,4,675,624,530,481,0.13471408188343048,0.2322588562965393,0.3154897689819336,0.4162881076335907,0.366811066865921,0.36345282196998596,0.3397354185581207,0.3401409685611725
47,1120,0.2195504754781723,0.00020824636158067733,0.46435546875,0.27392578125,0.1634521484375,0.0982666015625,4,678,622,533,484,0.1361384093761444,0.23176047205924988,0.31734421849250793,0.41700950264930725,0.36867740750312805,0.3627869784832001,0.3419962525367737,0.3416522145271301
47,1140,0.21863535046577454,0.00020824636158067733,0.46441650390625,0.2734375,0.1639404296875,0.09820556640625,4,679,620,537,475,0.1351277083158493,0.23123511672019958,0.31626251339912415,0.41548803448677063,0.3668779730796814,0.3619920313358307,0.3408493995666504,0.3391359746456146
47,1160,0.2183886021375656,0.00020824636158067733,0.466552734375,0.2728271484375,0.16192626953125,0.09869384765625,4,678,621,531,485,0.1348469853401184,0.23190876841545105,0.31609225273132324,0.4156358540058136,0.3668895363807678,0.36297139525413513,0.3406567871570587,0.33916303515434265
47,1180,0.21659086644649506,0.00020824636158067733,0.4710693359375,0.274169921875,0.15838623046875,0.09637451171875,4,677,621,526,478,0.1343856155872345,0.23187440633773804,0.31401053071022034,0.41481903195381165,0.3663475811481476,0.3629775941371918,0.33763015270233154,0.3377777934074402
47,1200,0.2172853797674179,0.00020824636158067733,0.4686279296875,0.273193359375,0.16119384765625,0.09698486328125,4,679,622,529,480,0.13413241505622864,0.232312873005867,0.31430181860923767,0.4155011475086212,0.365958034992218,0.3635261356830597,0.3380117416381836,0.3391820192337036
47,1220,0.21766123175621033,0.00020824636158067733,0.46990966796875,0.27099609375,0.16217041015625,0.096923828125,4,682,620,535,481,0.13469350337982178,0.23170168697834015,0.31586819887161255,0.4163343012332916,0.3667675852775574,0.3627970516681671,0.34016847610473633,0.34034299850463867
47,1240,0.2167421579360962,0.00020824636158067733,0.47027587890625,0.27264404296875,0.159912109375,0.09716796875,4,675,620,524,482,0.13425016403198242,0.23117652535438538,0.3143187463283539,0.4149029552936554,0.366020530462265,0.3618958294391632,0.3380831778049469,0.3382485508918762
47,1260,0.21754533052444458,0.00020824636158067733,0.4674072265625,0.27239990234375,0.162353515625,0.09783935546875,4,677,624,535,477,0.13422776758670807,0.2316438853740692,0.3146355152130127,0.4152149260044098,0.3660745620727539,0.36262819170951843,0.3385562002658844,0.33884915709495544
47,1280,0.21757978200912476,0.00020824636158067733,0.46771240234375,0.27130126953125,0.16168212890625,0.09930419921875,4,678,620,535,482,0.1340084671974182,0.2311040163040161,0.3152100443840027,0.4152868092060089,0.3656502962112427,0.3616785705089569,0.3393544554710388,0.3385425806045532
47,1300,0.21630683541297913,0.00020824636158067733,0.47076416015625,0.2716064453125,0.16033935546875,0.0972900390625,4,678,624,523,479,0.13339856266975403,0.23107339441776276,0.3145613968372345,0.4143278896808624,0.3649052381515503,0.361776739358902,0.33843210339546204,0.3372589349746704
47,1320,0.21734660863876343,0.00020824636158067733,0.46759033203125,0.2725830078125,0.16229248046875,0.0975341796875,4,677,620,532,479,0.13381452858448029,0.23164024949073792,0.31546011567115784,0.4146057367324829,0.36555957794189453,0.362546443939209,0.33978593349456787,0.3378492295742035
47,1340,0.2173353135585785,0.00020824636158067733,0.46728515625,0.27386474609375,0.16156005859375,0.0972900390625,4,678,625,528,484,0.13399305939674377,0.2318067103624344,0.3149573504924774,0.41478151082992554,0.365629106760025,0.3628038167953491,0.3390263020992279,0.33770015835762024
47,1360,0.2164558321237564,0.00020824636158067733,0.4703369140625,0.27154541015625,0.16070556640625,0.097412109375,4,675,620,529,477,0.13395075500011444,0.2306165248155594,0.3144494593143463,0.4136776030063629,0.36562517285346985,0.36118870973587036,0.3382944166660309,0.33658739924430847
47,1380,0.21720242500305176,0.00020824636158067733,0.46649169921875,0.27484130859375,0.1612548828125,0.097412109375,4,675,617,532,478,0.13443739712238312,0.23059068620204926,0.315334677696228,0.4133304953575134,0.3662292957305908,0.3612184226512909,0.33959677815437317,0.33597663044929504
47,1400,0.2160092145204544,0.00020824636158067733,0.47119140625,0.27447509765625,0.1566162109375,0.09771728515625,4,671,624,525,473,0.13377122581005096,0.23045936226844788,0.31492531299591064,0.4134335517883301,0.36544376611709595,0.3609582483768463,0.33898934721946716,0.3361029326915741
47,1420,0.21649523079395294,0.00020824636158067733,0.4708251953125,0.2738037109375,0.15863037109375,0.09674072265625,4,676,624,525,482,0.1345733255147934,0.2305312305688858,0.3149940073490143,0.4139600694179535,0.36659544706344604,0.36106112599372864,0.33909735083580017,0.3367709219455719
47,1440,0.2172124981880188,0.00020824636158067733,0.4658203125,0.274169921875,0.16326904296875,0.09674072265625,4,678,627,537,481,0.13374145328998566,0.23118771612644196,0.31572556495666504,0.4132704734802246,0.3653152585029602,0.36202675104141235,0.3401326537132263,0.335906982421875
47,1460,0.2178071290254593,0.00020824636158067733,0.46661376953125,0.2724609375,0.161865234375,0.09906005859375,4,677,625,540,485,0.133808895945549,0.23136718571186066,0.31631556153297424,0.4152132570743561,0.3654959797859192,0.3622429370880127,0.3408994972705841,0.3386404812335968
47,1480,0.21672093868255615,0.00020824636158067733,0.46710205078125,0.27349853515625,0.162109375,0.0972900390625,4,676,622,536,479,0.13344861567020416,0.2301797717809677,0.31601056456565857,0.41324615478515625,0.36496955156326294,0.3607378304004669,0.34056466817855835,0.3362025320529938
47,1500,0.21651579439640045,0.00020824636158067733,0.4698486328125,0.27362060546875,0.15997314453125,0.0965576171875,4,677,623,530,472,0.13422109186649323,0.23097892105579376,0.3146098852157593,0.4134575426578522,0.36610206961631775,0.36174124479293823,0.338515043258667,0.33650851249694824
47,1520,0.21668684482574463,0.00020824636158067733,0.46551513671875,0.2747802734375,0.16180419921875,0.097900390625,4,675,626,533,477,0.13338425755500793,0.2297316938638687,0.31534257531166077,0.41312360763549805,0.36472639441490173,0.359934538602829,0.33960381150245667,0.33559325337409973
47,1540,0.21696442365646362,0.00020824636158067733,0.46783447265625,0.2725830078125,0.1605224609375,0.09906005859375,4,674,621,527,485,0.1335357129573822,0.2302050143480301,0.31558191776275635,0.41473692655563354,0.36522144079208374,0.3606361150741577,0.33993294835090637,0.33854055404663086
47,1560,0.2161482274532318,0.00020824636158067733,0.469970703125,0.27252197265625,0.1590576171875,0.09844970703125,4,674,623,528,480,0.13357193768024445,0.2294905185699463,0.31451499462127686,0.41448697447776794,0.3651390075683594,0.3597106337547302,0.33830955624580383,0.3373624384403229
47,1580,0.21630176901817322,0.00020824636158067733,0.46942138671875,0.27349853515625,0.15899658203125,0.09808349609375,4,677,621,522,474,0.13348540663719177,0.23044875264167786,0.31426307559013367,0.41440925002098083,0.36512425541877747,0.361049085855484,0.3380208909511566,0.337644100189209
47,1600,0.21672527492046356,0.00020824636158067733,0.46734619140625,0.2752685546875,0.159423828125,0.09796142578125,4,677,619,529,475,0.13442280888557434,0.22994019091129303,0.314572274684906,0.4129956066608429,0.3662537932395935,0.36035600304603577,0.33848464488983154,0.3357396721839905
47,1620,0.2160494029521942,0.00020824636158067733,0.46905517578125,0.2734375,0.15997314453125,0.0975341796875,4,674,623,527,471,0.13346685469150543,0.23049436509609222,0.313920259475708,0.4121781885623932,0.36493849754333496,0.36109060049057007,0.3375096321105957,0.3344917893409729
47,1640,0.21633608639240265,0.00020824636158067733,0.46893310546875,0.2713623046875,0.1607666015625,0.09893798828125,4,677,622,524,477,0.13324925303459167,0.23024514317512512,0.3145974278450012,0.41232380270957947,0.3647107481956482,0.3606564998626709,0.33848294615745544,0.3344408869743347
47,1660,0.2161417007446289,0.00020824636158067733,0.4708251953125,0.27069091796875,0.15936279296875,0.09912109375,4,675,619,528,475,0.13311199843883514,0.23071135580539703,0.31459885835647583,0.41244906187057495,0.3645862936973572,0.3612748086452484,0.3384988605976105,0.3350028693675995
47,1680,0.21601954102516174,0.00020824636158067733,0.468994140625,0.27166748046875,0.16217041015625,0.09716796875,4,674,626,529,480,0.13292883336544037,0.23013651371002197,0.3145759701728821,0.4131113886833191,0.3642655313014984,0.36058509349823,0.33847761154174805,0.3357285261154175
47,1700,0.21673932671546936,0.00020824636158067733,0.465576171875,0.27569580078125,0.160400390625,0.09832763671875,4,675,625,526,473,0.13342958688735962,0.2306920289993286,0.315337210893631,0.41124412417411804,0.36488956212997437,0.36107808351516724,0.3395939767360687,0.3328993320465088
47,1720,0.21618157625198364,0.00020824636158067733,0.470703125,0.27166748046875,0.16009521484375,0.0975341796875,4,677,626,523,477,0.13340643048286438,0.2303953319787979,0.3153655230998993,0.4132634699344635,0.3651028275489807,0.36102455854415894,0.3396269679069519,0.3359377980232239
47,1740,0.21627335250377655,0.00020824636158067733,0.4677734375,0.2738037109375,0.160400390625,0.0980224609375,4,675,626,532,474,0.13303519785404205,0.23020201921463013,0.31450486183166504,0.4138455092906952,0.36438408493995667,0.36070454120635986,0.338294118642807,0.3367305099964142
47,1760,0.21562525629997253,0.00020824636158067733,0.4715576171875,0.27239990234375,0.15960693359375,0.096435546875,4,673,625,532,472,0.1333216279745102,0.23039375245571136,0.31470486521720886,0.4123803973197937,0.3648236095905304,0.36094456911087036,0.3386320173740387,0.334868848323822
47,1780,0.21663758158683777,0.00020824636158067733,0.46685791015625,0.27618408203125,0.158447265625,0.0985107421875,4,675,627,526,481,0.13342788815498352,0.23076452314853668,0.31522902846336365,0.4127981662750244,0.364851713180542,0.36155834794044495,0.339287668466568,0.33526739478111267
47,1800,0.21534428000450134,0.00020824636158067733,0.4700927734375,0.2740478515625,0.1588134765625,0.0970458984375,4,674,626,533,469,0.13231584429740906,0.23072974383831024,0.31396499276161194,0.4126986265182495,0.36336490511894226,0.36136168241500854,0.3374965488910675,0.3352910280227661
47,1820,0.2158687710762024,0.00020824636158067733,0.4683837890625,0.27484130859375,0.1597900390625,0.09698486328125,4,675,626,529,467,0.13331106305122375,0.23009991645812988,0.31469833850860596,0.41141897439956665,0.36473944783210754,0.3605719804763794,0.33867141604423523,0.3330450654029846
47,1840,0.21632161736488342,0.00020824636158067733,0.46514892578125,0.27386474609375,0.1619873046875,0.0989990234375,4,673,620,534,470,0.1321568340063095,0.22968387603759766,0.3159189522266388,0.4118407666683197,0.36313027143478394,0.35981643199920654,0.3404591977596283,0.3340038061141968
47,1860,0.21581874787807465,0.00020824636158067733,0.4688720703125,0.2723388671875,0.16229248046875,0.09649658203125,4,673,624,534,468,0.13283446431159973,0.22971148788928986,0.3158072233200073,0.41166090965270996,0.364112913608551,0.36003944277763367,0.3401575982570648,0.3336573541164398
47,1880,0.21524520218372345,0.00020824636158067733,0.470458984375,0.271728515625,0.159912109375,0.097900390625,4,675,623,526,469,0.13250014185905457,0.2297721952199936,0.3137573003768921,0.41164353489875793,0.3636247217655182,0.3601553738117218,0.33724382519721985,0.333930641412735
47,1900,0.21547140181064606,0.00020824636158067733,0.47027587890625,0.27301025390625,0.1591796875,0.0975341796875,4,677,622,534,473,0.13265067338943481,0.22988052666187286,0.31510093808174133,0.41187170147895813,0.36392343044281006,0.36031466722488403,0.33921018242836,0.33387982845306396
47,1920,0.2165851593017578,0.00020824636158067733,0.46728515625,0.2724609375,0.1614990234375,0.0987548828125,4,677,622,532,475,0.13282626867294312,0.2306864708662033,0.31521889567375183,0.4127067029476166,0.3641059994697571,0.3613131046295166,0.33928248286247253,0.3353852927684784
47,1940,0.21616734564304352,0.00020824636158067733,0.46856689453125,0.27227783203125,0.16162109375,0.0975341796875,4,677,622,535,470,0.13255539536476135,0.23039497435092926,0.31614625453948975,0.41245970129966736,0.3637843728065491,0.3609510362148285,0.34068092703819275,0.33515113592147827
47,1960,0.21518731117248535,0.00020824636158067733,0.47100830078125,0.27447509765625,0.15740966796875,0.09710693359375,4,676,626,529,468,0.13269871473312378,0.23040376603603363,0.3142165541648865,0.4117550849914551,0.36399054527282715,0.3609917461872101,0.33792808651924133,0.33389851450920105
47,1980,0.21683907508850098,0.00020824636158067733,0.4678955078125,0.274658203125,0.15936279296875,0.09808349609375,4,681,629,532,473,0.1336706578731537,0.23134174942970276,0.31556427478790283,0.4125675857067108,0.3653453290462494,0.3621636629104614,0.33983802795410156,0.33510252833366394
47,2000,0.2157059907913208,0.00020824636158067733,0.4697265625,0.27337646484375,0.15948486328125,0.097412109375,4,677,622,532,477,0.13257458806037903,0.23020599782466888,0.31516799330711365,0.41303664445877075,0.3634752035140991,0.3606385290622711,0.3393556773662567,0.33531203866004944
48,0,0.3238520324230194,0.00020824636158067733,0.3463134765625,0.1900634765625,0.28607177734375,0.17755126953125,4,698,619,592,516,0.21184121072292328,0.2888585329055786,0.3948711156845093,0.4653620421886444,0.4462812542915344,0.4299543499946594,0.41155827045440674,0.3809433877468109
48,20,0.29064056277275085,0.00020824636158067733,0.36395263671875,0.24749755859375,0.217041015625,0.1715087890625,4,687,622,584,522,0.1887868195772171,0.27290982007980347,0.36243581771850586,0.44151178002357483,0.4286772310733795,0.41383326053619385,0.39759504795074463,0.36942896246910095
48,40,0.2705177962779999,0.00020824636158067733,0.388916015625,0.277587890625,0.19439697265625,0.13909912109375,4,690,621,574,500,0.18026882410049438,0.263891339302063,0.34939226508140564,0.42584407329559326,0.42193469405174255,0.40336892008781433,0.3861478865146637,0.351909875869751
48,60,0.2608872652053833,0.00020824636158067733,0.40972900390625,0.279052734375,0.1876220703125,0.12359619140625,4,687,614,562,474,0.17539839446544647,0.2588861286640167,0.3449765741825104,0.4211566150188446,0.41820865869522095,0.39703208208084106,0.3799259662628174,0.34270450472831726
48,80,0.2569642663002014,0.00020824636158067733,0.41595458984375,0.2825927734375,0.179931640625,0.12152099609375,4,688,611,553,465,0.17183078825473785,0.25713276863098145,0.3434920310974121,0.4198575019836426,0.4142545759677887,0.3944236934185028,0.3759528696537018,0.3393305838108063
48,100,0.2535453736782074,0.00020824636158067733,0.42486572265625,0.28765869140625,0.1719970703125,0.115478515625,4,690,610,545,457,0.17059023678302765,0.25574690103530884,0.3429885506629944,0.42004865407943726,0.41280022263526917,0.39279353618621826,0.3733697533607483,0.3381032645702362
48,120,0.2531323730945587,0.00020824636158067733,0.4237060546875,0.28729248046875,0.17071533203125,0.1182861328125,4,687,609,540,466,0.16922704875469208,0.254772424697876,0.34241628646850586,0.4208434522151947,0.41093143820762634,0.3914477825164795,0.3717920780181885,0.33977845311164856
48,140,0.253031462430954,0.00020824636158067733,0.42779541015625,0.284423828125,0.16888427734375,0.118896484375,4,686,609,547,473,0.16947013139724731,0.25526416301727295,0.3420504033565521,0.42190295457839966,0.41133496165275574,0.3919335603713989,0.37125304341316223,0.34303662180900574
48,160,0.2517220675945282,0.00020824636158067733,0.428955078125,0.286376953125,0.16741943359375,0.11724853515625,4,685,610,542,470,0.1685396283864975,0.2543146014213562,0.3415222764015198,0.4214877486228943,0.41008779406547546,0.3906934857368469,0.37005263566970825,0.3418141007423401
48,180,0.2503025531768799,0.00020824636158067733,0.4310302734375,0.28759765625,0.1658935546875,0.115478515625,4,688,606,538,457,0.16811715066432953,0.25242799520492554,0.34041011333465576,0.4223248362541199,0.4095759689807892,0.3884434103965759,0.36778849363327026,0.3422066867351532
48,200,0.2482408881187439,0.00020824636158067733,0.43743896484375,0.28558349609375,0.16510009765625,0.11187744140625,4,687,607,537,461,0.16749726235866547,0.2506236135959625,0.3398998975753784,0.4226017892360687,0.4088252782821655,0.38581234216690063,0.36643218994140625,0.3427391052246094
48,220,0.24796441197395325,0.00020824636158067733,0.43499755859375,0.28741455078125,0.1668701171875,0.1107177734375,4,685,607,536,464,0.16654767096042633,0.25077903270721436,0.33934131264686584,0.4228147566318512,0.40765702724456787,0.3862631320953369,0.36576610803604126,0.34425634145736694
48,240,0.24823835492134094,0.00020824636158067733,0.43328857421875,0.28662109375,0.1697998046875,0.11029052734375,4,688,607,541,467,0.16621774435043335,0.25008368492126465,0.34124070405960083,0.422486275434494,0.40713614225387573,0.3858661353588104,0.36917242407798767,0.3459911346435547
48,260,0.24525141716003418,0.00020824636158067733,0.44146728515625,0.282470703125,0.1695556640625,0.10650634765625,4,691,608,534,466,0.16456645727157593,0.24810774624347687,0.33870643377304077,0.42333558201789856,0.40530461072921753,0.38318848609924316,0.3660230338573456,0.34683138132095337
48,280,0.24288442730903625,0.00020824636158067733,0.44451904296875,0.2850341796875,0.16644287109375,0.10400390625,4,686,607,535,469,0.16279621422290802,0.24713897705078125,0.33692553639411926,0.42302727699279785,0.4030940532684326,0.38216543197631836,0.36328569054603577,0.34705883264541626
48,300,0.24119235575199127,0.00020824636158067733,0.44525146484375,0.28515625,0.16656494140625,0.10302734375,4,683,609,541,467,0.1595541089773178,0.24673181772232056,0.33478569984436035,0.4273620545864105,0.3991110920906067,0.3819355368614197,0.36122840642929077,0.35367661714553833
48,320,0.23983992636203766,0.00020824636158067733,0.4476318359375,0.2808837890625,0.17181396484375,0.09967041015625,4,683,611,541,475,0.15743298828601837,0.245792955160141,0.3350650370121002,0.4290120005607605,0.39647379517555237,0.3808823525905609,0.3628414571285248,0.356108158826828
48,340,0.23773035407066345,0.00020824636158067733,0.45111083984375,0.28173828125,0.1693115234375,0.09783935546875,4,681,613,541,474,0.15499109029769897,0.24591587483882904,0.3336256742477417,0.42970049381256104,0.3933364748954773,0.380911648273468,0.3609963357448578,0.3577883839607239
48,360,0.23523934185504913,0.00020824636158067733,0.4571533203125,0.27862548828125,0.16943359375,0.09478759765625,4,675,616,543,478,0.15273557603359222,0.24423018097877502,0.3331112563610077,0.43177342414855957,0.3903171420097351,0.3790099322795868,0.36100271344184875,0.36047425866127014
48,380,0.23505020141601562,0.00020824636158067733,0.45538330078125,0.27899169921875,0.1707763671875,0.0948486328125,4,678,616,545,468,0.15158052742481232,0.24391889572143555,0.33336129784584045,0.43270400166511536,0.3887592554092407,0.37841805815696716,0.36222079396247864,0.36238935589790344
48,400,0.2342827469110489,0.00020824636158067733,0.45404052734375,0.28033447265625,0.1700439453125,0.0955810546875,4,677,615,546,471,0.14961320161819458,0.24394182860851288,0.33274245262145996,0.432995080947876,0.38613858819007874,0.3784693479537964,0.36156341433525085,0.36258214712142944
48,420,0.23245114088058472,0.00020824636158067733,0.4593505859375,0.27923583984375,0.16802978515625,0.0933837890625,4,679,614,547,477,0.14909474551677704,0.24221976101398468,0.3325329124927521,0.43318551778793335,0.38545525074005127,0.3762540817260742,0.36183592677116394,0.3632241487503052
48,440,0.2318296879529953,0.00020824636158067733,0.46112060546875,0.2813720703125,0.163330078125,0.09417724609375,4,680,614,540,473,0.14926570653915405,0.2417709231376648,0.33135533332824707,0.43378132581710815,0.3857152462005615,0.37596985697746277,0.3604614734649658,0.3643709123134613
48,460,0.22973105311393738,0.00020824636158067733,0.46820068359375,0.2772216796875,0.16278076171875,0.091796875,4,681,616,549,466,0.14821678400039673,0.24007876217365265,0.3318284749984741,0.4331902861595154,0.3845248818397522,0.37358349561691284,0.3615284562110901,0.36361122131347656
48,480,0.23019473254680634,0.00020824636158067733,0.46307373046875,0.2808837890625,0.162109375,0.09393310546875,4,679,615,543,480,0.14743667840957642,0.2402511090040207,0.3314405679702759,0.4333767294883728,0.3833085894584656,0.373699426651001,0.3608320951461792,0.3639722466468811
48,500,0.22870047390460968,0.00020824636158067733,0.4647216796875,0.28167724609375,0.16229248046875,0.09130859375,4,681,616,547,477,0.14672279357910156,0.2385653555393219,0.33187583088874817,0.43211519718170166,0.38230928778648376,0.37181422114372253,0.36161336302757263,0.3622130751609802
48,520,0.2290412187576294,0.00020824636158067733,0.46551513671875,0.27947998046875,0.16180419921875,0.09320068359375,4,682,613,551,481,0.14570091664791107,0.23968131840229034,0.333437979221344,0.43215829133987427,0.3812516927719116,0.3730137348175049,0.3638143539428711,0.36271417140960693
48,540,0.2269039899110794,0.00020824636158067733,0.46868896484375,0.279541015625,0.16094970703125,0.0908203125,4,680,613,544,482,0.1447627693414688,0.23721246421337128,0.3329455554485321,0.431149959564209,0.3797318637371063,0.36983343958854675,0.363133043050766,0.36099767684936523
48,560,0.22802278399467468,0.00020824636158067733,0.4642333984375,0.2818603515625,0.16192626953125,0.09197998046875,4,682,617,545,473,0.14499244093894958,0.23806782066822052,0.3332003355026245,0.4311445951461792,0.38011789321899414,0.37086769938468933,0.3639136850833893,0.3614503741264343
48,580,0.22724352777004242,0.00020824636158067733,0.4658203125,0.279296875,0.161865234375,0.093017578125,4,683,617,549,472,0.14388909935951233,0.23699676990509033,0.33328720927238464,0.43085429072380066,0.3786824345588684,0.36957642436027527,0.3638671636581421,0.3611237108707428
48,600,0.2266508787870407,0.00020824636158067733,0.46551513671875,0.28076171875,0.16192626953125,0.091796875,4,681,612,548,474,0.14358365535736084,0.2363835573196411,0.333003431558609,0.43052738904953003,0.37803637981414795,0.36867183446884155,0.36345750093460083,0.36029085516929626
48,620,0.22717773914337158,0.00020824636158067733,0.46417236328125,0.28271484375,0.160888671875,0.09222412109375,4,679,611,549,475,0.14430183172225952,0.23632487654685974,0.333416223526001,0.4309215247631073,0.37901571393013,0.3688281178474426,0.3643760681152344,0.3610629141330719
48,640,0.22623851895332336,0.00020824636158067733,0.46661376953125,0.2783203125,0.16290283203125,0.0921630859375,4,675,611,552,471,0.14267688989639282,0.23580491542816162,0.33359527587890625,0.4306561052799225,0.3769470751285553,0.3678086996078491,0.3646220266819,0.3604852557182312
48,660,0.22604165971279144,0.00020824636158067733,0.4647216796875,0.28179931640625,0.1585693359375,0.09490966796875,4,679,611,552,483,0.14194488525390625,0.23570318520069122,0.33262068033218384,0.4310663938522339,0.376049280166626,0.3678297996520996,0.36276644468307495,0.36135753989219666
48,680,0.22488951683044434,0.00020824636158067733,0.46771240234375,0.28326416015625,0.1561279296875,0.0928955078125,4,681,608,552,475,0.14203256368637085,0.23482446372509003,0.33318257331848145,0.4297589659690857,0.3761671483516693,0.36673346161842346,0.3635663092136383,0.3596048951148987
48,700,0.22459614276885986,0.00020824636158067733,0.46905517578125,0.28045654296875,0.158203125,0.09228515625,4,678,613,555,477,0.14170697331428528,0.23457302153110504,0.3331007659435272,0.4295668303966522,0.37577518820762634,0.36636847257614136,0.36346226930618286,0.35902443528175354
48,720,0.22456061840057373,0.00020824636158067733,0.46893310546875,0.28271484375,0.1568603515625,0.09149169921875,4,682,615,558,481,0.14204207062721252,0.23442818224430084,0.33371517062187195,0.4298684895038605,0.3762986958026886,0.3662535548210144,0.3650004267692566,0.35992035269737244
48,740,0.22401683032512665,0.00020824636158067733,0.468017578125,0.27972412109375,0.1593017578125,0.09295654296875,4,678,612,554,480,0.14069373905658722,0.23347224295139313,0.3323294222354889,0.42946115136146545,0.37453344464302063,0.3648533821105957,0.3627808392047882,0.35911819338798523
48,760,0.2244873195886612,0.00020824636158067733,0.46832275390625,0.2822265625,0.1572265625,0.09222412109375,4,680,612,557,475,0.14191067218780518,0.23414430022239685,0.3334100544452667,0.4285719394683838,0.37615689635276794,0.3657325804233551,0.36451658606529236,0.35810473561286926
48,780,0.2244141399860382,0.00020824636158067733,0.468505859375,0.2801513671875,0.157470703125,0.0938720703125,4,680,614,554,484,0.14127299189567566,0.23399852216243744,0.3330501914024353,0.4285222887992859,0.3753526508808136,0.3653339147567749,0.3636651337146759,0.3579765260219574
48,800,0.22314628958702087,0.00020824636158067733,0.46905517578125,0.28173828125,0.15679931640625,0.0924072265625,4,681,611,556,475,0.14060474932193756,0.23270902037620544,0.33232101798057556,0.4277173578739166,0.37434762716293335,0.36373257637023926,0.3625670075416565,0.3567710220813751
48,820,0.22394222021102905,0.00020824636158067733,0.46478271484375,0.2852783203125,0.15643310546875,0.093505859375,4,680,614,553,479,0.14059753715991974,0.23300735652446747,0.33333978056907654,0.42754098773002625,0.3742086589336395,0.36406752467155457,0.364215224981308,0.3567826747894287
48,840,0.22360913455486298,0.00020824636158067733,0.4659423828125,0.283203125,0.15740966796875,0.09344482421875,4,678,614,554,476,0.14020667970180511,0.23224247992038727,0.3330238461494446,0.42900121212005615,0.3735637068748474,0.3631817400455475,0.3637947738170624,0.35860157012939453
48,860,0.22450242936611176,0.00020824636158067733,0.4664306640625,0.2825927734375,0.15692138671875,0.09405517578125,4,682,616,557,475,0.14137586951255798,0.23330307006835938,0.3334422707557678,0.42854002118110657,0.3755287826061249,0.36446475982666016,0.36470916867256165,0.3582724332809448
48,880,0.2230808287858963,0.00020824636158067733,0.4686279296875,0.28118896484375,0.1591796875,0.09100341796875,4,682,617,558,475,0.14066167175769806,0.23219595849514008,0.33359652757644653,0.4260288178920746,0.3745896816253662,0.3630121648311615,0.36481383442878723,0.35453373193740845
48,900,0.22310207784175873,0.00020824636158067733,0.46759033203125,0.28045654296875,0.1585693359375,0.0933837890625,4,681,616,556,481,0.1400488168001175,0.23142631351947784,0.3330300748348236,0.4273034334182739,0.3737136423587799,0.3621746599674225,0.3642171621322632,0.35643142461776733
48,920,0.22383931279182434,0.00020824636158067733,0.46490478515625,0.2816162109375,0.159912109375,0.09356689453125,4,681,615,559,490,0.14030630886554718,0.23236292600631714,0.3329668939113617,0.42672815918922424,0.373812198638916,0.36328932642936707,0.3638017475605011,0.3553689420223236
48,940,0.22303824126720428,0.00020824636158067733,0.46466064453125,0.28411865234375,0.15838623046875,0.09283447265625,4,681,614,558,482,0.13961246609687805,0.23225724697113037,0.3323182463645935,0.42594707012176514,0.372753381729126,0.3629818856716156,0.3626124858856201,0.3541586697101593
48,960,0.22319018840789795,0.00020824636158067733,0.46441650390625,0.2828369140625,0.15863037109375,0.0941162109375,4,680,612,557,478,0.13988302648067474,0.23121444880962372,0.33246397972106934,0.42597678303718567,0.3731077313423157,0.36148756742477417,0.3631352484226227,0.3545641601085663
48,980,0.2227797508239746,0.00020824636158067733,0.4669189453125,0.2811279296875,0.15777587890625,0.09417724609375,4,683,613,554,479,0.1395355761051178,0.2316804677248001,0.3324049115180969,0.4252684712409973,0.37306252121925354,0.36237019300460815,0.3627762794494629,0.3534218370914459
48,1000,0.22263459861278534,0.00020824636158067733,0.4658203125,0.28302001953125,0.15887451171875,0.09228515625,4,682,613,563,476,0.13934575021266937,0.23186279833316803,0.33321723341941833,0.4243689775466919,0.372686505317688,0.3625359833240509,0.36414724588394165,0.35201501846313477
48,1020,0.221358522772789,0.00020824636158067733,0.46649169921875,0.28643798828125,0.1536865234375,0.0933837890625,4,684,619,552,484,0.13859710097312927,0.23083052039146423,0.3312484323978424,0.42488178610801697,0.3716807961463928,0.36124539375305176,0.3610352873802185,0.35305458307266235
48,1040,0.22156451642513275,0.00020824636158067733,0.4681396484375,0.2822265625,0.15728759765625,0.09234619140625,4,680,619,556,481,0.13870388269424438,0.23117659986019135,0.3323165476322174,0.42360472679138184,0.37193062901496887,0.36158332228660583,0.3626015782356262,0.35104888677597046
48,1060,0.22172366082668304,0.00020824636158067733,0.467041015625,0.28387451171875,0.1572265625,0.09185791015625,4,684,619,561,471,0.13901616632938385,0.2313513457775116,0.3323478102684021,0.42313987016677856,0.3724184036254883,0.36193153262138367,0.36284109950065613,0.3503756523132324
48,1080,0.22120478749275208,0.00020824636158067733,0.46746826171875,0.28271484375,0.15771484375,0.09210205078125,4,679,617,562,485,0.13844165205955505,0.23049594461917877,0.33202800154685974,0.4229801595211029,0.3713046610355377,0.36038243770599365,0.3622652292251587,0.3499947786331177
48,1100,0.2218295931816101,0.00020824636158067733,0.46783447265625,0.28240966796875,0.1583251953125,0.0914306640625,4,685,619,566,477,0.13955135643482208,0.2312682867050171,0.3320326507091522,0.42284631729125977,0.37323880195617676,0.36182060837745667,0.36264556646347046,0.34999582171440125
48,1120,0.22120194137096405,0.00020824636158067733,0.466064453125,0.28515625,0.15606689453125,0.09271240234375,4,685,618,560,478,0.13873355090618134,0.23045110702514648,0.3309805393218994,0.42252668738365173,0.37206172943115234,0.36065733432769775,0.3608584403991699,0.3497595191001892
48,1140,0.2209009826183319,0.00020824636158067733,0.4658203125,0.28399658203125,0.15869140625,0.09149169921875,4,684,618,553,472,0.13819648325443268,0.2302350252866745,0.33138978481292725,0.42136693000793457,0.37125736474990845,0.36035189032554626,0.36145949363708496,0.34791287779808044
48,1160,0.22128576040267944,0.00020824636158067733,0.4656982421875,0.28521728515625,0.156494140625,0.09259033203125,4,684,617,558,485,0.13848252594470978,0.23117907345294952,0.33069565892219543,0.4223601818084717,0.3717367947101593,0.3616896867752075,0.36066287755966187,0.34938523173332214
48,1180,0.22003737092018127,0.00020824636158067733,0.4688720703125,0.28424072265625,0.15521240234375,0.0916748046875,4,685,616,560,477,0.13833096623420715,0.22991082072257996,0.33016684651374817,0.4208553731441498,0.37147948145866394,0.36002376675605774,0.35977306962013245,0.3472898602485657
48,1200,0.2210516333580017,0.00020824636158067733,0.46563720703125,0.285400390625,0.15576171875,0.09320068359375,4,685,622,557,484,0.1385273039340973,0.23055027425289154,0.3302784860134125,0.4217168092727661,0.37171226739883423,0.36082082986831665,0.35988613963127136,0.3485163748264313
48,1220,0.22101497650146484,0.00020824636158067733,0.46612548828125,0.28424072265625,0.1573486328125,0.09228515625,4,682,621,559,489,0.13818509876728058,0.2310391217470169,0.33068886399269104,0.4215107560157776,0.37122687697410583,0.36130714416503906,0.3606516420841217,0.3480176031589508
48,1240,0.21905097365379333,0.00020824636158067733,0.470458984375,0.282958984375,0.15606689453125,0.09051513671875,4,684,620,559,475,0.13714024424552917,0.22994747757911682,0.3295595645904541,0.4201846718788147,0.3699705898761749,0.35999149084091187,0.3588067293167114,0.3459742069244385
48,1260,0.2198086529970169,0.00020824636158067733,0.4658203125,0.2869873046875,0.1571044921875,0.090087890625,4,683,621,566,479,0.1376621127128601,0.2295122593641281,0.3311094045639038,0.41955670714378357,0.37054330110549927,0.35957884788513184,0.361372172832489,0.3454516530036926
48,1280,0.2207781821489334,0.00020824636158067733,0.465576171875,0.283203125,0.15863037109375,0.09259033203125,4,683,620,558,483,0.13796983659267426,0.23029108345508575,0.32972270250320435,0.4214211702346802,0.37100082635879517,0.36052605509757996,0.35958021879196167,0.34809938073158264
48,1300,0.22052952647209167,0.00020824636158067733,0.465576171875,0.28521728515625,0.1571044921875,0.09210205078125,4,685,615,560,486,0.13794200122356415,0.23033984005451202,0.33040234446525574,0.42021235823631287,0.37092849612236023,0.3603746294975281,0.3602268099784851,0.3463881015777588
48,1320,0.21976085007190704,0.00020824636158067733,0.46435546875,0.2872314453125,0.15679931640625,0.09161376953125,4,680,618,553,477,0.13744206726551056,0.22975139319896698,0.3287394344806671,0.41916102170944214,0.37017568945884705,0.3596545159816742,0.3578917384147644,0.3447917699813843
48,1340,0.2211318016052246,0.00020824636158067733,0.463134765625,0.28302001953125,0.1612548828125,0.09259033203125,4,681,615,561,487,0.13816440105438232,0.22940537333488464,0.3307172358036041,0.41998976469039917,0.3711147904396057,0.3590984344482422,0.36107227206230164,0.34605884552001953
48,1360,0.2200595587491989,0.00020824636158067733,0.4664306640625,0.2843017578125,0.15667724609375,0.09259033203125,4,681,620,558,487,0.13793230056762695,0.22926980257034302,0.3289433717727661,0.42125317454338074,0.3708513379096985,0.358855277299881,0.35853222012519836,0.34782445430755615
48,1380,0.22009512782096863,0.00020824636158067733,0.4632568359375,0.28759765625,0.1558837890625,0.09326171875,4,681,619,557,484,0.13708741962909698,0.2301480770111084,0.32832372188568115,0.42051589488983154,0.369717538356781,0.3602447807788849,0.35739514231681824,0.34673869609832764
48,1400,0.2191888391971588,0.00020824636158067733,0.46734619140625,0.28466796875,0.1563720703125,0.09161376953125,4,682,617,552,475,0.13722050189971924,0.22908572852611542,0.32870790362358093,0.41964492201805115,0.3698924779891968,0.358701229095459,0.35797640681266785,0.345475435256958
48,1420,0.219238743185997,0.00020824636158067733,0.46484375,0.2850341796875,0.15533447265625,0.09478759765625,4,683,615,551,483,0.13657058775424957,0.22880278527736664,0.32605037093162537,0.42084911465644836,0.36902275681495667,0.35828202962875366,0.3537862300872803,0.3472519516944885
48,1440,0.22005021572113037,0.00020824636158067733,0.46307373046875,0.28680419921875,0.1571044921875,0.093017578125,4,683,617,558,477,0.1368047147989273,0.23047035932540894,0.32839298248291016,0.41935810446739197,0.3693992495536804,0.3604685366153717,0.35745319724082947,0.3449479937553406
48,1460,0.21966098248958588,0.00020824636158067733,0.4613037109375,0.2879638671875,0.1573486328125,0.0933837890625,4,681,610,555,481,0.13657815754413605,0.22887969017028809,0.32767581939697266,0.41965028643608093,0.36913272738456726,0.35859984159469604,0.35631322860717773,0.3454678952693939
48,1480,0.21963123977184296,0.00020824636158067733,0.4632568359375,0.28564453125,0.15863037109375,0.09246826171875,4,681,619,570,475,0.13713780045509338,0.22842475771903992,0.32808366417884827,0.4196997284889221,0.36970195174217224,0.3577192723751068,0.357327401638031,0.34552329778671265
48,1500,0.219740629196167,0.00020824636158067733,0.4635009765625,0.28509521484375,0.15826416015625,0.0931396484375,4,682,619,561,475,0.13679176568984985,0.22890669107437134,0.32833459973335266,0.4199470281600952,0.3694764971733093,0.3586670756340027,0.3577907979488373,0.34590378403663635
48,1520,0.21985088288784027,0.00020824636158067733,0.46124267578125,0.287353515625,0.15728759765625,0.0941162109375,4,684,619,558,480,0.1369755119085312,0.22870132327079773,0.32668444514274597,0.4204418659210205,0.36961713433265686,0.358176589012146,0.35520681738853455,0.3466019034385681
48,1540,0.21819579601287842,0.00020824636158067733,0.4659423828125,0.28472900390625,0.1566162109375,0.09271240234375,4,681,614,555,478,0.13599568605422974,0.2277687042951584,0.325859010219574,0.4200354218482971,0.36827167868614197,0.35690197348594666,0.3539705276489258,0.3459211587905884
48,1560,0.2191006988286972,0.00020824636158067733,0.46307373046875,0.285888671875,0.1590576171875,0.09197998046875,4,681,620,561,474,0.13621710240840912,0.228567436337471,0.3272213637828827,0.41998526453971863,0.3684919476509094,0.357960045337677,0.35615068674087524,0.34581732749938965
48,1580,0.21898873150348663,0.00020824636158067733,0.4647216796875,0.28631591796875,0.15618896484375,0.0927734375,4,681,618,554,477,0.1364721655845642,0.2295910269021988,0.3262495696544647,0.41903156042099,0.36912062764167786,0.35932451486587524,0.3545756936073303,0.34454938769340515
48,1600,0.2189003825187683,0.00020824636158067733,0.46435546875,0.2862548828125,0.15594482421875,0.09344482421875,4,683,617,559,480,0.13641342520713806,0.22861544787883759,0.3264041543006897,0.4196348488330841,0.36897581815719604,0.3580892086029053,0.35478755831718445,0.3455665409564972
48,1620,0.2181776463985443,0.00020824636158067733,0.465576171875,0.2852783203125,0.155517578125,0.0936279296875,4,684,620,555,477,0.13595016300678253,0.22775797545909882,0.32541313767433167,0.41975316405296326,0.36835047602653503,0.35706135630607605,0.35324573516845703,0.3457012474536896
48,1640,0.21900954842567444,0.00020824636158067733,0.4639892578125,0.28753662109375,0.1541748046875,0.09429931640625,4,683,620,558,480,0.1366874873638153,0.2275007665157318,0.3276267945766449,0.42059069871902466,0.3694168031215668,0.3567829430103302,0.3569110035896301,0.34717804193496704
48,1660,0.21903052926063538,0.00020824636158067733,0.4632568359375,0.28692626953125,0.15325927734375,0.0965576171875,4,680,620,554,483,0.13610297441482544,0.22815905511379242,0.32560235261917114,0.42061373591423035,0.3686192035675049,0.35753679275512695,0.35352271795272827,0.34712809324264526
48,1680,0.21856261789798737,0.00020824636158067733,0.46435546875,0.28515625,0.1556396484375,0.0948486328125,4,682,619,553,477,0.13588570058345795,0.22834903001785278,0.3246920108795166,0.4197557270526886,0.36814767122268677,0.3574785590171814,0.35245126485824585,0.34567365050315857
48,1700,0.21964573860168457,0.00020824636158067733,0.46044921875,0.28668212890625,0.15765380859375,0.09521484375,4,679,617,564,480,0.1366003453731537,0.2278427630662918,0.32675859332084656,0.41920995712280273,0.36890414357185364,0.3569975793361664,0.3554808497428894,0.3450373113155365
48,1720,0.21776443719863892,0.00020824636158067733,0.46435546875,0.28521728515625,0.1563720703125,0.09405517578125,4,680,613,559,475,0.13541051745414734,0.22707794606685638,0.3245120942592621,0.418633371591568,0.3673522174358368,0.3557756245136261,0.35201597213745117,0.3440674841403961
48,1740,0.2185387760400772,0.00020824636158067733,0.4639892578125,0.28497314453125,0.15606689453125,0.094970703125,4,680,619,552,480,0.13601195812225342,0.22753292322158813,0.32527637481689453,0.4193402826786041,0.3683045208454132,0.3564467430114746,0.35312798619270325,0.3451201319694519
48,1760,0.2174959033727646,0.00020824636158067733,0.4658203125,0.28680419921875,0.154541015625,0.09283447265625,4,682,618,561,472,0.13553042709827423,0.22745110094547272,0.32470420002937317,0.4195536673069,0.36785781383514404,0.3565468490123749,0.3527411222457886,0.34557291865348816
48,1780,0.2182445377111435,0.00020824636158067733,0.4649658203125,0.283447265625,0.15814208984375,0.09344482421875,4,682,617,553,471,0.1355617195367813,0.22767414152622223,0.325853168964386,0.41894498467445374,0.3678668737411499,0.35672661662101746,0.3543682098388672,0.34446200728416443
48,1800,0.2180507779121399,0.00020824636158067733,0.46551513671875,0.2825927734375,0.15716552734375,0.0947265625,4,683,613,558,482,0.135847270488739,0.22655121982097626,0.32484951615333557,0.4194696545600891,0.36820319294929504,0.35521993041038513,0.3529958724975586,0.345492422580719
48,1820,0.2182062566280365,0.00020824636158067733,0.46185302734375,0.286865234375,0.1566162109375,0.09466552734375,4,684,615,558,481,0.13590773940086365,0.2269299030303955,0.32406511902809143,0.41815343499183655,0.3681994080543518,0.3559303283691406,0.35145303606987,0.34361496567726135
48,1840,0.21829360723495483,0.00020824636158067733,0.4635009765625,0.28729248046875,0.1558837890625,0.09332275390625,4,682,617,559,483,0.1356835663318634,0.22798234224319458,0.3255876898765564,0.41954049468040466,0.36800292134284973,0.3574916124343872,0.35402777791023254,0.34554988145828247
48,1860,0.21764037013053894,0.00020824636158067733,0.4637451171875,0.28668212890625,0.15594482421875,0.0936279296875,4,682,621,561,475,0.13563616573810577,0.2269248366355896,0.32382336258888245,0.41852760314941406,0.3677258789539337,0.35594066977500916,0.3512847125530243,0.3439179062843323
48,1880,0.21703027188777924,0.00020824636158067733,0.46649169921875,0.28558349609375,0.15460205078125,0.09332275390625,4,680,618,556,475,0.13559122383594513,0.2263968288898468,0.3240197002887726,0.41821280121803284,0.3679066002368927,0.3552778661251068,0.3515361547470093,0.3436853587627411
48,1900,0.21840770542621613,0.00020824636158067733,0.4637451171875,0.28656005859375,0.156005859375,0.09368896484375,4,685,613,561,475,0.13644415140151978,0.22818578779697418,0.32390865683555603,0.4185318946838379,0.3690750300884247,0.35770928859710693,0.35142165422439575,0.34406861662864685
48,1920,0.2174953669309616,0.00020824636158067733,0.46453857421875,0.28594970703125,0.15484619140625,0.09466552734375,4,687,613,563,480,0.1357780396938324,0.22607752680778503,0.32366225123405457,0.41891229152679443,0.368056982755661,0.3544195294380188,0.35104987025260925,0.34479889273643494
48,1940,0.21812653541564941,0.00020824636158067733,0.46197509765625,0.28656005859375,0.15753173828125,0.09393310546875,4,682,617,559,481,0.13570865988731384,0.22686898708343506,0.32445746660232544,0.4184739291667938,0.36791548132896423,0.35586801171302795,0.3523232936859131,0.34397637844085693
48,1960,0.21759796142578125,0.00020824636158067733,0.46746826171875,0.2823486328125,0.15484619140625,0.0953369140625,4,682,620,563,478,0.13544544577598572,0.22752979397773743,0.3239140808582306,0.4183259606361389,0.3675217926502228,0.3563391864299774,0.35140666365623474,0.3437373638153076
48,1980,0.21718129515647888,0.00020824636158067733,0.4644775390625,0.28521728515625,0.15673828125,0.09356689453125,4,679,618,560,469,0.13535746932029724,0.2260775864124298,0.32349151372909546,0.41816142201423645,0.3672839105129242,0.3547579050064087,0.35107770562171936,0.34361451864242554
48,2000,0.2167842835187912,0.00020824636158067733,0.46533203125,0.28594970703125,0.15545654296875,0.09326171875,4,680,618,556,471,0.13509434461593628,0.2262571007013321,0.32293781638145447,0.4183882176876068,0.36722037196159363,0.35509052872657776,0.3500617444515228,0.3439091444015503
49,0,0.3266095817089081,0.00020824636158067733,0.3424072265625,0.19195556640625,0.2198486328125,0.24578857421875,4,699,618,591,545,0.21550236642360687,0.28231704235076904,0.3891638517379761,0.46003177762031555,0.4450817406177521,0.4139275550842285,0.4193696677684784,0.3780082166194916
49,20,0.2879640758037567,0.00020824636158067733,0.36663818359375,0.2474365234375,0.200439453125,0.18548583984375,4,696,622,585,522,0.18870802223682404,0.27027860283851624,0.35933926701545715,0.43062007427215576,0.4331091046333313,0.40732207894325256,0.39719992876052856,0.36079874634742737
49,40,0.2614538371562958,0.00020824636158067733,0.4163818359375,0.27020263671875,0.17718505859375,0.13623046875,4,691,609,557,482,0.17496149241924286,0.25945159792900085,0.34590423107147217,0.4199462831020355,0.41820228099823,0.3973883390426636,0.3806672692298889,0.3414478302001953
49,60,0.2518519461154938,0.00020824636158067733,0.44000244140625,0.2723388671875,0.16949462890625,0.1181640625,4,691,607,535,461,0.1706264466047287,0.25479698181152344,0.3411110043525696,0.4194870591163635,0.41266539692878723,0.39122074842453003,0.3710588216781616,0.3346431851387024
49,80,0.25169217586517334,0.00020824636158067733,0.437744140625,0.27398681640625,0.1685791015625,0.11968994140625,4,690,604,539,463,0.1699758768081665,0.2552540898323059,0.3392958641052246,0.4190143346786499,0.4117621183395386,0.39183366298675537,0.3690074682235718,0.3356684446334839
49,100,0.2514415979385376,0.00020824636158067733,0.43658447265625,0.27587890625,0.16796875,0.11956787109375,4,688,605,543,461,0.16900783777236938,0.2555198073387146,0.340116024017334,0.41845703125,0.4106445908546448,0.3920341730117798,0.37069422006607056,0.3352576196193695
49,120,0.249886155128479,0.00020824636158067733,0.44189453125,0.275146484375,0.16693115234375,0.11602783203125,4,687,606,544,452,0.16896158456802368,0.25513243675231934,0.33912354707717896,0.417261004447937,0.4104784429073334,0.39133429527282715,0.3696703314781189,0.33407658338546753
49,140,0.24836157262325287,0.00020824636158067733,0.4439697265625,0.27703857421875,0.1668701171875,0.11212158203125,4,687,604,540,458,0.16751043498516083,0.2545199394226074,0.3395576477050781,0.41756588220596313,0.40869706869125366,0.3905777335166931,0.3707418143749237,0.3337807357311249
49,160,0.24666036665439606,0.00020824636158067733,0.44635009765625,0.27880859375,0.1651611328125,0.10968017578125,4,685,604,547,452,0.16646979749202728,0.25245600938796997,0.34004220366477966,0.41764962673187256,0.4072915017604828,0.38819241523742676,0.371628999710083,0.33217257261276245
49,180,0.24599942564964294,0.00020824636158067733,0.448974609375,0.2762451171875,0.16595458984375,0.10882568359375,4,685,605,561,455,0.16576166450977325,0.2514096200466156,0.3413569927215576,0.41788119077682495,0.4065215587615967,0.38670364022254944,0.37403878569602966,0.3321314752101898
49,200,0.2451927810907364,0.00020824636158067733,0.45068359375,0.27508544921875,0.1654052734375,0.10882568359375,4,681,603,556,453,0.16401469707489014,0.2510817050933838,0.342845618724823,0.41806909441947937,0.40429845452308655,0.3867020010948181,0.3760179877281189,0.33349722623825073
49,220,0.2442532181739807,0.00020824636158067733,0.45318603515625,0.27618408203125,0.16033935546875,0.11029052734375,4,683,606,553,462,0.16235360503196716,0.2507324516773224,0.34361156821250916,0.42010945081710815,0.4023454785346985,0.3865160644054413,0.3768581748008728,0.3378741145133972
49,240,0.2429288625717163,0.00020824636158067733,0.4525146484375,0.2772216796875,0.1627197265625,0.1075439453125,4,684,605,561,460,0.1598397195339203,0.2498880922794342,0.344463586807251,0.42097803950309753,0.3990439772605896,0.38547348976135254,0.3784293234348297,0.3388080596923828
49,260,0.24113763868808746,0.00020824636158067733,0.458251953125,0.27557373046875,0.16064453125,0.10552978515625,4,685,605,564,466,0.1588369756937027,0.24863050878047943,0.3445746898651123,0.4214942455291748,0.39787596464157104,0.38366684317588806,0.3789788484573364,0.3392767608165741
49,280,0.23989418148994446,0.00020824636158067733,0.458740234375,0.27978515625,0.15728759765625,0.10418701171875,4,681,606,559,469,0.15750308334827423,0.2484554499387741,0.3445433974266052,0.42169007658958435,0.3963068723678589,0.38414818048477173,0.37916991114616394,0.3403196632862091
49,300,0.2389894723892212,0.00020824636158067733,0.46502685546875,0.27166748046875,0.15924072265625,0.10406494140625,4,684,609,568,464,0.15557587146759033,0.24893847107887268,0.34561046957969666,0.422608882188797,0.3940349221229553,0.3846946060657501,0.38097137212753296,0.34320366382598877
49,320,0.23666241765022278,0.00020824636158067733,0.46533203125,0.2764892578125,0.15728759765625,0.10089111328125,4,681,603,565,468,0.15366171300411224,0.24637803435325623,0.3451294004917145,0.42375627160072327,0.3912409842014313,0.3814338743686676,0.3803742229938507,0.3429272770881653
49,340,0.23706446588039398,0.00020824636158067733,0.46551513671875,0.27203369140625,0.15716552734375,0.10528564453125,4,679,602,564,482,0.15191550552845,0.24691438674926758,0.3461458384990692,0.4252648651599884,0.3890669345855713,0.38209471106529236,0.38144463300704956,0.3482511043548584
49,360,0.23502208292484283,0.00020824636158067733,0.4677734375,0.27655029296875,0.1541748046875,0.10150146484375,4,681,601,564,469,0.1505347639322281,0.24545764923095703,0.34694868326187134,0.425942599773407,0.38735130429267883,0.3807169198989868,0.3826918303966522,0.34877893328666687
49,380,0.23406460881233215,0.00020824636158067733,0.4698486328125,0.27191162109375,0.15826416015625,0.0999755859375,4,680,603,573,474,0.14886093139648438,0.24467162787914276,0.3474303185939789,0.426180899143219,0.3850350081920624,0.3797295093536377,0.3834361732006073,0.34962791204452515
49,400,0.2325175702571869,0.00020824636158067733,0.4718017578125,0.27410888671875,0.154541015625,0.09954833984375,4,677,603,565,474,0.1478068232536316,0.2429751604795456,0.3474174737930298,0.42682936787605286,0.38357222080230713,0.37698087096214294,0.38358616828918457,0.3503634035587311
49,420,0.23150627315044403,0.00020824636158067733,0.47259521484375,0.27392578125,0.15655517578125,0.096923828125,4,676,603,570,476,0.14606958627700806,0.243194580078125,0.3474854528903961,0.42772337794303894,0.3815018832683563,0.37760451436042786,0.38326576352119446,0.35232776403427124
49,440,0.23155948519706726,0.00020824636158067733,0.4708251953125,0.27166748046875,0.1573486328125,0.10015869140625,4,679,604,571,482,0.14432252943515778,0.24328051507472992,0.34681540727615356,0.4287840723991394,0.3791348338127136,0.3776116967201233,0.3823607265949249,0.35462021827697754
49,460,0.23042920231819153,0.00020824636158067733,0.47216796875,0.27203369140625,0.158203125,0.09759521484375,4,674,601,571,483,0.1431574523448944,0.24263393878936768,0.3464728593826294,0.4305244982242584,0.37757518887519836,0.37672197818756104,0.3823176920413971,0.3568580448627472
49,480,0.2296459823846817,0.00020824636158067733,0.474365234375,0.2734375,0.15460205078125,0.09759521484375,4,677,604,565,477,0.14303205907344818,0.24256670475006104,0.3455493748188019,0.43083131313323975,0.37768691778182983,0.3764617145061493,0.381029337644577,0.3575058877468109
49,500,0.22915203869342804,0.00020824636158067733,0.47503662109375,0.27313232421875,0.15533447265625,0.09649658203125,4,674,607,569,478,0.1421520859003067,0.24316060543060303,0.3455311059951782,0.4304470717906952,0.37662044167518616,0.3777845799922943,0.3808542788028717,0.3580199182033539
49,520,0.22763054072856903,0.00020824636158067733,0.4781494140625,0.271728515625,0.15740966796875,0.09271240234375,4,676,603,572,469,0.1418701410293579,0.24112868309020996,0.3458483815193176,0.42965126037597656,0.3761829435825348,0.3748287260532379,0.38127684593200684,0.3565709888935089
49,540,0.227709099650383,0.00020824636158067733,0.47430419921875,0.27447509765625,0.1561279296875,0.0950927734375,4,677,605,571,473,0.1410086452960968,0.24085327982902527,0.34493687748908997,0.42974457144737244,0.3748207986354828,0.3743171989917755,0.379867821931839,0.35709789395332336
49,560,0.22704052925109863,0.00020824636158067733,0.47576904296875,0.2745361328125,0.1551513671875,0.09454345703125,4,678,605,562,474,0.1408151388168335,0.240669384598732,0.3436450660228729,0.43002021312713623,0.3747427463531494,0.3745153546333313,0.37815985083580017,0.35796672105789185
49,580,0.2278614193201065,0.00020824636158067733,0.47015380859375,0.278076171875,0.15618896484375,0.0955810546875,4,674,608,558,484,0.14068932831287384,0.24030770361423492,0.3438858389854431,0.4308466613292694,0.3743872046470642,0.37411239743232727,0.3786572515964508,0.3595087230205536
49,600,0.22740939259529114,0.00020824636158067733,0.47052001953125,0.27716064453125,0.15679931640625,0.09552001953125,4,676,605,564,478,0.1400325894355774,0.24000611901283264,0.34329739212989807,0.43103232979774475,0.37362173199653625,0.373456746339798,0.3774948716163635,0.35975462198257446
49,620,0.22687077522277832,0.00020824636158067733,0.47265625,0.27569580078125,0.1575927734375,0.09405517578125,4,677,606,569,479,0.13991791009902954,0.23971177637577057,0.3434341251850128,0.4308897852897644,0.37342768907546997,0.3733616769313812,0.37801074981689453,0.36002928018569946
49,640,0.22752134501934052,0.00020824636158067733,0.47088623046875,0.2755126953125,0.16015625,0.09344482421875,4,676,609,574,476,0.1396740972995758,0.240733802318573,0.3452434539794922,0.4294794499874115,0.3733678460121155,0.3747595548629761,0.38076114654541016,0.35868996381759644
49,660,0.2247343361377716,0.00020824636158067733,0.47515869140625,0.277099609375,0.15826416015625,0.0894775390625,4,677,606,567,467,0.13874396681785583,0.2390105277299881,0.3432682454586029,0.4275057315826416,0.3719373345375061,0.371732234954834,0.37766024470329285,0.35557496547698975
49,680,0.22500307857990265,0.00020824636158067733,0.47564697265625,0.27496337890625,0.1600341796875,0.08935546875,4,673,604,568,477,0.13904353976249695,0.23928718268871307,0.34303075075149536,0.42723292112350464,0.37236642837524414,0.37248528003692627,0.3775236904621124,0.3555576205253601
49,700,0.22503504157066345,0.00020824636158067733,0.4744873046875,0.2764892578125,0.158203125,0.0908203125,4,675,608,564,479,0.13938970863819122,0.23867666721343994,0.34186673164367676,0.4274429678916931,0.3726603388786316,0.3713642358779907,0.3755471706390381,0.3557058870792389
49,720,0.22422051429748535,0.00020824636158067733,0.473388671875,0.2786865234375,0.1600341796875,0.087890625,4,673,608,567,465,0.13881786167621613,0.23822344839572906,0.341886430978775,0.42555761337280273,0.37184885144233704,0.37122395634651184,0.37630873918533325,0.35294950008392334
49,740,0.22359195351600647,0.00020824636158067733,0.47808837890625,0.2750244140625,0.1583251953125,0.08856201171875,4,682,609,563,463,0.1384543925523758,0.23882576823234558,0.3404887020587921,0.42690595984458923,0.3716016411781311,0.37202510237693787,0.3742029666900635,0.355313777923584
49,760,0.22396284341812134,0.00020824636158067733,0.476318359375,0.27532958984375,0.16064453125,0.08770751953125,4,678,611,566,465,0.13883523643016815,0.23874320089817047,0.34038129448890686,0.42664074897766113,0.37216517329216003,0.3722015619277954,0.3741208016872406,0.3549755811691284
49,780,0.22379741072654724,0.00020824636158067733,0.4754638671875,0.27587890625,0.16094970703125,0.08770751953125,4,679,613,562,461,0.13839298486709595,0.23941607773303986,0.33881789445877075,0.42657753825187683,0.37142324447631836,0.3728220462799072,0.3719411790370941,0.35473811626434326
49,800,0.22334125638008118,0.00020824636158067733,0.474365234375,0.2784423828125,0.160400390625,0.0867919921875,4,680,612,558,466,0.1382131278514862,0.23863878846168518,0.3385809659957886,0.4265608787536621,0.37115001678466797,0.3714660108089447,0.3716379404067993,0.3545616865158081
49,820,0.22380301356315613,0.00020824636158067733,0.4730224609375,0.27593994140625,0.16241455078125,0.088623046875,4,684,613,561,465,0.1377217024564743,0.23946766555309296,0.3382626473903656,0.424721360206604,0.37053775787353516,0.3724190592765808,0.3710647225379944,0.35225582122802734
49,840,0.22301888465881348,0.00020824636158067733,0.475341796875,0.276123046875,0.1607666015625,0.0877685546875,4,682,612,562,466,0.13780371844768524,0.23913466930389404,0.3366996943950653,0.42560043931007385,0.37065842747688293,0.3724150061607361,0.3691444396972656,0.3534848988056183
49,860,0.22286537289619446,0.00020824636158067733,0.475341796875,0.27532958984375,0.160888671875,0.08843994140625,4,680,611,563,470,0.13738593459129333,0.23859477043151855,0.3364485800266266,0.4266979992389679,0.3700394928455353,0.37150606513023376,0.3683643043041229,0.35489335656166077
49,880,0.22267615795135498,0.00020824636158067733,0.47705078125,0.27447509765625,0.16082763671875,0.087646484375,4,685,609,555,470,0.1375424712896347,0.2388722151517868,0.33602482080459595,0.42734020948410034,0.3703908920288086,0.37221992015838623,0.36827489733695984,0.35604140162467957
49,900,0.2231673002243042,0.00020824636158067733,0.476318359375,0.2740478515625,0.16094970703125,0.08868408203125,4,686,612,563,473,0.1374378204345703,0.23932047188282013,0.33641335368156433,0.42817461490631104,0.37037917971611023,0.3728630840778351,0.368783175945282,0.3573063611984253
49,920,0.2223600298166275,0.00020824636158067733,0.4759521484375,0.27618408203125,0.1605224609375,0.08734130859375,4,684,615,563,470,0.13672634959220886,0.2390960305929184,0.335349977016449,0.42842409014701843,0.3691980540752411,0.37231770157814026,0.3667924404144287,0.35749465227127075
49,940,0.22269871830940247,0.00020824636158067733,0.473876953125,0.27484130859375,0.1614990234375,0.08978271484375,4,682,616,559,471,0.13634485006332397,0.2384636402130127,0.335008442401886,0.42819875478744507,0.36855974793434143,0.3713304400444031,0.36671990156173706,0.3572511672973633
49,960,0.22281961143016815,0.00020824636158067733,0.4765625,0.27349853515625,0.16021728515625,0.0897216796875,4,687,615,561,471,0.13673585653305054,0.23901061713695526,0.33543920516967773,0.4295976161956787,0.3692799508571625,0.37224599719047546,0.3662269711494446,0.3594658076763153
49,980,0.2218250185251236,0.00020824636158067733,0.474365234375,0.27850341796875,0.15966796875,0.08746337890625,4,685,615,559,471,0.135936439037323,0.2385699301958084,0.3346298038959503,0.42839980125427246,0.3680571913719177,0.37188705801963806,0.36593759059906006,0.3577922582626343
49,1000,0.22114714980125427,0.00020824636158067733,0.47637939453125,0.27569580078125,0.1617431640625,0.086181640625,4,685,613,560,465,0.13563941419124603,0.23853561282157898,0.3334102928638458,0.4274834990501404,0.36777034401893616,0.3715249001979828,0.3649447560310364,0.3563404381275177
49,1020,0.2201707661151886,0.00020824636158067733,0.47784423828125,0.277099609375,0.1597900390625,0.08526611328125,4,684,612,551,458,0.1350604146718979,0.2380329668521881,0.33303967118263245,0.4275752604007721,0.3670179545879364,0.37058311700820923,0.36435556411743164,0.35637959837913513
49,1040,0.22041119635105133,0.00020824636158067733,0.479736328125,0.2733154296875,0.16107177734375,0.08587646484375,4,686,614,560,472,0.135377436876297,0.23854608833789825,0.33264297246932983,0.4272181987762451,0.3675759732723236,0.371628999710083,0.36400899291038513,0.356289267539978
49,1060,0.22076067328453064,0.00020824636158067733,0.478759765625,0.27264404296875,0.16046142578125,0.088134765625,4,688,612,548,471,0.13469581305980682,0.23842187225818634,0.33355796337127686,0.42827871441841125,0.36669230461120605,0.3714028596878052,0.3649646043777466,0.35793209075927734
49,1080,0.22039207816123962,0.00020824636158067733,0.47784423828125,0.274169921875,0.16119384765625,0.0867919921875,4,686,611,558,465,0.13456960022449493,0.23754361271858215,0.3336888551712036,0.42829838395118713,0.3664163053035736,0.37048694491386414,0.36455056071281433,0.35776686668395996
49,1100,0.22158995270729065,0.00020824636158067733,0.47442626953125,0.2750244140625,0.16131591796875,0.0892333984375,4,686,611,555,474,0.13447034358978271,0.2388118952512741,0.3338891565799713,0.42868414521217346,0.36624228954315186,0.3718907833099365,0.36501792073249817,0.35847207903862
49,1120,0.22078706324100494,0.00020824636158067733,0.4739990234375,0.27911376953125,0.1593017578125,0.08758544921875,4,685,615,555,478,0.13465024530887604,0.2388489991426468,0.3314734697341919,0.42806902527809143,0.36634883284568787,0.37213680148124695,0.3620437979698181,0.35752853751182556
49,1140,0.2207193374633789,0.00020824636158067733,0.47613525390625,0.2762451171875,0.15972900390625,0.087890625,4,686,611,558,476,0.1347101479768753,0.2390742003917694,0.33149316906929016,0.42765575647354126,0.3666422963142395,0.3717358410358429,0.36213672161102295,0.35680529475212097
49,1160,0.2197999358177185,0.00020824636158067733,0.4779052734375,0.27618408203125,0.1588134765625,0.08709716796875,4,686,617,553,466,0.13435572385787964,0.23879948258399963,0.3303074538707733,0.4268881380558014,0.3661539554595947,0.37190261483192444,0.3604859411716461,0.3558129668235779
49,1180,0.22066664695739746,0.00020824636158067733,0.47674560546875,0.276123046875,0.15875244140625,0.08837890625,4,687,617,553,478,0.13453839719295502,0.2390059530735016,0.3315962255001068,0.42871421575546265,0.36648625135421753,0.37207043170928955,0.36245203018188477,0.35860157012939453
49,1200,0.21944063901901245,0.00020824636158067733,0.474853515625,0.278564453125,0.16107177734375,0.08551025390625,4,686,612,552,461,0.13382886350154877,0.2373819649219513,0.33072352409362793,0.4267924129962921,0.3653324544429779,0.37000715732574463,0.3613607585430145,0.3555244505405426
49,1220,0.21939703822135925,0.00020824636158067733,0.4796142578125,0.27398681640625,0.158935546875,0.08746337890625,4,685,614,548,468,0.1338585466146469,0.23865804076194763,0.3299378454685211,0.4272482097148895,0.3655170202255249,0.371387779712677,0.3603910207748413,0.3563622534275055
49,1240,0.2187591791152954,0.00020824636158067733,0.48175048828125,0.272216796875,0.1591796875,0.08685302734375,4,686,612,546,468,0.1334826499223709,0.23880669474601746,0.32873407006263733,0.4273753762245178,0.3649735152721405,0.37119561433792114,0.3586408197879791,0.35643112659454346
49,1260,0.22000539302825928,0.00020824636158067733,0.47711181640625,0.27325439453125,0.16119384765625,0.08843994140625,4,687,614,556,471,0.13387168943881989,0.23807759582996368,0.33000868558883667,0.4283415675163269,0.3653520941734314,0.37044528126716614,0.3599458932876587,0.35784682631492615
49,1280,0.221180722117424,0.00020824636158067733,0.47381591796875,0.273193359375,0.16217041015625,0.0908203125,4,688,616,559,471,0.1342487335205078,0.23729217052459717,0.3316003382205963,0.4290793240070343,0.36593836545944214,0.3698098361492157,0.3622436225414276,0.3590657413005829
49,1300,0.2191077619791031,0.00020824636158067733,0.4791259765625,0.27349853515625,0.15985107421875,0.0875244140625,4,688,614,553,474,0.13400770723819733,0.23679286241531372,0.32972821593284607,0.4276667535305023,0.36551082134246826,0.3689543902873993,0.36014696955680847,0.35703057050704956
49,1320,0.2191162407398224,0.00020824636158067733,0.47698974609375,0.276611328125,0.16046142578125,0.0859375,4,692,611,554,467,0.13441899418830872,0.23647503554821014,0.3299741744995117,0.4263559579849243,0.3660915493965149,0.36877763271331787,0.36044326424598694,0.35522767901420593
49,1340,0.21958458423614502,0.00020824636158067733,0.47589111328125,0.27679443359375,0.16009521484375,0.08721923828125,4,688,614,551,472,0.13414348661899567,0.23784460127353668,0.3290207087993622,0.42694923281669617,0.3657013773918152,0.3703211843967438,0.35899341106414795,0.3560052514076233
49,1360,0.21950280666351318,0.00020824636158067733,0.47552490234375,0.2764892578125,0.160400390625,0.08758544921875,4,688,616,548,469,0.13428770005702972,0.23709417879581451,0.3286206126213074,0.4267919957637787,0.36593732237815857,0.3695235252380371,0.35831940174102783,0.3558269739151001
49,1380,0.21962696313858032,0.00020824636158067733,0.47271728515625,0.27911376953125,0.158935546875,0.0892333984375,4,688,615,548,471,0.1344594955444336,0.23582105338573456,0.32824471592903137,0.4266899824142456,0.3658468723297119,0.367692232131958,0.3576021194458008,0.35564136505126953
49,1400,0.2188524454832077,0.00020824636158067733,0.4765625,0.27557373046875,0.1597900390625,0.08807373046875,4,689,613,551,465,0.13382358849048615,0.23656854033470154,0.32821354269981384,0.4250961244106293,0.3653496503829956,0.36854028701782227,0.3579888343811035,0.35343796014785767
49,1420,0.21827876567840576,0.00020824636158067733,0.47772216796875,0.2760009765625,0.15850830078125,0.0877685546875,4,686,617,546,469,0.13263367116451263,0.23672550916671753,0.3287492096424103,0.42692700028419495,0.36391115188598633,0.36885443329811096,0.35855481028556824,0.35603222250938416
49,1440,0.21964788436889648,0.00020824636158067733,0.47491455078125,0.2757568359375,0.158935546875,0.09039306640625,4,689,616,553,476,0.13386684656143188,0.2357017993927002,0.3296605050563812,0.42792457342147827,0.3653866648674011,0.36767348647117615,0.3599109947681427,0.35756778717041016
49,1460,0.21704190969467163,0.00020824636158067733,0.47900390625,0.2762451171875,0.16009521484375,0.08465576171875,4,690,613,558,459,0.13273680210113525,0.23420049250125885,0.3290248513221741,0.42629605531692505,0.36389926075935364,0.36548298597335815,0.3590759336948395,0.35503295063972473
49,1480,0.2195354849100113,0.00020824636158067733,0.4752197265625,0.276611328125,0.159423828125,0.0887451171875,4,691,614,545,473,0.13451577723026276,0.2365531474351883,0.32810893654823303,0.426719605922699,0.3663140833377838,0.36901983618736267,0.357499361038208,0.35587748885154724
49,1500,0.21902766823768616,0.00020824636158067733,0.47503662109375,0.27630615234375,0.15863037109375,0.09002685546875,4,686,616,545,472,0.1336793303489685,0.23599675297737122,0.3273237347602844,0.4264754354953766,0.3651250898838043,0.3681151866912842,0.35627028346061707,0.3554670512676239
49,1520,0.21970632672309875,0.00020824636158067733,0.47357177734375,0.27642822265625,0.1611328125,0.0888671875,4,686,615,555,471,0.13430002331733704,0.2356613129377365,0.3294132351875305,0.4262866675853729,0.36595070362091064,0.36747169494628906,0.359551340341568,0.3552913963794708
49,1540,0.2174430936574936,0.00020824636158067733,0.47967529296875,0.2763671875,0.15679931640625,0.087158203125,4,690,612,547,469,0.13315366208553314,0.2360486388206482,0.3270847797393799,0.4250867962837219,0.36448463797569275,0.36808323860168457,0.35627076029777527,0.35353076457977295
49,1560,0.2186211347579956,0.00020824636158067733,0.47393798828125,0.27984619140625,0.15869140625,0.0875244140625,4,689,614,544,471,0.1338164508342743,0.235931396484375,0.32700955867767334,0.42596474289894104,0.36536139249801636,0.3682325482368469,0.35608378052711487,0.3547385036945343
49,1580,0.2185247838497162,0.00020824636158067733,0.4744873046875,0.27838134765625,0.15985107421875,0.0872802734375,4,683,617,548,472,0.1333938091993332,0.23624323308467865,0.3269646465778351,0.42621049284935,0.36469027400016785,0.3688783049583435,0.35619357228279114,0.3552137315273285
49,1600,0.21818959712982178,0.00020824636158067733,0.47735595703125,0.27593994140625,0.15863037109375,0.08807373046875,4,689,617,546,476,0.1330353170633316,0.23607566952705383,0.32756057381629944,0.42669516801834106,0.3642936944961548,0.36815571784973145,0.3570970594882965,0.3558671176433563
49,1620,0.21720191836357117,0.00020824636158067733,0.47784423828125,0.27874755859375,0.1556396484375,0.0877685546875,4,688,613,543,472,0.13247227668762207,0.23606616258621216,0.32633379101753235,0.42506641149520874,0.3635231852531433,0.36806944012641907,0.35533320903778076,0.3534620702266693
49,1640,0.2176792025566101,0.00020824636158067733,0.47833251953125,0.27313232421875,0.159912109375,0.088623046875,4,686,613,553,469,0.13319054245948792,0.23441004753112793,0.3267499804496765,0.4253248870372772,0.36450257897377014,0.3658994436264038,0.35593634843826294,0.35387280583381653
49,1660,0.21740543842315674,0.00020824636158067733,0.48040771484375,0.274658203125,0.156494140625,0.08843994140625,4,687,616,549,471,0.13355611264705658,0.23494690656661987,0.32635077834129333,0.4256218671798706,0.36504244804382324,0.36697667837142944,0.35539019107818604,0.35435107350349426
49,1680,0.21625834703445435,0.00020824636158067733,0.47784423828125,0.2781982421875,0.15728759765625,0.086669921875,4,688,614,539,460,0.13242207467556,0.2343955934047699,0.32501721382141113,0.4228872060775757,0.3633403778076172,0.3659994304180145,0.35346415638923645,0.3503081202507019
49,1700,0.2169182300567627,0.00020824636158067733,0.4774169921875,0.2779541015625,0.1572265625,0.08740234375,4,690,615,538,464,0.13328690826892853,0.23402857780456543,0.32529619336128235,0.4243638813495636,0.3646203577518463,0.3655744791030884,0.3535311222076416,0.35249075293540955
49,1720,0.21809589862823486,0.00020824636158067733,0.47515869140625,0.275634765625,0.1593017578125,0.08990478515625,4,690,616,551,470,0.1332799643278122,0.23443838953971863,0.3261311948299408,0.42482876777648926,0.3645752966403961,0.3660599887371063,0.35503825545310974,0.3532394468784332
49,1740,0.21609380841255188,0.00020824636158067733,0.47943115234375,0.27667236328125,0.15753173828125,0.08636474609375,4,687,615,546,464,0.133260577917099,0.23303088545799255,0.32563769817352295,0.42185071110725403,0.36454224586486816,0.3638807535171509,0.3543477952480316,0.3488105833530426
49,1760,0.21703875064849854,0.00020824636158067733,0.47607421875,0.2772216796875,0.15704345703125,0.08966064453125,4,689,611,546,473,0.13230116665363312,0.23373933136463165,0.32596683502197266,0.4245454967021942,0.36343228816986084,0.36507654190063477,0.35467392206192017,0.35278651118278503
49,1780,0.21788963675498962,0.00020824636158067733,0.47296142578125,0.27874755859375,0.158447265625,0.08984375,4,689,616,545,469,0.13289137184619904,0.23447461426258087,0.32604819536209106,0.4231399595737457,0.36399802565574646,0.3656902015209198,0.3548038601875305,0.35080423951148987
49,1800,0.21745607256889343,0.00020824636158067733,0.47540283203125,0.2767333984375,0.15777587890625,0.090087890625,4,691,617,546,468,0.1330493986606598,0.23435650765895844,0.32530730962753296,0.42207765579223633,0.3641521632671356,0.3652975857257843,0.3538345992565155,0.34913134574890137
49,1820,0.21736036241054535,0.00020824636158067733,0.474365234375,0.279052734375,0.1591796875,0.08740234375,4,686,616,551,464,0.13360372185707092,0.23352596163749695,0.3263334631919861,0.4218614995479584,0.36498820781707764,0.3647259771823883,0.35526660084724426,0.3488975465297699
49,1840,0.2177847921848297,0.00020824636158067733,0.4737548828125,0.2769775390625,0.15972900390625,0.08953857421875,4,687,615,548,467,0.13322269916534424,0.2339034527540207,0.3259843587875366,0.42232903838157654,0.36453384160995483,0.36522579193115234,0.3546220064163208,0.3496564030647278
49,1860,0.21650077402591705,0.00020824636158067733,0.47650146484375,0.2784423828125,0.15679931640625,0.0882568359375,4,683,618,553,471,0.13235591351985931,0.23373563587665558,0.3253387212753296,0.42306283116340637,0.3633648455142975,0.36520108580589294,0.3539198637008667,0.3506516218185425
49,1880,0.2160293161869049,0.00020824636158067733,0.47784423828125,0.27655029296875,0.15753173828125,0.08807373046875,4,687,613,549,464,0.13226565718650818,0.2327747493982315,0.32527366280555725,0.4225105941295624,0.3633311092853546,0.3637242615222931,0.35370033979415894,0.3497418165206909
49,1900,0.21734845638275146,0.00020824636158067733,0.472412109375,0.2783203125,0.159423828125,0.08984375,4,683,614,548,473,0.13246698677539825,0.2332160621881485,0.325680136680603,0.4222831726074219,0.36332303285598755,0.3644532263278961,0.35426872968673706,0.34954899549484253
49,1920,0.21740815043449402,0.00020824636158067733,0.474365234375,0.2774658203125,0.1572265625,0.0909423828125,4,686,615,547,471,0.13285209238529205,0.23334752023220062,0.32563117146492004,0.42272821068763733,0.36412855982780457,0.3647055923938751,0.35410189628601074,0.3503081500530243
49,1940,0.21803170442581177,0.00020824636158067733,0.4722900390625,0.27569580078125,0.1614990234375,0.09051513671875,4,685,613,549,482,0.1328880488872528,0.2328404039144516,0.3264607787132263,0.4237278401851654,0.3641311526298523,0.36395904421806335,0.35508492588996887,0.35171377658843994
49,1960,0.21855054795742035,0.00020824636158067733,0.47271728515625,0.27618408203125,0.1588134765625,0.09228515625,4,687,614,545,479,0.1323777288198471,0.23507027328014374,0.3263509273529053,0.42500579357147217,0.36342206597328186,0.36698830127716064,0.35489168763160706,0.35355278849601746
49,1980,0.21524176001548767,0.00020824636158067733,0.48004150390625,0.2760009765625,0.1573486328125,0.08660888671875,4,690,618,549,468,0.13223619759082794,0.23219642043113708,0.3248899579048157,0.4220755398273468,0.3630615174770355,0.36304375529289246,0.35320067405700684,0.3492617905139923
49,2000,0.21778447926044464,0.00020824636158067733,0.473876953125,0.276123046875,0.1588134765625,0.0911865234375,4,687,620,548,473,0.13300709426403046,0.23323489725589752,0.32595202326774597,0.4231807589530945,0.3640999495983124,0.36448559165000916,0.3547263443470001,0.35096099972724915
50,0,0.3135272264480591,0.00020824636158067733,0.35595703125,0.1644287109375,0.40765380859375,0.07196044921875,4,693,580,594,427,0.1979534775018692,0.2814353406429291,0.4034694731235504,0.44902947545051575,0.4423416256904602,0.400543212890625,0.39433804154396057,0.3626345098018646
50,20,0.282381534576416,0.00020824636158067733,0.372802734375,0.22283935546875,0.316162109375,0.08819580078125,4,687,610,596,441,0.18495798110961914,0.26810958981513977,0.36321064829826355,0.4404958188533783,0.4297473430633545,0.39936307072639465,0.39185860753059387,0.3549033999443054
50,40,0.2647934854030609,0.00020824636158067733,0.403564453125,0.25762939453125,0.2364501953125,0.10235595703125,4,688,616,568,459,0.1791805922985077,0.2607409656047821,0.3438760042190552,0.4298575818538666,0.4230160713195801,0.39868220686912537,0.3791385293006897,0.3480912744998932
50,60,0.2572316527366638,0.00020824636158067733,0.4178466796875,0.279052734375,0.19146728515625,0.11163330078125,4,692,616,543,465,0.17481666803359985,0.25725746154785156,0.33885014057159424,0.4256613254547119,0.4177950322628021,0.39472857117652893,0.3694833219051361,0.34780338406562805
50,80,0.25246375799179077,0.00020824636158067733,0.424560546875,0.28997802734375,0.17547607421875,0.1099853515625,4,689,615,531,466,0.17032113671302795,0.2554433047771454,0.3382423222064972,0.42483586072921753,0.4123137593269348,0.3926628828048706,0.3650864362716675,0.3466561436653137
50,100,0.2503886818885803,0.00020824636158067733,0.4320068359375,0.28631591796875,0.17095947265625,0.1107177734375,4,684,613,524,464,0.16880545020103455,0.25408628582954407,0.33718767762184143,0.425127774477005,0.4102821350097656,0.39104321599006653,0.36220604181289673,0.3475648760795593
50,120,0.2488372027873993,0.00020824636158067733,0.4371337890625,0.283935546875,0.16864013671875,0.11029052734375,4,684,612,521,472,0.16719210147857666,0.25373217463493347,0.33679357171058655,0.4253438413143158,0.4082309901714325,0.39041632413864136,0.36115801334381104,0.348641961812973
50,140,0.2491372674703598,0.00020824636158067733,0.43670654296875,0.2841796875,0.168212890625,0.11090087890625,4,685,618,526,476,0.16732029616832733,0.25394269824028015,0.336884468793869,0.4259093999862671,0.40851640701293945,0.39143672585487366,0.3619348406791687,0.35042184591293335
50,160,0.24683724343776703,0.00020824636158067733,0.43780517578125,0.286865234375,0.16717529296875,0.108154296875,4,684,618,524,459,0.164775550365448,0.2523549497127533,0.3368970453739166,0.42517879605293274,0.40513405203819275,0.38919970393180847,0.36122480034828186,0.3492859899997711
50,180,0.24537798762321472,0.00020824636158067733,0.44476318359375,0.28204345703125,0.165771484375,0.107421875,4,682,623,527,480,0.1633993685245514,0.2527882158756256,0.33585283160209656,0.42572221159935,0.4035891592502594,0.38957712054252625,0.35991495847702026,0.35088488459587097
50,200,0.2454487681388855,0.00020824636158067733,0.44287109375,0.28155517578125,0.16741943359375,0.108154296875,4,682,621,522,472,0.16256777942180634,0.25217777490615845,0.3355616629123688,0.4278210997581482,0.40247640013694763,0.38922032713890076,0.3603306710720062,0.35460999608039856
50,220,0.24394884705543518,0.00020824636158067733,0.44561767578125,0.2796630859375,0.16796875,0.10675048828125,4,683,616,522,475,0.16084635257720947,0.2515386939048767,0.3338946998119354,0.4294396936893463,0.4002295136451721,0.3881814777851105,0.3586937487125397,0.3568093180656433
50,240,0.24254868924617767,0.00020824636158067733,0.4483642578125,0.28106689453125,0.1671142578125,0.10345458984375,4,683,621,529,479,0.16040252149105072,0.25108420848846436,0.3318639397621155,0.43110013008117676,0.39978769421577454,0.38797664642333984,0.3570367097854614,0.35907140374183655
50,260,0.24171185493469238,0.00020824636158067733,0.44647216796875,0.28326416015625,0.16558837890625,0.10467529296875,4,683,626,527,481,0.15846766531467438,0.25045880675315857,0.3312164545059204,0.43151408433914185,0.39711588621139526,0.3870905637741089,0.3553779721260071,0.35979363322257996
50,280,0.24014875292778015,0.00020824636158067733,0.45489501953125,0.278564453125,0.1641845703125,0.10235595703125,4,683,621,525,475,0.15824393928050995,0.24990323185920715,0.3313128650188446,0.43137457966804504,0.39722663164138794,0.3865211308002472,0.35596758127212524,0.36038804054260254
50,300,0.23920509219169617,0.00020824636158067733,0.452392578125,0.2822265625,0.164794921875,0.1005859375,4,678,624,532,477,0.15742607414722443,0.24861527979373932,0.33055949211120605,0.43093857169151306,0.3958386778831482,0.3848286271095276,0.3556661307811737,0.359406441450119
50,320,0.23917131125926971,0.00020824636158067733,0.450927734375,0.2830810546875,0.16497802734375,0.10101318359375,4,680,621,535,480,0.15726009011268616,0.24769261479377747,0.33020341396331787,0.43227002024650574,0.39571526646614075,0.38369929790496826,0.3559359014034271,0.36178186535835266
50,340,0.23824158310890198,0.00020824636158067733,0.45281982421875,0.2799072265625,0.1663818359375,0.10089111328125,4,680,618,535,484,0.1553449034690857,0.24742065370082855,0.3309895098209381,0.43188008666038513,0.3933468163013458,0.3831096291542053,0.3569563627243042,0.3615107834339142
50,360,0.23641043901443481,0.00020824636158067733,0.455810546875,0.28155517578125,0.1646728515625,0.09796142578125,4,683,618,538,477,0.15405136346817017,0.2466200590133667,0.330852746963501,0.4315226972103119,0.3917827904224396,0.38225507736206055,0.35716211795806885,0.3606456518173218
50,380,0.23533906042575836,0.00020824636158067733,0.45556640625,0.281982421875,0.16571044921875,0.09674072265625,4,679,618,535,473,0.15248022973537445,0.24539467692375183,0.33186057209968567,0.430888295173645,0.38976237177848816,0.38056501746177673,0.35855183005332947,0.35981473326683044
50,400,0.23539473116397858,0.00020824636158067733,0.45416259765625,0.28399658203125,0.16552734375,0.0963134765625,4,682,618,537,479,0.15244613587856293,0.24523574113845825,0.33193495869636536,0.43160104751586914,0.3897251486778259,0.38055741786956787,0.35941311717033386,0.3612699806690216
50,420,0.23401977121829987,0.00020824636158067733,0.45880126953125,0.28155517578125,0.16363525390625,0.09600830078125,4,680,618,535,476,0.15133236348628998,0.2443888932466507,0.3312145173549652,0.43309736251831055,0.3884928226470947,0.37937015295028687,0.3586789667606354,0.3634719252586365
50,440,0.23421873152256012,0.00020824636158067733,0.45745849609375,0.28125,0.1636962890625,0.09759521484375,4,681,620,546,483,0.1506928950548172,0.2441718876361847,0.33133465051651,0.4341544508934021,0.3875497877597809,0.3789321780204773,0.35921064019203186,0.3651646673679352
50,460,0.23307742178440094,0.00020824636158067733,0.4566650390625,0.281982421875,0.1669921875,0.0943603515625,4,679,617,542,475,0.14973752200603485,0.2431115359067917,0.33070454001426697,0.43364933133125305,0.38596105575561523,0.37749019265174866,0.35872095823287964,0.36390364170074463
50,480,0.2327219843864441,0.00020824636158067733,0.45703125,0.28570556640625,0.16253662109375,0.0947265625,4,680,619,540,481,0.1491248905658722,0.24389366805553436,0.33065271377563477,0.43432706594467163,0.3853963017463684,0.3784162998199463,0.35861971974372864,0.36542314291000366
50,500,0.23278506100177765,0.00020824636158067733,0.45697021484375,0.28289794921875,0.16412353515625,0.09600830078125,4,680,617,544,485,0.14869888126850128,0.24290801584720612,0.33150407671928406,0.43442392349243164,0.384934663772583,0.37745270133018494,0.3602815568447113,0.3656866252422333
50,520,0.23142974078655243,0.00020824636158067733,0.45892333984375,0.28472900390625,0.1629638671875,0.0933837890625,4,679,619,545,477,0.14782407879829407,0.24256426095962524,0.3313945233821869,0.43390199542045593,0.38375425338745117,0.3770762085914612,0.3603624105453491,0.36492982506752014
50,540,0.23074989020824432,0.00020824636158067733,0.45819091796875,0.28765869140625,0.16143798828125,0.09271240234375,4,677,619,545,476,0.14707835018634796,0.24209406971931458,0.33202794194221497,0.43270957469940186,0.3828026354312897,0.3764876127243042,0.36107462644577026,0.36342746019363403
50,560,0.2296413630247116,0.00020824636158067733,0.46148681640625,0.28582763671875,0.15972900390625,0.09295654296875,4,681,618,542,471,0.14658412337303162,0.24119175970554352,0.3306398391723633,0.4329194724559784,0.38216596841812134,0.37516671419143677,0.3589179515838623,0.3634117543697357
50,580,0.22944436967372894,0.00020824636158067733,0.46337890625,0.281982421875,0.1629638671875,0.0916748046875,4,682,620,541,471,0.1465141922235489,0.24084120988845825,0.3315826654434204,0.43200311064720154,0.38218939304351807,0.3747541010379791,0.3610808253288269,0.362274706363678
50,600,0.22940675914287567,0.00020824636158067733,0.4600830078125,0.2850341796875,0.16119384765625,0.09368896484375,4,680,619,545,473,0.1457977294921875,0.2403680831193924,0.3314453661441803,0.4310820400714874,0.3810429573059082,0.3739933669567108,0.3607063591480255,0.3611111044883728
50,620,0.22871406376361847,0.00020824636158067733,0.45953369140625,0.2864990234375,0.16094970703125,0.093017578125,4,680,617,549,473,0.14541226625442505,0.2389686107635498,0.3313181400299072,0.43112704157829285,0.38055020570755005,0.3723834455013275,0.3607710897922516,0.3613927364349365
50,640,0.22761832177639008,0.00020824636158067733,0.464599609375,0.2841796875,0.1590576171875,0.0921630859375,4,682,620,547,477,0.14514948427677155,0.2390843778848648,0.3302563726902008,0.4308580458164215,0.38036027550697327,0.3725028336048126,0.3595644235610962,0.3607686758041382
50,660,0.22626946866512299,0.00020824636158067733,0.46734619140625,0.28436279296875,0.15704345703125,0.09124755859375,4,681,616,547,480,0.14413699507713318,0.23857943713665009,0.329837828874588,0.43031957745552063,0.37909209728240967,0.3718780279159546,0.35881227254867554,0.35998573899269104
50,680,0.22656448185443878,0.00020824636158067733,0.46588134765625,0.282470703125,0.15972900390625,0.0919189453125,4,684,618,551,472,0.1437463015317917,0.23823340237140656,0.33058854937553406,0.42969614267349243,0.37841513752937317,0.3711828291416168,0.36001306772232056,0.35923945903778076
50,700,0.22614096105098724,0.00020824636158067733,0.46649169921875,0.2830810546875,0.15814208984375,0.09228515625,4,679,617,552,476,0.14322522282600403,0.23793098330497742,0.3310359716415405,0.42935532331466675,0.37790054082870483,0.37079599499702454,0.3607982099056244,0.35910549759864807
50,720,0.22586338222026825,0.00020824636158067733,0.46575927734375,0.28558349609375,0.1563720703125,0.09228515625,4,682,618,551,469,0.14289262890815735,0.23846367001533508,0.3300328254699707,0.42911121249198914,0.3776026666164398,0.3713453710079193,0.35932326316833496,0.35874292254447937
50,740,0.22569671273231506,0.00020824636158067733,0.46490478515625,0.2843017578125,0.15802001953125,0.0927734375,4,683,617,553,476,0.14234061539173126,0.23782747983932495,0.32983043789863586,0.4288651645183563,0.3766440153121948,0.3704460859298706,0.35916852951049805,0.35818466544151306
50,760,0.22594524919986725,0.00020824636158067733,0.463623046875,0.2847900390625,0.15802001953125,0.09356689453125,4,680,614,557,480,0.1421804130077362,0.2376815229654312,0.3303905725479126,0.4288853704929352,0.3765065371990204,0.370421826839447,0.3600432276725769,0.3583233654499054
50,780,0.22570794820785522,0.00020824636158067733,0.462158203125,0.2857666015625,0.15838623046875,0.09368896484375,4,683,613,554,475,0.14195771515369415,0.23666460812091827,0.3302680552005768,0.4286552667617798,0.3759762942790985,0.3689937889575958,0.35999950766563416,0.35793378949165344
50,800,0.2247299700975418,0.00020824636158067733,0.46173095703125,0.28924560546875,0.1563720703125,0.0926513671875,4,683,611,554,478,0.14144407212734222,0.23542340099811554,0.3304011821746826,0.42805787920951843,0.37529996037483215,0.36753568053245544,0.36015042662620544,0.35732725262641907
50,820,0.2240971177816391,0.00020824636158067733,0.46405029296875,0.285888671875,0.1578369140625,0.09222412109375,4,682,615,557,474,0.14056965708732605,0.23545967042446136,0.330457866191864,0.4271336495876312,0.3743249177932739,0.3674255311489105,0.3600974380970001,0.35584956407546997
50,840,0.2244807928800583,0.00020824636158067733,0.46246337890625,0.287353515625,0.15789794921875,0.09228515625,4,680,616,553,476,0.14051713049411774,0.23602764308452606,0.331167072057724,0.4267510771751404,0.37430691719055176,0.3681718409061432,0.3614198863506317,0.3555402457714081
50,860,0.22406725585460663,0.00020824636158067733,0.463134765625,0.2874755859375,0.15667724609375,0.09271240234375,4,681,616,555,466,0.1400107443332672,0.23605699837207794,0.3302212953567505,0.4273930490016937,0.3736879825592041,0.3681205213069916,0.3600651025772095,0.356466680765152
50,880,0.22346346080303192,0.00020824636158067733,0.46685791015625,0.28448486328125,0.15765380859375,0.09100341796875,4,680,620,555,470,0.13990621268749237,0.23660710453987122,0.33041369915008545,0.4257534146308899,0.37379488348960876,0.3689418137073517,0.36047300696372986,0.3541322946548462
50,900,0.22271282970905304,0.00020824636158067733,0.4654541015625,0.28546142578125,0.157470703125,0.09161376953125,4,683,615,556,466,0.13908733427524567,0.23438653349876404,0.3307543098926544,0.42549973726272583,0.3724486529827118,0.3660224676132202,0.36079466342926025,0.35365644097328186
50,920,0.2230030596256256,0.00020824636158067733,0.46368408203125,0.28704833984375,0.15679931640625,0.09246826171875,4,677,615,561,473,0.13864754140377045,0.23518016934394836,0.33072346448898315,0.42554160952568054,0.37184643745422363,0.36692026257514954,0.3606534004211426,0.3537631034851074
50,940,0.22263363003730774,0.00020824636158067733,0.46478271484375,0.28594970703125,0.15826416015625,0.09100341796875,4,680,617,555,478,0.13845354318618774,0.2347884178161621,0.3313870131969452,0.4252416789531708,0.3716360926628113,0.36646872758865356,0.3619120121002197,0.3531672954559326
50,960,0.22286683320999146,0.00020824636158067733,0.4639892578125,0.287109375,0.156982421875,0.0919189453125,4,681,619,556,473,0.13882111012935638,0.23513096570968628,0.3308815062046051,0.4243353605270386,0.3722856342792511,0.3669571578502655,0.3610883355140686,0.3520798683166504
50,980,0.22165261209011078,0.00020824636158067733,0.46417236328125,0.287353515625,0.1568603515625,0.09161376953125,4,680,617,560,472,0.13721787929534912,0.23421268165111542,0.32985004782676697,0.4248010218143463,0.36999422311782837,0.3657113015651703,0.3592727482318878,0.35234105587005615
50,1000,0.22309429943561554,0.00020824636158067733,0.4599609375,0.29022216796875,0.15594482421875,0.0938720703125,4,679,612,557,480,0.13852043449878693,0.23358309268951416,0.33107349276542664,0.42568695545196533,0.37161439657211304,0.3649722635746002,0.36135995388031006,0.35404038429260254
50,1020,0.22201994061470032,0.00020824636158067733,0.46246337890625,0.2891845703125,0.15606689453125,0.09228515625,4,680,616,559,477,0.13784664869308472,0.23375609517097473,0.3303355574607849,0.4238797426223755,0.3709182143211365,0.36498236656188965,0.3603065609931946,0.35149750113487244
50,1040,0.2217189520597458,0.00020824636158067733,0.46533203125,0.28466796875,0.15765380859375,0.09234619140625,4,680,617,558,476,0.13757187128067017,0.23349283635616302,0.3304362893104553,0.42383873462677,0.3705284297466278,0.36451998353004456,0.3603246510028839,0.35118812322616577
50,1060,0.2219359576702118,0.00020824636158067733,0.4642333984375,0.28729248046875,0.155517578125,0.09295654296875,4,679,620,557,475,0.1378878504037857,0.2341967523097992,0.32918936014175415,0.4243500232696533,0.37101978063583374,0.3655049800872803,0.3588365316390991,0.3521234691143036
50,1080,0.2211994230747223,0.00020824636158067733,0.46502685546875,0.28759765625,0.15509033203125,0.09228515625,4,682,618,558,476,0.13696372509002686,0.23398153483867645,0.3292250633239746,0.4242873787879944,0.36988088488578796,0.3653886914253235,0.3586166799068451,0.3520439863204956
50,1100,0.2221878319978714,0.00020824636158067733,0.4617919921875,0.28973388671875,0.15679931640625,0.0916748046875,4,685,620,563,473,0.13806328177452087,0.23380348086357117,0.3307507336139679,0.4235517978668213,0.3714566230773926,0.3652472496032715,0.3612259030342102,0.3511633574962616
50,1120,0.22190622985363007,0.00020824636158067733,0.46197509765625,0.28759765625,0.15643310546875,0.093994140625,4,681,616,557,481,0.13741226494312286,0.23318429291248322,0.3291599154472351,0.42417988181114197,0.37043672800064087,0.3638803958892822,0.3587265610694885,0.3520543575286865
50,1140,0.2203483134508133,0.00020824636158067733,0.46429443359375,0.2879638671875,0.1558837890625,0.09185791015625,4,680,618,558,481,0.13631832599639893,0.23255488276481628,0.3291374444961548,0.4221939742565155,0.36897382140159607,0.36340802907943726,0.3584389388561249,0.3490900695323944
50,1160,0.22127395868301392,0.00020824636158067733,0.46453857421875,0.2861328125,0.1541748046875,0.09515380859375,4,680,617,560,478,0.13666467368602753,0.23291318118572235,0.3294121026992798,0.42412179708480835,0.369617223739624,0.3637676239013672,0.3588281571865082,0.35215699672698975
50,1180,0.22134488821029663,0.00020824636158067733,0.460205078125,0.289306640625,0.1571044921875,0.0933837890625,4,681,617,561,484,0.13716962933540344,0.2321096956729889,0.32839688658714294,0.42272040247917175,0.369925856590271,0.3626152276992798,0.3575645089149475,0.34989312291145325
50,1200,0.22021892666816711,0.00020824636158067733,0.46221923828125,0.288330078125,0.15740966796875,0.092041015625,4,679,612,561,478,0.1359984129667282,0.2315693497657776,0.32828205823898315,0.42279699444770813,0.36843904852867126,0.3621079623699188,0.3572239279747009,0.3499349355697632
50,1220,0.22027285397052765,0.00020824636158067733,0.461669921875,0.28955078125,0.15667724609375,0.09210205078125,4,681,619,561,477,0.13660787045955658,0.2310299277305603,0.3283320367336273,0.4220108091831207,0.36907246708869934,0.3613605201244354,0.35722288489341736,0.3488542139530182
50,1240,0.22008317708969116,0.00020824636158067733,0.46282958984375,0.2899169921875,0.15570068359375,0.091552734375,4,682,615,559,478,0.136712446808815,0.2312375158071518,0.328275591135025,0.4222290813922882,0.3693971037864685,0.361651748418808,0.35770419239997864,0.34936654567718506
50,1260,0.2200067937374115,0.00020824636158067733,0.46319580078125,0.28717041015625,0.15740966796875,0.09222412109375,4,684,619,561,479,0.13604283332824707,0.23117369413375854,0.32837510108947754,0.4219791293144226,0.3685649335384369,0.3614829182624817,0.3574627637863159,0.3488844037055969
50,1280,0.2205287665128708,0.00020824636158067733,0.46044921875,0.2889404296875,0.1573486328125,0.09326171875,4,676,617,564,479,0.13622339069843292,0.23072771728038788,0.32846325635910034,0.42305684089660645,0.36859700083732605,0.3608853220939636,0.3576605021953583,0.3504548966884613
50,1300,0.21954382956027985,0.00020824636158067733,0.462646484375,0.28729248046875,0.15771484375,0.09234619140625,4,683,619,556,473,0.13596653938293457,0.23042520880699158,0.32683664560317993,0.42116469144821167,0.36833006143569946,0.36033040285110474,0.3552996516227722,0.3477076292037964
50,1320,0.2194744199514389,0.00020824636158067733,0.46319580078125,0.28778076171875,0.15765380859375,0.09136962890625,4,681,614,561,472,0.1360623985528946,0.23066413402557373,0.32727494835853577,0.42108142375946045,0.3685299754142761,0.36086612939834595,0.35621222853660583,0.34754055738449097
50,1340,0.2208428829908371,0.00020824636158067733,0.4599609375,0.2869873046875,0.15753173828125,0.09552001953125,4,681,616,564,473,0.13687457144260406,0.22986409068107605,0.32754606008529663,0.42209944128990173,0.36964818835258484,0.35985907912254333,0.35639992356300354,0.3493381440639496
50,1360,0.21908682584762573,0.00020824636158067733,0.461181640625,0.29022216796875,0.15533447265625,0.09326171875,4,680,618,559,473,0.13565637171268463,0.22984735667705536,0.32535192370414734,0.42117446660995483,0.36785683035850525,0.3596395254135132,0.3529495298862457,0.3478623032569885
50,1380,0.21918004751205444,0.00020824636158067733,0.46240234375,0.2886962890625,0.15557861328125,0.09332275390625,4,679,616,554,468,0.13639016449451447,0.22940459847450256,0.3257385194301605,0.42011958360671997,0.3688255846500397,0.35904401540756226,0.3536812961101532,0.3462558090686798
50,1400,0.21919362246990204,0.00020824636158067733,0.46368408203125,0.2847900390625,0.15838623046875,0.0931396484375,4,686,614,556,469,0.13583292067050934,0.2298179268836975,0.32589030265808105,0.42026853561401367,0.36819612979888916,0.3594939708709717,0.35414987802505493,0.3464260399341583
50,1420,0.21921300888061523,0.00020824636158067733,0.46282958984375,0.286376953125,0.15740966796875,0.0933837890625,4,681,611,557,475,0.1358799785375595,0.2296554148197174,0.3256474435329437,0.4207974374294281,0.3682997226715088,0.35931819677352905,0.35395118594169617,0.3473127782344818
50,1440,0.21930336952209473,0.00020824636158067733,0.45770263671875,0.29052734375,0.15789794921875,0.0938720703125,4,682,614,557,476,0.1356746405363083,0.228396937251091,0.3256227374076843,0.4200823903083801,0.367753267288208,0.35767996311187744,0.3534270226955414,0.34640222787857056
50,1460,0.21912211179733276,0.00020824636158067733,0.46209716796875,0.28741455078125,0.1575927734375,0.0928955078125,4,681,611,553,477,0.13588960468769073,0.22921356558799744,0.32609662413597107,0.42045217752456665,0.3683241009712219,0.35875260829925537,0.35468024015426636,0.34684014320373535
50,1480,0.21986854076385498,0.00020824636158067733,0.4620361328125,0.28411865234375,0.16119384765625,0.0926513671875,4,679,623,563,470,0.13579419255256653,0.23046836256980896,0.327252060174942,0.419803261756897,0.36823326349258423,0.36055469512939453,0.3564075529575348,0.3454838693141937
50,1500,0.21904699504375458,0.00020824636158067733,0.46099853515625,0.28662109375,0.16015625,0.09222412109375,4,678,615,556,470,0.13557519018650055,0.22917301952838898,0.32635486125946045,0.4184746742248535,0.3678688406944275,0.35865893959999084,0.35487911105155945,0.34391945600509644
50,1520,0.21937593817710876,0.00020824636158067733,0.4578857421875,0.2900390625,0.159423828125,0.0926513671875,4,682,615,558,471,0.13556228578090668,0.2295004278421402,0.3256339132785797,0.4190547466278076,0.36772555112838745,0.3590671122074127,0.35381922125816345,0.3447457253932953
50,1540,0.21782352030277252,0.00020824636158067733,0.46295166015625,0.28826904296875,0.1556396484375,0.0931396484375,4,675,612,560,474,0.13471153378486633,0.2289295792579651,0.3239952325820923,0.4191424250602722,0.3668367564678192,0.3583991527557373,0.35100606083869934,0.3450383245944977
50,1560,0.21876978874206543,0.00020824636158067733,0.463134765625,0.28741455078125,0.1561279296875,0.09332275390625,4,680,617,557,483,0.13591758906841278,0.22930942475795746,0.3250604271888733,0.41965925693511963,0.3684847950935364,0.3591606914997101,0.3529490530490875,0.3456423580646515
50,1580,0.2186390608549118,0.00020824636158067733,0.46405029296875,0.28265380859375,0.16015625,0.0931396484375,4,678,613,559,473,0.13503533601760864,0.22882451117038727,0.3260082006454468,0.4196440875530243,0.3672650456428528,0.3581903576850891,0.3546215295791626,0.3454936444759369
50,1600,0.21912674605846405,0.00020824636158067733,0.45849609375,0.2880859375,0.16046142578125,0.09295654296875,4,676,616,561,475,0.13484786450862885,0.2294197678565979,0.3257106840610504,0.41893696784973145,0.36670926213264465,0.35863474011421204,0.35396525263786316,0.34443461894989014
50,1620,0.2186858206987381,0.00020824636158067733,0.4627685546875,0.28497314453125,0.15960693359375,0.0926513671875,4,679,615,558,477,0.13536110520362854,0.22938784956932068,0.32505014538764954,0.41872385144233704,0.36768943071365356,0.3590777814388275,0.3529811203479767,0.34411337971687317
50,1640,0.21729740500450134,0.00020824636158067733,0.4638671875,0.28875732421875,0.1558837890625,0.09149169921875,4,679,618,559,488,0.1355067938566208,0.22780954837799072,0.3235407769680023,0.41778433322906494,0.36773061752319336,0.35706350207328796,0.35088419914245605,0.34303730726242065
50,1660,0.2184101939201355,0.00020824636158067733,0.4630126953125,0.28558349609375,0.15765380859375,0.09375,4,681,613,555,486,0.13608910143375397,0.228139728307724,0.3235817849636078,0.41847875714302063,0.3686351180076599,0.35709625482559204,0.35100266337394714,0.34405210614204407
50,1680,0.2180493026971817,0.00020824636158067733,0.46026611328125,0.2900390625,0.15789794921875,0.091796875,4,677,618,558,481,0.13539238274097443,0.2283470332622528,0.3240495026111603,0.41762277483940125,0.36761051416397095,0.357597678899765,0.35169437527656555,0.34280523657798767
50,1700,0.21858325600624084,0.00020824636158067733,0.45989990234375,0.28814697265625,0.15869140625,0.09326171875,4,685,612,553,482,0.13581795990467072,0.22811898589134216,0.3237961530685425,0.41823282837867737,0.3681861162185669,0.3572680950164795,0.35137662291526794,0.3436110317707062
50,1720,0.21834790706634521,0.00020824636158067733,0.459228515625,0.28985595703125,0.15838623046875,0.092529296875,4,682,613,558,481,0.13570357859134674,0.2278454601764679,0.3241614103317261,0.41763952374458313,0.36803147196769714,0.35681846737861633,0.3520165681838989,0.34280678629875183
50,1740,0.21802963316440582,0.00020824636158067733,0.46295166015625,0.2861328125,0.15777587890625,0.0931396484375,4,680,610,557,475,0.13581763207912445,0.2279229313135147,0.3233819305896759,0.4178083539009094,0.36833614110946655,0.3569088280200958,0.35081639885902405,0.3431292772293091
50,1760,0.2173035740852356,0.00020824636158067733,0.46307373046875,0.28765869140625,0.157470703125,0.091796875,4,679,615,554,467,0.1348530501127243,0.2280149906873703,0.32356026768684387,0.4173879325389862,0.3670088052749634,0.35741275548934937,0.35100334882736206,0.3424137830734253
50,1780,0.21814726293087006,0.00020824636158067733,0.462158203125,0.286865234375,0.15716552734375,0.09381103515625,4,681,615,558,476,0.13529469072818756,0.2284751832485199,0.3236648738384247,0.41795897483825684,0.3676815330982208,0.3577190041542053,0.35085994005203247,0.3430907130241394
50,1800,0.21852421760559082,0.00020824636158067733,0.46124267578125,0.28643798828125,0.15704345703125,0.09527587890625,4,677,613,553,480,0.134653240442276,0.2293534129858017,0.32223963737487793,0.4210430383682251,0.3667175769805908,0.3581775426864624,0.349101185798645,0.3474605977535248
50,1820,0.21817806363105774,0.00020824636158067733,0.4609375,0.28582763671875,0.15960693359375,0.0936279296875,4,679,615,558,484,0.1347646266222,0.22800573706626892,0.3239224851131439,0.4185650944709778,0.3667517900466919,0.3569311201572418,0.35163137316703796,0.34398171305656433
50,1840,0.2172618806362152,0.00020824636158067733,0.46624755859375,0.28338623046875,0.15753173828125,0.09283447265625,4,678,618,555,479,0.13490864634513855,0.22874397039413452,0.32226797938346863,0.4176330268383026,0.36724111437797546,0.35803771018981934,0.34908270835876465,0.3426922559738159
50,1860,0.21807244420051575,0.00020824636158067733,0.462158203125,0.283447265625,0.15948486328125,0.09490966796875,4,680,615,555,484,0.1349988877773285,0.22776706516742706,0.32222720980644226,0.4186224341392517,0.3671743869781494,0.3565470576286316,0.34921759366989136,0.34419819712638855
50,1880,0.21678023040294647,0.00020824636158067733,0.4656982421875,0.2828369140625,0.15850830078125,0.09295654296875,4,677,614,558,484,0.13461051881313324,0.2277105301618576,0.32150861620903015,0.4165993332862854,0.3666013777256012,0.3562764525413513,0.3477405905723572,0.3411186933517456
50,1900,0.2174399197101593,0.00020824636158067733,0.463134765625,0.28515625,0.15966796875,0.092041015625,4,678,613,557,482,0.13486933708190918,0.2278890460729599,0.3231361210346222,0.4171919822692871,0.36705195903778076,0.3568652868270874,0.35048192739486694,0.34197998046875
50,1920,0.2171563357114792,0.00020824636158067733,0.462890625,0.28515625,0.1591796875,0.0927734375,4,678,608,559,477,0.1351625621318817,0.22648392617702484,0.322279691696167,0.4172225296497345,0.367288738489151,0.3549390435218811,0.3492282032966614,0.3419719934463501
50,1940,0.21818988025188446,0.00020824636158067733,0.45892333984375,0.2889404296875,0.158935546875,0.09320068359375,4,676,613,562,483,0.13573263585567474,0.22749429941177368,0.3220980763435364,0.4181715250015259,0.36789318919181824,0.3563191890716553,0.34907734394073486,0.3435334265232086
50,1960,0.21690751612186432,0.00020824636158067733,0.46343994140625,0.28656005859375,0.15740966796875,0.09259033203125,4,677,616,559,474,0.13496266305446625,0.22731541097164154,0.32159939408302307,0.4168691635131836,0.36715930700302124,0.35640549659729004,0.34824684262275696,0.34170517325401306
50,1980,0.21663814783096313,0.00020824636158067733,0.46710205078125,0.28179931640625,0.15716552734375,0.09393310546875,4,682,610,554,473,0.13538438081741333,0.22669388353824615,0.3206522464752197,0.41648972034454346,0.3677320182323456,0.35495755076408386,0.3465936481952667,0.34107720851898193
50,2000,0.21783408522605896,0.00020824636158067733,0.462646484375,0.28326416015625,0.15966796875,0.09442138671875,4,682,610,556,482,0.13540057837963104,0.22755642235279083,0.32154497504234314,0.41719841957092285,0.3677191734313965,0.35610637068748474,0.34808504581451416,0.3421149253845215
51,0,0.3220728039741516,0.00020824636158067733,0.318603515625,0.16583251953125,0.24090576171875,0.274658203125,4,671,580,573,544,0.19604873657226562,0.28522101044654846,0.36266690492630005,0.4549054801464081,0.41776224970817566,0.39489126205444336,0.3999888300895691,0.38012734055519104
51,20,0.2895511984825134,0.00020824636158067733,0.35772705078125,0.23516845703125,0.21954345703125,0.18756103515625,4,686,628,581,531,0.18021954596042633,0.27256181836128235,0.35648223757743835,0.4410325288772583,0.41908693313598633,0.41049253940582275,0.39507341384887695,0.37459638714790344
51,40,0.2634190618991852,0.00020824636158067733,0.3974609375,0.27337646484375,0.19256591796875,0.1365966796875,4,681,624,562,490,0.16618521511554718,0.2633032202720642,0.34588736295700073,0.43031710386276245,0.40668076276779175,0.40324637293815613,0.37970298528671265,0.3574681580066681
51,60,0.24735355377197266,0.00020824636158067733,0.43853759765625,0.2752685546875,0.17767333984375,0.1085205078125,4,678,617,552,463,0.1592877358198166,0.2564155161380768,0.34066644310951233,0.42747148871421814,0.39875003695487976,0.39403823018074036,0.3708564043045044,0.3466762900352478
51,80,0.2433539479970932,0.00020824636158067733,0.4451904296875,0.2802734375,0.17041015625,0.1041259765625,4,669,617,545,462,0.15589547157287598,0.25444313883781433,0.3399503529071808,0.42934650182724,0.3942367136478424,0.39148783683776855,0.3695966601371765,0.3497626781463623
51,100,0.24165350198745728,0.00020824636158067733,0.45086669921875,0.27789306640625,0.16650390625,0.104736328125,4,668,614,544,473,0.1551918387413025,0.25266724824905396,0.33837345242500305,0.4308696389198303,0.3929900527000427,0.38908717036247253,0.3679457902908325,0.35349056124687195
51,120,0.24139030277729034,0.00020824636158067733,0.45172119140625,0.27630615234375,0.1656494140625,0.1063232421875,4,672,617,545,483,0.15368403494358063,0.25302597880363464,0.3384207487106323,0.43260669708251953,0.39150485396385193,0.3896678686141968,0.36862611770629883,0.35866779088974
51,140,0.24007463455200195,0.00020824636158067733,0.4517822265625,0.27618408203125,0.167236328125,0.10479736328125,4,667,614,548,476,0.15148481726646423,0.2524738609790802,0.3378099799156189,0.43334197998046875,0.38834717869758606,0.3891237676143646,0.36871883273124695,0.3608921468257904
51,160,0.23727105557918549,0.00020824636158067733,0.45989990234375,0.27313232421875,0.16400146484375,0.10296630859375,4,668,614,551,482,0.15030352771282196,0.2503529191017151,0.3365606963634491,0.4328654110431671,0.3868164122104645,0.3863431215286255,0.36667168140411377,0.3610529601573944
51,180,0.2369724065065384,0.00020824636158067733,0.4595947265625,0.27313232421875,0.1634521484375,0.10382080078125,4,665,613,550,490,0.15034997463226318,0.24847623705863953,0.335498183965683,0.43505313992500305,0.386504203081131,0.38431358337402344,0.3658413589000702,0.3647860586643219
51,200,0.23448456823825836,0.00020824636158067733,0.467529296875,0.26873779296875,0.1612548828125,0.10247802734375,4,667,612,548,489,0.14887812733650208,0.24756036698818207,0.3336767852306366,0.43466728925704956,0.38490742444992065,0.3831869661808014,0.3637233078479767,0.36420297622680664
51,220,0.23471912741661072,0.00020824636158067733,0.4627685546875,0.272705078125,0.16082763671875,0.10369873046875,4,664,614,553,487,0.14817778766155243,0.24688857793807983,0.3338157534599304,0.43522751331329346,0.38356271386146545,0.38277938961982727,0.36393746733665466,0.36541152000427246
51,240,0.23423096537590027,0.00020824636158067733,0.46917724609375,0.266845703125,0.16162109375,0.10235595703125,4,670,612,557,486,0.1488027125597,0.2469380497932434,0.33418533205986023,0.434858500957489,0.38511213660240173,0.38266071677207947,0.3649400472640991,0.36507171392440796
51,260,0.2340225875377655,0.00020824636158067733,0.4677734375,0.2677001953125,0.16229248046875,0.10223388671875,4,668,612,556,491,0.14805875718593597,0.2465895414352417,0.3343428373336792,0.4351908266544342,0.38386210799217224,0.38236552476882935,0.3652175962924957,0.3656914532184601
51,280,0.2315511405467987,0.00020824636158067733,0.4718017578125,0.2657470703125,0.15985107421875,0.10260009765625,4,668,611,546,491,0.14528051018714905,0.24517157673835754,0.3324829041957855,0.43573230504989624,0.379749059677124,0.3803737759590149,0.3622344434261322,0.36631718277931213
51,300,0.23293261229991913,0.00020824636158067733,0.4693603515625,0.26824951171875,0.16241455078125,0.0999755859375,4,673,616,556,493,0.14671719074249268,0.2460956871509552,0.335479736328125,0.4357816278934479,0.38224393129348755,0.3819043040275574,0.36719706654548645,0.36687707901000977
51,320,0.2312881052494049,0.00020824636158067733,0.47247314453125,0.26611328125,0.16033935546875,0.10107421875,4,671,614,555,485,0.1453726589679718,0.2449321448802948,0.3334765136241913,0.4348718523979187,0.38020145893096924,0.38013023138046265,0.3637751638889313,0.36516469717025757
51,340,0.23094864189624786,0.00020824636158067733,0.4732666015625,0.267333984375,0.159912109375,0.0994873046875,4,674,615,555,492,0.14524389803409576,0.24482187628746033,0.33455145359039307,0.43484488129615784,0.38013967871665955,0.38024938106536865,0.36561501026153564,0.3656889498233795
51,360,0.2302556037902832,0.00020824636158067733,0.4765625,0.26434326171875,0.16058349609375,0.0985107421875,4,673,616,549,492,0.14470969140529633,0.24466896057128906,0.33492594957351685,0.434797465801239,0.379647433757782,0.380038321018219,0.3663419485092163,0.36562374234199524
51,380,0.23028603196144104,0.00020824636158067733,0.47662353515625,0.26434326171875,0.16131591796875,0.09771728515625,4,676,615,555,488,0.1449897736310959,0.2442115694284439,0.335525780916214,0.43491944670677185,0.37996989488601685,0.37944158911705017,0.36720889806747437,0.3659156262874603
51,400,0.22861050069332123,0.00020824636158067733,0.4769287109375,0.2679443359375,0.15753173828125,0.09759521484375,4,676,615,553,490,0.1432449072599411,0.2433541715145111,0.3340359628200531,0.43512654304504395,0.3775274157524109,0.3783634603023529,0.3647341728210449,0.36626461148262024
51,420,0.22882741689682007,0.00020824636158067733,0.47509765625,0.2703857421875,0.15667724609375,0.09783935546875,4,679,618,552,487,0.14347609877586365,0.2433435022830963,0.3344206213951111,0.4340743124485016,0.3777298629283905,0.3783080279827118,0.3651774227619171,0.3649614751338959
51,440,0.22779476642608643,0.00020824636158067733,0.47802734375,0.267822265625,0.15814208984375,0.09600830078125,4,685,614,553,485,0.14267079532146454,0.24294373393058777,0.33388662338256836,0.4346182346343994,0.3767772912979126,0.3777291476726532,0.36492475867271423,0.3655545711517334
51,460,0.22638864815235138,0.00020824636158067733,0.48028564453125,0.26806640625,0.15545654296875,0.09619140625,4,681,616,553,485,0.14135882258415222,0.24208104610443115,0.333358496427536,0.4343370199203491,0.37513449788093567,0.3766618072986603,0.3638130724430084,0.36522772908210754
51,480,0.22681774199008942,0.00020824636158067733,0.47735595703125,0.27081298828125,0.1552734375,0.0965576171875,4,680,617,563,489,0.14177106320858002,0.24159230291843414,0.33323225378990173,0.43470442295074463,0.3755927085876465,0.37596577405929565,0.36398541927337646,0.36577028036117554
51,500,0.22537927329540253,0.00020824636158067733,0.4810791015625,0.26806640625,0.1551513671875,0.095703125,4,677,619,552,492,0.1404871642589569,0.24039572477340698,0.3328535556793213,0.4358177185058594,0.3737828731536865,0.3744354844093323,0.3633120059967041,0.3675779700279236
51,520,0.2260674685239792,0.00020824636158067733,0.4786376953125,0.2696533203125,0.15521240234375,0.09649658203125,4,681,622,556,490,0.14077332615852356,0.240830197930336,0.3331312835216522,0.4356762766838074,0.37421754002571106,0.37506887316703796,0.3637900948524475,0.367553174495697
51,540,0.22459329664707184,0.00020824636158067733,0.482421875,0.26824951171875,0.15447998046875,0.0948486328125,4,682,623,557,480,0.14013506472110748,0.239951491355896,0.33291372656822205,0.4343098998069763,0.3735160529613495,0.3738367259502411,0.36366933584213257,0.36529815196990967
51,560,0.22498035430908203,0.00020824636158067733,0.480712890625,0.26971435546875,0.1572265625,0.09234619140625,4,684,619,560,481,0.14041255414485931,0.2399122565984726,0.33477628231048584,0.43465492129325867,0.37396949529647827,0.37391409277915955,0.36663782596588135,0.36568793654441833
51,580,0.22320915758609772,0.00020824636158067733,0.481689453125,0.2708740234375,0.1534423828125,0.093994140625,4,677,624,555,485,0.13852375745773315,0.23841805756092072,0.3325672447681427,0.4348416030406952,0.3713114559650421,0.3718717098236084,0.3630227744579315,0.3660946786403656
51,600,0.223382368683815,0.00020824636158067733,0.48187255859375,0.27020263671875,0.1522216796875,0.095703125,4,684,618,553,488,0.138432577252388,0.2389722615480423,0.33146271109580994,0.43518713116645813,0.3712514638900757,0.37242770195007324,0.36139625310897827,0.36695677042007446
51,620,0.2237769216299057,0.00020824636158067733,0.48004150390625,0.2711181640625,0.15509033203125,0.09375,4,686,622,555,492,0.13892042636871338,0.2385014295578003,0.3327694237232208,0.43539175391197205,0.37194421887397766,0.3719401955604553,0.36357903480529785,0.36713775992393494
51,640,0.22226069867610931,0.00020824636158067733,0.48297119140625,0.27093505859375,0.1549072265625,0.0911865234375,4,683,620,558,474,0.13797657191753387,0.2377508133649826,0.33266615867614746,0.43509232997894287,0.37093695998191833,0.37100332975387573,0.363594651222229,0.36624467372894287
51,660,0.2231045961380005,0.00020824636158067733,0.48052978515625,0.27130126953125,0.15472412109375,0.09344482421875,4,685,617,561,489,0.13870783150196075,0.23750348389148712,0.33213719725608826,0.4347667992115021,0.3717036545276642,0.3705248534679413,0.36269375681877136,0.3663088083267212
51,680,0.22268901765346527,0.00020824636158067733,0.47882080078125,0.2725830078125,0.15460205078125,0.093994140625,4,680,622,552,486,0.13807526230812073,0.23641064763069153,0.3320775628089905,0.4340091049671173,0.370566189289093,0.3690524101257324,0.3623371422290802,0.3651016354560852
51,700,0.22201135754585266,0.00020824636158067733,0.48040771484375,0.2723388671875,0.1551513671875,0.09210205078125,4,683,622,564,483,0.1372831165790558,0.23660142719745636,0.3326196074485779,0.43448904156684875,0.36981937289237976,0.36950162053108215,0.36351478099823,0.36590415239334106
51,720,0.22150900959968567,0.00020824636158067733,0.47943115234375,0.27337646484375,0.15289306640625,0.09429931640625,4,683,618,557,481,0.13673602044582367,0.23555372655391693,0.33116263151168823,0.4340031147003174,0.36878737807273865,0.3678801357746124,0.361025869846344,0.3652946650981903
51,740,0.22186222672462463,0.00020824636158067733,0.47821044921875,0.27349853515625,0.15338134765625,0.09490966796875,4,684,617,557,487,0.1367129534482956,0.23529887199401855,0.33205047249794006,0.43410155177116394,0.3687725067138672,0.3675136864185333,0.3621261417865753,0.36543014645576477
51,760,0.22201304137706757,0.00020824636158067733,0.47747802734375,0.27471923828125,0.1536865234375,0.0941162109375,4,686,620,552,490,0.1369941085577011,0.23526951670646667,0.3322775661945343,0.4345875382423401,0.3691648542881012,0.3675896227359772,0.36269378662109375,0.3663521111011505
51,780,0.22167009115219116,0.00020824636158067733,0.4781494140625,0.2738037109375,0.154541015625,0.093505859375,4,683,618,559,487,0.13669739663600922,0.23501533269882202,0.3325478136539459,0.43385469913482666,0.36884504556655884,0.3671607971191406,0.36333388090133667,0.3652587831020355
51,800,0.22144456207752228,0.00020824636158067733,0.47857666015625,0.27349853515625,0.15228271484375,0.09564208984375,4,685,616,548,491,0.1360958069562912,0.23533102869987488,0.3312110900878906,0.43403360247612,0.3682527244091034,0.3676232397556305,0.3609510660171509,0.36574122309684753
51,820,0.22116729617118835,0.00020824636158067733,0.48114013671875,0.27166748046875,0.1551513671875,0.092041015625,4,688,621,560,490,0.13652274012565613,0.23547914624214172,0.33310920000076294,0.43270227313041687,0.36892595887184143,0.3678135573863983,0.3642672300338745,0.36372771859169006
51,840,0.2212076187133789,0.00020824636158067733,0.48004150390625,0.2724609375,0.1536865234375,0.09381103515625,4,687,618,558,498,0.13659684360027313,0.23439031839370728,0.33231961727142334,0.4338529407978058,0.36896440386772156,0.3663683831691742,0.36302119493484497,0.365335077047348
51,860,0.22011104226112366,0.00020824636158067733,0.48052978515625,0.27191162109375,0.15380859375,0.09375,4,686,616,552,497,0.13545407354831696,0.2335052788257599,0.33086246252059937,0.4334827959537506,0.3673402965068817,0.36506977677345276,0.36094096302986145,0.3646591305732727
51,880,0.22083239257335663,0.00020824636158067733,0.47869873046875,0.27294921875,0.15447998046875,0.0938720703125,4,688,620,557,495,0.13588814437389374,0.23440898954868317,0.331182599067688,0.4329303801059723,0.3679359555244446,0.36622098088264465,0.36158430576324463,0.36401012539863586
51,900,0.2210318148136139,0.00020824636158067733,0.48004150390625,0.27117919921875,0.15460205078125,0.09417724609375,4,686,624,556,493,0.1361335813999176,0.23457512259483337,0.33149483799934387,0.43344178795814514,0.36846134066581726,0.3665093183517456,0.36208802461624146,0.3649674952030182
51,920,0.22073876857757568,0.00020824636158067733,0.48016357421875,0.27191162109375,0.15380859375,0.0941162109375,4,690,617,561,490,0.13599346578121185,0.23426254093647003,0.3317020833492279,0.432681143283844,0.36829960346221924,0.36623457074165344,0.3620661795139313,0.3638107478618622
51,940,0.22061187028884888,0.00020824636158067733,0.4771728515625,0.27587890625,0.15325927734375,0.09368896484375,4,688,621,553,492,0.1359407752752304,0.2338116616010666,0.33097612857818604,0.4324495792388916,0.36795851588249207,0.36554327607154846,0.3611529469490051,0.36336490511894226
51,960,0.220881849527359,0.00020824636158067733,0.477783203125,0.2738037109375,0.15399169921875,0.09442138671875,4,687,620,555,494,0.13610100746154785,0.23379169404506683,0.33124658465385437,0.43245330452919006,0.3681761920452118,0.36550724506378174,0.3614504337310791,0.36355480551719666
51,980,0.22016611695289612,0.00020824636158067733,0.4774169921875,0.27593994140625,0.1539306640625,0.09271240234375,4,686,625,558,496,0.13561546802520752,0.2333434373140335,0.3310571014881134,0.43222203850746155,0.36751875281333923,0.3649309575557709,0.36131301522254944,0.36307471990585327
51,1000,0.21991051733493805,0.00020824636158067733,0.47930908203125,0.27325439453125,0.15570068359375,0.09173583984375,4,689,620,550,490,0.13544593751430511,0.23350614309310913,0.3315686583518982,0.4312165081501007,0.36735424399375916,0.3650988042354584,0.36205101013183594,0.36178287863731384
51,1020,0.21941673755645752,0.00020824636158067733,0.479736328125,0.27337646484375,0.15447998046875,0.0924072265625,4,688,623,555,491,0.1348613202571869,0.23288756608963013,0.3309861123561859,0.432024210691452,0.3667120039463043,0.3643973767757416,0.36116641759872437,0.3629218637943268
51,1040,0.21985745429992676,0.00020824636158067733,0.478759765625,0.27398681640625,0.152099609375,0.09515380859375,4,687,622,556,487,0.13520874083042145,0.23285718262195587,0.33024904131889343,0.43187350034713745,0.3671450614929199,0.36434537172317505,0.36006683111190796,0.3627499043941498
51,1060,0.2188294380903244,0.00020824636158067733,0.48089599609375,0.27178955078125,0.15386962890625,0.09344482421875,4,690,620,549,488,0.13446906208992004,0.2327437549829483,0.32956361770629883,0.4301644563674927,0.3661253750324249,0.3640798032283783,0.35865873098373413,0.3600757122039795
51,1080,0.22029541432857513,0.00020824636158067733,0.47564697265625,0.2762451171875,0.15289306640625,0.09521484375,4,690,621,549,493,0.13541217148303986,0.23312659561634064,0.32938462495803833,0.43193167448043823,0.3672209084033966,0.3644586205482483,0.35883721709251404,0.36280035972595215
51,1100,0.2202008217573166,0.00020824636158067733,0.47723388671875,0.27337646484375,0.1534423828125,0.095947265625,4,689,619,552,492,0.13535507023334503,0.23259297013282776,0.32974421977996826,0.4317225515842438,0.36719846725463867,0.36391445994377136,0.3595033586025238,0.362544983625412
51,1120,0.2195013016462326,0.00020824636158067733,0.47833251953125,0.2734375,0.15472412109375,0.093505859375,4,686,617,551,487,0.13491190969944,0.2325950413942337,0.33005914092063904,0.4309914708137512,0.36669474840164185,0.36394575238227844,0.3598993420600891,0.36140862107276917
51,1140,0.22020581364631653,0.00020824636158067733,0.4774169921875,0.27349853515625,0.15350341796875,0.0955810546875,4,690,617,553,492,0.1359081268310547,0.23206955194473267,0.32991665601730347,0.4311206042766571,0.36811959743499756,0.36317095160484314,0.3596498668193817,0.36151784658432007
51,1160,0.21978043019771576,0.00020824636158067733,0.4769287109375,0.27447509765625,0.15252685546875,0.0960693359375,4,689,615,548,484,0.1352885663509369,0.23192989826202393,0.32909178733825684,0.4309712052345276,0.36716368794441223,0.3630213141441345,0.35838583111763,0.3614455461502075
51,1180,0.2193337380886078,0.00020824636158067733,0.47735595703125,0.2738037109375,0.15277099609375,0.0960693359375,4,691,617,545,493,0.13450637459754944,0.23194633424282074,0.3290055990219116,0.4304811656475067,0.3661585748195648,0.36291763186454773,0.35838210582733154,0.360873818397522
51,1200,0.21995671093463898,0.00020824636158067733,0.4752197265625,0.27459716796875,0.15350341796875,0.0966796875,4,689,618,550,486,0.13475896418094635,0.23220665752887726,0.32911378145217896,0.43063053488731384,0.3663684129714966,0.3633752167224884,0.35827115178108215,0.36095717549324036
51,1220,0.22035206854343414,0.00020824636158067733,0.4736328125,0.27642822265625,0.15435791015625,0.0955810546875,4,691,622,559,490,0.13553309440612793,0.2323116958141327,0.32931390404701233,0.4301004111766815,0.36733442544937134,0.3633372485637665,0.35887524485588074,0.36019742488861084
51,1240,0.21930964291095734,0.00020824636158067733,0.47650146484375,0.2747802734375,0.15240478515625,0.0963134765625,4,690,615,549,483,0.13472895324230194,0.23145149648189545,0.32814550399780273,0.43090370297431946,0.3664250075817108,0.36237430572509766,0.3570329248905182,0.36138808727264404
51,1260,0.21981990337371826,0.00020824636158067733,0.47509765625,0.275146484375,0.15313720703125,0.09661865234375,4,689,620,551,484,0.13502082228660583,0.23193220794200897,0.32835331559181213,0.4302830100059509,0.366725355386734,0.36288169026374817,0.35737740993499756,0.360491544008255
51,1280,0.22018958628177643,0.00020824636158067733,0.47369384765625,0.27532958984375,0.1536865234375,0.0972900390625,4,690,620,552,484,0.13503395020961761,0.23172202706336975,0.3291596472263336,0.43002867698669434,0.36670613288879395,0.3626289367675781,0.35849758982658386,0.3603168725967407
51,1300,0.21884988248348236,0.00020824636158067733,0.476806640625,0.273681640625,0.15313720703125,0.09637451171875,4,689,615,546,485,0.1339656561613083,0.2314368188381195,0.32775142788887024,0.4300227761268616,0.36525753140449524,0.36230844259262085,0.35647258162498474,0.36001646518707275
51,1320,0.21956774592399597,0.00020824636158067733,0.47821044921875,0.27276611328125,0.15533447265625,0.09368896484375,4,689,618,558,486,0.13604773581027985,0.23126369714736938,0.32975971698760986,0.4291258156299591,0.36829325556755066,0.3621664345264435,0.3598390817642212,0.35877731442451477
51,1340,0.21916262805461884,0.00020824636158067733,0.47601318359375,0.27557373046875,0.15252685546875,0.09588623046875,4,690,617,547,488,0.13504189252853394,0.23065906763076782,0.3284057676792145,0.4299536943435669,0.3666844964027405,0.36130720376968384,0.35764214396476746,0.3600696325302124
51,1360,0.22045937180519104,0.00020824636158067733,0.4747314453125,0.27362060546875,0.15545654296875,0.09619140625,4,690,618,553,492,0.13592244684696198,0.23114295303821564,0.3298565149307251,0.4304839074611664,0.36800968647003174,0.36200636625289917,0.35985708236694336,0.36085182428359985
51,1380,0.21968859434127808,0.00020824636158067733,0.4759521484375,0.275390625,0.15325927734375,0.09539794921875,4,690,619,553,485,0.13583813607692719,0.23121526837348938,0.3288871645927429,0.42932382225990295,0.36790964007377625,0.3619168996810913,0.3582593500614166,0.3591996729373932
51,1400,0.21969418227672577,0.00020824636158067733,0.47467041015625,0.27691650390625,0.15277099609375,0.09564208984375,4,691,619,549,482,0.1355513036251068,0.23156264424324036,0.3285090923309326,0.4291186034679413,0.36749085783958435,0.3623437285423279,0.3576551675796509,0.3590468168258667
51,1420,0.21976613998413086,0.00020824636158067733,0.47772216796875,0.271728515625,0.15234375,0.09820556640625,4,689,620,552,493,0.13529229164123535,0.2316870391368866,0.3281056880950928,0.42964160442352295,0.3671954572200775,0.3625452220439911,0.35689595341682434,0.3597510755062103
51,1440,0.21852292120456696,0.00020824636158067733,0.4794921875,0.27301025390625,0.153076171875,0.09442138671875,4,692,621,549,478,0.1351986825466156,0.2305409014225006,0.3281666040420532,0.4291580021381378,0.36707088351249695,0.36110666394233704,0.3575107753276825,0.3589729368686676
51,1460,0.2198551744222641,0.00020824636158067733,0.475830078125,0.2745361328125,0.153564453125,0.0960693359375,4,692,622,552,488,0.1359177976846695,0.23144078254699707,0.3279706537723541,0.42966780066490173,0.36785462498664856,0.36239829659461975,0.35708895325660706,0.35959163308143616
51,1480,0.21951478719711304,0.00020824636158067733,0.47613525390625,0.2755126953125,0.15362548828125,0.0947265625,4,691,622,554,486,0.13537690043449402,0.23156873881816864,0.32932937145233154,0.429273396730423,0.3673941195011139,0.3626275956630707,0.35906049609184265,0.35920730233192444
51,1500,0.21871837973594666,0.00020824636158067733,0.47869873046875,0.27294921875,0.15399169921875,0.0943603515625,4,690,619,557,488,0.1352131962776184,0.23054993152618408,0.3285115659236908,0.4289461672306061,0.36699536442756653,0.3611307740211487,0.35802027583122253,0.3585711717605591
51,1520,0.2191760540008545,0.00020824636158067733,0.4747314453125,0.27520751953125,0.15362548828125,0.096435546875,4,689,620,554,487,0.13487710058689117,0.2307729870080948,0.32742545008659363,0.42862099409103394,0.36626699566841125,0.3612648546695709,0.3562646210193634,0.3581089675426483
51,1540,0.21963414549827576,0.00020824636158067733,0.47393798828125,0.27716064453125,0.153564453125,0.0953369140625,4,688,619,555,487,0.13574223220348358,0.2309228926897049,0.32839444279670715,0.4286721348762512,0.36767682433128357,0.3615560829639435,0.3578271269798279,0.35820385813713074
51,1560,0.2189648449420929,0.00020824636158067733,0.47747802734375,0.27435302734375,0.1527099609375,0.095458984375,4,689,622,552,493,0.13498623669147491,0.23059867322444916,0.3285413980484009,0.4302883744239807,0.36679473519325256,0.3612777590751648,0.35804423689842224,0.36060672998428345
51,1580,0.2185550034046173,0.00020824636158067733,0.47772216796875,0.27386474609375,0.15289306640625,0.09552001953125,4,689,623,550,492,0.13468939065933228,0.23049309849739075,0.3276654779911041,0.4291161894798279,0.36629363894462585,0.36102530360221863,0.3566170930862427,0.35873159766197205
51,1600,0.21809348464012146,0.00020824636158067733,0.47882080078125,0.273193359375,0.154052734375,0.09393310546875,4,688,623,553,487,0.13487519323825836,0.23007908463478088,0.3276452422142029,0.42776936292648315,0.3664467930793762,0.3604227304458618,0.3566757142543793,0.35666215419769287
51,1620,0.21872033178806305,0.00020824636158067733,0.47674560546875,0.2752685546875,0.15313720703125,0.0948486328125,4,689,624,557,493,0.13469962775707245,0.23081772029399872,0.3285253345966339,0.42864683270454407,0.3663867115974426,0.36150091886520386,0.3578052520751953,0.35805341601371765
51,1640,0.21862941980361938,0.00020824636158067733,0.4791259765625,0.272705078125,0.15240478515625,0.09576416015625,4,689,620,556,493,0.13546113669872284,0.23033586144447327,0.32751667499542236,0.42811015248298645,0.36729830503463745,0.3608863651752472,0.3562224507331848,0.35741305351257324
51,1660,0.21839618682861328,0.00020824636158067733,0.47613525390625,0.27569580078125,0.152587890625,0.0955810546875,4,686,622,552,489,0.13467523455619812,0.23030181229114532,0.32616275548934937,0.42906850576400757,0.3660644292831421,0.3607906997203827,0.3544628918170929,0.35857221484184265
51,1680,0.2180839329957962,0.00020824636158067733,0.48004150390625,0.2724609375,0.15301513671875,0.094482421875,4,692,625,548,480,0.13497906923294067,0.23071612417697906,0.3262287378311157,0.4287496507167816,0.366913378238678,0.36132755875587463,0.3547414541244507,0.35818052291870117
51,1700,0.21896830201148987,0.00020824636158067733,0.47705078125,0.2740478515625,0.154296875,0.0946044921875,4,690,623,559,487,0.13591007888317108,0.23015280067920685,0.3273800313472748,0.4285811185836792,0.3678905963897705,0.36070501804351807,0.35637128353118896,0.3578561246395111
51,1720,0.2189091145992279,0.00020824636158067733,0.4783935546875,0.2738037109375,0.15203857421875,0.09576416015625,4,691,624,558,484,0.13560399413108826,0.23034200072288513,0.32769328355789185,0.4296651780605316,0.36762672662734985,0.3609432876110077,0.35695385932922363,0.3598611652851105
51,1740,0.21836517751216888,0.00020824636158067733,0.47674560546875,0.27557373046875,0.1522216796875,0.095458984375,4,691,619,549,488,0.1350424885749817,0.22956113517284393,0.3273755609989166,0.42834699153900146,0.36681127548217773,0.3597477078437805,0.3563845157623291,0.35784977674484253
51,1760,0.21856701374053955,0.00020824636158067733,0.476318359375,0.275146484375,0.15203857421875,0.09649658203125,4,692,620,547,489,0.13561545312404633,0.22980432212352753,0.3258841633796692,0.42689645290374756,0.36743035912513733,0.35980212688446045,0.3538089096546173,0.3558254837989807
51,1780,0.21832939982414246,0.00020824636158067733,0.47808837890625,0.27252197265625,0.15283203125,0.0965576171875,4,691,625,555,485,0.134624645113945,0.23062796890735626,0.32578256726264954,0.42799001932144165,0.3661710321903229,0.3611258268356323,0.35393208265304565,0.3569807708263397
51,1800,0.21954545378684998,0.00020824636158067733,0.4755859375,0.27447509765625,0.15325927734375,0.0966796875,4,690,616,552,486,0.13648679852485657,0.23040010035037994,0.32609665393829346,0.4284024238586426,0.36841124296188354,0.36085131764411926,0.35429972410202026,0.3577175438404083
51,1820,0.21897387504577637,0.00020824636158067733,0.477294921875,0.27386474609375,0.1519775390625,0.09686279296875,4,688,616,553,491,0.1358002871274948,0.23020219802856445,0.3265317678451538,0.42831018567085266,0.3677299916744232,0.36062517762184143,0.3551158905029297,0.3579511344432831
51,1840,0.21831603348255157,0.00020824636158067733,0.4781494140625,0.27239990234375,0.15142822265625,0.0980224609375,4,687,616,547,495,0.13477198779582977,0.22995924949645996,0.3260267674922943,0.42708927392959595,0.3662742078304291,0.3601790964603424,0.35391610860824585,0.35608264803886414
51,1860,0.21914111077785492,0.00020824636158067733,0.47296142578125,0.28033447265625,0.1514892578125,0.09521484375,4,690,621,547,493,0.13579031825065613,0.23101937770843506,0.326285183429718,0.4277288317680359,0.36786502599716187,0.3615918755531311,0.35463500022888184,0.3569464683532715
51,1880,0.21851448714733124,0.00020824636158067733,0.47784423828125,0.27337646484375,0.1519775390625,0.0968017578125,4,691,622,547,495,0.1351759433746338,0.22998708486557007,0.3258761167526245,0.42894402146339417,0.36703962087631226,0.360385537147522,0.3543805778026581,0.3588852286338806
51,1900,0.2190677672624588,0.00020824636158067733,0.47442626953125,0.27618408203125,0.15374755859375,0.09564208984375,4,693,626,557,490,0.13558870553970337,0.23037020862102509,0.3271227478981018,0.4268205761909485,0.36739352345466614,0.360687792301178,0.3558221757411957,0.3557102680206299
51,1920,0.2184380739927292,0.00020824636158067733,0.4755859375,0.27618408203125,0.15338134765625,0.0948486328125,4,687,622,556,488,0.13565316796302795,0.22960792481899261,0.325540691614151,0.42781221866607666,0.3673337399959564,0.35987648367881775,0.3536664843559265,0.3568072021007538
51,1940,0.21901242434978485,0.00020824636158067733,0.4765625,0.27435302734375,0.15423583984375,0.0948486328125,4,694,619,557,485,0.13609786331653595,0.2300039827823639,0.3274260461330414,0.4275249242782593,0.36826077103614807,0.36037713289260864,0.35637927055358887,0.3564330041408539
51,1960,0.21791915595531464,0.00020824636158067733,0.476806640625,0.274658203125,0.15338134765625,0.09515380859375,4,691,619,557,487,0.13478434085845947,0.22880539298057556,0.3267727196216583,0.42761242389678955,0.36617910861968994,0.35878267884254456,0.35551464557647705,0.35671868920326233
51,1980,0.21732284128665924,0.00020824636158067733,0.47821044921875,0.27398681640625,0.15032958984375,0.09747314453125,4,690,622,547,486,0.1342596858739853,0.2285662591457367,0.3249359726905823,0.4272644817829132,0.3656347095966339,0.35847294330596924,0.35206836462020874,0.3564152121543884
51,2000,0.21808503568172455,0.00020824636158067733,0.47882080078125,0.27294921875,0.15283203125,0.09539794921875,4,690,623,556,487,0.1354513317346573,0.22922556102275848,0.32614317536354065,0.4278501868247986,0.36749789118766785,0.3593606650829315,0.3546445369720459,0.3570178151130676
