seed,epoch,mean_f,best_f,p_left,p_right,occupied_basins,unique_left,unique_right,mean_f_left,mean_f_right,spread_left,spread_right
42,0,0.7616021633148193,0.00020824636158067733,0.49444580078125,0.50555419921875,2,1327,1137,0.7463897466659546,0.7764802575111389,0.7188590168952942,0.6498392224311829
42,20,0.5859233140945435,0.00020824636158067733,0.55010986328125,0.44989013671875,2,1316,1088,0.5297754406929016,0.6545788645744324,0.6542064547538757,0.5990242958068848
42,40,0.45018038153648376,0.00020824636158067733,0.60980224609375,0.39019775390625,2,1279,987,0.3911904990673065,0.5423698425292969,0.5914487838745117,0.5462687015533447
42,60,0.36443039774894714,0.00020824636158067733,0.63751220703125,0.36248779296875,2,1214,902,0.3070796728134155,0.4652939736843109,0.5405195355415344,0.4981910288333893
42,80,0.3225903809070587,0.00020824636158067733,0.64111328125,0.35888671875,2,1146,868,0.2630654275417328,0.42892542481422424,0.506060779094696,0.46918103098869324
42,100,0.29946866631507874,0.00020824636158067733,0.6514892578125,0.3485107421875,2,1110,841,0.24024678766727448,0.4101752042770386,0.4848652482032776,0.4496992230415344
42,120,0.2880220115184784,0.00020824636158067733,0.6484375,0.3515625,2,1078,842,0.22702285647392273,0.4005315899848938,0.4713175594806671,0.4385649263858795
42,140,0.2793707251548767,0.00020824636158067733,0.65228271484375,0.34771728515625,2,1054,827,0.21840175986289978,0.3937423825263977,0.4615704119205475,0.42955923080444336
42,160,0.27282339334487915,0.00020824636158067733,0.65350341796875,0.34649658203125,2,1044,811,0.2120181769132614,0.387503981590271,0.45418429374694824,0.4225476086139679
42,180,0.26961249113082886,0.00020824636158067733,0.65350341796875,0.34649658203125,2,1025,803,0.20781204104423523,0.38617005944252014,0.44997337460517883,0.421381413936615
42,200,0.26847249269485474,0.00020824636158067733,0.65423583984375,0.34576416015625,2,1024,805,0.20669588446617126,0.38536277413368225,0.4485730528831482,0.42047318816185
42,220,0.2673789858818054,0.00020824636158067733,0.65423583984375,0.34576416015625,2,1022,808,0.20558173954486847,0.3843083679676056,0.4467710256576538,0.41975733637809753
42,240,0.2648317813873291,0.00020824636158067733,0.65924072265625,0.34075927734375,2,1025,807,0.20355121791362762,0.38338661193847656,0.4448118209838867,0.4194272458553314
42,260,0.2649024426937103,0.00020824636158067733,0.6583251953125,0.3416748046875,2,1015,808,0.202820286154747,0.3845197856426239,0.4440264403820038,0.4209307134151459
42,280,0.2656360864639282,0.00020824636158067733,0.65997314453125,0.34002685546875,2,1026,819,0.2031932771205902,0.3868340849876404,0.4446191191673279,0.42395633459091187
42,300,0.26475757360458374,0.00020824636158067733,0.6636962890625,0.3363037109375,2,1028,814,0.20260575413703918,0.38741442561149597,0.44408321380615234,0.42454639077186584
42,320,0.26433882117271423,0.00020824636158067733,0.6640625,0.3359375,2,1029,809,0.20254750549793243,0.3864845037460327,0.4439322352409363,0.4237135350704193
42,340,0.26486629247665405,0.00020824636158067733,0.66741943359375,0.33258056640625,2,1032,811,0.2029554694890976,0.38910824060440063,0.444392591714859,0.426423579454422
42,360,0.26370272040367126,0.00020824636158067733,0.66888427734375,0.33111572265625,2,1030,813,0.20280174911022186,0.3867282569408417,0.44408175349235535,0.4234648644924164
42,380,0.26185986399650574,0.00020824636158067733,0.673583984375,0.326416015625,2,1033,808,0.20161785185337067,0.386173814535141,0.442691445350647,0.4227803349494934
42,400,0.2631406784057617,0.00020824636158067733,0.66839599609375,0.33160400390625,2,1034,811,0.20136334002017975,0.387661874294281,0.44243234395980835,0.4252451956272125
42,420,0.2624370753765106,0.00020824636158067733,0.6695556640625,0.3304443359375,2,1024,815,0.20019219815731049,0.3885594606399536,0.44135916233062744,0.4267489016056061
42,440,0.2587610185146332,0.00020824636158067733,0.67620849609375,0.32379150390625,2,1025,807,0.19761104881763458,0.3864670693874359,0.4385835528373718,0.4228843152523041
42,460,0.25851285457611084,0.00020824636158067733,0.673828125,0.326171875,2,1030,808,0.1966867595911026,0.38623741269111633,0.4373323321342468,0.4235091209411621
42,480,0.2586800456047058,0.00020824636158067733,0.67620849609375,0.32379150390625,2,1034,806,0.197185680270195,0.38710522651672363,0.4380798041820526,0.4242042899131775
42,500,0.2583043873310089,0.00020824636158067733,0.67462158203125,0.32537841796875,2,1015,816,0.1963951587677002,0.3866635262966156,0.4368639588356018,0.42405182123184204
42,520,0.25608739256858826,0.00020824636158067733,0.68267822265625,0.31732177734375,2,1023,806,0.1951357126235962,0.387217253446579,0.436226487159729,0.42482584714889526
42,540,0.25611650943756104,0.00020824636158067733,0.67889404296875,0.32110595703125,2,1018,806,0.19475971162319183,0.3858392536640167,0.43520835041999817,0.42286381125450134
42,560,0.2558361291885376,0.00020824636158067733,0.6793212890625,0.3206787109375,2,1014,806,0.19464419782161713,0.38546431064605713,0.4352250099182129,0.42344430088996887
42,580,0.25442782044410706,0.00020824636158067733,0.688232421875,0.311767578125,2,1012,810,0.19463472068309784,0.3864220678806305,0.4351901412010193,0.4230525493621826
42,600,0.2553994655609131,0.00020824636158067733,0.68133544921875,0.31866455078125,2,1009,810,0.19445478916168213,0.38570505380630493,0.4346862733364105,0.423080712556839
42,620,0.2540384531021118,0.00020824636158067733,0.68414306640625,0.31585693359375,2,1011,803,0.19414927065372467,0.3837578296661377,0.4344893991947174,0.4211888313293457
42,640,0.2536143362522125,0.00020824636158067733,0.6837158203125,0.3162841796875,2,1003,801,0.19347526133060455,0.3836177587509155,0.43386489152908325,0.4208768308162689
42,660,0.2532067894935608,0.00020824636158067733,0.68450927734375,0.31549072265625,2,1008,801,0.19346648454666138,0.3828233480453491,0.43370553851127625,0.42018139362335205
42,680,0.25265562534332275,0.00020824636158067733,0.68341064453125,0.31658935546875,2,1007,803,0.1920849233865738,0.3834075629711151,0.4325481355190277,0.4212687313556671
42,700,0.2525891661643982,0.00020824636158067733,0.683349609375,0.316650390625,2,1003,800,0.19210177659988403,0.3831245005130768,0.4324537217617035,0.42078888416290283
42,720,0.2527059316635132,0.00020824636158067733,0.68511962890625,0.31488037109375,2,1004,797,0.19298908114433289,0.3826383650302887,0.4333508014678955,0.420092910528183
42,740,0.25183403491973877,0.00020824636158067733,0.684814453125,0.315185546875,2,1008,803,0.19139885902404785,0.3831435739994049,0.43187248706817627,0.4207359850406647
42,760,0.25191521644592285,0.00020824636158067733,0.68414306640625,0.31585693359375,2,1008,804,0.19154946506023407,0.38266685605049133,0.43149393796920776,0.42034706473350525
42,780,0.2525726854801178,0.00020824636158067733,0.68255615234375,0.31744384765625,2,1004,797,0.19189982116222382,0.3830292522907257,0.43191978335380554,0.4211287796497345
42,800,0.2514509856700897,0.00020824636158067733,0.682373046875,0.317626953125,2,1004,798,0.19082751870155334,0.38169121742248535,0.43097707629203796,0.41986721754074097
42,820,0.25199592113494873,0.00020824636158067733,0.68206787109375,0.31793212890625,2,1003,800,0.19111818075180054,0.3825984597206116,0.43087631464004517,0.42048701643943787
42,840,0.25100380182266235,0.00020824636158067733,0.6820068359375,0.3179931640625,2,998,796,0.19038651883602142,0.3810110092163086,0.4302705228328705,0.41905590891838074
42,860,0.25120866298675537,0.00020824636158067733,0.681884765625,0.318115234375,2,998,795,0.19032765924930573,0.3817079961299896,0.4302027225494385,0.4199799597263336
42,880,0.2511860728263855,0.00020824636158067733,0.68328857421875,0.31671142578125,2,997,798,0.19035930931568146,0.38241663575172424,0.4302110970020294,0.4204520881175995
42,900,0.25168246030807495,0.00020824636158067733,0.68341064453125,0.31658935546875,2,1004,795,0.19083666801452637,0.3830282688140869,0.43043726682662964,0.4206071197986603
42,920,0.2504149377346039,0.00020824636158067733,0.68310546875,0.31689453125,2,999,796,0.18938089907169342,0.38198134303092957,0.4291108548641205,0.4200439155101776
42,940,0.24991415441036224,0.00020824636158067733,0.68365478515625,0.31634521484375,2,1000,800,0.18938788771629333,0.3807176351547241,0.42917340993881226,0.41867661476135254
42,960,0.25072965025901794,0.00020824636158067733,0.68182373046875,0.31817626953125,2,1000,797,0.18938441574573517,0.38218703866004944,0.4289608299732208,0.42006516456604004
42,980,0.2514186501502991,0.00020824636158067733,0.6807861328125,0.3192138671875,2,998,802,0.19007182121276855,0.38225269317626953,0.42983129620552063,0.4201109707355499
42,1000,0.2505379915237427,0.00020824636158067733,0.68145751953125,0.31854248046875,2,995,801,0.1887049376964569,0.3828173577785492,0.4285579025745392,0.42086824774742126
42,1020,0.2502075731754303,0.00020824636158067733,0.68206787109375,0.31793212890625,2,1001,803,0.18879203498363495,0.38196393847465515,0.42858201265335083,0.4198915958404541
42,1040,0.2501198947429657,0.00020824636158067733,0.6817626953125,0.3182373046875,2,999,803,0.18859684467315674,0.38192129135131836,0.42853009700775146,0.4199584126472473
42,1060,0.25017282366752625,0.00020824636158067733,0.68048095703125,0.31951904296875,2,995,797,0.18800783157348633,0.38256582617759705,0.42763811349868774,0.42060181498527527
42,1080,0.24965111911296844,0.00020824636158067733,0.682373046875,0.317626953125,2,998,797,0.18822547793388367,0.3816148638725281,0.4277156889438629,0.41945669054985046
42,1100,0.2506238520145416,0.00020824636158067733,0.68060302734375,0.31939697265625,2,1002,800,0.18868650496006012,0.3826061189174652,0.4283580183982849,0.4206547439098358
42,1120,0.24950818717479706,0.00020824636158067733,0.68157958984375,0.31842041015625,2,1000,799,0.1882854551076889,0.3805556297302246,0.42778652906417847,0.4189445972442627
42,1140,0.25014710426330566,0.00020824636158067733,0.68023681640625,0.31976318359375,2,1000,800,0.18784762918949127,0.38267770409584045,0.42743876576423645,0.420298308134079
42,1160,0.24930937588214874,0.00020824636158067733,0.682861328125,0.317138671875,2,996,800,0.1878618448972702,0.381617933511734,0.42769530415534973,0.4194452464580536
42,1180,0.24935273826122284,0.00020824636158067733,0.6826171875,0.3173828125,2,999,803,0.18709783256053925,0.3832486569881439,0.4266406297683716,0.42042481899261475
42,1200,0.24909892678260803,0.00020824636158067733,0.683837890625,0.316162109375,2,997,799,0.18773691356182098,0.3818209767341614,0.4272715747356415,0.41965898871421814
42,1220,0.24880486726760864,0.00020824636158067733,0.6810302734375,0.3189697265625,2,992,796,0.18741963803768158,0.37986820936203003,0.42707350850105286,0.41812920570373535
42,1240,0.2498154640197754,0.00020824636158067733,0.6805419921875,0.3194580078125,2,1003,799,0.18830257654190063,0.380856454372406,0.42781245708465576,0.41867032647132874
42,1260,0.24901074171066284,0.00020824636158067733,0.680908203125,0.319091796875,2,991,802,0.18750612437725067,0.3802551329135895,0.42727163434028625,0.4185653030872345
42,1280,0.24925708770751953,0.00020824636158067733,0.6820068359375,0.3179931640625,2,1008,804,0.18767985701560974,0.38132309913635254,0.427339643239975,0.41894611716270447
42,1300,0.24917146563529968,0.00020824636158067733,0.6826171875,0.3173828125,2,1001,803,0.18758635222911835,0.3816267251968384,0.42674851417541504,0.4189966022968292
42,1320,0.24919500946998596,0.00020824636158067733,0.68115234375,0.31884765625,2,1007,805,0.18748855590820312,0.3810180723667145,0.4268798828125,0.41896721720695496
42,1340,0.24883407354354858,0.00020824636158067733,0.6796875,0.3203125,2,1000,802,0.1868012547492981,0.38046470284461975,0.4266514182090759,0.41871845722198486
42,1360,0.2487788200378418,0.00020824636158067733,0.68115234375,0.31884765625,2,1004,798,0.1877194195985794,0.37921959161758423,0.4273907542228699,0.4171127676963806
42,1380,0.24859771132469177,0.00020824636158067733,0.68182373046875,0.31817626953125,2,1004,800,0.1867218315601349,0.3811922073364258,0.42614495754241943,0.4185199737548828
42,1400,0.24858969449996948,0.00020824636158067733,0.68096923828125,0.31903076171875,2,1008,804,0.1866891235113144,0.38071608543395996,0.4262787103652954,0.4184795916080475
42,1420,0.2483273446559906,0.00020824636158067733,0.68218994140625,0.31781005859375,2,999,802,0.1866452842950821,0.380730003118515,0.42623454332351685,0.4181700348854065
42,1440,0.24841023981571198,0.00020824636158067733,0.6812744140625,0.3187255859375,2,1000,799,0.18667523562908173,0.38036856055259705,0.42634472250938416,0.41819870471954346
42,1460,0.24876542389392853,0.00020824636158067733,0.68121337890625,0.31878662109375,2,1005,801,0.18767701089382172,0.3793048858642578,0.42703285813331604,0.4169517457485199
42,1480,0.24888770282268524,0.00020824636158067733,0.67999267578125,0.32000732421875,2,997,795,0.18704530596733093,0.38029834628105164,0.42635583877563477,0.4179833233356476
42,1500,0.2485286146402359,0.00020824636158067733,0.68182373046875,0.31817626953125,2,1001,799,0.18738287687301636,0.3795585036277771,0.42689311504364014,0.41739943623542786
42,1520,0.24872076511383057,0.00020824636158067733,0.6810302734375,0.3189697265625,2,996,799,0.18686054646968842,0.3807980716228485,0.426385760307312,0.41830307245254517
42,1540,0.2483033537864685,0.00020824636158067733,0.68096923828125,0.31903076171875,2,994,798,0.18670129776000977,0.37979257106781006,0.4265258312225342,0.41755178570747375
42,1560,0.248766228556633,0.00020824636158067733,0.679443359375,0.320556640625,2,1000,800,0.18714958429336548,0.3793672025203705,0.4267673194408417,0.417437344789505
42,1580,0.24834075570106506,0.00020824636158067733,0.679931640625,0.320068359375,2,997,803,0.18721748888492584,0.3781869411468506,0.42668575048446655,0.41606518626213074
42,1600,0.2485608160495758,0.00020824636158067733,0.68072509765625,0.31927490234375,2,999,796,0.18706050515174866,0.37968549132347107,0.42657262086868286,0.4176282286643982
42,1620,0.248290553689003,0.00020824636158067733,0.681396484375,0.318603515625,2,996,792,0.1869790107011795,0.37941741943359375,0.426695317029953,0.41700106859207153
42,1640,0.2476089596748352,0.00020824636158067733,0.68218994140625,0.31781005859375,2,999,796,0.18644921481609344,0.37889039516448975,0.4259851574897766,0.41658687591552734
42,1660,0.24767747521400452,0.00020824636158067733,0.68182373046875,0.31817626953125,2,1001,795,0.18640799820423126,0.37897253036499023,0.42587119340896606,0.4164136052131653
42,1680,0.24786445498466492,0.00020824636158067733,0.68267822265625,0.31732177734375,2,999,792,0.1868308186531067,0.379170686006546,0.42654818296432495,0.4164539873600006
42,1700,0.24759267270565033,0.00020824636158067733,0.6826171875,0.3173828125,2,1002,796,0.18652300536632538,0.3789393901824951,0.42615050077438354,0.4164789617061615
42,1720,0.24799996614456177,0.00020824636158067733,0.68170166015625,0.31829833984375,2,997,791,0.18657952547073364,0.3795444965362549,0.4260942041873932,0.4171268045902252
42,1740,0.247885063290596,0.00020824636158067733,0.681640625,0.318359375,2,1001,789,0.18607516586780548,0.3802265226840973,0.4256865978240967,0.41766247153282166
42,1760,0.2482859343290329,0.00020824636158067733,0.68194580078125,0.31805419921875,2,1000,797,0.18691404163837433,0.37987446784973145,0.42653486132621765,0.41716599464416504
42,1780,0.24875962734222412,0.00020824636158067733,0.67987060546875,0.32012939453125,2,999,799,0.18681278824806213,0.38031846284866333,0.42621996998786926,0.41791805624961853
42,1800,0.24769383668899536,0.00020824636158067733,0.6826171875,0.3173828125,2,995,793,0.18653589487075806,0.37923043966293335,0.42585936188697815,0.4165644347667694
42,1820,0.2476043403148651,0.00020824636158067733,0.68133544921875,0.31866455078125,2,995,801,0.18667644262313843,0.37787410616874695,0.426076740026474,0.4153447449207306
42,1840,0.24747386574745178,0.00020824636158067733,0.6822509765625,0.3177490234375,2,993,801,0.18613332509994507,0.3791804313659668,0.4255862534046173,0.4161410927772522
42,1860,0.24802656471729279,0.00020824636158067733,0.68145751953125,0.31854248046875,2,995,796,0.18696735799312592,0.3786505460739136,0.42632436752319336,0.41555505990982056
42,1880,0.2490658462047577,0.00020824636158067733,0.68170166015625,0.31829833984375,2,1011,797,0.18844366073608398,0.37890082597732544,0.42801326513290405,0.41594791412353516
42,1900,0.24763420224189758,0.00020824636158067733,0.68231201171875,0.31768798828125,2,998,795,0.18687017261981964,0.3781397044658661,0.42628371715545654,0.415146142244339
42,1920,0.24762549996376038,0.00020824636158067733,0.68310546875,0.31689453125,2,995,799,0.18678762018680573,0.3787690997123718,0.4262445569038391,0.41594696044921875
42,1940,0.24727098643779755,0.00020824636158067733,0.6824951171875,0.3175048828125,2,992,803,0.186459481716156,0.3779888451099396,0.426064133644104,0.41484346985816956
42,1960,0.2478797733783722,0.00020824636158067733,0.680419921875,0.319580078125,2,993,801,0.1865314543247223,0.378496915102005,0.4258623719215393,0.4159567356109619
42,1980,0.24673542380332947,0.00020824636158067733,0.68255615234375,0.31744384765625,2,994,800,0.1859583705663681,0.3774160146713257,0.42558932304382324,0.41426023840904236
42,2000,0.24676798284053802,0.00020824636158067733,0.68212890625,0.31787109375,2,989,802,0.18623210489749908,0.37667372822761536,0.425821989774704,0.41397058963775635
43,0,0.6960572004318237,0.00020824636158067733,0.4755859375,0.5244140625,2,1331,1142,0.6155489683151245,0.7690693140029907,0.7225677967071533,0.6648993492126465
43,20,0.5216532945632935,0.00020824636158067733,0.5443115234375,0.4556884765625,2,1302,1094,0.4451292157173157,0.6130599975585938,0.6450989842414856,0.5952621102333069
43,40,0.39989936351776123,0.00020824636158067733,0.6065673828125,0.3934326171875,2,1244,991,0.3344222903251648,0.5008473992347717,0.5735587477684021,0.528127908706665
43,60,0.33945563435554504,0.00020824636158067733,0.63604736328125,0.36395263671875,2,1196,900,0.2803528904914856,0.4427441656589508,0.5278266668319702,0.4839729368686676
43,80,0.31290727853775024,0.00020824636158067733,0.64947509765625,0.35052490234375,2,1157,857,0.25659623742103577,0.4172440767288208,0.5039982199668884,0.4599874019622803
43,100,0.29872605204582214,0.00020824636158067733,0.65728759765625,0.34271240234375,2,1126,830,0.24305136501789093,0.40550440549850464,0.48916423320770264,0.44584551453590393
43,120,0.28687429428100586,0.00020824636158067733,0.655517578125,0.344482421875,2,1085,819,0.22939927875995636,0.3962438106536865,0.47475963830947876,0.43430083990097046
43,140,0.2794371247291565,0.00020824636158067733,0.65283203125,0.34716796875,2,1063,806,0.22105473279953003,0.38922229409217834,0.46539270877838135,0.4261828660964966
43,160,0.2754521369934082,0.00020824636158067733,0.65484619140625,0.34515380859375,2,1053,796,0.21740292012691498,0.3855866491794586,0.46087560057640076,0.42129525542259216
43,180,0.27338165044784546,0.00020824636158067733,0.64996337890625,0.35003662109375,2,1050,804,0.2147667109966278,0.38222047686576843,0.45700445771217346,0.4177916646003723
43,200,0.26933571696281433,0.00020824636158067733,0.65625,0.34375,2,1033,796,0.2112133800983429,0.38029658794403076,0.45339512825012207,0.41580021381378174
43,220,0.26775649189949036,0.00020824636158067733,0.6578369140625,0.3421630859375,2,1028,788,0.20965395867824554,0.37946343421936035,0.45112723112106323,0.41462233662605286
43,240,0.2659960985183716,0.00020824636158067733,0.65948486328125,0.34051513671875,2,1025,790,0.20778022706508636,0.3787442445755005,0.44915327429771423,0.413499653339386
43,260,0.2663147747516632,0.00020824636158067733,0.65728759765625,0.34271240234375,2,1025,792,0.20719794929027557,0.3796948790550232,0.44835183024406433,0.41481849551200867
43,280,0.264950156211853,0.00020824636158067733,0.65850830078125,0.34149169921875,2,1018,791,0.20649273693561554,0.37767529487609863,0.4477669298648834,0.41415244340896606
43,300,0.2654096186161041,0.00020824636158067733,0.6612548828125,0.3387451171875,2,1022,792,0.20694638788700104,0.3795340657234192,0.4486487805843353,0.4156571924686432
43,320,0.2661142349243164,0.00020824636158067733,0.6610107421875,0.3389892578125,2,1027,794,0.20776374638080597,0.379894495010376,0.44923320412635803,0.41663438081741333
43,340,0.264870285987854,0.00020824636158067733,0.66339111328125,0.33660888671875,2,1017,776,0.2069069892168045,0.37910470366477966,0.44785335659980774,0.4158309996128082
43,360,0.2645333707332611,0.00020824636158067733,0.66204833984375,0.33795166015625,2,1019,784,0.2062567174434662,0.3786975145339966,0.44645431637763977,0.4154616594314575
43,380,0.2631710171699524,0.00020824636158067733,0.66937255859375,0.33062744140625,2,1026,781,0.20524239540100098,0.3804505169391632,0.44683516025543213,0.417097806930542
43,400,0.26417797803878784,0.00020824636158067733,0.66497802734375,0.33502197265625,2,1025,784,0.20663607120513916,0.3783917725086212,0.4468264579772949,0.4153374433517456
43,420,0.2626875638961792,0.00020824636158067733,0.66827392578125,0.33172607421875,2,1024,781,0.20591580867767334,0.37705618143081665,0.4467468857765198,0.41460028290748596
43,440,0.2621721923351288,0.00020824636158067733,0.674072265625,0.325927734375,2,1025,781,0.2063555121421814,0.37761032581329346,0.4472774863243103,0.41478726267814636
43,460,0.2629126310348511,0.00020824636158067733,0.675537109375,0.324462890625,2,1032,785,0.2072737067937851,0.37875375151634216,0.447460800409317,0.41591429710388184
43,480,0.2616564631462097,0.00020824636158067733,0.6754150390625,0.3245849609375,2,1031,789,0.20622210204601288,0.37700745463371277,0.44679200649261475,0.4145572781562805
43,500,0.26045727729797363,0.00020824636158067733,0.67681884765625,0.32318115234375,2,1038,784,0.20489118993282318,0.3768260180950165,0.44520148634910583,0.41420355439186096
43,520,0.2607114315032959,0.00020824636158067733,0.67822265625,0.32177734375,2,1035,784,0.2057281732559204,0.37660178542137146,0.4457229971885681,0.4138431251049042
43,540,0.25861766934394836,0.00020824636158067733,0.68011474609375,0.31988525390625,2,1032,768,0.20418992638587952,0.37433767318725586,0.4453705847263336,0.4116787910461426
43,560,0.2599664628505707,0.00020824636158067733,0.678466796875,0.321533203125,2,1039,773,0.2061748057603836,0.3734722137451172,0.44613951444625854,0.41070687770843506
43,580,0.25812533497810364,0.00020824636158067733,0.68353271484375,0.31646728515625,2,1037,767,0.20448504388332367,0.37398219108581543,0.4451356530189514,0.41096925735473633
43,600,0.2573206424713135,0.00020824636158067733,0.68511962890625,0.31488037109375,2,1031,777,0.2032032310962677,0.375069797039032,0.44438785314559937,0.4116479754447937
43,620,0.2582230567932129,0.00020824636158067733,0.68511962890625,0.31488037109375,2,1040,777,0.20458628237247467,0.37492644786834717,0.445494681596756,0.41219648718833923
43,640,0.25724178552627563,0.00020824636158067733,0.68438720703125,0.31561279296875,2,1036,771,0.2031010240316391,0.37464258074760437,0.4443565309047699,0.411256343126297
43,660,0.256149023771286,0.00020824636158067733,0.687744140625,0.312255859375,2,1037,768,0.20269766449928284,0.37387576699256897,0.4435487687587738,0.41016408801078796
43,680,0.2563513517379761,0.00020824636158067733,0.68548583984375,0.31451416015625,2,1038,767,0.2020217925310135,0.3747629225254059,0.44296568632125854,0.4110676050186157
43,700,0.25409114360809326,0.00020824636158067733,0.6846923828125,0.3153076171875,2,1031,759,0.19967252016067505,0.37226149439811707,0.4405624270439148,0.40828871726989746
43,720,0.2535463571548462,0.00020824636158067733,0.68280029296875,0.31719970703125,2,1033,761,0.19788150489330292,0.37336984276771545,0.43875715136528015,0.4097136855125427
43,740,0.2539359927177429,0.00020824636158067733,0.68438720703125,0.31561279296875,2,1038,768,0.19859610497951508,0.3739371597766876,0.43951427936553955,0.4102969467639923
43,760,0.2525593638420105,0.00020824636158067733,0.68212890625,0.31787109375,2,1034,764,0.1971222162246704,0.3715236485004425,0.4373837113380432,0.4076909124851227
43,780,0.2530669867992401,0.00020824636158067733,0.68115234375,0.31884765625,2,1028,772,0.1967567801475525,0.37336206436157227,0.4373878836631775,0.4097346067428589
43,800,0.25218337774276733,0.00020824636158067733,0.6832275390625,0.3167724609375,2,1020,771,0.19599021971225739,0.3733830153942108,0.43672823905944824,0.41022661328315735
43,820,0.25212907791137695,0.00020824636158067733,0.68280029296875,0.31719970703125,2,1026,764,0.19612343609333038,0.37268614768981934,0.4366268813610077,0.408871054649353
43,840,0.2522708773612976,0.00020824636158067733,0.679443359375,0.320556640625,2,1022,777,0.19525010883808136,0.3731306195259094,0.43570810556411743,0.409897118806839
43,860,0.25301146507263184,0.00020824636158067733,0.6771240234375,0.3228759765625,2,1022,775,0.19569429755210876,0.37321510910987854,0.4354444742202759,0.4108964204788208
43,880,0.25311559438705444,0.00020824636158067733,0.67547607421875,0.32452392578125,2,1022,779,0.19513176381587982,0.3738052546977997,0.43508094549179077,0.41153937578201294
43,900,0.2522304654121399,0.00020824636158067733,0.6773681640625,0.3226318359375,2,1023,777,0.1949784755706787,0.37243154644966125,0.43503642082214355,0.40964773297309875
43,920,0.2538316547870636,0.00020824636158067733,0.67584228515625,0.32415771484375,2,1025,779,0.1950700730085373,0.3763447403907776,0.43459203839302063,0.4139174222946167
43,940,0.25193190574645996,0.00020824636158067733,0.67694091796875,0.32305908203125,2,1016,782,0.19442042708396912,0.3724418580532074,0.4341077506542206,0.4102250635623932
43,960,0.2517416775226593,0.00020824636158067733,0.67578125,0.32421875,2,1014,782,0.19303607940673828,0.37410399317741394,0.43303731083869934,0.41175371408462524
43,980,0.25200575590133667,0.00020824636158067733,0.67779541015625,0.32220458984375,2,1020,782,0.1942969560623169,0.3734031021595001,0.434059739112854,0.4109148681163788
43,1000,0.2516476511955261,0.00020824636158067733,0.67608642578125,0.32391357421875,2,1017,785,0.19267918169498444,0.37472912669181824,0.4324992299079895,0.4127611815929413
43,1020,0.2523029148578644,0.00020824636158067733,0.6773681640625,0.3226318359375,2,1022,785,0.19412140548229218,0.3744555413722992,0.4337998330593109,0.4117148518562317
43,1040,0.25072014331817627,0.00020824636158067733,0.67767333984375,0.32232666015625,2,1013,781,0.1923993080854416,0.3733362853527069,0.43264248967170715,0.4107571244239807
43,1060,0.2512778639793396,0.00020824636158067733,0.6761474609375,0.3238525390625,2,1008,781,0.19278568029403687,0.37339937686920166,0.4328570067882538,0.4108988344669342
43,1080,0.2511650621891022,0.00020824636158067733,0.67669677734375,0.32330322265625,2,1012,779,0.19236668944358826,0.37423428893089294,0.4321787357330322,0.411264568567276
43,1100,0.25065258145332336,0.00020824636158067733,0.67724609375,0.32275390625,2,1011,778,0.1923520565032959,0.37298670411109924,0.43249624967575073,0.409927636384964
43,1120,0.2520129382610321,0.00020824636158067733,0.67626953125,0.32373046875,2,1018,783,0.19352683424949646,0.37418973445892334,0.43340030312538147,0.4116942584514618
43,1140,0.249654158949852,0.00020824636158067733,0.67657470703125,0.32342529296875,2,1007,775,0.19116008281707764,0.37201812863349915,0.43085145950317383,0.40929970145225525
43,1160,0.25087568163871765,0.00020824636158067733,0.67449951171875,0.32550048828125,2,1016,780,0.19199007749557495,0.37289801239967346,0.4316825568675995,0.4099438488483429
43,1180,0.24986952543258667,0.00020824636158067733,0.6773681640625,0.3226318359375,2,1009,778,0.19168317317962646,0.37203219532966614,0.43165385723114014,0.40948596596717834
43,1200,0.24981459975242615,0.00020824636158067733,0.67694091796875,0.32305908203125,2,1008,780,0.191148579120636,0.3727438747882843,0.430889368057251,0.40970271825790405
43,1220,0.2515164911746979,0.00020824636158067733,0.6759033203125,0.3240966796875,2,1013,790,0.19246520102024078,0.3746678829193115,0.4317987859249115,0.41177624464035034
43,1240,0.25024834275245667,0.00020824636158067733,0.6763916015625,0.3236083984375,2,999,788,0.1910078525543213,0.3740701377391815,0.43066543340682983,0.41131532192230225
43,1260,0.25032341480255127,0.00020824636158067733,0.67681884765625,0.32318115234375,2,1010,787,0.1916431039571762,0.37321406602859497,0.43129462003707886,0.41017037630081177
43,1280,0.25028398633003235,0.00020824636158067733,0.6754150390625,0.3245849609375,2,1011,787,0.19106605648994446,0.3735080659389496,0.4308253526687622,0.41117915511131287
43,1300,0.2502673864364624,0.00020824636158067733,0.67706298828125,0.32293701171875,2,1010,786,0.191484272480011,0.37351080775260925,0.4308742880821228,0.41058120131492615
43,1320,0.2503241300582886,0.00020824636158067733,0.67950439453125,0.32049560546875,2,1009,786,0.19178205728530884,0.37444326281547546,0.4314121603965759,0.4114252030849457
43,1340,0.24972368776798248,0.00020824636158067733,0.67950439453125,0.32049560546875,2,999,788,0.19102831184864044,0.37416771054267883,0.4310392737388611,0.4110800623893738
43,1360,0.24955566227436066,0.00020824636158067733,0.6805419921875,0.3194580078125,2,1003,787,0.19121700525283813,0.37383460998535156,0.4311917722225189,0.4105433225631714
43,1380,0.2501140534877777,0.00020824636158067733,0.67633056640625,0.32366943359375,2,1000,787,0.19109778106212616,0.3734327554702759,0.43087100982666016,0.41080600023269653
43,1400,0.24965637922286987,0.00020824636158067733,0.67864990234375,0.32135009765625,2,1008,789,0.19124960899353027,0.37300390005111694,0.43120861053466797,0.4097989797592163
43,1420,0.24946311116218567,0.00020824636158067733,0.67523193359375,0.32476806640625,2,999,788,0.19037224352359772,0.37232017517089844,0.42986759543418884,0.409647136926651
43,1440,0.2501162886619568,0.00020824636158067733,0.6776123046875,0.3223876953125,2,1003,790,0.1913972795009613,0.37353515625,0.430803507566452,0.41070157289505005
43,1460,0.2495107799768448,0.00020824636158067733,0.6771240234375,0.3228759765625,2,1000,788,0.1906808316707611,0.37288692593574524,0.4301488995552063,0.4100859761238098
43,1480,0.24982747435569763,0.00020824636158067733,0.67840576171875,0.32159423828125,2,1004,793,0.19113019108772278,0.373649924993515,0.43078160285949707,0.4106028974056244
43,1500,0.2488628625869751,0.00020824636158067733,0.6778564453125,0.3221435546875,2,1001,788,0.1902354508638382,0.3722270429134369,0.4296097457408905,0.4091220498085022
43,1520,0.24950948357582092,0.00020824636158067733,0.67828369140625,0.32171630859375,2,1002,799,0.19058850407600403,0.3737342357635498,0.43033936619758606,0.4107826054096222
43,1540,0.2498074173927307,0.00020824636158067733,0.679931640625,0.320068359375,2,1009,792,0.19129864871501923,0.3740995228290558,0.4309030771255493,0.4106828570365906
43,1560,0.2504240870475769,0.00020824636158067733,0.6787109375,0.3212890625,2,1008,795,0.19160382449626923,0.3746796250343323,0.43118441104888916,0.4112400412559509
43,1580,0.24941086769104004,0.00020824636158067733,0.67877197265625,0.32122802734375,2,1005,798,0.19037726521492004,0.3741520047187805,0.4299549460411072,0.4108576774597168
43,1600,0.24948108196258545,0.00020824636158067733,0.67633056640625,0.32366943359375,2,999,795,0.19045881927013397,0.3728123605251312,0.4298951029777527,0.4098719656467438
43,1620,0.24963998794555664,0.00020824636158067733,0.679931640625,0.320068359375,2,1015,792,0.19085180759429932,0.3745257258415222,0.4309028089046478,0.4113354980945587
43,1640,0.250217467546463,0.00020824636158067733,0.6766357421875,0.3233642578125,2,1011,791,0.19108793139457703,0.37394529581069946,0.43065446615219116,0.4108164310455322
43,1660,0.24857792258262634,0.00020824636158067733,0.67822265625,0.32177734375,2,1007,789,0.18972061574459076,0.3726337254047394,0.42960429191589355,0.4096781611442566
43,1680,0.2497311532497406,0.00020824636158067733,0.67889404296875,0.32110595703125,2,1011,792,0.19080376625061035,0.37431755661964417,0.4303724467754364,0.41092655062675476
43,1700,0.24994267523288727,0.00020824636158067733,0.67669677734375,0.32330322265625,2,1013,793,0.1908869594335556,0.37355053424835205,0.4302520453929901,0.4103497266769409
43,1720,0.2494124174118042,0.00020824636158067733,0.67816162109375,0.32183837890625,2,1008,795,0.19048205018043518,0.3735875189304352,0.4300656020641327,0.41033491492271423
43,1740,0.24858170747756958,0.00020824636158067733,0.6790771484375,0.3209228515625,2,1000,792,0.18944667279720306,0.3737122118473053,0.4289727210998535,0.4105583727359772
43,1760,0.2496531903743744,0.00020824636158067733,0.6766357421875,0.3233642578125,2,1002,797,0.18982689082622528,0.3748389780521393,0.42906397581100464,0.4118608832359314
43,1780,0.24923613667488098,0.00020824636158067733,0.67919921875,0.32080078125,2,1010,793,0.19043989479541779,0.3737194836139679,0.4299437403678894,0.4105929136276245
43,1800,0.249749094247818,0.00020824636158067733,0.676513671875,0.323486328125,2,1008,793,0.19080215692520142,0.3730260133743286,0.43014127016067505,0.4096206724643707
43,1820,0.24855934083461761,0.00020824636158067733,0.67950439453125,0.32049560546875,2,1010,790,0.18964801728725433,0.3734613060951233,0.42949527502059937,0.41025322675704956
43,1840,0.24744495749473572,0.00020824636158067733,0.68060302734375,0.31939697265625,2,1000,791,0.18948712944984436,0.37094736099243164,0.4297536015510559,0.40708985924720764
43,1860,0.2490115761756897,0.00020824636158067733,0.68017578125,0.31982421875,2,1006,793,0.18988953530788422,0.37474748492240906,0.42949536442756653,0.41165614128112793
43,1880,0.24907539784908295,0.00020824636158067733,0.67767333984375,0.32232666015625,2,1005,788,0.19021731615066528,0.3728211224079132,0.42899829149246216,0.40986087918281555
43,1900,0.24889065325260162,0.00020824636158067733,0.68377685546875,0.31622314453125,2,1011,791,0.19051016867160797,0.3751281201839447,0.4305252134799957,0.4117751121520996
43,1920,0.24911992251873016,0.00020824636158067733,0.678466796875,0.321533203125,2,1008,791,0.19013480842113495,0.3735843300819397,0.4293421804904938,0.4103753864765167
43,1940,0.24906066060066223,0.00020824636158067733,0.6778564453125,0.3221435546875,2,1005,796,0.1899576485157013,0.37342551350593567,0.42941004037857056,0.4101027250289917
43,1960,0.2494155317544937,0.00020824636158067733,0.6788330078125,0.3211669921875,2,1004,800,0.19019891321659088,0.37457844614982605,0.4297473430633545,0.41094017028808594
43,1980,0.24850496649742126,0.00020824636158067733,0.6785888671875,0.3214111328125,2,1004,794,0.18940617144107819,0.37327906489372253,0.4288305342197418,0.41001710295677185
43,2000,0.24858799576759338,0.00020824636158067733,0.6781005859375,0.3218994140625,2,1008,792,0.18945612013339996,0.37315282225608826,0.4288997948169708,0.41043993830680847
44,0,0.7800021767616272,0.00020824636158067733,0.47039794921875,0.52960205078125,2,1321,1144,0.6747490763664246,0.8734890818595886,0.691622793674469,0.6733536124229431
44,20,0.551237165927887,0.00020824636158067733,0.55218505859375,0.44781494140625,2,1294,1089,0.47100359201431274,0.6501703262329102,0.6221808791160583,0.589550256729126
44,40,0.39682602882385254,0.00020824636158067733,0.61383056640625,0.38616943359375,2,1224,968,0.3286682963371277,0.5051652789115906,0.5505815744400024,0.5157548189163208
44,60,0.321147620677948,0.00020824636158067733,0.63690185546875,0.36309814453125,2,1134,862,0.2602247893810272,0.42801088094711304,0.5015830397605896,0.4626657962799072
44,80,0.2929684817790985,0.00020824636158067733,0.6405029296875,0.3594970703125,2,1085,826,0.233503058552742,0.3989159166812897,0.477505087852478,0.4367152452468872
44,100,0.2821137011051178,0.00020824636158067733,0.64544677734375,0.35455322265625,2,1058,815,0.22308288514614105,0.3895763158798218,0.46708911657333374,0.42510107159614563
44,120,0.27814188599586487,0.00020824636158067733,0.6409912109375,0.3590087890625,2,1039,810,0.21778604388237,0.3859039843082428,0.46081146597862244,0.42110475897789
44,140,0.274292528629303,0.00020824636158067733,0.64422607421875,0.35577392578125,2,1035,809,0.21305632591247559,0.38517752289772034,0.456109881401062,0.4193224608898163
44,160,0.2721160054206848,0.00020824636158067733,0.64715576171875,0.35284423828125,2,1031,818,0.21015697717666626,0.38575583696365356,0.4531920254230499,0.4198501408100128
44,180,0.27107226848602295,0.00020824636158067733,0.64593505859375,0.35406494140625,2,1026,814,0.20865046977996826,0.3849508464336395,0.45112088322639465,0.4190516769886017
44,200,0.2705347537994385,0.00020824636158067733,0.64739990234375,0.35260009765625,2,1020,817,0.20758359134197235,0.38611772656440735,0.45008203387260437,0.4196419417858124
44,220,0.26820704340934753,0.00020824636158067733,0.6507568359375,0.3492431640625,2,1014,820,0.20574577152729034,0.38459324836730957,0.448365181684494,0.4179342985153198
44,240,0.2694677412509918,0.00020824636158067733,0.64666748046875,0.35333251953125,2,1014,818,0.20604899525642395,0.3855363726615906,0.4485824406147003,0.4201751947402954
44,260,0.26840028166770935,0.00020824636158067733,0.64898681640625,0.35101318359375,2,1011,822,0.20485100150108337,0.385896235704422,0.4475843906402588,0.4213569462299347
44,280,0.26642006635665894,0.00020824636158067733,0.65545654296875,0.34454345703125,2,1007,827,0.20336690545082092,0.3863718807697296,0.4465378224849701,0.4208638072013855
44,300,0.2672417163848877,0.00020824636158067733,0.6531982421875,0.3468017578125,2,1018,814,0.20481440424919128,0.3848230838775635,0.44706061482429504,0.42005303502082825
44,320,0.26563090085983276,0.00020824636158067733,0.65960693359375,0.34039306640625,2,1019,825,0.20396870374679565,0.38511863350868225,0.4460832178592682,0.4195382297039032
44,340,0.2649627923965454,0.00020824636158067733,0.658447265625,0.341552734375,2,1019,820,0.2025385946035385,0.3853044807910919,0.4449000656604767,0.42087963223457336
44,360,0.2652612328529358,0.00020824636158067733,0.6607666015625,0.3392333984375,2,1027,826,0.20292074978351593,0.3866893947124481,0.4454212188720703,0.42263954877853394
44,380,0.2648199200630188,0.00020824636158067733,0.66473388671875,0.33526611328125,2,1025,818,0.20268599689006805,0.38801324367523193,0.4449593722820282,0.4241042137145996
44,400,0.2627827227115631,0.00020824636158067733,0.66888427734375,0.33111572265625,2,1022,819,0.20104829967021942,0.38749194145202637,0.44302627444267273,0.4234497845172882
44,420,0.2618022561073303,0.00020824636158067733,0.669677734375,0.330322265625,2,1015,830,0.2000260204076767,0.3870440423488617,0.44178181886672974,0.4243975579738617
44,440,0.2599450945854187,0.00020824636158067733,0.67138671875,0.32861328125,2,1008,822,0.19782115519046783,0.386869877576828,0.43915480375289917,0.4241565763950348
44,460,0.25690656900405884,0.00020824636158067733,0.67620849609375,0.32379150390625,2,1006,817,0.19575338065624237,0.3846192955970764,0.4369082748889923,0.4221796989440918
44,480,0.2567976117134094,0.00020824636158067733,0.67425537109375,0.32574462890625,2,1006,820,0.1953011453151703,0.3840886056423187,0.4365312457084656,0.4219648838043213
44,500,0.2554416358470917,0.00020824636158067733,0.6790771484375,0.3209228515625,2,994,821,0.19381599128246307,0.38584232330322266,0.4349023699760437,0.42372599244117737
44,520,0.25527432560920715,0.00020824636158067733,0.67742919921875,0.32257080078125,2,989,824,0.19365881383419037,0.38467270135879517,0.43461960554122925,0.4233446717262268
44,540,0.2542223632335663,0.00020824636158067733,0.67645263671875,0.32354736328125,2,991,822,0.19310373067855835,0.3820054233074188,0.4336569309234619,0.42058587074279785
44,560,0.2545831799507141,0.00020824636158067733,0.6759033203125,0.3240966796875,2,999,817,0.1930789202451706,0.3828502893447876,0.4332081377506256,0.42181381583213806
44,580,0.25471001863479614,0.00020824636158067733,0.6759033203125,0.3240966796875,2,992,816,0.19309855997562408,0.38320058584213257,0.43347105383872986,0.4223228096961975
44,600,0.2536405324935913,0.00020824636158067733,0.676025390625,0.323974609375,2,994,817,0.19219562411308289,0.3818552494049072,0.43245452642440796,0.4205053448677063
44,620,0.25278881192207336,0.00020824636158067733,0.67803955078125,0.32196044921875,2,985,814,0.191551074385643,0.3817537724971771,0.4322220981121063,0.4201370179653168
44,640,0.25249171257019043,0.00020824636158067733,0.67803955078125,0.32196044921875,2,988,810,0.19145870208740234,0.3810254633426666,0.4317919611930847,0.4195428192615509
44,660,0.2515430450439453,0.00020824636158067733,0.67877197265625,0.32122802734375,2,978,806,0.1905636042356491,0.3803958594799042,0.43095216155052185,0.41861262917518616
44,680,0.2514057755470276,0.00020824636158067733,0.67742919921875,0.32257080078125,2,977,804,0.1899130940437317,0.3805462121963501,0.43058645725250244,0.4187362492084503
44,700,0.25232183933258057,0.00020824636158067733,0.6778564453125,0.3221435546875,2,981,808,0.19074037671089172,0.3819018602371216,0.4312351942062378,0.42042285203933716
44,720,0.25046753883361816,0.00020824636158067733,0.6778564453125,0.3221435546875,2,983,806,0.18925374746322632,0.3792739510536194,0.42971372604370117,0.41734251379966736
44,740,0.2519429326057434,0.00020824636158067733,0.67645263671875,0.32354736328125,2,990,806,0.19097203016281128,0.3794170618057251,0.4309963881969452,0.4174223840236664
44,760,0.2512299120426178,0.00020824636158067733,0.67620849609375,0.32379150390625,2,988,804,0.1899297684431076,0.37924957275390625,0.430332750082016,0.41731807589530945
44,780,0.25156930088996887,0.00020824636158067733,0.67742919921875,0.32257080078125,2,990,812,0.1909884214401245,0.3787948191165924,0.4312927722930908,0.4166529178619385
44,800,0.2511405348777771,0.00020824636158067733,0.67706298828125,0.32293701171875,2,987,807,0.19034403562545776,0.3786052167415619,0.4308750629425049,0.41643813252449036
44,820,0.2516940236091614,0.00020824636158067733,0.676513671875,0.323486328125,2,990,813,0.19086746871471405,0.378901869058609,0.4310303330421448,0.41657769680023193
44,840,0.25064459443092346,0.00020824636158067733,0.6767578125,0.3232421875,2,989,802,0.19022084772586823,0.37715113162994385,0.4306560456752777,0.4146372079849243
44,860,0.25033819675445557,0.00020824636158067733,0.6798095703125,0.3201904296875,2,991,800,0.19045034050941467,0.3774887025356293,0.4314747452735901,0.4145767092704773
44,880,0.2504793107509613,0.00020824636158067733,0.679931640625,0.320068359375,2,994,794,0.19055935740470886,0.3777691721916199,0.4313889741897583,0.41507014632225037
44,900,0.25086966156959534,0.00020824636158067733,0.677978515625,0.322021484375,2,994,803,0.1905035376548767,0.37796351313591003,0.4308811128139496,0.4156320095062256
44,920,0.2501509189605713,0.00020824636158067733,0.67950439453125,0.32049560546875,2,991,800,0.19007708132266998,0.3775174021720886,0.43047791719436646,0.41460341215133667
44,940,0.2498425543308258,0.00020824636158067733,0.67926025390625,0.32073974609375,2,990,803,0.18946391344070435,0.3777120113372803,0.43031972646713257,0.4146636426448822
44,960,0.25064724683761597,0.00020824636158067733,0.6796875,0.3203125,2,998,799,0.19100725650787354,0.3772003650665283,0.43159034848213196,0.41420748829841614
44,980,0.24977624416351318,0.00020824636158067733,0.68023681640625,0.31976318359375,2,997,795,0.19022217392921448,0.3764665126800537,0.43056508898735046,0.4133017659187317
44,1000,0.2498001605272293,0.00020824636158067733,0.6787109375,0.3212890625,2,989,795,0.19001810252666473,0.3760875165462494,0.43043002486228943,0.41294026374816895
44,1020,0.24993813037872314,0.00020824636158067733,0.6776123046875,0.3223876953125,2,992,794,0.18993350863456726,0.3760591745376587,0.4303906261920929,0.41299912333488464
44,1040,0.24984994530677795,0.00020824636158067733,0.68194580078125,0.31805419921875,2,991,799,0.19012390077114105,0.37790971994400024,0.4305857717990875,0.41458380222320557
44,1060,0.25011658668518066,0.00020824636158067733,0.6790771484375,0.3209228515625,2,998,792,0.18990778923034668,0.3775191605091095,0.43027225136756897,0.4145786166191101
44,1080,0.24959087371826172,0.00020824636158067733,0.6795654296875,0.3204345703125,2,993,791,0.19000506401062012,0.3759582042694092,0.43037137389183044,0.41268137097358704
44,1100,0.2502399682998657,0.00020824636158067733,0.67962646484375,0.32037353515625,2,991,796,0.19023345410823822,0.37753525376319885,0.4307681918144226,0.4142856299877167
44,1120,0.24966983497142792,0.00020824636158067733,0.678955078125,0.321044921875,2,990,795,0.18921196460723877,0.3775278627872467,0.4296933710575104,0.414362370967865
44,1140,0.24921344220638275,0.00020824636158067733,0.67877197265625,0.32122802734375,2,991,793,0.18903575837612152,0.3763720691204071,0.429319828748703,0.41320571303367615
44,1160,0.24927276372909546,0.00020824636158067733,0.678955078125,0.321044921875,2,994,795,0.18879200518131256,0.37717917561531067,0.42896658182144165,0.4140316843986511
44,1180,0.24964392185211182,0.00020824636158067733,0.67803955078125,0.32196044921875,2,1005,792,0.1895701140165329,0.3761577010154724,0.42985600233078003,0.4129149317741394
44,1200,0.24874204397201538,0.00020824636158067733,0.6793212890625,0.3206787109375,2,997,796,0.1886380910873413,0.37606537342071533,0.42920106649398804,0.41270625591278076
44,1220,0.2504947781562805,0.00020824636158067733,0.677978515625,0.322021484375,2,1001,800,0.18960142135620117,0.3786986172199249,0.4300082325935364,0.4156774580478668
44,1240,0.2499353140592575,0.00020824636158067733,0.68017578125,0.31982421875,2,997,803,0.18988806009292603,0.37763896584510803,0.43030473589897156,0.414400190114975
44,1260,0.2487274706363678,0.00020824636158067733,0.68035888671875,0.31964111328125,2,1001,789,0.18906641006469727,0.37571653723716736,0.4294802248477936,0.41213977336883545
44,1280,0.2490551471710205,0.00020824636158067733,0.68023681640625,0.31976318359375,2,1004,786,0.1895834356546402,0.3755701780319214,0.43025392293930054,0.4119969308376312
44,1300,0.24919185042381287,0.00020824636158067733,0.6802978515625,0.3197021484375,2,1005,792,0.18952541053295135,0.3761568069458008,0.4297991096973419,0.41257113218307495
44,1320,0.24857066571712494,0.00020824636158067733,0.68048095703125,0.31951904296875,2,1004,791,0.18910984694957733,0.37520453333854675,0.42940253019332886,0.41147252917289734
44,1340,0.2491963803768158,0.00020824636158067733,0.68072509765625,0.31927490234375,2,1000,795,0.18968980014324188,0.3760702311992645,0.42987754940986633,0.412183940410614
44,1360,0.24961334466934204,0.00020824636158067733,0.68035888671875,0.31964111328125,2,1004,794,0.19028984010219574,0.37588390707969666,0.43057119846343994,0.41212552785873413
44,1380,0.24871623516082764,0.00020824636158067733,0.68115234375,0.31884765625,2,1003,795,0.18949303030967712,0.37523436546325684,0.4299700856208801,0.4115999937057495
44,1400,0.24952687323093414,0.00020824636158067733,0.68121337890625,0.31878662109375,2,1006,797,0.19021794199943542,0.3762638568878174,0.4305135905742645,0.41228172183036804
44,1420,0.24824050068855286,0.00020824636158067733,0.6800537109375,0.3199462890625,2,999,787,0.18937687575817108,0.37335658073425293,0.4296470582485199,0.40960532426834106
44,1440,0.2493222951889038,0.00020824636158067733,0.68133544921875,0.31866455078125,2,1001,802,0.18934088945388794,0.3775682747364044,0.42969781160354614,0.41348958015441895
44,1460,0.24887633323669434,0.00020824636158067733,0.680908203125,0.319091796875,2,999,798,0.18960508704185486,0.37535494565963745,0.42986640334129333,0.4113360047340393
44,1480,0.24927014112472534,0.00020824636158067733,0.67919921875,0.32080078125,2,998,797,0.18976356089115143,0.37525737285614014,0.43014779686927795,0.4114256203174591
44,1500,0.24847277998924255,0.00020824636158067733,0.68048095703125,0.31951904296875,2,1000,796,0.18921533226966858,0.37467360496520996,0.4294567406177521,0.41079530119895935
44,1520,0.24820680916309357,0.00020824636158067733,0.68145751953125,0.31854248046875,2,1003,798,0.18877051770687103,0.37535879015922546,0.42926135659217834,0.4115304946899414
44,1540,0.249338299036026,0.00020824636158067733,0.679443359375,0.320556640625,2,997,803,0.1893489509820938,0.37649014592170715,0.42966580390930176,0.41244712471961975
44,1560,0.24866783618927002,0.00020824636158067733,0.68170166015625,0.31829833984375,2,1005,801,0.18917784094810486,0.37607792019844055,0.4299393594264984,0.41187962889671326
44,1580,0.24844524264335632,0.00020824636158067733,0.68096923828125,0.31903076171875,2,1001,802,0.1889931559562683,0.3753454387187958,0.4292244613170624,0.4110700190067291
44,1600,0.24953457713127136,0.00020824636158067733,0.680908203125,0.319091796875,2,1005,802,0.18995274603366852,0.37667593359947205,0.4301321506500244,0.41268229484558105
44,1620,0.2484302520751953,0.00020824636158067733,0.67901611328125,0.32098388671875,2,1000,797,0.18887493014335632,0.3744148015975952,0.42899471521377563,0.4103842079639435
44,1640,0.24873878061771393,0.00020824636158067733,0.67950439453125,0.32049560546875,2,1000,798,0.18885400891304016,0.3757045269012451,0.42901551723480225,0.411535382270813
44,1660,0.24827536940574646,0.00020824636158067733,0.68048095703125,0.31951904296875,2,1000,797,0.18881547451019287,0.37490734457969666,0.4291832447052002,0.410837858915329
44,1680,0.2481536716222763,0.00020824636158067733,0.6822509765625,0.3177490234375,2,1001,796,0.1888265609741211,0.3755371570587158,0.42926087975502014,0.4111449718475342
44,1700,0.24820879101753235,0.00020824636158067733,0.67974853515625,0.32025146484375,2,1000,797,0.18815244734287262,0.3756811320781708,0.4283565282821655,0.41166001558303833
44,1720,0.24900662899017334,0.00020824636158067733,0.67864990234375,0.32135009765625,2,1005,800,0.18928182125091553,0.37513771653175354,0.4291536509990692,0.4113319516181946
44,1740,0.2483881115913391,0.00020824636158067733,0.67840576171875,0.32159423828125,2,1002,795,0.18841411173343658,0.37490373849868774,0.428511381149292,0.4106243848800659
44,1760,0.24904108047485352,0.00020824636158067733,0.67889404296875,0.32110595703125,2,1006,798,0.18933093547821045,0.3752824366092682,0.4297269880771637,0.4110364317893982
44,1780,0.2480396330356598,0.00020824636158067733,0.67974853515625,0.32025146484375,2,1000,797,0.18814291059970856,0.3751731216907501,0.42839884757995605,0.41114726662635803
44,1800,0.24976252019405365,0.00020824636158067733,0.67889404296875,0.32110595703125,2,1001,805,0.189727321267128,0.37669113278388977,0.4297519624233246,0.4126158356666565
44,1820,0.247809037566185,0.00020824636158067733,0.6815185546875,0.3184814453125,2,1004,801,0.18864373862743378,0.3744168281555176,0.42919212579727173,0.40985652804374695
44,1840,0.24777618050575256,0.00020824636158067733,0.67987060546875,0.32012939453125,2,1003,801,0.1878957599401474,0.37494635581970215,0.42832517623901367,0.4109324812889099
44,1860,0.24881905317306519,0.00020824636158067733,0.6812744140625,0.3187255859375,2,1003,803,0.18924060463905334,0.37616774439811707,0.429715096950531,0.4116957485675812
44,1880,0.24851587414741516,0.00020824636158067733,0.67950439453125,0.32049560546875,2,1004,799,0.1884574443101883,0.3758498430252075,0.42849376797676086,0.4118940830230713
44,1900,0.24874988198280334,0.00020824636158067733,0.6761474609375,0.3238525390625,2,1003,796,0.18875263631343842,0.37401363253593445,0.42868706583976746,0.4099956452846527
44,1920,0.24788090586662292,0.00020824636158067733,0.68035888671875,0.31964111328125,2,1002,793,0.18824933469295502,0.374807208776474,0.42848068475723267,0.4105418920516968
44,1940,0.24797183275222778,0.00020824636158067733,0.67974853515625,0.32025146484375,2,999,795,0.18832626938819885,0.3745722472667694,0.4283865690231323,0.41041043400764465
44,1960,0.24858538806438446,0.00020824636158067733,0.67950439453125,0.32049560546875,2,1001,792,0.18894124031066895,0.3750409483909607,0.42903611063957214,0.4106914699077606
44,1980,0.2478201687335968,0.00020824636158067733,0.6807861328125,0.3192138671875,2,1002,793,0.18827666342258453,0.37480834126472473,0.42837733030319214,0.4104747176170349
44,2000,0.24819651246070862,0.00020824636158067733,0.677978515625,0.322021484375,2,1005,792,0.18838319182395935,0.37412649393081665,0.4286971986293793,0.4098827540874481
45,0,0.8382323980331421,0.00020824636158067733,0.37762451171875,0.62237548828125,2,1281,1132,0.9312098622322083,0.7818184494972229,0.7110745906829834,0.712488055229187
45,20,0.6722821593284607,0.00020824636158067733,0.49212646484375,0.50787353515625,2,1315,1112,0.6799167990684509,0.6648842692375183,0.7053848505020142,0.6533467769622803
45,40,0.5279034376144409,0.00020824636158067733,0.58441162109375,0.41558837890625,2,1311,1055,0.49645933508872986,0.5721209645271301,0.6524826288223267,0.5958957076072693
45,60,0.4215891361236572,0.00020824636158067733,0.6370849609375,0.3629150390625,2,1270,991,0.36960601806640625,0.512843668460846,0.5892156362533569,0.550995409488678
45,80,0.35897496342658997,0.00020824636158067733,0.65771484375,0.34228515625,2,1199,947,0.2978578209877014,0.4764140546321869,0.5391077399253845,0.5179994106292725
45,100,0.32742640376091003,0.00020824636158067733,0.65728759765625,0.34271240234375,2,1152,919,0.2630460858345032,0.4509013295173645,0.5088354349136353,0.493336945772171
45,120,0.3090702295303345,0.00020824636158067733,0.65313720703125,0.34686279296875,2,1104,894,0.2438451498746872,0.43188804388046265,0.4897274076938629,0.47425082325935364
45,140,0.2936788499355316,0.00020824636158067733,0.65191650390625,0.34808349609375,2,1082,857,0.22785867750644684,0.4169517755508423,0.47301456332206726,0.45796576142311096
45,160,0.2836304008960724,0.00020824636158067733,0.6490478515625,0.3509521484375,2,1056,850,0.21800220012664795,0.405002623796463,0.4620440900325775,0.4457927346229553
45,180,0.2793087363243103,0.00020824636158067733,0.64801025390625,0.35198974609375,2,1042,841,0.21312078833580017,0.4011602997779846,0.4559440314769745,0.4401758015155792
45,200,0.2742716670036316,0.00020824636158067733,0.64990234375,0.35009765625,2,1030,825,0.20876678824424744,0.39587146043777466,0.4508429169654846,0.43420809507369995
45,220,0.27122488617897034,0.00020824636158067733,0.6495361328125,0.3504638671875,2,1021,826,0.20599091053009033,0.39212700724601746,0.44768795371055603,0.42985010147094727
45,240,0.2697124481201172,0.00020824636158067733,0.6500244140625,0.3499755859375,2,1007,825,0.20467115938663483,0.3905164301395416,0.4459734857082367,0.4278669059276581
45,260,0.2680816650390625,0.00020824636158067733,0.6485595703125,0.3514404296875,2,1010,815,0.20327793061733246,0.3876725435256958,0.44448527693748474,0.4262019395828247
45,280,0.2663246989250183,0.00020824636158067733,0.65240478515625,0.34759521484375,2,1003,813,0.2016599029302597,0.38769465684890747,0.442488431930542,0.4248526096343994
45,300,0.2673175632953644,0.00020824636158067733,0.6512451171875,0.3487548828125,2,1005,811,0.20253920555114746,0.38828104734420776,0.443434476852417,0.4258177578449249
45,320,0.2659769058227539,0.00020824636158067733,0.6552734375,0.3447265625,2,1000,814,0.20157304406166077,0.3883989751338959,0.4430253207683563,0.4251561462879181
45,340,0.2651894986629486,0.00020824636158067733,0.6544189453125,0.3455810546875,2,999,808,0.20106442272663116,0.3866216838359833,0.4420238435268402,0.42343541979789734
45,360,0.2638216018676758,0.00020824636158067733,0.65655517578125,0.34344482421875,2,997,813,0.20024394989013672,0.3853614330291748,0.441501259803772,0.4230146110057831
45,380,0.26289132237434387,0.00020824636158067733,0.660888671875,0.339111328125,2,995,817,0.19975176453590393,0.38594305515289307,0.4411381483078003,0.42320412397384644
45,400,0.2621050477027893,0.00020824636158067733,0.66363525390625,0.33636474609375,2,992,814,0.1987217366695404,0.38715797662734985,0.4398261606693268,0.42391303181648254
45,420,0.26115962862968445,0.00020824636158067733,0.66265869140625,0.33734130859375,2,992,814,0.19733749330043793,0.38652902841567993,0.43848609924316406,0.4236634075641632
45,440,0.2605096101760864,0.00020824636158067733,0.661865234375,0.338134765625,2,989,814,0.1962406188249588,0.3863098919391632,0.43714872002601624,0.42341139912605286
45,460,0.26029279828071594,0.00020824636158067733,0.667236328125,0.332763671875,2,997,817,0.19703111052513123,0.38714107871055603,0.43735870718955994,0.424496591091156
45,480,0.2579091489315033,0.00020824636158067733,0.6710205078125,0.3289794921875,2,991,819,0.19456036388874054,0.38712188601493835,0.4353311359882355,0.4250068962574005
45,500,0.25803661346435547,0.00020824636158067733,0.6690673828125,0.3309326171875,2,984,820,0.19420860707759857,0.38708168268203735,0.4344722330570221,0.42579424381256104
45,520,0.25682753324508667,0.00020824636158067733,0.67132568359375,0.32867431640625,2,979,819,0.19297084212303162,0.3872564435005188,0.4331434965133667,0.4258568286895752
45,540,0.2576568126678467,0.00020824636158067733,0.67236328125,0.32763671875,2,980,819,0.19256499409675598,0.39123567938804626,0.4326534569263458,0.42909324169158936
45,560,0.2555329203605652,0.00020824636158067733,0.6768798828125,0.3231201171875,2,980,815,0.19137437641620636,0.38993385434150696,0.43144410848617554,0.42864882946014404
45,580,0.2551177144050598,0.00020824636158067733,0.67987060546875,0.32012939453125,2,981,816,0.19178086519241333,0.389628529548645,0.43160247802734375,0.42822304368019104
45,600,0.25484296679496765,0.00020824636158067733,0.679931640625,0.320068359375,2,982,820,0.19126909971237183,0.389894962310791,0.4307396113872528,0.4281577467918396
45,620,0.2540937662124634,0.00020824636158067733,0.680419921875,0.319580078125,2,978,825,0.19043098390102386,0.38963863253593445,0.43028688430786133,0.42836320400238037
45,640,0.25412434339523315,0.00020824636158067733,0.6834716796875,0.3165283203125,2,975,816,0.1908816695213318,0.3906826078891754,0.43066397309303284,0.4299107491970062
45,660,0.2536565065383911,0.00020824636158067733,0.6827392578125,0.3172607421875,2,973,823,0.1901848018169403,0.3902463912963867,0.4299449622631073,0.4296776056289673
45,680,0.25272032618522644,0.00020824636158067733,0.68609619140625,0.31390380859375,2,979,817,0.18963247537612915,0.39061078429222107,0.42910534143447876,0.4288455545902252
45,700,0.25265565514564514,0.00020824636158067733,0.68505859375,0.31494140625,2,988,824,0.18910561501979828,0.3908892869949341,0.42858263850212097,0.4299049377441406
45,720,0.25059041380882263,0.00020824636158067733,0.6868896484375,0.3131103515625,2,980,820,0.187468484044075,0.3890649080276489,0.42683136463165283,0.42792457342147827
45,740,0.2515217363834381,0.00020824636158067733,0.68682861328125,0.31317138671875,2,979,820,0.18857714533805847,0.389568030834198,0.4278559386730194,0.42805755138397217
45,760,0.2509920299053192,0.00020824636158067733,0.68792724609375,0.31207275390625,2,981,828,0.1883229911327362,0.389138400554657,0.4275660514831543,0.42789530754089355
45,780,0.25131022930145264,0.00020824636158067733,0.6878662109375,0.3121337890625,2,986,817,0.18869277834892273,0.3893037736415863,0.42794516682624817,0.4278530478477478
45,800,0.25060251355171204,0.00020824636158067733,0.68743896484375,0.31256103515625,2,978,815,0.18754544854164124,0.38928860425949097,0.42681193351745605,0.428266316652298
45,820,0.25151878595352173,0.00020824636158067733,0.68621826171875,0.31378173828125,2,975,819,0.18772320449352264,0.39103516936302185,0.42712491750717163,0.4296896159648895
45,840,0.25005677342414856,0.00020824636158067733,0.68634033203125,0.31365966796875,2,973,818,0.18694812059402466,0.3881491720676422,0.4261700510978699,0.4274347424507141
45,860,0.2495032101869583,0.00020824636158067733,0.688232421875,0.311767578125,2,975,822,0.18678750097751617,0.38794928789138794,0.4259394109249115,0.42692217230796814
45,880,0.2504911422729492,0.00020824636158067733,0.6884765625,0.3115234375,2,978,815,0.18740853667259216,0.389905720949173,0.42641690373420715,0.4284997880458832
45,900,0.25063520669937134,0.00020824636158067733,0.68701171875,0.31298828125,2,980,806,0.18749234080314636,0.3892342448234558,0.42677077651023865,0.4286629259586334
45,920,0.24953511357307434,0.00020824636158067733,0.6904296875,0.3095703125,2,981,813,0.1868349313735962,0.389374315738678,0.42613154649734497,0.42788171768188477
45,940,0.2495233118534088,0.00020824636158067733,0.6898193359375,0.3101806640625,2,980,815,0.18676304817199707,0.389097660779953,0.4259420931339264,0.42759281396865845
45,960,0.2493571788072586,0.00020824636158067733,0.68963623046875,0.31036376953125,2,980,815,0.18666709959506989,0.3886561393737793,0.42567533254623413,0.42749786376953125
45,980,0.24916724860668182,0.00020824636158067733,0.6905517578125,0.3094482421875,2,978,805,0.18662922084331512,0.38872450590133667,0.42604804039001465,0.427577406167984
45,1000,0.2503197193145752,0.00020824636158067733,0.688232421875,0.311767578125,2,977,808,0.18731367588043213,0.38940665125846863,0.4266027808189392,0.4283299446105957
45,1020,0.25083673000335693,0.00020824636158067733,0.68701171875,0.31298828125,2,981,817,0.18800431489944458,0.38875436782836914,0.42710039019584656,0.42813733220100403
45,1040,0.2495376616716385,0.00020824636158067733,0.6883544921875,0.3116455078125,2,979,813,0.18653887510299683,0.38868775963783264,0.4255189299583435,0.42727571725845337
45,1060,0.24948161840438843,0.00020824636158067733,0.6903076171875,0.3096923828125,2,986,811,0.18712440133094788,0.3884766101837158,0.4261157214641571,0.4271348714828491
45,1080,0.24849911034107208,0.00020824636158067733,0.68975830078125,0.31024169921875,2,981,811,0.18589510023593903,0.38768622279167175,0.4249623119831085,0.4263259470462799
45,1100,0.24997618794441223,0.00020824636158067733,0.68878173828125,0.31121826171875,2,988,817,0.18728721141815186,0.3887181282043457,0.42632585763931274,0.4276611804962158
45,1120,0.24961964786052704,0.00020824636158067733,0.68798828125,0.31201171875,2,989,813,0.1865433156490326,0.38870349526405334,0.42568397521972656,0.42772170901298523
45,1140,0.25045454502105713,0.00020824636158067733,0.68927001953125,0.31072998046875,2,989,814,0.18787826597690582,0.3892629146575928,0.42701399326324463,0.42787832021713257
45,1160,0.24826833605766296,0.00020824636158067733,0.68914794921875,0.31085205078125,2,991,815,0.18589983880519867,0.386537104845047,0.42520657181739807,0.4255862832069397
45,1180,0.2493439018726349,0.00020824636158067733,0.68975830078125,0.31024169921875,2,988,814,0.1870509535074234,0.3878394365310669,0.4261556565761566,0.42681747674942017
45,1200,0.2502574920654297,0.00020824636158067733,0.68841552734375,0.31158447265625,2,993,811,0.18808689713478088,0.3876172602176666,0.426957368850708,0.4262404143810272
45,1220,0.24910548329353333,0.00020824636158067733,0.69000244140625,0.30999755859375,2,996,812,0.18733517825603485,0.386595755815506,0.426972895860672,0.42600560188293457
45,1240,0.24897904694080353,0.00020824636158067733,0.688720703125,0.311279296875,2,997,810,0.18669255077838898,0.386790931224823,0.42614224553108215,0.42553892731666565
45,1260,0.24949100613594055,0.00020824636158067733,0.68829345703125,0.31170654296875,2,996,806,0.1874711811542511,0.38643980026245117,0.4269765615463257,0.42571520805358887
45,1280,0.24886742234230042,0.00020824636158067733,0.68914794921875,0.31085205078125,2,993,812,0.18689188361167908,0.38626495003700256,0.4262475371360779,0.42528295516967773
45,1300,0.24779590964317322,0.00020824636158067733,0.68994140625,0.31005859375,2,992,808,0.1861548125743866,0.38495948910713196,0.4253219962120056,0.4234302341938019
45,1320,0.24912115931510925,0.00020824636158067733,0.6929931640625,0.3070068359375,2,1004,804,0.18786227703094482,0.3873981535434723,0.4274313449859619,0.4251888394355774
45,1340,0.24820785224437714,0.00020824636158067733,0.689697265625,0.310302734375,2,1000,809,0.18654240667819977,0.3852691650390625,0.425738126039505,0.42311787605285645
45,1360,0.2492712140083313,0.00020824636158067733,0.68988037109375,0.31011962890625,2,1008,807,0.18771690130233765,0.38620269298553467,0.4271848499774933,0.4243152141571045
45,1380,0.24835093319416046,0.00020824636158067733,0.6903076171875,0.3096923828125,2,1007,803,0.1871626228094101,0.38474029302597046,0.4266117811203003,0.4228851795196533
45,1400,0.24834686517715454,0.00020824636158067733,0.6898193359375,0.3101806640625,2,1003,805,0.18733526766300201,0.38403230905532837,0.4266173541545868,0.42219269275665283
45,1420,0.248347669839859,0.00020824636158067733,0.68780517578125,0.31219482421875,2,997,810,0.18669043481349945,0.3841864764690399,0.4258894920349121,0.42229336500167847
45,1440,0.24873086810112,0.00020824636158067733,0.68914794921875,0.31085205078125,2,996,809,0.18735238909721375,0.38480475544929504,0.4267020523548126,0.42266973853111267
45,1460,0.24757318198680878,0.00020824636158067733,0.69036865234375,0.30963134765625,2,1002,797,0.18690113723278046,0.3828504681587219,0.42632564902305603,0.4205538332462311
45,1480,0.250067800283432,0.00020824636158067733,0.685302734375,0.314697265625,2,1001,806,0.1878960281610489,0.38545653223991394,0.42709237337112427,0.4239085614681244
45,1500,0.24784761667251587,0.00020824636158067733,0.689208984375,0.310791015625,2,996,804,0.1867891103029251,0.38325077295303345,0.4261883497238159,0.42104262113571167
45,1520,0.2479238659143448,0.00020824636158067733,0.6884765625,0.3115234375,2,1001,809,0.18665102124214172,0.38333871960639954,0.42599424719810486,0.42114487290382385
45,1540,0.2481711059808731,0.00020824636158067733,0.687744140625,0.312255859375,2,999,809,0.1865079253911972,0.38398444652557373,0.42590728402137756,0.4221491813659668
45,1560,0.24778099358081818,0.00020824636158067733,0.68841552734375,0.31158447265625,2,993,805,0.18705064058303833,0.3819587826728821,0.4263354241847992,0.4197900593280792
45,1580,0.24784879386425018,0.00020824636158067733,0.6873779296875,0.3126220703125,2,1000,807,0.18678613007068634,0.3821103572845459,0.425962895154953,0.41984784603118896
45,1600,0.24857446551322937,0.00020824636158067733,0.6865234375,0.3134765625,2,1001,810,0.18743175268173218,0.3824789524078369,0.42681363224983215,0.4203496277332306
45,1620,0.24770796298980713,0.00020824636158067733,0.6885986328125,0.3114013671875,2,1001,805,0.18678666651248932,0.3824225962162018,0.42621561884880066,0.4196471571922302
45,1640,0.24918821454048157,0.00020824636158067733,0.68798828125,0.31201171875,2,1004,819,0.1872691512107849,0.38572022318840027,0.4270058870315552,0.42291197180747986
45,1660,0.24722866714000702,0.00020824636158067733,0.68878173828125,0.31121826171875,2,1002,800,0.18649165332317352,0.3816505968570709,0.4257999062538147,0.41907501220703125
45,1680,0.2486078143119812,0.00020824636158067733,0.68426513671875,0.31573486328125,2,1001,812,0.18729598820209503,0.38148364424705505,0.426312655210495,0.41918542981147766
45,1700,0.24738556146621704,0.00020824636158067733,0.68707275390625,0.31292724609375,2,1000,812,0.1867189258337021,0.38058704137802124,0.42619532346725464,0.4179794192314148
45,1720,0.24785979092121124,0.00020824636158067733,0.68707275390625,0.31292724609375,2,998,809,0.18703778088092804,0.38140249252319336,0.4262775778770447,0.41880738735198975
45,1740,0.24722975492477417,0.00020824636158067733,0.68603515625,0.31396484375,2,998,807,0.18598663806915283,0.38105031847953796,0.4250315725803375,0.41796931624412537
45,1760,0.2492450326681137,0.00020824636158067733,0.68450927734375,0.31549072265625,2,1000,806,0.18739476799964905,0.38343942165374756,0.4264466464519501,0.42028531432151794
45,1780,0.24752265214920044,0.00020824636158067733,0.68682861328125,0.31317138671875,2,1008,810,0.1869540959596634,0.380357950925827,0.4267289340496063,0.4174727499485016
45,1800,0.24703778326511383,0.00020824636158067733,0.68487548828125,0.31512451171875,2,1006,804,0.18650519847869873,0.3785962164402008,0.42567935585975647,0.4166870713233948
45,1820,0.24968594312667847,0.00020824636158067733,0.681396484375,0.318603515625,2,1007,810,0.18827511370182037,0.38102513551712036,0.42748987674713135,0.41895705461502075
45,1840,0.2488245666027069,0.00020824636158067733,0.68255615234375,0.31744384765625,2,1010,809,0.18762151896953583,0.3804212212562561,0.42697301506996155,0.4181370139122009
45,1860,0.2479926496744156,0.00020824636158067733,0.68585205078125,0.31414794921875,2,1008,806,0.18766336143016815,0.37970441579818726,0.42696651816368103,0.4175291061401367
45,1880,0.2486971616744995,0.00020824636158067733,0.6878662109375,0.3121337890625,2,1011,815,0.18849647045135498,0.381364643573761,0.42823976278305054,0.418067067861557
45,1900,0.24823710322380066,0.00020824636158067733,0.6849365234375,0.3150634765625,2,1008,809,0.18758782744407654,0.3800864815711975,0.42693498730659485,0.4168543219566345
45,1920,0.24686044454574585,0.00020824636158067733,0.68603515625,0.31396484375,2,1008,807,0.1860978603363037,0.379630982875824,0.42544668912887573,0.41685250401496887
45,1940,0.24792014062404633,0.00020824636158067733,0.68304443359375,0.31695556640625,2,1010,815,0.1858353465795517,0.3817139267921448,0.4250812828540802,0.4185706675052643
45,1960,0.24712957441806793,0.00020824636158067733,0.68499755859375,0.31500244140625,2,1010,803,0.18607735633850098,0.3798924684524536,0.4253564774990082,0.4162638485431671
45,1980,0.24714913964271545,0.00020824636158067733,0.68524169921875,0.31475830078125,2,1010,799,0.1868973970413208,0.3783196806907654,0.4263334572315216,0.41543710231781006
45,2000,0.24763381481170654,0.00020824636158067733,0.68292236328125,0.31707763671875,2,1010,801,0.18649393320083618,0.37931695580482483,0.4256700575351715,0.4168022572994232
46,0,0.7060337066650391,0.00020824636158067733,0.58880615234375,0.41119384765625,2,1341,1094,0.7434523701667786,0.6524525284767151,0.7082312703132629,0.6192954182624817
46,20,0.4967479705810547,0.00020824636158067733,0.612060546875,0.387939453125,2,1309,1001,0.47739362716674805,0.5272837281227112,0.6252191066741943,0.5441759824752808
46,40,0.36012789607048035,0.00020824636158067733,0.64398193359375,0.35601806640625,2,1204,876,0.3146369755268097,0.442413866519928,0.5412207245826721,0.4795611798763275
46,60,0.2985224723815918,0.00020824636158067733,0.65936279296875,0.34063720703125,2,1091,818,0.24503594636917114,0.40205493569374084,0.4887860119342804,0.441805899143219
46,80,0.2803875803947449,0.00020824636158067733,0.6531982421875,0.3468017578125,2,1048,807,0.2224985957145691,0.3894210159778595,0.46682414412498474,0.4276486933231354
46,100,0.2751123011112213,0.00020824636158067733,0.6505126953125,0.3494873046875,2,1034,814,0.21450094878673553,0.3879302442073822,0.45790067315101624,0.42438286542892456
46,120,0.2703441381454468,0.00020824636158067733,0.6527099609375,0.3472900390625,2,1019,801,0.2094338983297348,0.3848211467266083,0.4522428512573242,0.4199988842010498
46,140,0.2697410583496094,0.00020824636158067733,0.64910888671875,0.35089111328125,2,1009,803,0.2076917439699173,0.38452520966529846,0.4496977627277374,0.4205001890659332
46,160,0.2682580053806305,0.00020824636158067733,0.65435791015625,0.34564208984375,2,1011,807,0.20639117062091827,0.38538211584091187,0.44833269715309143,0.4213535785675049
46,180,0.26880234479904175,0.00020824636158067733,0.64862060546875,0.35137939453125,2,1010,820,0.20422802865505219,0.3880018889904022,0.4458526372909546,0.4247058033943176
46,200,0.26557815074920654,0.00020824636158067733,0.65606689453125,0.34393310546875,2,998,815,0.20155423879623413,0.387706458568573,0.44310665130615234,0.4244333803653717
46,220,0.26481595635414124,0.00020824636158067733,0.656005859375,0.343994140625,2,1000,811,0.20022179186344147,0.38799870014190674,0.4416244328022003,0.42481666803359985
46,240,0.2628471255302429,0.00020824636158067733,0.65997314453125,0.34002685546875,2,1000,821,0.19882476329803467,0.38711097836494446,0.4401216506958008,0.4232434034347534
46,260,0.26219677925109863,0.00020824636158067733,0.6627197265625,0.3372802734375,2,992,822,0.19833284616470337,0.38768264651298523,0.4396711587905884,0.424285352230072
46,280,0.261885404586792,0.00020824636158067733,0.66265869140625,0.33734130859375,2,990,822,0.1975814700126648,0.38820117712020874,0.43849045038223267,0.4253436028957367
46,300,0.25918877124786377,0.00020824636158067733,0.66656494140625,0.33343505859375,2,988,828,0.19448059797286987,0.3885459303855896,0.43575432896614075,0.42603442072868347
46,320,0.2581472396850586,0.00020824636158067733,0.669189453125,0.330810546875,2,989,822,0.1941303163766861,0.3876456618309021,0.4349548816680908,0.4254988431930542
46,340,0.2576148509979248,0.00020824636158067733,0.6695556640625,0.3304443359375,2,989,830,0.19317705929279327,0.3881804943084717,0.43375885486602783,0.4263380765914917
46,360,0.2560696005821228,0.00020824636158067733,0.66986083984375,0.33013916015625,2,981,822,0.19152139127254486,0.38703954219818115,0.4320049285888672,0.4257539212703705
46,380,0.2550663352012634,0.00020824636158067733,0.6728515625,0.3271484375,2,976,816,0.19107075035572052,0.38668712973594666,0.43118658661842346,0.42589670419692993
46,400,0.2540537118911743,0.00020824636158067733,0.67724609375,0.32275390625,2,973,818,0.1913168728351593,0.385696679353714,0.43139931559562683,0.4244387447834015
46,420,0.25277841091156006,0.00020824636158067733,0.67913818359375,0.32086181640625,2,973,810,0.1908261477947235,0.3839069902896881,0.43116819858551025,0.42217862606048584
46,440,0.25387993454933167,0.00020824636158067733,0.67913818359375,0.32086181640625,2,977,815,0.19177179038524628,0.3853384554386139,0.4318363070487976,0.4242497682571411
46,460,0.2532435655593872,0.00020824636158067733,0.67755126953125,0.32244873046875,2,978,809,0.19121438264846802,0.3835834562778473,0.43131640553474426,0.42191070318222046
46,480,0.25291407108306885,0.00020824636158067733,0.6754150390625,0.3245849609375,2,974,810,0.19076652824878693,0.3822341859340668,0.43086162209510803,0.4212222695350647
46,500,0.2525394856929779,0.00020824636158067733,0.6806640625,0.3193359375,2,974,804,0.19149532914161682,0.38265499472618103,0.43125444650650024,0.4205806255340576
46,520,0.25230181217193604,0.00020824636158067733,0.679931640625,0.320068359375,2,977,805,0.19120997190475464,0.38208118081092834,0.43154409527778625,0.42010748386383057
46,540,0.25166234374046326,0.00020824636158067733,0.67926025390625,0.32073974609375,2,971,801,0.19067102670669556,0.3808293044567108,0.43068423867225647,0.4193883538246155
46,560,0.25157618522644043,0.00020824636158067733,0.679443359375,0.320556640625,2,974,807,0.1911650449037552,0.37962213158607483,0.4310450553894043,0.41797617077827454
46,580,0.25246626138687134,0.00020824636158067733,0.6785888671875,0.3214111328125,2,976,804,0.19200050830841064,0.38012629747390747,0.4317922294139862,0.41874954104423523
46,600,0.2513275444507599,0.00020824636158067733,0.679931640625,0.320068359375,2,969,803,0.19089500606060028,0.3797062635421753,0.43097081780433655,0.41798266768455505
46,620,0.25135961174964905,0.00020824636158067733,0.6800537109375,0.3199462890625,2,974,805,0.19104935228824615,0.3795505464076996,0.430968314409256,0.41767334938049316
46,640,0.25136157870292664,0.00020824636158067733,0.6773681640625,0.3226318359375,2,965,805,0.19065943360328674,0.37880611419677734,0.43064436316490173,0.4169991910457611
46,660,0.25084397196769714,0.00020824636158067733,0.6796875,0.3203125,2,968,802,0.19080524146556854,0.37824317812919617,0.43082743883132935,0.41642606258392334
46,680,0.25085902214050293,0.00020824636158067733,0.67926025390625,0.32073974609375,2,966,803,0.19002708792686462,0.37968847155570984,0.42997244000434875,0.41729000210762024
46,700,0.25096482038497925,0.00020824636158067733,0.67779541015625,0.32220458984375,2,970,808,0.19025783240795135,0.3786691129207611,0.4304571747779846,0.41686561703681946
46,720,0.2510858476161957,0.00020824636158067733,0.6785888671875,0.3214111328125,2,968,798,0.19088079035282135,0.37819555401802063,0.4305536448955536,0.4165107309818268
46,740,0.2504185140132904,0.00020824636158067733,0.67926025390625,0.32073974609375,2,974,800,0.1900463104248047,0.37827420234680176,0.4298402667045593,0.4158988893032074
46,760,0.2517695426940918,0.00020824636158067733,0.67816162109375,0.32183837890625,2,976,802,0.19153209030628204,0.3786988854408264,0.43146437406539917,0.41680318117141724
46,780,0.25042569637298584,0.00020824636158067733,0.678466796875,0.321533203125,2,970,805,0.19022637605667114,0.37745213508605957,0.42994019389152527,0.4153757393360138
46,800,0.25038325786590576,0.00020824636158067733,0.67919921875,0.32080078125,2,976,803,0.1905430406332016,0.3770769238471985,0.43020540475845337,0.41515377163887024
46,820,0.25009024143218994,0.00020824636158067733,0.67913818359375,0.32086181640625,2,976,803,0.19030264019966125,0.3766370117664337,0.4300169348716736,0.41467610001564026
46,840,0.2511998414993286,0.00020824636158067733,0.67803955078125,0.32196044921875,2,984,804,0.19165824353694916,0.3765927255153656,0.4315042793750763,0.41458597779273987
46,860,0.25046488642692566,0.00020824636158067733,0.67974853515625,0.32025146484375,2,981,808,0.19103090465068817,0.3766162097454071,0.4309300482273102,0.41457027196884155
46,880,0.24904967844486237,0.00020824636158067733,0.68121337890625,0.31878662109375,2,977,805,0.19022373855113983,0.37475451827049255,0.42991167306900024,0.41259145736694336
46,900,0.2514805197715759,0.00020824636158067733,0.6793212890625,0.3206787109375,2,974,806,0.19216129183769226,0.3771415650844574,0.4318059980869293,0.41475778818130493
46,920,0.24882467091083527,0.00020824636158067733,0.67803955078125,0.32196044921875,2,976,798,0.18935969471931458,0.37405622005462646,0.42924609780311584,0.41143983602523804
46,940,0.25108373165130615,0.00020824636158067733,0.67657470703125,0.32342529296875,2,983,800,0.19145242869853973,0.37582671642303467,0.4311482012271881,0.4138227701187134
46,960,0.24982568621635437,0.00020824636158067733,0.67852783203125,0.32147216796875,2,978,800,0.19043488800525665,0.3751811981201172,0.42990487813949585,0.4129254221916199
46,980,0.2503472864627838,0.00020824636158067733,0.678466796875,0.321533203125,2,979,807,0.19089631736278534,0.37579473853111267,0.43080687522888184,0.41360390186309814
46,1000,0.24935737252235413,0.00020824636158067733,0.6795654296875,0.3204345703125,2,975,803,0.1897822618484497,0.3757019639015198,0.4291388988494873,0.4131116569042206
46,1020,0.24795207381248474,0.00020824636158067733,0.67987060546875,0.32012939453125,2,970,794,0.18881669640541077,0.3735400140285492,0.4282771050930023,0.4112076759338379
46,1040,0.24965928494930267,0.00020824636158067733,0.67919921875,0.32080078125,2,983,802,0.19037537276744843,0.3751751482486725,0.42979028820991516,0.4126189351081848
46,1060,0.2497299313545227,0.00020824636158067733,0.678466796875,0.321533203125,2,987,802,0.19008909165859222,0.3755779266357422,0.42954424023628235,0.4129117429256439
46,1080,0.24840177595615387,0.00020824636158067733,0.6790771484375,0.3209228515625,2,986,796,0.18947182595729828,0.37309834361076355,0.42901045083999634,0.41023769974708557
46,1100,0.24941666424274445,0.00020824636158067733,0.6805419921875,0.3194580078125,2,985,799,0.19003288447856903,0.3759220242500305,0.42954906821250916,0.41332000494003296
46,1120,0.24922870099544525,0.00020824636158067733,0.67816162109375,0.32183837890625,2,981,800,0.18949641287326813,0.3750934898853302,0.42902159690856934,0.4125530421733856
46,1140,0.24919553101062775,0.00020824636158067733,0.67950439453125,0.32049560546875,2,979,797,0.1895175725221634,0.3757227957248688,0.4292137026786804,0.41320985555648804
46,1160,0.24819211661815643,0.00020824636158067733,0.68157958984375,0.31842041015625,2,972,803,0.18956203758716583,0.3736898899078369,0.42919203639030457,0.4109143912792206
46,1180,0.2500893175601959,0.00020824636158067733,0.678466796875,0.321533203125,2,983,804,0.19040106236934662,0.37603744864463806,0.429701566696167,0.41356340050697327
46,1200,0.24885325133800507,0.00020824636158067733,0.6778564453125,0.3221435546875,2,971,797,0.18884046375751495,0.3751324713230133,0.42835548520088196,0.41214224696159363
46,1220,0.24928046762943268,0.00020824636158067733,0.6790771484375,0.3209228515625,2,975,797,0.18981608748435974,0.3751079738140106,0.4291202127933502,0.4121652841567993
46,1240,0.24933473765850067,0.00020824636158067733,0.67999267578125,0.32000732421875,2,980,796,0.1904638558626175,0.37443119287490845,0.4297964870929718,0.41185739636421204
46,1260,0.2474309355020523,0.00020824636158067733,0.68011474609375,0.31988525390625,2,980,795,0.18811684846878052,0.3735398054122925,0.4276955723762512,0.4102673828601837
46,1280,0.24926672875881195,0.00020824636158067733,0.6783447265625,0.3216552734375,2,995,799,0.18996059894561768,0.37433841824531555,0.4293922781944275,0.4113772213459015
46,1300,0.24921025335788727,0.00020824636158067733,0.6798095703125,0.3201904296875,2,990,807,0.18966715037822723,0.3756287097930908,0.4287976324558258,0.41204729676246643
46,1320,0.24879342317581177,0.00020824636158067733,0.6810302734375,0.3189697265625,2,987,804,0.18982703983783722,0.37469208240509033,0.4290732443332672,0.41183680295944214
46,1340,0.2484099268913269,0.00020824636158067733,0.6812744140625,0.3187255859375,2,993,804,0.18962208926677704,0.3740687072277069,0.42891794443130493,0.41085174679756165
46,1360,0.2493629902601242,0.00020824636158067733,0.6783447265625,0.3216552734375,2,985,807,0.18992584943771362,0.3747110962867737,0.429372638463974,0.41188326478004456
46,1380,0.24802249670028687,0.00020824636158067733,0.6802978515625,0.3197021484375,2,987,800,0.18905681371688843,0.37349623441696167,0.4282917082309723,0.4107780456542969
46,1400,0.24811376631259918,0.00020824636158067733,0.68280029296875,0.31719970703125,2,988,794,0.1899915188550949,0.3732270300388336,0.42951419949531555,0.41019272804260254
46,1420,0.24716494977474213,0.00020824636158067733,0.68231201171875,0.31768798828125,2,987,795,0.18881013989448547,0.3724960386753082,0.42804262042045593,0.4093480706214905
46,1440,0.24747593700885773,0.00020824636158067733,0.6812744140625,0.3187255859375,2,988,793,0.189019113779068,0.3724271357059479,0.4282703697681427,0.4089774787425995
46,1460,0.24699904024600983,0.00020824636158067733,0.68145751953125,0.31854248046875,2,988,788,0.18837159872055054,0.37242060899734497,0.4274488687515259,0.4090558588504791
46,1480,0.2485344558954239,0.00020824636158067733,0.67926025390625,0.32073974609375,2,993,788,0.19026009738445282,0.3719474673271179,0.429697722196579,0.40908026695251465
46,1500,0.24679183959960938,0.00020824636158067733,0.68316650390625,0.31683349609375,2,990,794,0.18854179978370667,0.372392475605011,0.4279305040836334,0.4087870717048645
46,1520,0.24724920094013214,0.00020824636158067733,0.6829833984375,0.3170166015625,2,995,795,0.18879736959934235,0.3731783330440521,0.4283014237880707,0.4095788300037384
46,1540,0.24740755558013916,0.00020824636158067733,0.684326171875,0.315673828125,2,992,795,0.19007575511932373,0.3716929256916046,0.42943084239959717,0.40843135118484497
46,1560,0.24688895046710968,0.00020824636158067733,0.68255615234375,0.31744384765625,2,994,793,0.18898901343345642,0.37138333916664124,0.42807736992836,0.4079139530658722
46,1580,0.24819567799568176,0.00020824636158067733,0.68389892578125,0.31610107421875,2,993,797,0.18980558216571808,0.3745253086090088,0.42924466729164124,0.4104037582874298
46,1600,0.24739333987236023,0.00020824636158067733,0.6822509765625,0.3177490234375,2,994,796,0.18906286358833313,0.3726368546485901,0.42810022830963135,0.4089607894420624
46,1620,0.24703963100910187,0.00020824636158067733,0.6822509765625,0.3177490234375,2,998,797,0.1895269900560379,0.3705272078514099,0.42879384756088257,0.4068790674209595
46,1640,0.24656067788600922,0.00020824636158067733,0.6826171875,0.3173828125,2,1001,795,0.18880417943000793,0.3707815408706665,0.4281606674194336,0.40726789832115173
46,1660,0.24700771272182465,0.00020824636158067733,0.68267822265625,0.31732177734375,2,999,795,0.18934643268585205,0.37105873227119446,0.4287102520465851,0.4074121415615082
46,1680,0.24671760201454163,0.00020824636158067733,0.68389892578125,0.31610107421875,2,996,795,0.1897154599428177,0.3700443208217621,0.42842423915863037,0.4066035747528076
46,1700,0.24810680747032166,0.00020824636158067733,0.68341064453125,0.31658935546875,2,1001,801,0.19044014811515808,0.3725898265838623,0.4301639497280121,0.40927210450172424
46,1720,0.2457307130098343,0.00020824636158067733,0.6845703125,0.3154296875,2,994,793,0.18820682168006897,0.37057358026504517,0.42734238505363464,0.4062381982803345
46,1740,0.24817630648612976,0.00020824636158067733,0.682861328125,0.317138671875,2,1004,794,0.19051232933998108,0.37233802676200867,0.42960643768310547,0.4083899259567261
46,1760,0.24627672135829926,0.00020824636158067733,0.68206787109375,0.31793212890625,2,998,792,0.18853992223739624,0.370140939950943,0.4276571273803711,0.4066275656223297
46,1780,0.24512019753456116,0.00020824636158067733,0.68511962890625,0.31488037109375,2,998,787,0.18793825805187225,0.3695370852947235,0.4270767867565155,0.40533384680747986
46,1800,0.24636593461036682,0.00020824636158067733,0.6844482421875,0.3155517578125,2,997,794,0.18818816542625427,0.3725566565990448,0.4273756146430969,0.40848061442375183
46,1820,0.2448790967464447,0.00020824636158067733,0.68182373046875,0.31817626953125,2,995,794,0.18645064532756805,0.3700861632823944,0.42597582936286926,0.40582767128944397
46,1840,0.24660833179950714,0.00020824636158067733,0.68121337890625,0.31878662109375,2,999,793,0.1888490915298462,0.37003380060195923,0.4280727505683899,0.4066619873046875
46,1860,0.24573586881160736,0.00020824636158067733,0.6826171875,0.3173828125,2,997,788,0.18830515444278717,0.3692561089992523,0.4270918071269989,0.40566354990005493
46,1880,0.24669621884822845,0.00020824636158067733,0.68316650390625,0.31683349609375,2,1001,791,0.1887785941362381,0.3715800642967224,0.4283812642097473,0.40780606865882874
46,1900,0.24557170271873474,0.00020824636158067733,0.6812744140625,0.3187255859375,2,992,789,0.18742889165878296,0.3698517680168152,0.4268726706504822,0.40582653880119324
46,1920,0.24617169797420502,0.00020824636158067733,0.6817626953125,0.3182373046875,2,994,791,0.18835857510566711,0.37002527713775635,0.42755767703056335,0.4061766266822815
46,1940,0.24757742881774902,0.00020824636158067733,0.68096923828125,0.31903076171875,2,998,792,0.1900167465209961,0.37044039368629456,0.42862245440483093,0.4063124656677246
46,1960,0.24709409475326538,0.00020824636158067733,0.6807861328125,0.3192138671875,2,998,794,0.188995361328125,0.3710010051727295,0.4278152287006378,0.40689533948898315
46,1980,0.24720343947410583,0.00020824636158067733,0.68145751953125,0.31854248046875,2,1001,790,0.18939989805221558,0.37086254358291626,0.42847999930381775,0.4068447947502136
46,2000,0.24671031534671783,0.00020824636158067733,0.68212890625,0.31787109375,2,999,790,0.1886892020702362,0.37121960520744324,0.4272637963294983,0.40683409571647644
47,0,0.7132543325424194,0.00020824636158067733,0.54058837890625,0.45941162109375,2,1332,1135,0.6208370327949524,0.822001576423645,0.7235851883888245,0.7076432704925537
47,20,0.5143453478813171,0.00020824636158067733,0.6087646484375,0.3912353515625,2,1307,1103,0.4247499108314514,0.6537564992904663,0.634619951248169,0.6305773854255676
47,40,0.39238324761390686,0.00020824636158067733,0.62860107421875,0.37139892578125,2,1229,1023,0.31216737627983093,0.5281504392623901,0.5561450719833374,0.5583840012550354
47,60,0.33720213174819946,0.00020824636158067733,0.64569091796875,0.35430908203125,2,1160,944,0.2657874524593353,0.4673479199409485,0.5148539543151855,0.5100047588348389
47,80,0.31349217891693115,0.00020824636158067733,0.6435546875,0.3564453125,2,1119,898,0.2455618530511856,0.43613898754119873,0.4938254654407501,0.47997167706489563
47,100,0.29797568917274475,0.00020824636158067733,0.64886474609375,0.35113525390625,2,1083,865,0.23163557052612305,0.4205659031867981,0.47850197553634644,0.4610751271247864
47,120,0.2847066819667816,0.00020824636158067733,0.64801025390625,0.35198974609375,2,1047,855,0.21849772334098816,0.4065968990325928,0.46409958600997925,0.4450341761112213
47,140,0.2736700177192688,0.00020824636158067733,0.65484619140625,0.34515380859375,2,1024,833,0.20941464602947235,0.39557909965515137,0.4537830054759979,0.4324314296245575
47,160,0.2686876356601715,0.00020824636158067733,0.65386962890625,0.34613037109375,2,1006,824,0.20457252860069275,0.3898065686225891,0.4479103088378906,0.42582014203071594
47,180,0.2651883363723755,0.00020824636158067733,0.65289306640625,0.34710693359375,2,993,803,0.20163027942180634,0.38473835587501526,0.4441201090812683,0.4205343425273895
47,200,0.26280274987220764,0.00020824636158067733,0.65740966796875,0.34259033203125,2,988,799,0.20052435994148254,0.382311075925827,0.44179168343544006,0.41726452112197876
47,220,0.2593660354614258,0.00020824636158067733,0.65948486328125,0.34051513671875,2,979,789,0.1976393312215805,0.37891390919685364,0.43876320123672485,0.4137682020664215
47,240,0.2571856677532196,0.00020824636158067733,0.6632080078125,0.3367919921875,2,982,790,0.19629034399986267,0.3771001994609833,0.4374237358570099,0.4124206602573395
47,260,0.2576850652694702,0.00020824636158067733,0.66021728515625,0.33978271484375,2,983,788,0.19598309695720673,0.37757551670074463,0.43645673990249634,0.413519024848938
47,280,0.25607404112815857,0.00020824636158067733,0.66046142578125,0.33953857421875,2,975,785,0.19385401904582977,0.377102792263031,0.43456754088401794,0.41324588656425476
47,300,0.2563067674636841,0.00020824636158067733,0.6614990234375,0.3385009765625,2,980,781,0.19427035748958588,0.3775383532047272,0.43463847041130066,0.4142844080924988
47,320,0.2549537122249603,0.00020824636158067733,0.66278076171875,0.33721923828125,2,976,791,0.19173210859298706,0.37921133637428284,0.4324101209640503,0.4151461720466614
47,340,0.2556082308292389,0.00020824636158067733,0.6602783203125,0.3397216796875,2,971,795,0.19259865581989288,0.3780727684497833,0.4329336881637573,0.41545790433883667
47,360,0.25543874502182007,0.00020824636158067733,0.6632080078125,0.3367919921875,2,976,790,0.19290772080421448,0.37857434153556824,0.43267595767974854,0.41559427976608276
47,380,0.25446394085884094,0.00020824636158067733,0.66375732421875,0.33624267578125,2,963,790,0.1915668100118637,0.37862563133239746,0.4317927062511444,0.41526922583580017
47,400,0.2542060613632202,0.00020824636158067733,0.66448974609375,0.33551025390625,2,973,793,0.19143104553222656,0.37853410840034485,0.43171992897987366,0.41522541642189026
47,420,0.2539133131504059,0.00020824636158067733,0.66790771484375,0.33209228515625,2,984,792,0.19269779324531555,0.377030611038208,0.43314576148986816,0.41407278180122375
47,440,0.2538830041885376,0.00020824636158067733,0.6690673828125,0.3309326171875,2,975,796,0.19248975813388824,0.37800559401512146,0.4324735105037689,0.4150630533695221
47,460,0.2524724006652832,0.00020824636158067733,0.66644287109375,0.33355712890625,2,972,797,0.19073598086833954,0.37582096457481384,0.4305693805217743,0.4134443700313568
47,480,0.25267744064331055,0.00020824636158067733,0.66998291015625,0.33001708984375,2,973,808,0.1907569020986557,0.37838518619537354,0.430990070104599,0.41587501764297485
47,500,0.25399526953697205,0.00020824636158067733,0.66986083984375,0.33013916015625,2,978,808,0.19199901819229126,0.37978726625442505,0.43193748593330383,0.4176672399044037
47,520,0.2530735433101654,0.00020824636158067733,0.6685791015625,0.3314208984375,2,974,806,0.19013968110084534,0.3800307810306549,0.43015751242637634,0.4178940951824188
47,540,0.25165218114852905,0.00020824636158067733,0.6748046875,0.3251953125,2,982,797,0.19087114930152893,0.3777773678302765,0.4310974180698395,0.41544660925865173
47,560,0.25278735160827637,0.00020824636158067733,0.66986083984375,0.33013916015625,2,977,799,0.19058197736740112,0.379003643989563,0.43037867546081543,0.41697418689727783
47,580,0.251674085855484,0.00020824636158067733,0.67156982421875,0.32843017578125,2,977,798,0.18933412432670593,0.37914609909057617,0.4296286702156067,0.4174518287181854
47,600,0.25288331508636475,0.00020824636158067733,0.6728515625,0.3271484375,2,980,794,0.19170455634593964,0.37871065735816956,0.43180108070373535,0.4171312153339386
47,620,0.253650426864624,0.00020824636158067733,0.671630859375,0.328369140625,2,980,797,0.19167985022068024,0.3804020583629608,0.4319143295288086,0.41855451464653015
47,640,0.25212162733078003,0.00020824636158067733,0.675537109375,0.324462890625,2,982,795,0.19130270183086395,0.3787476122379303,0.4315442740917206,0.41715294122695923
47,660,0.2523882985115051,0.00020824636158067733,0.67626953125,0.32373046875,2,976,801,0.19140946865081787,0.3797723948955536,0.4312434792518616,0.417277455329895
47,680,0.2525525987148285,0.00020824636158067733,0.67425537109375,0.32574462890625,2,975,796,0.19115474820137024,0.37963926792144775,0.43120330572128296,0.4175688922405243
47,700,0.25100958347320557,0.00020824636158067733,0.676025390625,0.323974609375,2,969,792,0.18995626270771027,0.37840721011161804,0.4301849901676178,0.4166032373905182
47,720,0.2514609396457672,0.00020824636158067733,0.67626953125,0.32373046875,2,979,792,0.1903204470872879,0.3791827857494354,0.4307101368904114,0.41742292046546936
47,740,0.25227227807044983,0.00020824636158067733,0.67864990234375,0.32135009765625,2,985,795,0.19255666434764862,0.37838390469551086,0.4325060248374939,0.416452020406723
47,760,0.25187402963638306,0.00020824636158067733,0.6778564453125,0.3221435546875,2,978,790,0.19152528047561646,0.3788602650165558,0.43151041865348816,0.41657349467277527
47,780,0.2511513829231262,0.00020824636158067733,0.678466796875,0.321533203125,2,978,793,0.19076673686504364,0.37856897711753845,0.4312036335468292,0.41648194193840027
47,800,0.2511131763458252,0.00020824636158067733,0.67926025390625,0.32073974609375,2,981,789,0.19102269411087036,0.3783723711967468,0.43085232377052307,0.4160076081752777
47,820,0.25043442845344543,0.00020824636158067733,0.6795654296875,0.3204345703125,2,977,795,0.19073428213596344,0.3770442306995392,0.4307727813720703,0.41460561752319336
47,840,0.25057071447372437,0.00020824636158067733,0.6817626953125,0.3182373046875,2,977,802,0.19111070036888123,0.3779523968696594,0.43099623918533325,0.4154108762741089
47,860,0.25222206115722656,0.00020824636158067733,0.67962646484375,0.32037353515625,2,986,800,0.1926436871290207,0.3786090314388275,0.4323892891407013,0.415941447019577
47,880,0.25050079822540283,0.00020824636158067733,0.6817626953125,0.3182373046875,2,983,797,0.1915474832057953,0.37679702043533325,0.4311152994632721,0.4146097004413605
47,900,0.25120460987091064,0.00020824636158067733,0.6787109375,0.3212890625,2,983,798,0.19226138293743134,0.37571990489959717,0.4321344792842865,0.4135666489601135
47,920,0.25158292055130005,0.00020824636158067733,0.6787109375,0.3212890625,2,986,794,0.1922474354505539,0.37692683935165405,0.431771457195282,0.4146174490451813
47,940,0.25009870529174805,0.00020824636158067733,0.68292236328125,0.31707763671875,2,988,792,0.1915973424911499,0.37609902024269104,0.43144339323043823,0.41312718391418457
47,960,0.2498106211423874,0.00020824636158067733,0.6842041015625,0.3157958984375,2,987,795,0.19173340499401093,0.3756408989429474,0.43178224563598633,0.4131103754043579
47,980,0.24964730441570282,0.00020824636158067733,0.68218994140625,0.31781005859375,2,987,789,0.1911313384771347,0.3752537667751312,0.4309544861316681,0.4122360348701477
47,1000,0.25006186962127686,0.00020824636158067733,0.68170166015625,0.31829833984375,2,992,790,0.19184309244155884,0.37474942207336426,0.4317033588886261,0.41236433386802673
47,1020,0.24990375339984894,0.00020824636158067733,0.6824951171875,0.3175048828125,2,992,794,0.19146022200584412,0.37553149461746216,0.4309733211994171,0.4127116799354553
47,1040,0.24919560551643372,0.00020824636158067733,0.68280029296875,0.31719970703125,2,981,791,0.19092276692390442,0.3746330142021179,0.4304613173007965,0.4118945896625519
47,1060,0.2499990016222,0.00020824636158067733,0.68304443359375,0.31695556640625,2,993,793,0.19167755544185638,0.37568262219429016,0.4313255548477173,0.41273730993270874
47,1080,0.24945972859859467,0.00020824636158067733,0.68212890625,0.31787109375,2,994,791,0.1918623149394989,0.3730597496032715,0.4314746856689453,0.41048577427864075
47,1100,0.24874868988990784,0.00020824636158067733,0.6820068359375,0.3179931640625,2,991,787,0.19089514017105103,0.3728284239768982,0.4307005703449249,0.4102538824081421
47,1120,0.25145310163497925,0.00020824636158067733,0.68133544921875,0.31866455078125,2,998,795,0.19323986768722534,0.37591853737831116,0.4325729310512543,0.4127901494503021
47,1140,0.2503480315208435,0.00020824636158067733,0.68218994140625,0.31781005859375,2,1005,795,0.19286608695983887,0.3737349510192871,0.4325646162033081,0.4105859696865082
47,1160,0.24921999871730804,0.00020824636158067733,0.6842041015625,0.3157958984375,2,1001,781,0.19251015782356262,0.3720877468585968,0.43214017152786255,0.40908488631248474
47,1180,0.24909277260303497,0.00020824636158067733,0.6827392578125,0.3172607421875,2,994,789,0.19132231175899506,0.3734138011932373,0.4307049810886383,0.41040220856666565
47,1200,0.2496296763420105,0.00020824636158067733,0.68194580078125,0.31805419921875,2,995,788,0.1917618364095688,0.373705118894577,0.43078383803367615,0.41051968932151794
47,1220,0.24968867003917694,0.00020824636158067733,0.6839599609375,0.3160400390625,2,998,787,0.19253553450107574,0.3733770549297333,0.4318191111087799,0.41006115078926086
47,1240,0.2484019696712494,0.00020824636158067733,0.68548583984375,0.31451416015625,2,997,793,0.19095392525196075,0.37361031770706177,0.43063607811927795,0.41019105911254883
47,1260,0.2478746622800827,0.00020824636158067733,0.68646240234375,0.31353759765625,2,995,785,0.19104167819023132,0.3723052442073822,0.43041762709617615,0.40867021679878235
47,1280,0.24820367991924286,0.00020824636158067733,0.68310546875,0.31689453125,2,999,788,0.19076359272003174,0.37202292680740356,0.4301609396934509,0.4092002809047699
47,1300,0.2486739456653595,0.00020824636158067733,0.6824951171875,0.3175048828125,2,994,791,0.19087156653404236,0.37292349338531494,0.43002083897590637,0.4096863269805908
47,1320,0.2494799792766571,0.00020824636158067733,0.68341064453125,0.31658935546875,2,1001,791,0.19252918660640717,0.3724176585674286,0.43163007497787476,0.409358948469162
47,1340,0.24783706665039062,0.00020824636158067733,0.68310546875,0.31689453125,2,1000,779,0.1905732899904251,0.37127622961997986,0.4301121234893799,0.40817391872406006
47,1360,0.2485974133014679,0.00020824636158067733,0.682861328125,0.317138671875,2,1001,789,0.19105619192123413,0.3724948465824127,0.4304071068763733,0.4091678261756897
47,1380,0.24889999628067017,0.00020824636158067733,0.68267822265625,0.31732177734375,2,1007,789,0.19184014201164246,0.371657133102417,0.43104222416877747,0.4086165726184845
47,1400,0.247903510928154,0.00020824636158067733,0.6844482421875,0.3155517578125,2,1005,793,0.19054923951625824,0.3723078966140747,0.429990291595459,0.40883150696754456
47,1420,0.24909238517284393,0.00020824636158067733,0.68359375,0.31640625,2,1004,793,0.19155968725681305,0.37339144945144653,0.4306504428386688,0.41005709767341614
47,1440,0.24774348735809326,0.00020824636158067733,0.6844482421875,0.3155517578125,2,996,790,0.190860778093338,0.37112510204315186,0.43016916513442993,0.4074631929397583
47,1460,0.24855156242847443,0.00020824636158067733,0.6827392578125,0.3172607421875,2,1003,793,0.1909012496471405,0.37261396646499634,0.4303017258644104,0.40924888849258423
47,1480,0.24772298336029053,0.00020824636158067733,0.68414306640625,0.31585693359375,2,1004,792,0.18963085114955902,0.3735499978065491,0.42913341522216797,0.41011813282966614
47,1500,0.248000368475914,0.00020824636158067733,0.68304443359375,0.31695556640625,2,999,792,0.1906670480966568,0.3715546131134033,0.42989760637283325,0.40824007987976074
47,1520,0.24704234302043915,0.00020824636158067733,0.68487548828125,0.31512451171875,2,1000,788,0.1895146518945694,0.3720701038837433,0.4290074110031128,0.4086410403251648
47,1540,0.24812662601470947,0.00020824636158067733,0.6839599609375,0.3160400390625,2,996,790,0.19082894921302795,0.3721277415752411,0.4299822747707367,0.4081322252750397
47,1560,0.24926815927028656,0.00020824636158067733,0.68182373046875,0.31817626953125,2,997,792,0.1913222372531891,0.3734411299228668,0.43052196502685547,0.41017645597457886
47,1580,0.24680781364440918,0.00020824636158067733,0.6864013671875,0.3135986328125,2,995,791,0.18970349431037903,0.3717970848083496,0.42873409390449524,0.4075342118740082
47,1600,0.2486746907234192,0.00020824636158067733,0.68389892578125,0.31610107421875,2,1000,793,0.1912987232208252,0.3728102445602417,0.43039777874946594,0.40940842032432556
47,1620,0.2476673573255539,0.00020824636158067733,0.6837158203125,0.3162841796875,2,1005,794,0.19007517397403717,0.37216511368751526,0.42934730648994446,0.40812042355537415
47,1640,0.24756988883018494,0.00020824636158067733,0.68310546875,0.31689453125,2,1001,798,0.189824178814888,0.37204790115356445,0.42904454469680786,0.40891098976135254
47,1660,0.24736525118350983,0.00020824636158067733,0.68463134765625,0.31536865234375,2,998,794,0.1901012510061264,0.37167927622795105,0.42907583713531494,0.40792301297187805
47,1680,0.24718092381954193,0.00020824636158067733,0.685302734375,0.314697265625,2,1001,794,0.18995927274227142,0.37178999185562134,0.4290624260902405,0.4076029658317566
47,1700,0.24766728281974792,0.00020824636158067733,0.68463134765625,0.31536865234375,2,995,797,0.19010403752326965,0.37263092398643494,0.4293767213821411,0.4086706340312958
47,1720,0.247841477394104,0.00020824636158067733,0.68499755859375,0.31500244140625,2,996,796,0.19060835242271423,0.3722994029521942,0.42980846762657166,0.40830159187316895
47,1740,0.2472405880689621,0.00020824636158067733,0.68499755859375,0.31500244140625,2,997,795,0.19009236991405487,0.37151384353637695,0.4293120801448822,0.40765219926834106
47,1760,0.24778461456298828,0.00020824636158067733,0.68341064453125,0.31658935546875,2,994,795,0.1899215430021286,0.37269166111946106,0.42930665612220764,0.40882644057273865
47,1780,0.24698755145072937,0.00020824636158067733,0.68548583984375,0.31451416015625,2,1003,792,0.18991422653198242,0.3713792860507965,0.4289126396179199,0.40760117769241333
47,1800,0.24697542190551758,0.00020824636158067733,0.68408203125,0.31591796875,2,994,793,0.18926148116588593,0.37194791436195374,0.42847952246665955,0.4079265594482422
47,1820,0.24797411262989044,0.00020824636158067733,0.68389892578125,0.31610107421875,2,991,797,0.19020947813987732,0.3729504942893982,0.4293674826622009,0.4089600741863251
47,1840,0.24627068638801575,0.00020824636158067733,0.68316650390625,0.31683349609375,2,996,795,0.18842792510986328,0.370993047952652,0.4276687800884247,0.4074067175388336
47,1860,0.2487381547689438,0.00020824636158067733,0.681640625,0.318359375,2,1009,795,0.1911073923110962,0.3721316158771515,0.4300679564476013,0.4087667167186737
47,1880,0.24686914682388306,0.00020824636158067733,0.684814453125,0.315185546875,2,1000,797,0.1888633519411087,0.3729002773761749,0.4282335042953491,0.40892723202705383
47,1900,0.247747004032135,0.00020824636158067733,0.68316650390625,0.31683349609375,2,1004,797,0.18953941762447357,0.373256117105484,0.4283812940120697,0.4093054234981537
47,1920,0.24723581969738007,0.00020824636158067733,0.68414306640625,0.31585693359375,2,1001,795,0.18985511362552643,0.37152189016342163,0.42867302894592285,0.4075941741466522
47,1940,0.24763913452625275,0.00020824636158067733,0.68377685546875,0.31622314453125,2,997,799,0.18947583436965942,0.3734070062637329,0.4288153648376465,0.40953513979911804
47,1960,0.24708224833011627,0.00020824636158067733,0.68389892578125,0.31610107421875,2,1000,799,0.18911688029766083,0.3724929392337799,0.42820993065834045,0.4086872637271881
47,1980,0.24755112826824188,0.00020824636158067733,0.68292236328125,0.31707763671875,2,1001,797,0.1894572228193283,0.3726739287376404,0.4286755919456482,0.40882545709609985
47,2000,0.2478606104850769,0.00020824636158067733,0.68096923828125,0.31903076171875,2,999,801,0.1891852468252182,0.3731028437614441,0.4283372759819031,0.40903759002685547
48,0,0.8664990067481995,0.00020824636158067733,0.6500244140625,0.3499755859375,2,1340,1085,0.7984694242477417,0.9928531646728516,0.7597692608833313,0.7218818068504333
48,20,0.6673319935798645,0.00020824636158067733,0.635009765625,0.364990234375,2,1330,1085,0.5991277694702148,0.7859934568405151,0.6936312913894653,0.656950056552887
48,40,0.5029604434967041,0.00020824636158067733,0.63494873046875,0.36505126953125,2,1300,1039,0.44146496057510376,0.6099220514297485,0.6262882947921753,0.5848137140274048
48,60,0.39583930373191833,0.00020824636158067733,0.64300537109375,0.35699462890625,2,1253,955,0.3438354432582855,0.48950666189193726,0.5716656446456909,0.517622172832489
48,80,0.34002551436424255,0.00020824636158067733,0.6414794921875,0.3585205078125,2,1196,875,0.2897058427333832,0.4300595819950104,0.5321709513664246,0.47217535972595215
48,100,0.31220704317092896,0.00020824636158067733,0.642822265625,0.357177734375,2,1157,832,0.26236486434936523,0.40190938115119934,0.5080789923667908,0.4450058937072754
48,120,0.30022484064102173,0.00020824636158067733,0.63909912109375,0.36090087890625,2,1125,813,0.24839766323566437,0.39200273156166077,0.4943157434463501,0.4333359897136688
48,140,0.2920750379562378,0.00020824636158067733,0.64019775390625,0.35980224609375,2,1097,800,0.238775372505188,0.3869113326072693,0.48417535424232483,0.42577868700027466
48,160,0.28500112891197205,0.00020824636158067733,0.6456298828125,0.3543701171875,2,1082,786,0.2309691309928894,0.38344240188598633,0.47553250193595886,0.4203389883041382
48,180,0.28098222613334656,0.00020824636158067733,0.6435546875,0.3564453125,2,1068,794,0.22602856159210205,0.3801999092102051,0.4699009656906128,0.4158950746059418
48,200,0.2766672670841217,0.00020824636158067733,0.64678955078125,0.35321044921875,2,1061,788,0.22114475071430206,0.37833860516548157,0.46470192074775696,0.4125659763813019
48,220,0.27250877022743225,0.00020824636158067733,0.65228271484375,0.34771728515625,2,1055,787,0.2173531949520111,0.3759750723838806,0.4609498083591461,0.4097909927368164
48,240,0.2716298997402191,0.00020824636158067733,0.64892578125,0.35107421875,2,1049,776,0.2162695974111557,0.3739578127861023,0.459166020154953,0.4082208275794983
48,260,0.2698270082473755,0.00020824636158067733,0.6513671875,0.3486328125,2,1053,786,0.21380706131458282,0.3744916617870331,0.45724231004714966,0.40781664848327637
48,280,0.2679252624511719,0.00020824636158067733,0.65185546875,0.34814453125,2,1040,786,0.21205401420593262,0.3725367784500122,0.45535436272621155,0.4058118164539337
48,300,0.2668522596359253,0.00020824636158067733,0.6524658203125,0.3475341796875,2,1046,787,0.21088753640651703,0.3719213008880615,0.4539312422275543,0.40584796667099
48,320,0.26643428206443787,0.00020824636158067733,0.65594482421875,0.34405517578125,2,1048,788,0.21023711562156677,0.37357473373413086,0.4535137116909027,0.40775150060653687
48,340,0.2640301585197449,0.00020824636158067733,0.6617431640625,0.3382568359375,2,1032,784,0.20866115391254425,0.3723503649234772,0.45152774453163147,0.4062439501285553
48,360,0.2637990117073059,0.00020824636158067733,0.6624755859375,0.3375244140625,2,1037,787,0.208436980843544,0.3724607527256012,0.45121198892593384,0.406236857175827
48,380,0.26110097765922546,0.00020824636158067733,0.66552734375,0.33447265625,2,1025,782,0.20530536770820618,0.37212198972702026,0.44810640811920166,0.40635451674461365
48,400,0.2611770033836365,0.00020824636158067733,0.66510009765625,0.33489990234375,2,1023,786,0.20599238574504852,0.3707718551158905,0.44822660088539124,0.40481460094451904
48,420,0.2601867914199829,0.00020824636158067733,0.66998291015625,0.33001708984375,2,1025,777,0.20470046997070312,0.37283220887184143,0.4470394253730774,0.40672948956489563
48,440,0.26125451922416687,0.00020824636158067733,0.66357421875,0.33642578125,2,1030,788,0.20466797053813934,0.3728671371936798,0.44675230979919434,0.40809348225593567
48,460,0.259914755821228,0.00020824636158067733,0.66998291015625,0.33001708984375,2,1028,782,0.20322324335575104,0.3750067353248596,0.44559791684150696,0.40938904881477356
48,480,0.25917667150497437,0.00020824636158067733,0.6688232421875,0.3311767578125,2,1025,786,0.20206372439861298,0.37451818585395813,0.4443070888519287,0.4089844226837158
48,500,0.25802281498908997,0.00020824636158067733,0.6688232421875,0.3311767578125,2,1025,776,0.20163661241531372,0.3718967139720917,0.44306105375289917,0.40704697370529175
48,520,0.2590421140193939,0.00020824636158067733,0.6683349609375,0.3316650390625,2,1027,789,0.2020948976278305,0.37379589676856995,0.4436572194099426,0.4090436100959778
48,540,0.25750359892845154,0.00020824636158067733,0.671630859375,0.328369140625,2,1020,789,0.20059870183467865,0.3738940954208374,0.4421093463897705,0.4094284772872925
48,560,0.2578342854976654,0.00020824636158067733,0.6702880859375,0.3297119140625,2,1016,791,0.20011445879936218,0.3751757740974426,0.441303551197052,0.4110679030418396
48,580,0.2566660940647125,0.00020824636158067733,0.6710205078125,0.3289794921875,2,1022,785,0.19938884675502777,0.3734947144985199,0.4405786097049713,0.40940067172050476
48,600,0.2564017176628113,0.00020824636158067733,0.672607421875,0.327392578125,2,1025,786,0.19880402088165283,0.37473252415657043,0.43985432386398315,0.4108509421348572
48,620,0.25738176703453064,0.00020824636158067733,0.66717529296875,0.33282470703125,2,1024,782,0.19919541478157043,0.3740212619304657,0.43970051407814026,0.41100502014160156
48,640,0.25593069195747375,0.00020824636158067733,0.67303466796875,0.32696533203125,2,1019,790,0.19807206094264984,0.375028520822525,0.43847107887268066,0.4117708206176758
48,660,0.25653061270713806,0.00020824636158067733,0.67120361328125,0.32879638671875,2,1012,793,0.19810758531093597,0.3757951855659485,0.4387807846069336,0.41271066665649414
48,680,0.255749374628067,0.00020824636158067733,0.67279052734375,0.32720947265625,2,1012,793,0.19748042523860931,0.3755587339401245,0.4381375014781952,0.41273775696754456
48,700,0.2555900812149048,0.00020824636158067733,0.6739501953125,0.3260498046875,2,1009,800,0.1975710541009903,0.37551629543304443,0.4381953179836273,0.41293230652809143
48,720,0.255589097738266,0.00020824636158067733,0.67401123046875,0.32598876953125,2,1013,795,0.1961684376001358,0.3784467279911041,0.43688908219337463,0.4158453941345215
48,740,0.25547805428504944,0.00020824636158067733,0.66949462890625,0.33050537109375,2,1014,788,0.19662439823150635,0.3746960163116455,0.4365513324737549,0.412222683429718
48,760,0.25591903924942017,0.00020824636158067733,0.670654296875,0.329345703125,2,1014,805,0.19615612924098969,0.37761563062667847,0.43611231446266174,0.4151668846607208
48,780,0.2555539608001709,0.00020824636158067733,0.67236328125,0.32763671875,2,1012,797,0.19605164229869843,0.3776622414588928,0.43611666560173035,0.41522216796875
48,800,0.2547526955604553,0.00020824636158067733,0.672119140625,0.327880859375,2,1008,784,0.19583076238632202,0.3755362033843994,0.43587058782577515,0.4132322371006012
48,820,0.25419825315475464,0.00020824636158067733,0.6734619140625,0.3265380859375,2,1002,790,0.19518938660621643,0.3758998215198517,0.4352780878543854,0.4138037860393524
48,840,0.2552860677242279,0.00020824636158067733,0.67236328125,0.32763671875,2,1010,785,0.19582480192184448,0.3773101568222046,0.4356204569339752,0.4152861535549164
48,860,0.25565019249916077,0.00020824636158067733,0.67266845703125,0.32733154296875,2,1007,790,0.19601118564605713,0.3782086968421936,0.4361584484577179,0.41629958152770996
48,880,0.25400206446647644,0.00020824636158067733,0.6749267578125,0.3250732421875,2,1000,793,0.19552303850650787,0.3754179775714874,0.4356423020362854,0.4133259057998657
48,900,0.2535587251186371,0.00020824636158067733,0.67724609375,0.32275390625,2,1005,787,0.195076584815979,0.3762739300727844,0.4349733591079712,0.41378962993621826
48,920,0.2541104257106781,0.00020824636158067733,0.67572021484375,0.32427978515625,2,1003,792,0.1954272985458374,0.37639179825782776,0.4351156949996948,0.41452547907829285
48,940,0.25408172607421875,0.00020824636158067733,0.67523193359375,0.32476806640625,2,1003,791,0.19526736438274384,0.37636375427246094,0.4349154829978943,0.41420820355415344
48,960,0.2540265917778015,0.00020824636158067733,0.6754150390625,0.3245849609375,2,997,795,0.1949029415845871,0.3770544230937958,0.4347149133682251,0.4147960841655731
48,980,0.25345444679260254,0.00020824636158067733,0.6778564453125,0.3221435546875,2,1001,790,0.19469395279884338,0.3770986795425415,0.43445253372192383,0.4148697555065155
48,1000,0.25299420952796936,0.00020824636158067733,0.6767578125,0.3232421875,2,1007,786,0.19423912465572357,0.3760070502758026,0.43394726514816284,0.4140600562095642
48,1020,0.25352418422698975,0.00020824636158067733,0.6771240234375,0.3228759765625,2,1009,795,0.1946280151605606,0.3770391047000885,0.43422332406044006,0.41476383805274963
48,1040,0.25313517451286316,0.00020824636158067733,0.6773681640625,0.3226318359375,2,1009,794,0.19399335980415344,0.3773038685321808,0.4336593747138977,0.41517671942710876
48,1060,0.25287914276123047,0.00020824636158067733,0.6781005859375,0.3218994140625,2,1006,798,0.1938914954662323,0.3771402835845947,0.43395909667015076,0.415119469165802
48,1080,0.2515089511871338,0.00020824636158067733,0.67987060546875,0.32012939453125,2,1002,790,0.19301600754261017,0.3757324814796448,0.4326005280017853,0.4135967791080475
48,1100,0.2536796033382416,0.00020824636158067733,0.6761474609375,0.3238525390625,2,1009,794,0.19449466466903687,0.37724748253822327,0.4342048466205597,0.4150533974170685
48,1120,0.25365573167800903,0.00020824636158067733,0.67718505859375,0.32281494140625,2,1012,795,0.19472616910934448,0.3772751986980438,0.43451690673828125,0.41501352190971375
48,1140,0.2531045377254486,0.00020824636158067733,0.67889404296875,0.32110595703125,2,1011,800,0.19429580867290497,0.37744006514549255,0.4342421293258667,0.41471540927886963
48,1160,0.25394925475120544,0.00020824636158067733,0.67694091796875,0.32305908203125,2,1009,803,0.19470350444316864,0.3780933618545532,0.43435752391815186,0.4160034656524658
48,1180,0.2514902651309967,0.00020824636158067733,0.6800537109375,0.3199462890625,2,1004,789,0.19347301125526428,0.37480735778808594,0.43331536650657654,0.4128429889678955
48,1200,0.2519764304161072,0.00020824636158067733,0.67919921875,0.32080078125,2,1001,799,0.19311881065368652,0.37658974528312683,0.43307822942733765,0.41452905535697937
48,1220,0.2528809607028961,0.00020824636158067733,0.678466796875,0.321533203125,2,1008,796,0.19375404715538025,0.3776445686817169,0.433125764131546,0.41513490676879883
48,1240,0.252173513174057,0.00020824636158067733,0.67987060546875,0.32012939453125,2,1010,801,0.19344840943813324,0.37689009308815,0.43352973461151123,0.41493192315101624
48,1260,0.25237637758255005,0.00020824636158067733,0.6788330078125,0.3211669921875,2,1006,801,0.1932607740163803,0.37732577323913574,0.43300023674964905,0.4151912033557892
48,1280,0.2534063458442688,0.00020824636158067733,0.6761474609375,0.3238525390625,2,1012,799,0.19393792748451233,0.37756603956222534,0.4333886504173279,0.41533493995666504
48,1300,0.2512103319168091,0.00020824636158067733,0.6793212890625,0.3206787109375,2,997,789,0.19227834045886993,0.3760510981082916,0.4320884346961975,0.4142213761806488
48,1320,0.25286152958869934,0.00020824636158067733,0.67718505859375,0.32281494140625,2,1011,792,0.19372864067554474,0.376907616853714,0.4332171678543091,0.41475555300712585
48,1340,0.2529231309890747,0.00020824636158067733,0.67578125,0.32421875,2,1006,798,0.1934462934732437,0.37689292430877686,0.4329039752483368,0.41459575295448303
48,1360,0.2517663240432739,0.00020824636158067733,0.678955078125,0.321044921875,2,1001,790,0.19283293187618256,0.37640032172203064,0.43238407373428345,0.4142657220363617
48,1380,0.25250381231307983,0.00020824636158067733,0.67840576171875,0.32159423828125,2,1003,792,0.19359999895095825,0.376761794090271,0.4334840774536133,0.4144435524940491
48,1400,0.2527465522289276,0.00020824636158067733,0.67584228515625,0.32415771484375,2,997,793,0.19282132387161255,0.3776857852935791,0.43254056572914124,0.4155645966529846
48,1420,0.2507867217063904,0.00020824636158067733,0.67913818359375,0.32086181640625,2,996,791,0.1915050745010376,0.3762626051902771,0.43107330799102783,0.414155513048172
48,1440,0.25123780965805054,0.00020824636158067733,0.6795654296875,0.3204345703125,2,1002,789,0.1923828125,0.3760553002357483,0.43191853165626526,0.4138067066669464
48,1460,0.25072750449180603,0.00020824636158067733,0.681640625,0.318359375,2,998,790,0.19173398613929749,0.377038836479187,0.43194520473480225,0.4149186313152313
48,1480,0.251919150352478,0.00020824636158067733,0.67779541015625,0.32220458984375,2,1000,790,0.1927807778120041,0.3763236701488495,0.43212854862213135,0.4141392707824707
48,1500,0.2520811855792999,0.00020824636158067733,0.67724609375,0.32275390625,2,1008,789,0.1929410994052887,0.3761769235134125,0.4323444962501526,0.4140651524066925
48,1520,0.25159868597984314,0.00020824636158067733,0.67901611328125,0.32098388671875,2,1001,796,0.19224949181079865,0.37714728713035583,0.43212705850601196,0.41511139273643494
48,1540,0.25037360191345215,0.00020824636158067733,0.6790771484375,0.3209228515625,2,1003,786,0.19127917289733887,0.3754183053970337,0.4310038983821869,0.41298070549964905
48,1560,0.2518126368522644,0.00020824636158067733,0.67626953125,0.32373046875,2,1002,797,0.19193948805332184,0.3768870532512665,0.43159279227256775,0.4151594936847687
48,1580,0.2512839138507843,0.00020824636158067733,0.67803955078125,0.32196044921875,2,997,794,0.19162043929100037,0.3769334852695465,0.4315332770347595,0.4145556688308716
48,1600,0.2512502372264862,0.00020824636158067733,0.67889404296875,0.32110595703125,2,997,790,0.19194641709327698,0.37663254141807556,0.4314742684364319,0.41410207748413086
48,1620,0.2520897388458252,0.00020824636158067733,0.6768798828125,0.3231201171875,2,1003,798,0.1919500231742859,0.3780718743801117,0.4318004548549652,0.41599443554878235
48,1640,0.2531834840774536,0.00020824636158067733,0.67626953125,0.32373046875,2,1005,795,0.19265663623809814,0.3796234726905823,0.4324307143688202,0.41681545972824097
48,1660,0.25178584456443787,0.00020824636158067733,0.67706298828125,0.32293701171875,2,1005,798,0.19183719158172607,0.3774729073047638,0.431133508682251,0.415050745010376
48,1680,0.2511773705482483,0.00020824636158067733,0.67828369140625,0.32171630859375,2,1003,791,0.19153402745723724,0.3769252300262451,0.4312123656272888,0.4148704707622528
48,1700,0.2508801817893982,0.00020824636158067733,0.6773681640625,0.3226318359375,2,1006,792,0.19150519371032715,0.3755384385585785,0.43055322766304016,0.4134811758995056
48,1720,0.2516160309314728,0.00020824636158067733,0.67626953125,0.32373046875,2,998,790,0.1917950063943863,0.376581609249115,0.4315052926540375,0.4145846366882324
48,1740,0.2515783905982971,0.00020824636158067733,0.6783447265625,0.3216552734375,2,1011,790,0.1918766051530838,0.3774844706058502,0.43181782960891724,0.4151943624019623
48,1760,0.25097543001174927,0.00020824636158067733,0.67901611328125,0.32098388671875,2,1003,789,0.1910407692193985,0.37776246666908264,0.4311287999153137,0.41515466570854187
48,1780,0.2521345615386963,0.00020824636158067733,0.6773681640625,0.3226318359375,2,1007,791,0.19255466759204865,0.37722301483154297,0.43214643001556396,0.4145103991031647
48,1800,0.2533496618270874,0.00020824636158067733,0.67657470703125,0.32342529296875,2,1002,808,0.1925344318151474,0.38056933879852295,0.432140052318573,0.4179879426956177
48,1820,0.2519514262676239,0.00020824636158067733,0.676025390625,0.323974609375,2,1011,793,0.1918116956949234,0.37744271755218506,0.4310709536075592,0.41517573595046997
48,1840,0.2512392997741699,0.00020824636158067733,0.67864990234375,0.32135009765625,2,1007,792,0.19143666326999664,0.3775346577167511,0.43088528513908386,0.41507595777511597
48,1860,0.2508786618709564,0.00020824636158067733,0.6787109375,0.3212890625,2,1000,793,0.19137446582317352,0.37657901644706726,0.4304737448692322,0.4148479700088501
48,1880,0.24961210787296295,0.00020824636158067733,0.67791748046875,0.32208251953125,2,998,794,0.19004712998867035,0.37498414516448975,0.4295418858528137,0.41288620233535767
48,1900,0.2513357400894165,0.00020824636158067733,0.677001953125,0.322998046875,2,1003,796,0.19138862192630768,0.3769844174385071,0.43116891384124756,0.41477417945861816
48,1920,0.2506520748138428,0.00020824636158067733,0.6796875,0.3203125,2,1004,794,0.19072631001472473,0.37781161069869995,0.4304477870464325,0.415608674287796
48,1940,0.25046786665916443,0.00020824636158067733,0.67864990234375,0.32135009765625,2,1005,791,0.19097983837127686,0.3760989010334015,0.43046167492866516,0.4137440621852875
48,1960,0.25028812885284424,0.00020824636158067733,0.6756591796875,0.3243408203125,2,999,796,0.190227672457695,0.3754046857357025,0.4299938380718231,0.4140568971633911
48,1980,0.24899031221866608,0.00020824636158067733,0.6805419921875,0.3194580078125,2,999,793,0.18958091735839844,0.375550240278244,0.4287862479686737,0.4134560823440552
48,2000,0.2509314715862274,0.00020824636158067733,0.67816162109375,0.32183837890625,2,1006,796,0.19103510677814484,0.377142071723938,0.4304284453392029,0.41506701707839966
49,0,0.8177340626716614,0.00020824636158067733,0.5762939453125,0.4237060546875,2,1338,1115,0.679446816444397,1.0058221817016602,0.7231155633926392,0.6196210384368896
49,20,0.6124522089958191,0.00020824636158067733,0.5966796875,0.4033203125,2,1329,1074,0.5195375084877014,0.749911904335022,0.6533282995223999,0.5783305764198303
49,40,0.4494607150554657,0.00020824636158067733,0.62152099609375,0.37847900390625,2,1276,982,0.3776167035102844,0.5674397945404053,0.5793485641479492,0.5244282484054565
49,60,0.3469732105731964,0.00020824636158067733,0.642822265625,0.357177734375,2,1173,885,0.28627827763557434,0.4562074542045593,0.5208731889724731,0.4704177677631378
49,80,0.29929184913635254,0.00020824636158067733,0.64849853515625,0.35150146484375,2,1102,814,0.24322761595249176,0.4027268886566162,0.48633626103401184,0.43499282002449036
49,100,0.28118714690208435,0.00020824636158067733,0.64910888671875,0.35089111328125,2,1061,788,0.22445228695869446,0.38614022731781006,0.46893513202667236,0.42051962018013
49,120,0.27399083971977234,0.00020824636158067733,0.65155029296875,0.34844970703125,2,1035,786,0.21641136705875397,0.38165611028671265,0.4603758156299591,0.4144926071166992
49,140,0.27189508080482483,0.00020824636158067733,0.65240478515625,0.34759521484375,2,1033,784,0.2138834297657013,0.3807777464389801,0.45728132128715515,0.4127500057220459
49,160,0.2693636417388916,0.00020824636158067733,0.6534423828125,0.3465576171875,2,1027,780,0.21118079125881195,0.37906864285469055,0.45452880859375,0.41106319427490234
49,180,0.26866114139556885,0.00020824636158067733,0.6539306640625,0.3460693359375,2,1028,778,0.2101888805627823,0.37915000319480896,0.4531313180923462,0.41076403856277466
49,200,0.26748034358024597,0.00020824636158067733,0.6539306640625,0.3460693359375,2,1018,774,0.20835429430007935,0.3792046308517456,0.451307088136673,0.41033002734184265
49,220,0.26743873953819275,0.00020824636158067733,0.65313720703125,0.34686279296875,2,1014,785,0.20767496526241302,0.3799729347229004,0.45094045996665955,0.4110369086265564
49,240,0.26714223623275757,0.00020824636158067733,0.6519775390625,0.3480224609375,2,1022,775,0.20769605040550232,0.3785073161125183,0.450590044260025,0.41012346744537354
49,260,0.26568660140037537,0.00020824636158067733,0.65667724609375,0.34332275390625,2,1021,780,0.20656639337539673,0.37876641750335693,0.4498620331287384,0.41031989455223083
49,280,0.26627930998802185,0.00020824636158067733,0.65283203125,0.34716796875,2,1018,782,0.2066701501607895,0.3783714473247528,0.44969889521598816,0.41014012694358826
49,300,0.26551005244255066,0.00020824636158067733,0.657958984375,0.342041015625,2,1022,797,0.20616237819194794,0.3796727955341339,0.4498143792152405,0.41229522228240967
49,320,0.26442691683769226,0.00020824636158067733,0.65814208984375,0.34185791015625,2,1013,791,0.20540234446525574,0.37806054949760437,0.44863367080688477,0.4108559191226959
49,340,0.26391273736953735,0.00020824636158067733,0.65899658203125,0.34100341796875,2,1018,792,0.2050863802433014,0.37759602069854736,0.4481601417064667,0.4105437099933624
49,360,0.2637922763824463,0.00020824636158067733,0.6610107421875,0.3389892578125,2,1028,793,0.2053179144859314,0.3778141736984253,0.44881945848464966,0.410078227519989
49,380,0.2624843716621399,0.00020824636158067733,0.66632080078125,0.33367919921875,2,1028,779,0.20544758439064026,0.3763805329799652,0.44848868250846863,0.4087715148925781
49,400,0.26182588934898376,0.00020824636158067733,0.66650390625,0.33349609375,2,1022,783,0.20399999618530273,0.3773930072784424,0.44675523042678833,0.4108234643936157
49,420,0.26161324977874756,0.00020824636158067733,0.66485595703125,0.33514404296875,2,1022,781,0.20364408195018768,0.37661200761795044,0.4466913044452667,0.4096759259700775
49,440,0.26104503870010376,0.00020824636158067733,0.6697998046875,0.3302001953125,2,1027,785,0.2038186490535736,0.3771268427371979,0.44604435563087463,0.4105524718761444
49,460,0.2609904408454895,0.00020824636158067733,0.6676025390625,0.3323974609375,2,1020,789,0.20275475084781647,0.3779536783695221,0.44505226612091064,0.4115282893180847
49,480,0.26056426763534546,0.00020824636158067733,0.66455078125,0.33544921875,2,1012,796,0.20201392471790314,0.37655702233314514,0.44403377175331116,0.41195985674858093
49,500,0.2610264718532562,0.00020824636158067733,0.6656494140625,0.3343505859375,2,1013,795,0.2021385133266449,0.3782649338245392,0.4443480670452118,0.413222074508667
49,520,0.2591068744659424,0.00020824636158067733,0.670166015625,0.329833984375,2,1012,791,0.20100268721580505,0.37716466188430786,0.44296663999557495,0.4122702181339264
49,540,0.25795990228652954,0.00020824636158067733,0.66778564453125,0.33221435546875,2,1010,789,0.19986912608146667,0.3747284412384033,0.4414198100566864,0.4099436104297638
49,560,0.2571604251861572,0.00020824636158067733,0.6697998046875,0.3302001953125,2,1002,783,0.19937027990818024,0.374385803937912,0.4410705864429474,0.40986916422843933
49,580,0.2575768530368805,0.00020824636158067733,0.667236328125,0.332763671875,2,1004,782,0.19946682453155518,0.3740953505039215,0.44053569436073303,0.41032952070236206
49,600,0.2581789791584015,0.00020824636158067733,0.663818359375,0.336181640625,2,1007,783,0.1989925652742386,0.375047504901886,0.440288245677948,0.41168728470802307
49,620,0.2578701674938202,0.00020824636158067733,0.66546630859375,0.33453369140625,2,1010,783,0.19871139526367188,0.3755508065223694,0.4395957887172699,0.41283079981803894
49,640,0.258746862411499,0.00020824636158067733,0.665771484375,0.334228515625,2,1002,790,0.19872348010540009,0.3783113658428192,0.4398835599422455,0.4153769612312317
49,660,0.2568676173686981,0.00020824636158067733,0.66748046875,0.33251953125,2,1000,792,0.1973583996295929,0.376322865486145,0.438198983669281,0.41348716616630554
49,680,0.2554851472377777,0.00020824636158067733,0.66766357421875,0.33233642578125,2,999,786,0.1962282955646515,0.37453216314315796,0.4368695616722107,0.4120635986328125
49,700,0.2564612329006195,0.00020824636158067733,0.66656494140625,0.33343505859375,2,994,786,0.19672518968582153,0.3758786916732788,0.4377451241016388,0.4133015275001526
49,720,0.255616694688797,0.00020824636158067733,0.6666259765625,0.3333740234375,2,991,785,0.1957807093858719,0.3752666711807251,0.4361437261104584,0.4132024645805359
49,740,0.25556644797325134,0.00020824636158067733,0.66815185546875,0.33184814453125,2,991,788,0.19554468989372253,0.37641584873199463,0.4361793100833893,0.4139822721481323
49,760,0.2549319565296173,0.00020824636158067733,0.66851806640625,0.33148193359375,2,990,788,0.195348858833313,0.37509655952453613,0.4357577860355377,0.4128541350364685
49,780,0.2547125518321991,0.00020824636158067733,0.67059326171875,0.32940673828125,2,996,793,0.1951429545879364,0.3759820759296417,0.43586504459381104,0.41379833221435547
49,800,0.2539058327674866,0.00020824636158067733,0.6707763671875,0.3292236328125,2,990,779,0.19483666121959686,0.3742562234401703,0.43535327911376953,0.4120165705680847
49,820,0.2532038986682892,0.00020824636158067733,0.67236328125,0.32763671875,2,996,779,0.19408556818962097,0.3745242655277252,0.4345197379589081,0.41213810443878174
49,840,0.2542229890823364,0.00020824636158067733,0.6715087890625,0.3284912109375,2,994,784,0.19491244852542877,0.37546688318252563,0.43519502878189087,0.41322776675224304
49,860,0.25417590141296387,0.00020824636158067733,0.6715087890625,0.3284912109375,2,992,778,0.19464799761772156,0.375864177942276,0.4350392520427704,0.4134353995323181
49,880,0.2525705099105835,0.00020824636158067733,0.6732177734375,0.3267822265625,2,1002,779,0.19367638230323792,0.373900830745697,0.43388962745666504,0.4116845428943634
49,900,0.25336870551109314,0.00020824636158067733,0.671630859375,0.328369140625,2,1001,782,0.19418592751026154,0.37441831827163696,0.4342423379421234,0.4121057987213135
49,920,0.25355064868927,0.00020824636158067733,0.67108154296875,0.32891845703125,2,998,783,0.1938873529434204,0.3752797245979309,0.43407949805259705,0.41303250193595886
49,940,0.2518492341041565,0.00020824636158067733,0.67474365234375,0.32525634765625,2,995,780,0.1937020719051361,0.37247538566589355,0.4336448013782501,0.40997907519340515
49,960,0.253793865442276,0.00020824636158067733,0.67376708984375,0.32623291015625,2,997,785,0.19466619193553925,0.37590986490249634,0.43457597494125366,0.4133971035480499
49,980,0.25303393602371216,0.00020824636158067733,0.67242431640625,0.32757568359375,2,991,784,0.1939280778169632,0.3743622601032257,0.4337296783924103,0.4120495319366455
49,1000,0.25225475430488586,0.00020824636158067733,0.6739501953125,0.3260498046875,2,992,784,0.19319355487823486,0.37433525919914246,0.4331742525100708,0.41215750575065613
49,1020,0.2530195713043213,0.00020824636158067733,0.67242431640625,0.32757568359375,2,1002,784,0.1943701058626175,0.37341102957725525,0.4342120885848999,0.4108729958534241
49,1040,0.2512877583503723,0.00020824636158067733,0.6759033203125,0.3240966796875,2,998,780,0.19328677654266357,0.3722487986087799,0.4331904351711273,0.40973490476608276
49,1060,0.2528057098388672,0.00020824636158067733,0.67633056640625,0.32366943359375,2,1005,786,0.19455668330192566,0.3745211660861969,0.4343007206916809,0.4120570123195648
49,1080,0.251553475856781,0.00020824636158067733,0.67767333984375,0.32232666015625,2,998,783,0.19386522471904755,0.37283971905708313,0.4338555932044983,0.41030606627464294
49,1100,0.2521495819091797,0.00020824636158067733,0.67608642578125,0.32391357421875,2,995,782,0.19372431933879852,0.37409737706184387,0.4338395297527313,0.4114927053451538
49,1120,0.2511835992336273,0.00020824636158067733,0.67645263671875,0.32354736328125,2,993,783,0.19274486601352692,0.3733636140823364,0.432443231344223,0.4109373092651367
49,1140,0.2523457407951355,0.00020824636158067733,0.6751708984375,0.3248291015625,2,995,781,0.19354869425296783,0.374557763338089,0.4337424337863922,0.41201454401016235
49,1160,0.2521061599254608,0.00020824636158067733,0.67535400390625,0.32464599609375,2,993,785,0.19328534603118896,0.3744698166847229,0.43315574526786804,0.41192981600761414
49,1180,0.25136685371398926,0.00020824636158067733,0.6761474609375,0.3238525390625,2,992,784,0.1928306370973587,0.3735801875591278,0.4326930046081543,0.41084715723991394
49,1200,0.2505737841129303,0.00020824636158067733,0.67681884765625,0.32318115234375,2,994,776,0.19190850853919983,0.37343302369117737,0.4316839277744293,0.4108901619911194
49,1220,0.2521135210990906,0.00020824636158067733,0.67767333984375,0.32232666015625,2,998,781,0.19362297654151917,0.37508660554885864,0.43319207429885864,0.41262853145599365
49,1240,0.2513076364994049,0.00020824636158067733,0.67767333984375,0.32232666015625,2,994,781,0.1926555335521698,0.37462034821510315,0.4325784742832184,0.4121631979942322
49,1260,0.2513183057308197,0.00020824636158067733,0.67596435546875,0.32403564453125,2,994,781,0.1928894817829132,0.3732054531574249,0.4327169358730316,0.410707950592041
49,1280,0.25209224224090576,0.00020824636158067733,0.67669677734375,0.32330322265625,2,997,779,0.19327382743358612,0.3752034306526184,0.43304985761642456,0.41259506344795227
49,1300,0.2506505846977234,0.00020824636158067733,0.6768798828125,0.3231201171875,2,991,781,0.1917809396982193,0.3739721179008484,0.431491494178772,0.4115244150161743
49,1320,0.2524203956127167,0.00020824636158067733,0.677001953125,0.322998046875,2,990,785,0.19310259819030762,0.3767501711845398,0.4331234395503998,0.4143276512622833
49,1340,0.2511228919029236,0.00020824636158067733,0.67803955078125,0.32196044921875,2,990,793,0.19252023100852966,0.37453845143318176,0.4322964549064636,0.41200020909309387
49,1360,0.25024476647377014,0.00020824636158067733,0.67816162109375,0.32183837890625,2,992,784,0.1914878636598587,0.3740543723106384,0.43162858486175537,0.41152897477149963
49,1380,0.2515926957130432,0.00020824636158067733,0.6754150390625,0.3245849609375,2,989,792,0.1920621544122696,0.3754672408103943,0.43178772926330566,0.4130663573741913
49,1400,0.24991925060749054,0.00020824636158067733,0.67779541015625,0.32220458984375,2,990,785,0.19036979973316193,0.37518855929374695,0.43037450313568115,0.4124720096588135
49,1420,0.25150278210639954,0.00020824636158067733,0.67803955078125,0.32196044921875,2,995,794,0.19212034344673157,0.3765604794025421,0.43158361315727234,0.41389191150665283
49,1440,0.25117531418800354,0.00020824636158067733,0.675048828125,0.324951171875,2,989,793,0.191584050655365,0.37496936321258545,0.43135350942611694,0.4126746654510498
49,1460,0.250307559967041,0.00020824636158067733,0.6798095703125,0.3201904296875,2,995,785,0.1914786547422409,0.3752096891403198,0.43141788244247437,0.41257399320602417
49,1480,0.2515134811401367,0.00020824636158067733,0.67608642578125,0.32391357421875,2,998,789,0.1918078064918518,0.3761337697505951,0.4313625693321228,0.41402730345726013
49,1500,0.2511885166168213,0.00020824636158067733,0.67779541015625,0.32220458984375,2,995,787,0.1919700652360916,0.375761479139328,0.43172508478164673,0.412902295589447
49,1520,0.25129246711730957,0.00020824636158067733,0.67840576171875,0.32159423828125,2,997,782,0.19226205348968506,0.3758176863193512,0.43211930990219116,0.4132463335990906
49,1540,0.2505630850791931,0.00020824636158067733,0.677978515625,0.322021484375,2,995,791,0.19093067944049835,0.376112163066864,0.4308282732963562,0.413224458694458
49,1560,0.2500033974647522,0.00020824636158067733,0.67926025390625,0.32073974609375,2,997,788,0.19118209183216095,0.3745748698711395,0.43083563446998596,0.41186609864234924
49,1580,0.25059348344802856,0.00020824636158067733,0.6800537109375,0.3199462890625,2,995,788,0.19147099554538727,0.37625977396965027,0.431216835975647,0.41378504037857056
49,1600,0.2508132755756378,0.00020824636158067733,0.67742919921875,0.32257080078125,2,993,786,0.19212596118450165,0.374062180519104,0.43183475732803345,0.4113018810749054
49,1620,0.25009554624557495,0.00020824636158067733,0.6820068359375,0.3179931640625,2,994,784,0.19188570976257324,0.37493935227394104,0.4315900504589081,0.41219085454940796
49,1640,0.24939049780368805,0.00020824636158067733,0.6798095703125,0.3201904296875,2,996,778,0.19155539572238922,0.37218260765075684,0.4309551417827606,0.4090632498264313
49,1660,0.25027352571487427,0.00020824636158067733,0.68060302734375,0.31939697265625,2,996,793,0.1916288435459137,0.37523946166038513,0.43145322799682617,0.41211435198783875
49,1680,0.2496778517961502,0.00020824636158067733,0.67864990234375,0.32135009765625,2,999,787,0.19117380678653717,0.37323078513145447,0.43058672547340393,0.4106701612472534
49,1700,0.24984011054039001,0.00020824636158067733,0.67889404296875,0.32110595703125,2,1000,783,0.19157297909259796,0.3730306327342987,0.4309003949165344,0.4099847972393036
49,1720,0.25115159153938293,0.00020824636158067733,0.6795654296875,0.3204345703125,2,995,791,0.19263696670532227,0.37524718046188354,0.4321337044239044,0.4129687547683716
49,1740,0.25023242831230164,0.00020824636158067733,0.67730712890625,0.32269287109375,2,991,783,0.19171249866485596,0.3730611503124237,0.4311678111553192,0.4102970361709595
49,1760,0.2487776130437851,0.00020824636158067733,0.68389892578125,0.31610107421875,2,997,782,0.1911020576953888,0.37356123328208923,0.4309210181236267,0.4105899930000305
49,1780,0.2499101758003235,0.00020824636158067733,0.67974853515625,0.32025146484375,2,991,787,0.19145451486110687,0.3739849925041199,0.4312421381473541,0.41050001978874207
49,1800,0.24911995232105255,0.00020824636158067733,0.68115234375,0.31884765625,2,995,789,0.19063298404216766,0.37406525015830994,0.430386483669281,0.4110696315765381
49,1820,0.2495669722557068,0.00020824636158067733,0.68084716796875,0.31915283203125,2,995,785,0.19132673740386963,0.3738105893135071,0.43063652515411377,0.4111563563346863
49,1840,0.2496100813150406,0.00020824636158067733,0.68035888671875,0.31964111328125,2,992,791,0.19045807421207428,0.3755156397819519,0.4302797317504883,0.4124935269355774
49,1860,0.25052040815353394,0.00020824636158067733,0.680419921875,0.319580078125,2,995,791,0.19210337102413177,0.37489640712738037,0.431634783744812,0.41196468472480774
49,1880,0.24950113892555237,0.00020824636158067733,0.6798095703125,0.3201904296875,2,992,788,0.19055204093456268,0.37465837597846985,0.43012163043022156,0.41174376010894775
49,1900,0.24891799688339233,0.00020824636158067733,0.68206787109375,0.31793212890625,2,995,783,0.1910090297460556,0.3731514513492584,0.43066924810409546,0.41005992889404297
49,1920,0.2503744661808014,0.00020824636158067733,0.67694091796875,0.32305908203125,2,989,789,0.19103728234767914,0.3747101426124573,0.4305941164493561,0.4122021794319153
49,1940,0.24999898672103882,0.00020824636158067733,0.67816162109375,0.32183837890625,2,999,787,0.19126173853874207,0.3737671673297882,0.4305667281150818,0.410943865776062
49,1960,0.25059473514556885,0.00020824636158067733,0.68133544921875,0.31866455078125,2,1005,787,0.19253067672252655,0.37474125623703003,0.43231436610221863,0.4120088517665863
49,1980,0.24888332188129425,0.00020824636158067733,0.68072509765625,0.31927490234375,2,998,788,0.1904398649930954,0.3734903931617737,0.4296233654022217,0.4102123975753784
49,2000,0.25022822618484497,0.00020824636158067733,0.68035888671875,0.31964111328125,2,999,788,0.19107940793037415,0.3761269152164459,0.4308379888534546,0.4135226309299469
50,0,0.8590648174285889,0.00020824636158067733,0.778564453125,0.221435546875,2,1335,959,0.9044234156608582,0.6995844841003418,0.7381370663642883,0.6700583696365356
50,20,0.6654946804046631,0.00020824636158067733,0.72509765625,0.27490234375,2,1334,984,0.6792943477630615,0.6290959119796753,0.6815072894096375,0.6162105202674866
50,40,0.494211345911026,0.00020824636158067733,0.685546875,0.314453125,2,1296,970,0.47422799468040466,0.5377774834632874,0.6142578721046448,0.5529875159263611
50,60,0.3795413672924042,0.00020824636158067733,0.66943359375,0.33056640625,2,1221,884,0.34216293692588806,0.45523694157600403,0.5541795492172241,0.4927419126033783
50,80,0.32029294967651367,0.00020824636158067733,0.65673828125,0.34326171875,2,1143,821,0.2733986973762512,0.4100123345851898,0.5107715129852295,0.4525661766529083
50,100,0.296626478433609,0.00020824636158067733,0.64459228515625,0.35540771484375,2,1082,816,0.2442297637462616,0.39165687561035156,0.4867880940437317,0.4337913990020752
50,120,0.2851068079471588,0.00020824636158067733,0.64971923828125,0.35028076171875,2,1073,806,0.23041613399982452,0.3865499794483185,0.47415149211883545,0.4258233904838562
50,140,0.2786702811717987,0.00020824636158067733,0.64447021484375,0.35552978515625,2,1050,792,0.22213377058506012,0.3811541497707367,0.4652390778064728,0.41898173093795776
50,160,0.27450013160705566,0.00020824636158067733,0.6400146484375,0.3599853515625,2,1032,793,0.21654094755649567,0.37754517793655396,0.4586578607559204,0.4140315651893616
50,180,0.2701514959335327,0.00020824636158067733,0.64739990234375,0.35260009765625,2,1018,779,0.2121046483516693,0.376729816198349,0.4540700614452362,0.4120837152004242
50,200,0.2692875564098358,0.00020824636158067733,0.6466064453125,0.3533935546875,2,1025,782,0.21102122962474823,0.3758978843688965,0.45296013355255127,0.4113295078277588
50,220,0.26770853996276855,0.00020824636158067733,0.65087890625,0.34912109375,2,1021,774,0.21024174988269806,0.37484586238861084,0.451643705368042,0.40904396772384644
50,240,0.2665294408798218,0.00020824636158067733,0.65057373046875,0.34942626953125,2,1020,778,0.20862142741680145,0.3743445575237274,0.45043882727622986,0.40822046995162964
50,260,0.2644478678703308,0.00020824636158067733,0.6524658203125,0.3475341796875,2,1009,781,0.20687097311019897,0.37254366278648376,0.44864678382873535,0.4060720205307007
50,280,0.2633252739906311,0.00020824636158067733,0.6558837890625,0.3441162109375,2,1018,780,0.2052837759256363,0.37395206093788147,0.44749394059181213,0.40729597210884094
50,300,0.26321202516555786,0.00020824636158067733,0.65399169921875,0.34600830078125,2,1020,789,0.20506034791469574,0.3731248378753662,0.4472564458847046,0.4067924916744232
50,320,0.263243705034256,0.00020824636158067733,0.65350341796875,0.34649658203125,2,1007,785,0.2046821415424347,0.37369272112846375,0.44689831137657166,0.40765678882598877
50,340,0.261892169713974,0.00020824636158067733,0.657470703125,0.342529296875,2,1014,784,0.20386850833892822,0.37326622009277344,0.44623565673828125,0.4080617427825928
50,360,0.260107159614563,0.00020824636158067733,0.66790771484375,0.33209228515625,2,1019,785,0.20332860946655273,0.37430083751678467,0.44568267464637756,0.4083470106124878
50,380,0.25965458154678345,0.00020824636158067733,0.66607666015625,0.33392333984375,2,1015,789,0.2031547725200653,0.3723547160625458,0.4449777901172638,0.4064832031726837
50,400,0.25895097851753235,0.00020824636158067733,0.6668701171875,0.3331298828125,2,1016,783,0.2029493749141693,0.37105679512023926,0.4448619484901428,0.4060525894165039
50,420,0.2592906355857849,0.00020824636158067733,0.66705322265625,0.33294677734375,2,1019,787,0.20241498947143555,0.37324002385139465,0.44437962770462036,0.40779486298561096
50,440,0.25775107741355896,0.00020824636158067733,0.6728515625,0.3271484375,2,1018,798,0.20092308521270752,0.3746300935745239,0.4425445795059204,0.4096589982509613
50,460,0.2567446529865265,0.00020824636158067733,0.67059326171875,0.32940673828125,2,1004,794,0.19907400012016296,0.37414830923080444,0.43994009494781494,0.40968236327171326
50,480,0.25802579522132874,0.00020824636158067733,0.66888427734375,0.33111572265625,2,1012,795,0.19993330538272858,0.37537798285484314,0.4407913386821747,0.4109950363636017
50,500,0.25724369287490845,0.00020824636158067733,0.671630859375,0.328369140625,2,1015,792,0.1990145891904831,0.3763427138328552,0.44008317589759827,0.4123019874095917
50,520,0.2575586438179016,0.00020824636158067733,0.66888427734375,0.33111572265625,2,1009,801,0.19908194243907928,0.37568703293800354,0.4396883547306061,0.4126165509223938
50,540,0.2574580907821655,0.00020824636158067733,0.66680908203125,0.33319091796875,2,1003,806,0.19740593433380127,0.3776393532752991,0.4378903806209564,0.4151180386543274
50,560,0.2577936053276062,0.00020824636158067733,0.6661376953125,0.3338623046875,2,1003,804,0.19803468883037567,0.3770274817943573,0.43817901611328125,0.41533178091049194
50,580,0.2558515965938568,0.00020824636158067733,0.67144775390625,0.32855224609375,2,1006,795,0.19630059599876404,0.37755337357521057,0.43670913577079773,0.4154953956604004
50,600,0.2558389902114868,0.00020824636158067733,0.67120361328125,0.32879638671875,2,1002,791,0.19687336683273315,0.3762112855911255,0.4370131194591522,0.4144302308559418
50,620,0.25557878613471985,0.00020824636158067733,0.67059326171875,0.32940673828125,2,1002,790,0.19640345871448517,0.37604546546936035,0.43635690212249756,0.4142857789993286
50,640,0.2550804316997528,0.00020824636158067733,0.6739501953125,0.3260498046875,2,1006,798,0.19615688920021057,0.3768763244152069,0.43646931648254395,0.4153669774532318
50,660,0.2544642984867096,0.00020824636158067733,0.67266845703125,0.32733154296875,2,1002,794,0.1957325041294098,0.37515848875045776,0.43581855297088623,0.4141131341457367
50,680,0.2556787133216858,0.00020824636158067733,0.6729736328125,0.3270263671875,2,1006,807,0.19553831219673157,0.379439115524292,0.4352428615093231,0.4177345037460327
50,700,0.2555401623249054,0.00020824636158067733,0.66998291015625,0.33001708984375,2,1004,803,0.19547079503536224,0.3774898052215576,0.4350840747356415,0.41616010665893555
50,720,0.25486963987350464,0.00020824636158067733,0.67132568359375,0.32867431640625,2,1007,793,0.19450147449970245,0.3781731128692627,0.4344125986099243,0.4167233407497406
50,740,0.25371435284614563,0.00020824636158067733,0.6754150390625,0.3245849609375,2,1003,791,0.19475840032100677,0.37639331817626953,0.4343513250350952,0.4152335524559021
50,760,0.2549249231815338,0.00020824636158067733,0.67242431640625,0.32757568359375,2,1004,795,0.19469089806079865,0.378569096326828,0.43468695878982544,0.4171346426010132
50,780,0.2538645565509796,0.00020824636158067733,0.6759033203125,0.3240966796875,2,995,802,0.19426314532756805,0.37816330790519714,0.43411383032798767,0.4166637659072876
50,800,0.25401929020881653,0.00020824636158067733,0.6724853515625,0.3275146484375,2,998,798,0.19422751665115356,0.3767896890640259,0.43384504318237305,0.4158187210559845
50,820,0.25411558151245117,0.00020824636158067733,0.67266845703125,0.32733154296875,2,1002,799,0.1940149962902069,0.3776226341724396,0.4332951009273529,0.416653573513031
50,840,0.2546727955341339,0.00020824636158067733,0.67315673828125,0.32684326171875,2,1002,800,0.1948678344488144,0.3778453767299652,0.43444135785102844,0.41635647416114807
50,860,0.2541711628437042,0.00020824636158067733,0.674072265625,0.325927734375,2,1005,795,0.19445672631263733,0.3776704967021942,0.4341619908809662,0.41613760590553284
50,880,0.2532031834125519,0.00020824636158067733,0.6749267578125,0.3250732421875,2,1000,799,0.19377237558364868,0.3765951693058014,0.433401882648468,0.4150369465351105
50,900,0.2523238956928253,0.00020824636158067733,0.676513671875,0.323486328125,2,1003,795,0.19347338378429413,0.3753992021083832,0.4331260323524475,0.41390377283096313
50,920,0.2541521191596985,0.00020824636158067733,0.67333984375,0.32666015625,2,1004,799,0.1944500356912613,0.3772152066230774,0.43418607115745544,0.4157269299030304
50,940,0.25325387716293335,0.00020824636158067733,0.6741943359375,0.3258056640625,2,997,794,0.19357047975063324,0.3767576217651367,0.43326473236083984,0.41568100452423096
50,960,0.25354671478271484,0.00020824636158067733,0.676025390625,0.323974609375,2,1001,798,0.19407187402248383,0.377650648355484,0.43366745114326477,0.41594332456588745
50,980,0.2526451349258423,0.00020824636158067733,0.67803955078125,0.32196044921875,2,1000,801,0.19353842735290527,0.377122163772583,0.433411180973053,0.41519516706466675
50,1000,0.2549615204334259,0.00020824636158067733,0.6719970703125,0.3280029296875,2,1006,802,0.19531719386577606,0.37715795636177063,0.4345906376838684,0.4159025251865387
50,1020,0.2530428469181061,0.00020824636158067733,0.67266845703125,0.32733154296875,2,1006,797,0.19295330345630646,0.3765273094177246,0.43228772282600403,0.4150664508342743
50,1040,0.2531377375125885,0.00020824636158067733,0.67633056640625,0.32366943359375,2,1003,800,0.1938943713903427,0.3769310712814331,0.43362727761268616,0.41506582498550415
50,1060,0.25370579957962036,0.00020824636158067733,0.6749267578125,0.3250732421875,2,1007,798,0.1946677565574646,0.37628239393234253,0.433851957321167,0.4147670567035675
50,1080,0.2526675760746002,0.00020824636158067733,0.67669677734375,0.32330322265625,2,1004,798,0.19353695213794708,0.37643224000930786,0.4334975779056549,0.4143213629722595
50,1100,0.2516883909702301,0.00020824636158067733,0.67950439453125,0.32049560546875,2,1004,795,0.1931479275226593,0.37580400705337524,0.43305450677871704,0.41405123472213745
50,1120,0.25325483083724976,0.00020824636158067733,0.6768798828125,0.3231201171875,2,1004,794,0.19355328381061554,0.3783190846443176,0.43319371342658997,0.41614365577697754
50,1140,0.2535031735897064,0.00020824636158067733,0.675537109375,0.324462890625,2,1004,803,0.19401992857456207,0.3773483633995056,0.43388694524765015,0.41546425223350525
50,1160,0.2528722584247589,0.00020824636158067733,0.68035888671875,0.31964111328125,2,1006,800,0.19434897601604462,0.3774394690990448,0.43472468852996826,0.41490182280540466
50,1180,0.2520122230052948,0.00020824636158067733,0.67913818359375,0.32086181640625,2,1003,794,0.19282840192317963,0.377281129360199,0.432524174451828,0.4155869781970978
50,1200,0.2524724304676056,0.00020824636158067733,0.677001953125,0.322998046875,2,1005,798,0.1931871622800827,0.3767339587211609,0.4328221082687378,0.41477063298225403
50,1220,0.2525083124637604,0.00020824636158067733,0.67816162109375,0.32183837890625,2,1005,796,0.19331561028957367,0.3772362172603607,0.4329938292503357,0.4153154194355011
50,1240,0.2537710964679718,0.00020824636158067733,0.67852783203125,0.32147216796875,2,1008,797,0.19431674480438232,0.37926074862480164,0.43404635787010193,0.41693446040153503
50,1260,0.25265178084373474,0.00020824636158067733,0.67572021484375,0.32427978515625,2,1008,792,0.1931915283203125,0.3765524923801422,0.43226194381713867,0.41423478722572327
50,1280,0.2524232864379883,0.00020824636158067733,0.6776123046875,0.3223876953125,2,1014,791,0.193194180727005,0.3769144117832184,0.43278470635414124,0.4145132005214691
50,1300,0.25252920389175415,0.00020824636158067733,0.678466796875,0.321533203125,2,1008,801,0.19316458702087402,0.3777943253517151,0.4329400956630707,0.4152463972568512
50,1320,0.25178277492523193,0.00020824636158067733,0.678955078125,0.321044921875,2,1008,790,0.19303590059280396,0.3760223388671875,0.4327501654624939,0.41404807567596436
50,1340,0.2517361640930176,0.00020824636158067733,0.67864990234375,0.32135009765625,2,1005,791,0.1928941011428833,0.3760029971599579,0.4326728880405426,0.4138527512550354
50,1360,0.2514934241771698,0.00020824636158067733,0.6796875,0.3203125,2,1005,789,0.19289997220039368,0.37582582235336304,0.4321555495262146,0.4138971269130707
50,1380,0.25138354301452637,0.00020824636158067733,0.6790771484375,0.3209228515625,2,1004,791,0.1924959272146225,0.37599053978919983,0.4320964813232422,0.4134107232093811
50,1400,0.2510184049606323,0.00020824636158067733,0.679931640625,0.320068359375,2,1007,789,0.19263194501399994,0.37505069375038147,0.4324302077293396,0.4122726023197174
50,1420,0.2517758011817932,0.00020824636158067733,0.67974853515625,0.32025146484375,2,1005,793,0.19276104867458344,0.37703737616539,0.43256422877311707,0.41438722610473633
50,1440,0.25177356600761414,0.00020824636158067733,0.6805419921875,0.3194580078125,2,1000,788,0.19357062876224518,0.37576332688331604,0.4336572587490082,0.4134552478790283
50,1460,0.2517336308956146,0.00020824636158067733,0.67828369140625,0.32171630859375,2,1004,789,0.19310642778873444,0.3753390610218048,0.4326717257499695,0.4126723110675812
50,1480,0.2522766888141632,0.00020824636158067733,0.6776123046875,0.3223876953125,2,1007,786,0.1935611367225647,0.3756882846355438,0.43328163027763367,0.4132426381111145
50,1500,0.25148317217826843,0.00020824636158067733,0.67803955078125,0.32196044921875,2,1003,790,0.19290955364704132,0.3748375177383423,0.43279990553855896,0.4122341275215149
50,1520,0.2502578794956207,0.00020824636158067733,0.6824951171875,0.3175048828125,2,1007,791,0.19188186526298523,0.37574049830436707,0.43187767267227173,0.4129626452922821
50,1540,0.2523043155670166,0.00020824636158067733,0.67864990234375,0.32135009765625,2,1008,790,0.1937367469072342,0.37599143385887146,0.4334268271923065,0.41294577717781067
50,1560,0.2525336444377899,0.00020824636158067733,0.677490234375,0.322509765625,2,1008,789,0.19384437799453735,0.3758211135864258,0.43348240852355957,0.41319137811660767
50,1580,0.2516414225101471,0.00020824636158067733,0.67901611328125,0.32098388671875,2,1015,788,0.1933640092611313,0.37492266297340393,0.4328007102012634,0.4121346175670624
50,1600,0.2517837882041931,0.00020824636158067733,0.678466796875,0.321533203125,2,1011,790,0.19294863939285278,0.37593182921409607,0.43267953395843506,0.41313907504081726
50,1620,0.2511102259159088,0.00020824636158067733,0.6806640625,0.3193359375,2,1008,790,0.19267259538173676,0.3756699860095978,0.43226611614227295,0.4128311574459076
50,1640,0.250047892332077,0.00020824636158067733,0.67938232421875,0.32061767578125,2,1008,785,0.1915348619222641,0.3740358054637909,0.43120670318603516,0.4110751152038574
50,1660,0.25208768248558044,0.00020824636158067733,0.67803955078125,0.32196044921875,2,1007,791,0.19333988428115845,0.37580886483192444,0.4331664741039276,0.4130357503890991
50,1680,0.2500929534435272,0.00020824636158067733,0.6798095703125,0.3201904296875,2,1005,787,0.19152450561523438,0.37444210052490234,0.43122416734695435,0.4119735658168793
50,1700,0.25082045793533325,0.00020824636158067733,0.677734375,0.322265625,2,1002,790,0.19177769124507904,0.37498927116394043,0.4310368299484253,0.412590354681015
50,1720,0.2507205605506897,0.00020824636158067733,0.67803955078125,0.32196044921875,2,1006,790,0.19200186431407928,0.3743803799152374,0.43153253197669983,0.4117719829082489
50,1740,0.25141778588294983,0.00020824636158067733,0.67572021484375,0.32427978515625,2,1006,788,0.1923307180404663,0.3745408356189728,0.4314972162246704,0.4120887219905853
50,1760,0.2503339648246765,0.00020824636158067733,0.677001953125,0.322998046875,2,1006,785,0.1910811960697174,0.3745274841785431,0.4309556484222412,0.41197535395622253
50,1780,0.25008681416511536,0.00020824636158067733,0.68048095703125,0.31951904296875,2,1011,791,0.19121654331684113,0.37546300888061523,0.43128690123558044,0.4129902720451355
50,1800,0.2508324682712555,0.00020824636158067733,0.67974853515625,0.32025146484375,2,1005,788,0.19200854003429413,0.37568894028663635,0.4314008355140686,0.41284748911857605
50,1820,0.25196290016174316,0.00020824636158067733,0.67681884765625,0.32318115234375,2,1007,798,0.19210578501224518,0.3773181140422821,0.4315216541290283,0.4142441749572754
50,1840,0.2521056830883026,0.00020824636158067733,0.679443359375,0.320556640625,2,1009,798,0.1930946260690689,0.3771839141845703,0.43281909823417664,0.4141009747982025
50,1860,0.2509097456932068,0.00020824636158067733,0.67791748046875,0.32208251953125,2,1006,788,0.19175539910793304,0.37541744112968445,0.4314159154891968,0.4127464294433594
50,1880,0.2509555220603943,0.00020824636158067733,0.67919921875,0.32080078125,2,1007,786,0.19206568598747253,0.37563711404800415,0.4318423569202423,0.41285037994384766
50,1900,0.2502879500389099,0.00020824636158067733,0.67779541015625,0.32220458984375,2,1003,788,0.19079679250717163,0.3754346966743469,0.4304189383983612,0.4125596880912781
50,1920,0.25183185935020447,0.00020824636158067733,0.678466796875,0.321533203125,2,1007,797,0.19255997240543365,0.37690141797065735,0.4320099353790283,0.4139813780784607
50,1940,0.25077924132347107,0.00020824636158067733,0.68017578125,0.31982421875,2,1008,795,0.19191214442253113,0.3759729564189911,0.4315817356109619,0.41260868310928345
50,1960,0.2500368356704712,0.00020824636158067733,0.67901611328125,0.32098388671875,2,1008,790,0.19034984707832336,0.37630000710487366,0.42996159195899963,0.41346463561058044
50,1980,0.25108474493026733,0.00020824636158067733,0.6783447265625,0.3216552734375,2,1007,793,0.19207268953323364,0.37553638219833374,0.43141335248947144,0.4127506613731384
50,2000,0.24962082505226135,0.00020824636158067733,0.6788330078125,0.3211669921875,2,1004,789,0.190816730260849,0.3739118278026581,0.43026405572891235,0.41102927923202515
51,0,0.8036784529685974,0.00020824636158067733,0.57659912109375,0.42340087890625,2,1292,1076,0.6153594851493835,1.0601364374160767,0.6150924563407898,0.570644199848175
51,20,0.5934091806411743,0.00020824636158067733,0.6015625,0.3984375,2,1251,1037,0.4760105609893799,0.770658016204834,0.5724947452545166,0.5352638363838196
51,40,0.4479282796382904,0.00020824636158067733,0.6258544921875,0.3741455078125,2,1201,945,0.36740797758102417,0.5826191306114197,0.5349040627479553,0.49107202887535095
51,60,0.3544681668281555,0.00020824636158067733,0.64581298828125,0.35418701171875,2,1141,858,0.2943219244480133,0.46413686871528625,0.5020627975463867,0.4480973780155182
51,80,0.3013092577457428,0.00020824636158067733,0.65423583984375,0.34576416015625,2,1092,785,0.24817802011966705,0.4018411934375763,0.4765689969062805,0.4173963665962219
51,100,0.2781003415584564,0.00020824636158067733,0.657958984375,0.342041015625,2,1051,760,0.22716717422008514,0.37607666850090027,0.4634028673171997,0.40328577160835266
51,120,0.26942768692970276,0.00020824636158067733,0.66021728515625,0.33978271484375,2,1047,760,0.2180943340063095,0.36917129158973694,0.45780128240585327,0.40018022060394287
51,140,0.2687535583972931,0.00020824636158067733,0.658203125,0.341796875,2,1048,764,0.21628035604953766,0.36980199813842773,0.4574211835861206,0.40277421474456787
51,160,0.2665126919746399,0.00020824636158067733,0.66290283203125,0.33709716796875,2,1051,761,0.2144567370414734,0.368880957365036,0.4563317894935608,0.40136292576789856
51,180,0.2680038809776306,0.00020824636158067733,0.65802001953125,0.34197998046875,2,1049,778,0.21386834979057312,0.3721686899662018,0.4563405215740204,0.4050447642803192
51,200,0.26479393243789673,0.00020824636158067733,0.6627197265625,0.3372802734375,2,1045,761,0.21071557700634003,0.3710521459579468,0.4534885585308075,0.40363168716430664
51,220,0.26260173320770264,0.00020824636158067733,0.670166015625,0.329833984375,2,1042,758,0.209618479013443,0.37025460600852966,0.4526868462562561,0.40290185809135437
51,240,0.2636083960533142,0.00020824636158067733,0.67333984375,0.32666015625,2,1050,768,0.21135620772838593,0.37131500244140625,0.454721063375473,0.4036495089530945
51,260,0.26193350553512573,0.00020824636158067733,0.669921875,0.330078125,2,1039,776,0.20766960084438324,0.3720666468143463,0.45098409056663513,0.4036814868450165
51,280,0.25984472036361694,0.00020824636158067733,0.67724609375,0.32275390625,2,1030,772,0.20640221238136292,0.3719850480556488,0.44904959201812744,0.4030275344848633
51,300,0.2621235251426697,0.00020824636158067733,0.66961669921875,0.33038330078125,2,1032,783,0.20654800534248352,0.3747633993625641,0.44929254055023193,0.40662723779678345
51,320,0.25832292437553406,0.00020824636158067733,0.68048095703125,0.31951904296875,2,1033,773,0.20447807013988495,0.3729965090751648,0.44774317741394043,0.40339070558547974
51,340,0.2564948797225952,0.00020824636158067733,0.6766357421875,0.3233642578125,2,1031,770,0.20153634250164032,0.37149494886398315,0.44408363103866577,0.4020487666130066
51,360,0.25769278407096863,0.00020824636158067733,0.6744384765625,0.3255615234375,2,1029,771,0.20279674232006073,0.37141627073287964,0.4452002942562103,0.40231624245643616
51,380,0.25634467601776123,0.00020824636158067733,0.67999267578125,0.32000732421875,2,1031,774,0.20149163901805878,0.3729034662246704,0.4444383680820465,0.40267229080200195
51,400,0.2559853494167328,0.00020824636158067733,0.67578125,0.32421875,2,1033,768,0.20035779476165771,0.3719319999217987,0.4427364468574524,0.4022752344608307
51,420,0.2553502917289734,0.00020824636158067733,0.677001953125,0.322998046875,2,1019,773,0.20016203820705414,0.37102457880973816,0.4426477253437042,0.4025851786136627
51,440,0.25612109899520874,0.00020824636158067733,0.6746826171875,0.3253173828125,2,1026,777,0.2000931352376938,0.37231868505477905,0.44227591156959534,0.4033958315849304
51,460,0.2552846074104309,0.00020824636158067733,0.6737060546875,0.3262939453125,2,1017,772,0.1988288313150406,0.3718499541282654,0.4409075975418091,0.40287578105926514
51,480,0.2558634281158447,0.00020824636158067733,0.67919921875,0.32080078125,2,1019,771,0.20064179599285126,0.3727785348892212,0.4433532655239105,0.4036369025707245
51,500,0.25562137365341187,0.00020824636158067733,0.67559814453125,0.32440185546875,2,1022,773,0.1995343565940857,0.37242797017097473,0.44141432642936707,0.4037080705165863
51,520,0.2557859718799591,0.00020824636158067733,0.672119140625,0.327880859375,2,1015,775,0.1989702582359314,0.37225183844566345,0.44088566303253174,0.4043964147567749
51,540,0.2567649781703949,0.00020824636158067733,0.67120361328125,0.32879638671875,2,1020,783,0.20007698237895966,0.3724876642227173,0.4420442283153534,0.405089408159256
51,560,0.25840044021606445,0.00020824636158067733,0.66827392578125,0.33172607421875,2,1026,790,0.20137636363506317,0.3732775151729584,0.44348716735839844,0.4068019390106201
51,580,0.2548688054084778,0.00020824636158067733,0.67144775390625,0.32855224609375,2,1021,772,0.19833938777446747,0.3703955411911011,0.4401390254497528,0.40339064598083496
51,600,0.25609031319618225,0.00020824636158067733,0.67279052734375,0.32720947265625,2,1023,772,0.19958235323429108,0.3722790479660034,0.44148191809654236,0.4053071439266205
51,620,0.25704720616340637,0.00020824636158067733,0.66827392578125,0.33172607421875,2,1024,772,0.19985774159431458,0.37225741147994995,0.4420149028301239,0.4057398736476898
51,640,0.25572067499160767,0.00020824636158067733,0.66717529296875,0.33282470703125,2,1015,774,0.1981220692396164,0.37118199467658997,0.4398247301578522,0.40506696701049805
51,660,0.25542396306991577,0.00020824636158067733,0.66864013671875,0.33135986328125,2,1004,776,0.197631374001503,0.3720417022705078,0.4396069645881653,0.40587854385375977
51,680,0.2566930055618286,0.00020824636158067733,0.66998291015625,0.33001708984375,2,1011,779,0.19940926134586334,0.3729873299598694,0.4409761428833008,0.40821176767349243
51,700,0.25640323758125305,0.00020824636158067733,0.6676025390625,0.3323974609375,2,1007,780,0.19862163066864014,0.37245452404022217,0.4401722550392151,0.40740638971328735
51,720,0.2556827664375305,0.00020824636158067733,0.66778564453125,0.33221435546875,2,1005,783,0.19748711585998535,0.37266212701797485,0.43873628973960876,0.4083930253982544
51,740,0.25600215792655945,0.00020824636158067733,0.668701171875,0.331298828125,2,1008,782,0.19742844998836517,0.37422871589660645,0.438749223947525,0.4101255536079407
51,760,0.2557551860809326,0.00020824636158067733,0.66705322265625,0.33294677734375,2,1000,782,0.1971362829208374,0.37319713830947876,0.43798646330833435,0.4091569781303406
51,780,0.25534817576408386,0.00020824636158067733,0.6656494140625,0.3343505859375,2,1008,785,0.1958019882440567,0.37389713525772095,0.4366171956062317,0.4103974401950836
51,800,0.25569719076156616,0.00020824636158067733,0.66607666015625,0.33392333984375,2,997,788,0.19614015519618988,0.37449556589126587,0.4370271861553192,0.4114688038825989
51,820,0.25739598274230957,0.00020824636158067733,0.668212890625,0.331787109375,2,1007,798,0.196938619017601,0.3791559636592865,0.43764370679855347,0.4162371754646301
51,840,0.25555655360221863,0.00020824636158067733,0.66851806640625,0.33148193359375,2,997,787,0.19580362737178802,0.37606358528137207,0.4361221492290497,0.41316699981689453
51,860,0.2545190155506134,0.00020824636158067733,0.66864013671875,0.33135986328125,2,1000,787,0.19500377774238586,0.3746129274368286,0.4355059266090393,0.41124123334884644
51,880,0.2546059191226959,0.00020824636158067733,0.6724853515625,0.3275146484375,2,999,785,0.1950949877500534,0.376799613237381,0.4356926679611206,0.4139266312122345
51,900,0.25392991304397583,0.00020824636158067733,0.67071533203125,0.32928466796875,2,997,785,0.1948191076517105,0.37433186173439026,0.43530601263046265,0.41090360283851624
51,920,0.2529957890510559,0.00020824636158067733,0.6705322265625,0.3294677734375,2,994,786,0.19320577383041382,0.37468042969703674,0.43328359723091125,0.4119012951850891
51,940,0.2546219825744629,0.00020824636158067733,0.67010498046875,0.32989501953125,2,1004,789,0.1950509250164032,0.37562668323516846,0.43554070591926575,0.41249358654022217
51,960,0.2514694333076477,0.00020824636158067733,0.6759033203125,0.3240966796875,2,996,785,0.19265559315681458,0.37412574887275696,0.4330121576786041,0.4112122356891632
51,980,0.2530807554721832,0.00020824636158067733,0.675048828125,0.324951171875,2,1003,789,0.19364267587661743,0.3765564560890198,0.4338061213493347,0.41403988003730774
51,1000,0.2530660033226013,0.00020824636158067733,0.67120361328125,0.32879638671875,2,998,787,0.19327181577682495,0.3751296103000641,0.43324723839759827,0.4121204614639282
51,1020,0.25288864970207214,0.00020824636158067733,0.67529296875,0.32470703125,2,1003,789,0.19365091621875763,0.3760852813720703,0.4336312711238861,0.41374045610427856
51,1040,0.2528979778289795,0.00020824636158067733,0.673095703125,0.326904296875,2,1000,793,0.19315512478351593,0.3759084641933441,0.4335322678089142,0.412538081407547
51,1060,0.2518775463104248,0.00020824636158067733,0.67803955078125,0.32196044921875,2,996,792,0.19240573048591614,0.3771234452724457,0.43245887756347656,0.41409486532211304
51,1080,0.25320613384246826,0.00020824636158067733,0.67449951171875,0.32550048828125,2,998,797,0.19364452362060547,0.37662920355796814,0.43380969762802124,0.41407856345176697
51,1100,0.2529044449329376,0.00020824636158067733,0.67535400390625,0.32464599609375,2,998,791,0.19325152039527893,0.3769991099834442,0.4331648349761963,0.41451671719551086
51,1120,0.25201883912086487,0.00020824636158067733,0.67694091796875,0.32305908203125,2,999,784,0.19297188520431519,0.3757462799549103,0.43265968561172485,0.4130533039569855
51,1140,0.25260642170906067,0.00020824636158067733,0.675048828125,0.324951171875,2,998,788,0.19316355884075165,0.3760920763015747,0.4330771863460541,0.41361427307128906
51,1160,0.25186440348625183,0.00020824636158067733,0.676025390625,0.323974609375,2,1000,788,0.19259946048259735,0.3755301833152771,0.4325439929962158,0.4123038649559021
51,1180,0.2527124583721161,0.00020824636158067733,0.67694091796875,0.32305908203125,2,1000,792,0.19345127046108246,0.37688881158828735,0.43356040120124817,0.41471296548843384
51,1200,0.2513270974159241,0.00020824636158067733,0.67767333984375,0.32232666015625,2,993,788,0.19202660024166107,0.37600287795066833,0.43178004026412964,0.4127839207649231
51,1220,0.25279146432876587,0.00020824636158067733,0.67669677734375,0.32330322265625,2,996,793,0.19312039017677307,0.3776873052120209,0.4328960180282593,0.4151443839073181
51,1240,0.2532655894756317,0.00020824636158067733,0.676513671875,0.323486328125,2,996,788,0.19343408942222595,0.37839245796203613,0.43327805399894714,0.41562631726264954
51,1260,0.2522532045841217,0.00020824636158067733,0.6751708984375,0.3248291015625,2,1000,785,0.1928345263004303,0.3757573664188385,0.4325558841228485,0.41306543350219727
51,1280,0.2520819902420044,0.00020824636158067733,0.6773681640625,0.3226318359375,2,1003,787,0.19239455461502075,0.37739619612693787,0.4323042035102844,0.41439029574394226
51,1300,0.25268054008483887,0.00020824636158067733,0.6773681640625,0.3226318359375,2,1005,795,0.19320663809776306,0.3775465786457062,0.4329982399940491,0.41533219814300537
51,1320,0.25259286165237427,0.00020824636158067733,0.67626953125,0.32373046875,2,1004,791,0.1926671713590622,0.3777770400047302,0.4324095547199249,0.41495102643966675
51,1340,0.2525025010108948,0.00020824636158067733,0.67559814453125,0.32440185546875,2,1008,800,0.19259074330329895,0.3772744834423065,0.43224242329597473,0.414861798286438
51,1360,0.25232240557670593,0.00020824636158067733,0.6763916015625,0.3236083984375,2,1004,797,0.19241805374622345,0.3775317370891571,0.43207108974456787,0.4146610200405121
51,1380,0.25063416361808777,0.00020824636158067733,0.68096923828125,0.31903076171875,2,1002,792,0.191645547747612,0.3765450716018677,0.4315492808818817,0.41358616948127747
51,1400,0.25271791219711304,0.00020824636158067733,0.6746826171875,0.3253173828125,2,1001,799,0.19214436411857605,0.37834271788597107,0.43182647228240967,0.4151265621185303
51,1420,0.251155287027359,0.00020824636158067733,0.67926025390625,0.32073974609375,2,996,790,0.19129112362861633,0.37793517112731934,0.431071400642395,0.4151066839694977
51,1440,0.25239357352256775,0.00020824636158067733,0.6773681640625,0.3226318359375,2,1002,799,0.1924426108598709,0.37826117873191833,0.4321317672729492,0.41569963097572327
51,1460,0.2521018981933594,0.00020824636158067733,0.67498779296875,0.32501220703125,2,998,798,0.1913723647594452,0.3782254457473755,0.43098461627960205,0.41562727093696594
51,1480,0.25136798620224,0.00020824636158067733,0.68096923828125,0.31903076171875,2,999,797,0.1914319396018982,0.3793010711669922,0.4314011335372925,0.41691479086875916
51,1500,0.2514410614967346,0.00020824636158067733,0.6781005859375,0.3218994140625,2,997,792,0.19125427305698395,0.37822815775871277,0.43080610036849976,0.4161998927593231
51,1520,0.2519340217113495,0.00020824636158067733,0.6793212890625,0.3206787109375,2,1005,800,0.19259782135486603,0.37763094902038574,0.43174025416374207,0.4145165681838989
51,1540,0.25142717361450195,0.00020824636158067733,0.67889404296875,0.32110595703125,2,1004,800,0.19178827106952667,0.3775179386138916,0.4318983852863312,0.41425907611846924
51,1560,0.25137194991111755,0.00020824636158067733,0.67730712890625,0.32269287109375,2,1001,804,0.1911722719669342,0.37772631645202637,0.4307010769844055,0.4147765338420868
51,1580,0.25158029794692993,0.00020824636158067733,0.6776123046875,0.3223876953125,2,1003,800,0.1918475180864334,0.3771299719810486,0.43162667751312256,0.41469308733940125
51,1600,0.25139206647872925,0.00020824636158067733,0.6790771484375,0.3209228515625,2,1000,802,0.19163450598716736,0.37783992290496826,0.43119895458221436,0.41522160172462463
51,1620,0.2507994771003723,0.00020824636158067733,0.676513671875,0.323486328125,2,996,800,0.18979980051517487,0.37836939096450806,0.4293991029262543,0.41519540548324585
51,1640,0.251478910446167,0.00020824636158067733,0.678466796875,0.321533203125,2,1005,800,0.191924050450325,0.37714555859565735,0.4315721392631531,0.41464167833328247
51,1660,0.25096091628074646,0.00020824636158067733,0.68145751953125,0.31854248046875,2,1000,804,0.19150596857070923,0.3781527280807495,0.43142661452293396,0.41543325781822205
51,1680,0.2512359023094177,0.00020824636158067733,0.677734375,0.322265625,2,1004,800,0.1915246546268463,0.3768104910850525,0.4310546815395355,0.41433510184288025
51,1700,0.2514690160751343,0.00020824636158067733,0.6776123046875,0.3223876953125,2,1006,801,0.19149795174598694,0.37751951813697815,0.4311848282814026,0.4153657555580139
51,1720,0.2502977252006531,0.00020824636158067733,0.677490234375,0.322509765625,2,997,798,0.18994681537151337,0.37707576155662537,0.4297087788581848,0.41437509655952454
51,1740,0.2510284185409546,0.00020824636158067733,0.6776123046875,0.3223876953125,2,1006,797,0.1911017894744873,0.3769855201244354,0.4307047128677368,0.4133624732494354
51,1760,0.25121378898620605,0.00020824636158067733,0.67584228515625,0.32415771484375,2,999,790,0.19140051305294037,0.37591955065727234,0.43109139800071716,0.41301414370536804
51,1780,0.2505172789096832,0.00020824636158067733,0.6766357421875,0.3233642578125,2,1004,797,0.19067828357219696,0.37572962045669556,0.4304264187812805,0.4135908782482147
51,1800,0.25057452917099,0.00020824636158067733,0.6778564453125,0.3221435546875,2,1003,794,0.19090421497821808,0.3761332929134369,0.43029236793518066,0.41335567831993103
51,1820,0.2512994706630707,0.00020824636158067733,0.67681884765625,0.32318115234375,2,999,797,0.19064974784851074,0.3783145248889923,0.43034422397613525,0.4146704077720642
51,1840,0.25052013993263245,0.00020824636158067733,0.6771240234375,0.3228759765625,2,1001,796,0.19035984575748444,0.3766862452030182,0.42984461784362793,0.4136439561843872
51,1860,0.2518884539604187,0.00020824636158067733,0.677490234375,0.322509765625,2,1006,797,0.19178299605846405,0.37815091013908386,0.4311544895172119,0.41595086455345154
51,1880,0.2507006824016571,0.00020824636158067733,0.67669677734375,0.32330322265625,2,1004,795,0.1906544268131256,0.3763817548751831,0.4301232397556305,0.4137004315853119
51,1900,0.24998854100704193,0.00020824636158067733,0.67852783203125,0.32147216796875,2,1000,792,0.18963052332401276,0.37738555669784546,0.4294225871562958,0.41513869166374207
51,1920,0.250475138425827,0.00020824636158067733,0.67852783203125,0.32147216796875,2,1002,795,0.19042231142520905,0.3772280216217041,0.429725706577301,0.4150238037109375
51,1940,0.25048044323921204,0.00020824636158067733,0.678955078125,0.321044921875,2,996,792,0.19058476388454437,0.3771495521068573,0.43035581707954407,0.4145704209804535
51,1960,0.25082123279571533,0.00020824636158067733,0.6783447265625,0.3216552734375,2,997,796,0.19088488817214966,0.37722209095954895,0.43052682280540466,0.4147289991378784
51,1980,0.25228410959243774,0.00020824636158067733,0.6751708984375,0.3248291015625,2,996,801,0.19158218801021576,0.3784555494785309,0.43069085478782654,0.41547060012817383
51,2000,0.250977098941803,0.00020824636158067733,0.67535400390625,0.32464599609375,2,994,797,0.1904313713312149,0.3769291341304779,0.4299027621746063,0.4143581986427307
