seed,epoch,mean_f,best_f,p_left,p_right,occupied_basins,unique_left,unique_right,mean_f_left,mean_f_right,spread_left,spread_right
42,0,0.6580897569656372,0.00020824636158067733,0.46405029296875,0.53594970703125,2,1228,1236,0.7402022480964661,0.5869928002357483,0.7107985019683838,0.6602067351341248
42,20,0.48655378818511963,0.00020824636158067733,0.4317626953125,0.5682373046875,2,1208,1198,0.5163893103599548,0.4638838768005371,0.642029881477356,0.6140899062156677
42,40,0.3422262668609619,0.00020824636158067733,0.44091796875,0.55908203125,2,1114,1121,0.3425455391407013,0.3419744670391083,0.5618288516998291,0.5558612942695618
42,60,0.2359497994184494,0.00020824636158067733,0.46783447265625,0.53216552734375,2,958,1011,0.22879062592983246,0.24224352836608887,0.47630825638771057,0.48627132177352905
42,80,0.17448092997074127,0.00020824636158067733,0.49481201171875,0.50518798828125,2,776,849,0.1702188104391098,0.1786555051803589,0.3962116539478302,0.4179617762565613
42,100,0.142764613032341,0.00020824636158067733,0.51605224609375,0.48394775390625,2,628,717,0.1434849202632904,0.14199650287628174,0.3411530554294586,0.3602544963359833
42,120,0.12004631757736206,0.00020824636158067733,0.52703857421875,0.47296142578125,2,549,627,0.11873894184827805,0.12150315940380096,0.3091767728328705,0.32855120301246643
42,140,0.10034321993589401,0.00020824636158067733,0.5208740234375,0.4791259765625,2,485,560,0.09645574539899826,0.1045694351196289,0.28955912590026855,0.3089643120765686
42,160,0.08542939275503159,0.00020824636158067733,0.51800537109375,0.48199462890625,2,393,498,0.08064752072095871,0.09056852757930756,0.27296748757362366,0.28830739855766296
42,180,0.07597165554761887,0.00020824636158067733,0.48077392578125,0.51922607421875,2,330,419,0.07128787040710449,0.08030859380960464,0.2544093132019043,0.276323527097702
42,200,0.0699634775519371,0.00020824636158067733,0.49267578125,0.50732421875,2,289,356,0.06649824231863022,0.0733286514878273,0.24519416689872742,0.26242122054100037
42,220,0.06537371128797531,0.00020824636158067733,0.497802734375,0.502197265625,2,263,318,0.06181899830698967,0.0688973143696785,0.23742403090000153,0.25471675395965576
42,240,0.061589378863573074,0.00020824636158067733,0.50628662109375,0.49371337890625,2,248,291,0.05800342932343483,0.06526664644479752,0.2299773097038269,0.24927857518196106
42,260,0.05798701196908951,0.00020824636158067733,0.5205078125,0.4794921875,2,235,266,0.05364038795232773,0.06270544230937958,0.22271142899990082,0.2427392154932022
42,280,0.054506197571754456,0.00020824636158067733,0.52716064453125,0.47283935546875,2,221,244,0.05004430189728737,0.0594807006418705,0.21564649045467377,0.23449371755123138
42,300,0.05089467763900757,0.00020824636158067733,0.52984619140625,0.47015380859375,2,213,234,0.04684444144368172,0.055459149181842804,0.20760589838027954,0.2290881872177124
42,320,0.047520942986011505,0.00020824636158067733,0.5323486328125,0.4676513671875,2,209,216,0.04302261397242546,0.05264159291982651,0.19861052930355072,0.22298206388950348
42,340,0.04374982416629791,0.00020824636158067733,0.53912353515625,0.46087646484375,2,201,207,0.03943677246570587,0.04879513755440712,0.19172362983226776,0.2127501219511032
42,360,0.04035463184118271,0.00020824636158067733,0.536376953125,0.463623046875,2,197,193,0.036883626133203506,0.04437033459544182,0.18644298613071442,0.20679713785648346
42,380,0.03689126670360565,0.00020824636158067733,0.543701171875,0.456298828125,2,188,185,0.033513106405735016,0.04091649502515793,0.1790458858013153,0.19597287476062775
42,400,0.033766042441129684,0.00020824636158067733,0.5374755859375,0.4625244140625,2,185,177,0.032232243567705154,0.035548385232686996,0.1732669323682785,0.18675760924816132
42,420,0.031096508726477623,0.00020824636158067733,0.53643798828125,0.46356201171875,2,171,175,0.02892906963825226,0.033604688942432404,0.16813872754573822,0.17663677036762238
42,440,0.028901636600494385,0.00020824636158067733,0.533203125,0.466796875,2,173,169,0.027320919558405876,0.03070721961557865,0.16177789866924286,0.17013432085514069
42,460,0.026751801371574402,0.00020824636158067733,0.53277587890625,0.46722412109375,2,169,163,0.0251739751547575,0.028550997376441956,0.1580209881067276,0.1641344130039215
42,480,0.0250643752515316,0.00020824636158067733,0.53143310546875,0.46856689453125,2,162,156,0.024325717240571976,0.02590213343501091,0.15315495431423187,0.1584874987602234
42,500,0.02383309416472912,0.00020824636158067733,0.53631591796875,0.46368408203125,2,160,148,0.02386355772614479,0.023797865957021713,0.1531713455915451,0.15334159135818481
42,520,0.022961266338825226,0.00020824636158067733,0.53839111328125,0.46160888671875,2,159,150,0.023242801427841187,0.0226329006254673,0.15063723921775818,0.14968666434288025
42,540,0.021874532103538513,0.00020824636158067733,0.5360107421875,0.4639892578125,2,155,147,0.021893300116062164,0.021852850914001465,0.14699409902095795,0.14651767909526825
42,560,0.021705634891986847,0.00020824636158067733,0.53839111328125,0.46160888671875,2,162,145,0.022439375519752502,0.02084985375404358,0.1469082534313202,0.14432023465633392
42,580,0.021058829501271248,0.00020824636158067733,0.5419921875,0.4580078125,2,156,136,0.02179769240319729,0.020184485241770744,0.1463276743888855,0.14204253256320953
42,600,0.020335255190730095,0.00020824636158067733,0.54248046875,0.45751953125,2,152,137,0.020732903853058815,0.019863765686750412,0.14340035617351532,0.14051666855812073
42,620,0.019859686493873596,0.00020824636158067733,0.5401611328125,0.4598388671875,2,145,134,0.01999623328447342,0.019699284806847572,0.13935278356075287,0.13703353703022003
42,640,0.01928761601448059,0.00020824636158067733,0.5338134765625,0.4661865234375,2,153,134,0.019343310967087746,0.01922384649515152,0.13868242502212524,0.1384471356868744
42,660,0.019122736528515816,0.00020824636158067733,0.537353515625,0.462646484375,2,148,136,0.019503172487020493,0.018680870532989502,0.1382584422826767,0.13667431473731995
42,680,0.018864719197154045,0.00020824636158067733,0.5423583984375,0.4576416015625,2,146,131,0.019465919584035873,0.018152223899960518,0.13852272927761078,0.13421227037906647
42,700,0.018349286168813705,0.00020824636158067733,0.54254150390625,0.45745849609375,2,145,132,0.018972130492329597,0.017610600218176842,0.13707700371742249,0.1326194405555725
42,720,0.017931673675775528,0.00020824636158067733,0.5384521484375,0.4615478515625,2,145,126,0.018164189532399178,0.017660420387983322,0.13407374918460846,0.13053008913993835
42,740,0.01775301992893219,0.00020824636158067733,0.53082275390625,0.46917724609375,2,139,123,0.01746007427573204,0.0180844534188509,0.12981945276260376,0.12902456521987915
42,760,0.017004022374749184,0.00020824636158067733,0.5252685546875,0.4747314453125,2,142,130,0.016655126586556435,0.017390059307217598,0.12836477160453796,0.13026772439479828
42,780,0.016813060268759727,0.00020824636158067733,0.52587890625,0.47412109375,2,143,128,0.0165471900254488,0.01710795797407627,0.1264711320400238,0.12935496866703033
42,800,0.01696767285466194,0.00020824636158067733,0.525390625,0.474609375,2,134,127,0.016536537557840347,0.01744493655860424,0.1254354566335678,0.1280650496482849
42,820,0.016502421349287033,0.00020824636158067733,0.520751953125,0.479248046875,2,139,128,0.016000812873244286,0.017047468572854996,0.12549971044063568,0.1289183795452118
42,840,0.016794048249721527,0.00020824636158067733,0.51904296875,0.48095703125,2,133,124,0.01634852960705757,0.017274847254157066,0.12517473101615906,0.12758715450763702
42,860,0.01685643196105957,0.00020824636158067733,0.51446533203125,0.48553466796875,2,137,129,0.015849096700549126,0.017923789098858833,0.12323323637247086,0.129914790391922
42,880,0.016212522983551025,0.00020824636158067733,0.51318359375,0.48681640625,2,136,130,0.01560016255825758,0.016858050599694252,0.12467893958091736,0.12928323447704315
42,900,0.015871070325374603,0.00020824636158067733,0.51593017578125,0.48406982421875,2,135,128,0.015428253449499607,0.01634303480386734,0.12400847673416138,0.12678280472755432
42,920,0.015705125406384468,0.00020824636158067733,0.51702880859375,0.48297119140625,2,137,130,0.015442227944731712,0.01598655991256237,0.12418004125356674,0.12597648799419403
42,940,0.015921656042337418,0.00020824636158067733,0.52154541015625,0.47845458984375,2,142,126,0.01596703939139843,0.01587218977510929,0.1251639872789383,0.12516586482524872
42,960,0.01581219770014286,0.00020824636158067733,0.52630615234375,0.47369384765625,2,139,119,0.015873081982135773,0.01574454829096794,0.12546361982822418,0.12497908622026443
42,980,0.015525197610259056,0.00020824636158067733,0.526123046875,0.473876953125,2,133,123,0.015350235626101494,0.015719449147582054,0.12302366644144058,0.12261846661567688
42,1000,0.015308866277337074,0.00020824636158067733,0.52197265625,0.47802734375,2,136,123,0.015096023678779602,0.015541276894509792,0.12191323935985565,0.1231931746006012
42,1020,0.015233063139021397,0.00020824636158067733,0.5184326171875,0.4815673828125,2,141,121,0.015152178704738617,0.01532013714313507,0.12268394231796265,0.12309209257364273
42,1040,0.015358387492597103,0.00020824636158067733,0.51739501953125,0.48260498046875,2,133,118,0.015152571722865105,0.015579038299620152,0.12187467515468597,0.12324370443820953
42,1060,0.015433631837368011,0.00020824636158067733,0.51531982421875,0.48468017578125,2,135,123,0.014745202846825123,0.016165580600500107,0.11858855932950974,0.1242164820432663
42,1080,0.015045050531625748,0.00020824636158067733,0.51409912109375,0.48590087890625,2,135,122,0.014430423267185688,0.015695344656705856,0.11883191019296646,0.12431986629962921
42,1100,0.01503137405961752,0.00020824636158067733,0.51519775390625,0.48480224609375,2,135,125,0.014298058114945889,0.015810666605830193,0.11876558512449265,0.12374790012836456
42,1120,0.014904117211699486,0.00020824636158067733,0.514892578125,0.485107421875,2,137,123,0.014271553605794907,0.015575520694255829,0.11918342113494873,0.12323220074176788
42,1140,0.01480563823133707,0.00020824636158067733,0.51483154296875,0.48516845703125,2,136,123,0.014223843812942505,0.01542300172150135,0.11904262751340866,0.12364963442087173
42,1160,0.015053439885377884,0.00020824636158067733,0.51605224609375,0.48394775390625,2,133,125,0.014483590610325336,0.015661092475056648,0.11874765157699585,0.12286843359470367
42,1180,0.01543317548930645,0.00020824636158067733,0.51373291015625,0.48626708984375,2,129,118,0.014832661487162113,0.016067609190940857,0.11728392541408539,0.12238480895757675
42,1200,0.015300683677196503,0.00020824636158067733,0.50909423828125,0.49090576171875,2,130,122,0.014590815640985966,0.016036849468946457,0.11693598330020905,0.12428031116724014
42,1220,0.015114093199372292,0.00020824636158067733,0.50689697265625,0.49310302734375,2,129,122,0.0144339045509696,0.01581330969929695,0.11738266795873642,0.12327763438224792
42,1240,0.01540033146739006,0.00020824636158067733,0.50592041015625,0.49407958984375,2,133,121,0.014450814574956894,0.01637260802090168,0.11641417443752289,0.1245197057723999
42,1260,0.01572246477007866,0.00020824636158067733,0.50408935546875,0.49591064453125,2,125,122,0.015005224384367466,0.016451530158519745,0.1161959171295166,0.12318073213100433
42,1280,0.015909815207123756,0.00020824636158067733,0.498046875,0.501953125,2,130,121,0.01513197086751461,0.016681604087352753,0.11505160480737686,0.12401853501796722
42,1300,0.015104077756404877,0.00020824636158067733,0.49554443359375,0.50445556640625,2,130,123,0.01400879304856062,0.016180016100406647,0.11627379059791565,0.12577587366104126
42,1320,0.015045508742332458,0.00020824636158067733,0.49639892578125,0.50360107421875,2,130,123,0.013875549659132957,0.016198737546801567,0.1154998317360878,0.12571191787719727
42,1340,0.01490030623972416,0.00020824636158067733,0.4964599609375,0.5035400390625,2,132,131,0.013752004131674767,0.016032462939620018,0.11640468239784241,0.12588666379451752
42,1360,0.014630183577537537,0.00020824636158067733,0.4984130859375,0.5015869140625,2,133,123,0.01382735650986433,0.015427932143211365,0.11610954999923706,0.12332092225551605
42,1380,0.014544619247317314,0.00020824636158067733,0.500244140625,0.499755859375,2,129,122,0.013673942536115646,0.01541614718735218,0.11504413932561874,0.12240497767925262
42,1400,0.014453205280005932,0.00020824636158067733,0.50115966796875,0.49884033203125,2,128,120,0.013525069691240788,0.015385659411549568,0.11515237390995026,0.12312674522399902
42,1420,0.01428044494241476,0.00020824636158067733,0.50372314453125,0.49627685546875,2,136,122,0.013482430949807167,0.015090436674654484,0.11576315760612488,0.12263756990432739
42,1440,0.01437251828610897,0.00020824636158067733,0.50689697265625,0.49310302734375,2,136,117,0.013964101672172546,0.014792361296713352,0.11777418851852417,0.12083902209997177
42,1460,0.014713918790221214,0.00020824636158067733,0.51025390625,0.48974609375,2,137,121,0.014619105495512486,0.014812701381742954,0.11917263269424438,0.12085197120904922
42,1480,0.014360672794282436,0.00020824636158067733,0.51202392578125,0.48797607421875,2,134,118,0.014256509020924568,0.014469970017671585,0.11894780397415161,0.1192268431186676
42,1500,0.014270177111029625,0.00020824636158067733,0.5106201171875,0.4893798828125,2,130,116,0.013897058553993702,0.014659487642347813,0.11743734031915665,0.11948133260011673
42,1520,0.01431247591972351,0.00020824636158067733,0.510498046875,0.489501953125,2,139,118,0.014049720019102097,0.014586502686142921,0.1182795986533165,0.12066861987113953
42,1540,0.014311155304312706,0.00020824636158067733,0.51287841796875,0.48712158203125,2,134,120,0.014135858044028282,0.01449571829289198,0.1188577264547348,0.12020859867334366
42,1560,0.014191117137670517,0.00020824636158067733,0.51239013671875,0.48760986328125,2,132,118,0.013867929577827454,0.014530729502439499,0.11768071353435516,0.11907115578651428
42,1580,0.014227723702788353,0.00020824636158067733,0.510498046875,0.489501953125,2,129,119,0.013963275589048862,0.014503516256809235,0.11800535768270493,0.12030251324176788
42,1600,0.01410651858896017,0.00020824636158067733,0.509033203125,0.490966796875,2,130,119,0.01378492172807455,0.01443994790315628,0.11709816753864288,0.11967884749174118
42,1620,0.013960245996713638,0.00020824636158067733,0.50701904296875,0.49298095703125,2,131,119,0.013606318272650242,0.014324252493679523,0.11607018113136292,0.11910280585289001
42,1640,0.013996904715895653,0.00020824636158067733,0.5054931640625,0.4945068359375,2,129,119,0.013318574987351894,0.014690300449728966,0.11427047103643417,0.11971639096736908
42,1660,0.013867665082216263,0.00020824636158067733,0.5045166015625,0.4954833984375,2,134,121,0.013449260033667088,0.014293696731328964,0.11507479846477509,0.11930765211582184
42,1680,0.013753372244536877,0.00020824636158067733,0.50396728515625,0.49603271484375,2,133,119,0.013235898688435555,0.014279124327003956,0.11475659906864166,0.11940532922744751
42,1700,0.013863698579370975,0.00020824636158067733,0.50390625,0.49609375,2,130,121,0.013241715729236603,0.014495478942990303,0.11394399404525757,0.1196889877319336
42,1720,0.01372729055583477,0.00020824636158067733,0.50421142578125,0.49578857421875,2,128,122,0.013096894137561321,0.014368396252393723,0.11365565657615662,0.11878571659326553
42,1740,0.0139004560187459,0.00020824636158067733,0.50445556640625,0.49554443359375,2,131,121,0.01367450412362814,0.014130474999547005,0.11486586183309555,0.11848882585763931
42,1760,0.014013729989528656,0.00020824636158067733,0.50579833984375,0.49420166015625,2,137,118,0.013634531758725643,0.01440182700753212,0.11612222343683243,0.11942540109157562
42,1780,0.014330118894577026,0.00020824636158067733,0.51080322265625,0.48919677734375,2,137,118,0.014446744695305824,0.014208338223397732,0.11750473082065582,0.11908826231956482
42,1800,0.013878035359084606,0.00020824636158067733,0.5108642578125,0.4891357421875,2,132,116,0.013666794635355473,0.014098660089075565,0.11653480678796768,0.11807040870189667
42,1820,0.01384936086833477,0.00020824636158067733,0.5089111328125,0.4910888671875,2,130,119,0.013504556380212307,0.014206679537892342,0.11532718688249588,0.118095763027668
42,1840,0.013680821284651756,0.00020824636158067733,0.50726318359375,0.49273681640625,2,132,116,0.01323053427040577,0.014144385233521461,0.11397261917591095,0.11764363944530487
42,1860,0.01365473959594965,0.00020824636158067733,0.506591796875,0.493408203125,2,135,119,0.01320865098387003,0.014112747274339199,0.11482051759958267,0.11813727021217346
42,1880,0.013620218262076378,0.00020824636158067733,0.5068359375,0.4931640625,2,133,118,0.01313819084316492,0.014115609228610992,0.11459957808256149,0.11744332313537598
42,1900,0.013806452043354511,0.00020824636158067733,0.50738525390625,0.49261474609375,2,136,121,0.013328304514288902,0.014298933558166027,0.11530022323131561,0.11929097026586533
42,1920,0.013882763683795929,0.00020824636158067733,0.5089111328125,0.4910888671875,2,129,119,0.01346949115395546,0.01431103702634573,0.11487437784671783,0.11911994218826294
42,1940,0.013660486787557602,0.00020824636158067733,0.50738525390625,0.49261474609375,2,129,119,0.013184413313865662,0.014150832779705524,0.1134202852845192,0.11746649444103241
42,1960,0.013477252796292305,0.00020824636158067733,0.50531005859375,0.49468994140625,2,130,117,0.013365786522626877,0.013591112568974495,0.11488182842731476,0.1165023148059845
42,1980,0.013494334183633327,0.00020824636158067733,0.5064697265625,0.4935302734375,2,134,119,0.013021858409047127,0.013979199342429638,0.11409786343574524,0.11800069361925125
42,2000,0.013843870721757412,0.00020824636158067733,0.51025390625,0.48974609375,2,136,119,0.013562927953898907,0.01413657609373331,0.1161472275853157,0.118629090487957
43,0,0.5887155532836914,0.00020824636158067733,0.44696044921875,0.55303955078125,2,1232,1241,0.6055346131324768,0.5751225352287292,0.7135567665100098,0.6753501892089844
43,20,0.42104071378707886,0.00020824636158067733,0.4520263671875,0.5479736328125,2,1189,1203,0.4277958869934082,0.4154684543609619,0.630896270275116,0.6072875261306763
43,40,0.28654858469963074,0.00020824636158067733,0.47357177734375,0.52642822265625,2,1081,1096,0.28202372789382935,0.2906190752983093,0.5293846726417542,0.5300731658935547
43,60,0.20361831784248352,0.00020824636158067733,0.5201416015625,0.4798583984375,2,873,917,0.20118674635887146,0.2062539905309677,0.42810162901878357,0.4508882462978363
43,80,0.16408680379390717,0.00020824636158067733,0.61419677734375,0.38580322265625,2,707,730,0.16516312956809998,0.16237330436706543,0.3558473289012909,0.3817691504955292
43,100,0.13820794224739075,0.00020824636158067733,0.70245361328125,0.29754638671875,2,666,610,0.13596482574939728,0.1435035765171051,0.32756778597831726,0.3408137857913971
43,120,0.11449331045150757,0.00020824636158067733,0.7615966796875,0.2384033203125,2,627,526,0.10818463563919067,0.13464680314064026,0.3081236779689789,0.3134666383266449
43,140,0.09493618458509445,0.00020824636158067733,0.80633544921875,0.19366455078125,2,574,425,0.08748377859592438,0.12596476078033447,0.28513821959495544,0.2879951298236847
43,160,0.0796111449599266,0.00020824636158067733,0.85418701171875,0.14581298828125,2,522,340,0.0725460946559906,0.12099894136190414,0.2654387652873993,0.26981571316719055
43,180,0.06678766012191772,0.00020824636158067733,0.8916015625,0.1083984375,2,467,278,0.06077384203672409,0.11625272780656815,0.2430412322282791,0.25843170285224915
43,200,0.056344520300626755,0.00020824636158067733,0.9200439453125,0.0799560546875,2,423,217,0.051839910447597504,0.1081785336136818,0.22571472823619843,0.2490803748369217
43,220,0.04824283719062805,0.00020824636158067733,0.94195556640625,0.05804443359375,2,384,174,0.04475965350866318,0.10476861149072647,0.20936858654022217,0.2454642355442047
43,240,0.04183940961956978,0.00020824636158067733,0.96038818359375,0.03961181640625,2,366,144,0.03892990201711655,0.11238031089305878,0.19593623280525208,0.23304292559623718
43,260,0.036786939948797226,0.00020824636158067733,0.97515869140625,0.02484130859375,2,337,116,0.034835491329431534,0.11339206248521805,0.18493233621120453,0.218099445104599
43,280,0.03282923996448517,0.00020824636158067733,0.98577880859375,0.01422119140625,2,326,80,0.03150343522429466,0.12473078072071075,0.17501620948314667,0.20172113180160522
43,300,0.029631972312927246,0.00020824636158067733,0.99200439453125,0.00799560546875,1,311,60,0.028782550245523453,0.1350184977054596,0.16774623095989227,0.1783287227153778
43,320,0.02733251452445984,0.00020824636158067733,0.99542236328125,0.00457763671875,1,303,44,0.02676880545914173,0.1499125361442566,0.16087664663791656,0.16532935202121735
43,340,0.025581028312444687,0.00020824636158067733,0.9981689453125,0.0018310546875,1,300,21,0.02534615620970726,0.15361656248569489,0.15613864362239838,0.13655011355876923
43,360,0.024274606257677078,0.00020824636158067733,0.9990234375,0.0009765625,1,295,15,0.024118129163980484,0.18435028195381165,0.15263710916042328,0.11698590964078903
43,380,0.02343709208071232,0.00020824636158067733,0.99957275390625,0.00042724609375,1,287,6,0.023359384387731552,0.20524190366268158,0.15095224976539612,0.1087740808725357
43,400,0.02293945476412773,0.00020824636158067733,0.999755859375,0.000244140625,1,280,4,0.02288784831762314,0.2342773973941803,0.15076258778572083,0.14430750906467438
43,420,0.022520573809742928,0.00020824636158067733,0.9998779296875,0.0001220703125,1,279,2,0.022497059777379036,0.21511870622634888,0.147821843624115,0.06453624367713928
43,440,0.02216453105211258,0.00020824636158067733,0.9998779296875,0.0001220703125,1,271,2,0.022140976041555405,0.21511870622634888,0.14710035920143127,0.06453624367713928
43,460,0.02182999812066555,0.00020824636158067733,0.9998779296875,0.0001220703125,1,265,2,0.02180365100502968,0.23760932683944702,0.14624899625778198,0.08163264393806458
43,480,0.021699026226997375,0.00020824636158067733,0.99993896484375,6.103515625e-05,1,263,1,0.02168615348637104,0.23261141777038574,0.14494772255420685,0.0
43,500,0.02148757502436638,0.00020824636158067733,0.9998779296875,0.0001220703125,1,263,2,0.02146134339272976,0.2363598644733429,0.1448093205690384,0.06122449040412903
43,520,0.021324530243873596,0.00020824636158067733,1.0,0.0,1,263,0,0.021324530243873596,nan,0.14439710974693298,nan
43,540,0.021240491420030594,0.00020824636158067733,0.99993896484375,6.103515625e-05,1,262,1,0.021226316690444946,0.25343605875968933,0.1442045271396637,0.0
43,560,0.021104587242007256,0.00020824636158067733,1.0,0.0,1,260,0,0.021104587242007256,nan,0.14428910613059998,nan
43,580,0.021021410822868347,0.00020824636158067733,1.0,0.0,1,261,0,0.021021410822868347,nan,0.14399802684783936,nan
43,600,0.02093401551246643,0.00020824636158067733,1.0,0.0,1,256,0,0.02093401551246643,nan,0.14306873083114624,nan
43,620,0.020872600376605988,0.00020824636158067733,1.0,0.0,1,256,0,0.020872600376605988,nan,0.1430201679468155,nan
43,640,0.020884141325950623,0.00020824636158067733,1.0,0.0,1,257,0,0.020884141325950623,nan,0.14351190626621246,nan
43,660,0.020823385566473007,0.00020824636158067733,1.0,0.0,1,254,0,0.020823385566473007,nan,0.14314401149749756,nan
43,680,0.02076333947479725,0.00020824636158067733,1.0,0.0,1,254,0,0.02076333947479725,nan,0.14206498861312866,nan
43,700,0.020718194544315338,0.00020824636158067733,1.0,0.0,1,255,0,0.020718194544315338,nan,0.1424192190170288,nan
43,720,0.020695824176073074,0.00020824636158067733,1.0,0.0,1,254,0,0.020695824176073074,nan,0.1427052766084671,nan
43,740,0.020639389753341675,0.00020824636158067733,1.0,0.0,1,254,0,0.020639389753341675,nan,0.14212219417095184,nan
43,760,0.020672790706157684,0.00020824636158067733,1.0,0.0,1,251,0,0.020672790706157684,nan,0.14160700142383575,nan
43,780,0.02068997733294964,0.00020824636158067733,1.0,0.0,1,248,0,0.02068997733294964,nan,0.14102384448051453,nan
43,800,0.020623933523893356,0.00020824636158067733,1.0,0.0,1,252,0,0.020623933523893356,nan,0.1423453986644745,nan
43,820,0.020581329241394997,0.00020824636158067733,1.0,0.0,1,249,0,0.020581329241394997,nan,0.14164035022258759,nan
43,840,0.020613206550478935,0.00020824636158067733,1.0,0.0,1,248,0,0.020613206550478935,nan,0.14179721474647522,nan
43,860,0.020521387457847595,0.00020824636158067733,1.0,0.0,1,252,0,0.020521387457847595,nan,0.14250455796718597,nan
43,880,0.02048371359705925,0.00020824636158067733,1.0,0.0,1,252,0,0.02048371359705925,nan,0.1417321413755417,nan
43,900,0.020485440269112587,0.00020824636158067733,1.0,0.0,1,249,0,0.020485440269112587,nan,0.14224018156528473,nan
43,920,0.020463071763515472,0.00020824636158067733,1.0,0.0,1,248,0,0.020463071763515472,nan,0.1423257291316986,nan
43,940,0.02045091986656189,0.00020824636158067733,1.0,0.0,1,248,0,0.02045091986656189,nan,0.14172515273094177,nan
43,960,0.020422855392098427,0.00020824636158067733,1.0,0.0,1,247,0,0.020422855392098427,nan,0.1416778564453125,nan
43,980,0.020501917228102684,0.00020824636158067733,1.0,0.0,1,247,0,0.020501917228102684,nan,0.14058394730091095,nan
43,1000,0.02047247812151909,0.00020824636158067733,1.0,0.0,1,247,0,0.02047247812151909,nan,0.14087778329849243,nan
43,1020,0.020373743027448654,0.00020824636158067733,1.0,0.0,1,251,0,0.020373743027448654,nan,0.1416938155889511,nan
43,1040,0.020404959097504616,0.00020824636158067733,1.0,0.0,1,252,0,0.020404959097504616,nan,0.14213651418685913,nan
43,1060,0.020391996949911118,0.00020824636158067733,1.0,0.0,1,249,0,0.020391996949911118,nan,0.14122791588306427,nan
43,1080,0.02036108449101448,0.00020824636158067733,1.0,0.0,1,247,0,0.02036108449101448,nan,0.14156535267829895,nan
43,1100,0.020354120060801506,0.00020824636158067733,1.0,0.0,1,250,0,0.020354120060801506,nan,0.14091229438781738,nan
43,1120,0.020416805520653725,0.00020824636158067733,1.0,0.0,1,252,0,0.020416805520653725,nan,0.1417471170425415,nan
43,1140,0.020361490547657013,0.00020824636158067733,1.0,0.0,1,253,0,0.020361490547657013,nan,0.14168784022331238,nan
43,1160,0.02047552913427353,0.00020824636158067733,1.0,0.0,1,250,0,0.02047552913427353,nan,0.14195622503757477,nan
43,1180,0.020370183512568474,0.00020824636158067733,1.0,0.0,1,251,0,0.020370183512568474,nan,0.14222002029418945,nan
43,1200,0.02034984715282917,0.00020824636158067733,1.0,0.0,1,248,0,0.02034984715282917,nan,0.14172543585300446,nan
43,1220,0.020379487425088882,0.00020824636158067733,1.0,0.0,1,248,0,0.020379487425088882,nan,0.14085057377815247,nan
43,1240,0.020372522994875908,0.00020824636158067733,1.0,0.0,1,246,0,0.020372522994875908,nan,0.1404021829366684,nan
43,1260,0.020360272377729416,0.00020824636158067733,1.0,0.0,1,248,0,0.020360272377729416,nan,0.14073428511619568,nan
43,1280,0.02035350911319256,0.00020824636158067733,1.0,0.0,1,247,0,0.02035350911319256,nan,0.14067912101745605,nan
43,1300,0.020318428054451942,0.00020824636158067733,1.0,0.0,1,245,0,0.020318428054451942,nan,0.14063125848770142,nan
43,1320,0.020269569009542465,0.00020824636158067733,1.0,0.0,1,250,0,0.020269569009542465,nan,0.14107592403888702,nan
43,1340,0.020266519859433174,0.00020824636158067733,1.0,0.0,1,246,0,0.020266519859433174,nan,0.14104141294956207,nan
43,1360,0.020296413451433182,0.00020824636158067733,1.0,0.0,1,250,0,0.020296413451433182,nan,0.14127902686595917,nan
43,1380,0.02029864862561226,0.00020824636158067733,1.0,0.0,1,248,0,0.02029864862561226,nan,0.14117328822612762,nan
43,1400,0.020343897864222527,0.00020824636158067733,1.0,0.0,1,248,0,0.020343897864222527,nan,0.14148391783237457,nan
43,1420,0.02026168815791607,0.00020824636158067733,1.0,0.0,1,246,0,0.02026168815791607,nan,0.14114904403686523,nan
43,1440,0.02026931568980217,0.00020824636158067733,1.0,0.0,1,244,0,0.02026931568980217,nan,0.14044947922229767,nan
43,1460,0.020296208560466766,0.00020824636158067733,1.0,0.0,1,248,0,0.020296208560466766,nan,0.1405429244041443,nan
43,1480,0.02029087021946907,0.00020824636158067733,1.0,0.0,1,249,0,0.02029087021946907,nan,0.14097081124782562,nan
43,1500,0.020222846418619156,0.00020824636158067733,1.0,0.0,1,245,0,0.020222846418619156,nan,0.14085908234119415,nan
43,1520,0.020291278138756752,0.00020824636158067733,1.0,0.0,1,246,0,0.020291278138756752,nan,0.14109332859516144,nan
43,1540,0.020264435559511185,0.00020824636158067733,1.0,0.0,1,242,0,0.020264435559511185,nan,0.14055107533931732,nan
43,1560,0.020261382684111595,0.00020824636158067733,1.0,0.0,1,248,0,0.020261382684111595,nan,0.14128975570201874,nan
43,1580,0.020251266658306122,0.00020824636158067733,1.0,0.0,1,249,0,0.020251266658306122,nan,0.1415245234966278,nan
43,1600,0.02026357129216194,0.00020824636158067733,1.0,0.0,1,247,0,0.02026357129216194,nan,0.14067628979682922,nan
43,1620,0.020290110260248184,0.00020824636158067733,1.0,0.0,1,241,0,0.020290110260248184,nan,0.14020799100399017,nan
43,1640,0.02023865468800068,0.00020824636158067733,1.0,0.0,1,246,0,0.02023865468800068,nan,0.1409440040588379,nan
43,1660,0.02023591287434101,0.00020824636158067733,1.0,0.0,1,243,0,0.02023591287434101,nan,0.14045198261737823,nan
43,1680,0.020212475210428238,0.00020824636158067733,1.0,0.0,1,247,0,0.020212475210428238,nan,0.14103272557258606,nan
43,1700,0.020226508378982544,0.00020824636158067733,1.0,0.0,1,244,0,0.020226508378982544,nan,0.14106148481369019,nan
43,1720,0.0202088113874197,0.00020824636158067733,1.0,0.0,1,245,0,0.0202088113874197,nan,0.14084766805171967,nan
43,1740,0.0202287957072258,0.00020824636158067733,1.0,0.0,1,247,0,0.0202287957072258,nan,0.14102475345134735,nan
43,1760,0.020201541483402252,0.00020824636158067733,1.0,0.0,1,238,0,0.020201541483402252,nan,0.14068134129047394,nan
43,1780,0.020224981009960175,0.00020824636158067733,1.0,0.0,1,243,0,0.020224981009960175,nan,0.14072036743164062,nan
43,1800,0.02022874355316162,0.00020824636158067733,1.0,0.0,1,241,0,0.02022874355316162,nan,0.1400272250175476,nan
43,1820,0.020238149911165237,0.00020824636158067733,1.0,0.0,1,241,0,0.020238149911165237,nan,0.14089855551719666,nan
43,1840,0.02022523432970047,0.00020824636158067733,1.0,0.0,1,249,0,0.02022523432970047,nan,0.141198992729187,nan
43,1860,0.020203016698360443,0.00020824636158067733,1.0,0.0,1,249,0,0.020203016698360443,nan,0.14093290269374847,nan
43,1880,0.0202360637485981,0.00020824636158067733,1.0,0.0,1,243,0,0.0202360637485981,nan,0.14061711728572845,nan
43,1900,0.02021491341292858,0.00020824636158067733,1.0,0.0,1,246,0,0.02021491341292858,nan,0.14102739095687866,nan
43,1920,0.020282583311200142,0.00020824636158067733,1.0,0.0,1,248,0,0.020282583311200142,nan,0.14183659851551056,nan
43,1940,0.020192492753267288,0.00020824636158067733,1.0,0.0,1,244,0,0.020192492753267288,nan,0.14061546325683594,nan
43,1960,0.020207643508911133,0.00020824636158067733,1.0,0.0,1,245,0,0.020207643508911133,nan,0.14059603214263916,nan
43,1980,0.02020622231066227,0.00020824636158067733,1.0,0.0,1,237,0,0.02020622231066227,nan,0.14017033576965332,nan
43,2000,0.020222285762429237,0.00020824636158067733,1.0,0.0,1,244,0,0.020222285762429237,nan,0.1406698375940323,nan
44,0,0.6714361906051636,0.00020824636158067733,0.43841552734375,0.56158447265625,2,1222,1243,0.6551603674888611,0.6841421723365784,0.6801773309707642,0.6830728650093079
44,20,0.4507427215576172,0.00020824636158067733,0.45849609375,0.54150390625,2,1178,1203,0.4272364675998688,0.470645546913147,0.5970706939697266,0.6053924560546875
44,40,0.282443106174469,0.00020824636158067733,0.46124267578125,0.53875732421875,2,1020,1070,0.2650626003742218,0.2973230183124542,0.5031312704086304,0.5194435715675354
44,60,0.1845616102218628,0.00020824636158067733,0.45416259765625,0.54583740234375,2,822,893,0.17766991257667542,0.19029583036899567,0.4185786843299866,0.43364477157592773
44,80,0.13874828815460205,0.00020824636158067733,0.38916015625,0.61083984375,2,638,721,0.14002059400081635,0.1379377245903015,0.3537992835044861,0.35943931341171265
44,100,0.11429604887962341,0.00020824636158067733,0.302001953125,0.697998046875,2,512,620,0.12367908656597137,0.1102362796664238,0.30926498770713806,0.31725600361824036
44,120,0.09479759633541107,0.00020824636158067733,0.24420166015625,0.75579833984375,2,422,565,0.11471793055534363,0.0883612409234047,0.2855057716369629,0.2905542850494385
44,140,0.07885406911373138,0.00020824636158067733,0.1922607421875,0.8077392578125,2,338,503,0.10705023258924484,0.07214272022247314,0.2670699954032898,0.2652292549610138
44,160,0.06555292755365372,0.00020824636158067733,0.15484619140625,0.84515380859375,2,273,437,0.10138734430074692,0.05898746848106384,0.2568792998790741,0.24122653901576996
44,180,0.05461107939481735,0.00020824636158067733,0.11773681640625,0.88226318359375,2,223,381,0.09706567227840424,0.04894557595252991,0.2515925168991089,0.21953102946281433
44,200,0.04644167795777321,0.00020824636158067733,0.0849609375,0.9150390625,2,179,353,0.0962984710931778,0.04181249812245369,0.24704383313655853,0.20288324356079102
44,220,0.04013342782855034,0.00020824636158067733,0.05474853515625,0.94525146484375,2,139,315,0.09214132279157639,0.03712114319205284,0.23479734361171722,0.190461665391922
44,240,0.03516082465648651,0.00020824636158067733,0.03216552734375,0.96783447265625,2,107,297,0.09940789639949799,0.033025600016117096,0.21948927640914917,0.17950402200222015
44,260,0.03139632195234299,0.00020824636158067733,0.01806640625,0.98193359375,2,89,282,0.11148788779973984,0.02992272935807705,0.20077045261859894,0.17039754986763
44,280,0.028621697798371315,0.00020824636158067733,0.0072021484375,0.9927978515625,1,59,274,0.12350432574748993,0.027933381497859955,0.19983865320682526,0.16416804492473602
44,300,0.026568366214632988,0.00020824636158067733,0.00390625,0.99609375,1,43,273,0.11655299365520477,0.026215484365820885,0.1824592798948288,0.15963955223560333
44,320,0.025417564436793327,0.00020824636158067733,0.00286865234375,0.99713134765625,1,35,274,0.12857674062252045,0.025120791047811508,0.17460891604423523,0.1556330919265747
44,340,0.0247263815253973,0.00020824636158067733,0.00213623046875,0.99786376953125,1,28,266,0.13976913690567017,0.024480098858475685,0.1667434573173523,0.15398959815502167
44,360,0.02379974164068699,0.00020824636158067733,0.00128173828125,0.99871826171875,1,18,267,0.13507267832756042,0.02365693636238575,0.15787769854068756,0.15090098977088928
44,380,0.023374151438474655,0.00020824636158067733,0.00146484375,0.99853515625,1,21,264,0.15205468237400055,0.023185376077890396,0.16385769844055176,0.15111428499221802
44,400,0.022822977975010872,0.00020824636158067733,0.001220703125,0.998779296875,1,19,267,0.13802582025527954,0.022682176902890205,0.16523052752017975,0.1493566632270813
44,420,0.022522252053022385,0.00020824636158067733,0.00091552734375,0.99908447265625,1,13,265,0.137873113155365,0.022416546940803528,0.15296293795108795,0.14852985739707947
44,440,0.022212320938706398,0.00020824636158067733,0.0008544921875,0.9991455078125,1,11,261,0.13717497885227203,0.02211400307714939,0.1468183994293213,0.14683008193969727
44,460,0.021998077630996704,0.00020824636158067733,0.00079345703125,0.99920654296875,1,12,260,0.14098289608955383,0.021903591230511665,0.14104287326335907,0.1469964236021042
44,480,0.021832942962646484,0.00020824636158067733,0.0006103515625,0.9993896484375,1,9,258,0.10516450554132462,0.021782049909234047,0.13225999474525452,0.14549657702445984
44,500,0.021626120433211327,0.00020824636158067733,0.0006103515625,0.9993896484375,1,9,259,0.11416075378656387,0.02156960591673851,0.12868474423885345,0.14580853283405304
44,520,0.021538063883781433,0.00020824636158067733,0.00067138671875,0.99932861328125,1,11,254,0.10902654379606247,0.021479282528162003,0.14265218377113342,0.14500068128108978
44,540,0.02142498828470707,0.00020824636158067733,0.00067138671875,0.99932861328125,1,9,253,0.10243836045265198,0.02137056365609169,0.1496240794658661,0.1443561464548111
44,560,0.021268144249916077,0.00020824636158067733,0.00067138671875,0.99932861328125,1,9,250,0.10243836045265198,0.021213609725236893,0.1496240794658661,0.1444389671087265
44,580,0.021212726831436157,0.00020824636158067733,0.0006103515625,0.9993896484375,1,9,250,0.0924198180437088,0.02116924151778221,0.14401859045028687,0.14359529316425323
44,600,0.021122533828020096,0.00020824636158067733,0.0006103515625,0.9993896484375,1,8,249,0.10341523587703705,0.021072275936603546,0.13469386100769043,0.14407841861248016
44,620,0.021017292514443398,0.00020824636158067733,0.0006103515625,0.9993896484375,1,8,252,0.1092461496591568,0.020963408052921295,0.13835468888282776,0.14349214732646942
44,640,0.021005243062973022,0.00020824636158067733,0.0006103515625,0.9993896484375,1,8,252,0.09583506733179092,0.02095954120159149,0.1325116902589798,0.14354653656482697
44,660,0.02088586799800396,0.00020824636158067733,0.0006103515625,0.9993896484375,1,8,246,0.1092461496591568,0.02083190530538559,0.13835468888282776,0.1428055316209793
44,680,0.02088078483939171,0.00020824636158067733,0.00067138671875,0.99932861328125,1,9,246,0.10046949237585068,0.020827313885092735,0.1495320349931717,0.1427406519651413
44,700,0.020885512232780457,0.00020824636158067733,0.0006103515625,0.9993896484375,1,7,252,0.1019158586859703,0.02083602547645569,0.1460859477519989,0.14297834038734436
44,720,0.0207529179751873,0.00020824636158067733,0.0006103515625,0.9993896484375,1,7,250,0.10424822568893433,0.020701926201581955,0.1369020938873291,0.1428484320640564
44,740,0.020824044942855835,0.00020824636158067733,0.0006103515625,0.9993896484375,1,9,251,0.12982091307640076,0.02075747773051262,0.15359091758728027,0.142843097448349
44,760,0.020672840997576714,0.00020824636158067733,0.0006103515625,0.9993896484375,1,9,244,0.14256559312343597,0.0205984003841877,0.15876449644565582,0.14215509593486786
44,780,0.02061045914888382,0.00020824636158067733,0.0006103515625,0.9993896484375,1,8,241,0.13606829941272736,0.020539946854114532,0.15558463335037231,0.1419343501329422
44,800,0.0206432044506073,0.00020824636158067733,0.0006103515625,0.9993896484375,1,8,243,0.12365680932998657,0.020580289885401726,0.15052317082881927,0.1413363218307495
44,820,0.020575227215886116,0.00020824636158067733,0.0006103515625,0.9993896484375,1,9,249,0.10116617381572723,0.020526010543107986,0.1493007391691208,0.14241042733192444
44,840,0.02053399570286274,0.00020824636158067733,0.0006103515625,0.9993896484375,1,8,242,0.12965430319309235,0.020467352122068405,0.1511857807636261,0.14184370636940002
44,860,0.020489659160375595,0.00020824636158067733,0.0006103515625,0.9993896484375,1,8,245,0.12199083715677261,0.02042767032980919,0.15975825488567352,0.14125916361808777
44,880,0.020540960133075714,0.00020824636158067733,0.00067138671875,0.99932861328125,1,10,244,0.08895912766456604,0.020494991913437843,0.15584413707256317,0.14161993563175201
44,900,0.020544923841953278,0.00020824636158067733,0.00067138671875,0.99932861328125,1,8,242,0.08736887574195862,0.020500028505921364,0.15672512352466583,0.14104758203029633
44,920,0.02044522576034069,0.00020824636158067733,0.00067138671875,0.99932861328125,1,8,245,0.08805041760206223,0.020399805158376694,0.1582985371351242,0.14149604737758636
44,940,0.020565617829561234,0.00020824636158067733,0.00067138671875,0.99932861328125,1,10,238,0.10440724343061447,0.02050929144024849,0.16602490842342377,0.14209388196468353
44,960,0.020470645278692245,0.00020824636158067733,0.0006103515625,0.9993896484375,1,8,243,0.11441066116094589,0.020413273945450783,0.15918368101119995,0.1408323496580124
44,980,0.02048264443874359,0.00020824636158067733,0.0006103515625,0.9993896484375,1,7,247,0.12124113738536835,0.020421110093593597,0.1651422679424286,0.14126910269260406
44,1000,0.020375825464725494,0.00020824636158067733,0.0006103515625,0.9993896484375,1,8,244,0.12124113738536835,0.020314225926995277,0.1651422679424286,0.14113079011440277
44,1020,0.02049444243311882,0.00020824636158067733,0.00054931640625,0.99945068359375,1,8,244,0.13654032349586487,0.020430658012628555,0.1626342087984085,0.1407524049282074
44,1040,0.02036779373884201,0.00020824636158067733,0.00054931640625,0.99945068359375,1,7,244,0.1391318440437317,0.02030251733958721,0.16564156115055084,0.14107944071292877
44,1060,0.02041349932551384,0.00020824636158067733,0.0006103515625,0.9993896484375,1,8,245,0.1416493058204651,0.02033945918083191,0.17631520330905914,0.14128172397613525
44,1080,0.02037821337580681,0.00020824636158067733,0.0006103515625,0.9993896484375,1,8,245,0.1416493058204651,0.020304152742028236,0.17631520330905914,0.14023345708847046
44,1100,0.020327983424067497,0.00020824636158067733,0.00048828125,0.99951171875,1,7,244,0.12578092515468597,0.020276470109820366,0.16374289989471436,0.14096644520759583
44,1120,0.020373843610286713,0.00020824636158067733,0.00042724609375,0.99957275390625,1,6,244,0.1278931349515915,0.020327886566519737,0.16138020157814026,0.14061009883880615
44,1140,0.02031852863729,0.00020824636158067733,0.00042724609375,0.99957275390625,1,6,243,0.11563632637262344,0.020277786999940872,0.15667669475078583,0.14081688225269318
44,1160,0.02043032832443714,0.00020824636158067733,0.00042724609375,0.99957275390625,1,5,244,0.1362229883670807,0.020380835980176926,0.15602433681488037,0.14142905175685883
44,1180,0.020310088992118835,0.00020824636158067733,0.00042724609375,0.99957275390625,1,6,245,0.14943177998065948,0.020254896953701973,0.16053526103496552,0.14061370491981506
44,1200,0.02036118507385254,0.00020824636158067733,0.00042724609375,0.99957275390625,1,6,243,0.10694946348667145,0.02032417431473732,0.1488879919052124,0.1417737752199173
44,1220,0.02027653530240059,0.00020824636158067733,0.00042724609375,0.99957275390625,1,6,241,0.1278931349515915,0.02023053541779518,0.16138020157814026,0.140371173620224
44,1240,0.02028009481728077,0.00020824636158067733,0.0006103515625,0.9993896484375,1,8,240,0.13798417150974274,0.02020820789039135,0.17220427095890045,0.1411931812763214
44,1260,0.0202950406819582,0.00020824636158067733,0.0006103515625,0.9993896484375,1,7,239,0.12990419566631317,0.020228097215294838,0.16734692454338074,0.1396999955177307
44,1280,0.020377807319164276,0.00020824636158067733,0.0006103515625,0.9993896484375,1,8,237,0.11957516521215439,0.02031722664833069,0.17626793682575226,0.1398642212152481
44,1300,0.020244097337126732,0.00020824636158067733,0.00054931640625,0.99945068359375,1,8,241,0.11960293352603912,0.02018948644399643,0.1716180443763733,0.140833780169487
44,1320,0.020299360156059265,0.00020824636158067733,0.00067138671875,0.99932861328125,1,10,240,0.1086478903889656,0.02024000510573387,0.17308947443962097,0.14127042889595032
44,1340,0.0202487725764513,0.00020824636158067733,0.0006103515625,0.9993896484375,1,9,245,0.11091210693120956,0.020193403586745262,0.17474918067455292,0.14052261412143707
44,1360,0.02029249630868435,0.00020824636158067733,0.00054931640625,0.99945068359375,1,7,245,0.13043175637722015,0.020231960341334343,0.17681258916854858,0.14057579636573792
44,1380,0.02025131694972515,0.00020824636158067733,0.0006103515625,0.9993896484375,1,8,237,0.10641398280858994,0.020198695361614227,0.17263907194137573,0.1407463550567627
44,1400,0.020193610340356827,0.00020824636158067733,0.000732421875,0.999267578125,1,10,238,0.08892127871513367,0.020143238827586174,0.1741018295288086,0.14073079824447632
44,1420,0.02029193751513958,0.00020824636158067733,0.00067138671875,0.99932861328125,1,9,242,0.10327135771512985,0.020236188545823097,0.1801062971353531,0.14026084542274475
44,1440,0.02025700733065605,0.00020824636158067733,0.00067138671875,0.99932861328125,1,10,239,0.10637612640857697,0.02019915170967579,0.18321377038955688,0.14108186960220337
44,1460,0.020262449979782104,0.00020824636158067733,0.00067138671875,0.99932861328125,1,9,237,0.10410434752702713,0.02020612172782421,0.18298818171024323,0.1407221257686615
44,1480,0.020292041823267937,0.00020824636158067733,0.000732421875,0.999267578125,1,10,239,0.08843537420034409,0.02024209499359131,0.1843964159488678,0.14131174981594086
44,1500,0.020184408873319626,0.00020824636158067733,0.00067138671875,0.99932861328125,1,9,239,0.08683881163597107,0.020139625295996666,0.1761644184589386,0.14062082767486572
44,1520,0.020174849778413773,0.00020824636158067733,0.00067138671875,0.99932861328125,1,10,240,0.09380560368299484,0.020125383511185646,0.1755380481481552,0.14050208032131195
44,1540,0.020199712365865707,0.00020824636158067733,0.00067138671875,0.99932861328125,1,10,239,0.08615726977586746,0.020155398175120354,0.17475192248821259,0.14063432812690735
44,1560,0.020185373723506927,0.00020824636158067733,0.000732421875,0.999267578125,1,10,239,0.07656531780958176,0.02014405094087124,0.1830425262451172,0.14025989174842834
44,1580,0.020203115418553352,0.00020824636158067733,0.00091552734375,0.99908447265625,1,14,240,0.07800915837287903,0.020150145515799522,0.19753676652908325,0.1405612826347351
44,1600,0.020177798345685005,0.00020824636158067733,0.0008544921875,0.9991455078125,1,10,237,0.08404236286878586,0.020123181864619255,0.20401914417743683,0.14062312245368958
44,1620,0.020225895568728447,0.00020824636158067733,0.00079345703125,0.99920654296875,1,10,234,0.0729343518614769,0.020184040069580078,0.19802632927894592,0.1408902108669281
44,1640,0.020210592076182365,0.00020824636158067733,0.0008544921875,0.9991455078125,1,12,242,0.07053608447313309,0.020167551934719086,0.19957540929317474,0.14119407534599304
44,1660,0.020213235169649124,0.00020824636158067733,0.0008544921875,0.9991455078125,1,13,238,0.07059557735919952,0.020170146599411964,0.20006458461284637,0.14032886922359467
44,1680,0.02019452676177025,0.00020824636158067733,0.00091552734375,0.99908447265625,1,13,236,0.07612105458974838,0.020143277943134308,0.20540161430835724,0.14022347331047058
44,1700,0.02018832229077816,0.00020824636158067733,0.0008544921875,0.9991455078125,1,12,239,0.06601415574550629,0.02014913223683834,0.19457228481769562,0.14101764559745789
44,1720,0.020181916654109955,0.00020824636158067733,0.0008544921875,0.9991455078125,1,13,239,0.07648599147796631,0.020133763551712036,0.19721907377243042,0.14053228497505188
44,1740,0.02015598863363266,0.00020824636158067733,0.000732421875,0.999267578125,1,10,237,0.06295987218618393,0.020124614238739014,0.18049658834934235,0.14047807455062866
44,1760,0.020189087837934494,0.00020824636158067733,0.00091552734375,0.99908447265625,1,14,240,0.06468138098716736,0.02014831453561783,0.20099249482154846,0.14045947790145874
44,1780,0.0201666671782732,0.00020824636158067733,0.00128173828125,0.99871826171875,1,14,234,0.10353819280862808,0.020059669390320778,0.23182272911071777,0.14041943848133087
44,1800,0.020189441740512848,0.00020824636158067733,0.00128173828125,0.99871826171875,1,15,236,0.10123757272958755,0.020085426047444344,0.22252705693244934,0.13997814059257507
44,1820,0.020194577053189278,0.00020824636158067733,0.00128173828125,0.99871826171875,1,16,235,0.10020624101161957,0.020091893151402473,0.21799920499324799,0.1406601518392563
44,1840,0.020156700164079666,0.00020824636158067733,0.0008544921875,0.9991455078125,1,12,234,0.07101207226514816,0.020113205537199974,0.19708971679210663,0.13966955244541168
44,1860,0.020192693918943405,0.00020824636158067733,0.00128173828125,0.99871826171875,1,15,236,0.08552984148263931,0.020108841359615326,0.22063463926315308,0.1410050094127655
44,1880,0.020176883786916733,0.00020824636158067733,0.00091552734375,0.99908447265625,1,14,239,0.06501457095146179,0.020135795697569847,0.20125019550323486,0.14085173606872559
44,1900,0.020239217206835747,0.00020824636158067733,0.0008544921875,0.9991455078125,1,14,235,0.06250371783971786,0.02020307257771492,0.19724059104919434,0.13994422554969788
44,1920,0.02014622651040554,0.00020824636158067733,0.001220703125,0.998779296875,1,13,234,0.10141606628894806,0.02004689909517765,0.22743889689445496,0.13995903730392456
44,1940,0.02024831622838974,0.00020824636158067733,0.00091552734375,0.99908447265625,1,12,238,0.06451477110385895,0.020207753404974937,0.20260688662528992,0.14160780608654022
44,1960,0.02025609463453293,0.00020824636158067733,0.001220703125,0.998779296875,1,15,232,0.10166595876216888,0.02015659771859646,0.23967213928699493,0.13937996327877045
44,1980,0.02013956569135189,0.00020824636158067733,0.00152587890625,0.99847412109375,1,18,233,0.07780923694372177,0.020051434636116028,0.22643902897834778,0.14018510282039642
44,2000,0.02009858936071396,0.00020824636158067733,0.00189208984375,0.99810791015625,1,21,228,0.09178299456834793,0.019962698221206665,0.24468550086021423,0.14019358158111572
45,0,0.7110193371772766,0.00020824636158067733,0.344482421875,0.655517578125,2,1182,1231,0.9253777265548706,0.5983715057373047,0.6943502426147461,0.7242614030838013
45,20,0.5637434720993042,0.00020824636158067733,0.38580322265625,0.61419677734375,2,1176,1213,0.6708871722221375,0.49644196033477783,0.6743541955947876,0.6765292882919312
45,40,0.422450453042984,0.00020824636158067733,0.43170166015625,0.56829833984375,2,1147,1164,0.48606520891189575,0.3741261661052704,0.6207499504089355,0.6044273972511292
45,60,0.29908686876296997,0.00020824636158067733,0.421875,0.578125,2,1054,1065,0.3323747217655182,0.2747957408428192,0.538401186466217,0.522648811340332
45,80,0.21316176652908325,0.00020824636158067733,0.3792724609375,0.6207275390625,2,883,929,0.2176031768321991,0.2104479968547821,0.4476269483566284,0.4420424997806549
45,100,0.16485974192619324,0.00020824636158067733,0.3394775390625,0.6605224609375,2,683,797,0.1517530232667923,0.1715959757566452,0.36449024081230164,0.3777581453323364
45,120,0.13740912079811096,0.00020824636158067733,0.33123779296875,0.66876220703125,2,556,699,0.12461436539888382,0.14374636113643646,0.31147655844688416,0.3371767997741699
45,140,0.11755457520484924,0.00020824636158067733,0.3096923828125,0.6903076171875,2,484,627,0.11025846004486084,0.12082783132791519,0.2841857969760895,0.3152507245540619
45,160,0.10205444693565369,0.00020824636158067733,0.28045654296875,0.71954345703125,2,443,578,0.10460435599088669,0.10106056183576584,0.2696697413921356,0.29671648144721985
45,180,0.0902315154671669,0.00020824636158067733,0.236572265625,0.763427734375,2,386,533,0.10633833706378937,0.08524031192064285,0.2568289339542389,0.2786169946193695
45,200,0.07901736348867416,0.00020824636158067733,0.18133544921875,0.81866455078125,2,331,480,0.10579198598861694,0.07308674603700638,0.24146077036857605,0.26166531443595886
45,220,0.06726490706205368,0.00020824636158067733,0.11712646484375,0.88287353515625,2,263,443,0.11538302153348923,0.060881320387125015,0.224629208445549,0.24110735952854156
45,240,0.05157411843538284,0.00020824636158067733,0.03643798828125,0.96356201171875,2,139,412,0.1339576542377472,0.04845871403813362,0.1800716072320938,0.21513931453227997
45,260,0.037635937333106995,0.00020824636158067733,0.00244140625,0.99755859375,1,33,373,0.1680549681186676,0.03731675446033478,0.144444540143013,0.1863679140806198
45,280,0.031573452055454254,0.00020824636158067733,0.00030517578125,0.99969482421875,1,4,336,0.22011661529541016,0.03151589632034302,0.08163264393806458,0.17286473512649536
45,300,0.02844126522541046,0.00020824636158067733,6.103515625e-05,0.99993896484375,1,1,317,0.23261141777038574,0.028428800404071808,0.0,0.16620543599128723
45,320,0.02662668190896511,0.00020824636158067733,6.103515625e-05,0.99993896484375,1,1,297,0.23261141777038574,0.026614105328917503,0.0,0.16113251447677612
45,340,0.02538355626165867,0.00020824636158067733,0.0,1.0,1,0,284,nan,0.02538355626165867,nan,0.15752026438713074
45,360,0.024576297029852867,0.00020824636158067733,0.0,1.0,1,0,279,nan,0.024576297029852867,nan,0.15453001856803894
45,380,0.023785609751939774,0.00020824636158067733,0.0,1.0,1,0,267,nan,0.023785609751939774,nan,0.15155765414237976
45,400,0.023279940709471703,0.00020824636158067733,0.0,1.0,1,0,268,nan,0.023279940709471703,nan,0.15133312344551086
45,420,0.02277950942516327,0.00020824636158067733,0.0,1.0,1,0,259,nan,0.02277950942516327,nan,0.1490764170885086
45,440,0.02244553156197071,0.00020824636158067733,0.0,1.0,1,0,259,nan,0.02244553156197071,nan,0.14816659688949585
45,460,0.022199610248208046,0.00020824636158067733,0.0,1.0,1,0,257,nan,0.022199610248208046,nan,0.14664095640182495
45,480,0.021987348794937134,0.00020824636158067733,0.0,1.0,1,0,249,nan,0.021987348794937134,nan,0.14520378410816193
45,500,0.021759068593382835,0.00020824636158067733,0.0,1.0,1,0,254,nan,0.021759068593382835,nan,0.14555731415748596
45,520,0.021558651700615883,0.00020824636158067733,0.0,1.0,1,0,253,nan,0.021558651700615883,nan,0.14562036097049713
45,540,0.02141060307621956,0.00020824636158067733,0.0,1.0,1,0,251,nan,0.02141060307621956,nan,0.1447898894548416
45,560,0.021304495632648468,0.00020824636158067733,0.0,1.0,1,0,254,nan,0.021304495632648468,nan,0.14420358836650848
45,580,0.02127099223434925,0.00020824636158067733,0.0,1.0,1,0,247,nan,0.02127099223434925,nan,0.1427558958530426
45,600,0.021121466532349586,0.00020824636158067733,0.0,1.0,1,0,243,nan,0.021121466532349586,nan,0.1426052451133728
45,620,0.021052779629826546,0.00020824636158067733,0.0,1.0,1,0,244,nan,0.021052779629826546,nan,0.14245730638504028
45,640,0.020968789234757423,0.00020824636158067733,0.0,1.0,1,0,246,nan,0.020968789234757423,nan,0.1428612321615219
45,660,0.0208597369492054,0.00020824636158067733,0.0,1.0,1,0,247,nan,0.0208597369492054,nan,0.14302299916744232
45,680,0.02082790993154049,0.00020824636158067733,0.0,1.0,1,0,247,nan,0.02082790993154049,nan,0.1432511955499649
45,700,0.020776253193616867,0.00020824636158067733,0.0,1.0,1,0,246,nan,0.020776253193616867,nan,0.14244168996810913
45,720,0.02073913812637329,0.00020824636158067733,0.0,1.0,1,0,246,nan,0.02073913812637329,nan,0.14206895232200623
45,740,0.020682908594608307,0.00020824636158067733,0.0,1.0,1,0,241,nan,0.020682908594608307,nan,0.1416919082403183
45,760,0.020641271024942398,0.00020824636158067733,0.0,1.0,1,0,241,nan,0.020641271024942398,nan,0.14170067012310028
45,780,0.020545687526464462,0.00020824636158067733,0.0,1.0,1,0,241,nan,0.020545687526464462,nan,0.14212006330490112
45,800,0.020532723516225815,0.00020824636158067733,0.0,1.0,1,0,238,nan,0.020532723516225815,nan,0.14153657853603363
45,820,0.02046022191643715,0.00020824636158067733,0.0,1.0,1,0,241,nan,0.02046022191643715,nan,0.14184071123600006
45,840,0.020436227321624756,0.00020824636158067733,0.0,1.0,1,0,238,nan,0.020436227321624756,nan,0.1418062150478363
45,860,0.020406993106007576,0.00020824636158067733,0.0,1.0,1,0,237,nan,0.020406993106007576,nan,0.14082783460617065
45,880,0.02036280930042267,0.00020824636158067733,0.0,1.0,1,0,240,nan,0.02036280930042267,nan,0.14135293662548065
45,900,0.020348727703094482,0.00020824636158067733,0.0,1.0,1,0,240,nan,0.020348727703094482,nan,0.1410471349954605
45,920,0.020314408466219902,0.00020824636158067733,0.0,1.0,1,0,237,nan,0.020314408466219902,nan,0.14077144861221313
45,940,0.02036210149526596,0.00020824636158067733,0.0,1.0,1,0,234,nan,0.02036210149526596,nan,0.14047199487686157
45,960,0.020255383104085922,0.00020824636158067733,0.0,1.0,1,0,235,nan,0.020255383104085922,nan,0.14085997641086578
45,980,0.02028731256723404,0.00020824636158067733,0.0,1.0,1,0,236,nan,0.02028731256723404,nan,0.14133229851722717
45,1000,0.02021903172135353,0.00020824636158067733,0.0,1.0,1,0,233,nan,0.02021903172135353,nan,0.14058813452720642
45,1020,0.02027709223330021,0.00020824636158067733,0.0,1.0,1,0,237,nan,0.02027709223330021,nan,0.14131492376327515
45,1040,0.020225998014211655,0.00020824636158067733,0.0,1.0,1,0,238,nan,0.020225998014211655,nan,0.14107824862003326
45,1060,0.020250502973794937,0.00020824636158067733,0.0,1.0,1,0,236,nan,0.020250502973794937,nan,0.1409417986869812
45,1080,0.02013855054974556,0.00020824636158067733,0.0,1.0,1,0,234,nan,0.02013855054974556,nan,0.14029750227928162
45,1100,0.02021811716258526,0.00020824636158067733,0.0,1.0,1,0,233,nan,0.02021811716258526,nan,0.14007852971553802
45,1120,0.02015797048807144,0.00020824636158067733,0.0,1.0,1,0,235,nan,0.02015797048807144,nan,0.14043565094470978
45,1140,0.020190255716443062,0.00020824636158067733,0.0,1.0,1,0,232,nan,0.020190255716443062,nan,0.1403907686471939
45,1160,0.020185476168990135,0.00020824636158067733,0.0,1.0,1,0,238,nan,0.020185476168990135,nan,0.14130043983459473
45,1180,0.020107638090848923,0.00020824636158067733,0.0,1.0,1,0,236,nan,0.020107638090848923,nan,0.14027979969978333
45,1200,0.02012019418179989,0.00020824636158067733,0.0,1.0,1,0,236,nan,0.02012019418179989,nan,0.14022399485111237
45,1220,0.02015502192080021,0.00020824636158067733,0.0,1.0,1,0,238,nan,0.02015502192080021,nan,0.14154332876205444
45,1240,0.020071743056178093,0.00020824636158067733,0.0,1.0,1,0,235,nan,0.020071743056178093,nan,0.14052745699882507
45,1260,0.020117195323109627,0.00020824636158067733,0.0,1.0,1,0,231,nan,0.020117195323109627,nan,0.13932372629642487
45,1280,0.020111553370952606,0.00020824636158067733,0.0,1.0,1,0,232,nan,0.020111553370952606,nan,0.13887053728103638
45,1300,0.020014751702547073,0.00020824636158067733,0.0,1.0,1,0,233,nan,0.020014751702547073,nan,0.13981088995933533
45,1320,0.020044898614287376,0.00020824636158067733,0.0,1.0,1,0,232,nan,0.020044898614287376,nan,0.14093708992004395
45,1340,0.02001332677900791,0.00020824636158067733,0.0,1.0,1,0,235,nan,0.02001332677900791,nan,0.14028102159500122
45,1360,0.020023750141263008,0.00020824636158067733,0.0,1.0,1,0,231,nan,0.020023750141263008,nan,0.14001452922821045
45,1380,0.019993551075458527,0.00020824636158067733,0.0,1.0,1,0,233,nan,0.019993551075458527,nan,0.14017756283283234
45,1400,0.0200087521225214,0.00020824636158067733,0.0,1.0,1,0,233,nan,0.0200087521225214,nan,0.13940809667110443
45,1420,0.01999954879283905,0.00020824636158067733,0.0,1.0,1,0,234,nan,0.01999954879283905,nan,0.1397992968559265
45,1440,0.019959893077611923,0.00020824636158067733,0.0,1.0,1,0,231,nan,0.019959893077611923,nan,0.1404339075088501
45,1460,0.019986432045698166,0.00020824636158067733,0.0,1.0,1,0,233,nan,0.019986432045698166,nan,0.13975603878498077
45,1480,0.019950587302446365,0.00020824636158067733,0.0,1.0,1,0,231,nan,0.019950587302446365,nan,0.13992787897586823
45,1500,0.019971027970314026,0.00020824636158067733,0.0,1.0,1,0,229,nan,0.019971027970314026,nan,0.13968133926391602
45,1520,0.01995912939310074,0.00020824636158067733,0.0,1.0,1,0,233,nan,0.01995912939310074,nan,0.13974475860595703
45,1540,0.020080385729670525,0.00020824636158067733,0.0,1.0,1,0,228,nan,0.020080385729670525,nan,0.13808764517307281
45,1560,0.019932590425014496,0.00020824636158067733,0.0,1.0,1,0,228,nan,0.019932590425014496,nan,0.13923878967761993
45,1580,0.0199415385723114,0.00020824636158067733,0.0,1.0,1,0,231,nan,0.0199415385723114,nan,0.13925552368164062
45,1600,0.019940827041864395,0.00020824636158067733,0.0,1.0,1,0,230,nan,0.019940827041864395,nan,0.13986817002296448
45,1620,0.01994209922850132,0.00020824636158067733,0.0,1.0,1,0,231,nan,0.01994209922850132,nan,0.13885703682899475
45,1640,0.01990010216832161,0.00020824636158067733,0.0,1.0,1,0,226,nan,0.01990010216832161,nan,0.13899298012256622
45,1660,0.019918762147426605,0.00020824636158067733,0.0,1.0,1,0,228,nan,0.019918762147426605,nan,0.13962608575820923
45,1680,0.019880425184965134,0.00020824636158067733,0.0,1.0,1,0,231,nan,0.019880425184965134,nan,0.13986429572105408
45,1700,0.019901882857084274,0.00020824636158067733,0.0,1.0,1,0,230,nan,0.019901882857084274,nan,0.13949862122535706
45,1720,0.019937926903367043,0.00020824636158067733,0.0,1.0,1,0,226,nan,0.019937926903367043,nan,0.13823428750038147
45,1740,0.019917644560337067,0.00020824636158067733,0.0,1.0,1,0,227,nan,0.019917644560337067,nan,0.13879764080047607
45,1760,0.01990935578942299,0.00020824636158067733,0.0,1.0,1,0,225,nan,0.01990935578942299,nan,0.13854670524597168
45,1780,0.01989029347896576,0.00020824636158067733,0.0,1.0,1,0,224,nan,0.01989029347896576,nan,0.13878409564495087
45,1800,0.019884340465068817,0.00020824636158067733,0.0,1.0,1,0,228,nan,0.019884340465068817,nan,0.13943864405155182
45,1820,0.019839195534586906,0.00020824636158067733,0.0,1.0,1,0,228,nan,0.019839195534586906,nan,0.1390100121498108
45,1840,0.019827451556921005,0.00020824636158067733,0.0,1.0,1,0,228,nan,0.019827451556921005,nan,0.13917657732963562
45,1860,0.019850583747029305,0.00020824636158067733,0.0,1.0,1,0,228,nan,0.019850583747029305,nan,0.13947801291942596
45,1880,0.019843213260173798,0.00020824636158067733,0.0,1.0,1,0,230,nan,0.019843213260173798,nan,0.13987742364406586
45,1900,0.019832080230116844,0.00020824636158067733,0.0,1.0,1,0,232,nan,0.019832080230116844,nan,0.13960741460323334
45,1920,0.019817892462015152,0.00020824636158067733,0.0,1.0,1,0,229,nan,0.019817892462015152,nan,0.1390332281589508
45,1940,0.019879359751939774,0.00020824636158067733,0.0,1.0,1,0,226,nan,0.019879359751939774,nan,0.13897724449634552
45,1960,0.019811995327472687,0.00020824636158067733,0.0,1.0,1,0,231,nan,0.019811995327472687,nan,0.1392168551683426
45,1980,0.01983243227005005,0.00020824636158067733,0.0,1.0,1,0,228,nan,0.01983243227005005,nan,0.13869664072990417
45,2000,0.01982364058494568,0.00020824636158067733,0.0,1.0,1,0,232,nan,0.01982364058494568,nan,0.13982222974300385
46,0,0.6210795640945435,0.00020824636158067733,0.55499267578125,0.44500732421875,2,1244,1191,0.7420739531517029,0.470180869102478,0.6985534429550171,0.6332565546035767
46,20,0.40762072801589966,0.00020824636158067733,0.5220947265625,0.4779052734375,2,1200,1083,0.48911407589912415,0.3185920715332031,0.6134889721870422,0.5474971532821655
46,40,0.2507457733154297,0.00020824636158067733,0.47003173828125,0.52996826171875,2,1044,925,0.2882230877876282,0.21750696003437042,0.5058543086051941,0.46375545859336853
46,60,0.16574828326702118,0.00020824636158067733,0.42071533203125,0.57928466796875,2,795,771,0.17117898166179657,0.16180415451526642,0.39728519320487976,0.3906494677066803
46,80,0.13217350840568542,0.00020824636158067733,0.36474609375,0.63525390625,2,583,668,0.13222931325435638,0.13214148581027985,0.3245043158531189,0.34090515971183777
46,100,0.11318190395832062,0.00020824636158067733,0.27337646484375,0.72662353515625,2,446,620,0.12138160318136215,0.11009693145751953,0.2780528664588928,0.316651850938797
46,120,0.09425190836191177,0.00020824636158067733,0.1162109375,0.8837890625,2,275,565,0.1435571163892746,0.08776867389678955,0.22304978966712952,0.28856995701789856
46,140,0.06801298260688782,0.00020824636158067733,0.019287109375,0.980712890625,2,98,494,0.17879679799079895,0.06583426892757416,0.1625814139842987,0.24716562032699585
46,160,0.050443507730960846,0.00020824636158067733,0.00457763671875,0.99542236328125,1,42,423,0.1922171264886856,0.04979153349995613,0.14454078674316406,0.21680119633674622
46,180,0.040685154497623444,0.00020824636158067733,0.0023193359375,0.9976806640625,1,24,380,0.2039172202348709,0.04030568152666092,0.1322731077671051,0.197842538356781
46,200,0.03505680337548256,0.00020824636158067733,0.00079345703125,0.99920654296875,1,12,354,0.20794221758842468,0.03491951897740364,0.12598055601119995,0.18394829332828522
46,220,0.03149251267313957,0.00020824636158067733,0.0003662109375,0.9996337890625,1,5,324,0.20359574258327484,0.0314294658601284,0.12488137185573578,0.17373861372470856
46,240,0.029080744832754135,0.00020824636158067733,0.000244140625,0.999755859375,1,4,312,0.2069970667362213,0.029037300497293472,0.13498732447624207,0.16788256168365479
46,260,0.027383456006646156,0.00020824636158067733,0.000244140625,0.999755859375,1,3,292,0.23157018423080444,0.027333592996001244,0.11856073141098022,0.1625688374042511
46,280,0.026071390137076378,0.00020824636158067733,0.000244140625,0.999755859375,1,4,283,0.2448979616165161,0.02601795271039009,0.1270398050546646,0.15895694494247437
46,300,0.025119587779045105,0.00020824636158067733,0.00018310546875,0.99981689453125,1,2,278,0.2648202180862427,0.02507568895816803,0.1539280265569687,0.1569821834564209
46,320,0.02433210425078869,0.00020824636158067733,6.103515625e-05,0.99993896484375,1,1,270,0.27592670917510986,0.02431674674153328,0.0,0.15372465550899506
46,340,0.02375968173146248,0.00020824636158067733,0.0,1.0,1,0,266,nan,0.02375968173146248,nan,0.15237848460674286
46,360,0.023272212594747543,0.00020824636158067733,0.0,1.0,1,0,271,nan,0.023272212594747543,nan,0.15099699795246124
46,380,0.02285648323595524,0.00020824636158067733,0.0,1.0,1,0,265,nan,0.02285648323595524,nan,0.15035751461982727
46,400,0.022511981427669525,0.00020824636158067733,0.0,1.0,1,0,263,nan,0.022511981427669525,nan,0.14899040758609772
46,420,0.02218090184032917,0.00020824636158067733,0.0,1.0,1,0,259,nan,0.02218090184032917,nan,0.14690369367599487
46,440,0.022001786157488823,0.00020824636158067733,0.0,1.0,1,0,251,nan,0.022001786157488823,nan,0.1455974280834198
46,460,0.0218854621052742,0.00020824636158067733,0.0,1.0,1,0,242,nan,0.0218854621052742,nan,0.1439014971256256
46,480,0.021511726081371307,0.00020824636158067733,0.0,1.0,1,0,244,nan,0.021511726081371307,nan,0.1450037807226181
46,500,0.021343035623431206,0.00020824636158067733,0.0,1.0,1,0,249,nan,0.021343035623431206,nan,0.14451515674591064
46,520,0.021247349679470062,0.00020824636158067733,0.0,1.0,1,0,248,nan,0.021247349679470062,nan,0.14500443637371063
46,540,0.021084100008010864,0.00020824636158067733,0.0,1.0,1,0,243,nan,0.021084100008010864,nan,0.14423412084579468
46,560,0.020946979522705078,0.00020824636158067733,0.0,1.0,1,0,241,nan,0.020946979522705078,nan,0.14263878762722015
46,580,0.02101098746061325,0.00020824636158067733,0.0,1.0,1,0,240,nan,0.02101098746061325,nan,0.14130789041519165
46,600,0.020834162831306458,0.00020824636158067733,0.0,1.0,1,0,240,nan,0.020834162831306458,nan,0.1417100876569748
46,620,0.020660793408751488,0.00020824636158067733,0.0,1.0,1,0,241,nan,0.020660793408751488,nan,0.14254821836948395
46,640,0.020569991320371628,0.00020824636158067733,0.0,1.0,1,0,237,nan,0.020569991320371628,nan,0.14154505729675293
46,660,0.02053292654454708,0.00020824636158067733,0.0,1.0,1,0,237,nan,0.02053292654454708,nan,0.1412961184978485
46,680,0.020475629717111588,0.00020824636158067733,0.0,1.0,1,0,231,nan,0.020475629717111588,nan,0.14092567563056946
46,700,0.020404959097504616,0.00020824636158067733,0.0,1.0,1,0,235,nan,0.020404959097504616,nan,0.14173325896263123
46,720,0.020478984341025352,0.00020824636158067733,0.0,1.0,1,0,235,nan,0.020478984341025352,nan,0.1414000391960144
46,740,0.020348168909549713,0.00020824636158067733,0.0,1.0,1,0,237,nan,0.020348168909549713,nan,0.14171358942985535
46,760,0.02027694135904312,0.00020824636158067733,0.0,1.0,1,0,234,nan,0.02027694135904312,nan,0.14096036553382874
46,780,0.020234335213899612,0.00020824636158067733,0.0,1.0,1,0,233,nan,0.020234335213899612,nan,0.14089877903461456
46,800,0.020185526460409164,0.00020824636158067733,0.0,1.0,1,0,230,nan,0.020185526460409164,nan,0.1406325399875641
46,820,0.0202237106859684,0.00020824636158067733,0.0,1.0,1,0,226,nan,0.0202237106859684,nan,0.1406291127204895
46,840,0.02019132487475872,0.00020824636158067733,0.0,1.0,1,0,233,nan,0.02019132487475872,nan,0.14096201956272125
46,860,0.020126601681113243,0.00020824636158067733,0.0,1.0,1,0,230,nan,0.020126601681113243,nan,0.1404813826084137
46,880,0.020141396671533585,0.00020824636158067733,0.0,1.0,1,0,228,nan,0.020141396671533585,nan,0.14064805209636688
46,900,0.020121771842241287,0.00020824636158067733,0.0,1.0,1,0,232,nan,0.020121771842241287,nan,0.14050951600074768
46,920,0.020128382369875908,0.00020824636158067733,0.0,1.0,1,0,229,nan,0.020128382369875908,nan,0.1396162509918213
46,940,0.020036663860082626,0.00020824636158067733,0.0,1.0,1,0,228,nan,0.020036663860082626,nan,0.13992133736610413
46,960,0.020037274807691574,0.00020824636158067733,0.0,1.0,1,0,224,nan,0.020037274807691574,nan,0.1393539160490036
46,980,0.020130973309278488,0.00020824636158067733,0.0,1.0,1,0,227,nan,0.020130973309278488,nan,0.13862678408622742
46,1000,0.02003244124352932,0.00020824636158067733,0.0,1.0,1,0,220,nan,0.02003244124352932,nan,0.13908037543296814
46,1020,0.01998932845890522,0.00020824636158067733,0.0,1.0,1,0,226,nan,0.01998932845890522,nan,0.13946972787380219
46,1040,0.020008549094200134,0.00020824636158067733,0.0,1.0,1,0,229,nan,0.020008549094200134,nan,0.13991087675094604
46,1060,0.019986838102340698,0.00020824636158067733,0.0,1.0,1,0,228,nan,0.019986838102340698,nan,0.13931041955947876
46,1080,0.019954858347773552,0.00020824636158067733,0.0,1.0,1,0,227,nan,0.019954858347773552,nan,0.13957886397838593
46,1100,0.019965993240475655,0.00020824636158067733,0.0,1.0,1,0,227,nan,0.019965993240475655,nan,0.13946576416492462
46,1120,0.019951708614826202,0.00020824636158067733,0.0,1.0,1,0,225,nan,0.019951708614826202,nan,0.14023834466934204
46,1140,0.01999746635556221,0.00020824636158067733,0.0,1.0,1,0,231,nan,0.01999746635556221,nan,0.14070823788642883
46,1160,0.020032139495015144,0.00020824636158067733,0.0,1.0,1,0,226,nan,0.020032139495015144,nan,0.14035169780254364
46,1180,0.019913118332624435,0.00020824636158067733,0.0,1.0,1,0,227,nan,0.019913118332624435,nan,0.13913017511367798
46,1200,0.01992679387331009,0.00020824636158067733,0.0,1.0,1,0,226,nan,0.01992679387331009,nan,0.13943666219711304
46,1220,0.01993503049015999,0.00020824636158067733,0.0,1.0,1,0,227,nan,0.01993503049015999,nan,0.14029623568058014
46,1240,0.019886987283825874,0.00020824636158067733,0.0,1.0,1,0,222,nan,0.019886987283825874,nan,0.13948512077331543
46,1260,0.01990259438753128,0.00020824636158067733,0.0,1.0,1,0,226,nan,0.01990259438753128,nan,0.13949982821941376
46,1280,0.019896747544407845,0.00020824636158067733,0.0,1.0,1,0,225,nan,0.019896747544407845,nan,0.13977068662643433
46,1300,0.01987381838262081,0.00020824636158067733,0.0,1.0,1,0,223,nan,0.01987381838262081,nan,0.13919781148433685
46,1320,0.01985042914748192,0.00020824636158067733,0.0,1.0,1,0,225,nan,0.01985042914748192,nan,0.139542356133461
46,1340,0.01988520659506321,0.00020824636158067733,0.0,1.0,1,0,226,nan,0.01988520659506321,nan,0.13965733349323273
46,1360,0.019864514470100403,0.00020824636158067733,0.0,1.0,1,0,226,nan,0.019864514470100403,nan,0.13951657712459564
46,1380,0.019902797415852547,0.00020824636158067733,0.0,1.0,1,0,229,nan,0.019902797415852547,nan,0.1402519941329956
46,1400,0.020064372569322586,0.00020824636158067733,0.0,1.0,1,0,226,nan,0.020064372569322586,nan,0.1414819061756134
46,1420,0.01990208402276039,0.00020824636158067733,0.0,1.0,1,0,227,nan,0.01990208402276039,nan,0.14052517712116241
46,1440,0.019850127398967743,0.00020824636158067733,0.0,1.0,1,0,222,nan,0.019850127398967743,nan,0.1388300359249115
46,1460,0.01980055868625641,0.00020824636158067733,0.0,1.0,1,0,222,nan,0.01980055868625641,nan,0.13923679292201996
46,1480,0.019823536276817322,0.00020824636158067733,0.0,1.0,1,0,225,nan,0.019823536276817322,nan,0.13946422934532166
46,1500,0.019834771752357483,0.00020824636158067733,0.0,1.0,1,0,223,nan,0.019834771752357483,nan,0.13868075609207153
46,1520,0.019845854490995407,0.00020824636158067733,0.0,1.0,1,0,224,nan,0.019845854490995407,nan,0.13997526466846466
46,1540,0.019861768931150436,0.00020824636158067733,0.0,1.0,1,0,225,nan,0.019861768931150436,nan,0.13877449929714203
46,1560,0.019813012331724167,0.00020824636158067733,0.0,1.0,1,0,224,nan,0.019813012331724167,nan,0.139699786901474
46,1580,0.019856177270412445,0.00020824636158067733,0.0,1.0,1,0,225,nan,0.019856177270412445,nan,0.13987737894058228
46,1600,0.019818300381302834,0.00020824636158067733,0.0,1.0,1,0,224,nan,0.019818300381302834,nan,0.13936340808868408
46,1620,0.019786115735769272,0.00020824636158067733,0.0,1.0,1,0,222,nan,0.019786115735769272,nan,0.13899663090705872
46,1640,0.019829533994197845,0.00020824636158067733,0.0,1.0,1,0,225,nan,0.019829533994197845,nan,0.13903160393238068
46,1660,0.01982511207461357,0.00020824636158067733,0.0,1.0,1,0,222,nan,0.01982511207461357,nan,0.13912731409072876
46,1680,0.019832739606499672,0.00020824636158067733,0.0,1.0,1,0,225,nan,0.019832739606499672,nan,0.1399378776550293
46,1700,0.019831161946058273,0.00020824636158067733,0.0,1.0,1,0,224,nan,0.019831161946058273,nan,0.13921722769737244
46,1720,0.019804775714874268,0.00020824636158067733,0.0,1.0,1,0,222,nan,0.019804775714874268,nan,0.13875839114189148
46,1740,0.019799591973423958,0.00020824636158067733,0.0,1.0,1,0,222,nan,0.019799591973423958,nan,0.13859200477600098
46,1760,0.01981082558631897,0.00020824636158067733,0.0,1.0,1,0,223,nan,0.01981082558631897,nan,0.1385810375213623
46,1780,0.019807573407888412,0.00020824636158067733,0.0,1.0,1,0,223,nan,0.019807573407888412,nan,0.13978376984596252
46,1800,0.01982521265745163,0.00020824636158067733,0.0,1.0,1,0,224,nan,0.01982521265745163,nan,0.13864202797412872
46,1820,0.01982826553285122,0.00020824636158067733,0.0,1.0,1,0,228,nan,0.01982826553285122,nan,0.13956254720687866
46,1840,0.019827501848340034,0.00020824636158067733,0.0,1.0,1,0,225,nan,0.019827501848340034,nan,0.13942494988441467
46,1860,0.019840314984321594,0.00020824636158067733,0.0,1.0,1,0,226,nan,0.019840314984321594,nan,0.1390456110239029
46,1880,0.019788455218076706,0.00020824636158067733,0.0,1.0,1,0,224,nan,0.019788455218076706,nan,0.13944944739341736
46,1900,0.019832637161016464,0.00020824636158067733,0.0,1.0,1,0,224,nan,0.019832637161016464,nan,0.14014993607997894
46,1920,0.01981285959482193,0.00020824636158067733,0.0,1.0,1,0,225,nan,0.01981285959482193,nan,0.13949313759803772
46,1940,0.019818300381302834,0.00020824636158067733,0.0,1.0,1,0,225,nan,0.019818300381302834,nan,0.13970054686069489
46,1960,0.01981443539261818,0.00020824636158067733,0.0,1.0,1,0,227,nan,0.01981443539261818,nan,0.1395314335823059
46,1980,0.019807012751698494,0.00020824636158067733,0.0,1.0,1,0,223,nan,0.019807012751698494,nan,0.1397475004196167
46,2000,0.019816674292087555,0.00020824636158067733,0.0,1.0,1,0,229,nan,0.019816674292087555,nan,0.13890865445137024
47,0,0.618746280670166,0.00020824636158067733,0.50909423828125,0.49090576171875,2,1234,1233,0.6148324608802795,0.6228050589561462,0.7142017483711243,0.7151382565498352
47,20,0.4232040345668793,0.00020824636158067733,0.50128173828125,0.49871826171875,2,1194,1208,0.4020080268383026,0.44450899958610535,0.6157341003417969,0.6371164917945862
47,40,0.2761651277542114,0.00020824636158067733,0.47943115234375,0.52056884765625,2,1015,1102,0.25279128551483154,0.29769185185432434,0.4999465048313141,0.5415050387382507
47,60,0.19585055112838745,0.00020824636158067733,0.44744873046875,0.55255126953125,2,796,930,0.182839035987854,0.20638711750507355,0.40064388513565063,0.4419151544570923
47,80,0.1627052277326584,0.00020824636158067733,0.451904296875,0.548095703125,2,628,765,0.15349313616752625,0.17030061781406403,0.34114810824394226,0.3783070147037506
47,100,0.14056557416915894,0.00020824636158067733,0.50958251953125,0.49041748046875,2,594,686,0.13060107827186584,0.15091945230960846,0.3235829770565033,0.35607418417930603
47,120,0.12220609933137894,0.00020824636158067733,0.57611083984375,0.42388916015625,2,581,636,0.1150362640619278,0.13195069134235382,0.32062581181526184,0.34047141671180725
47,140,0.10494660586118698,0.00020824636158067733,0.6793212890625,0.3206787109375,2,547,536,0.0985475480556488,0.11850228905677795,0.30235928297042847,0.3087694048881531
47,160,0.08650768548250198,0.00020824636158067733,0.79248046875,0.20751953125,2,493,404,0.07918065786361694,0.11448833346366882,0.275762140750885,0.2688867449760437
47,180,0.0722399428486824,0.00020824636158067733,0.83935546875,0.16064453125,2,440,323,0.06527257710695267,0.10864395648241043,0.2524944841861725,0.24487429857254028
47,200,0.06174856424331665,0.00020824636158067733,0.8797607421875,0.1202392578125,2,395,265,0.05592465028166771,0.10436071455478668,0.23475058376789093,0.23043552041053772
47,220,0.053518809378147125,0.00020824636158067733,0.90557861328125,0.09442138671875,2,356,223,0.04859393090009689,0.10075244307518005,0.2179565727710724,0.22163888812065125
47,240,0.046827975660562515,0.00020824636158067733,0.93017578125,0.06982421875,2,336,195,0.0430125929415226,0.0976552665233612,0.20553182065486908,0.21721401810646057
47,260,0.041385848075151443,0.00020824636158067733,0.94976806640625,0.05023193359375,2,315,158,0.03831390291452408,0.09946925193071365,0.19382406771183014,0.21128351986408234
47,280,0.037019282579422,0.00020824636158067733,0.97283935546875,0.02716064453125,2,302,114,0.035093434154987335,0.10599938035011292,0.18433330953121185,0.19353264570236206
47,300,0.03316418081521988,0.00020824636158067733,0.986572265625,0.013427734375,2,292,71,0.03200478479266167,0.11834843456745148,0.17406333982944489,0.1625509411096573
47,320,0.029691964387893677,0.00020824636158067733,0.99639892578125,0.00360107421875,1,292,32,0.029268572106957436,0.1468420773744583,0.16837547719478607,0.12369530647993088
47,340,0.027118775993585587,0.00020824636158067733,0.99920654296875,0.00079345703125,1,286,7,0.026998745277523994,0.17827510833740234,0.16239938139915466,0.08459775149822235
47,360,0.02544192411005497,0.00020824636158067733,0.99981689453125,0.00018310546875,1,275,3,0.025412630289793015,0.18540887534618378,0.15799781680107117,0.060845356434583664
47,380,0.02439921721816063,0.00020824636158067733,0.99993896484375,6.103515625e-05,1,268,1,0.02438894845545292,0.19262810051441193,0.15383394062519073,0.0
47,400,0.023529067635536194,0.00020824636158067733,1.0,0.0,1,260,0,0.023529067635536194,nan,0.15121056139469147,nan
47,420,0.022854093462228775,0.00020824636158067733,1.0,0.0,1,255,0,0.022854093462228775,nan,0.14972162246704102,nan
47,440,0.022516250610351562,0.00020824636158067733,1.0,0.0,1,250,0,0.022516250610351562,nan,0.14728067815303802,nan
47,460,0.02205578237771988,0.00020824636158067733,1.0,0.0,1,246,0,0.02205578237771988,nan,0.1458434760570526,nan
47,480,0.02172388881444931,0.00020824636158067733,1.0,0.0,1,243,0,0.02172388881444931,nan,0.14588157832622528,nan
47,500,0.021487170830368996,0.00020824636158067733,1.0,0.0,1,239,0,0.021487170830368996,nan,0.1444750726222992,nan
47,520,0.021356966346502304,0.00020824636158067733,1.0,0.0,1,237,0,0.021356966346502304,nan,0.14370131492614746,nan
47,540,0.021193714812397957,0.00020824636158067733,1.0,0.0,1,239,0,0.021193714812397957,nan,0.1430538296699524,nan
47,560,0.021052833646535873,0.00020824636158067733,1.0,0.0,1,237,0,0.021052833646535873,nan,0.1429159790277481,nan
47,580,0.020901784300804138,0.00020824636158067733,1.0,0.0,1,237,0,0.020901784300804138,nan,0.14364854991436005,nan
47,600,0.020780270919203758,0.00020824636158067733,1.0,0.0,1,238,0,0.020780270919203758,nan,0.1417873501777649,nan
47,620,0.02070995792746544,0.00020824636158067733,1.0,0.0,1,235,0,0.02070995792746544,nan,0.14176040887832642,nan
47,640,0.02065865881741047,0.00020824636158067733,1.0,0.0,1,237,0,0.02065865881741047,nan,0.14306560158729553,nan
47,660,0.020548079162836075,0.00020824636158067733,1.0,0.0,1,236,0,0.020548079162836075,nan,0.1423528492450714,nan
47,680,0.02062428928911686,0.00020824636158067733,1.0,0.0,1,237,0,0.02062428928911686,nan,0.13998901844024658,nan
47,700,0.020448174327611923,0.00020824636158067733,1.0,0.0,1,237,0,0.020448174327611923,nan,0.14063780009746552,nan
47,720,0.02036733739078045,0.00020824636158067733,1.0,0.0,1,233,0,0.02036733739078045,nan,0.1410854607820511,nan
47,740,0.02030515857040882,0.00020824636158067733,1.0,0.0,1,232,0,0.02030515857040882,nan,0.14138950407505035,nan
47,760,0.020294737070798874,0.00020824636158067733,1.0,0.0,1,233,0,0.020294737070798874,nan,0.14119650423526764,nan
47,780,0.020329715684056282,0.00020824636158067733,1.0,0.0,1,233,0,0.020329715684056282,nan,0.1420927494764328,nan
47,800,0.020220814272761345,0.00020824636158067733,1.0,0.0,1,230,0,0.020220814272761345,nan,0.14115184545516968,nan
47,820,0.020178258419036865,0.00020824636158067733,1.0,0.0,1,228,0,0.020178258419036865,nan,0.14039400219917297,nan
47,840,0.020192695781588554,0.00020824636158067733,1.0,0.0,1,225,0,0.020192695781588554,nan,0.1406155824661255,nan
47,860,0.020189695060253143,0.00020824636158067733,1.0,0.0,1,229,0,0.020189695060253143,nan,0.14116089046001434,nan
47,880,0.020128382369875908,0.00020824636158067733,1.0,0.0,1,228,0,0.020128382369875908,nan,0.14048542082309723,nan
47,900,0.020119789987802505,0.00020824636158067733,1.0,0.0,1,229,0,0.020119789987802505,nan,0.14061181247234344,nan
47,920,0.020085066556930542,0.00020824636158067733,1.0,0.0,1,224,0,0.020085066556930542,nan,0.1395377218723297,nan
47,940,0.020078711211681366,0.00020824636158067733,1.0,0.0,1,229,0,0.020078711211681366,nan,0.13969507813453674,nan
47,960,0.020048661157488823,0.00020824636158067733,1.0,0.0,1,229,0,0.020048661157488823,nan,0.14038629829883575,nan
47,980,0.020058881491422653,0.00020824636158067733,1.0,0.0,1,229,0,0.020058881491422653,nan,0.13966067135334015,nan
47,1000,0.020021768286824226,0.00020824636158067733,1.0,0.0,1,227,0,0.020021768286824226,nan,0.13989515602588654,nan
47,1020,0.02000051736831665,0.00020824636158067733,1.0,0.0,1,227,0,0.02000051736831665,nan,0.13973402976989746,nan
47,1040,0.0199871938675642,0.00020824636158067733,1.0,0.0,1,225,0,0.0199871938675642,nan,0.13967172801494598,nan
47,1060,0.019967520609498024,0.00020824636158067733,1.0,0.0,1,230,0,0.019967520609498024,nan,0.14015966653823853,nan
47,1080,0.02002003975212574,0.00020824636158067733,1.0,0.0,1,228,0,0.02002003975212574,nan,0.13924647867679596,nan
47,1100,0.01993396505713463,0.00020824636158067733,1.0,0.0,1,229,0,0.01993396505713463,nan,0.13989029824733734,nan
47,1120,0.01995953731238842,0.00020824636158067733,1.0,0.0,1,224,0,0.01995953731238842,nan,0.13912220299243927,nan
47,1140,0.019986789673566818,0.00020824636158067733,1.0,0.0,1,226,0,0.019986789673566818,nan,0.14024583995342255,nan
47,1160,0.019952114671468735,0.00020824636158067733,1.0,0.0,1,224,0,0.019952114671468735,nan,0.139522522687912,nan
47,1180,0.019933100789785385,0.00020824636158067733,1.0,0.0,1,226,0,0.019933100789785385,nan,0.13899755477905273,nan
47,1200,0.01993594691157341,0.00020824636158067733,1.0,0.0,1,225,0,0.01993594691157341,nan,0.1390341967344284,nan
47,1220,0.019941234961152077,0.00020824636158067733,1.0,0.0,1,225,0,0.019941234961152077,nan,0.13880841434001923,nan
47,1240,0.01989700272679329,0.00020824636158067733,1.0,0.0,1,224,0,0.01989700272679329,nan,0.1393231451511383,nan
47,1260,0.019899342209100723,0.00020824636158067733,1.0,0.0,1,226,0,0.019899342209100723,nan,0.13985511660575867,nan
47,1280,0.019893087446689606,0.00020824636158067733,1.0,0.0,1,226,0,0.019893087446689606,nan,0.13910870254039764,nan
47,1300,0.01989085227251053,0.00020824636158067733,1.0,0.0,1,225,0,0.01989085227251053,nan,0.138734832406044,nan
47,1320,0.019871989265084267,0.00020824636158067733,1.0,0.0,1,224,0,0.019871989265084267,nan,0.13912132382392883,nan
47,1340,0.01986817643046379,0.00020824636158067733,1.0,0.0,1,225,0,0.01986817643046379,nan,0.13907194137573242,nan
47,1360,0.01990518905222416,0.00020824636158067733,1.0,0.0,1,224,0,0.01990518905222416,nan,0.1384238749742508,nan
47,1380,0.019907426089048386,0.00020824636158067733,1.0,0.0,1,220,0,0.019907426089048386,nan,0.13842898607254028,nan
47,1400,0.019833503291010857,0.00020824636158067733,1.0,0.0,1,230,0,0.019833503291010857,nan,0.13958902657032013,nan
47,1420,0.01987031102180481,0.00020824636158067733,1.0,0.0,1,227,0,0.01987031102180481,nan,0.14017057418823242,nan
47,1440,0.019844230264425278,0.00020824636158067733,1.0,0.0,1,228,0,0.019844230264425278,nan,0.13977515697479248,nan
47,1460,0.019839145243167877,0.00020824636158067733,1.0,0.0,1,227,0,0.019839145243167877,nan,0.13934260606765747,nan
47,1480,0.019870668649673462,0.00020824636158067733,1.0,0.0,1,220,0,0.019870668649673462,nan,0.13852010667324066,nan
47,1500,0.019838737323880196,0.00020824636158067733,1.0,0.0,1,220,0,0.019838737323880196,nan,0.1387602686882019,nan
47,1520,0.019820384681224823,0.00020824636158067733,1.0,0.0,1,224,0,0.019820384681224823,nan,0.13908299803733826,nan
47,1540,0.019955266267061234,0.00020824636158067733,1.0,0.0,1,230,0,0.019955266267061234,nan,0.14088194072246552,nan
47,1560,0.019868429750204086,0.00020824636158067733,1.0,0.0,1,230,0,0.019868429750204086,nan,0.14059171080589294,nan
47,1580,0.019851040095090866,0.00020824636158067733,1.0,0.0,1,226,0,0.019851040095090866,nan,0.14034004509449005,nan
47,1600,0.01980005018413067,0.00020824636158067733,1.0,0.0,1,225,0,0.01980005018413067,nan,0.13906361162662506,nan
47,1620,0.019802793860435486,0.00020824636158067733,1.0,0.0,1,230,0,0.019802793860435486,nan,0.13965250551700592,nan
47,1640,0.019812047481536865,0.00020824636158067733,1.0,0.0,1,221,0,0.019812047481536865,nan,0.1391795575618744,nan
47,1660,0.019773762673139572,0.00020824636158067733,1.0,0.0,1,226,0,0.019773762673139572,nan,0.13932976126670837,nan
47,1680,0.019798777997493744,0.00020824636158067733,1.0,0.0,1,223,0,0.019798777997493744,nan,0.1387072205543518,nan
47,1700,0.01978403329849243,0.00020824636158067733,1.0,0.0,1,224,0,0.01978403329849243,nan,0.13888338208198547,nan
47,1720,0.01978560909628868,0.00020824636158067733,1.0,0.0,1,228,0,0.01978560909628868,nan,0.13932491838932037,nan
47,1740,0.01977686397731304,0.00020824636158067733,1.0,0.0,1,227,0,0.01977686397731304,nan,0.13945819437503815,nan
47,1760,0.019782405346632004,0.00020824636158067733,1.0,0.0,1,227,0,0.019782405346632004,nan,0.1395232230424881,nan
47,1780,0.01977747492492199,0.00020824636158067733,1.0,0.0,1,220,0,0.01977747492492199,nan,0.13904187083244324,nan
47,1800,0.019844533875584602,0.00020824636158067733,1.0,0.0,1,222,0,0.019844533875584602,nan,0.13836289942264557,nan
47,1820,0.019776104018092155,0.00020824636158067733,1.0,0.0,1,224,0,0.019776104018092155,nan,0.1389860361814499,nan
47,1840,0.019758764654397964,0.00020824636158067733,1.0,0.0,1,227,0,0.019758764654397964,nan,0.13923151791095734,nan
47,1860,0.019781237468123436,0.00020824636158067733,1.0,0.0,1,226,0,0.019781237468123436,nan,0.13984723389148712,nan
47,1880,0.01978047378361225,0.00020824636158067733,1.0,0.0,1,221,0,0.01978047378361225,nan,0.13857288658618927,nan
47,1900,0.019780423492193222,0.00020824636158067733,1.0,0.0,1,221,0,0.019780423492193222,nan,0.13887444138526917,nan
47,1920,0.019794456660747528,0.00020824636158067733,1.0,0.0,1,227,0,0.019794456660747528,nan,0.13895390927791595,nan
47,1940,0.019789323210716248,0.00020824636158067733,1.0,0.0,1,225,0,0.019789323210716248,nan,0.13925735652446747,nan
47,1960,0.019788507372140884,0.00020824636158067733,1.0,0.0,1,225,0,0.019788507372140884,nan,0.13894151151180267,nan
47,1980,0.019767560064792633,0.00020824636158067733,1.0,0.0,1,227,0,0.019767560064792633,nan,0.13925990462303162,nan
47,2000,0.01984153501689434,0.00020824636158067733,1.0,0.0,1,224,0,0.01984153501689434,nan,0.13834671676158905,nan
48,0,0.7935891151428223,0.00020824636158067733,0.6138916015625,0.3861083984375,2,1240,1185,0.7869105339050293,0.8042076826095581,0.7509342432022095,0.7299520373344421
48,20,0.5860782265663147,0.00020824636158067733,0.61175537109375,0.38824462890625,2,1226,1183,0.572070837020874,0.6081496477127075,0.6822161674499512,0.6614357829093933
48,40,0.3958117961883545,0.00020824636158067733,0.59320068359375,0.40679931640625,2,1163,1101,0.38745400309562683,0.40799930691719055,0.5959742665290833,0.576065182685852
48,60,0.2557215392589569,0.00020824636158067733,0.57672119140625,0.42327880859375,2,1029,921,0.2575991451740265,0.25316327810287476,0.5017887353897095,0.47853192687034607
48,80,0.18163242936134338,0.00020824636158067733,0.57904052734375,0.42095947265625,2,852,728,0.18696556985378265,0.174296572804451,0.41508030891418457,0.3912992477416992
48,100,0.15171656012535095,0.00020824636158067733,0.5770263671875,0.4229736328125,2,729,591,0.15866592526435852,0.1422361433506012,0.36010605096817017,0.33423149585723877
48,120,0.13292424380779266,0.00020824636158067733,0.5577392578125,0.4422607421875,2,675,553,0.14130380749702454,0.12235672771930695,0.34180453419685364,0.3153517246246338
48,140,0.1177121251821518,0.00020824636158067733,0.5426025390625,0.4573974609375,2,648,506,0.12602223455905914,0.10785400122404099,0.32924404740333557,0.3007708787918091
48,160,0.10569117218255997,0.00020824636158067733,0.53277587890625,0.46722412109375,2,601,462,0.11283000558614731,0.09755077213048935,0.3147771954536438,0.28733327984809875
48,180,0.095504030585289,0.00020824636158067733,0.526611328125,0.473388671875,2,563,406,0.10236375033855438,0.08787307888269424,0.3030438721179962,0.2748454809188843
48,200,0.08592448383569717,0.00020824636158067733,0.51812744140625,0.48187255859375,2,499,354,0.0914219468832016,0.08001340180635452,0.28555527329444885,0.2610268294811249
48,220,0.07688040286302567,0.00020824636158067733,0.51287841796875,0.48712158203125,2,430,320,0.08197174966335297,0.07151985168457031,0.2700350880622864,0.24815796315670013
48,240,0.06891710311174393,0.00020824636158067733,0.51910400390625,0.48089599609375,2,361,275,0.07318146526813507,0.06431393325328827,0.25726422667503357,0.23309966921806335
48,260,0.06165212020277977,0.00020824636158067733,0.50091552734375,0.49908447265625,2,320,248,0.06601791083812714,0.05727030709385872,0.24318505823612213,0.21856547892093658
48,280,0.05534961074590683,0.00020824636158067733,0.48687744140625,0.51312255859375,2,288,235,0.06041184067726135,0.050546299666166306,0.2370612919330597,0.21135681867599487
48,300,0.049948468804359436,0.00020824636158067733,0.47576904296875,0.52423095703125,2,256,217,0.055650610476732254,0.04477344825863838,0.22516030073165894,0.20003321766853333
48,320,0.04503459110856056,0.00020824636158067733,0.47027587890625,0.52972412109375,2,248,209,0.04932611063122749,0.04122468829154968,0.21600234508514404,0.19275052845478058
48,340,0.04051463305950165,0.00020824636158067733,0.4654541015625,0.5345458984375,2,228,198,0.043615393340587616,0.037814658135175705,0.20491555333137512,0.18455716967582703
48,360,0.03578968346118927,0.00020824636158067733,0.467529296875,0.532470703125,2,214,180,0.038584332913160324,0.03333587944507599,0.19127331674098969,0.17506243288516998
48,380,0.031741026788949966,0.00020824636158067733,0.47113037109375,0.52886962890625,2,199,174,0.03398125618696213,0.029745372012257576,0.1816992163658142,0.16767889261245728
48,400,0.028070632368326187,0.00020824636158067733,0.4720458984375,0.5279541015625,2,184,163,0.030020300298929214,0.02632742188870907,0.17136502265930176,0.15689359605312347
48,420,0.025100931525230408,0.00020824636158067733,0.47265625,0.52734375,2,180,157,0.026402782648801804,0.02393408864736557,0.16105401515960693,0.1511043757200241
48,440,0.02391047775745392,0.00020824636158067733,0.46405029296875,0.53594970703125,2,170,159,0.024412397295236588,0.023475894704461098,0.15618157386779785,0.14798124134540558
48,460,0.02178235724568367,0.00020824636158067733,0.46002197265625,0.53997802734375,2,159,151,0.02297528274357319,0.020766068249940872,0.14996039867401123,0.141799658536911
48,480,0.020536741241812706,0.00020824636158067733,0.46502685546875,0.53497314453125,2,161,144,0.02197248674929142,0.019288716837763786,0.1459888070821762,0.13883616030216217
48,500,0.01961895264685154,0.00020824636158067733,0.46783447265625,0.53216552734375,2,157,142,0.021157335489988327,0.01826653815805912,0.145057812333107,0.1342223435640335
48,520,0.019245367497205734,0.00020824636158067733,0.46343994140625,0.53656005859375,2,150,146,0.020152632147073746,0.018461741507053375,0.14175395667552948,0.13522367179393768
48,540,0.01892654225230217,0.00020824636158067733,0.455078125,0.544921875,2,145,144,0.01958109624683857,0.018379904329776764,0.1396792083978653,0.1345132291316986
48,560,0.01849830523133278,0.00020824636158067733,0.44915771484375,0.55084228515625,2,137,142,0.0189078189432621,0.018164385110139847,0.13735242187976837,0.1332077533006668
48,580,0.01827714405953884,0.00020824636158067733,0.44720458984375,0.55279541015625,2,143,145,0.018717093393206596,0.01792123168706894,0.1361006647348404,0.13203631341457367
48,600,0.017813723534345627,0.00020824636158067733,0.44500732421875,0.55499267578125,2,137,141,0.01823895052075386,0.01747276447713375,0.1347350925207138,0.13122810423374176
48,620,0.017986023798584938,0.00020824636158067733,0.441162109375,0.558837890625,2,134,144,0.018230736255645752,0.017792845144867897,0.13324414193630219,0.13122287392616272
48,640,0.01802695170044899,0.00020824636158067733,0.43292236328125,0.56707763671875,2,133,141,0.017695555463433266,0.01827995292842388,0.13182704150676727,0.13271594047546387
48,660,0.01704057678580284,0.00020824636158067733,0.4327392578125,0.5672607421875,2,127,141,0.016908738762140274,0.017141152173280716,0.12967148423194885,0.13037793338298798
48,680,0.01684514433145523,0.00020824636158067733,0.43646240234375,0.56353759765625,2,130,144,0.017217427492141724,0.016556808724999428,0.13013510406017303,0.1274661272764206
48,700,0.016403889283537865,0.00020824636158067733,0.43475341796875,0.56524658203125,2,133,146,0.016596311703324318,0.01625589281320572,0.12879298627376556,0.1273021399974823
48,720,0.016376132145524025,0.00020824636158067733,0.43621826171875,0.56378173828125,2,130,142,0.016451768577098846,0.016317609697580338,0.12732477486133575,0.12692901492118835
48,740,0.01605531945824623,0.00020824636158067733,0.43658447265625,0.56341552734375,2,130,141,0.016327979043126106,0.015844039618968964,0.12725108861923218,0.12553007900714874
48,760,0.015603797510266304,0.00020824636158067733,0.43646240234375,0.56353759765625,2,126,138,0.01570148766040802,0.015528138726949692,0.12456180900335312,0.12459220737218857
48,780,0.015403736382722855,0.00020824636158067733,0.43377685546875,0.56622314453125,2,129,140,0.015402419492602348,0.015404745005071163,0.12407740950584412,0.12411556392908096
48,800,0.01523652020841837,0.00020824636158067733,0.43438720703125,0.56561279296875,2,130,140,0.015240269713103771,0.015233639627695084,0.12344672530889511,0.12272917479276657
48,820,0.015034069307148457,0.00020824636158067733,0.4351806640625,0.5648193359375,2,122,136,0.015140078961849213,0.014952389523386955,0.12216991186141968,0.12190696597099304
48,840,0.014916574582457542,0.00020824636158067733,0.4364013671875,0.5635986328125,2,124,137,0.014975286088883877,0.014871113933622837,0.12191028147935867,0.12104719877243042
48,860,0.014779404737055302,0.00020824636158067733,0.438720703125,0.561279296875,2,125,134,0.014729532413184643,0.014818386174738407,0.12071789801120758,0.12095266580581665
48,880,0.014736950397491455,0.00020824636158067733,0.43865966796875,0.56134033203125,2,124,134,0.014664794318377972,0.014793340116739273,0.1207791417837143,0.12109388411045074
48,900,0.014778589829802513,0.00020824636158067733,0.43597412109375,0.56402587890625,2,124,133,0.01468608994036913,0.014850091189146042,0.12012828886508942,0.12170254439115524
48,920,0.015332508832216263,0.00020824636158067733,0.43072509765625,0.56927490234375,2,124,139,0.0151858264580369,0.015443489886820316,0.1213909238576889,0.12305498123168945
48,940,0.01529188547283411,0.00020824636158067733,0.42572021484375,0.57427978515625,2,128,141,0.015212148427963257,0.01535099558532238,0.12201470881700516,0.12313073128461838
48,960,0.015030917711555958,0.00020824636158067733,0.423583984375,0.576416015625,2,124,139,0.01479966752231121,0.015200851485133171,0.12136933207511902,0.12313161045312881
48,980,0.015109720639884472,0.00020824636158067733,0.42474365234375,0.57525634765625,2,118,140,0.015123473480343819,0.01509956642985344,0.1212313249707222,0.12243444472551346
48,1000,0.01499797124415636,0.00020824636158067733,0.421875,0.578125,2,122,139,0.01474645733833313,0.015181507915258408,0.1205824688076973,0.12296819686889648
48,1020,0.014650520868599415,0.00020824636158067733,0.4228515625,0.5771484375,2,125,139,0.01442311704158783,0.014817127957940102,0.1196809932589531,0.12151949852705002
48,1040,0.01471107266843319,0.00020824636158067733,0.4249267578125,0.5750732421875,2,118,136,0.014534126035869122,0.014841821976006031,0.11921938508749008,0.12163914740085602
48,1060,0.015284514985978603,0.00020824636158067733,0.42083740234375,0.57916259765625,2,121,144,0.014849472790956497,0.015600628219544888,0.11922994256019592,0.12341944128274918
48,1080,0.01545778103172779,0.00020824636158067733,0.41717529296875,0.58282470703125,2,118,143,0.015116199851036072,0.015702279284596443,0.12000865489244461,0.12382686883211136
48,1100,0.014781488105654716,0.00020824636158067733,0.41656494140625,0.58343505859375,2,118,140,0.014227800071239471,0.015176814049482346,0.11870015412569046,0.12274621427059174
48,1120,0.014569632709026337,0.00020824636158067733,0.41766357421875,0.58233642578125,2,119,138,0.014248134568333626,0.014800217933952808,0.11890102922916412,0.12157563865184784
48,1140,0.01438639871776104,0.00020824636158067733,0.4189453125,0.5810546875,2,123,137,0.014150570146739483,0.014556433074176311,0.11872216314077377,0.12053020298480988
48,1160,0.014398399740457535,0.00020824636158067733,0.42095947265625,0.57904052734375,2,119,143,0.014049923978745937,0.014651739969849586,0.11772346496582031,0.12001615017652512
48,1180,0.014246026054024696,0.00020824636158067733,0.419921875,0.580078125,2,122,138,0.014032789506018162,0.014400390908122063,0.11796443909406662,0.11995499581098557
48,1200,0.0141389025375247,0.00020824636158067733,0.41949462890625,0.58050537109375,2,125,132,0.013794658705592155,0.014387664385139942,0.1174115389585495,0.11873132735490799
48,1220,0.013878900557756424,0.00020824636158067733,0.42230224609375,0.57769775390625,2,117,139,0.013562994077801704,0.014109832234680653,0.11641401797533035,0.11790294200181961
48,1240,0.013747678138315678,0.00020824636158067733,0.4251708984375,0.5748291015625,2,119,136,0.013621404767036438,0.013841075822710991,0.11616114526987076,0.11684310436248779
48,1260,0.0140330009162426,0.00020824636158067733,0.429931640625,0.570068359375,2,121,127,0.013984566554427147,0.014069530181586742,0.11647934466600418,0.11522456258535385
48,1280,0.013891763053834438,0.00020824636158067733,0.43341064453125,0.56658935546875,2,120,130,0.013560893945395947,0.01414485927671194,0.11574650555849075,0.11639486253261566
48,1300,0.014003105461597443,0.00020824636158067733,0.43804931640625,0.56195068359375,2,122,129,0.013917524367570877,0.014069817960262299,0.1172025054693222,0.11602816730737686
48,1320,0.013905184343457222,0.00020824636158067733,0.43914794921875,0.56085205078125,2,124,131,0.013872808776795864,0.01393053587526083,0.11754830181598663,0.11640865355730057
48,1340,0.01377904787659645,0.00020824636158067733,0.43792724609375,0.56207275390625,2,126,130,0.013810011558234692,0.01375492475926876,0.11735140532255173,0.11608272790908813
48,1360,0.013753017410635948,0.00020824636158067733,0.437744140625,0.562255859375,2,124,130,0.013579347170889378,0.013888226822018623,0.11641234904527664,0.11685100197792053
48,1380,0.013692619279026985,0.00020824636158067733,0.435791015625,0.564208984375,2,120,131,0.013491575606167316,0.013847902417182922,0.11515737324953079,0.11668529361486435
48,1400,0.013534602709114552,0.00020824636158067733,0.43408203125,0.56591796875,2,122,130,0.013266053050756454,0.01374058797955513,0.11511456966400146,0.11632087081670761
48,1420,0.013785555958747864,0.00020824636158067733,0.43212890625,0.56787109375,2,118,134,0.013763449154794216,0.013802378438413143,0.11462234705686569,0.11732257902622223
48,1440,0.013639538548886776,0.00020824636158067733,0.42730712890625,0.57269287109375,2,117,136,0.013264985755085945,0.01391900610178709,0.11472347378730774,0.11778973042964935
48,1460,0.013804061338305473,0.00020824636158067733,0.4251708984375,0.5748291015625,2,119,138,0.013578355312347412,0.013971004635095596,0.11586024612188339,0.11753032356500626
48,1480,0.013988260179758072,0.00020824636158067733,0.424560546875,0.575439453125,2,121,140,0.013769538141787052,0.01414963323622942,0.1165117397904396,0.11828194558620453
48,1500,0.014109771698713303,0.00020824636158067733,0.4229736328125,0.5770263671875,2,124,142,0.013636992312967777,0.014456328935921192,0.11487304419279099,0.1196059137582779
48,1520,0.014779912307858467,0.00020824636158067733,0.41943359375,0.58056640625,2,121,141,0.014305009506642818,0.01512300968170166,0.11601155251264572,0.12076103687286377
48,1540,0.015242772176861763,0.00020824636158067733,0.412109375,0.587890625,2,122,143,0.014391711913049221,0.015839364379644394,0.11702084541320801,0.12336385250091553
48,1560,0.014417005702853203,0.00020824636158067733,0.4132080078125,0.5867919921875,2,116,138,0.013687610626220703,0.014930632896721363,0.11586812883615494,0.12192739546298981
48,1580,0.014134328812360764,0.00020824636158067733,0.4173583984375,0.5826416015625,2,115,138,0.013739095069468021,0.014417440630495548,0.1154593825340271,0.11980485916137695
48,1600,0.01480385847389698,0.00020824636158067733,0.416015625,0.583984375,2,118,142,0.014352022670209408,0.01512573380023241,0.11601223796606064,0.12147940695285797
48,1620,0.014946418814361095,0.00020824636158067733,0.41278076171875,0.58721923828125,2,122,142,0.014452888630330563,0.015293341130018234,0.11621831357479095,0.12243786454200745
48,1640,0.014443494379520416,0.00020824636158067733,0.415771484375,0.584228515625,2,121,138,0.013994582928717136,0.014762965962290764,0.11565057188272476,0.12092108279466629
48,1660,0.015163206495344639,0.00020824636158067733,0.4124755859375,0.5875244140625,2,119,142,0.014724737964570522,0.015471037477254868,0.11665589362382889,0.1221260130405426
48,1680,0.015206372365355492,0.00020824636158067733,0.40771484375,0.59228515625,2,120,143,0.014596211723983288,0.015626389533281326,0.11635787785053253,0.12321062386035919
48,1700,0.014819415286183357,0.00020824636158067733,0.4053955078125,0.5946044921875,2,118,142,0.01393031980842352,0.01542559452354908,0.11504815518856049,0.12334027886390686
48,1720,0.01425019558519125,0.00020824636158067733,0.40887451171875,0.59112548828125,2,117,139,0.013611377216875553,0.01469205878674984,0.11509125679731369,0.12079682946205139
48,1740,0.013857648707926273,0.00020824636158067733,0.41192626953125,0.58807373046875,2,115,135,0.013484187424182892,0.01411924697458744,0.11463601887226105,0.1187584325671196
48,1760,0.01376364380121231,0.00020824636158067733,0.41473388671875,0.58526611328125,2,114,139,0.01356287207454443,0.013905915431678295,0.1147090494632721,0.11759653687477112
48,1780,0.013809196650981903,0.00020824636158067733,0.4136962890625,0.5863037109375,2,114,139,0.013323538936674595,0.014151875860989094,0.11452256888151169,0.1183350458741188
48,1800,0.013886830769479275,0.00020824636158067733,0.41229248046875,0.58770751953125,2,116,142,0.013442798517644405,0.014198332093656063,0.11449003219604492,0.11881628632545471
48,1820,0.013986634090542793,0.00020824636158067733,0.411376953125,0.588623046875,2,116,142,0.013932744972407818,0.014024295844137669,0.11471764743328094,0.11820143461227417
48,1840,0.013692617416381836,0.00020824636158067733,0.4119873046875,0.5880126953125,2,118,141,0.013311056420207024,0.013959956355392933,0.1143578365445137,0.11778862029314041
48,1860,0.014494640752673149,0.00020824636158067733,0.40960693359375,0.59039306640625,2,122,139,0.013775705359876156,0.014993428252637386,0.11510761827230453,0.11998250335454941
48,1880,0.01395343616604805,0.00020824636158067733,0.4083251953125,0.5916748046875,2,112,138,0.013163235038518906,0.014498766511678696,0.11408288031816483,0.11911855638027191
48,1900,0.01376730389893055,0.00020824636158067733,0.412109375,0.587890625,2,114,139,0.013582413084805012,0.013896913267672062,0.11360013484954834,0.1178140714764595
48,1920,0.013903101906180382,0.00020824636158067733,0.40924072265625,0.59075927734375,2,117,141,0.013384584337472916,0.014262298122048378,0.1140267625451088,0.11916346102952957
48,1940,0.01389659196138382,0.00020824636158067733,0.4111328125,0.5888671875,2,118,138,0.013735492713749409,0.014009070582687855,0.11500556021928787,0.11771641671657562
48,1960,0.013513147830963135,0.00020824636158067733,0.41241455078125,0.58758544921875,2,116,138,0.013444306328892708,0.01356146577745676,0.11489509791135788,0.11635307222604752
48,1980,0.013441003859043121,0.00020824636158067733,0.41143798828125,0.58856201171875,2,113,136,0.013177178800106049,0.01362543273717165,0.11439274251461029,0.11656901240348816
48,2000,0.013186389580368996,0.00020824636158067733,0.41302490234375,0.58697509765625,2,114,135,0.012790312990546227,0.013465085998177528,0.11275280267000198,0.11590102314949036
49,0,0.7306186556816101,0.00020824636158067733,0.54620361328125,0.45379638671875,2,1241,1212,0.6662150025367737,0.808137059211731,0.713676393032074,0.6344401240348816
49,20,0.5229499340057373,0.00020824636158067733,0.534423828125,0.465576171875,2,1228,1180,0.483154296875,0.5686305165290833,0.6361744403839111,0.591886043548584
49,40,0.33980825543403625,0.00020824636158067733,0.5169677734375,0.4830322265625,2,1127,1092,0.314777672290802,0.36659735441207886,0.5408070087432861,0.5280913710594177
49,60,0.20889228582382202,0.00020824636158067733,0.504638671875,0.495361328125,2,916,932,0.1986413300037384,0.21933524310588837,0.4438384175300598,0.44812557101249695
49,80,0.1440936028957367,0.00020824636158067733,0.49713134765625,0.50286865234375,2,717,721,0.14569959044456482,0.142505943775177,0.3682345151901245,0.3678993582725525
49,100,0.11823605746030807,0.00020824636158067733,0.451416015625,0.548583984375,2,581,591,0.12353165447711945,0.11387844383716583,0.3177212178707123,0.3166317045688629
49,120,0.10258416086435318,0.00020824636158067733,0.405517578125,0.594482421875,2,510,551,0.11061139404773712,0.09710849821567535,0.2983688712120056,0.2982194721698761
49,140,0.09000608325004578,0.00020824636158067733,0.33056640625,0.66943359375,2,445,518,0.10245468467473984,0.08385895937681198,0.2779041826725006,0.28370100259780884
49,160,0.07876428216695786,0.00020824636158067733,0.27886962890625,0.72113037109375,2,385,464,0.09737283736467361,0.07156813144683838,0.2628084123134613,0.26263776421546936
49,180,0.06892182677984238,0.00020824636158067733,0.22247314453125,0.77752685546875,2,322,425,0.0969313234090805,0.060907505452632904,0.25066256523132324,0.24350708723068237
49,200,0.05970067158341408,0.00020824636158067733,0.17010498046875,0.82989501953125,2,267,380,0.09368143230676651,0.052735574543476105,0.2426082193851471,0.22728660702705383
49,220,0.05039668828248978,0.00020824636158067733,0.1201171875,0.8798828125,2,219,351,0.09595170617103577,0.044177740812301636,0.23603592813014984,0.20867812633514404
49,240,0.04163415729999542,0.00020824636158067733,0.06488037109375,0.93511962890625,2,165,329,0.0969318151473999,0.03779749572277069,0.21720460057258606,0.19316504895687103
49,260,0.0338020883500576,0.00020824636158067733,0.02099609375,0.97900390625,2,97,315,0.1207684800028801,0.031936973333358765,0.18514588475227356,0.1761619746685028
49,280,0.028201494365930557,0.00020824636158067733,0.00341796875,0.99658203125,1,36,303,0.12906824052333832,0.02785555087029934,0.1544346958398819,0.1643754243850708
49,300,0.025905190035700798,0.00020824636158067733,0.00146484375,0.99853515625,1,18,290,0.16947798430919647,0.02569456957280636,0.1473912000656128,0.15779830515384674
49,320,0.024372879415750504,0.00020824636158067733,0.00054931640625,0.99945068359375,1,8,283,0.17198853194713593,0.02429174818098545,0.1539280116558075,0.15372894704341888
49,340,0.023525910452008247,0.00020824636158067733,0.00048828125,0.99951171875,1,7,274,0.17992502450942993,0.023449506610631943,0.14102321863174438,0.1515095978975296
49,360,0.02292460761964321,0.00020824636158067733,0.0003662109375,0.9996337890625,1,5,264,0.22372622787952423,0.022851048037409782,0.15778793394565582,0.14915122091770172
49,380,0.02249281108379364,0.00020824636158067733,0.00030517578125,0.99969482421875,1,3,255,0.239608496427536,0.022426532581448555,0.14963513612747192,0.14725558459758759
49,400,0.02218868024647236,0.00020824636158067733,0.0001220703125,0.9998779296875,1,2,258,0.24510619044303894,0.022161465138196945,0.10406164079904556,0.14633914828300476
49,420,0.021909357979893684,0.00020824636158067733,6.103515625e-05,0.99993896484375,1,1,258,0.2301124632358551,0.02189665101468563,0.0,0.14586125314235687
49,440,0.021748749539256096,0.00020824636158067733,6.103515625e-05,0.99993896484375,1,1,254,0.2301124632358551,0.021736031398177147,0.0,0.1458510458469391
49,460,0.0215157438069582,0.00020824636158067733,0.0,1.0,1,0,253,nan,0.0215157438069582,nan,0.14462757110595703
49,480,0.021334748715162277,0.00020824636158067733,0.0,1.0,1,0,250,nan,0.021334748715162277,nan,0.14410947263240814
49,500,0.02122345380485058,0.00020824636158067733,0.0,1.0,1,0,252,nan,0.02122345380485058,nan,0.1433205008506775
49,520,0.021055983379483223,0.00020824636158067733,0.0,1.0,1,0,252,nan,0.021055983379483223,nan,0.1434520035982132
49,540,0.02108994498848915,0.00020824636158067733,0.0,1.0,1,0,244,nan,0.02108994498848915,nan,0.14262185990810394
49,560,0.020941082388162613,0.00020824636158067733,0.0,1.0,1,0,245,nan,0.020941082388162613,nan,0.14269813895225525
49,580,0.020810164511203766,0.00020824636158067733,0.0,1.0,1,0,246,nan,0.020810164511203766,nan,0.14229175448417664
49,600,0.02070019580423832,0.00020824636158067733,0.0,1.0,1,0,246,nan,0.02070019580423832,nan,0.14254875481128693
49,620,0.020648591220378876,0.00020824636158067733,0.0,1.0,1,0,241,nan,0.020648591220378876,nan,0.14221453666687012
49,640,0.020579854026436806,0.00020824636158067733,0.0,1.0,1,0,236,nan,0.020579854026436806,nan,0.14117708802223206
49,660,0.020472221076488495,0.00020824636158067733,0.0,1.0,1,0,233,nan,0.020472221076488495,nan,0.14149309694766998
49,680,0.02043759822845459,0.00020824636158067733,0.0,1.0,1,0,241,nan,0.02043759822845459,nan,0.14201954007148743
49,700,0.020358487963676453,0.00020824636158067733,0.0,1.0,1,0,236,nan,0.020358487963676453,nan,0.1407497525215149
49,720,0.020308105275034904,0.00020824636158067733,0.0,1.0,1,0,234,nan,0.020308105275034904,nan,0.14053836464881897
49,740,0.020237894728779793,0.00020824636158067733,0.0,1.0,1,0,234,nan,0.020237894728779793,nan,0.14082887768745422
49,760,0.020286498591303825,0.00020824636158067733,0.0,1.0,1,0,235,nan,0.020286498591303825,nan,0.140653595328331
49,780,0.020235557109117508,0.00020824636158067733,0.0,1.0,1,0,238,nan,0.020235557109117508,nan,0.1411888301372528
49,800,0.020174801349639893,0.00020824636158067733,0.0,1.0,1,0,236,nan,0.020174801349639893,nan,0.1414356231689453
49,820,0.02013285458087921,0.00020824636158067733,0.0,1.0,1,0,233,nan,0.02013285458087921,nan,0.14045710861682892
49,840,0.020106062293052673,0.00020824636158067733,0.0,1.0,1,0,229,nan,0.020106062293052673,nan,0.1392727792263031
49,860,0.020127160474658012,0.00020824636158067733,0.0,1.0,1,0,231,nan,0.020127160474658012,nan,0.1400512009859085
49,880,0.020397691056132317,0.00020824636158067733,0.0,1.0,1,0,231,nan,0.020397691056132317,nan,0.14004279673099518
49,900,0.01999898999929428,0.00020824636158067733,0.0,1.0,1,0,230,nan,0.01999898999929428,nan,0.14009277522563934
49,920,0.019980739802122116,0.00020824636158067733,0.0,1.0,1,0,233,nan,0.019980739802122116,nan,0.14025288820266724
49,940,0.019997362047433853,0.00020824636158067733,0.0,1.0,1,0,228,nan,0.019997362047433853,nan,0.13948121666908264
49,960,0.019987905398011208,0.00020824636158067733,0.0,1.0,1,0,231,nan,0.019987905398011208,nan,0.14002741873264313
49,980,0.020112618803977966,0.00020824636158067733,0.0,1.0,1,0,229,nan,0.020112618803977966,nan,0.13998404145240784
49,1000,0.019963350147008896,0.00020824636158067733,0.0,1.0,1,0,228,nan,0.019963350147008896,nan,0.1400776505470276
49,1020,0.02005181461572647,0.00020824636158067733,0.0,1.0,1,0,233,nan,0.02005181461572647,nan,0.1401476263999939
49,1040,0.01988973282277584,0.00020824636158067733,0.0,1.0,1,0,227,nan,0.01988973282277584,nan,0.13955140113830566
49,1060,0.01990305259823799,0.00020824636158067733,0.0,1.0,1,0,228,nan,0.01990305259823799,nan,0.13973504304885864
49,1080,0.020084556192159653,0.00020824636158067733,0.0,1.0,1,0,234,nan,0.020084556192159653,nan,0.14011767506599426
49,1100,0.01990061067044735,0.00020824636158067733,0.0,1.0,1,0,226,nan,0.01990061067044735,nan,0.1392851620912552
49,1120,0.02011343464255333,0.00020824636158067733,0.0,1.0,1,0,229,nan,0.02011343464255333,nan,0.13842950761318207
49,1140,0.01992730237543583,0.00020824636158067733,0.0,1.0,1,0,227,nan,0.01992730237543583,nan,0.1391744464635849
49,1160,0.019885053858160973,0.00020824636158067733,0.0,1.0,1,0,226,nan,0.019885053858160973,nan,0.13950851559638977
49,1180,0.019930709153413773,0.00020824636158067733,0.0,1.0,1,0,229,nan,0.019930709153413773,nan,0.13915587961673737
49,1200,0.019902542233467102,0.00020824636158067733,0.0,1.0,1,0,228,nan,0.019902542233467102,nan,0.13966748118400574
49,1220,0.019873665645718575,0.00020824636158067733,0.0,1.0,1,0,229,nan,0.019873665645718575,nan,0.14020942151546478
49,1240,0.01991194859147072,0.00020824636158067733,0.0,1.0,1,0,230,nan,0.01991194859147072,nan,0.13966569304466248
49,1260,0.019882410764694214,0.00020824636158067733,0.0,1.0,1,0,226,nan,0.019882410764694214,nan,0.1391911655664444
49,1280,0.01986415684223175,0.00020824636158067733,0.0,1.0,1,0,226,nan,0.01986415684223175,nan,0.1395968347787857
49,1300,0.019846975803375244,0.00020824636158067733,0.0,1.0,1,0,228,nan,0.019846975803375244,nan,0.13993559777736664
49,1320,0.019875241443514824,0.00020824636158067733,0.0,1.0,1,0,231,nan,0.019875241443514824,nan,0.13905110955238342
49,1340,0.01984260231256485,0.00020824636158067733,0.0,1.0,1,0,229,nan,0.01984260231256485,nan,0.13970394432544708
49,1360,0.01984626241028309,0.00020824636158067733,0.0,1.0,1,0,228,nan,0.01984626241028309,nan,0.1390746831893921
49,1380,0.019820179790258408,0.00020824636158067733,0.0,1.0,1,0,229,nan,0.019820179790258408,nan,0.13959352672100067
49,1400,0.019832484424114227,0.00020824636158067733,0.0,1.0,1,0,225,nan,0.019832484424114227,nan,0.13916337490081787
49,1420,0.01985953375697136,0.00020824636158067733,0.0,1.0,1,0,226,nan,0.01985953375697136,nan,0.13961032032966614
49,1440,0.019856227561831474,0.00020824636158067733,0.0,1.0,1,0,229,nan,0.019856227561831474,nan,0.13912326097488403
49,1460,0.01986726000905037,0.00020824636158067733,0.0,1.0,1,0,228,nan,0.01986726000905037,nan,0.1393764168024063
49,1480,0.019815249368548393,0.00020824636158067733,0.0,1.0,1,0,223,nan,0.019815249368548393,nan,0.13915911316871643
49,1500,0.019852209836244583,0.00020824636158067733,0.0,1.0,1,0,226,nan,0.019852209836244583,nan,0.13911260664463043
49,1520,0.0199278611689806,0.00020824636158067733,0.0,1.0,1,0,229,nan,0.0199278611689806,nan,0.13905128836631775
49,1540,0.0199180506169796,0.00020824636158067733,0.0,1.0,1,0,229,nan,0.0199180506169796,nan,0.13855509459972382
49,1560,0.019901730120182037,0.00020824636158067733,0.0,1.0,1,0,224,nan,0.019901730120182037,nan,0.13975417613983154
49,1580,0.019930202513933182,0.00020824636158067733,0.0,1.0,1,0,226,nan,0.019930202513933182,nan,0.13894882798194885
49,1600,0.01984371989965439,0.00020824636158067733,0.0,1.0,1,0,222,nan,0.01984371989965439,nan,0.1387939155101776
49,1620,0.019825467839837074,0.00020824636158067733,0.0,1.0,1,0,226,nan,0.019825467839837074,nan,0.1392814964056015
49,1640,0.019890138879418373,0.00020824636158067733,0.0,1.0,1,0,226,nan,0.019890138879418373,nan,0.13950972259044647
49,1660,0.019784491509199142,0.00020824636158067733,0.0,1.0,1,0,225,nan,0.019784491509199142,nan,0.13951368629932404
49,1680,0.01981392875313759,0.00020824636158067733,0.0,1.0,1,0,225,nan,0.01981392875313759,nan,0.13905742764472961
49,1700,0.01984468661248684,0.00020824636158067733,0.0,1.0,1,0,227,nan,0.01984468661248684,nan,0.13946841657161713
49,1720,0.019768374040722847,0.00020824636158067733,0.0,1.0,1,0,228,nan,0.019768374040722847,nan,0.13943098485469818
49,1740,0.019778795540332794,0.00020824636158067733,0.0,1.0,1,0,226,nan,0.019778795540332794,nan,0.13938763737678528
49,1760,0.019775643944740295,0.00020824636158067733,0.0,1.0,1,0,229,nan,0.019775643944740295,nan,0.13906051218509674
49,1780,0.019809450954198837,0.00020824636158067733,0.0,1.0,1,0,231,nan,0.019809450954198837,nan,0.1391206681728363
49,1800,0.019792573526501656,0.00020824636158067733,0.0,1.0,1,0,229,nan,0.019792573526501656,nan,0.13919155299663544
49,1820,0.019779304042458534,0.00020824636158067733,0.0,1.0,1,0,229,nan,0.019779304042458534,nan,0.1399214118719101
49,1840,0.01982938125729561,0.00020824636158067733,0.0,1.0,1,0,224,nan,0.01982938125729561,nan,0.1384533792734146
49,1860,0.019836295396089554,0.00020824636158067733,0.0,1.0,1,0,226,nan,0.019836295396089554,nan,0.13916760683059692
49,1880,0.019773710519075394,0.00020824636158067733,0.0,1.0,1,0,227,nan,0.019773710519075394,nan,0.13933326303958893
49,1900,0.01978215016424656,0.00020824636158067733,0.0,1.0,1,0,229,nan,0.01978215016424656,nan,0.13978759944438934
49,1920,0.019809605553746223,0.00020824636158067733,0.0,1.0,1,0,228,nan,0.019809605553746223,nan,0.13920637965202332
49,1940,0.019769491627812386,0.00020824636158067733,0.0,1.0,1,0,226,nan,0.019769491627812386,nan,0.1389588564634323
49,1960,0.019806453958153725,0.00020824636158067733,0.0,1.0,1,0,230,nan,0.019806453958153725,nan,0.1399122178554535
49,1980,0.01983039826154709,0.00020824636158067733,0.0,1.0,1,0,226,nan,0.01983039826154709,nan,0.13934895396232605
49,2000,0.02006630226969719,0.00020824636158067733,0.0,1.0,1,0,228,nan,0.02006630226969719,nan,0.13968698680400848
50,0,0.8122440576553345,0.00020824636158067733,0.74639892578125,0.25360107421875,2,1238,1056,0.9077279567718506,0.5312156081199646,0.72779780626297,0.6833313703536987
50,20,0.5992528200149536,0.00020824636158067733,0.73809814453125,0.26190185546875,2,1230,1008,0.6613758206367493,0.42417648434638977,0.6673069000244141,0.6084659099578857
50,40,0.38584399223327637,0.00020824636158067733,0.7252197265625,0.2747802734375,2,1178,873,0.42467114329338074,0.28336864709854126,0.5779809951782227,0.5051469206809998
50,60,0.22446970641613007,0.00020824636158067733,0.7181396484375,0.2818603515625,2,1020,657,0.23852185904979706,0.18866680562496185,0.4735107123851776,0.3928527235984802
50,80,0.14783743023872375,0.00020824636158067733,0.72479248046875,0.27520751953125,2,785,461,0.14356885850429535,0.1590791791677475,0.3732369542121887,0.30573606491088867
50,100,0.11968961358070374,0.00020824636158067733,0.7880859375,0.2119140625,2,638,322,0.11024165898561478,0.1548255831003189,0.31770139932632446,0.2560690641403198
50,120,0.09602555632591248,0.00020824636158067733,0.87847900390625,0.12152099609375,2,567,233,0.08790282905101776,0.1547449827194214,0.28903231024742126,0.2166900336742401
50,140,0.0733189582824707,0.00020824636158067733,0.96527099609375,0.03472900390625,2,493,122,0.06953512877225876,0.17848782241344452,0.25492048263549805,0.16244572401046753
50,160,0.05606876313686371,0.00020824636158067733,0.990966796875,0.009033203125,1,452,61,0.054793935269117355,0.1959206461906433,0.2268591970205307,0.13291482627391815
50,180,0.045313555747270584,0.00020824636158067733,0.998046875,0.001953125,1,409,20,0.044954411685466766,0.22883695363998413,0.20441226661205292,0.13791444897651672
50,200,0.038046687841415405,0.00020824636158067733,0.9993896484375,0.0006103515625,1,375,10,0.03793218731880188,0.22553105652332306,0.18983091413974762,0.14238989353179932
50,220,0.03358972817659378,0.00020824636158067733,0.999755859375,0.000244140625,1,352,4,0.03354106843471527,0.23281967639923096,0.1800597459077835,0.08598113059997559
50,240,0.03048727661371231,0.00020824636158067733,0.9998779296875,0.0001220703125,1,328,1,0.030462907627224922,0.2301124632358551,0.17181670665740967,0.0
50,260,0.028478583320975304,0.00020824636158067733,0.99993896484375,6.103515625e-05,1,309,1,0.028466274961829185,0.2301124632358551,0.16665659844875336,0.0
50,280,0.02681652456521988,0.00020824636158067733,1.0,0.0,1,298,0,0.02681652456521988,nan,0.1616201400756836,nan
50,300,0.02563680149614811,0.00020824636158067733,1.0,0.0,1,287,0,0.02563680149614811,nan,0.15791113674640656,nan
50,320,0.02468489669263363,0.00020824636158067733,1.0,0.0,1,277,0,0.02468489669263363,nan,0.1558809131383896,nan
50,340,0.023988978937268257,0.00020824636158067733,1.0,0.0,1,272,0,0.023988978937268257,nan,0.15316630899906158,nan
50,360,0.023475274443626404,0.00020824636158067733,1.0,0.0,1,271,0,0.023475274443626404,nan,0.15202224254608154,nan
50,380,0.02305644378066063,0.00020824636158067733,1.0,0.0,1,265,0,0.02305644378066063,nan,0.15064211189746857,nan
50,400,0.022601667791604996,0.00020824636158067733,1.0,0.0,1,256,0,0.022601667791604996,nan,0.1485985666513443,nan
50,420,0.02228187397122383,0.00020824636158067733,1.0,0.0,1,256,0,0.02228187397122383,nan,0.14724776148796082,nan
50,440,0.02201211079955101,0.00020824636158067733,1.0,0.0,1,251,0,0.02201211079955101,nan,0.14585547149181366,nan
50,460,0.021762479096651077,0.00020824636158067733,1.0,0.0,1,248,0,0.021762479096651077,nan,0.14497680962085724,nan
50,480,0.021566787734627724,0.00020824636158067733,1.0,0.0,1,249,0,0.021566787734627724,nan,0.14464843273162842,nan
50,500,0.021367236971855164,0.00020824636158067733,1.0,0.0,1,242,0,0.021367236971855164,nan,0.1437918096780777,nan
50,520,0.021205764263868332,0.00020824636158067733,1.0,0.0,1,242,0,0.021205764263868332,nan,0.1433437019586563,nan
50,540,0.021077439188957214,0.00020824636158067733,1.0,0.0,1,242,0,0.021077439188957214,nan,0.14278212189674377,nan
50,560,0.021025123074650764,0.00020824636158067733,1.0,0.0,1,242,0,0.021025123074650764,nan,0.14189176261425018,nan
50,580,0.020882973447442055,0.00020824636158067733,1.0,0.0,1,238,0,0.020882973447442055,nan,0.14179092645645142,nan
50,600,0.020772390067577362,0.00020824636158067733,1.0,0.0,1,239,0,0.020772390067577362,nan,0.14234472811222076,nan
50,620,0.020714685320854187,0.00020824636158067733,1.0,0.0,1,239,0,0.020714685320854187,nan,0.14193648099899292,nan
50,640,0.02057400718331337,0.00020824636158067733,1.0,0.0,1,242,0,0.02057400718331337,nan,0.14222458004951477,nan
50,660,0.020548027008771896,0.00020824636158067733,1.0,0.0,1,232,0,0.020548027008771896,nan,0.14177604019641876,nan
50,680,0.020485036075115204,0.00020824636158067733,1.0,0.0,1,229,0,0.020485036075115204,nan,0.14078573882579803,nan
50,700,0.020482797175645828,0.00020824636158067733,1.0,0.0,1,231,0,0.020482797175645828,nan,0.14080451428890228,nan
50,720,0.02040989138185978,0.00020824636158067733,1.0,0.0,1,233,0,0.02040989138185978,nan,0.14108310639858246,nan
50,740,0.020333223044872284,0.00020824636158067733,1.0,0.0,1,231,0,0.020333223044872284,nan,0.1408005952835083,nan
50,760,0.020302260294556618,0.00020824636158067733,1.0,0.0,1,229,0,0.020302260294556618,nan,0.14079052209854126,nan
50,780,0.020235201343894005,0.00020824636158067733,1.0,0.0,1,226,0,0.020235201343894005,nan,0.1407678723335266,nan
50,800,0.020277906209230423,0.00020824636158067733,1.0,0.0,1,227,0,0.020277906209230423,nan,0.140734001994133,nan
50,820,0.020250145345926285,0.00020824636158067733,1.0,0.0,1,225,0,0.020250145345926285,nan,0.13965240120887756,nan
50,840,0.02025553584098816,0.00020824636158067733,1.0,0.0,1,233,0,0.02025553584098816,nan,0.13971158862113953,nan
50,860,0.020169056951999664,0.00020824636158067733,1.0,0.0,1,230,0,0.020169056951999664,nan,0.1399756520986557,nan
50,880,0.020176731050014496,0.00020824636158067733,1.0,0.0,1,228,0,0.020176731050014496,nan,0.14000636339187622,nan
50,900,0.020099909976124763,0.00020824636158067733,1.0,0.0,1,229,0,0.020099909976124763,nan,0.1401115208864212,nan
50,920,0.020158633589744568,0.00020824636158067733,1.0,0.0,1,232,0,0.020158633589744568,nan,0.1403477042913437,nan
50,940,0.02009797841310501,0.00020824636158067733,1.0,0.0,1,233,0,0.02009797841310501,nan,0.1405501514673233,nan
50,960,0.02002822607755661,0.00020824636158067733,1.0,0.0,1,227,0,0.02002822607755661,nan,0.14007417857646942,nan
50,980,0.02010113187134266,0.00020824636158067733,1.0,0.0,1,228,0,0.02010113187134266,nan,0.1393505334854126,nan
50,1000,0.020028071478009224,0.00020824636158067733,1.0,0.0,1,226,0,0.020028071478009224,nan,0.1398865282535553,nan
50,1020,0.020108655095100403,0.00020824636158067733,1.0,0.0,1,226,0,0.020108655095100403,nan,0.1407133787870407,nan
50,1040,0.020157769322395325,0.00020824636158067733,1.0,0.0,1,225,0,0.020157769322395325,nan,0.13977326452732086,nan
50,1060,0.020141398534178734,0.00020824636158067733,1.0,0.0,1,222,0,0.020141398534178734,nan,0.13897189497947693,nan
50,1080,0.020040731877088547,0.00020824636158067733,1.0,0.0,1,226,0,0.020040731877088547,nan,0.1394294947385788,nan
50,1100,0.020008191466331482,0.00020824636158067733,1.0,0.0,1,226,0,0.020008191466331482,nan,0.14066874980926514,nan
50,1120,0.020021159201860428,0.00020824636158067733,1.0,0.0,1,228,0,0.020021159201860428,nan,0.13921710848808289,nan
50,1140,0.019980281591415405,0.00020824636158067733,1.0,0.0,1,226,0,0.019980281591415405,nan,0.1393083781003952,nan
50,1160,0.019943369552493095,0.00020824636158067733,1.0,0.0,1,229,0,0.019943369552493095,nan,0.13958552479743958,nan
50,1180,0.019981754943728447,0.00020824636158067733,1.0,0.0,1,227,0,0.019981754943728447,nan,0.13911113142967224,nan
50,1200,0.02001587115228176,0.00020824636158067733,1.0,0.0,1,225,0,0.02001587115228176,nan,0.13840243220329285,nan
50,1220,0.01992262713611126,0.00020824636158067733,1.0,0.0,1,224,0,0.01992262713611126,nan,0.1394866704940796,nan
50,1240,0.019916117191314697,0.00020824636158067733,1.0,0.0,1,224,0,0.019916117191314697,nan,0.1395597755908966,nan
50,1260,0.019891612231731415,0.00020824636158067733,1.0,0.0,1,225,0,0.019891612231731415,nan,0.13967061042785645,nan
50,1280,0.01992211863398552,0.00020824636158067733,1.0,0.0,1,226,0,0.01992211863398552,nan,0.1392001211643219,nan
50,1300,0.01987854763865471,0.00020824636158067733,1.0,0.0,1,224,0,0.01987854763865471,nan,0.13959579169750214,nan
50,1320,0.01986980251967907,0.00020824636158067733,1.0,0.0,1,224,0,0.01986980251967907,nan,0.13947734236717224,nan
50,1340,0.019902240484952927,0.00020824636158067733,1.0,0.0,1,222,0,0.019902240484952927,nan,0.13911382853984833,nan
50,1360,0.019863396883010864,0.00020824636158067733,1.0,0.0,1,223,0,0.019863396883010864,nan,0.13920217752456665,nan
50,1380,0.019938692450523376,0.00020824636158067733,1.0,0.0,1,226,0,0.019938692450523376,nan,0.1403779685497284,nan
50,1400,0.019840672612190247,0.00020824636158067733,1.0,0.0,1,224,0,0.019840672612190247,nan,0.13967281579971313,nan
50,1420,0.019874174147844315,0.00020824636158067733,1.0,0.0,1,226,0,0.019874174147844315,nan,0.1391407698392868,nan
50,1440,0.019935134798288345,0.00020824636158067733,1.0,0.0,1,227,0,0.019935134798288345,nan,0.14052429795265198,nan
50,1460,0.019864872097969055,0.00020824636158067733,1.0,0.0,1,225,0,0.019864872097969055,nan,0.13999083638191223,nan
50,1480,0.019875701516866684,0.00020824636158067733,1.0,0.0,1,221,0,0.019875701516866684,nan,0.13938318192958832,nan
50,1500,0.019907934591174126,0.00020824636158067733,1.0,0.0,1,220,0,0.019907934591174126,nan,0.13817542791366577,nan
50,1520,0.019892476499080658,0.00020824636158067733,1.0,0.0,1,223,0,0.019892476499080658,nan,0.13949541747570038,nan
50,1540,0.019840773195028305,0.00020824636158067733,1.0,0.0,1,229,0,0.019840773195028305,nan,0.1392894834280014,nan
50,1560,0.019817791879177094,0.00020824636158067733,1.0,0.0,1,227,0,0.019817791879177094,nan,0.13914138078689575,nan
50,1580,0.01982867158949375,0.00020824636158067733,1.0,0.0,1,222,0,0.01982867158949375,nan,0.1389971524477005,nan
50,1600,0.019839704036712646,0.00020824636158067733,1.0,0.0,1,226,0,0.019839704036712646,nan,0.1392367035150528,nan
50,1620,0.019873259589076042,0.00020824636158067733,1.0,0.0,1,228,0,0.019873259589076042,nan,0.1386163830757141,nan
50,1640,0.01985038071870804,0.00020824636158067733,1.0,0.0,1,226,0,0.01985038071870804,nan,0.14029502868652344,nan
50,1660,0.019842805340886116,0.00020824636158067733,1.0,0.0,1,224,0,0.019842805340886116,nan,0.1388086974620819,nan
50,1680,0.019805487245321274,0.00020824636158067733,1.0,0.0,1,226,0,0.019805487245321274,nan,0.13960206508636475,nan
50,1700,0.01982872188091278,0.00020824636158067733,1.0,0.0,1,222,0,0.01982872188091278,nan,0.13924184441566467,nan
50,1720,0.01981336809694767,0.00020824636158067733,1.0,0.0,1,220,0,0.01981336809694767,nan,0.13859380781650543,nan
50,1740,0.019772948697209358,0.00020824636158067733,1.0,0.0,1,225,0,0.019772948697209358,nan,0.13945209980010986,nan
50,1760,0.0198210459202528,0.00020824636158067733,1.0,0.0,1,222,0,0.0198210459202528,nan,0.13892793655395508,nan
50,1780,0.019796639680862427,0.00020824636158067733,1.0,0.0,1,223,0,0.019796639680862427,nan,0.139652281999588,nan
50,1800,0.01984306052327156,0.00020824636158067733,1.0,0.0,1,226,0,0.01984306052327156,nan,0.13893567025661469,nan
50,1820,0.019945252686738968,0.00020824636158067733,1.0,0.0,1,221,0,0.019945252686738968,nan,0.13881796598434448,nan
50,1840,0.019806353375315666,0.00020824636158067733,1.0,0.0,1,227,0,0.019806353375315666,nan,0.14000952243804932,nan
50,1860,0.019818861037492752,0.00020824636158067733,1.0,0.0,1,224,0,0.019818861037492752,nan,0.1394186168909073,nan
50,1880,0.019809657707810402,0.00020824636158067733,1.0,0.0,1,220,0,0.019809657707810402,nan,0.13921792805194855,nan
50,1900,0.019808387383818626,0.00020824636158067733,1.0,0.0,1,224,0,0.019808387383818626,nan,0.13927598297595978,nan
50,1920,0.01979084499180317,0.00020824636158067733,1.0,0.0,1,223,0,0.01979084499180317,nan,0.1388075053691864,nan
50,1940,0.019776763394474983,0.00020824636158067733,1.0,0.0,1,227,0,0.019776763394474983,nan,0.139600932598114,nan
50,1960,0.019868023693561554,0.00020824636158067733,1.0,0.0,1,229,0,0.019868023693561554,nan,0.13985159993171692,nan
50,1980,0.019828062504529953,0.00020824636158067733,1.0,0.0,1,227,0,0.019828062504529953,nan,0.14020273089408875,nan
50,2000,0.019780678674578667,0.00020824636158067733,1.0,0.0,1,227,0,0.019780678674578667,nan,0.13896998763084412,nan
51,0,0.7162702679634094,0.00020824636158067733,0.5439453125,0.4560546875,2,1196,1172,0.5953236818313599,0.8605257868766785,0.599321186542511,0.5859253406524658
51,20,0.5044465065002441,0.00020824636158067733,0.53173828125,0.46826171875,2,1133,1130,0.39874139428138733,0.6244808435440063,0.538786768913269,0.545520007610321
51,40,0.33754658699035645,0.00020824636158067733,0.51641845703125,0.48358154296875,2,1007,1045,0.2633490264415741,0.41678252816200256,0.47670552134513855,0.49723511934280396
51,60,0.21815504133701324,0.00020824636158067733,0.502685546875,0.497314453125,2,850,902,0.18233586847782135,0.2543610632419586,0.4168950021266937,0.43907538056373596
51,80,0.147757887840271,0.00020824636158067733,0.51708984375,0.48291015625,2,707,731,0.13822302222251892,0.15796762704849243,0.36312010884284973,0.37640130519866943
51,100,0.11761772632598877,0.00020824636158067733,0.5548095703125,0.4451904296875,2,622,570,0.11651557683944702,0.11899124830961227,0.32716789841651917,0.32475823163986206
51,120,0.1045682430267334,0.00020824636158067733,0.587646484375,0.412353515625,2,564,462,0.10244112461805344,0.10759961605072021,0.30785104632377625,0.29474031925201416
51,140,0.09633824229240417,0.00020824636158067733,0.5767822265625,0.4232177734375,2,523,426,0.09321164339780807,0.10059931874275208,0.29338228702545166,0.28092825412750244
51,160,0.08985982090234756,0.00020824636158067733,0.58062744140625,0.41937255859375,2,493,386,0.0871409922838211,0.0936240628361702,0.285104900598526,0.2725456655025482
51,180,0.08396647870540619,0.00020824636158067733,0.581787109375,0.418212890625,2,454,357,0.08084283024072647,0.08831186592578888,0.2739854156970978,0.26502668857574463
51,200,0.07846523076295853,0.00020824636158067733,0.6033935546875,0.3966064453125,2,417,314,0.07520674914121628,0.08342265337705612,0.26644206047058105,0.2554292380809784
51,220,0.07336649298667908,0.00020824636158067733,0.599609375,0.400390625,2,381,290,0.07022801041603088,0.07806655764579773,0.25601184368133545,0.2499108761548996
51,240,0.06899961829185486,0.00020824636158067733,0.61358642578125,0.38641357421875,2,351,267,0.06502464413642883,0.07531148195266724,0.24915511906147003,0.24430322647094727
51,260,0.06488364934921265,0.00020824636158067733,0.628173828125,0.371826171875,2,308,243,0.060429301112890244,0.07240896672010422,0.23878298699855804,0.2356753796339035
51,280,0.060729146003723145,0.00020824636158067733,0.6422119140625,0.3577880859375,2,294,219,0.056068673729896545,0.06909444183111191,0.23131507635116577,0.23285861313343048
51,300,0.056558869779109955,0.00020824636158067733,0.6563720703125,0.3436279296875,2,277,198,0.05180126428604126,0.06564649194478989,0.2230215072631836,0.22803057730197906
51,320,0.05247935280203819,0.00020824636158067733,0.67852783203125,0.32147216796875,2,254,179,0.04720015078783035,0.06362210959196091,0.21299967169761658,0.2213311344385147
51,340,0.04846334084868431,0.00020824636158067733,0.69073486328125,0.30926513671875,2,241,165,0.043034277856349945,0.060588985681533813,0.20365965366363525,0.21861937642097473
51,360,0.04489269480109215,0.00020824636158067733,0.7049560546875,0.2950439453125,2,226,157,0.03945350646972656,0.057888664305210114,0.1940542459487915,0.21635401248931885
51,380,0.0413694828748703,0.00020824636158067733,0.719970703125,0.280029296875,2,215,146,0.03636384382843971,0.054239243268966675,0.18744255602359772,0.21448931097984314
51,400,0.03803367167711258,0.00020824636158067733,0.740478515625,0.259521484375,2,212,135,0.03376828134059906,0.05020388215780258,0.18196910619735718,0.20373058319091797
51,420,0.03510794788599014,0.00020824636158067733,0.7498779296875,0.2501220703125,2,207,129,0.030759502202272415,0.04814480245113373,0.17377203702926636,0.20217415690422058
51,440,0.03271738812327385,0.00020824636158067733,0.7593994140625,0.2406005859375,2,196,116,0.028353966772556305,0.04648948833346367,0.16753461956977844,0.2005109190940857
51,460,0.030613670125603676,0.00020824636158067733,0.7696533203125,0.2303466796875,2,188,116,0.026836326345801353,0.04323483631014824,0.1634448617696762,0.19399914145469666
51,480,0.028744734823703766,0.00020824636158067733,0.7772216796875,0.2227783203125,2,182,111,0.025332584977149963,0.0406489372253418,0.15873366594314575,0.18681208789348602
51,500,0.027163974940776825,0.00020824636158067733,0.780517578125,0.219482421875,2,176,106,0.024075113236904144,0.03814850002527237,0.15252269804477692,0.18020585179328918
51,520,0.025467902421951294,0.00020824636158067733,0.77764892578125,0.22235107421875,2,176,109,0.023037990555167198,0.03396625444293022,0.14938844740390778,0.1765952855348587
51,540,0.023958830162882805,0.00020824636158067733,0.78155517578125,0.21844482421875,2,168,106,0.021836355328559875,0.031552642583847046,0.14626236259937286,0.1682397574186325
51,560,0.022662319242954254,0.00020824636158067733,0.7769775390625,0.2230224609375,2,172,106,0.020916949957609177,0.028742928057909012,0.14454485476016998,0.16592146456241608
51,580,0.02149571105837822,0.00020824636158067733,0.7781982421875,0.2218017578125,2,164,106,0.020290987566113472,0.02572251856327057,0.14220847189426422,0.1580336093902588
51,600,0.02063140831887722,0.00020824636158067733,0.7762451171875,0.2237548828125,2,167,113,0.019780343398451805,0.023583894595503807,0.13992783427238464,0.15117788314819336
51,620,0.020004481077194214,0.00020824636158067733,0.77349853515625,0.22650146484375,2,168,109,0.019283978268504143,0.02246498316526413,0.13847246766090393,0.14782866835594177
51,640,0.019386909902095795,0.00020824636158067733,0.770263671875,0.229736328125,2,164,113,0.01893782801926136,0.020892594009637833,0.1368672102689743,0.14319561421871185
51,660,0.01957176998257637,0.00020824636158067733,0.76666259765625,0.23333740234375,2,164,112,0.019225014373660088,0.020711079239845276,0.13825054466724396,0.14258092641830444
51,680,0.01904555968940258,0.00020824636158067733,0.7662353515625,0.2337646484375,2,157,111,0.018786612898111343,0.019894341006875038,0.13597065210342407,0.1408560872077942
51,700,0.018441515043377876,0.00020824636158067733,0.76251220703125,0.23748779296875,2,158,110,0.018022403120994568,0.019787168130278587,0.1330377459526062,0.1398923397064209
51,720,0.017890291288495064,0.00020824636158067733,0.75531005859375,0.24468994140625,2,155,116,0.0174968671053648,0.019104711711406708,0.1312926858663559,0.13769091665744781
51,740,0.01893431693315506,0.00020824636158067733,0.7513427734375,0.2486572265625,2,162,113,0.01880393736064434,0.01932828314602375,0.13552482426166534,0.1351890116930008
51,760,0.01833118498325348,0.00020824636158067733,0.75518798828125,0.24481201171875,2,158,113,0.01828175224363804,0.018483685329556465,0.1351919323205948,0.13305585086345673
51,780,0.017629066482186317,0.00020824636158067733,0.7550048828125,0.2449951171875,2,153,114,0.017765939235687256,0.01720726490020752,0.13325028121471405,0.13045446574687958
51,800,0.017370641231536865,0.00020824636158067733,0.75091552734375,0.24908447265625,2,155,112,0.01742810197174549,0.01719740964472294,0.13088013231754303,0.130649134516716
51,820,0.017133565619587898,0.00020824636158067733,0.74456787109375,0.25543212890625,2,158,116,0.017324648797512054,0.016576573252677917,0.13096803426742554,0.12820158898830414
51,840,0.01737862266600132,0.00020824636158067733,0.73760986328125,0.26239013671875,2,154,113,0.01731978915631771,0.017544006928801537,0.13132481276988983,0.13166652619838715
51,860,0.01722121611237526,0.00020824636158067733,0.7359619140625,0.2640380859375,2,151,108,0.01712958514690399,0.017476633191108704,0.1301129013299942,0.131668820977211
51,880,0.016761712729930878,0.00020824636158067733,0.7315673828125,0.2684326171875,2,153,113,0.01667136512696743,0.017007939517498016,0.12842534482479095,0.13033698499202728
51,900,0.016533587127923965,0.00020824636158067733,0.7265625,0.2734375,2,155,119,0.016567006707191467,0.01644478365778923,0.1279863566160202,0.1272149533033371
51,920,0.016540247946977615,0.00020824636158067733,0.72113037109375,0.27886962890625,2,155,116,0.016558535397052765,0.016492953523993492,0.12833039462566376,0.1280132532119751
51,940,0.016413092613220215,0.00020824636158067733,0.71588134765625,0.28411865234375,2,150,112,0.016331346705555916,0.016619058325886726,0.12661471962928772,0.12865258753299713
51,960,0.01611892320215702,0.00020824636158067733,0.71038818359375,0.28961181640625,2,151,119,0.016085797920823097,0.016200177371501923,0.12633256614208221,0.12661582231521606
51,980,0.01610143482685089,0.00020824636158067733,0.705322265625,0.294677734375,2,150,122,0.01590278558433056,0.01657691039144993,0.12584048509597778,0.1265544295310974
51,1000,0.015933604910969734,0.00020824636158067733,0.70306396484375,0.29693603515625,2,144,121,0.01592940464615822,0.015943553298711777,0.12606604397296906,0.12450706958770752
51,1020,0.015609391033649445,0.00020824636158067733,0.7003173828125,0.2996826171875,2,149,119,0.015462042763829231,0.01595372147858143,0.12273867428302765,0.12614621222019196
51,1040,0.015262753702700138,0.00020824636158067733,0.6971435546875,0.3028564453125,2,149,118,0.01558348536491394,0.014524463564157486,0.1242249608039856,0.1204971969127655
51,1060,0.01526295579969883,0.00020824636158067733,0.6932373046875,0.3067626953125,2,151,118,0.015292205847799778,0.015196861699223518,0.12189029902219772,0.12272236496210098
51,1080,0.015102094039320946,0.00020824636158067733,0.69000244140625,0.30999755859375,2,143,118,0.015355847775936127,0.014537283219397068,0.12219720333814621,0.12033934146165848
51,1100,0.015184915624558926,0.00020824636158067733,0.68603515625,0.31396484375,2,144,118,0.015500879846513271,0.014494512230157852,0.12239005416631699,0.11997886747121811
51,1120,0.015216284431517124,0.00020824636158067733,0.6815185546875,0.3184814453125,2,142,119,0.015456384979188442,0.01470249518752098,0.12156271934509277,0.12054341286420822
51,1140,0.015371962450444698,0.00020824636158067733,0.67718505859375,0.32281494140625,2,140,121,0.01563902571797371,0.014811727218329906,0.1220732033252716,0.12089153379201889
51,1160,0.01534730289131403,0.00020824636158067733,0.67413330078125,0.32586669921875,2,144,125,0.015459699556231499,0.015114783309400082,0.12335418909788132,0.1215665265917778
51,1180,0.0152229443192482,0.00020824636158067733,0.6737060546875,0.3262939453125,2,144,123,0.015414658933877945,0.014827106148004532,0.1241178885102272,0.12090709060430527
51,1200,0.015192490071058273,0.00020824636158067733,0.67462158203125,0.32537841796875,2,146,120,0.015331923961639404,0.014903397299349308,0.12378353625535965,0.12092279642820358
51,1220,0.015103873796761036,0.00020824636158067733,0.673583984375,0.326416015625,2,146,116,0.015172183513641357,0.014962910674512386,0.12292639166116714,0.12175216525793076
51,1240,0.015110889449715614,0.00020824636158067733,0.67218017578125,0.32781982421875,2,148,125,0.015124545432627201,0.01508289109915495,0.1229223906993866,0.1216619461774826
51,1260,0.015080232173204422,0.00020824636158067733,0.67169189453125,0.32830810546875,2,147,120,0.015275872312486172,0.014679967425763607,0.12178806215524673,0.1208847388625145
51,1280,0.01475128810852766,0.00020824636158067733,0.668212890625,0.331787109375,2,142,124,0.014804678037762642,0.014643761329352856,0.12105961889028549,0.12036513537168503
51,1300,0.014655197970569134,0.00020824636158067733,0.665771484375,0.334228515625,2,143,124,0.014878364279866219,0.014210658147931099,0.12181307375431061,0.11866645514965057
51,1320,0.014808637090027332,0.00020824636158067733,0.664794921875,0.335205078125,2,147,119,0.014911613427102566,0.01460440456867218,0.12196888774633408,0.11918000131845474
51,1340,0.015263465233147144,0.00020824636158067733,0.6661376953125,0.3338623046875,2,145,125,0.015185588039457798,0.01541884709149599,0.12290751934051514,0.11919829994440079
51,1360,0.015937061980366707,0.00020824636158067733,0.6676025390625,0.3323974609375,2,146,121,0.015713149681687355,0.01638677529990673,0.12427044659852982,0.12213419377803802
51,1380,0.015524026937782764,0.00020824636158067733,0.66973876953125,0.33026123046875,2,146,121,0.015352986752986908,0.01587088033556938,0.12373444437980652,0.12193091213703156
51,1400,0.016287969425320625,0.00020824636158067733,0.66973876953125,0.33026123046875,2,148,114,0.015870707109570503,0.017134135589003563,0.12461533397436142,0.12352721393108368
51,1420,0.016687074676156044,0.00020824636158067733,0.67376708984375,0.32623291015625,2,148,122,0.016553156077861786,0.01696365512907505,0.12727373838424683,0.12226354330778122
51,1440,0.01665860414505005,0.00020824636158067733,0.6767578125,0.3232421875,2,149,116,0.016360724344849586,0.017282258719205856,0.12722185254096985,0.1250009685754776
51,1460,0.016750475391745567,0.00020824636158067733,0.6806640625,0.3193359375,2,152,120,0.016746440902352333,0.01675906777381897,0.12826165556907654,0.12152272462844849
51,1480,0.016011036932468414,0.00020824636158067733,0.6839599609375,0.3160400390625,2,147,121,0.0160510390996933,0.015924464911222458,0.12658333778381348,0.12177252769470215
51,1500,0.01655488833785057,0.00020824636158067733,0.6842041015625,0.3157958984375,2,156,117,0.016515232622623444,0.01664080284535885,0.12713433802127838,0.12242087721824646
51,1520,0.015597543679177761,0.00020824636158067733,0.6856689453125,0.3143310546875,2,147,113,0.015761448070406914,0.015240006148815155,0.1254330724477768,0.12032822519540787
51,1540,0.01557456236332655,0.00020824636158067733,0.68463134765625,0.31536865234375,2,154,113,0.01567942090332508,0.015346926636993885,0.1251317411661148,0.11921893805265427
51,1560,0.016155527904629707,0.00020824636158067733,0.68487548828125,0.31512451171875,2,150,123,0.016064899042248726,0.016352495178580284,0.12612347304821014,0.11939390003681183
51,1580,0.01578250527381897,0.00020824636158067733,0.68572998046875,0.31427001953125,2,154,114,0.015856966376304626,0.015620025806128979,0.12581773102283478,0.11987460404634476
51,1600,0.01583121158182621,0.00020824636158067733,0.6873779296875,0.3126220703125,2,147,116,0.01591767556965351,0.015641095116734505,0.12533526122570038,0.11911486089229584
51,1620,0.016038745641708374,0.00020824636158067733,0.6878662109375,0.3121337890625,2,148,116,0.01605154015123844,0.016010548919439316,0.1263200044631958,0.11925079673528671
51,1640,0.01567782089114189,0.00020824636158067733,0.68853759765625,0.31146240234375,2,154,113,0.01595582813024521,0.015063244849443436,0.12585607171058655,0.11829337477684021
51,1660,0.01571330986917019,0.00020824636158067733,0.68902587890625,0.31097412109375,2,147,117,0.01586165651679039,0.01538461446762085,0.12563838064670563,0.118202343583107
51,1680,0.015378263778984547,0.00020824636158067733,0.68994140625,0.31005859375,2,149,117,0.015529915690422058,0.015040810219943523,0.12458735704421997,0.1183454841375351
51,1700,0.015635116025805473,0.00020824636158067733,0.69049072265625,0.30950927734375,2,156,123,0.015688622370362282,0.015515741892158985,0.12494700402021408,0.11849309504032135
51,1720,0.015448628924787045,0.00020824636158067733,0.6907958984375,0.3092041015625,2,154,113,0.015669936314225197,0.014954205602407455,0.12483640015125275,0.11798817664384842
51,1740,0.015070521272718906,0.00020824636158067733,0.69158935546875,0.30841064453125,2,149,112,0.015476718544960022,0.014159650541841984,0.12393457442522049,0.11656519770622253
51,1760,0.015733901411294937,0.00020824636158067733,0.689453125,0.310546875,2,152,114,0.015762213617563248,0.01567103900015354,0.12499432265758514,0.11850902438163757
51,1780,0.017177337780594826,0.00020824636158067733,0.690673828125,0.309326171875,2,156,113,0.017083503305912018,0.01738685555756092,0.12791301310062408,0.12025804817676544
51,1800,0.016537804156541824,0.00020824636158067733,0.69464111328125,0.30535888671875,2,153,118,0.01662285253405571,0.016344334930181503,0.12870337069034576,0.11940211802721024
51,1820,0.016115108504891396,0.00020824636158067733,0.6964111328125,0.3035888671875,2,158,114,0.01627933233976364,0.015738394111394882,0.12756703794002533,0.11907714605331421
51,1840,0.015853682532906532,0.00020824636158067733,0.6968994140625,0.3031005859375,2,155,119,0.016042424365878105,0.01541971880942583,0.12652961909770966,0.11755335330963135
51,1860,0.016330372542142868,0.00020824636158067733,0.69696044921875,0.30303955078125,2,155,114,0.01661936566233635,0.01566571556031704,0.12738752365112305,0.11695823818445206
51,1880,0.015581578947603703,0.00020824636158067733,0.69775390625,0.30224609375,2,153,118,0.01594688929617405,0.014738235622644424,0.12613114714622498,0.11637090146541595
51,1900,0.015219130553305149,0.00020824636158067733,0.69720458984375,0.30279541015625,2,151,117,0.015686416998505592,0.014143175445497036,0.12502065300941467,0.11547266691923141
51,1920,0.015771573409438133,0.00020824636158067733,0.69671630859375,0.30328369140625,2,156,116,0.0160453449934721,0.01514265313744545,0.12634511291980743,0.11657178401947021
51,1940,0.015331286936998367,0.00020824636158067733,0.69708251953125,0.30291748046875,2,151,118,0.015715237706899643,0.014447727240622044,0.1252010315656662,0.11653240025043488
51,1960,0.015738120302557945,0.00020824636158067733,0.6966552734375,0.3033447265625,2,154,121,0.016247281804680824,0.014568790793418884,0.1254746913909912,0.1153726875782013
51,1980,0.015193811617791653,0.00020824636158067733,0.6961669921875,0.3038330078125,2,151,118,0.015704812481999397,0.014022963121533394,0.1251673698425293,0.11460287123918533
51,2000,0.015090908855199814,0.00020824636158067733,0.69586181640625,0.30413818359375,2,151,116,0.015652501955628395,0.013805996626615524,0.1250459998846054,0.11422495543956757
