seed,phase,epoch,mean_f,best_f,p_left,p_right,occupied_basins,unique_left,unique_right,mean_f_left,mean_f_right,spread_left,spread_right,reverse_kl,kl_allocation,kl_shape,forward_kl
42,scratch,0,0.7616021633148193,0.00020824636158067733,0.49444580078125,0.50555419921875,2,1327,1137,0.7463897466659546,0.7764802575111389,0.7188590168952942,0.6498392224311829,5.246317572783305,0.4553075778534226,4.791009994929882,1.4268085882879358
42,scratch,20,0.5840457081794739,0.00020824636158067733,0.5533447265625,0.4466552734375,2,1318,1086,0.532774031162262,0.6475642919540405,0.6556704640388489,0.5958355069160461,3.4788803483941635,0.3415770015352059,3.1373033468589577,1.1039754912283068
42,scratch,40,0.4381215274333954,0.00020824636158067733,0.6319580078125,0.3680419921875,2,1269,957,0.38704708218574524,0.5258204936981201,0.5904026031494141,0.5349676609039307,2.160435480482924,0.2117903246532404,1.9486451558296838,0.8282295867259063
42,scratch,60,0.33385229110717773,0.00020824636158067733,0.70196533203125,0.29803466796875,2,1190,820,0.290496826171875,0.4359680712223053,0.5300876498222351,0.4714439809322357,1.3219977448923643,0.118621273332712,1.2033764715596529,0.6337953699633044
42,scratch,80,0.2717786133289337,0.00020824636158067733,0.75244140625,0.24755859375,2,1103,692,0.2330271303653717,0.38956165313720703,0.48158925771713257,0.42207154631614685,0.8911918997667314,0.06587372394366038,0.8253181758230712,0.5174204160550698
42,scratch,100,0.23227015137672424,0.00020824636158067733,0.7926025390625,0.2073974609375,2,1030,595,0.19776234030723572,0.36414724588394165,0.44463151693344116,0.3802068531513214,0.6562461967749229,0.03362778553721346,0.6226184112377096,0.44158755423381535
42,scratch,120,0.20571954548358917,0.00020824636158067733,0.823974609375,0.176025390625,2,969,524,0.17523889243602753,0.34839949011802673,0.4182487428188324,0.3514055013656616,0.5073778426579381,0.015220948764416861,0.49215689389352146,0.3863765413200281
42,scratch,140,0.18515805900096893,0.00020824636158067733,0.8538818359375,0.1461181640625,2,928,455,0.1586274653673172,0.3401969373226166,0.3978353440761566,0.32814300060272217,0.40704823823551095,0.0040043123747734895,0.4030439258607377,0.3476475724394231
42,scratch,160,0.16912497580051422,0.00020824636158067733,0.87567138671875,0.12432861328125,2,880,416,0.14549505710601807,0.33555522561073303,0.3811427056789398,0.3135376274585724,0.3316984390174227,0.0002977050806652823,0.33140073393675773,0.3207400120020293
42,scratch,180,0.15596598386764526,0.00020824636158067733,0.89697265625,0.10302734375,2,847,380,0.13561685383319855,0.33312880992889404,0.3681485056877136,0.3033176362514496,0.27761067654574134,0.0009035862445906651,0.2767070903011509,0.31080812370168587
42,scratch,200,0.14593511819839478,0.00020824636158067733,0.91058349609375,0.08941650390625,2,830,358,0.1277114748954773,0.33151760697364807,0.35730060935020447,0.29637807607650757,0.2380537372690057,0.0038168789236250195,0.23423685834538102,0.31042767466828536
42,scratch,220,0.13668541610240936,0.00020824636158067733,0.9222412109375,0.0777587890625,2,806,331,0.12061383575201035,0.3272988200187683,0.34715068340301514,0.286122590303421,0.20801245947659908,0.008114677057721807,0.19989778241887732,0.31854061457238003
42,scratch,240,0.12811367213726044,0.00020824636158067733,0.9329833984375,0.0670166015625,2,786,320,0.11394274234771729,0.32539668679237366,0.3374748229980469,0.2813433110713959,0.18587603376982287,0.013751973319570551,0.1721240604502525,0.33497698010000476
42,scratch,260,0.12296736240386963,0.00020824636158067733,0.93695068359375,0.06304931640625,2,770,298,0.10943123698234558,0.3241223990917206,0.3306644558906555,0.27723127603530884,0.16986949622587844,0.016287312176623568,0.15358218404925528,0.34441843650824466
42,scratch,280,0.11911585927009583,0.00020824636158067733,0.94085693359375,0.05914306640625,2,765,284,0.10643703490495682,0.320812463760376,0.3260363042354584,0.2739388644695282,0.15798922262438708,0.019044043196083563,0.13894517942830378,0.35016786748132744
42,scratch,300,0.11535665392875671,0.00020824636158067733,0.9443359375,0.0556640625,2,749,282,0.10335496068000793,0.31896451115608215,0.32131344079971313,0.27260535955429077,0.14933661850300695,0.021729744920074193,0.12760687358293288,0.35768420156204683
42,scratch,320,0.1126878410577774,0.00020824636158067733,0.94549560546875,0.05450439453125,2,746,281,0.10100726783275604,0.3153124451637268,0.31763267517089844,0.27119818329811096,0.1414324703007921,0.022675501390464134,0.11875696891032828,0.3595263348772687
42,scratch,340,0.11118427664041519,0.00020824636158067733,0.94580078125,0.05419921875,2,738,272,0.09964082390069962,0.31262296438217163,0.31540271639823914,0.2717131972312927,0.1355319166948945,0.02292870086785443,0.11260321582704041,0.35958933479673305
42,scratch,360,0.10913923382759094,0.00020824636158067733,0.947021484375,0.052978515625,2,732,275,0.09785998612642288,0.3107622563838959,0.31259995698928833,0.27426081895828247,0.1295073365043251,0.02395976442222192,0.10554757208210347,0.3646741566274113
42,scratch,380,0.10781514644622803,0.00020824636158067733,0.9473876953125,0.0526123046875,2,732,272,0.09671927243471146,0.30761808156967163,0.31070566177368164,0.27457740902900696,0.12376315997681075,0.024274846025420502,0.09948831395139066,0.3614332698791668
42,scratch,400,0.1069357693195343,0.00020824636158067733,0.94769287109375,0.05230712890625,2,728,267,0.0959826186299324,0.30538320541381836,0.3095606863498688,0.2781452536582947,0.11975367923951552,0.024539468602920195,0.09521421063659569,0.35194874047123903
42,scratch,420,0.10733815282583237,0.00020824636158067733,0.94610595703125,0.05389404296875,2,731,286,0.0960395485162735,0.30568432807922363,0.30956903100013733,0.2826858460903168,0.11626340528237478,0.023183717155639855,0.09307968812673525,0.3359703394246435
42,scratch,440,0.10758503526449203,0.00020824636158067733,0.94500732421875,0.05499267578125,2,737,279,0.09604443609714508,0.30590134859085083,0.30942124128341675,0.2876228094100952,0.11228595177527012,0.022274137297071284,0.09001181447819909,0.32459772591505043
42,scratch,460,0.10642990469932556,0.00020824636158067733,0.94512939453125,0.05487060546875,2,728,285,0.0949031412601471,0.30497458577156067,0.3077954351902008,0.29127562046051025,0.10991021377849819,0.02237404671288059,0.08753616706561784,0.3117002400551837
42,scratch,480,0.10656214505434036,0.00020824636158067733,0.94378662109375,0.05621337890625,2,728,290,0.09477068483829498,0.3045331835746765,0.30757179856300354,0.2934104800224304,0.10667439671015444,0.021290715732807955,0.08538368097734689,0.2958658563959443
42,scratch,500,0.10680652409791946,0.00020824636158067733,0.94281005859375,0.05718994140625,2,730,297,0.09487240016460419,0.3035474419593811,0.3075906038284302,0.2957168221473694,0.10311557034656715,0.020524229979254988,0.0825913403673126,0.28122300480139983
42,scratch,520,0.10682466626167297,0.00020824636158067733,0.94171142578125,0.05828857421875,2,731,295,0.09465119987726212,0.3034994602203369,0.30737000703811646,0.29990479350090027,0.10095597378386145,0.01968306207144463,0.08127291171241707,0.2584165510863795
42,scratch,540,0.1078227311372757,0.00020824636158067733,0.93988037109375,0.06011962890625,2,739,302,0.09529752284288406,0.3036355674266815,0.30816730856895447,0.3006270229816437,0.09700254213458237,0.018329793499311867,0.07867274863527084,0.24279516853971017
42,scratch,560,0.1078910231590271,0.00020824636158067733,0.93914794921875,0.06085205078125,2,735,313,0.09507772326469421,0.30564242601394653,0.30799829959869385,0.3051280975341797,0.09360120499768954,0.01780519657277039,0.07579600842491932,0.21921855864024564
42,scratch,580,0.10810054838657379,0.00020824636158067733,0.937255859375,0.062744140625,2,733,322,0.09478489309549332,0.3070063292980194,0.3075938820838928,0.30938440561294556,0.09035064546770144,0.016493180797563067,0.0738574646701386,0.19915411312944797
42,scratch,600,0.10897139459848404,0.00020824636158067733,0.93487548828125,0.06512451171875,2,736,345,0.09501367807388306,0.30933722853660583,0.30786994099617004,0.3140919804573059,0.08628483816647048,0.014928856352260968,0.0713559818142099,0.18477210307286895
42,scratch,620,0.10904597491025925,0.00020824636158067733,0.93310546875,0.06689453125,2,744,348,0.09468075633049011,0.3094252347946167,0.307394415140152,0.3173002004623413,0.08388593867930894,0.013826157124670467,0.07005978155463859,0.17298697533373797
42,scratch,640,0.10978443175554276,0.00020824636158067733,0.930908203125,0.069091796875,2,743,372,0.09469963610172272,0.31302934885025024,0.30744054913520813,0.3232405483722687,0.0810522956315296,0.012526988131830008,0.06852530749969976,0.1635359707154248
42,scratch,660,0.11009588092565536,0.00020824636158067733,0.92913818359375,0.07086181640625,2,735,389,0.09453678131103516,0.31410637497901917,0.3072219789028168,0.32697394490242004,0.07834009635626416,0.01153513616180045,0.06680496019446405,0.1520894921570698
42,scratch,680,0.110215924680233,0.00020824636158067733,0.92840576171875,0.07159423828125,2,737,380,0.0946396216750145,0.3122033476829529,0.3072737455368042,0.32660457491874695,0.07466227957848304,0.011138697271707867,0.0635235823067753,0.14074829308196513
42,scratch,700,0.11008365452289581,0.00020824636158067733,0.9276123046875,0.0723876953125,2,736,387,0.09420479834079742,0.3135632276535034,0.3066420257091522,0.3294571340084076,0.07323941741633888,0.010718327046248456,0.06252109037009088,0.1329472848458363
42,scratch,720,0.1101563349366188,0.00020824636158067733,0.92742919921875,0.07257080078125,2,738,402,0.09400419890880585,0.3165748417377472,0.30637678503990173,0.33372002840042114,0.0708978640293978,0.010622653500149633,0.06027521052924868,0.12474126523124594
42,scratch,740,0.11067616194486618,0.00020824636158067733,0.92706298828125,0.07293701171875,2,737,398,0.09459738433361053,0.3150446116924286,0.30721986293792725,0.33294227719306946,0.06905584804263043,0.010432799703175892,0.05862304833945478,0.12050337930963449
42,scratch,760,0.11105351895093918,0.00020824636158067733,0.92572021484375,0.07427978515625,2,740,402,0.09458596259355545,0.3162821829319,0.30715295672416687,0.33503228425979614,0.06754537227680402,0.009753568942460017,0.05779180333434419,0.11377305034079198
42,scratch,780,0.1111908107995987,0.00020824636158067733,0.9254150390625,0.0745849609375,2,740,397,0.09474048018455505,0.31529873609542847,0.3075156509876251,0.33470848202705383,0.06512448126959924,0.009602871033512476,0.055521610236087135,0.10838940019425079
42,scratch,800,0.11065270751714706,0.00020824636158067733,0.92596435546875,0.07403564453125,2,739,402,0.09413637220859528,0.31722256541252136,0.3065507113933563,0.33655688166618347,0.06359356341345546,0.00987510220036844,0.05371846121308729,0.10587238441189127
42,scratch,820,0.11038011312484741,0.00020824636158067733,0.92584228515625,0.07415771484375,2,733,410,0.09396561980247498,0.3153111934661865,0.30627501010894775,0.3346671164035797,0.061924618887864824,0.009814227054621844,0.05211039183324331,0.10066206616579164
42,scratch,840,0.11119809746742249,0.00020824636158067733,0.92523193359375,0.07476806640625,2,743,413,0.09460686892271042,0.3165094554424286,0.3073832094669342,0.3367363214492798,0.060406276724101815,0.009513100283930924,0.05089317644017126,0.09512779724286245
42,scratch,860,0.11123926937580109,0.00020824636158067733,0.92462158203125,0.07537841796875,2,738,417,0.09454011917114258,0.31607764959335327,0.3071795403957367,0.33641567826271057,0.05923073613376317,0.009217358663473271,0.05001337747029022,0.09130128827495808
42,scratch,880,0.11092613637447357,0.00020824636158067733,0.92474365234375,0.07525634765625,2,733,399,0.09439698606729507,0.3140348494052887,0.3070463538169861,0.33349233865737915,0.0578330956130273,0.009276078108793967,0.0485570175042336,0.08842838522218242
42,scratch,900,0.11182299256324768,0.00020824636158067733,0.92401123046875,0.07598876953125,2,734,405,0.0949803963303566,0.31662628054618835,0.30780458450317383,0.33609524369239807,0.05672192077764038,0.008926962113878202,0.047794958663762474,0.08597490928627392
42,scratch,920,0.11195074766874313,0.00020824636158067733,0.9227294921875,0.0772705078125,2,735,416,0.09496613591909409,0.3147734999656677,0.30789363384246826,0.3348221480846405,0.05498310990588351,0.008334352931094205,0.04664875697478969,0.08022983325030962
42,scratch,940,0.11165285110473633,0.00020824636158067733,0.923583984375,0.076416015625,2,735,418,0.09458042681217194,0.317994624376297,0.30735865235328674,0.33874210715293884,0.05371765558157193,0.008726843705504979,0.04499081187606729,0.07816236710027168
42,scratch,960,0.11213360726833344,0.00020824636158067733,0.9217529296875,0.0782470703125,2,729,418,0.09468815475702286,0.3176417648792267,0.3074415624141693,0.33866429328918457,0.05336172393509031,0.007898325855657619,0.04546339807943296,0.07480951689035008
42,scratch,980,0.11140670627355576,0.00020824636158067733,0.92205810546875,0.07794189453125,2,734,418,0.0940771996974945,0.31641605496406555,0.3064885139465332,0.33685827255249023,0.05228820401389811,0.008033156772599866,0.044255047241298445,0.0748965284012638
42,scratch,1000,0.11144204437732697,0.00020824636158067733,0.9219970703125,0.0780029296875,2,737,427,0.093967005610466,0.31799760460853577,0.30641305446624756,0.3388608396053314,0.051579732630493424,0.00800608706569696,0.04357364556479676,0.07342096288015908
42,scratch,1020,0.11206218600273132,0.00020824636158067733,0.92108154296875,0.07891845703125,2,733,416,0.09462609142065048,0.31556427478790283,0.3073766827583313,0.3362727165222168,0.050978258205581994,0.007606236663104119,0.043372021542478226,0.07024833126456086
42,scratch,1040,0.11212024837732315,0.00020824636158067733,0.92108154296875,0.07891845703125,2,733,435,0.09445878118276596,0.31825265288352966,0.3071528673171997,0.33961236476898193,0.050344737185518795,0.007606236663104119,0.042738500522414985,0.06902650701635592
42,scratch,1060,0.11194799095392227,0.00020824636158067733,0.9205322265625,0.0794677734375,2,736,419,0.09429272264242172,0.3164616525173187,0.3068878650665283,0.33779340982437134,0.04912348135695055,0.007371869203975229,0.04175161215297557,0.06697540225399733
42,scratch,1080,0.11238448321819305,0.00020824636158067733,0.9202880859375,0.0797119140625,2,744,433,0.09452987462282181,0.31851908564567566,0.3073110580444336,0.34037548303604126,0.048155992620017685,0.007269031491798618,0.04088696112821941,0.06396299218726652
42,scratch,1100,0.11182904988527298,0.00020824636158067733,0.91900634765625,0.08099365234375,2,731,418,0.09397796541452408,0.31437885761260986,0.3063954710960388,0.3350101709365845,0.048401600896617936,0.006742411491885099,0.04165918940473333,0.06323208704383886
42,scratch,1120,0.11306500434875488,0.00020824636158067733,0.91845703125,0.08154296875,2,741,433,0.09489161521196365,0.31776031851768494,0.3077148199081421,0.3385713994503021,0.04714087334723871,0.006523492515834169,0.04061738083140481,0.06129752046512747
42,scratch,1140,0.11236238479614258,0.00020824636158067733,0.91827392578125,0.08172607421875,2,736,434,0.09423115104436874,0.3160848021507263,0.3067784011363983,0.33694544434547424,0.046482416365329016,0.006451416088515901,0.04003100027681335,0.059357680257785414
42,scratch,1160,0.11193852126598358,0.00020824636158067733,0.91815185546875,0.08184814453125,2,733,433,0.0936368778347969,0.317241907119751,0.30578720569610596,0.33813366293907166,0.04531409819247045,0.006403613390810952,0.03891048480165975,0.060049876499074326
42,scratch,1180,0.11154910922050476,0.00020824636158067733,0.9178466796875,0.0821533203125,2,734,436,0.09344011545181274,0.313869446516037,0.3055301308631897,0.3346007168292999,0.045026595221138166,0.0062849735693552705,0.038741621651783256,0.05865814246612443
42,scratch,1200,0.11179020255804062,0.00020824636158067733,0.91778564453125,0.08221435546875,2,737,423,0.09366024285554886,0.31418082118034363,0.30580949783325195,0.3341563045978546,0.04481663630286192,0.006261393951942019,0.03855524235092019,0.05882061192209674
42,scratch,1220,0.11262241005897522,0.00020824636158067733,0.916748046875,0.083251953125,2,741,436,0.0942193940281868,0.3152714967727661,0.3067936301231384,0.33593687415122986,0.04419367014707376,0.005868067149806259,0.038325602997267685,0.05662449068153817
42,scratch,1240,0.11268387734889984,0.00020824636158067733,0.91607666015625,0.08392333984375,2,734,420,0.0942104235291481,0.31433340907096863,0.3067491054534912,0.3352588415145874,0.04383800293435769,0.005621088590509211,0.03821691434384883,0.055740253753579036
42,scratch,1260,0.11234224587678909,0.00020824636158067733,0.91644287109375,0.08355712890625,2,740,437,0.09383334964513779,0.31534528732299805,0.3061641454696655,0.33609887957572937,0.04259317631731818,0.005755074597484436,0.03683810171983424,0.05515460969877038
42,scratch,1280,0.11285228282213211,0.00020824636158067733,0.9154052734375,0.0845947265625,2,740,425,0.09422227740287781,0.3144487738609314,0.30674120783805847,0.3355739712715149,0.04306496911959101,0.005379973237326936,0.03768499588226437,0.053910942902116385
42,scratch,1300,0.11252328753471375,0.00020824636158067733,0.91522216796875,0.08477783203125,2,737,419,0.09384762495756149,0.3141372501850128,0.3061237335205078,0.33506545424461365,0.04251482299223852,0.00531522651224824,0.03719959647999061,0.05350879243018879
42,scratch,1320,0.11252375692129135,0.00020824636158067733,0.9146728515625,0.0853271484375,2,736,427,0.09371747821569443,0.3141193985939026,0.30594122409820557,0.3349709212779999,0.04167137052791503,0.005123575619439651,0.036547794908475775,0.052144118389373925
42,scratch,1340,0.11296816170215607,0.00020824636158067733,0.9140625,0.0859375,2,737,438,0.0939844399690628,0.31488582491874695,0.3064408302307129,0.33672410249710083,0.04169481865829283,0.004915163748408974,0.03677965490988411,0.0496511310350297
42,scratch,1360,0.1134670078754425,0.00020824636158067733,0.9129638671875,0.0870361328125,2,734,440,0.09404788911342621,0.3171633780002594,0.30649664998054504,0.3391452431678772,0.04024461234148902,0.004551953036855832,0.03569265930463344,0.04846391792056691
42,scratch,1380,0.1130150631070137,0.00020824636158067733,0.9124755859375,0.0875244140625,2,740,438,0.09390247613191605,0.31227099895477295,0.30623167753219604,0.3333326280117035,0.040646313042820736,0.00439541219148876,0.03625090085133241,0.04806238019340979
42,scratch,1400,0.11316395550966263,0.00020824636158067733,0.91265869140625,0.08734130859375,2,742,439,0.0937722697854042,0.31579428911209106,0.3060322105884552,0.3375970125198364,0.039830896640346225,0.004453764356084973,0.03537713228426166,0.04700447611798607
42,scratch,1420,0.11290113627910614,0.00020824636158067733,0.91168212890625,0.08831787109375,2,740,434,0.09353035688400269,0.3128605782985687,0.30559781193733215,0.333697646856308,0.03926129307438231,0.004147393797318426,0.035113899277064035,0.04654040420541149
42,scratch,1440,0.11320926994085312,0.00020824636158067733,0.91131591796875,0.08868408203125,2,738,449,0.09378783404827118,0.31278350949287415,0.3060227036476135,0.33392614126205444,0.038646182475353896,0.004035564833538011,0.03461061764181612,0.045589076552682836
42,scratch,1460,0.11365719139575958,0.00020824636158067733,0.9111328125,0.0888671875,2,744,454,0.0938844308257103,0.31638234853744507,0.3061898648738861,0.33809134364128113,0.03854859016501422,0.003980273010015314,0.03456831715499916,0.04487616417577099
42,scratch,1480,0.11356857419013977,0.00020824636158067733,0.91070556640625,0.08929443359375,2,734,451,0.09399136155843735,0.31323474645614624,0.3063806891441345,0.3345705270767212,0.03776361380442239,0.003852867722101583,0.03391074608232111,0.04337914101892691
42,scratch,1500,0.11332046240568161,0.00020824636158067733,0.9112548828125,0.0887451171875,2,734,443,0.09393090754747391,0.31241679191589355,0.3062330186367035,0.3331727385520935,0.03755270768015606,0.004017088169719789,0.03353561951043661,0.04326476603568606
42,scratch,1520,0.1129101812839508,0.00020824636158067733,0.91058349609375,0.08941650390625,2,736,449,0.09339818358421326,0.3116128742694855,0.3053719103336334,0.3324665427207947,0.03702713324019413,0.0038168789236250195,0.03321025431656944,0.04156021506173145
42,scratch,1540,0.1135023757815361,0.00020824636158067733,0.91009521484375,0.08990478515625,2,732,445,0.09385369718074799,0.31240352988243103,0.30605340003967285,0.3328239619731903,0.037736278515517085,0.003674751616303113,0.0340615268992143,0.04192388868363649
42,scratch,1560,0.11369465291500092,0.00020824636158067733,0.90960693359375,0.09039306640625,2,736,447,0.09404598921537399,0.31141501665115356,0.3063993453979492,0.3317100405693054,0.0373551636083036,0.0035355381939414857,0.03381962541436235,0.04045875051928759
42,scratch,1580,0.11432002484798431,0.00020824636158067733,0.90850830078125,0.09149169921875,2,740,458,0.09429701417684555,0.313147634267807,0.30678290128707886,0.33367034792900085,0.035799420039261065,0.003232888663428156,0.032566531375833055,0.03908236432584543
42,scratch,1600,0.1133478432893753,0.00020824636158067733,0.9090576171875,0.0909423828125,2,740,451,0.09351427853107452,0.31160369515419006,0.30554741621017456,0.3321950137615204,0.035777924608559886,0.003382388441545217,0.03239553616701489,0.038296644569750224
42,scratch,1620,0.11351562291383743,0.00020824636158067733,0.907958984375,0.092041015625,2,741,447,0.09369336068630219,0.3090565800666809,0.30585455894470215,0.3288786709308624,0.035518949710244385,0.0030870191385371955,0.03243193057170747,0.037014401438905206
42,scratch,1640,0.11319835484027863,0.00020824636158067733,0.90814208984375,0.09185791015625,2,738,446,0.09341520071029663,0.30878207087516785,0.30542269349098206,0.3282496929168701,0.03525244013217588,0.0031352401595375334,0.03211719997263869,0.03640299065704765
42,scratch,1660,0.11309584975242615,0.00020824636158067733,0.9093017578125,0.0906982421875,2,741,439,0.09344355762004852,0.3101215064525604,0.3055477440357208,0.3293468654155731,0.03411148820014631,0.0034500032030404526,0.030661484997105984,0.0359955173710159
42,scratch,1680,0.11341299116611481,0.00020824636158067733,0.90771484375,0.09228515625,2,739,449,0.0935317799448967,0.30896419286727905,0.3057178854942322,0.3282630741596222,0.03453052169134452,0.0030233484008183632,0.03150717329052641,0.03350780673758434
42,scratch,1700,0.1143987849354744,0.00020824636158067733,0.90606689453125,0.09393310546875,2,733,463,0.09404467791318893,0.31073182821273804,0.3064614534378052,0.3309481143951416,0.03350129665778212,0.002612098120107577,0.03088919853767489,0.03154191576436004
42,scratch,1720,0.11340725421905518,0.00020824636158067733,0.90631103515625,0.09368896484375,2,737,459,0.0929344967007637,0.31145286560058594,0.30467668175697327,0.3314058184623718,0.03331945937025438,0.0026709984179911356,0.030648460952263527,0.032029593517331686
42,scratch,1740,0.11377077549695969,0.00020824636158067733,0.90570068359375,0.09429931640625,2,738,459,0.09337954223155975,0.3096189498901367,0.3054165542125702,0.3296213746070862,0.03310777855295299,0.002525060279782859,0.030582718273170356,0.029971860961491056
42,scratch,1760,0.11354531347751617,0.00020824636158067733,0.90545654296875,0.09454345703125,2,741,454,0.0932614803314209,0.3078065514564514,0.3052336871623993,0.3269948661327362,0.03259527740811308,0.002467907753956222,0.030127369654157056,0.02933551193677429
42,scratch,1780,0.11403297632932663,0.00020824636158067733,0.90496826171875,0.09503173828125,2,744,466,0.09340269863605499,0.3104909360408783,0.3054247796535492,0.330120712518692,0.03240387951591828,0.0023556899243599577,0.030048189591558618,0.028556019498178084
42,scratch,1800,0.11377552151679993,0.00020824636158067733,0.90679931640625,0.09320068359375,2,747,464,0.09367521107196808,0.30934199690818787,0.30595099925994873,0.32882216572761536,0.030994253517569348,0.0027909065502335073,0.028203346967336174,0.02725441169718122
42,scratch,1820,0.11362158507108688,0.00020824636158067733,0.9058837890625,0.0941162109375,2,746,463,0.09327349066734314,0.309475302696228,0.30521565675735474,0.3287374973297119,0.030732035517580414,0.0025683825762012995,0.02816365294137946,0.02614576666496303
42,scratch,1840,0.11357760429382324,0.00020824636158067733,0.9053955078125,0.0946044921875,2,740,458,0.09335900843143463,0.3070760667324066,0.30541810393333435,0.3257542848587036,0.030187097367893045,0.002453728478511507,0.027733368889381868,0.02547397446437115
42,scratch,1860,0.11409474164247513,0.00020824636158067733,0.90380859375,0.09619140625,2,743,459,0.09344199299812317,0.30814656615257263,0.3055514395236969,0.3273191452026367,0.028911145288297746,0.002100260152540053,0.02681088513575805,0.02432336328751715
42,scratch,1880,0.11503654718399048,0.00020824636158067733,0.90179443359375,0.09820556640625,2,739,464,0.09383972734212875,0.3096809387207031,0.3061369061470032,0.3292977809906006,0.02914055293950213,0.0016932885206386722,0.027447264418863825,0.02351792052763356
42,scratch,1900,0.11482623219490051,0.00020824636158067733,0.901611328125,0.098388671875,2,742,469,0.09361852705478668,0.3091687262058258,0.3057781159877777,0.3288143575191498,0.027913375008942864,0.0016585752999527421,0.026254799708990417,0.022501721790144966
42,scratch,1920,0.11494828015565872,0.00020824636158067733,0.9017333984375,0.0982666015625,2,743,474,0.0935608297586441,0.3112080693244934,0.30567097663879395,0.3311070203781128,0.02782660377197743,0.0016816754135354425,0.02614492835844246,0.022654418128918205
42,scratch,1940,0.11441749334335327,0.00020824636158067733,0.9012451171875,0.0987548828125,2,738,461,0.09331338107585907,0.3070153295993805,0.30535247921943665,0.3260681927204132,0.02739882039605135,0.0015902820937024366,0.025808538302349235,0.02138781861980986
42,scratch,1960,0.11462147533893585,0.00020824636158067733,0.90179443359375,0.09820556640625,2,741,484,0.09327758848667145,0.31061649322509766,0.30529099702835083,0.3305172026157379,0.02658681175380906,0.0016932885206386722,0.024893523233170727,0.02097382777105393
42,scratch,1980,0.11379969120025635,0.00020824636158067733,0.901611328125,0.098388671875,2,733,468,0.09263937920331955,0.30770790576934814,0.3042425215244293,0.326585978269577,0.026015087017007943,0.0016585752999527421,0.02435651171705557,0.0206328967553827
42,scratch,2000,0.11428903788328171,0.00020824636158067733,0.90093994140625,0.09906005859375,2,739,471,0.0930689200758934,0.3072836697101593,0.3049403727054596,0.3261260986328125,0.026290894144771926,0.0015345223440694639,0.024756371800702743,0.02020620594088994
42,mle,0,0.7616021633148193,0.00020824636158067733,0.49444580078125,0.50555419921875,2,1327,1137,0.7463897466659546,0.7764802575111389,0.7188590168952942,0.6498392224311829,5.246317572783305,0.4553075778534226,4.791009994929882,1.4268085882879358
42,mle,100,0.12232309579849243,0.00020824636158067733,0.89794921875,0.10205078125,2,768,512,0.09845641255378723,0.332327276468277,0.31318047642707825,0.3616620898246765,0.05021068770729897,0.0010428630835054142,0.049167824623793904,0.038068340553986654
42,mle,200,0.12108419835567474,0.00020824636158067733,0.8834228515625,0.1165771484375,2,749,501,0.09568524360656738,0.31355759501457214,0.30897632241249084,0.3352194130420685,0.03649200613727288,1.0962104808715195e-07,0.03649189651622507,0.02386531416527303
42,mle,300,0.11996296048164368,0.00020824636158067733,0.87945556640625,0.12054443359375,2,739,513,0.09312739968299866,0.31574705243110657,0.3049880564212799,0.33876895904541016,0.03281664730894107,8.157386195699595e-05,0.03273507344698435,0.020914423142353353
42,mle,400,0.11681336164474487,0.00020824636158067733,0.88330078125,0.11669921875,2,740,495,0.09176063537597656,0.3064383864402771,0.3026683032512665,0.3243784010410309,0.023235908168139474,3.600842914774742e-07,0.023235548083848166,0.015647400841085055
42,mle,500,0.11929626762866974,0.00020824636158067733,0.88018798828125,0.11981201171875,2,752,523,0.09315088391304016,0.31137096881866455,0.30413851141929626,0.33263030648231506,0.022249195503540875,5.5232331954944546e-05,0.022193963171586006,0.020536851109904983
42,mle,600,0.11609680950641632,0.00020824636158067733,0.885009765625,0.114990234375,2,755,492,0.09154300391674042,0.305072546005249,0.3023447096347809,0.32206276059150696,0.02180900466628799,1.0068583476220477e-05,0.021798936082812116,0.016883607030872536
42,mle,700,0.12137384712696075,0.00020824636158067733,0.8856201171875,0.1143798828125,2,768,519,0.09639565646648407,0.3147749900817871,0.309888631105423,0.3383626937866211,0.03131434416064138,2.047192719925508e-05,0.03129387223344239,0.020519765204194282
42,mle,800,0.11875244230031967,0.00020824636158067733,0.87738037109375,0.12261962890625,2,750,498,0.09358573704957962,0.29882776737213135,0.3054765462875366,0.3143354058265686,0.012880912971745317,0.00018360037328457243,0.012697312598461064,0.01109697138712816
42,mle,900,0.11564154922962189,0.00020824636158067733,0.8824462890625,0.1175537109375,2,738,499,0.09091421961784363,0.30126339197158813,0.3015027344226837,0.3170327842235565,0.01377221029979836,6.153643083638702e-06,0.01376605665671495,0.012030126768190694
42,mle,1000,0.12475623190402985,0.00020824636158067733,0.872802734375,0.127197265625,2,755,557,0.09664160758256912,0.31767329573631287,0.3102474808692932,0.33711105585098267,0.028146481640582977,0.0005493889178067712,0.027597092722776405,0.02222204668327775
42,mle,1100,0.11448949575424194,0.00020824636158067733,0.88519287109375,0.11480712890625,2,751,489,0.09083184599876404,0.29689621925354004,0.30130934715270996,0.3109913170337677,0.010083990135903775,1.2804453208918251e-05,0.010071185682695164,0.008316916021835805
42,mle,1200,0.11339069902896881,0.00020824636158067733,0.88409423828125,0.11590576171875,2,732,480,0.0897793173789978,0.29349130392074585,0.2994934618473053,0.30466318130493164,0.01589338661215578,1.3219412643131114e-06,0.015892064670891812,0.013061316568605416
42,mle,1300,0.11474074423313141,0.00020824636158067733,0.88360595703125,0.11639404296875,2,739,516,0.09021712839603424,0.3009117841720581,0.3002221882343292,0.3173409402370453,0.011793493985173598,5.260820317814748e-09,0.011793488724353447,0.010190352325703297
42,mle,1400,0.12006406486034393,0.00020824636158067733,0.88153076171875,0.11846923828125,2,757,509,0.09562061727046967,0.30194801092147827,0.3090118169784546,0.3181360363960266,0.012799608274512764,2.0170707567902617e-05,0.01277943756694518,0.01272091828399878
42,mle,1500,0.11656217277050018,0.00020824636158067733,0.8818359375,0.1181640625,2,736,501,0.09231312572956085,0.2975282371044159,0.30281901359558105,0.3087783455848694,0.013011811796609152,1.4603911402492073e-05,0.012997207885207097,0.01445439689382054
42,mle,1600,0.12034210562705994,0.00020824636158067733,0.8797607421875,0.1202392578125,2,757,544,0.09426876902580261,0.31111422181129456,0.30687832832336426,0.3313086926937103,0.015995987222417796,6.998175039044877e-05,0.01592600547202774,0.011904057662145515
42,mle,1700,0.11743717640638351,0.00020824636158067733,0.8809814453125,0.1190185546875,2,751,515,0.09305637329816818,0.2979051470756531,0.3048313856124878,0.31272169947624207,0.014512594549891844,3.243689190030865e-05,0.014480157657991845,0.010386134433470015
42,mle,1800,0.12055274099111557,0.00020824636158067733,0.88031005859375,0.11968994140625,2,762,507,0.09674616903066635,0.2956482470035553,0.31050243973731995,0.30926817655563354,0.010481499176243858,5.13359062611937e-05,0.010430163269982867,0.009610728827506118
42,mle,1900,0.11953267455101013,0.00020824636158067733,0.880859375,0.119140625,2,763,495,0.09606174379587173,0.29306358098983765,0.3094133138656616,0.304582417011261,0.009110652474923597,3.555393125569692e-05,0.0090750985436682,0.009940297511316185
42,mle,2000,0.11252889037132263,0.00020824636158067733,0.881591796875,0.118408203125,2,721,461,0.08915282040834427,0.2865721583366394,0.2979501485824585,0.29042142629623413,0.01697851327917732,1.8985942325923898e-05,0.01695952733685162,0.01558789739760412
42,mle,2100,0.11777785420417786,0.00020824636158067733,0.8792724609375,0.1207275390625,2,744,527,0.09211821109056473,0.30465999245643616,0.30330121517181396,0.3226602375507355,0.012119163927131638,8.895092940746589e-05,0.012030212997724377,0.008772565991644096
42,mle,2200,0.11245245486497879,0.00020824636158067733,0.88494873046875,0.11505126953125,2,738,460,0.08959998190402985,0.2882286012172699,0.29928305745124817,0.2964550256729126,0.009122911313902193,9.22986126228125e-06,0.009113681452640125,0.0067591646813934675
42,mle,2300,0.11522805690765381,0.00020824636158067733,0.88055419921875,0.11944580078125,2,734,504,0.09038721770048141,0.2983546257019043,0.3005918562412262,0.3129419684410095,0.01483613778764692,4.3967455288231386e-05,0.014792170332358905,0.01127154893878922
42,mle,2400,0.1199742779135704,0.00020824636158067733,0.8765869140625,0.1234130859375,2,759,500,0.09505145996809006,0.2969977855682373,0.3067055642604828,0.3094022572040558,0.016596827540347192,0.00023322104388373826,0.016363606496463616,0.01565190832593087
42,mle,2500,0.11684409528970718,0.00020824636158067733,0.88232421875,0.11767578125,2,744,532,0.09102437645196915,0.3104385435581207,0.30143633484840393,0.3234766721725464,0.016883549532217046,7.55691922492115e-06,0.016875992612992607,0.014328727135984973
42,mle,2600,0.11644425988197327,0.00020824636158067733,0.88128662109375,0.11871337890625,2,750,474,0.09329305589199066,0.2883107662200928,0.30522051453590393,0.2966311275959015,0.009660079039171876,2.5266321090465765e-05,0.009634812718081788,0.006288333753441275
42,mle,2700,0.11866357922554016,0.00020824636158067733,0.8802490234375,0.1197509765625,2,741,514,0.09435336291790009,0.297359824180603,0.30658456683158875,0.31177178025245667,0.01620810890090496,5.326644874281477e-05,0.0161548424521623,0.014630496022841707
42,mle,2800,0.1131090596318245,0.00020824636158067733,0.88372802734375,0.11627197265625,2,745,474,0.08972449600696564,0.2908441424369812,0.2993919551372528,0.30112993717193604,0.009801322151183456,1.1676919338521178e-07,0.009801205381990453,0.0070077571228875785
42,mle,2900,0.11226056516170502,0.00020824636158067733,0.88262939453125,0.11737060546875,2,734,483,0.08863962441682816,0.28989049792289734,0.2976529598236084,0.29954636096954346,0.00840266798041256,4.3181068113155516e-06,0.008398349873601753,0.007330165718708467
42,mle,3000,0.11448119580745697,0.00020824636158067733,0.88299560546875,0.11700439453125,2,740,468,0.09172917157411575,0.28618353605270386,0.3028198182582855,0.29332754015922546,0.008794453610612152,1.6183991253845408e-06,0.008792835211486988,0.009171481303605997
42,mle,3100,0.11761727929115295,0.00020824636158067733,0.88330078125,0.11669921875,2,749,504,0.09382296353578568,0.29771730303764343,0.30608069896698,0.3122265636920929,0.010868587771987848,3.600842914774742e-07,0.010868227687696509,0.01000008405503193
42,mle,3200,0.11536174267530441,0.00020824636158067733,0.88323974609375,0.11676025390625,2,737,476,0.09217704832553864,0.29074379801750183,0.3033866286277771,0.30072349309921265,0.011492287733567252,5.395335489349895e-07,0.011491748200018729,0.00966870820524944
42,mle,3300,0.1184474378824234,0.00020824636158067733,0.87933349609375,0.12066650390625,2,752,508,0.0940917581319809,0.29593467712402344,0.3059923052787781,0.30885201692581177,0.010680964242787638,8.64567927064486e-05,0.01059450745008159,0.010398775194739737
42,mle,3400,0.11734628677368164,0.00020824636158067733,0.8814697265625,0.1185302734375,2,746,493,0.09351401031017303,0.29457888007164,0.30505144596099854,0.30502352118492126,0.010056848405660901,2.139114395656276e-05,0.010035457261704451,0.012001864533199277
42,mle,3500,0.11402164399623871,0.00020824636158067733,0.8829345703125,0.1170654296875,2,727,470,0.09108907729387283,0.28698432445526123,0.3017033636569977,0.29483845829963684,0.0075835596551812046,1.9783008966670936e-06,0.007581581354284738,0.006371131349847001
42,mle,3600,0.1190018504858017,0.00020824636158067733,0.88189697265625,0.11810302734375,2,759,506,0.09511972963809967,0.2973340153694153,0.3082760274410248,0.3103271424770355,0.009186234907978985,1.359774097399913e-05,0.009172637167005449,0.00772219953182228
42,mle,3700,0.11688409000635147,0.00020824636158067733,0.88201904296875,0.11798095703125,2,758,482,0.09359239041805267,0.2910114824771881,0.30592572689056396,0.3013942241668701,0.009804949787216799,1.169271682343459e-05,0.009793257070393607,0.008709066745036562
42,mle,3800,0.11259406805038452,0.00020824636158067733,0.881591796875,0.118408203125,2,730,486,0.08856354653835297,0.2915099859237671,0.29752665758132935,0.30134111642837524,0.007677481685099963,1.8985942325923898e-05,0.007658495742774468,0.006495769245925639
42,mle,3900,0.11556106805801392,0.00020824636158067733,0.88104248046875,0.11895751953125,2,746,502,0.09123053401708603,0.29576191306114197,0.30203866958618164,0.30876070261001587,0.008784957594620835,3.093165732250512e-05,0.00875402593729856,0.006352806719628443
42,mle,4000,0.11848363280296326,0.00020824636158067733,0.8800048828125,0.1199951171875,2,746,499,0.0944032296538353,0.29508140683174133,0.304093599319458,0.3074910640716553,0.020750292406596316,6.134187051487971e-05,0.02068895053608183,0.02317243061520001
42,mle,4100,0.11848846822977066,0.00020824636158067733,0.8817138671875,0.1182861328125,2,755,498,0.09463565051555634,0.29628920555114746,0.3072502613067627,0.309964120388031,0.009689521067052453,1.6723488964066023e-05,0.009672797578088645,0.009200732304857392
42,mle,4200,0.11741547286510468,0.00020824636158067733,0.87957763671875,0.12042236328125,2,752,473,0.09428020566701889,0.2863980531692505,0.30691999197006226,0.29305291175842285,0.008822467575377857,7.683149035538506e-05,0.008745636085022681,0.006659498082849477
42,mle,4300,0.114145927131176,0.00020824636158067733,0.88189697265625,0.11810302734375,2,732,472,0.09097596257925034,0.28716039657592773,0.30126234889030457,0.2947281301021576,0.008539519342598112,1.359774097399913e-05,0.008525921601624494,0.0068570143932856625
42,mle,4400,0.1206035390496254,0.00020824636158067733,0.88323974609375,0.11676025390625,2,768,482,0.09818638116121292,0.2901794910430908,0.3133297264575958,0.30014553666114807,0.015163897017195893,5.395335489349895e-07,0.015163357483647293,0.013301071530117933
42,mle,4500,0.11546795070171356,0.00020824636158067733,0.8826904296875,0.1173095703125,2,742,478,0.09239837527275085,0.28905391693115234,0.30360186100006104,0.29823869466781616,0.007907494223040601,3.778160237667065e-06,0.00790371606280335,0.006497514282495995
42,mle,4600,0.11771530658006668,0.00020824636158067733,0.88250732421875,0.11749267578125,2,760,484,0.09467743337154388,0.2907566726207733,0.30702587962150574,0.30012765526771545,0.012113936097016165,5.505864430475817e-06,0.012108430232586126,0.011411966189593822
42,mle,4700,0.11424048990011215,0.00020824636158067733,0.88262939453125,0.11737060546875,2,742,498,0.09027432650327682,0.294466495513916,0.3004465103149414,0.30588555335998535,0.007149222922457454,4.3181068113155516e-06,0.007144904815646545,0.006121704225047306
42,mle,4800,0.11867110431194305,0.00020824636158067733,0.8826904296875,0.1173095703125,2,762,481,0.09600633382797241,0.2892112135887146,0.3088855743408203,0.29864075779914856,0.010347160278620038,3.778160237667065e-06,0.010343382118382786,0.011208822100566049
42,mle,4900,0.11765559017658234,0.00020824636158067733,0.879150390625,0.120849609375,2,753,489,0.09396025538444519,0.29003316164016724,0.3061777949333191,0.29993265867233276,0.007380013140213748,9.404446889246104e-05,0.00728596867132151,0.00601424445016617
42,mle,5000,0.11558979004621506,0.00020824636158067733,0.8829345703125,0.1170654296875,2,746,478,0.09231927245855331,0.29110148549079895,0.3038276731967926,0.3000856637954712,0.009637731128172788,1.9783008966670936e-06,0.009635752827276387,0.007585830296416116
42,warm,0,0.11558979004621506,0.00020824636158067733,0.8829345703125,0.1170654296875,2,746,478,0.09231927245855331,0.29110148549079895,0.3038276731967926,0.3000856637954712,0.009637731128172788,1.9783008966670936e-06,0.009635752827276387,0.007585830296416116
42,warm,20,0.11359098553657532,0.00020824636158067733,0.8837890625,0.1162109375,2,739,483,0.09059541672468185,0.28847330808639526,0.30094626545906067,0.2973328232765198,0.005807140526307819,2.268974402916033e-07,0.005806913628867823,0.0044086381396891555
42,warm,40,0.11381106078624725,0.00020824636158067733,0.8834228515625,0.1165771484375,2,735,475,0.09088525176048279,0.2875431478023529,0.3013700544834137,0.295733779668808,0.005609373431802567,1.0962104808715195e-07,0.005609263810754585,0.00408606027599033
42,warm,60,0.11362602561712265,0.00020824636158067733,0.88372802734375,0.11627197265625,2,738,477,0.09063456952571869,0.288373202085495,0.30101436376571655,0.2972407639026642,0.005243388751118516,1.1676919338521178e-07,0.00524327198192523,0.003886790794463177
42,warm,80,0.11406965553760529,0.00020824636158067733,0.8834228515625,0.1165771484375,2,738,475,0.09113985300064087,0.2878318727016449,0.3018248677253723,0.2963085472583771,0.005332760975583994,1.0962104808715195e-07,0.005332651354536079,0.003985736098225043
42,warm,100,0.11404792219400406,0.00020824636158067733,0.8829345703125,0.1170654296875,2,730,477,0.0909547358751297,0.288222074508667,0.30151715874671936,0.2969503700733185,0.005419741039808912,1.9783008966670936e-06,0.005417762738912582,0.004099297425677814
42,warm,120,0.11391247808933258,0.00020824636158067733,0.88311767578125,0.11688232421875,2,731,470,0.09101307392120361,0.28693142533302307,0.30159467458724976,0.29475975036621094,0.0048386041788077705,1.0067853577531787e-06,0.004837597393450257,0.004045578805057612
42,warm,140,0.11276079714298248,0.00020824636158067733,0.88323974609375,0.11676025390625,2,725,469,0.08976661413908005,0.28670167922973633,0.2995600402355194,0.29439884424209595,0.005092730117034705,5.395335489349895e-07,0.0050921905834859236,0.004215579903070629
42,warm,160,0.11313444375991821,0.00020824636158067733,0.88372802734375,0.11627197265625,2,737,481,0.0900469496846199,0.288611501455307,0.3000313341617584,0.2975085973739624,0.003933820710521729,1.1676919338521178e-07,0.003933703941328372,0.00402298059020266
42,warm,180,0.11404997110366821,0.00020824636158067733,0.8834228515625,0.1165771484375,2,735,477,0.0910329818725586,0.2884729206562042,0.3016614019870758,0.2973753809928894,0.004746911094848372,1.0962104808715195e-07,0.004746801473800547,0.0040816694247450686
42,warm,200,0.11371401697397232,0.00020824636158067733,0.88336181640625,0.11663818359375,2,736,476,0.09078013896942139,0.2874041497707367,0.3012261986732483,0.29556751251220703,0.0046455117269985635,2.167746535204336e-07,0.004645294952345284,0.004047083203881793
42,warm,220,0.11361102759838104,0.00020824636158067733,0.8839111328125,0.1160888671875,2,733,470,0.09082164615392685,0.2871313989162445,0.3012780249118805,0.2951097786426544,0.005070866300961541,5.559847367119972e-07,0.005070310316225109,0.003995905209417269
42,warm,240,0.11335766315460205,0.00020824636158067733,0.8839111328125,0.1160888671875,2,731,472,0.09052996337413788,0.2871699333190918,0.30082428455352783,0.2951837182044983,0.004245283221102625,5.559847367119972e-07,0.0042447272363662965,0.004067980001532287
42,warm,260,0.11318407207727432,0.00020824636158067733,0.8836669921875,0.1163330078125,2,730,465,0.09033352881669998,0.28675708174705505,0.30049264430999756,0.2945089042186737,0.0038872369448696986,4.289582626115036e-08,0.0038871940490436225,0.004104899134513271
42,warm,280,0.11328153312206268,0.00020824636158067733,0.88421630859375,0.11578369140625,2,731,473,0.09051120281219482,0.287173867225647,0.3007727861404419,0.29519712924957275,0.004465886530674368,2.0143230913347715e-06,0.004463872207583298,0.004153874660228193
42,warm,300,0.11354643851518631,0.00020824636158067733,0.8839111328125,0.1160888671875,2,734,472,0.09067243337631226,0.2877112627029419,0.30106282234191895,0.29605376720428467,0.003840433980080604,5.559847367119972e-07,0.0038398779953442122,0.003961338546328061
42,warm,320,0.11388485878705978,0.00020824636158067733,0.88385009765625,0.11614990234375,2,735,473,0.0910303145647049,0.2877978980541229,0.30163097381591797,0.2962210178375244,0.0037860466989556585,3.732971035144976e-07,0.003785673401852551,0.004139649573739898
42,warm,340,0.1126457154750824,0.00020824636158067733,0.8841552734375,0.1158447265625,2,727,465,0.08988888561725616,0.2863314747810364,0.29975801706314087,0.29366907477378845,0.004090251078018525,1.6499466741831063e-06,0.0040886011313447206,0.004526504243808613
42,warm,360,0.11410118639469147,0.00020824636158067733,0.8837890625,0.1162109375,2,739,472,0.09118006378412247,0.2884173095226288,0.3018478751182556,0.29717308282852173,0.004258818972452616,2.268974402916033e-07,0.004258592075012533,0.004253332118646522
42,warm,380,0.11411415785551071,0.00020824636158067733,0.88372802734375,0.11627197265625,2,731,479,0.09115004539489746,0.28865349292755127,0.30182141065597534,0.2976610064506531,0.004163883667210655,1.1676919338521178e-07,0.0041637668980173586,0.004308307879223303
42,warm,400,0.11369020491838455,0.00020824636158067733,0.8836669921875,0.1163330078125,2,734,465,0.09085898846387863,0.28711631894111633,0.3013487160205841,0.29508718848228455,0.004280735481010822,4.289582626115036e-08,0.0042806925851847505,0.004119681100969483
42,warm,420,0.11346384882926941,0.00020824636158067733,0.88360595703125,0.11639404296875,2,731,467,0.09057656675577164,0.2872127294540405,0.30086398124694824,0.2952879071235657,0.004143100600053629,5.260820317814748e-09,0.004143095339233455,0.004043574271458947
42,warm,440,0.11274392157793045,0.00020824636158067733,0.884521484375,0.115478515625,2,731,479,0.08986301720142365,0.2880028784275055,0.29973259568214417,0.29657021164894104,0.0038869175594342664,4.382354048857546e-06,0.0038825352053857344,0.004035286220864673
42,warm,460,0.11392302811145782,0.00020824636158067733,0.884033203125,0.115966796875,2,734,478,0.09104491770267487,0.28832635283470154,0.3016550540924072,0.29707545042037964,0.003995123232748199,1.030290218628218e-06,0.003994092942529885,0.003887565029112902
42,warm,480,0.11331439018249512,0.00020824636158067733,0.88409423828125,0.11590576171875,2,733,476,0.09049198031425476,0.28739678859710693,0.3007664978504181,0.29559382796287537,0.004111148803353615,1.3219412643131114e-06,0.0041098268620896,0.003863212595429086
42,warm,500,0.11331414431333542,0.00020824636158067733,0.8839111328125,0.1160888671875,2,733,470,0.09038127958774567,0.28792712092399597,0.3005865514278412,0.2965134382247925,0.004164137478078089,5.559847367119972e-07,0.004163581493341692,0.003971303217663244
42,warm,520,0.11337680369615555,0.00020824636158067733,0.8836669921875,0.1163330078125,2,731,475,0.09042219072580338,0.28774040937423706,0.3006437122821808,0.29609987139701843,0.004172834495697941,4.289582626115036e-08,0.004172791599871989,0.003955709436236229
42,warm,540,0.11370620876550674,0.00020824636158067733,0.88360595703125,0.11639404296875,2,729,472,0.09071777760982513,0.2882230579853058,0.3011541962623596,0.2969045042991638,0.004000485235160056,5.260820317814748e-09,0.004000479974339815,0.003923976271148585
42,warm,560,0.11350348591804504,0.00020824636158067733,0.8839111328125,0.1160888671875,2,729,468,0.09061601758003235,0.28777074813842773,0.3009239733219147,0.296176940202713,0.003509065504481157,5.559847367119972e-07,0.0035085095197448786,0.00390313815409625
42,warm,580,0.11337675899267197,0.00020824636158067733,0.88427734375,0.11572265625,2,731,477,0.09043603390455246,0.28867483139038086,0.3006642162799835,0.29772308468818665,0.00361146920550226,2.4150871767717385e-06,0.003609054118325872,0.0038500946550311527
42,warm,600,0.11338938772678375,0.00020824636158067733,0.8834228515625,0.1165771484375,2,731,471,0.0903843343257904,0.2877219617366791,0.3005671799182892,0.2960675060749054,0.0036612757619920444,1.0962104808715195e-07,0.003661166140944199,0.003811303410880082
42,warm,620,0.11362592875957489,0.00020824636158067733,0.88372802734375,0.11627197265625,2,737,470,0.09076925367116928,0.2873486578464508,0.3011999726295471,0.2954805791378021,0.004076797861493731,1.1676919338521178e-07,0.00407668109230061,0.00401195880226167
42,warm,640,0.11381592601537704,0.00020824636158067733,0.8836669921875,0.1163330078125,2,736,471,0.09092866629362106,0.2876678705215454,0.30147480964660645,0.29589080810546875,0.0037529238623434935,4.289582626115036e-08,0.0037528809665174634,0.004114443350085803
42,warm,660,0.11326530575752258,0.00020824636158067733,0.8836669921875,0.1163330078125,2,736,466,0.0902383103966713,0.28817877173423767,0.30034616589546204,0.29686498641967773,0.00386925150160522,4.289582626115036e-08,0.0038692086057791277,0.0037473769200414425
42,warm,680,0.11356812715530396,0.00020824636158067733,0.883544921875,0.116455078125,2,735,472,0.09061682224273682,0.28769972920417786,0.3009636104106903,0.2961234152317047,0.0038154466790771835,3.847674695552756e-09,0.0038154428314027887,0.003773215482619871
42,warm,700,0.1131725162267685,0.00020824636158067733,0.8831787109375,0.1168212890625,2,731,470,0.09021220356225967,0.28675439953804016,0.30030250549316406,0.29447588324546814,0.0041039729811060965,7.551060303742207e-07,0.004103217875076173,0.003759028864119482
42,warm,720,0.11321417987346649,0.00020824636158067733,0.88348388671875,0.11651611328125,2,733,474,0.0902470052242279,0.28736284375190735,0.30037766695022583,0.29551684856414795,0.004395325366935765,3.8639905732760745e-08,0.004395286727030222,0.003798867336849962
42,warm,740,0.11331483721733093,0.00020824636158067733,0.88360595703125,0.11639404296875,2,733,476,0.09022018313407898,0.28863799571990967,0.30031344294548035,0.2976105511188507,0.003991243768545871,5.260820317814748e-09,0.003991238507725658,0.003930673797408399
42,warm,760,0.11324386298656464,0.00020824636158067733,0.8836669921875,0.1163330078125,2,730,472,0.09014981985092163,0.2886664867401123,0.30018505454063416,0.2975878417491913,0.003871398665800996,4.289582626115036e-08,0.0038713557699749388,0.003820754981684313
42,warm,780,0.11404024809598923,0.00020824636158067733,0.88360595703125,0.11639404296875,2,733,471,0.09104689955711365,0.2885943651199341,0.3016282320022583,0.29751938581466675,0.004074737037448983,5.260820317814748e-09,0.004074731776628915,0.0038545840591222985
42,warm,800,0.11346818506717682,0.00020824636158067733,0.883544921875,0.116455078125,2,727,482,0.0901808887720108,0.29014891386032104,0.30024391412734985,0.29993921518325806,0.0038656865916024685,3.847674695552756e-09,0.0038656827439280963,0.0037975095995034097
42,warm,820,0.11321623623371124,0.00020824636158067733,0.88385009765625,0.11614990234375,2,725,473,0.09015625715255737,0.28869256377220154,0.30022093653678894,0.2977501153945923,0.0037900997638686817,3.732971035144976e-07,0.003789726466765574,0.0036476640391310683
42,warm,840,0.11356949061155319,0.00020824636158067733,0.88323974609375,0.11676025390625,2,730,470,0.09045903384685516,0.28838983178138733,0.30069008469581604,0.29712536931037903,0.004018974462091762,5.395335489349895e-07,0.004018434928543227,0.003757430278023985
42,warm,860,0.11353065818548203,0.00020824636158067733,0.88360595703125,0.11639404296875,2,732,464,0.09066811203956604,0.2870917320251465,0.30107927322387695,0.2950523793697357,0.004454535836707407,5.260820317814748e-09,0.004454530575887171,0.0035852842640860944
42,warm,880,0.11334259063005447,0.00020824636158067733,0.8836669921875,0.1163330078125,2,730,474,0.09033934026956558,0.28807562589645386,0.3005453944206238,0.2965812087059021,0.0040438278745611456,4.289582626115036e-08,0.0040437849787350955,0.003766823473820277
42,warm,900,0.11330384016036987,0.00020824636158067733,0.88372802734375,0.11627197265625,2,728,465,0.0904114693403244,0.28729796409606934,0.3006111681461334,0.2953779697418213,0.0037961250462146268,1.1676919338521178e-07,0.0037960082770213846,0.0037364909305733635
42,warm,920,0.11291174590587616,0.00020824636158067733,0.8839111328125,0.1160888671875,2,725,461,0.09013630449771881,0.28632599115371704,0.3001813292503357,0.2937900722026825,0.003949300466778993,5.559847367119972e-07,0.00394874448204261,0.003666385005312786
42,warm,940,0.11385735124349594,0.00020824636158067733,0.8831787109375,0.1168212890625,2,733,472,0.09083853662014008,0.2878815829753876,0.30129724740982056,0.29638421535491943,0.00375606360176306,7.551060303742207e-07,0.0037553084957330615,0.0035187804180577403
42,warm,960,0.11355344206094742,0.00020824636158067733,0.883544921875,0.116455078125,2,728,472,0.09069515019655228,0.28697943687438965,0.30109545588493347,0.2948496639728546,0.0038733640729375907,3.847674695552756e-09,0.00387336022526319,0.0035770376427944756
42,warm,980,0.11287641525268555,0.00020824636158067733,0.88385009765625,0.11614990234375,2,729,469,0.08992680162191391,0.2875129282474518,0.29975655674934387,0.29570844769477844,0.0037483037493117877,3.732971035144976e-07,0.003747930452208616,0.0037856020946901298
42,warm,1000,0.11379548907279968,0.00020824636158067733,0.88299560546875,0.11700439453125,2,730,471,0.09081535041332245,0.28721946477890015,0.30128392577171326,0.29512444138526917,0.0035571548876802694,1.6183991253845408e-06,0.00355553648855507,0.003740961293483433
42,warm,1020,0.11331099271774292,0.00020824636158067733,0.8834228515625,0.1165771484375,2,725,469,0.09042628109455109,0.2867315411567688,0.30066925287246704,0.29436731338500977,0.0033138835140604783,1.0962104808715195e-07,0.003313773893012609,0.0037159291252873844
42,warm,1040,0.11354977637529373,0.00020824636158067733,0.88360595703125,0.11639404296875,2,729,461,0.09068561345338821,0.2871231734752655,0.3010706901550293,0.2950960695743561,0.003805644123353602,5.260820317814748e-09,0.003805638862533373,0.003415519576487877
42,warm,1060,0.1134844720363617,0.00020824636158067733,0.88330078125,0.11669921875,2,728,463,0.09044387936592102,0.28787961602211,0.3006535470485687,0.29638782143592834,0.0040962443352370315,3.600842914774742e-07,0.004095884250945717,0.0035409657950776635
42,warm,1080,0.11337510496377945,0.00020824636158067733,0.88330078125,0.11669921875,2,727,469,0.0903775617480278,0.28744441270828247,0.3005378544330597,0.2956320345401764,0.004043137226112492,3.600842914774742e-07,0.004042777141821186,0.003541671570242197
42,warm,1100,0.11398866027593613,0.00020824636158067733,0.8834228515625,0.1165771484375,2,737,460,0.09117081761360168,0.2869024872779846,0.3018788695335388,0.29474520683288574,0.004065720157818475,1.0962104808715195e-07,0.004065610536770635,0.003594941548039951
42,warm,1120,0.1129179298877716,0.00020824636158067733,0.88348388671875,0.11651611328125,2,732,461,0.08993763476610184,0.2871660888195038,0.29986709356307983,0.29521602392196655,0.003805810171620294,3.8639905732760745e-08,0.00380577153171484,0.00350132226707954
42,warm,1140,0.11334238201379776,0.00020824636158067733,0.8831787109375,0.1168212890625,2,731,464,0.09032820910215378,0.2873314917087555,0.300478994846344,0.29548180103302,0.0041293289439678915,7.551060303742207e-07,0.004128573837937889,0.003611270921505802
42,warm,1160,0.11352032423019409,0.00020824636158067733,0.8831787109375,0.1168212890625,2,730,466,0.090497225522995,0.28757691383361816,0.3007591664791107,0.2958233952522278,0.0038109427958303854,7.551060303742207e-07,0.0038101876898004256,0.003663322467441485
42,warm,1180,0.11383406072854996,0.00020824636158067733,0.8831787109375,0.1168212890625,2,733,472,0.09081855416297913,0.28783324360847473,0.3012213706970215,0.29629555344581604,0.0037829705223018095,7.551060303742207e-07,0.003782215416271737,0.003688928170272429
42,warm,1200,0.11300445348024368,0.00020824636158067733,0.8841552734375,0.1158447265625,2,728,452,0.09048926830291748,0.28484588861465454,0.30079546570777893,0.29125717282295227,0.004047465787884619,1.6499466741831063e-06,0.004045815841210938,0.003951293432005495
42,warm,1220,0.11382361501455307,0.00020824636158067733,0.883544921875,0.116455078125,2,733,465,0.09109403192996979,0.2862730324268341,0.3017621338367462,0.2936270534992218,0.0033030924867532008,3.847674695552756e-09,0.003303088639078867,0.003731617843409349
42,warm,1240,0.1134633719921112,0.00020824636158067733,0.8839111328125,0.1160888671875,2,730,465,0.0906977504491806,0.28680291771888733,0.3010661005973816,0.2945275604724884,0.003459429671060832,5.559847367119972e-07,0.003458873686324368,0.003557577170108725
42,warm,1260,0.11293727904558182,0.00020824636158067733,0.8836669921875,0.1163330078125,2,732,463,0.09003537148237228,0.28690043091773987,0.3000313341617584,0.29473263025283813,0.003494373399739459,4.289582626115036e-08,0.003494330503913375,0.0035339102480474865
42,warm,1280,0.1129852682352066,0.00020824636158067733,0.8839111328125,0.1160888671875,2,727,469,0.09017105400562286,0.28669473528862,0.30017510056495667,0.2943809926509857,0.004284441184431387,5.559847367119972e-07,0.004283885199695126,0.00368457140688859
42,warm,1300,0.11334630846977234,0.00020824636158067733,0.8836669921875,0.1163330078125,2,726,458,0.09052074700593948,0.2867295444011688,0.3008193075656891,0.2943854033946991,0.003358233291514523,4.289582626115036e-08,0.003358190395688495,0.003544041946265661
42,warm,1320,0.11308272927999496,0.00020824636158067733,0.8837890625,0.1162109375,2,726,472,0.09002562612295151,0.2884330451488495,0.30002638697624207,0.29722923040390015,0.003992838411072341,2.268974402916033e-07,0.003992611513632225,0.003654727778889519
42,warm,1340,0.11277966946363449,0.00020824636158067733,0.88427734375,0.11572265625,2,724,462,0.09004415571689606,0.28650975227355957,0.2999723553657532,0.29394546151161194,0.0026636438859029,2.4150871767717385e-06,0.0026612287987263336,0.0038125173680282204
42,warm,1360,0.11363038420677185,0.00020824636158067733,0.88330078125,0.11669921875,2,729,465,0.09072395414113998,0.2870100438594818,0.30110859870910645,0.29485011100769043,0.003238365134897947,3.600842914774742e-07,0.0032380050506067067,0.0036970912344668067
42,warm,1380,0.11371952295303345,0.00020824636158067733,0.88372802734375,0.11627197265625,2,728,466,0.09085048735141754,0.28753626346588135,0.3013620674610138,0.2957984209060669,0.002810446200605554,1.1676919338521178e-07,0.0028103294314125522,0.0033779157395156106
42,warm,1400,0.1126442700624466,0.00020824636158067733,0.8839111328125,0.1160888671875,2,729,468,0.08979706466197968,0.28660494089126587,0.29961952567100525,0.2942623198032379,0.003994312974832326,5.559847367119972e-07,0.003993756990096029,0.003527100271862746
42,warm,1420,0.1134045347571373,0.00020824636158067733,0.88336181640625,0.11663818359375,2,726,465,0.0903887152671814,0.2877153754234314,0.30055898427963257,0.2960743308067322,0.0030741081944185566,2.167746535204336e-07,0.003073891419765285,0.003375339890449122
42,warm,1440,0.11382099986076355,0.00020824636158067733,0.88330078125,0.11669921875,2,732,465,0.09089823067188263,0.2873241603374481,0.301457941532135,0.2954522967338562,0.002931874231585141,3.600842914774742e-07,0.0029315141472939293,0.0033633291834530427
42,warm,1460,0.11355128884315491,0.00020824636158067733,0.8831787109375,0.1168212890625,2,724,470,0.09051252901554108,0.28772619366645813,0.30076587200164795,0.29610615968704224,0.0027017731961720415,7.551060303742207e-07,0.002701018090142074,0.0033586609508756554
42,warm,1480,0.11341775953769684,0.00020824636158067733,0.88336181640625,0.11663818359375,2,726,463,0.09052351862192154,0.2868078649044037,0.3008272051811218,0.29459744691848755,0.003399762081976121,2.167746535204336e-07,0.003399545307322887,0.003300889920178615
42,warm,1500,0.11350630223751068,0.00020824636158067733,0.8831787109375,0.1168212890625,2,726,466,0.0905308872461319,0.28720220923423767,0.3007790148258209,0.2952280044555664,0.003256985012562552,7.551060303742207e-07,0.0032562299065325494,0.003399759299322777
42,warm,1520,0.11384184658527374,0.00020824636158067733,0.88311767578125,0.11688232421875,2,727,472,0.09074738621711731,0.2883347272872925,0.3011459708213806,0.29709935188293457,0.0033646831296252344,1.0067853577531787e-06,0.003363676344267754,0.0034923901196134283
42,warm,1540,0.11397521197795868,0.00020824636158067733,0.88299560546875,0.11700439453125,2,725,467,0.09097651392221451,0.2875392735004425,0.3015132546424866,0.2956913113594055,0.003324674766922442,1.6183991253845408e-06,0.003323056367797209,0.0035328542592151096
42,warm,1560,0.1134403795003891,0.00020824636158067733,0.88348388671875,0.11651611328125,2,723,462,0.09057853370904922,0.2867903411388397,0.3009013831615448,0.29459333419799805,0.0037814086579643913,3.8639905732760745e-08,0.003781370018058926,0.0033537404390199116
42,warm,1580,0.11346344649791718,0.00020824636158067733,0.883544921875,0.116455078125,2,728,462,0.0907018780708313,0.2861555516719818,0.3011122941970825,0.2934035062789917,0.0036148551414996177,3.847674695552756e-09,0.0036148512938252615,0.0034191406677973463
42,warm,1600,0.11375835537910461,0.00020824636158067733,0.8831787109375,0.1168212890625,2,727,461,0.09088049829006195,0.2867169976234436,0.30139675736427307,0.29441720247268677,0.003438422235198857,7.551060303742207e-07,0.003437667129168839,0.0033697465344130068
42,warm,1620,0.11370132863521576,0.00020824636158067733,0.88311767578125,0.11688232421875,2,723,472,0.09058865904808044,0.28833162784576416,0.3008663058280945,0.29702162742614746,0.0035188099689591468,1.0067853577531787e-06,0.0035178031836016364,0.0035280697568350478
42,warm,1640,0.11361973732709885,0.00020824636158067733,0.883544921875,0.116455078125,2,727,466,0.09076344966888428,0.2870304584503174,0.30120569467544556,0.2949574291706085,0.003717782864264052,3.847674695552756e-09,0.0037177790165897197,0.0033220437992394908
42,warm,1660,0.11376902461051941,0.00020824636158067733,0.88336181640625,0.11663818359375,2,725,471,0.09081939607858658,0.2875785231590271,0.30131155252456665,0.29586899280548096,0.003481031428968606,2.167746535204336e-07,0.003480814654315339,0.0033801002657537355
42,warm,1680,0.11317837983369827,0.00020824636158067733,0.88372802734375,0.11627197265625,2,724,479,0.09026563167572021,0.28732722997665405,0.3004016578197479,0.2953723073005676,0.0036660268568127208,1.1676919338521178e-07,0.0036659100876195493,0.0034748630507647066
42,warm,1700,0.11385464668273926,0.00020824636158067733,0.88330078125,0.11669921875,2,725,469,0.09098371118307114,0.28696560859680176,0.3015582859516144,0.29472553730010986,0.003185686918008912,3.600842914774742e-07,0.0031853268337176735,0.003631244298271649
42,warm,1720,0.11310901492834091,0.00020824636158067733,0.8837890625,0.1162109375,2,733,475,0.09017404168844223,0.28753045201301575,0.300251841545105,0.2957935631275177,0.004176421328160984,2.268974402916033e-07,0.004176194430720774,0.003549356800472178
42,warm,1740,0.11398126184940338,0.00020824636158067733,0.88360595703125,0.11639404296875,2,728,469,0.0911499559879303,0.2873053550720215,0.30185559391975403,0.2953856885433197,0.0037647023789801892,5.260820317814748e-09,0.0037646971181600187,0.0033865222514987
42,warm,1760,0.11298192292451859,0.00020824636158067733,0.88372802734375,0.11627197265625,2,727,476,0.09006329625844955,0.2871755063533783,0.30001285672187805,0.2950325012207031,0.003921883698062345,1.1676919338521178e-07,0.003921766928869198,0.0035761006522488786
42,warm,1780,0.11339277774095535,0.00020824636158067733,0.883544921875,0.116455078125,2,728,479,0.09038050472736359,0.28798699378967285,0.30054640769958496,0.29622572660446167,0.0037764396591271066,3.847674695552756e-09,0.0037764358114527104,0.003585114938000497
42,warm,1800,0.11365068703889847,0.00020824636158067733,0.88372802734375,0.11627197265625,2,729,486,0.0907229408621788,0.28791362047195435,0.30116209387779236,0.2962868809700012,0.003359687115157328,1.1676919338521178e-07,0.0033595703459643354,0.003304830767997355
42,warm,1820,0.11354663968086243,0.00020824636158067733,0.8834228515625,0.1165771484375,2,729,473,0.0906171202659607,0.2873067557811737,0.3009575307369232,0.29537081718444824,0.003326951032072145,1.0962104808715195e-07,0.003326841411024276,0.003304326413167455
42,warm,1840,0.11275608837604523,0.00020824636158067733,0.8837890625,0.1162109375,2,726,470,0.08967568725347519,0.28828340768814087,0.2994096875190735,0.29706600308418274,0.0036208205900081225,2.268974402916033e-07,0.0036205936925679362,0.0033288002898598096
42,warm,1860,0.11345779895782471,0.00020824636158067733,0.88372802734375,0.11627197265625,2,729,469,0.09038034081459045,0.2888585329055786,0.30058038234710693,0.29804423451423645,0.003838173365515729,1.1676919338521178e-07,0.003838056596322525,0.003229228176901397
42,warm,1880,0.11380437016487122,0.00020824636158067733,0.88330078125,0.11669921875,2,728,472,0.09067808091640472,0.28884807229042053,0.3010471761226654,0.2979470193386078,0.003198451148641368,3.600842914774742e-07,0.0031980910643501464,0.0032035216438498354
42,warm,1900,0.11336212605237961,0.00020824636158067733,0.88348388671875,0.11651611328125,2,730,472,0.09031054377555847,0.28815093636512756,0.3004625141620636,0.2966742217540741,0.003687757380980372,3.8639905732760745e-08,0.0036877187410749033,0.003437980537678395
42,warm,1920,0.11359521001577377,0.00020824636158067733,0.88311767578125,0.11688232421875,2,730,468,0.0905519351363182,0.2877013683319092,0.3008583188056946,0.2960408627986908,0.003468338357201617,1.0067853577531787e-06,0.003467331571844109,0.0031900002224983653
42,warm,1940,0.11348806321620941,0.00020824636158067733,0.88348388671875,0.11651611328125,2,729,472,0.09059718251228333,0.2870583236217499,0.30093637108802795,0.2949993908405304,0.003208004782941032,3.8639905732760745e-08,0.003207966143035416,0.003305734107238986
42,warm,1960,0.11369556188583374,0.00020824636158067733,0.8828125,0.1171875,2,722,472,0.09069667011499405,0.28695377707481384,0.3011123836040497,0.29459714889526367,0.0033643172471826688,2.8062126721123968e-06,0.0033615110345107495,0.0034165190384055494
42,warm,1980,0.11364686489105225,0.00020824636158067733,0.88330078125,0.11669921875,2,725,480,0.09073731303215027,0.2870500981807709,0.3011733591556549,0.2949351370334625,0.003800216542735768,3.600842914774742e-07,0.0037998564584444607,0.0034520427591314545
42,warm,2000,0.11342429369688034,0.00020824636158067733,0.88311767578125,0.11688232421875,2,723,468,0.090545654296875,0.2862863838672638,0.30087125301361084,0.293661892414093,0.004038438365391528,1.0067853577531787e-06,0.00403743158003401,0.0032157627731475985
43,scratch,0,0.6960572004318237,0.00020824636158067733,0.4755859375,0.5244140625,2,1331,1142,0.6155489683151245,0.7690693140029907,0.7225677967071533,0.6648993492126465,4.656209471305196,0.494661919241059,4.161547552064137,1.4498718240804418
43,scratch,20,0.5189520716667175,0.00020824636158067733,0.54937744140625,0.45062255859375,2,1308,1091,0.441632479429245,0.6132162809371948,0.6444877982139587,0.5930694937705994,2.9175310411199504,0.3487995924078753,2.568731448712075,1.1161827119005874
43,scratch,40,0.382241427898407,0.00020824636158067733,0.63262939453125,0.36737060546875,2,1233,962,0.3166825771331787,0.4951368272304535,0.5611785650253296,0.5196859836578369,1.7330495464346356,0.21079355677805317,1.5222559896565826,0.8473378760438618
43,scratch,60,0.29647669196128845,0.00020824636158067733,0.7054443359375,0.2945556640625,2,1119,825,0.24311265349388123,0.4242805242538452,0.4905204176902771,0.4609230160713196,1.1049531927408722,0.11457970602473971,0.9903734867161327,0.6745239775639175
43,scratch,80,0.24796025454998016,0.00020824636158067733,0.76104736328125,0.23895263671875,2,1044,695,0.20586012303829193,0.38204625248908997,0.4473675787448883,0.413782000541687,0.7995620505128542,0.05819935720391589,0.7413626933089384,0.5571190662496929
43,scratch,100,0.21795162558555603,0.00020824636158067733,0.8076171875,0.1923828125,2,985,608,0.18357467651367188,0.36226481199264526,0.4231007695198059,0.3808637857437134,0.6160166015525235,0.02402579243392909,0.5919908091185946,0.4634732042479709
43,scratch,120,0.19567032158374786,0.00020824636158067733,0.84112548828125,0.15887451171875,2,959,531,0.16708305478096008,0.3470192551612854,0.4053364396095276,0.3533945083618164,0.48522431086733064,0.007975021160551751,0.47724928970677905,0.40060106206623913
43,scratch,140,0.17889970541000366,0.00020824636158067733,0.85833740234375,0.14166259765625,2,918,487,0.15245623886585236,0.33912137150764465,0.3884183466434479,0.3346520960330963,0.3909240633845954,0.0029201637664201044,0.3880038996181756,0.3626611838856161
43,scratch,160,0.16565853357315063,0.00020824636158067733,0.8751220703125,0.1248779296875,2,889,446,0.14176303148269653,0.3331139385700226,0.3756069242954254,0.3208231031894684,0.32401970175106243,0.0003400941248677871,0.32367960762619497,0.3459642239260984
43,scratch,180,0.15491145849227905,0.00020824636158067733,0.8875732421875,0.1124267578125,2,855,411,0.13319848477840424,0.3263283371925354,0.3644850254058838,0.3086203634738922,0.2766496222464454,7.856107783994152e-05,0.27657106116860597,0.34612132602455403
43,scratch,200,0.14539401233196259,0.00020824636158067733,0.89581298828125,0.10418701171875,2,824,396,0.1251082867383957,0.3198132812976837,0.35333484411239624,0.29731667041778564,0.24040227087498778,0.0007515917468864357,0.23965067912810162,0.35555005389437155
43,scratch,220,0.1378115713596344,0.00020824636158067733,0.9031982421875,0.0968017578125,2,808,360,0.11875172704458237,0.3156472146511078,0.34433677792549133,0.29087692499160767,0.21474150750946563,0.0019720473024885006,0.21276946020697746,0.3673744337368089
43,scratch,240,0.1322353631258011,0.00020824636158067733,0.90777587890625,0.09222412109375,2,786,349,0.11403080821037292,0.31142541766166687,0.337348610162735,0.28569114208221436,0.19626218635749382,0.003039199312302888,0.19322298704519142,0.38129792401854956
43,scratch,260,0.12761205434799194,0.00020824636158067733,0.90997314453125,0.09002685546875,2,764,345,0.10972987860441208,0.3083615005016327,0.3308890759944916,0.28424009680747986,0.18193350896472538,0.0036396756407366428,0.17829383332398913,0.380832309049988
43,scratch,280,0.12404773384332657,0.00020824636158067733,0.91168212890625,0.08831787109375,2,757,339,0.10647229850292206,0.3054742217063904,0.3259001076221466,0.2829107940196991,0.1716337279329352,0.004147393797318426,0.16748633413561698,0.3822015623456946
43,scratch,300,0.12153153866529465,0.00020824636158067733,0.91278076171875,0.08721923828125,2,742,328,0.10409747064113617,0.30398526787757874,0.322347491979599,0.2842246890068054,0.16258595168329038,0.00449289941955356,0.1580930522637371,0.37465307659408154
43,scratch,320,0.11999879032373428,0.00020824636158067733,0.9130859375,0.0869140625,2,742,332,0.10264189541339874,0.30234381556510925,0.3199548125267029,0.28498533368110657,0.15495657606953017,0.004591556476049433,0.15036501959348123,0.36854060826703516
43,scratch,340,0.1188187450170517,0.00020824636158067733,0.91339111328125,0.08660888671875,2,738,328,0.1014680340886116,0.3018020689487457,0.3181067705154419,0.2876894474029541,0.1492220831904021,0.004691387076177847,0.1445306961142246,0.36068599497343257
43,scratch,360,0.11803771555423737,0.00020824636158067733,0.9122314453125,0.0877685546875,2,733,334,0.10037976503372192,0.3015672564506531,0.3161812424659729,0.28991958498954773,0.14445525983028773,0.004318262205604807,0.14013699762468312,0.35480138299430564
43,scratch,380,0.11626532673835754,0.00020824636158067733,0.9146728515625,0.0853271484375,2,730,339,0.0989680290222168,0.3016853928565979,0.31434327363967896,0.29295018315315247,0.13978110994758453,0.005123575619439651,0.13465753432814515,0.3398622771503551
43,scratch,400,0.11734899878501892,0.00020824636158067733,0.9111328125,0.0888671875,2,727,355,0.09925029426813126,0.3029104471206665,0.3143197000026703,0.29571855068206787,0.13614063779169072,0.003980273010015314,0.13216036478167562,0.33020360546037864
43,scratch,420,0.11606505513191223,0.00020824636158067733,0.91229248046875,0.08770751953125,2,736,350,0.09822197258472443,0.301660418510437,0.3129209280014038,0.29764917492866516,0.13195833692662262,0.004337479836578548,0.1276208570900444,0.31762846920286847
43,scratch,440,0.11513607203960419,0.00020824636158067733,0.9124755859375,0.0875244140625,2,724,355,0.09738637506961823,0.30018350481987,0.3115623891353607,0.2983151078224182,0.1268977814550496,0.00439541219148876,0.12250236926356127,0.3081204255952298
43,scratch,460,0.11529825627803802,0.00020824636158067733,0.912353515625,0.087646484375,2,727,365,0.09742356091737747,0.3013644516468048,0.31167373061180115,0.3014383316040039,0.12399592363072287,0.004356744025006982,0.1196391796057162,0.29592788224658306
43,scratch,480,0.11515947431325912,0.00020824636158067733,0.91156005859375,0.08843994140625,2,723,374,0.09692789614200592,0.30307430028915405,0.31069856882095337,0.30453094840049744,0.11981367929620745,0.004109932716765546,0.11570374657944217,0.28873567990489846
43,scratch,500,0.11480093747377396,0.00020824636158067733,0.910400390625,0.089599609375,2,717,377,0.09621348977088928,0.3036636710166931,0.3096841275691986,0.30760619044303894,0.11622637022156113,0.0037632388056076382,0.11246313141595371,0.2763140805047851
43,scratch,520,0.11517911404371262,0.00020824636158067733,0.90899658203125,0.09100341796875,2,718,376,0.09635470807552338,0.3032085597515106,0.3098788261413574,0.30943500995635986,0.11318619211743197,0.0033655974722177316,0.1098205946452144,0.2654788163065359
43,scratch,540,0.11374137550592422,0.00020824636158067733,0.90948486328125,0.09051513671875,2,712,379,0.09489593654870987,0.30309805274009705,0.3077804744243622,0.31112903356552124,0.11024874319701183,0.003501188467224931,0.10674755472978728,0.24984947732559248
43,scratch,560,0.11436695605516434,0.00020824636158067733,0.90850830078125,0.09149169921875,2,713,393,0.09512083232402802,0.30548015236854553,0.30786991119384766,0.31458497047424316,0.10722175937990386,0.003232888663428156,0.10398887071647575,0.24359856527120882
43,scratch,580,0.11353399604558945,0.00020824636158067733,0.9095458984375,0.0904541015625,2,709,395,0.09448834508657455,0.3050442039966583,0.3069480359554291,0.3155515193939209,0.10472392340016512,0.003518340690538937,0.10120558270962651,0.23311621115976322
43,scratch,600,0.11309546232223511,0.00020824636158067733,0.91033935546875,0.08966064453125,2,714,393,0.09413837641477585,0.30556994676589966,0.3063572943210602,0.31700399518013,0.10145989375524067,0.003745450141725098,0.09771444361351599,0.23123631888415275
43,scratch,620,0.1138901636004448,0.00020824636158067733,0.9097900390625,0.0902099609375,2,718,396,0.09483499079942703,0.30606627464294434,0.3073388636112213,0.3186209797859192,0.09947774234824891,0.0035874026602047172,0.09589033968804442,0.2191761009028096
43,scratch,640,0.11315653473138809,0.00020824636158067733,0.9107666015625,0.0892333984375,2,718,395,0.0942852795124054,0.305767297744751,0.30654922127723694,0.3191695511341095,0.0970585049843109,0.0038709308218302964,0.09318757416248089,0.21039752807086642
43,scratch,660,0.11302484571933746,0.00020824636158067733,0.91162109375,0.08837890625,2,723,406,0.09423395991325378,0.30685120820999146,0.30654242634773254,0.3213137686252594,0.09412849193250139,0.004128640138141855,0.08999985179435997,0.19867905229443295
43,scratch,680,0.11419828236103058,0.00020824636158067733,0.91015625,0.08984375,2,728,417,0.09487798064947128,0.30992135405540466,0.3074106276035309,0.3259968161582947,0.09260539658571787,0.003692357884045698,0.08891303870167255,0.18953865654588753
43,scratch,700,0.11349397897720337,0.00020824636158067733,0.909423828125,0.090576171875,2,731,415,0.09411749988794327,0.30804237723350525,0.3063575327396393,0.3242917060852051,0.08912803940693692,0.003484081496503366,0.08564395791043389,0.17655088123978657
43,scratch,720,0.11342866718769073,0.00020824636158067733,0.9105224609375,0.0894775390625,2,731,420,0.09426554292440414,0.30843228101730347,0.3067035377025604,0.3251363933086395,0.08703586209667691,0.0037989531684709914,0.08323690892820629,0.1664778389324465
43,scratch,740,0.11376417428255081,0.00020824636158067733,0.909912109375,0.090087890625,2,727,425,0.09427647292613983,0.31059530377388,0.30654314160346985,0.3279693126678467,0.08435046321465478,0.003622205877277296,0.08072825733737773,0.15814891889135196
43,scratch,760,0.11405770480632782,0.00020824636158067733,0.91021728515625,0.08978271484375,2,736,419,0.09469194710254669,0.3103877902030945,0.3071019649505615,0.327644020318985,0.08233757735870739,0.0037100097089149894,0.07862756764979291,0.1514012997151849
43,scratch,780,0.11300475150346756,0.00020824636158067733,0.9111328125,0.0888671875,2,732,420,0.09367824345827103,0.3111545145511627,0.3058389127254486,0.3289981782436371,0.07975999033879333,0.003980273010015314,0.0757797173287784,0.14043447700646083
43,scratch,800,0.11394212394952774,0.00020824636158067733,0.91162109375,0.08837890625,2,735,413,0.09503025561571121,0.30901649594306946,0.30799445509910583,0.3258431553840637,0.07840555091097912,0.004128640138141855,0.07427691077283766,0.12719710747591761
43,scratch,820,0.11508824676275253,0.00020824636158067733,0.90985107421875,0.09014892578125,2,738,425,0.09553658217191696,0.3124183118343353,0.3085819482803345,0.3311743140220642,0.07655031814720559,0.003604781559674204,0.07294553658753174,0.12148459281274425
43,scratch,840,0.11377136409282684,0.00020824636158067733,0.91204833984375,0.08795166015625,2,743,414,0.09489580243825912,0.30950865149497986,0.30775922536849976,0.3271285891532898,0.07366102073211067,0.0042608883649805085,0.06940013236713043,0.1146626029524168
43,scratch,860,0.11457551270723343,0.00020824636158067733,0.91143798828125,0.08856201171875,2,750,427,0.09534666687250137,0.3124696612358093,0.3083651065826416,0.3311266005039215,0.07153965139951168,0.004072656472188539,0.06746699492732348,0.10966742410641471
43,scratch,880,0.11512530595064163,0.00020824636158067733,0.91107177734375,0.08892822265625,2,757,419,0.09602973610162735,0.31075990200042725,0.30954509973526,0.3291340172290802,0.06963013043496602,0.003961934457015662,0.06566819597795051,0.10304967026717803
43,scratch,900,0.11407981812953949,0.00020824636158067733,0.91143798828125,0.08856201171875,2,754,421,0.09503903239965439,0.3100384473800659,0.3079923689365387,0.3280734419822693,0.0666864088751069,0.004072656472188539,0.06261375240291875,0.09829636772451066
43,scratch,920,0.11418604850769043,0.00020824636158067733,0.91180419921875,0.08819580078125,2,752,420,0.09538145363330841,0.30859559774398804,0.3085457384586334,0.32579347491264343,0.06450499458588155,0.004185039944539084,0.06031995464134281,0.09273786015659878
43,scratch,940,0.11394820362329483,0.00020824636158067733,0.9130859375,0.0869140625,2,752,415,0.09539363533258438,0.3088754713535309,0.3086210787296295,0.3258614242076874,0.06305747357765057,0.004591556476049433,0.058465917101601615,0.08959251760938512
43,scratch,960,0.11435540020465851,0.00020824636158067733,0.91229248046875,0.08770751953125,2,755,420,0.09559539705514908,0.3094882667064667,0.30889081954956055,0.3266085684299469,0.061551727369810294,0.004337479836578548,0.05721424753323201,0.0851907390763199
43,scratch,980,0.11499007791280746,0.00020824636158067733,0.91015625,0.08984375,2,748,430,0.09572873264551163,0.3101160526275635,0.30903515219688416,0.32791078090667725,0.06007449061217329,0.003692357884045698,0.056382132728128045,0.08322982347567175
43,scratch,1000,0.11285944283008575,0.00020824636158067733,0.91302490234375,0.08697509765625,2,748,412,0.09444761276245117,0.30613836646080017,0.3071485459804535,0.3215318024158478,0.05827750131066267,0.004571731300525149,0.05370577001013785,0.08321455333611537
43,scratch,1020,0.11392560601234436,0.00020824636158067733,0.9114990234375,0.0885009765625,2,752,421,0.09515991806983948,0.30719929933547974,0.30825075507164,0.3231006860733032,0.05709397329774646,0.004091271504373176,0.05300270179337363,0.07971738711898523
43,scratch,1040,0.11491388082504272,0.00020824636158067733,0.91082763671875,0.08917236328125,2,754,422,0.09584107249975204,0.3097279965877533,0.3093520998954773,0.3269558250904083,0.056182928525963405,0.00388903975955502,0.05229388876640869,0.0769136489409402
43,scratch,1060,0.114476278424263,0.00020824636158067733,0.91082763671875,0.08917236328125,2,751,428,0.09549571573734283,0.3083481788635254,0.3087610602378845,0.32521170377731323,0.055362713247454565,0.00388903975955502,0.05147367348789991,0.07494211038396768
43,scratch,1080,0.11370210349559784,0.00020824636158067733,0.9110107421875,0.0889892578125,2,747,420,0.09456438571214676,0.30962082743644714,0.3073216676712036,0.3271222710609436,0.05593306855080726,0.003943641883907979,0.05198942666689951,0.07428928520789212
43,scratch,1100,0.11348376423120499,0.00020824636158067733,0.91131591796875,0.08868408203125,2,746,424,0.09438998252153397,0.3096912205219269,0.30699607729911804,0.32741931080818176,0.05481339495673154,0.004035564833538011,0.050777830123193826,0.07419607050655484
43,scratch,1120,0.11356589943170547,0.00020824636158067733,0.91162109375,0.08837890625,2,752,415,0.09477511048316956,0.30739137530326843,0.3076833188533783,0.3239533305168152,0.05300469575086453,0.004128640138141855,0.04887605561272303,0.0717109175905034
43,scratch,1140,0.11401212215423584,0.00020824636158067733,0.90936279296875,0.09063720703125,2,747,437,0.09460599720478058,0.30871352553367615,0.3073127567768097,0.3264305293560028,0.05287603457764334,0.003467019750915623,0.04940901482672796,0.07096693880998371
43,scratch,1160,0.11425520479679108,0.00020824636158067733,0.90985107421875,0.09014892578125,2,746,434,0.09481596946716309,0.31045061349868774,0.3076241910457611,0.32884329557418823,0.05331098015158631,0.003604781559674204,0.04970619859191242,0.07025090103820274
43,scratch,1180,0.11435000598430634,0.00020824636158067733,0.9100341796875,0.0899658203125,2,744,429,0.09507861733436584,0.30928653478622437,0.3081474304199219,0.3270300030708313,0.05187578298937723,0.0036571908778123344,0.04821859211156532,0.0667696631874105
43,scratch,1200,0.11472875624895096,0.00020824636158067733,0.9090576171875,0.0909423828125,2,741,444,0.09505178779363632,0.31141915917396545,0.30802151560783386,0.33036139607429504,0.0516045732554673,0.003382388441545217,0.048222184813922354,0.06573411756948642
43,scratch,1220,0.11402018368244171,0.00020824636158067733,0.90899658203125,0.09100341796875,2,734,438,0.09451165050268173,0.30888307094573975,0.30721715092658997,0.32704174518585205,0.050398417538239926,0.0033655974722177316,0.04703282006602238,0.06414392926785238
43,scratch,1240,0.11383825540542603,0.00020824636158067733,0.90911865234375,0.09088134765625,2,736,440,0.09432573616504669,0.3090290427207947,0.3069418966770172,0.32716670632362366,0.04931671698869167,0.003399224472037294,0.04591749251665489,0.06296578902515192
43,scratch,1260,0.11389917135238647,0.00020824636158067733,0.9091796875,0.0908203125,2,739,428,0.0945282131433487,0.30781689286231995,0.3071582317352295,0.32490435242652893,0.048249129719629025,0.003416105590929388,0.044833024128700105,0.06443932453953037
43,scratch,1280,0.1139640063047409,0.00020824636158067733,0.90899658203125,0.09100341796875,2,739,435,0.0944601371884346,0.3087802827358246,0.30716174840927124,0.3269503116607666,0.04756898212581717,0.0033655974722177316,0.044203384653599714,0.06359345335044507
43,scratch,1300,0.11248701065778732,0.00020824636158067733,0.91070556640625,0.08929443359375,2,740,416,0.09370457381010056,0.30404743552207947,0.30600181221961975,0.3194512724876404,0.0473951648244153,0.003852867722101583,0.04354229710231404,0.06422171478447579
43,scratch,1320,0.11390311270952225,0.00020824636158067733,0.90869140625,0.09130859375,2,738,423,0.0944504365324974,0.307493656873703,0.3070792555809021,0.32522061467170715,0.04583135780631409,0.003282317592391018,0.042549040213923486,0.062294490629251395
43,scratch,1340,0.11390779167413712,0.00020824636158067733,0.90814208984375,0.09185791015625,2,732,433,0.0944804698228836,0.30597370862960815,0.30717241764068604,0.3228873610496521,0.046100351803765705,0.0031352401595375334,0.042965111644228456,0.06051315319313742
43,scratch,1360,0.11398673802614212,0.00020824636158067733,0.9075927734375,0.0924072265625,2,729,433,0.09441547095775604,0.3062092959880829,0.3069992661476135,0.32319289445877075,0.044219091524432486,0.0029917799650488706,0.04122731155938404,0.061441602572126594
43,scratch,1380,0.1126403734087944,0.00020824636158067733,0.90869140625,0.09130859375,2,729,423,0.0933825746178627,0.3042914569377899,0.3054412305355072,0.32010605931282043,0.0440794752546978,0.003282317592391018,0.04079715766230721,0.060777406340316684
43,scratch,1400,0.11377591639757156,0.00020824636158067733,0.907470703125,0.092529296875,2,733,425,0.09418454021215439,0.3059161901473999,0.3065873384475708,0.3223227858543396,0.04372067139120617,0.00296038920302678,0.040760282188179855,0.060835030920538866
43,scratch,1420,0.11347422748804092,0.00020824636158067733,0.907958984375,0.092041015625,2,731,426,0.09396589547395706,0.30591851472854614,0.30639392137527466,0.32273656129837036,0.04298719783837868,0.0030870191385371955,0.039900178699841825,0.059100689716838115
43,scratch,1440,0.11469211429357529,0.00020824636158067733,0.9063720703125,0.0936279296875,2,738,436,0.09488382935523987,0.30644768476486206,0.3077394962310791,0.3234935402870178,0.04239026516079747,0.0026858331102486525,0.03970443205054932,0.05907706883703666
43,scratch,1460,0.11396434158086777,0.00020824636158067733,0.90606689453125,0.09393310546875,2,730,440,0.0940607413649559,0.3059520125389099,0.3064393103122711,0.32253938913345337,0.04226540132076906,0.002612098120107577,0.03965330320066182,0.05917368283666745
43,scratch,1480,0.11405458301305771,0.00020824636158067733,0.9049072265625,0.0950927734375,2,735,429,0.09401493519544601,0.30475282669067383,0.30636271834373474,0.32093313336372375,0.04212125681515744,0.002341857884175319,0.03977939893098236,0.057937568971506134
43,scratch,1500,0.11411704868078232,0.00020824636158067733,0.90447998046875,0.09552001953125,2,727,443,0.09376739710569382,0.30680814385414124,0.30595794320106506,0.3240237534046173,0.04169841966432131,0.002246244392083742,0.03945217527223781,0.05760863927684566
43,scratch,1520,0.11441545933485031,0.00020824636158067733,0.90240478515625,0.09759521484375,2,725,434,0.09379219263792038,0.3051066994667053,0.3061055541038513,0.32155683636665344,0.04205109401737417,0.0018117369992602314,0.0402393570181141,0.05291394685741123
43,scratch,1540,0.11426081508398056,0.00020824636158067733,0.90289306640625,0.09710693359375,2,732,431,0.09379168599843979,0.30458125472068787,0.3059670627117157,0.3201817274093628,0.0416798661506661,0.0019095401935160412,0.03977032595715035,0.05353741203111438
43,scratch,1560,0.1148541197180748,0.00020824636158067733,0.90118408203125,0.09881591796875,2,734,433,0.09401090443134308,0.30494070053100586,0.3063202202320099,0.321392297744751,0.041061702683514056,0.001579046523591695,0.039482656159922504,0.05238635020327363
43,scratch,1580,0.1148034930229187,0.00020824636158067733,0.90179443359375,0.09820556640625,2,730,446,0.0938795879483223,0.30694180727005005,0.30620333552360535,0.3246602714061737,0.040406520824767256,0.0016932885206386722,0.03871323230412896,0.05362110326063428
43,scratch,1600,0.11353994905948639,0.00020824636158067733,0.90264892578125,0.09735107421875,2,725,432,0.09311529994010925,0.3029193878173828,0.3049028813838959,0.3179190456867218,0.040732874630343474,0.0018602994471061361,0.038872575183237695,0.05363800244344473
43,scratch,1620,0.11446405947208405,0.00020824636158067733,0.9012451171875,0.0987548828125,2,729,438,0.09371701627969742,0.30380332469940186,0.30596619844436646,0.3192068636417389,0.040165837680255834,0.0015902820937024366,0.03857555558655372,0.05113871186881168
43,scratch,1640,0.11508043110370636,0.00020824636158067733,0.8992919921875,0.1007080078125,2,734,456,0.0937071442604065,0.30593743920326233,0.30588841438293457,0.32283395528793335,0.03982135084225291,0.0012513800392993796,0.038569970802953824,0.05006080678253509
43,scratch,1660,0.11375678330659866,0.00020824636158067733,0.90142822265625,0.09857177734375,2,726,431,0.09308910369873047,0.30276045203208923,0.3049563467502594,0.3180236220359802,0.038980291196644146,0.001624240032791064,0.03735605116385325,0.05084764175375765
43,scratch,1680,0.1133941113948822,0.00020824636158067733,0.90234375,0.09765625,2,718,434,0.09295966476202011,0.30220845341682434,0.3047250807285309,0.31600499153137207,0.03963339752299788,0.0017997021938871496,0.037833695329110906,0.05188664544516085
43,scratch,1700,0.11519800871610641,0.00020824636158067733,0.89886474609375,0.10113525390625,2,725,455,0.09367601573467255,0.3064801096916199,0.30585983395576477,0.3236616849899292,0.040323578964311935,0.0011828853815216058,0.03914069358279072,0.050685326351635904
43,scratch,1720,0.1149093508720398,0.00020824636158067733,0.90032958984375,0.09967041015625,2,728,454,0.09381961077451706,0.30541446805000305,0.3061080574989319,0.3222479224205017,0.0385369509720519,0.001426130592365231,0.03711082037968704,0.05013842895391006
43,scratch,1740,0.1145392507314682,0.00020824636158067733,0.89947509765625,0.10052490234375,2,722,447,0.0932542234659195,0.3049930930137634,0.30527323484420776,0.3218883275985718,0.0378025655270946,0.0012813514532457725,0.03652121407384927,0.048403138885300886
43,scratch,1760,0.11562584340572357,0.00020824636158067733,0.89691162109375,0.10308837890625,2,731,461,0.0936499685049057,0.30682507157325745,0.3058049976825714,0.32438844442367554,0.039349566596506236,0.0008952249922152093,0.038454341604291245,0.04598375726458924
43,scratch,1780,0.11506295949220657,0.00020824636158067733,0.89837646484375,0.10162353515625,2,720,458,0.09347858279943466,0.30587396025657654,0.3055911958217621,0.32305094599723816,0.03810761627828896,0.001107064091783301,0.037000552186505956,0.04675387647261685
43,scratch,1800,0.11489167809486389,0.00020824636158067733,0.89959716796875,0.10040283203125,2,722,443,0.09387293457984924,0.30321699380874634,0.3062452971935272,0.3182893991470337,0.03771186670274318,0.001301538358972001,0.03641032834377139,0.0473407744877886
43,scratch,1820,0.11500434577465057,0.00020824636158067733,0.89892578125,0.10107421875,2,723,451,0.09354941546916962,0.30581843852996826,0.30560198426246643,0.3224509358406067,0.03782760738686619,0.0011925472191387405,0.03663506016772789,0.04865162180180503
43,scratch,1840,0.11465158313512802,0.00020824636158067733,0.899169921875,0.100830078125,2,720,453,0.09334839135408401,0.3046264946460724,0.30534082651138306,0.3208076059818268,0.03735598964777154,0.0012316048010139764,0.0361243848467579,0.04715875349324504
43,scratch,1860,0.11556831002235413,0.00020824636158067733,0.89666748046875,0.10333251953125,2,724,454,0.09373586624860764,0.305019348859787,0.3060854375362396,0.32200801372528076,0.03716987160878915,0.0008621826751003831,0.03630768893368934,0.04398924687961424
43,scratch,1880,0.11569564789533615,0.00020824636158067733,0.89697265625,0.10302734375,2,725,459,0.09378264099359512,0.3064737319946289,0.3060472011566162,0.3236931264400482,0.03694439863539145,0.0009035862445906651,0.03604081239080116,0.045693768225869444
43,scratch,1900,0.11523168534040451,0.00020824636158067733,0.89788818359375,0.10211181640625,2,725,461,0.09350010007619858,0.3063216507434845,0.30557844042778015,0.32333382964134216,0.036723089667070496,0.0010338542954551368,0.03568923537161556,0.04616241200096281
43,scratch,1920,0.11408340185880661,0.00020824636158067733,0.8983154296875,0.1016845703125,2,724,448,0.09267855435609818,0.3031810522079468,0.3042793571949005,0.3188497722148895,0.03578546698991403,0.0010977702793454266,0.0346876967105689,0.04612459957683766
43,scratch,1940,0.11367040872573853,0.00020824636158067733,0.89776611328125,0.10223388671875,2,715,449,0.09197870641946793,0.30415597558021545,0.3031476140022278,0.32065123319625854,0.035504285330539176,0.0010159585920711256,0.03448832673846842,0.04640697882973198
43,scratch,1960,0.11472483724355698,0.00020824636158067733,0.89697265625,0.10302734375,2,715,450,0.09301122277975082,0.30376702547073364,0.304718941450119,0.3200944662094116,0.03616168136868936,0.0009035862445906651,0.03525809512409908,0.045927360371247214
43,scratch,1980,0.11446978896856308,0.00020824636158067733,0.89715576171875,0.10284423828125,2,720,448,0.09299342334270477,0.30181774497032166,0.3048194348812103,0.31675511598587036,0.0351390712028703,0.0009289119550556189,0.03421015924781502,0.04478031649454804
43,scratch,2000,0.11613146960735321,0.00020824636158067733,0.89569091796875,0.10430908203125,2,727,462,0.09418680518865585,0.30456793308258057,0.3067556619644165,0.3212447762489319,0.03537684415714892,0.0007364330007494126,0.034640411156399833,0.04337926831180537
43,mle,0,0.6960572004318237,0.00020824636158067733,0.4755859375,0.5244140625,2,1331,1142,0.6155489683151245,0.7690693140029907,0.7225677967071533,0.6648993492126465,4.656209471305196,0.494661919241059,4.161547552064137,1.4498718240804418
43,mle,100,0.12132866680622101,0.00020824636158067733,0.89349365234375,0.10650634765625,2,752,503,0.09609759598970413,0.33299484848976135,0.3097918927669525,0.3638497591018677,0.05907859155632167,0.0004906906519328395,0.058587900904389006,0.04432101804672582
43,mle,200,0.11732100695371628,0.00020824636158067733,0.89874267578125,0.10125732421875,2,745,459,0.0955563485622406,0.3105003833770752,0.3090927004814148,0.32937973737716675,0.034661579244861684,0.0011636846218824257,0.03349789462297968,0.03095916082497295
43,mle,300,0.11181791126728058,0.00020824636158067733,0.89471435546875,0.10528564453125,2,718,451,0.08932022005319595,0.30300262570381165,0.2979016900062561,0.3156653642654419,0.04365840181417724,0.00062089096967324,0.043037510844504134,0.03517338309142813
43,mle,400,0.11925018578767776,0.00020824636158067733,0.88336181640625,0.11663818359375,2,755,479,0.09528959542512894,0.3007162809371948,0.3074760437011719,0.3169380724430084,0.02460291544121418,2.167746535204336e-07,0.02460269866656091,0.024272766249164288
43,mle,500,0.11709591746330261,0.00020824636158067733,0.88177490234375,0.11822509765625,2,736,477,0.09269624203443527,0.29907944798469543,0.3037131428718567,0.31372877955436707,0.025281653401911797,1.564583272699511e-05,0.025266007569185223,0.020999535635605734
43,mle,600,0.11929856240749359,0.00020824636158067733,0.88671875,0.11328125,2,759,499,0.09546596556901932,0.3058502972126007,0.3087610900402069,0.3224276602268219,0.022313698588554587,4.8477046092050644e-05,0.022265221542462806,0.018073963504543808
43,mle,700,0.12177306413650513,0.00020824636158067733,0.8831787109375,0.1168212890625,2,765,465,0.09833943843841553,0.2989332377910614,0.3121187090873718,0.31095680594444275,0.027732299150379447,7.551060303742207e-07,0.027731544044349514,0.026166004784722627
43,mle,800,0.11822333186864853,0.00020824636158067733,0.878662109375,0.121337890625,2,732,491,0.09304710477590561,0.30053573846817017,0.304938942193985,0.3164074420928955,0.018020090036593217,0.00011581993608319237,0.017904270100510336,0.013503593961327151
43,mle,900,0.11655031144618988,0.00020824636158067733,0.8759765625,0.1240234375,2,718,469,0.09116898477077484,0.2958184480667114,0.30189287662506104,0.3095405697822571,0.021188849376635233,0.00027535255301774746,0.020913496823617678,0.016044023491526768
43,mle,1000,0.11742344498634338,0.00020824636158067733,0.88348388671875,0.11651611328125,2,741,478,0.09353924542665482,0.29852548241615295,0.3058271110057831,0.313676118850708,0.018049860355681346,3.8639905732760745e-08,0.018049821715775707,0.012703161032954977
43,mle,1100,0.11533772200345993,0.00020824636158067733,0.88470458984375,0.11529541015625,2,741,472,0.09167203307151794,0.2969334125518799,0.30247703194618225,0.3097332715988159,0.020307093764863282,6.240693780300158e-06,0.020300853071083223,0.0168574960273372
43,mle,1200,0.12133067846298218,0.00020824636158067733,0.8741455078125,0.1258544921875,2,733,529,0.09500385075807571,0.30418848991394043,0.3079206645488739,0.32277530431747437,0.018948318386541985,0.00042226347294656644,0.018526054913595685,0.015443040095528868
43,mle,1300,0.11384330689907074,0.00020824636158067733,0.8887939453125,0.1112060546875,2,716,466,0.0912957713007927,0.294050395488739,0.3021194338798523,0.3063080310821533,0.018664149531836927,0.00013424350346476384,0.018529906028372498,0.012897179717806448
43,mle,1400,0.11989375948905945,0.00020824636158067733,0.8787841796875,0.1212158203125,2,736,511,0.09457554668188095,0.30344441533088684,0.3063546121120453,0.3189234733581543,0.021436903964790588,0.00011016611653418343,0.02132673784825665,0.019348119357568958
43,mle,1500,0.11886298656463623,0.00020824636158067733,0.879638671875,0.120361328125,2,751,468,0.09503544867038727,0.2930021584033966,0.30824869871139526,0.3036665916442871,0.018592307526709817,7.451305264871439e-05,0.01851779447406146,0.014407155898193177
43,mle,1600,0.11837135255336761,0.00020824636158067733,0.88507080078125,0.11492919921875,2,746,491,0.09469453990459442,0.30070674419403076,0.3076763153076172,0.3171570599079132,0.018556421041289184,1.0943911592751392e-05,0.018545477129696966,0.013521579822959193
43,mle,1700,0.11663022637367249,0.00020824636158067733,0.882080078125,0.117919921875,2,733,456,0.09340927004814148,0.290330708026886,0.3053029179573059,0.29984796047210693,0.01442014854983853,1.0793895152769878e-05,0.014409354654685944,0.012007672784643528
43,mle,1800,0.1123887151479721,0.00020824636158067733,0.88720703125,0.11279296875,2,722,459,0.08947066217660904,0.2926575541496277,0.2990913987159729,0.3031538724899292,0.01360902985907586,6.477476281792436e-05,0.013544255096258222,0.011061879778249004
43,mle,1900,0.11653238534927368,0.00020824636158067733,0.88360595703125,0.11639404296875,2,729,486,0.09282223880290985,0.2965279817581177,0.30420583486557007,0.3103867173194885,0.015243331651440428,5.260820317814748e-09,0.015243326390620187,0.013012496573760454
43,mle,2000,0.11222314089536667,0.00020824636158067733,0.886962890625,0.113037109375,2,713,474,0.08893973380327225,0.2949199676513672,0.2981680929660797,0.3076256811618805,0.015832923713610114,5.632865305032087e-05,0.015776595060560034,0.012563292716772576
43,mle,2100,0.11563471704721451,0.00020824636158067733,0.8818359375,0.1181640625,2,728,471,0.09183304756879807,0.29326218366622925,0.3028750717639923,0.30264517664909363,0.013942181544557286,1.4603911402492073e-05,0.013927577633155091,0.012513644616087713
43,mle,2200,0.114780493080616,0.00020824636158067733,0.8836669921875,0.1163330078125,2,719,494,0.09030763059854507,0.3006766140460968,0.3004824221134186,0.31505870819091797,0.020393626277659394,4.289582626115036e-08,0.020393583381833447,0.014039813636595663
43,mle,2300,0.11795052140951157,0.00020824636158067733,0.8785400390625,0.1214599609375,2,733,506,0.0929705798625946,0.2986345887184143,0.30490389466285706,0.31390026211738586,0.014575052865261284,0.00012161352172928696,0.014453439343532406,0.009310775401213486
43,mle,2400,0.11774405837059021,0.00020824636158067733,0.88287353515625,0.11712646484375,2,727,502,0.09328727424144745,0.30209386348724365,0.3051263988018036,0.3192676305770874,0.013754876949683137,2.3742441758745894e-06,0.013752502705507522,0.011696711132794899
43,mle,2500,0.1153126135468483,0.00020824636158067733,0.88470458984375,0.11529541015625,2,734,485,0.09212032705545425,0.2932755947113037,0.3034387230873108,0.30516788363456726,0.010901934988218898,6.240693780300158e-06,0.01089569429443872,0.00862801248262711
43,mle,2600,0.11403916776180267,0.00020824636158067733,0.8897705078125,0.1102294921875,2,733,493,0.09135806560516357,0.297120600938797,0.3022065758705139,0.3115617632865906,0.012768498306108711,0.00018963748854023896,0.012578860817568704,0.009483684961419367
43,mle,2700,0.11737126111984253,0.00020824636158067733,0.87884521484375,0.12115478515625,2,741,491,0.09278883039951324,0.2956899106502533,0.30444392561912537,0.3092460036277771,0.012211085006860856,0.00010739165694795185,0.012103693349913177,0.009115262365635299
43,mle,2800,0.11628483235836029,0.00020824636158067733,0.88616943359375,0.11383056640625,2,745,487,0.09320953488349915,0.29592570662498474,0.30515044927597046,0.30923354625701904,0.01290621084336152,3.297879875076206e-05,0.012873232044610963,0.01153979008199256
43,mle,2900,0.11558019369840622,0.00020824636158067733,0.8822021484375,0.1177978515625,2,736,493,0.09146800637245178,0.29615917801856995,0.30234232544898987,0.3096979260444641,0.012224979779425382,9.103712876214112e-06,0.012215876066549402,0.01037467045648098
43,mle,3000,0.1140161007642746,0.00020824636158067733,0.884765625,0.115234375,2,727,477,0.09080711007118225,0.29221394658088684,0.30130183696746826,0.30352914333343506,0.010413369048187349,6.933161164135405e-06,0.01040643588702345,0.00827460693221381
43,mle,3100,0.11907869577407837,0.00020824636158067733,0.8841552734375,0.1158447265625,2,756,486,0.09596779197454453,0.29546669125556946,0.3088083863258362,0.308579683303833,0.01719030896929752,1.6499466741831063e-06,0.017188659022623662,0.015178733979378176
43,mle,3200,0.11252062022686005,0.00020824636158067733,0.88629150390625,0.11370849609375,2,725,468,0.08990757167339325,0.2887761890888214,0.2998231053352356,0.2974027693271637,0.009174828789404899,3.616389655127731e-05,0.00913866489285376,0.00828988463149015
43,mle,3300,0.11650623381137848,0.00020824636158067733,0.87890625,0.12109375,2,733,486,0.09224234521389008,0.29261514544487,0.3033079206943512,0.30428653955459595,0.012836101472935013,0.00010465218439945165,0.012731449288535809,0.008678330531661213
43,mle,3400,0.11484231054782867,0.00020824636158067733,0.88372802734375,0.11627197265625,2,739,470,0.09166690707206726,0.2909875512123108,0.3026171922683716,0.3014083802700043,0.011847026952459316,1.1676919338521178e-07,0.011846910183266071,0.009782315720481147
43,mle,3500,0.11610466241836548,0.00020824636158067733,0.883544921875,0.116455078125,2,735,482,0.0927414670586586,0.29336124658584595,0.30419081449508667,0.3043941557407379,0.011331855596658613,3.847674695552756e-09,0.011331851748984257,0.009784124465336372
43,mle,3600,0.11879508197307587,0.00020824636158067733,0.88427734375,0.11572265625,2,760,480,0.0959658995270729,0.29324087500572205,0.30925416946411133,0.30532515048980713,0.012847104427059719,2.4150871767717385e-06,0.012844689339883196,0.011210432073535212
43,mle,3700,0.11888423562049866,0.00020824636158067733,0.87603759765625,0.12396240234375,2,746,504,0.09373077750205994,0.2966426908969879,0.30560562014579773,0.3104168176651001,0.012500387380718792,0.00027098485876603153,0.01222940252195327,0.011729114122540504
43,mle,3800,0.1123119667172432,0.00020824636158067733,0.8857421875,0.1142578125,2,718,480,0.08842384815216064,0.29749584197998047,0.2969779968261719,0.3099144995212555,0.01641554040980253,2.2993361114625847e-05,0.016392547048688137,0.0139020605795349
43,mle,3900,0.11254154145717621,0.00020824636158067733,0.88714599609375,0.11285400390625,2,729,449,0.09029706567525864,0.2874055504798889,0.3004315197467804,0.2922358512878418,0.014224961473523479,6.260743941602408e-05,0.01416235403410772,0.013060376813195926
43,mle,4000,0.11590243875980377,0.00020824636158067733,0.88275146484375,0.11724853515625,2,734,485,0.09235957264900208,0.2931540906429291,0.30389323830604553,0.3050020635128021,0.009871092607504295,3.274190111531277e-06,0.009867818417392881,0.006629569100591634
43,mle,4100,0.11413674056529999,0.00020824636158067733,0.88360595703125,0.11639404296875,2,729,480,0.09069769084453583,0.29207438230514526,0.3011554479598999,0.30296212434768677,0.008223283854754015,5.260820317814748e-09,0.008223278593933911,0.00710291197287459
43,mle,4200,0.11364619433879852,0.00020824636158067733,0.882080078125,0.117919921875,2,725,487,0.08957719802856445,0.2936902642250061,0.2992699146270752,0.3057857155799866,0.009727705983827661,1.0793895152769878e-05,0.009716912088675044,0.008520546501354129
43,mle,4300,0.11340190470218658,0.00020824636158067733,0.87969970703125,0.12030029296875,2,712,462,0.08975117653608322,0.2863485813140869,0.2994750738143921,0.29302677512168884,0.012297967394992781,7.222980085730022e-05,0.012225737594135706,0.011267800598257036
43,mle,4400,0.11593421548604965,0.00020824636158067733,0.880859375,0.119140625,2,732,499,0.09103197604417801,0.30004751682281494,0.30103790760040283,0.3106631934642792,0.015529885874279614,3.555393125569692e-05,0.01549433194302425,0.013965184401281458
43,mle,4500,0.11794236302375793,0.00020824636158067733,0.8800048828125,0.1199951171875,2,742,513,0.09316709637641907,0.2996361553668976,0.30510053038597107,0.3154940903186798,0.01198330411789783,6.134187051487971e-05,0.0119219622473833,0.009373583781093639
43,mle,4600,0.11711284518241882,0.00020824636158067733,0.883056640625,0.116943359375,2,745,497,0.09358526766300201,0.29477304220199585,0.3058343827724457,0.3072478771209717,0.008527683698780208,1.29455517048e-06,0.008526389143609885,0.007874545802446828
43,mle,4700,0.11445168405771255,0.00020824636158067733,0.88623046875,0.11376953125,2,738,469,0.09190648794174194,0.2900719940662384,0.30293184518814087,0.2999417185783386,0.008620997149414222,3.45528737973784e-05,0.008586444275617135,0.007443004645433557
43,mle,4800,0.11719746142625809,0.00020824636158067733,0.87969970703125,0.12030029296875,2,748,478,0.09340658783912659,0.2911689579486847,0.30556008219718933,0.3015230894088745,0.011236440838551687,7.222980085730022e-05,0.011164211037694714,0.007703473225087673
43,mle,4900,0.11626860499382019,0.00020824636158067733,0.88134765625,0.11865234375,2,735,482,0.0925188735127449,0.2926812767982483,0.30396148562431335,0.3044045567512512,0.009507135652533805,2.3938966592362398e-05,0.009483196685941697,0.006405490982838255
43,mle,5000,0.11731328070163727,0.00020824636158067733,0.88153076171875,0.11846923828125,2,749,508,0.09273644536733627,0.3001897931098938,0.3043295443058014,0.31472593545913696,0.010866705088851347,2.0170707567902617e-05,0.01084653438128367,0.008866161611190346
43,warm,0,0.11731328070163727,0.00020824636158067733,0.88153076171875,0.11846923828125,2,749,508,0.09273644536733627,0.3001897931098938,0.3043295443058014,0.31472593545913696,0.010866705088851347,2.0170707567902617e-05,0.01084653438128367,0.008866161611190346
43,warm,20,0.11418639123439789,0.00020824636158067733,0.880859375,0.119140625,2,725,473,0.0902886763215065,0.290872722864151,0.30039000511169434,0.30143240094184875,0.007974529788775442,3.555393125569692e-05,0.007938975857520082,0.00559387170619173
43,warm,40,0.11476203054189682,0.00020824636158067733,0.88116455078125,0.11883544921875,2,726,481,0.0909513607621193,0.29131823778152466,0.301508367061615,0.3021843433380127,0.006908032603682557,2.8027837199422548e-05,0.006880004766483419,0.0054263063950611284
43,warm,60,0.11430884152650833,0.00020824636158067733,0.88232421875,0.11767578125,2,731,478,0.09072485566139221,0.2911398410797119,0.30110666155815125,0.3018720746040344,0.007393205753764676,7.55691922492115e-06,0.007385648834539978,0.005484083894084488
43,warm,80,0.11441276967525482,0.00020824636158067733,0.8822021484375,0.1177978515625,2,729,476,0.09088542312383652,0.2906118333339691,0.3013934791088104,0.3009960353374481,0.007410953338698789,9.103712876214112e-06,0.007401849625822956,0.005414875341780298
43,warm,100,0.11413711309432983,0.00020824636158067733,0.88348388671875,0.11651611328125,2,736,480,0.09093808382749557,0.29004380106925964,0.3014649450778961,0.3000633716583252,0.007237979375354087,3.8639905732760745e-08,0.007237940735448572,0.005449251825889387
43,warm,120,0.1135200634598732,0.00020824636158067733,0.884521484375,0.115478515625,2,725,471,0.09070812910795212,0.28825077414512634,0.30110251903533936,0.2970653176307678,0.007213112138565236,4.382354048857546e-06,0.007208729784516619,0.0056937230849552906
43,warm,140,0.11394701153039932,0.00020824636158067733,0.8846435546875,0.1153564453125,2,726,467,0.09110414981842041,0.2891240119934082,0.30172932147979736,0.2985156774520874,0.007284378830085814,5.5847480002313e-06,0.0072787940820859195,0.005531060183097888
43,warm,160,0.11388876289129257,0.00020824636158067733,0.8843994140625,0.1156005859375,2,729,469,0.09106215089559555,0.28852322697639465,0.3016747534275055,0.2975195348262787,0.007084851110271018,3.325845086035533e-06,0.007081525265185375,0.005773667254511547
43,warm,180,0.11322272568941116,0.00020824636158067733,0.88470458984375,0.11529541015625,2,725,468,0.09043102711439133,0.28811192512512207,0.3006194531917572,0.29683253169059753,0.0067569394494100266,6.240693780300158e-06,0.006750698755629878,0.0059028511106998666
43,warm,200,0.11351236701011658,0.00020824636158067733,0.8846435546875,0.1153564453125,2,728,475,0.09071662276983261,0.2883280813694,0.3011101186275482,0.2971966862678528,0.006799201281687317,5.5847480002313e-06,0.006793616533687407,0.0059012125068374915
43,warm,220,0.11350588500499725,0.00020824636158067733,0.88507080078125,0.11492919921875,2,728,474,0.09059882164001465,0.2899132966995239,0.30095207691192627,0.2998480200767517,0.006976992885761035,1.0943911592751392e-05,0.006966048974168739,0.005743443363139686
43,warm,240,0.11358057707548141,0.00020824636158067733,0.8848876953125,0.1151123046875,2,729,471,0.09075997024774551,0.2890065014362335,0.3011722266674042,0.2983325719833374,0.006984463176927136,8.427728054539053e-06,0.006976035448872913,0.00574179369254578
43,warm,260,0.11384597420692444,0.00020824636158067733,0.88482666015625,0.11517333984375,2,729,469,0.090861015021801,0.2904294431209564,0.3013641834259033,0.30066239833831787,0.007115198762043917,7.66216697504758e-06,0.0071075365950691236,0.005564843552970142
43,warm,280,0.1139102429151535,0.00020824636158067733,0.88482666015625,0.11517333984375,2,732,472,0.09080292284488678,0.291433721780777,0.30127477645874023,0.3023534417152405,0.00660578291063274,7.66216697504758e-06,0.006598120743657827,0.005657463874053956
43,warm,300,0.11391950398683548,0.00020824636158067733,0.884765625,0.115234375,2,735,472,0.09090910106897354,0.2905925512313843,0.30140653252601624,0.300906777381897,0.006710179165388297,6.933161164135405e-06,0.006703246004224567,0.005571793984240667
43,warm,320,0.11370155215263367,0.00020824636158067733,0.8846435546875,0.1153564453125,2,730,467,0.09068156778812408,0.29023686051368713,0.30107972025871277,0.300322562456131,0.006968002963553488,5.5847480002313e-06,0.006962418215553548,0.005543494154376258
43,warm,340,0.11377880722284317,0.00020824636158067733,0.88433837890625,0.11566162109375,2,734,467,0.090876005589962,0.28889164328575134,0.3013380467891693,0.2980601489543915,0.006340879776693953,2.852255609380144e-06,0.006338027521084826,0.005631111461520941
43,warm,360,0.11333094537258148,0.00020824636158067733,0.88433837890625,0.11566162109375,2,732,466,0.09042009711265564,0.2885052263736725,0.3006400763988495,0.29744040966033936,0.0062124067524607085,2.852255609380144e-06,0.006209554496851571,0.005645575730563887
43,warm,380,0.1132497489452362,0.00020824636158067733,0.885009765625,0.114990234375,2,732,462,0.09058954566717148,0.2876514792442322,0.3008897602558136,0.29605749249458313,0.007110714323793843,1.0068583476220477e-05,0.0071006457403179485,0.005978256174098515
43,warm,400,0.11361944675445557,0.00020824636158067733,0.88531494140625,0.11468505859375,2,733,469,0.09088049829006195,0.2891533672809601,0.3014127314090729,0.2985585331916809,0.006019986795585908,1.4811621646955257e-05,0.006005175173939398,0.0054538246633864945
43,warm,420,0.11334924399852753,0.00020824636158067733,0.885009765625,0.114990234375,2,726,473,0.09051274508237839,0.2891078591346741,0.30081549286842346,0.29847031831741333,0.006620768527504595,1.0068583476220477e-05,0.006610699944028724,0.005507833092674427
43,warm,440,0.11309921741485596,0.00020824636158067733,0.885498046875,0.114501953125,2,727,465,0.09033829718828201,0.28912022709846497,0.30050623416900635,0.2984287142753601,0.006822505275344781,1.809759680408197e-05,0.006804407678541083,0.005433712788767461
43,warm,460,0.11398963630199432,0.00020824636158067733,0.88494873046875,0.11505126953125,2,730,469,0.09119172394275665,0.28934621810913086,0.30183741450309753,0.2988734245300293,0.006255234737913895,9.22986126228125e-06,0.006246004876651921,0.005457639498895314
43,warm,480,0.11450962722301483,0.00020824636158067733,0.884521484375,0.115478515625,2,731,476,0.0914519727230072,0.2911226153373718,0.30230945348739624,0.3016866445541382,0.00659628049907468,4.382354048857546e-06,0.006591898145026155,0.005511033131592721
43,warm,500,0.1132042333483696,0.00020824636158067733,0.88446044921875,0.11553955078125,2,724,476,0.09037298709154129,0.28797850012779236,0.3005541265010834,0.2965741753578186,0.006290846705091724,3.835872321578679e-06,0.006287010832770609,0.005496685692601186
43,warm,520,0.11399062722921371,0.00020824636158067733,0.8848876953125,0.1151123046875,2,727,468,0.09123983234167099,0.28887978196144104,0.30200448632240295,0.29809099435806274,0.0058531023030852225,8.427728054539053e-06,0.005844674575030835,0.0052798887711514725
43,warm,540,0.11370846629142761,0.00020824636158067733,0.8851318359375,0.1148681640625,2,727,468,0.09098058938980103,0.2888411581516266,0.30151626467704773,0.2980356812477112,0.005387945683473561,1.1855862525988418e-05,0.005376089820948039,0.005426583812773042
43,warm,560,0.1134394034743309,0.00020824636158067733,0.884765625,0.115234375,2,730,468,0.09073440730571747,0.28776752948760986,0.30112844705581665,0.2962341904640198,0.0062018355682127435,6.933161164135405e-06,0.006194902407049011,0.005566564149598871
43,warm,580,0.11374713480472565,0.00020824636158067733,0.88494873046875,0.11505126953125,2,733,470,0.09094756096601486,0.28911641240119934,0.3015255630016327,0.298496812582016,0.0059982760692989245,9.22986126228125e-06,0.005989046208036886,0.005519877138108295
43,warm,600,0.11406518518924713,0.00020824636158067733,0.8839111328125,0.1160888671875,2,730,470,0.09123612195253372,0.28788772225379944,0.30191490054130554,0.2964172959327698,0.0068661429984828715,5.559847367119972e-07,0.006865587013746483,0.005769863929567673
43,warm,620,0.11370439827442169,0.00020824636158067733,0.8846435546875,0.1153564453125,2,732,471,0.09081518650054932,0.289236843585968,0.301273912191391,0.2986031174659729,0.005716271393616523,5.5847480002313e-06,0.005710686645616593,0.005201645640449878
43,warm,640,0.11321601271629333,0.00020824636158067733,0.8846435546875,0.1153564453125,2,727,469,0.090468630194664,0.28766074776649475,0.3006625473499298,0.2960697114467621,0.006353163179305454,5.5847480002313e-06,0.006347578431305461,0.0055862301826391375
43,warm,660,0.11382865905761719,0.00020824636158067733,0.88458251953125,0.11541748046875,2,730,465,0.09106410294771194,0.28830084204673767,0.30170613527297974,0.29709309339523315,0.005888826705636063,4.965307018767835e-06,0.005883861398617513,0.005356090901154839
43,warm,680,0.11368151009082794,0.00020824636158067733,0.88543701171875,0.11456298828125,2,726,475,0.09102883189916611,0.2887599468231201,0.3014390170574188,0.29779252409935,0.007849292990435686,1.696555273700295e-05,0.00783232743769902,0.007212434423531686
43,warm,700,0.1129995733499527,0.00020824636158067733,0.88531494140625,0.11468505859375,2,730,464,0.09033137559890747,0.2879874110221863,0.30053776502609253,0.2966102957725525,0.006479013275388468,1.4811621646955257e-05,0.006464201653741773,0.005473282938733046
43,warm,720,0.11312796175479889,0.00020824636158067733,0.88525390625,0.11474609375,2,730,463,0.0905100628733635,0.2876226603984833,0.30079853534698486,0.29597294330596924,0.006405069882752912,1.3789700592723103e-05,0.006391280182160601,0.005324489321760648
43,warm,740,0.11340029537677765,0.00020824636158067733,0.885498046875,0.114501953125,2,730,468,0.09071001410484314,0.28887510299682617,0.3011181652545929,0.2980283796787262,0.005567609180438637,1.809759680408197e-05,0.00554951158363488,0.005207370400280506
43,warm,760,0.1129726842045784,0.00020824636158067733,0.88470458984375,0.11529541015625,2,728,467,0.09032810479402542,0.286732941865921,0.3004855513572693,0.2945007383823395,0.005808659189646903,6.240693780300158e-06,0.005802418495866675,0.005361693126583286
43,warm,780,0.11380639672279358,0.00020824636158067733,0.884521484375,0.115478515625,2,728,472,0.0909600555896759,0.2888006567955017,0.3015003502368927,0.2979487180709839,0.00604513416765684,4.382354048857546e-06,0.006040751813608235,0.005251851166799479
43,warm,800,0.11323791742324829,0.00020824636158067733,0.8853759765625,0.1146240234375,2,731,464,0.09062681347131729,0.2878900170326233,0.30098316073417664,0.2964153587818146,0.005745398950971037,1.5870233359576314e-05,0.005729528717611943,0.005249218114154228
43,warm,820,0.11312203854322433,0.00020824636158067733,0.88555908203125,0.11444091796875,2,732,469,0.09038278460502625,0.2890814542770386,0.30056247115135193,0.2984224557876587,0.005990551832660174,1.9266382604199613e-05,0.005971285450056381,0.00525288112953147
43,warm,840,0.11358892917633057,0.00020824636158067733,0.8853759765625,0.1146240234375,2,729,475,0.09076083451509476,0.2899170517921448,0.30116865038871765,0.29973089694976807,0.005755729464731019,1.5870233359576314e-05,0.005739859231371906,0.005271705130548962
43,warm,860,0.11342496424913406,0.00020824636158067733,0.88482666015625,0.11517333984375,2,730,468,0.09070289134979248,0.2879887521266937,0.30112525820732117,0.2966247498989105,0.006877007138250235,7.66216697504758e-06,0.006869344971275416,0.005202988309288212
43,warm,880,0.11383185535669327,0.00020824636158067733,0.8846435546875,0.1153564453125,2,732,464,0.09110242128372192,0.2881389558315277,0.30168333649635315,0.2968405783176422,0.006151670681724397,5.5847480002313e-06,0.00614608593372445,0.005539422564875149
43,warm,900,0.11363644897937775,0.00020824636158067733,0.88555908203125,0.11444091796875,2,735,467,0.09085562080144882,0.2899174988269806,0.301351934671402,0.29981642961502075,0.0058945963362972975,1.9266382604199613e-05,0.0058753299536934474,0.005187112468088326
43,warm,920,0.11323556303977966,0.00020824636158067733,0.8856201171875,0.1143798828125,2,726,469,0.09048575907945633,0.289382666349411,0.3007297217845917,0.29886943101882935,0.006473536673006208,2.047192719925508e-05,0.006453064745807105,0.005233330253072363
43,warm,940,0.1139141321182251,0.00020824636158067733,0.8857421875,0.1142578125,2,730,468,0.09107015281915665,0.2910037338733673,0.3016737103462219,0.3015763461589813,0.005915730377459738,2.2993361114625847e-05,0.005892737016345326,0.005311295507676714
43,warm,960,0.11302042007446289,0.00020824636158067733,0.88525390625,0.11474609375,2,724,469,0.0902000442147255,0.2890772521495819,0.30026206374168396,0.29831328988075256,0.006201983855866899,1.3789700592723103e-05,0.006188194155274648,0.0053107168362157425
43,warm,980,0.11365571618080139,0.00020824636158067733,0.885009765625,0.114990234375,2,731,466,0.09074191004037857,0.29000937938690186,0.30115678906440735,0.2998770475387573,0.006955435478452898,1.0068583476220477e-05,0.00694536689497695,0.005107679718316813
43,warm,1000,0.11319495737552643,0.00020824636158067733,0.884765625,0.115234375,2,725,465,0.09029775857925415,0.28899893164634705,0.3004106879234314,0.2982270419597626,0.006708382109358979,6.933161164135405e-06,0.006701448948195084,0.005317238051470649
43,warm,1020,0.11351317167282104,0.00020824636158067733,0.88531494140625,0.11468505859375,2,731,467,0.09078391641378403,0.28897249698638916,0.3012455105781555,0.2982668876647949,0.006277425339071385,1.4811621646955257e-05,0.006262613717424803,0.005188244046844356
43,warm,1040,0.1135004311800003,0.00020824636158067733,0.88568115234375,0.11431884765625,2,727,460,0.09090576320886612,0.288551926612854,0.30141618847846985,0.29757189750671387,0.005751567322299422,2.1714247669711063e-05,0.005729853074629976,0.00528181571393814
43,warm,1060,0.1129237711429596,0.00020824636158067733,0.88525390625,0.11474609375,2,731,469,0.09024812281131744,0.2878640592098236,0.3003557026386261,0.29641610383987427,0.006531571933741986,1.3789700592723103e-05,0.006517782233149684,0.0053388328099071986
43,warm,1080,0.113470159471035,0.00020824636158067733,0.8848876953125,0.1151123046875,2,726,464,0.09053783863782883,0.289754718542099,0.30083000659942627,0.2995571494102478,0.005932394132109664,8.427728054539053e-06,0.005923966404055392,0.005136370827353839
43,warm,1100,0.11341403424739838,0.00020824636158067733,0.88470458984375,0.11529541015625,2,723,470,0.0904160812497139,0.28988590836524963,0.30062949657440186,0.29966026544570923,0.006439413283082729,6.240693780300158e-06,0.00643317258930263,0.005293988834860083
43,warm,1120,0.11327511072158813,0.00020824636158067733,0.8851318359375,0.1148681640625,2,722,467,0.09034578502178192,0.2899600863456726,0.3004396855831146,0.2995777428150177,0.0066782102956537415,1.1855862525988418e-05,0.006666354433128166,0.005637446375881136
43,warm,1140,0.11396457254886627,0.00020824636158067733,0.88507080078125,0.11492919921875,2,731,482,0.0911746397614479,0.28947004675865173,0.30187034606933594,0.29909032583236694,0.00612375004202903,1.0943911592751392e-05,0.0061128061304367475,0.005200517590533291
43,warm,1160,0.11382413655519485,0.00020824636158067733,0.8846435546875,0.1153564453125,2,734,481,0.0908525362610817,0.28998830914497375,0.3013518452644348,0.29984188079833984,0.0063363890629304365,5.5847480002313e-06,0.0063308043149306,0.005283455074500107
43,warm,1180,0.113197460770607,0.00020824636158067733,0.8846435546875,0.1153564453125,2,734,472,0.09023351967334747,0.2893029451370239,0.3002987205982208,0.29876598715782166,0.0059849273355254695,5.5847480002313e-06,0.0059793425875254835,0.005199227686939575
43,warm,1200,0.11355844140052795,0.00020824636158067733,0.88446044921875,0.11553955078125,2,726,474,0.09059635549783707,0.2893342673778534,0.3009067475795746,0.29878002405166626,0.006535228582656316,3.835872321578679e-06,0.006531392710335163,0.0051952830337950034
43,warm,1220,0.11308550089597702,0.00020824636158067733,0.88531494140625,0.11468505859375,2,723,470,0.09027361124753952,0.2891826033592224,0.3003997206687927,0.2985725700855255,0.007062551406129103,1.4811621646955257e-05,0.007047739784482405,0.005151062280897331
43,warm,1240,0.11325868219137192,0.00020824636158067733,0.88507080078125,0.11492919921875,2,727,461,0.09045469760894775,0.2888723909854889,0.3006713092327118,0.2980763018131256,0.006553064988843005,1.0943911592751392e-05,0.0065421210772506535,0.005273441763388273
43,warm,1260,0.1140688881278038,0.00020824636158067733,0.8851318359375,0.1148681640625,2,732,467,0.09128577262163162,0.2896272540092468,0.302070289850235,0.29935264587402344,0.006539917522609073,1.1855862525988418e-05,0.006528061660083653,0.0051942857910444035
43,warm,1280,0.11287657171487808,0.00020824636158067733,0.88494873046875,0.11505126953125,2,725,461,0.09017115831375122,0.2875215709209442,0.30021005868911743,0.29575374722480774,0.007024555504180796,9.22986126228125e-06,0.007015325642918739,0.005709155238259864
43,warm,1300,0.11389828473329544,0.00020824636158067733,0.8848876953125,0.1151123046875,2,725,472,0.09097698330879211,0.2900983393192291,0.30153244733810425,0.3001229763031006,0.006700645227105895,8.427728054539053e-06,0.00669221749905156,0.005338362266452332
43,warm,1320,0.11355888098478317,0.00020824636158067733,0.88543701171875,0.11456298828125,2,731,473,0.09094259142875671,0.28835609555244446,0.30146288871765137,0.297245055437088,0.006298693188732329,1.696555273700295e-05,0.006281727635995842,0.005313291259194539
43,warm,1340,0.1130196750164032,0.00020824636158067733,0.88531494140625,0.11468505859375,2,727,474,0.0902874618768692,0.28850165009498596,0.3004055321216583,0.2974538803100586,0.006218695846477829,1.4811621646955257e-05,0.006203884224831137,0.005308230059422367
43,warm,1360,0.11365542560815811,0.00020824636158067733,0.88427734375,0.11572265625,2,726,466,0.09071000665426254,0.288989394903183,0.3011162579059601,0.29829826951026917,0.007045083650886852,2.4150871767717385e-06,0.00704266856371036,0.005394348570230231
43,warm,1380,0.11355174332857132,0.00020824636158067733,0.8848876953125,0.1151123046875,2,726,463,0.09091118723154068,0.28759363293647766,0.30139967799186707,0.29594358801841736,0.005716854849019626,8.427728054539053e-06,0.0057084271209653595,0.00556207232261384
43,warm,1400,0.11358508467674255,0.00020824636158067733,0.884521484375,0.115478515625,2,728,476,0.09075796604156494,0.28843215107917786,0.30114370584487915,0.2973705232143402,0.006108977010448768,4.382354048857546e-06,0.0061045946564002185,0.005525345987957717
43,warm,1420,0.11404494196176529,0.00020824636158067733,0.88458251953125,0.11541748046875,2,736,474,0.09109507501125336,0.289937287569046,0.30171918869018555,0.2998598515987396,0.006368975639638563,4.965307018767835e-06,0.0063640103326199175,0.005052032139469684
43,warm,1440,0.11344725638628006,0.00020824636158067733,0.884521484375,0.115478515625,2,730,467,0.09044573456048965,0.28963011503219604,0.30064657330513,0.2992861866950989,0.006602741123792555,4.382354048857546e-06,0.006598358769743913,0.005259092083401792
43,warm,1460,0.11379112303256989,0.00020824636158067733,0.884765625,0.115234375,2,732,477,0.09075487405061722,0.2906627058982849,0.30120259523391724,0.3010467290878296,0.0061296065549001355,6.933161164135405e-06,0.006122673393736255,0.005171074700451736
43,warm,1480,0.1127997487783432,0.00020824636158067733,0.88494873046875,0.11505126953125,2,723,469,0.0898045152425766,0.2896740734577179,0.2996392548084259,0.2994469106197357,0.006468685406439079,9.22986126228125e-06,0.006459455545177127,0.005242791362657026
43,warm,1500,0.11391036212444305,0.00020824636158067733,0.884521484375,0.115478515625,2,736,475,0.09080728143453598,0.2908712327480316,0.3012505769729614,0.30140572786331177,0.006530020695940664,4.382354048857546e-06,0.00652563834189205,0.004991585157081299
43,warm,1520,0.1136666089296341,0.00020824636158067733,0.88427734375,0.11572265625,2,726,475,0.09072994440793991,0.28893357515335083,0.3011118471622467,0.298187792301178,0.006585808227832501,2.4150871767717385e-06,0.006583393140655954,0.005105319288527407
43,warm,1540,0.11320038884878159,0.00020824636158067733,0.88427734375,0.11572265625,2,722,473,0.090288907289505,0.28827500343322754,0.3003844916820526,0.2971028685569763,0.0062654960864207965,2.4150871767717385e-06,0.006263080999244239,0.005407098863765877
43,warm,1560,0.11357945203781128,0.00020824636158067733,0.884521484375,0.115478515625,2,723,476,0.09056150913238525,0.2898881137371063,0.3008579909801483,0.2996298372745514,0.006338293162848174,4.382354048857546e-06,0.006333910808799505,0.005391211075443589
43,warm,1580,0.1133492961525917,0.00020824636158067733,0.885498046875,0.114501953125,2,727,466,0.09058771282434464,0.2893754839897156,0.30093148350715637,0.2989080846309662,0.0059775145498903726,1.809759680408197e-05,0.005959416953086577,0.005229249881490414
43,warm,1600,0.1136028915643692,0.00020824636158067733,0.88623046875,0.11376953125,2,732,473,0.09095428884029388,0.2900286614894867,0.30148231983184814,0.2999693751335144,0.006742316582680985,3.45528737973784e-05,0.0067077637088837575,0.005440763453630079
43,warm,1620,0.11321395635604858,0.00020824636158067733,0.88555908203125,0.11444091796875,2,728,463,0.09046096354722977,0.2892795503139496,0.30070650577545166,0.2987299859523773,0.0060208067887330685,1.9266382604199613e-05,0.006001540406129298,0.0050803476999544545
43,warm,1640,0.1131245493888855,0.00020824636158067733,0.8853759765625,0.1146240234375,2,728,472,0.0904078483581543,0.2885921597480774,0.3005795478820801,0.2976144850254059,0.006742855374618273,1.5870233359576314e-05,0.006726985141259129,0.005404033728377708
43,warm,1660,0.11267679184675217,0.00020824636158067733,0.88592529296875,0.11407470703125,2,720,466,0.09002774208784103,0.2885734438896179,0.2999613881111145,0.2975272834300995,0.006727429205788837,2.7051630565939032e-05,0.006700377575223357,0.00547030693382565
43,warm,1680,0.11382743716239929,0.00020824636158067733,0.8851318359375,0.1148681640625,2,731,468,0.09092648327350616,0.29029381275177,0.3014732897281647,0.3004445731639862,0.007019015222617497,1.1855862525988418e-05,0.007007159360092064,0.005262348932997138
43,warm,1700,0.11342599242925644,0.00020824636158067733,0.88525390625,0.11474609375,2,729,468,0.0905829444527626,0.2896576523780823,0.30089545249938965,0.2993311285972595,0.00678376734213515,1.3789700592723103e-05,0.006769977641542911,0.005109912687880733
43,warm,1720,0.1136835515499115,0.00020824636158067733,0.88470458984375,0.11529541015625,2,736,469,0.09071686118841171,0.28991544246673584,0.3011220693588257,0.2997657060623169,0.006601402864184536,6.240693780300158e-06,0.006595162170404334,0.004981474137134664
43,warm,1740,0.11327412724494934,0.00020824636158067733,0.8846435546875,0.1153564453125,2,723,469,0.09029656648635864,0.28948408365249634,0.3004358410835266,0.2991228401660919,0.007043894395614814,5.5847480002313e-06,0.007038309647614864,0.0052838170533914125
43,warm,1760,0.11386875808238983,0.00020824636158067733,0.8853759765625,0.1146240234375,2,732,475,0.0910232663154602,0.29033133387565613,0.30161812901496887,0.30053141713142395,0.006454839804796109,1.5870233359576314e-05,0.006438969571436942,0.005239389852472395
43,warm,1780,0.11346063762903214,0.00020824636158067733,0.88494873046875,0.11505126953125,2,727,466,0.09052391350269318,0.2898848354816437,0.300845205783844,0.2997663915157318,0.006095454195751415,9.22986126228125e-06,0.0060862243344892986,0.00507433464485528
43,warm,1800,0.11350888013839722,0.00020824636158067733,0.885009765625,0.114990234375,2,731,473,0.09060350805521011,0.2897975742816925,0.30094078183174133,0.29965856671333313,0.006585782358165204,1.0068583476220477e-05,0.006575713774689169,0.005237194601472747
43,warm,1820,0.11364381015300751,0.00020824636158067733,0.8843994140625,0.1156005859375,2,728,474,0.09074137359857559,0.2888583838939667,0.30114322900772095,0.2980770468711853,0.00690654801365298,3.325845086035533e-06,0.0069032221685672805,0.005383273434968014
43,warm,1840,0.11372113972902298,0.00020824636158067733,0.884521484375,0.115478515625,2,728,470,0.09080439805984497,0.2892545759677887,0.3012372851371765,0.2986178696155548,0.006429837227919677,4.382354048857546e-06,0.006425454873871065,0.00530860064577153
43,warm,1860,0.1137089803814888,0.00020824636158067733,0.88458251953125,0.11541748046875,2,733,471,0.0906556248664856,0.29039451479911804,0.3010328412055969,0.30046164989471436,0.007056968152760135,4.965307018767835e-06,0.007052002845741606,0.0052634539035761735
43,warm,1880,0.11311351507902145,0.00020824636158067733,0.8853759765625,0.1146240234375,2,731,469,0.09029112756252289,0.2893976867198944,0.30043724179267883,0.2989043593406677,0.006310708384994257,1.5870233359576314e-05,0.00629483815163508,0.0052194459433348855
43,warm,1900,0.11354046314954758,0.00020824636158067733,0.8848876953125,0.1151123046875,2,732,469,0.09058541804552078,0.2899998426437378,0.30092281103134155,0.2998588979244232,0.0065488841399243825,8.427728054539053e-06,0.0065404564118700026,0.005208488052853663
43,warm,1920,0.11361420899629593,0.00020824636158067733,0.88525390625,0.11474609375,2,733,472,0.09082083404064178,0.28946271538734436,0.3012272119522095,0.2990136444568634,0.006165767169299841,1.3789700592723103e-05,0.0061519774687075965,0.00545811745655099
43,warm,1940,0.11300284415483475,0.00020824636158067733,0.884521484375,0.115478515625,2,717,467,0.09006454050540924,0.2887016236782074,0.30002865195274353,0.2977985143661499,0.009358556119700268,4.382354048857546e-06,0.00935417376565166,0.00726947626503259
43,warm,1960,0.11319974064826965,0.00020824636158067733,0.884765625,0.115234375,2,731,464,0.09035096317529678,0.2886318564414978,0.3005085289478302,0.2976798415184021,0.007292064264042608,6.933161164135405e-06,0.007285131102878848,0.005537246871649568
43,warm,1980,0.11334428191184998,0.00020824636158067733,0.884765625,0.115234375,2,726,467,0.09043209999799728,0.28926321864128113,0.3006175756454468,0.29872074723243713,0.006726595115473799,6.933161164135405e-06,0.006719661954309907,0.005167252508949768
43,warm,2000,0.11344292759895325,0.00020824636158067733,0.8851318359375,0.1148681640625,2,734,465,0.0906139686703682,0.2893546521663666,0.30093619227409363,0.2988652288913727,0.007461764486656364,1.1855862525988418e-05,0.0074499086241307955,0.0049491158072168945
44,scratch,0,0.7800021767616272,0.00020824636158067733,0.47039794921875,0.52960205078125,2,1321,1144,0.6747490763664246,0.8734890818595886,0.691622793674469,0.6733536124229431,5.413710009478386,0.5057374881113484,4.9079725213670375,1.4175482219227387
44,scratch,20,0.548308253288269,0.00020824636158067733,0.552978515625,0.447021484375,2,1299,1084,0.46723270416259766,0.6486009955406189,0.6209535598754883,0.5886608958244324,3.1302497568620353,0.34224103598918415,2.788008720872851,1.0344926136979165
44,scratch,40,0.38049453496932983,0.00020824636158067733,0.636474609375,0.363525390625,2,1202,945,0.3152417540550232,0.4947417080402374,0.5440301299095154,0.5060341954231262,1.653339067058191,0.20512220446270346,1.4482168625954879,0.727609772647379
44,scratch,60,0.282981812953949,0.00020824636158067733,0.71173095703125,0.28826904296875,2,1089,777,0.23150226473808289,0.41008391976356506,0.47973161935806274,0.438252329826355,0.9341888620618235,0.10742452891379053,0.8267643331480333,0.5333113417266259
44,scratch,80,0.23168393969535828,0.00020824636158067733,0.77191162109375,0.22808837890625,2,994,626,0.19226299226284027,0.365094929933548,0.4383757710456848,0.3828951418399811,0.6273542303970814,0.049094129763751784,0.57826010063333,0.4330230303542021
44,scratch,100,0.20135071873664856,0.00020824636158067733,0.82183837890625,0.17816162109375,2,946,519,0.16959519684314728,0.34783515334129333,0.4110127091407776,0.344073623418808,0.4788815883205402,0.016268854261758246,0.4626127340587821,0.3806265337054765
44,scratch,120,0.17896360158920288,0.00020824636158067733,0.86785888671875,0.13214111328125,2,898,425,0.15414421260356903,0.3419690430164337,0.3917004466056824,0.3184312582015991,0.38322754409767157,0.0011563150261745554,0.38207122907149726,0.36062195195813274
44,scratch,140,0.16024577617645264,0.00020824636158067733,0.90472412109375,0.09527587890625,2,868,364,0.14097285270690918,0.3432582914829254,0.37466365098953247,0.3053185045719147,0.31195723158798927,0.002300621416806165,0.3096566101711834,0.36712063065464917
44,scratch,160,0.14599263668060303,0.00020824636158067733,0.92816162109375,0.07183837890625,2,829,312,0.13083668053150177,0.34180954098701477,0.36122825741767883,0.2898269593715668,0.2607521202660834,0.011008348230898302,0.24974377203518544,0.38892766319735983
44,scratch,180,0.1338130235671997,0.00020824636158067733,0.94427490234375,0.05572509765625,2,805,262,0.12166023254394531,0.33974483609199524,0.3485235869884491,0.27440693974494934,0.22182030993717916,0.021680681391875435,0.2001396285453041,0.42440462475610274
44,scratch,200,0.12607218325138092,0.00020824636158067733,0.95184326171875,0.04815673828125,2,792,243,0.11524704098701477,0.3400369882583618,0.3393234610557556,0.26443585753440857,0.19791084319222563,0.028329358970849983,0.169581484221376,0.4501796426932242
44,scratch,220,0.11899493634700775,0.00020824636158067733,0.95928955078125,0.04071044921875,2,771,228,0.10943909734487534,0.34416627883911133,0.3307396471500397,0.2599615454673767,0.1844626648297023,0.036094114987190416,0.14836854984251208,0.4874472065796408
44,scratch,240,0.11426647007465363,0.00020824636158067733,0.962646484375,0.037353515625,2,752,208,0.10536118596792221,0.34376636147499084,0.32446858286857605,0.25462910532951355,0.17237029213065824,0.04004575487884618,0.13232453725181256,0.4933666463778036
44,scratch,260,0.1108742505311966,0.00020824636158067733,0.96478271484375,0.03521728515625,2,737,195,0.10228075832128525,0.346294105052948,0.3196641802787781,0.25420984625816345,0.16418718356799644,0.04272205422468611,0.12146512934331063,0.49273858951459715
44,scratch,280,0.10818948596715927,0.00020824636158067733,0.96630859375,0.03369140625,2,728,198,0.0997762456536293,0.34949085116386414,0.3157595098018646,0.25570473074913025,0.15790077972342687,0.0447155079949217,0.11318527172850545,0.49019149220225244
44,scratch,300,0.10620448738336563,0.00020824636158067733,0.9681396484375,0.0318603515625,2,723,196,0.09812534600496292,0.35170483589172363,0.31315770745277405,0.25720199942588806,0.15309474114547328,0.04720236827839233,0.10589237286708136,0.4851498079017301
44,scratch,320,0.10500957071781158,0.00020824636158067733,0.9686279296875,0.0313720703125,2,720,198,0.09702035784721375,0.3516804873943329,0.31136178970336914,0.259791761636734,0.14725443119532855,0.04788364679415971,0.09937078440116928,0.4719129035886408
44,scratch,340,0.10467210412025452,0.00020824636158067733,0.96771240234375,0.03228759765625,2,718,198,0.09647943824529648,0.3502197861671448,0.3103351593017578,0.26246631145477295,0.1443560291161745,0.04661259431458006,0.09774343480159484,0.4502261258905901
44,scratch,360,0.10374194383621216,0.00020824636158067733,0.9686279296875,0.0313720703125,2,724,207,0.09578929096460342,0.3492836356163025,0.30932849645614624,0.26540082693099976,0.1407831761469467,0.04788364679415971,0.09289952935278736,0.43322292449124233
44,scratch,380,0.10430469363927841,0.00020824636158067733,0.9669189453125,0.0330810546875,2,723,221,0.09594818949699402,0.3485551178455353,0.30943745374679565,0.2700248062610626,0.13593461588680356,0.04553274392099747,0.09040187196580626,0.4070149861083746
44,scratch,400,0.10339123010635376,0.00020824636158067733,0.96746826171875,0.03253173828125,2,721,221,0.09527840465307236,0.344660222530365,0.30852848291397095,0.2712841331958771,0.13088878509807245,0.04627820848518009,0.0846105766128927,0.3887317106284581
44,scratch,420,0.10421795397996902,0.00020824636158067733,0.96514892578125,0.03485107421875,2,722,234,0.09564270824193954,0.34169629216194153,0.30905628204345703,0.2760448455810547,0.12588386082352798,0.043194123216925236,0.08268973760660306,0.3592604311863806
44,scratch,440,0.10396498441696167,0.00020824636158067733,0.96478271484375,0.03521728515625,2,726,235,0.09542451798915863,0.3379325270652771,0.3086242377758026,0.27944907546043396,0.12188750741989196,0.04272205422468611,0.07916545319520624,0.3372832711404453
44,scratch,460,0.10331955552101135,0.00020824636158067733,0.96429443359375,0.03570556640625,2,726,243,0.09467850625514984,0.33668696880340576,0.30752477049827576,0.28422611951828003,0.11791137111213601,0.04209876214086328,0.07581260897127294,0.32068617209119565
44,scratch,480,0.10472521930932999,0.00020824636158067733,0.9605712890625,0.0394287109375,2,720,264,0.09538393467664719,0.33229976892471313,0.3085489869117737,0.2895573675632477,0.11372906153774665,0.03756757042764699,0.07616149111010007,0.2944006159243554
44,scratch,500,0.10484322905540466,0.00020824636158067733,0.9593505859375,0.0406494140625,2,726,268,0.0953294038772583,0.32937487959861755,0.30862608551979065,0.2965456545352936,0.1079801526291746,0.03616331542390533,0.07181683720526959,0.26291931085256237
44,scratch,520,0.10563328117132187,0.00020824636158067733,0.95709228515625,0.04290771484375,2,731,278,0.09561292827129364,0.32914575934410095,0.3090387284755707,0.3055480420589447,0.10231570758042352,0.0336653930799712,0.06865031450045256,0.24269088271943928
44,scratch,540,0.10699955374002457,0.00020824636158067733,0.95281982421875,0.04718017578125,2,726,306,0.09615486115217209,0.3260118067264557,0.30964893102645874,0.310687392950058,0.09843261603673881,0.02927462338263271,0.06915799265410644,0.21832512646619306
44,scratch,560,0.10760466009378433,0.00020824636158067733,0.9510498046875,0.0489501953125,2,731,323,0.09628686308860779,0.3274972438812256,0.3098742663860321,0.31902846693992615,0.09455855166452665,0.0275766705762117,0.06698188108831536,0.20306699067554745
44,scratch,580,0.107143834233284,0.00020824636158067733,0.94915771484375,0.05084228515625,2,729,320,0.09549370408058167,0.32463622093200684,0.3087617754936218,0.3223484456539154,0.09083813879333746,0.025835994687208194,0.06500214410612949,0.1849192562960934
44,scratch,600,0.10702841728925705,0.00020824636158067733,0.94732666015625,0.05267333984375,2,727,329,0.09525416791439056,0.3187876343727112,0.30829235911369324,0.3217592239379883,0.08645690188568977,0.02422214605432956,0.06223475583136075,0.17080837489015266
44,scratch,620,0.10677982866764069,0.00020824636158067733,0.94635009765625,0.05364990234375,2,729,330,0.09475608915090561,0.3188713788986206,0.3076804280281067,0.3254900574684143,0.08364108924507008,0.023389044803016915,0.06025204444205352,0.16127831516609603
44,scratch,640,0.10889126360416412,0.00020824636158067733,0.9423828125,0.0576171875,2,734,338,0.09580334275960922,0.322956383228302,0.3091734051704407,0.33265939354896545,0.08107606525737054,0.02019447114166875,0.06088159411570228,0.15278101321859594
44,scratch,660,0.10848978906869888,0.00020824636158067733,0.942138671875,0.057861328125,2,738,358,0.09542953968048096,0.3211458921432495,0.3087390959262848,0.3341827690601349,0.07758673782955583,0.020007548427928068,0.05757918940162797,0.13766065186177456
44,scratch,680,0.10886849462985992,0.00020824636158067733,0.94036865234375,0.05963134765625,2,734,365,0.09530821442604065,0.3227100968360901,0.3085571825504303,0.3387712240219116,0.07519873084020645,0.018684792452274036,0.056513938387932595,0.12285342396466602
44,scratch,700,0.1103149950504303,0.00020824636158067733,0.93792724609375,0.06207275390625,2,737,378,0.09611484408378601,0.324880987405777,0.30967977643013,0.34301772713661194,0.07298967447132299,0.01695167652952305,0.05603799794180016,0.11249972045447519
44,scratch,720,0.10972723364830017,0.00020824636158067733,0.9381103515625,0.0618896484375,2,740,376,0.09547986090183258,0.3256860375404358,0.308811217546463,0.3454512357711792,0.07168330881250284,0.017078061270909668,0.05460524754159357,0.1080308235334496
44,scratch,740,0.10904110968112946,0.00020824636158067733,0.93719482421875,0.06280517578125,2,735,368,0.09464962035417557,0.32379457354545593,0.3075047433376312,0.3446720242500305,0.0707539162256623,0.01645188060798676,0.054302035617675826,0.10529404923112905
44,scratch,760,0.10856864601373672,0.00020824636158067733,0.93707275390625,0.06292724609375,2,737,368,0.09417623281478882,0.3228915333747864,0.3067714273929596,0.34409192204475403,0.06855475482807805,0.01636947004140632,0.05218528478667204,0.10274612703619367
44,scratch,780,0.10921033471822739,0.00020824636158067733,0.93634033203125,0.06365966796875,2,741,382,0.09471333026885986,0.322439968585968,0.3075772225856781,0.3441925644874573,0.06800887686477353,0.015880297467521225,0.052128579397252656,0.09805421244640909
44,scratch,800,0.11062480509281158,0.00020824636158067733,0.93438720703125,0.06561279296875,2,746,392,0.09545636177062988,0.32663771510124207,0.3086995780467987,0.3493987023830414,0.06614656527454343,0.014619578205923967,0.051526987068619676,0.09309056565075023
44,scratch,820,0.109491266310215,0.00020824636158067733,0.93414306640625,0.06585693359375,2,740,389,0.09431871026754379,0.3247053027153015,0.3069303333759308,0.3476063013076782,0.06463864438483569,0.014466399154481363,0.05017224523035453,0.09132563086427124
44,scratch,840,0.10917292535305023,0.00020824636158067733,0.934326171875,0.065673828125,2,735,383,0.09407438337802887,0.3239763677120209,0.30650895833969116,0.3470779359340668,0.06395489405331745,0.014581192428538767,0.04937370162477889,0.08922149276008438
44,scratch,860,0.1090751364827156,0.00020824636158067733,0.93402099609375,0.06597900390625,2,735,392,0.09386979788541794,0.3243270814418793,0.3062024414539337,0.3475998044013977,0.06394697319120013,0.014390173163996697,0.04955680002720385,0.08845345208942033
44,scratch,880,0.11037652939558029,0.00020824636158067733,0.93218994140625,0.06781005859375,2,739,394,0.09469025582075119,0.326016902923584,0.30746185779571533,0.3496960401535034,0.06259468271746726,0.013275569784560314,0.049319112932907264,0.08503485484220162
44,scratch,900,0.10993150621652603,0.00020824636158067733,0.93212890625,0.06787109375,2,739,391,0.0944630354642868,0.32237258553504944,0.3071137070655823,0.3458497226238251,0.06105181730600151,0.013239337278118796,0.04781248002788284,0.08251170222615199
44,scratch,920,0.11020562052726746,0.00020824636158067733,0.93072509765625,0.06927490234375,2,739,401,0.09439375251531601,0.3226418197154999,0.3068532347679138,0.345709890127182,0.06075801028492123,0.012422143337598474,0.04833586694732302,0.08278139230355462
44,scratch,940,0.10953307151794434,0.00020824636158067733,0.9315185546875,0.0684814453125,2,739,399,0.09386210888624191,0.32269734144210815,0.306208074092865,0.34630313515663147,0.05947260724206416,0.01288024278427772,0.046592364457786806,0.08061884453604305
44,scratch,960,0.11022642254829407,0.00020824636158067733,0.9293212890625,0.0706787109375,2,740,400,0.09398704022169113,0.3237506151199341,0.3063701391220093,0.34730079770088196,0.059370324274645725,0.011635515926107072,0.04773480834853906,0.07888448602283914
44,scratch,980,0.10992568731307983,0.00020824636158067733,0.9295654296875,0.0704345703125,2,738,407,0.09377551078796387,0.3230687081813812,0.3060898780822754,0.34658682346343994,0.058227547368737476,0.011770149848261025,0.04645739752047683,0.07741871311122393
44,scratch,1000,0.11022424697875977,0.00020824636158067733,0.92864990234375,0.07135009765625,2,735,403,0.09392278641462326,0.32239431142807007,0.3062315881252289,0.3453301191329956,0.05794255454093644,0.011269943049304093,0.04667261149163267,0.07634315230211085
44,scratch,1020,0.11045612394809723,0.00020824636158067733,0.92694091796875,0.07305908203125,2,735,420,0.09359101206064224,0.32443317770957947,0.30581536889076233,0.3478623628616333,0.058871969406759206,0.010369956309193316,0.0485020130975662,0.0743989464983724
44,scratch,1040,0.10976441204547882,0.00020824636158067733,0.92767333984375,0.07232666015625,2,733,417,0.09318818151950836,0.3223739564418793,0.305143266916275,0.3455655872821808,0.057249547623364094,0.010750329128925831,0.04649921849443857,0.07447463492394034
44,scratch,1060,0.11008930206298828,0.00020824636158067733,0.927490234375,0.072509765625,2,739,415,0.0934753492474556,0.3226025402545929,0.3055470287799835,0.3453468084335327,0.05566326882472339,0.010654489274915142,0.04500877954980861,0.07440466337834094
44,scratch,1080,0.10965915024280548,0.00020824636158067733,0.9267578125,0.0732421875,2,737,405,0.09300852566957474,0.320345014333725,0.3048148453235626,0.34328484535217285,0.055310878947061326,0.010276103680297896,0.0450347752667637,0.0718667638150191
44,scratch,1100,0.11038510501384735,0.00020824636158067733,0.92559814453125,0.07440185546875,2,735,419,0.09352132678031921,0.32017946243286133,0.3055811822414398,0.34298449754714966,0.05474105708054111,0.009693127535784968,0.04504792954475646,0.07060721855782047
44,scratch,1120,0.11111495643854141,0.00020824636158067733,0.9248046875,0.0751953125,2,736,416,0.09402931481599808,0.3212461471557617,0.30642062425613403,0.3446654975414276,0.05438802375356744,0.00930551810623896,0.04508250564732866,0.06893427495492231
44,scratch,1140,0.11022273451089859,0.00020824636158067733,0.9254150390625,0.0745849609375,2,732,419,0.09346376359462738,0.3181602954864502,0.30551043152809143,0.34042972326278687,0.05371777928740329,0.009602871033512476,0.04411490825389111,0.06852334614927257
44,scratch,1160,0.1095103770494461,0.00020824636158067733,0.92559814453125,0.07440185546875,2,738,415,0.09282868355512619,0.31703951954841614,0.30444788932800293,0.33862191438674927,0.05244762013972348,0.009693127535784968,0.04275449260393869,0.06948856698840698
44,scratch,1180,0.1100102961063385,0.00020824636158067733,0.9251708984375,0.0748291015625,2,741,412,0.09329783171415329,0.3166394829750061,0.30525270104408264,0.3382317125797272,0.05165668284899283,0.00948328445658872,0.04217339839240442,0.06703266775115933
44,scratch,1200,0.11049041897058487,0.00020824636158067733,0.92486572265625,0.07513427734375,2,741,425,0.09344135969877243,0.3203558921813965,0.3055551052093506,0.34271588921546936,0.050915854441704766,0.009335011673403941,0.04158084276830128,0.06496524218641296
44,scratch,1220,0.11072219908237457,0.00020824636158067733,0.92291259765625,0.07708740234375,2,737,418,0.09358307719230652,0.31591683626174927,0.3056560456752777,0.3371807038784027,0.05032292241303793,0.008417592444287164,0.04190532996875092,0.06339603302444173
44,scratch,1240,0.11098792403936386,0.00020824636158067733,0.92205810546875,0.07794189453125,2,737,435,0.09340284764766693,0.31902068853378296,0.3054374158382416,0.34081146121025085,0.04947622656691664,0.008033156772599866,0.04144306979431704,0.062232657649697085
44,scratch,1260,0.11126327514648438,0.00020824636158067733,0.92156982421875,0.07843017578125,2,739,429,0.09376447647809982,0.3168775737285614,0.30595284700393677,0.3385952413082123,0.048465314642093915,0.007818047411800023,0.040647267230294354,0.06030790056797285
44,scratch,1280,0.11111530661582947,0.00020824636158067733,0.9193115234375,0.0806884765625,2,736,423,0.09322673827409744,0.3149259388446808,0.30511268973350525,0.33652305603027344,0.04808232185751393,0.006865783245308069,0.041216538612206144,0.05855984483172959
44,scratch,1300,0.11113409698009491,0.00020824636158067733,0.92022705078125,0.07977294921875,2,734,437,0.09320530295372009,0.31795310974121094,0.30509671568870544,0.339811235666275,0.04701307934811183,0.007243449108652766,0.039769630239459314,0.059257955189646036
44,scratch,1320,0.11060085147619247,0.00020824636158067733,0.92041015625,0.07958984375,2,739,428,0.09288625419139862,0.3154599368572235,0.3045691251754761,0.33656570315361023,0.04605484446511099,0.007320348640799047,0.03873449582431229,0.058328829852366634
44,scratch,1340,0.11049437522888184,0.00020824636158067733,0.9200439453125,0.0799560546875,2,740,429,0.09273315221071243,0.3148703873157501,0.30440452694892883,0.3356374204158783,0.04491172672788224,0.0071670062989338534,0.037744720428948615,0.05710870718871318
44,scratch,1360,0.11162959784269333,0.00020824636158067733,0.91845703125,0.08154296875,2,740,436,0.0936553105711937,0.3140823245048523,0.3058691918849945,0.33498236536979675,0.04428171505860945,0.006523492515834169,0.03775822254277541,0.05461245963783311
44,scratch,1380,0.11139322072267532,0.00020824636158067733,0.91802978515625,0.08197021484375,2,739,438,0.09322074800729752,0.31491658091545105,0.30518561601638794,0.33618149161338806,0.04440143578977285,0.0063560089813222385,0.03804542680845103,0.05409602389522204
44,scratch,1400,0.11223694682121277,0.00020824636158067733,0.91717529296875,0.08282470703125,2,743,443,0.09401912242174149,0.31397563219070435,0.30638325214385986,0.33524084091186523,0.04268795625176125,0.0060283076931477095,0.036659648558613804,0.052679515364839044
44,scratch,1420,0.1115027666091919,0.00020824636158067733,0.9168701171875,0.0831298828125,2,736,435,0.09333013743162155,0.3119354546070099,0.3052889406681061,0.33264046907424927,0.04174823363137392,0.005913605618940377,0.03583462801243388,0.0521725555529383
44,scratch,1440,0.11135078221559525,0.00020824636158067733,0.91656494140625,0.08343505859375,2,732,442,0.09296447783708572,0.31333106756210327,0.30472689867019653,0.3343138098716736,0.04185457426211059,0.005800125445784482,0.036054448816326315,0.05235453224417595
44,scratch,1460,0.11155654489994049,0.00020824636158067733,0.915771484375,0.084228515625,2,732,444,0.09308488667011261,0.31238916516304016,0.30492138862609863,0.33331117033958435,0.0410774395211817,0.005510766415295486,0.03556667310588644,0.05100239961142959
44,scratch,1480,0.11184234917163849,0.00020824636158067733,0.91497802734375,0.08502197265625,2,737,439,0.09341062605381012,0.3101983070373535,0.3054032623767853,0.3304675221443176,0.04005282550934197,0.005229569570102691,0.03482325593923976,0.04929108037435524
44,scratch,1500,0.11235141009092331,0.00020824636158067733,0.9139404296875,0.0860595703125,2,738,440,0.09356828778982162,0.3118254542350769,0.30564939975738525,0.33211350440979004,0.039765385049399526,0.004874051446753298,0.034891333602646624,0.048924799471246824
44,scratch,1520,0.11192593723535538,0.00020824636158067733,0.9136962890625,0.0863037109375,2,736,439,0.09324296563863754,0.3097223937511444,0.3051774203777313,0.3294241428375244,0.03881977685596638,0.00479239496158557,0.034027381894381044,0.04795913139354978
44,scratch,1540,0.11191432923078537,0.00020824636158067733,0.91326904296875,0.08673095703125,2,738,454,0.09291712194681168,0.31195324659347534,0.3045739531517029,0.3319095969200134,0.03810673667685904,0.004651313772020802,0.03345542290483843,0.04868619481680524
44,scratch,1560,0.11184892803430557,0.00020824636158067733,0.9117431640625,0.0882568359375,2,736,443,0.09270807355642319,0.3095846474170685,0.30431127548217773,0.3296752870082855,0.03765999301031542,0.004166193723151853,0.033493799287163936,0.04671244918540195
44,scratch,1580,0.11237452179193497,0.00020824636158067733,0.9110107421875,0.0889892578125,2,736,452,0.09304697811603546,0.31023672223091125,0.30484989285469055,0.33032822608947754,0.03675457658101067,0.003943641883907979,0.03281093469710291,0.046342415095973574
44,scratch,1600,0.11165274679660797,0.00020824636158067733,0.9114990234375,0.0885009765625,2,733,440,0.09264127165079117,0.3074578046798706,0.3042325973510742,0.32607409358024597,0.0363220531660815,0.004091271504373176,0.032230781661708716,0.04584798393011168
44,scratch,1620,0.11247482150793076,0.00020824636158067733,0.90997314453125,0.09002685546875,2,736,454,0.09310517460107803,0.3082592785358429,0.3049865961074829,0.3274798095226288,0.035412649497452264,0.0036396756407366428,0.031772973856716034,0.0442640493868066
44,scratch,1640,0.11281173676252365,0.00020824636158067733,0.90887451171875,0.09112548828125,2,733,451,0.09320041537284851,0.3084127902984619,0.30504921078681946,0.32772547006607056,0.034219118094192424,0.003332150608299462,0.03088696748589327,0.0441390492644541
44,scratch,1660,0.1116972267627716,0.00020824636158067733,0.90966796875,0.09033203125,2,735,453,0.09227830916643143,0.3072509467601776,0.30366161465644836,0.3260962665081024,0.03456890586021899,0.0035527810049661816,0.031016124855253,0.0436123442134385
44,scratch,1680,0.11261553317308426,0.00020824636158067733,0.9078369140625,0.0921630859375,2,736,456,0.09277494996786118,0.30805182456970215,0.3044191300868988,0.32752272486686707,0.03368330977246359,0.003055094721428269,0.03062821505103567,0.04263167594876448
44,scratch,1700,0.1126071959733963,0.00020824636158067733,0.90777587890625,0.09222412109375,2,737,454,0.09277188032865524,0.307849258184433,0.3045005202293396,0.32701635360717773,0.033515384479692045,0.003039199312302888,0.03047618516738962,0.04176005237354273
44,scratch,1720,0.11239030212163925,0.00020824636158067733,0.90655517578125,0.09344482421875,2,742,449,0.09239575266838074,0.30636751651763916,0.30382248759269714,0.3244883120059967,0.03270883540317726,0.0027306006798769288,0.02997823472330076,0.04173513856334919
44,scratch,1740,0.11370046436786652,0.00020824636158067733,0.90447998046875,0.09552001953125,2,740,465,0.09318798780441284,0.30793333053588867,0.30508580803871155,0.32701414823532104,0.03293681877840271,0.002246244392083742,0.030690574386319384,0.040212710316377506
44,scratch,1760,0.11277909576892853,0.00020824636158067733,0.9052734375,0.0947265625,2,745,452,0.09266865253448486,0.30496859550476074,0.3042614161968231,0.3231368064880371,0.0321193456118678,0.002425500378713811,0.02969384523315424,0.039983415868159664
44,scratch,1780,0.11316923797130585,0.00020824636158067733,0.90411376953125,0.09588623046875,2,742,456,0.09277824312448502,0.30543652176856995,0.30443698167800903,0.3240084648132324,0.03256635373400485,0.0021659719286642627,0.03040038180534104,0.039158400127457735
44,scratch,1800,0.11355032026767731,0.00020824636158067733,0.9034423828125,0.0965576171875,2,740,456,0.09304467588663101,0.3054114878177643,0.3048119843006134,0.3239494860172272,0.031929441917604606,0.0020228197953862034,0.029906622122218625,0.038568934332256485
44,scratch,1820,0.11347398906946182,0.00020824636158067733,0.90362548828125,0.09637451171875,2,744,454,0.09297636151313782,0.305663526058197,0.3047473728656769,0.3241491913795471,0.031093621037875607,0.002061347477741872,0.02903227356013402,0.037867703461638466
44,scratch,1840,0.11312103271484375,0.00020824636158067733,0.90313720703125,0.09686279296875,2,748,453,0.09254001826047897,0.3050159513950348,0.3039831519126892,0.32317399978637695,0.030559700470625728,0.001959460759960667,0.028600239710665318,0.03868933871239731
44,scratch,1860,0.1131567731499672,0.00020824636158067733,0.90313720703125,0.09686279296875,2,738,452,0.0927591621875763,0.3033415973186493,0.30438920855522156,0.3204614222049713,0.030140919236878005,0.001959460759960667,0.028181458476917685,0.03724629908651421
44,scratch,1880,0.11332368105649948,0.00020824636158067733,0.90264892578125,0.09735107421875,2,739,464,0.09275054186582565,0.3040798008441925,0.3044186234474182,0.321801096200943,0.029863367851071132,0.0018602994471061361,0.028003068403965336,0.035610362386473735
44,scratch,1900,0.11284681409597397,0.00020824636158067733,0.90234375,0.09765625,2,736,462,0.09211985021829605,0.30436381697654724,0.3033970892429352,0.3224964737892151,0.029082058514909193,0.0017997021938871496,0.02728235632102223,0.03557631864645826
44,scratch,1920,0.113802969455719,0.00020824636158067733,0.9012451171875,0.0987548828125,2,742,465,0.0928339883685112,0.3051675856113434,0.30450427532196045,0.3237086534500122,0.028932925037956636,0.0015902820937024366,0.027342642944254536,0.03532644865594646
44,scratch,1940,0.11323291063308716,0.00020824636158067733,0.901611328125,0.098388671875,2,738,457,0.0925198346376419,0.30304276943206787,0.304036408662796,0.3206391930580139,0.028413975317384654,0.0016585752999527421,0.026755400017432308,0.034749271283767466
44,scratch,1960,0.11387939751148224,0.00020824636158067733,0.90057373046875,0.09942626953125,2,741,463,0.09280375391244888,0.3047764003276825,0.3044421970844269,0.32315921783447266,0.028268283073707323,0.001468987857188353,0.026799295216519237,0.03503031215336248
44,scratch,1980,0.1133478581905365,0.00020824636158067733,0.89990234375,0.10009765625,2,732,457,0.09219005703926086,0.3035615384578705,0.3034239709377289,0.32122355699539185,0.027715967310363965,0.001352727792659797,0.026363239517704376,0.034755879985136726
44,scratch,2000,0.11357536911964417,0.00020824636158067733,0.89990234375,0.10009765625,2,742,463,0.09240514039993286,0.303900808095932,0.3038376569747925,0.3218000829219818,0.027227062958267823,0.001352727792659797,0.02587433516560824,0.03369137057711212
44,mle,0,0.7800021767616272,0.00020824636158067733,0.47039794921875,0.52960205078125,2,1321,1144,0.6747490763664246,0.8734890818595886,0.691622793674469,0.6733536124229431,5.413710009478386,0.5057374881113484,4.9079725213670375,1.4175482219227387
44,mle,100,0.1190432459115982,0.00020824636158067733,0.89892578125,0.10107421875,2,724,489,0.09634892642498016,0.32088008522987366,0.3103872239589691,0.3455951511859894,0.05356808507786326,0.0011925472191387405,0.05237553785872489,0.04251393173148697
44,mle,200,0.12152109295129776,0.00020824636158067733,0.88134765625,0.11865234375,2,724,512,0.09581129997968674,0.3124929964542389,0.3083602786064148,0.33198845386505127,0.036321224623684145,2.3938966592362398e-05,0.036297285657091866,0.030600733583237325
44,mle,300,0.11577321588993073,0.00020824636158067733,0.88922119140625,0.11077880859375,2,719,506,0.09200483560562134,0.30656200647354126,0.3032973110675812,0.32596510648727417,0.02273281244634262,0.00015728673180855773,0.02257552571453445,0.017476895978002158
44,mle,400,0.11793205142021179,0.00020824636158067733,0.87628173828125,0.12371826171875,2,714,505,0.09170641750097275,0.30368509888648987,0.3025057315826416,0.32053685188293457,0.021173309575537758,0.0002538572689958045,0.020919452306542248,0.014731356373199542
44,mle,500,0.11531224101781845,0.00020824636158067733,0.8831787109375,0.1168212890625,2,715,489,0.09072374552488327,0.30120328068733215,0.30102238059043884,0.3180459141731262,0.02110009844255245,7.551060303742207e-07,0.021099343336522483,0.013929407193468232
44,mle,600,0.11674563586711884,0.00020824636158067733,0.87542724609375,0.12457275390625,2,710,500,0.09077613800764084,0.29924464225769043,0.3011191487312317,0.31374791264533997,0.01578267153382029,0.00031620310414579716,0.015466468429674791,0.012205173037041259
44,mle,700,0.11511959135532379,0.00020824636158067733,0.8843994140625,0.1156005859375,2,719,494,0.09091447293758392,0.300300270318985,0.3011583685874939,0.3157331049442291,0.0156956561375452,3.325845086035533e-06,0.01569233029245955,0.013289260795540922
44,mle,800,0.12023361772298813,0.00020824636158067733,0.87603759765625,0.12396240234375,2,726,529,0.0937805250287056,0.3071766197681427,0.3061336278915405,0.32585716247558594,0.01643205075452414,0.00027098485876603153,0.016161065895758484,0.011917670913358033
44,mle,900,0.11340034753084183,0.00020824636158067733,0.88427734375,0.11572265625,2,714,481,0.08960903435945511,0.29519811272621155,0.299314945936203,0.3081723749637604,0.015488575831845708,2.4150871767717385e-06,0.015486160744669249,0.010102453999247682
44,mle,1000,0.11833164095878601,0.00020824636158067733,0.88385009765625,0.11614990234375,2,741,494,0.09463096410036087,0.2986835837364197,0.3073894679546356,0.3138415217399597,0.012558146813539395,3.732971035144976e-07,0.012557773516436286,0.009876798257432692
44,mle,1100,0.11826489865779877,0.00020824636158067733,0.87945556640625,0.12054443359375,2,732,510,0.09335725009441376,0.29998353123664856,0.30543094873428345,0.3156377673149109,0.012841418549946582,8.157386195699595e-05,0.012759844687989857,0.009709524719478377
44,mle,1200,0.11381779611110687,0.00020824636158067733,0.88134765625,0.11865234375,2,713,481,0.08933690935373306,0.29566141963005066,0.29881298542022705,0.30894947052001953,0.014584123219542278,2.3938966592362398e-05,0.014560184252950293,0.011824690890757647
44,mle,1300,0.11790721118450165,0.00020824636158067733,0.88653564453125,0.11346435546875,2,737,487,0.09479161351919174,0.2985171973705292,0.30771705508232117,0.31376978754997253,0.014400820281302629,4.2977810655157184e-05,0.014357842470647822,0.010911775382960495
44,mle,1400,0.11127069592475891,0.00020824636158067733,0.88616943359375,0.11383056640625,2,715,480,0.08793209493160248,0.29296138882637024,0.2962871193885803,0.30469757318496704,0.01585979679367,3.297879875076206e-05,0.015826817994919435,0.011739872244329472
44,mle,1500,0.11436297744512558,0.00020824636158067733,0.88067626953125,0.11932373046875,2,721,491,0.08999739587306976,0.29419466853141785,0.29986143112182617,0.30663028359413147,0.011385970818814428,4.049567978297794e-05,0.011345475139031683,0.009350552450309788
44,mle,1600,0.11519140005111694,0.00020824636158067733,0.881103515625,0.118896484375,2,733,486,0.09093358367681503,0.29495829343795776,0.3014858067035675,0.30810636281967163,0.012498091026650116,2.9461967161126517e-05,0.012468629059489242,0.010020525828845148
44,mle,1700,0.11371816694736481,0.00020824636158067733,0.885986328125,0.114013671875,2,725,469,0.09091600030660629,0.2909109890460968,0.30126696825027466,0.3014409840106964,0.010790228964474124,2.8478087271925547e-05,0.010761750877202464,0.009733776293837745
44,mle,1800,0.11950310319662094,0.00020824636158067733,0.8798828125,0.1201171875,2,749,489,0.09534675627946854,0.2964532673358917,0.3086060583591461,0.3096004128456116,0.020274464125400016,6.55913151477107e-05,0.020208872810252604,0.013797079606997595
44,mle,1900,0.11333780735731125,0.00020824636158067733,0.8861083984375,0.1138916015625,2,723,470,0.09037548303604126,0.2919911742210388,0.3004508912563324,0.303191602230072,0.010090385600783236,3.144165414372844e-05,0.010058943946639757,0.007905745210559853
44,mle,2000,0.11452017724514008,0.00020824636158067733,0.882568359375,0.117431640625,2,731,484,0.09048137068748474,0.29518601298332214,0.30038946866989136,0.3076951205730438,0.01188997205536424,4.894013610506464e-06,0.011885078041753941,0.009980424366626703
44,mle,2100,0.11416935920715332,0.00020824636158067733,0.8875732421875,0.1124267578125,2,726,476,0.09126712381839752,0.2949751615524292,0.3018450438976288,0.307821124792099,0.010981770484072229,7.856107783994152e-05,0.010903209406232735,0.008818212963201386
44,mle,2200,0.11789117753505707,0.00020824636158067733,0.8804931640625,0.1195068359375,2,739,493,0.09348353743553162,0.2977199852466583,0.3050888776779175,0.3120626211166382,0.016625541503167085,4.575647898302868e-05,0.01657978502418425,0.013029010829309282
44,mle,2300,0.12207470089197159,0.00020824636158067733,0.87591552734375,0.12408447265625,2,750,514,0.09649341553449631,0.3026536703109741,0.3089461326599121,0.31916898488998413,0.01993747583474459,0.00027975453698539984,0.019657721297759445,0.019293218859497738
44,mle,2400,0.11545116454362869,0.00020824636158067733,0.88873291015625,0.11126708984375,2,736,464,0.09333314746618271,0.2921163737773895,0.30530431866645813,0.2992418706417084,0.016757008827703146,0.00013110252032504793,0.01662590630737843,0.014291365966751055
44,mle,2500,0.11457247287034988,0.00020824636158067733,0.88702392578125,0.11297607421875,2,734,491,0.09179036319255829,0.2934446334838867,0.3027524948120117,0.30549922585487366,0.014283475179404093,5.838440207678319e-05,0.014225090777327556,0.010416855840271619
44,mle,2600,0.11599043756723404,0.00020824636158067733,0.8828125,0.1171875,2,741,478,0.09256916493177414,0.29243069887161255,0.3042019009590149,0.3036666810512543,0.011718237245808893,2.8062126721123968e-06,0.01171543103313703,0.008639167151382007
44,mle,2700,0.12134046852588654,0.00020824636158067733,0.8829345703125,0.1170654296875,2,762,525,0.09682993590831757,0.3062046468257904,0.3108711540699005,0.3246770203113556,0.0166145290357278,1.9783008966670936e-06,0.01661255073483135,0.012976168459540513
44,mle,2800,0.11806948482990265,0.00020824636158067733,0.88165283203125,0.11834716796875,2,742,494,0.09425149857997894,0.2955068051815033,0.30683526396751404,0.3088942766189575,0.008553036671223424,1.783686414702306e-05,0.008535199807076663,0.008088435003851355
44,mle,2900,0.11154356598854065,0.00020824636158067733,0.8841552734375,0.1158447265625,2,714,467,0.08799697458744049,0.29125696420669556,0.2964184284210205,0.2996025085449219,0.01558688699588373,1.6499466741831063e-06,0.015585237049209884,0.012151468117049244
44,mle,3000,0.11463306844234467,0.00020824636158067733,0.8846435546875,0.1153564453125,2,725,475,0.0913054570555687,0.29352739453315735,0.3021104037761688,0.30566200613975525,0.00846816669291428,5.5847480002313e-06,0.008462581944914277,0.007228192146835663
44,mle,3100,0.11584476381540298,0.00020824636158067733,0.88226318359375,0.11773681640625,2,741,486,0.0920957624912262,0.2938084304332733,0.3034300208091736,0.306260883808136,0.008413722226400466,8.312384423556042e-06,0.008405409841977267,0.0074005828512281185
44,mle,3200,0.11748325079679489,0.00020824636158067733,0.8826904296875,0.1173095703125,2,750,487,0.09425061196088791,0.2922961711883545,0.3065773844718933,0.3033686578273773,0.009009060527027657,3.778160237667065e-06,0.0090052823667904,0.009558421546212212
44,mle,3300,0.11478269845247269,0.00020824636158067733,0.881591796875,0.118408203125,2,726,492,0.09052415937185287,0.29539623856544495,0.30075886845588684,0.3086739182472229,0.010331719641548887,1.8985942325923898e-05,0.010312733699223257,0.0080621071112955
44,mle,3400,0.11744906008243561,0.00020824636158067733,0.8817138671875,0.1182861328125,2,737,476,0.0943581685423851,0.28957030177116394,0.306025892496109,0.29862338304519653,0.011981131211364016,1.6723488964066023e-05,0.011964407722400323,0.012678897635164485
44,mle,3500,0.11561834067106247,0.00020824636158067733,0.88275146484375,0.11724853515625,2,733,496,0.09144116938114166,0.29764553904533386,0.3021690547466278,0.31247076392173767,0.013501590358650617,3.274190111531277e-06,0.013498316168539276,0.009784729301140924
44,mle,3600,0.11621171981096268,0.00020824636158067733,0.8819580078125,0.1180419921875,2,742,493,0.091948963701725,0.2974923551082611,0.3032059371471405,0.3121492564678192,0.009902615726609554,1.2627337441897856e-05,0.009889988389167988,0.0064786374944060116
44,mle,3700,0.1177120953798294,0.00020824636158067733,0.8831787109375,0.1168212890625,2,746,474,0.094353586435318,0.29430437088012695,0.30684661865234375,0.3067535161972046,0.010992075324615769,7.551060303742207e-07,0.010991320218585818,0.009827014409206622
44,mle,3800,0.11737679690122604,0.00020824636158067733,0.88275146484375,0.11724853515625,2,740,501,0.0933159738779068,0.29852792620658875,0.3052224814891815,0.3133613169193268,0.009972831522468084,3.274190111531277e-06,0.009969557332356728,0.008860779956416973
44,mle,3900,0.11478134989738464,0.00020824636158067733,0.88568115234375,0.11431884765625,2,733,491,0.09116114675998688,0.29777792096138,0.3018695116043091,0.31261807680130005,0.010453979932940172,2.1714247669711063e-05,0.010432265685270767,0.008234121313985251
44,mle,4000,0.11531412601470947,0.00020824636158067733,0.88360595703125,0.11639404296875,2,731,514,0.09038842469453812,0.30453771352767944,0.30061548948287964,0.320155531167984,0.013712813307215299,5.260820317814748e-09,0.013712808046395235,0.010107112329246756
44,mle,4100,0.11759443581104279,0.00020824636158067733,0.8797607421875,0.1202392578125,2,739,512,0.09286586940288544,0.2985273003578186,0.3046554923057556,0.31304484605789185,0.009809250412949666,6.998175039044877e-05,0.009739268662559515,0.00804146055565523
44,mle,4200,0.11419001966714859,0.00020824636158067733,0.88311767578125,0.11688232421875,2,730,477,0.09070150554180145,0.2916601002216339,0.3009082078933716,0.3027390241622925,0.008282439187318857,1.0067853577531787e-06,0.008281432401961346,0.007896980504706316
44,mle,4300,0.11606064438819885,0.00020824636158067733,0.88409423828125,0.11590576171875,2,742,470,0.0930657759308815,0.2914586663246155,0.3044338524341583,0.3022317886352539,0.013177407287734866,1.3219412643131114e-06,0.013176085346470795,0.01250411608020384
44,mle,4400,0.11631136387586594,0.00020824636158067733,0.88372802734375,0.11627197265625,2,746,508,0.09201668202877045,0.30096375942230225,0.3033055365085602,0.3168560564517975,0.013225108615010583,1.1676919338521178e-07,0.013224991845817581,0.009502535810720456
44,mle,4500,0.11519332230091095,0.00020824636158067733,0.88262939453125,0.11737060546875,2,747,475,0.09188637882471085,0.29046186804771423,0.30302339792251587,0.30064794421195984,0.008452801769458063,4.3181068113155516e-06,0.0084484836626471,0.008963732486558892
44,mle,4600,0.11500918865203857,0.00020824636158067733,0.8798828125,0.1201171875,2,734,485,0.09065688401460648,0.2933947741985321,0.30090105533599854,0.3052591383457184,0.0077388712568833284,6.55913151477107e-05,0.007673279941736022,0.007649228749182821
44,mle,4700,0.11452803015708923,0.00020824636158067733,0.88470458984375,0.11529541015625,2,733,478,0.09147819876670837,0.29139798879623413,0.30237409472465515,0.30221205949783325,0.007763259695643399,6.240693780300158e-06,0.00775701900186333,0.006985227884110809
44,mle,4800,0.11533661186695099,0.00020824636158067733,0.8841552734375,0.1158447265625,2,734,482,0.09193915128707886,0.29391172528266907,0.30311527848243713,0.30618786811828613,0.009325746029212212,1.6499466741831063e-06,0.009324096082538353,0.007681577394801006
44,mle,4900,0.1156398355960846,0.00020824636158067733,0.8876953125,0.1123046875,2,750,474,0.09313574433326721,0.29351991415023804,0.3050994873046875,0.3052452504634857,0.013006501977365303,8.345498716631414e-05,0.012923046990199298,0.010098277657784802
44,mle,5000,0.11441106349229813,0.00020824636158067733,0.88134765625,0.11865234375,2,729,479,0.09059718251228333,0.2913002669811249,0.30090197920799255,0.30182814598083496,0.009623856022521693,2.3938966592362398e-05,0.009599917055929424,0.007998948641438783
44,warm,0,0.11441106349229813,0.00020824636158067733,0.88134765625,0.11865234375,2,729,479,0.09059718251228333,0.2913002669811249,0.30090197920799255,0.30182814598083496,0.009623856022521693,2.3938966592362398e-05,0.009599917055929424,0.007998948641438783
44,warm,20,0.11358825862407684,0.00020824636158067733,0.8818359375,0.1181640625,2,723,479,0.08998937904834747,0.2897022068500519,0.2999339997768402,0.29940682649612427,0.007026846823286803,1.4603911402492073e-05,0.0070122429118847345,0.0064326733347524895
44,warm,40,0.11450380831956863,0.00020824636158067733,0.88262939453125,0.11737060546875,2,730,488,0.0909581258893013,0.29156777262687683,0.30150267481803894,0.30246850848197937,0.0069836199225434825,4.3181068113155516e-06,0.006979301815732605,0.005934144960742724
44,warm,60,0.11344563961029053,0.00020824636158067733,0.8843994140625,0.1156005859375,2,730,478,0.09020818024873734,0.2912232279777527,0.3002813160419464,0.3019149899482727,0.0073567660663727,3.325845086035533e-06,0.00735344022128689,0.005855255048340932
44,warm,80,0.11327812075614929,0.00020824636158067733,0.88311767578125,0.11688232421875,2,724,467,0.08991370350122452,0.2898105978965759,0.2997952103614807,0.2996283769607544,0.00667950305506082,1.0067853577531787e-06,0.006678496269703439,0.005880330683107768
44,warm,100,0.11357404291629791,0.00020824636158067733,0.88458251953125,0.11541748046875,2,730,474,0.09062135219573975,0.28948795795440674,0.3009352684020996,0.2991149425506592,0.006707289486080015,4.965307018767835e-06,0.006702324179061532,0.005904891398354248
44,warm,120,0.11392440646886826,0.00020824636158067733,0.88330078125,0.11669921875,2,731,479,0.09054650366306305,0.29087257385253906,0.3008376955986023,0.30141013860702515,0.0063008377117554915,3.600842914774742e-07,0.0063004776274643084,0.0058573095532164915
44,warm,140,0.112971730530262,0.00020824636158067733,0.8858642578125,0.1141357421875,2,729,468,0.09016139805316925,0.29001396894454956,0.30018532276153564,0.29997703433036804,0.006430137062857,2.566203541708124e-05,0.006404475027440118,0.005867894965599571
44,warm,160,0.11341723799705505,0.00020824636158067733,0.8853759765625,0.1146240234375,2,735,474,0.09058880060911179,0.28974804282188416,0.300890177488327,0.29956749081611633,0.006423504365379529,1.5870233359576314e-05,0.006407634132020408,0.0058962836640102795
44,warm,180,0.11343740671873093,0.00020824636158067733,0.8856201171875,0.1143798828125,2,733,472,0.09058035910129547,0.2904147803783417,0.30087998509407043,0.30067524313926697,0.006020155594164578,2.047192719925508e-05,0.005999683666965565,0.005781560700820573
44,warm,200,0.11330660432577133,0.00020824636158067733,0.884765625,0.115234375,2,730,469,0.09033171087503433,0.2897070646286011,0.3004717528820038,0.2994632422924042,0.006228543131150843,6.933161164135405e-06,0.006221609969987122,0.005862737279353478
44,warm,220,0.11293701827526093,0.00020824636158067733,0.8856201171875,0.1143798828125,2,729,463,0.0902247205376625,0.2887937128543854,0.30034250020980835,0.29794177412986755,0.006943076602333065,2.047192719925508e-05,0.006922604675133928,0.006016165674050153
44,warm,240,0.11340048164129257,0.00020824636158067733,0.88568115234375,0.11431884765625,2,732,467,0.09072039276361465,0.2891136109828949,0.30109766125679016,0.29850998520851135,0.0060900672513568566,2.1714247669711063e-05,0.006068353003687382,0.005952858359928523
44,warm,260,0.11392996460199356,0.00020824636158067733,0.88482666015625,0.11517333984375,2,735,467,0.0909656509757042,0.29035484790802,0.3014605939388275,0.3004530966281891,0.006097142257935673,7.66216697504758e-06,0.006089480090960855,0.006034877487077192
44,warm,280,0.11279520392417908,0.00020824636158067733,0.8858642578125,0.1141357421875,2,728,464,0.09015991538763046,0.28847894072532654,0.30020198225975037,0.29742804169654846,0.0074392998147274625,2.566203541708124e-05,0.007413637779310677,0.00599556377823772
44,warm,300,0.11321382224559784,0.00020824636158067733,0.88470458984375,0.11529541015625,2,722,465,0.09029201418161392,0.28910142183303833,0.300364226102829,0.298496276140213,0.008226028724315881,6.240693780300158e-06,0.008219788030535718,0.007380538119145949
44,warm,320,0.11380130797624588,0.00020824636158067733,0.8857421875,0.1142578125,2,733,462,0.09134934842586517,0.2878519892692566,0.3020915687084198,0.2962387800216675,0.007461940943180423,2.2993361114625847e-05,0.007438947582066028,0.006425587432427146
44,warm,340,0.11353835463523865,0.00020824636158067733,0.8846435546875,0.1153564453125,2,734,462,0.09060989320278168,0.28937169909477234,0.3009580373764038,0.2988635301589966,0.006543352334851704,5.5847480002313e-06,0.006537767586851822,0.005755811406966113
44,warm,360,0.11369240283966064,0.00020824636158067733,0.8851318359375,0.1148681640625,2,731,470,0.09084141254425049,0.28977373242378235,0.3013235926628113,0.2995743751525879,0.006595270443362722,1.1855862525988418e-05,0.006583414580837133,0.0057702440328693955
44,warm,380,0.11319403350353241,0.00020824636158067733,0.8848876953125,0.1151123046875,2,722,467,0.0902431532740593,0.2896213233470917,0.30031296610832214,0.2992539405822754,0.006284101899659333,8.427728054539053e-06,0.006275674171604908,0.0056950765294868505
44,warm,400,0.11397510766983032,0.00020824636158067733,0.8836669921875,0.1163330078125,2,736,465,0.0907074436545372,0.29071658849716187,0.30110499262809753,0.3009803891181946,0.006288364064680252,4.289582626115036e-08,0.0062883211688541385,0.005715101536447928
44,warm,420,0.11328831315040588,0.00020824636158067733,0.88531494140625,0.11468505859375,2,730,468,0.09040138870477676,0.28996461629867554,0.30057838559150696,0.2998332977294922,0.006380019313660057,1.4811621646955257e-05,0.006365207692013444,0.005854060750830267
44,warm,440,0.11296830326318741,0.00020824636158067733,0.8861083984375,0.1138916015625,2,733,465,0.0902678444981575,0.2895841896533966,0.3003986179828644,0.29929298162460327,0.006781726483318096,3.144165414372844e-05,0.006750284829174433,0.005670122264968977
44,warm,460,0.11344640702009201,0.00020824636158067733,0.88555908203125,0.11444091796875,2,732,468,0.0906619131565094,0.28975582122802734,0.3010130524635315,0.29958614706993103,0.005834466574746955,1.9266382604199613e-05,0.005815200192143061,0.005703855212454964
44,warm,480,0.11307796835899353,0.00020824636158067733,0.885498046875,0.114501953125,2,730,471,0.09012258797883987,0.29060280323028564,0.3001357316970825,0.30095621943473816,0.006391425072074242,1.809759680408197e-05,0.006373327475270525,0.005716630477077142
44,warm,500,0.1137581318616867,0.00020824636158067733,0.88470458984375,0.11529541015625,2,731,467,0.09079934656620026,0.2899295687675476,0.30123409628868103,0.2998577058315277,0.006033014939752945,6.240693780300158e-06,0.0060267742459728,0.005723518429699634
44,warm,520,0.11337406188249588,0.00020824636158067733,0.885009765625,0.114990234375,2,730,465,0.09040220826864243,0.29017430543899536,0.3006131947040558,0.3002794682979584,0.006420408630951613,1.0068583476220477e-05,0.006410340047475792,0.005745839619744383
44,warm,540,0.11322171241044998,0.00020824636158067733,0.88580322265625,0.11419677734375,2,733,469,0.09049148857593536,0.28953588008880615,0.30074116587638855,0.29920434951782227,0.006542535215707801,2.4309284651640502e-05,0.006518225931056223,0.005800391592169926
44,warm,560,0.11320275813341141,0.00020824636158067733,0.8857421875,0.1142578125,2,729,469,0.09043090045452118,0.289733350276947,0.3006386458873749,0.29955387115478516,0.006814205808773011,2.2993361114625847e-05,0.006791212447658559,0.0058062163818658336
44,warm,580,0.11239234358072281,0.00020824636158067733,0.88629150390625,0.11370849609375,2,724,468,0.08972245454788208,0.28909096121788025,0.29949498176574707,0.298455148935318,0.00764288481223474,3.616389655127731e-05,0.007606720915683552,0.006013302592004929
44,warm,600,0.11346287280321121,0.00020824636158067733,0.8843994140625,0.1156005859375,2,733,464,0.09056258946657181,0.2886609137058258,0.30075299739837646,0.2977508306503296,0.006955497222229212,3.325845086035533e-06,0.006952171377143523,0.006191242581958231
44,warm,620,0.11315347254276276,0.00020824636158067733,0.88543701171875,0.11456298828125,2,728,468,0.0903702899813652,0.28924059867858887,0.30050015449523926,0.29870209097862244,0.0066188211538289465,1.696555273700295e-05,0.006601855601092442,0.005947390616024659
44,warm,640,0.11336302012205124,0.00020824636158067733,0.88555908203125,0.11444091796875,2,725,471,0.0905802771449089,0.2896589934825897,0.30088889598846436,0.29941508173942566,0.005557352444888863,1.9266382604199613e-05,0.005538086062285034,0.005826105379351229
44,warm,660,0.11369189620018005,0.00020824636158067733,0.88519287109375,0.11480712890625,2,737,469,0.09082953631877899,0.2899666130542755,0.30130669474601746,0.29994088411331177,0.006519591280088832,1.2804453208918251e-05,0.006506786826880159,0.0056749712905411615
44,warm,680,0.11309406906366348,0.00020824636158067733,0.8856201171875,0.1143798828125,2,733,470,0.0903320163488388,0.28933602571487427,0.3004961311817169,0.2988813519477844,0.006416257809910064,2.047192719925508e-05,0.00639578588271096,0.005805606896724366
44,warm,700,0.11339010298252106,0.00020824636158067733,0.88458251953125,0.11541748046875,2,726,473,0.090312659740448,0.2902601957321167,0.3003866374492645,0.30025002360343933,0.006504816742385344,4.965307018767835e-06,0.006499851435366815,0.006106909300110583
44,warm,720,0.1142001822590828,0.00020824636158067733,0.8848876953125,0.1151123046875,2,738,465,0.0912301242351532,0.290774941444397,0.30196496844291687,0.3011642396450043,0.005939967192539086,8.427728054539053e-06,0.005931539464484693,0.005891933448988293
44,warm,740,0.11293701082468033,0.00020824636158067733,0.88568115234375,0.11431884765625,2,723,468,0.09010985493659973,0.2897896468639374,0.3001101016998291,0.29961010813713074,0.007237754973907329,2.1714247669711063e-05,0.007216040726237858,0.005843466941992101
44,warm,760,0.11339237540960312,0.00020824636158067733,0.884765625,0.115234375,2,735,463,0.09046301990747452,0.2894432246685028,0.30068930983543396,0.2990286946296692,0.005798221712034035,6.933161164135405e-06,0.005791288550870308,0.005858899531854131
44,warm,780,0.11338481307029724,0.00020824636158067733,0.8846435546875,0.1153564453125,2,729,466,0.09037558734416962,0.2898375689983368,0.30055782198905945,0.2996378540992737,0.0067379757973000665,5.5847480002313e-06,0.00673239104930007,0.00573827308948692
44,warm,800,0.11337051540613174,0.00020824636158067733,0.8861083984375,0.1138916015625,2,731,466,0.0907338410615921,0.2894900143146515,0.3011356294155121,0.2991116940975189,0.006378683833467846,3.144165414372844e-05,0.006347242179324271,0.005810355637772754
44,warm,820,0.11351752281188965,0.00020824636158067733,0.8857421875,0.1142578125,2,738,464,0.09085582941770554,0.2891940474510193,0.3013274371623993,0.2986132800579071,0.005984092728617441,2.2993361114625847e-05,0.005961099367502995,0.00585079771667095
44,warm,840,0.11310150474309921,0.00020824636158067733,0.88543701171875,0.11456298828125,2,730,457,0.09038849920034409,0.2886463701725006,0.30055972933769226,0.29772892594337463,0.006649834464774074,1.696555273700295e-05,0.0066328689120374405,0.005861834514912498
44,warm,860,0.11328358948230743,0.00020824636158067733,0.884521484375,0.115478515625,2,732,462,0.0903322696685791,0.28908199071884155,0.30047956109046936,0.2984360158443451,0.006227507766020324,4.382354048857546e-06,0.006223125411971816,0.0058429659341027035
44,warm,880,0.11333371698856354,0.00020824636158067733,0.8846435546875,0.1153564453125,2,729,464,0.09031076729297638,0.28989177942276,0.300427109003067,0.299767404794693,0.006825511017090946,5.5847480002313e-06,0.006819926269091018,0.005820667554185074
44,warm,900,0.11345861107110977,0.00020824636158067733,0.88421630859375,0.11578369140625,2,730,465,0.09038850665092468,0.289640337228775,0.3005634844303131,0.2992769479751587,0.006684441567635702,2.0143230913347715e-06,0.006682427244544785,0.005911812798553892
44,warm,920,0.11373333632946014,0.00020824636158067733,0.8857421875,0.1142578125,2,741,462,0.09099031239748001,0.29004037380218506,0.3015756905078888,0.3000325858592987,0.006531749678110543,2.2993361114625847e-05,0.006508756316996122,0.005865531814602018
44,warm,940,0.11354658007621765,0.00020824636158067733,0.88543701171875,0.11456298828125,2,739,463,0.0908256322145462,0.28915271162986755,0.30128124356269836,0.29855212569236755,0.006129163489099199,1.696555273700295e-05,0.006112197936362667,0.005821626954680123
44,warm,960,0.11346520483493805,0.00020824636158067733,0.88507080078125,0.11492919921875,2,737,466,0.0905824527144432,0.2896854877471924,0.3008762300014496,0.29945746064186096,0.005931045918991629,1.0943911592751392e-05,0.005920102007399361,0.005901573619889841
44,warm,980,0.11329162120819092,0.00020824636158067733,0.88458251953125,0.11541748046875,2,739,466,0.09034209698438644,0.2891814112663269,0.30049335956573486,0.2986006736755371,0.0070037940720837355,4.965307018767835e-06,0.00699882876506522,0.005851669521912281
44,warm,1000,0.11384185403585434,0.00020824636158067733,0.8848876953125,0.1151123046875,2,740,464,0.09093853831291199,0.28990352153778076,0.3014691174030304,0.2998073697090149,0.006186255640209026,8.427728054539053e-06,0.006177827912154775,0.005810198491640203
44,warm,1020,0.11278232932090759,0.00020824636158067733,0.885986328125,0.114013671875,2,726,460,0.09014035016298294,0.2887304723262787,0.30017921328544617,0.2978641986846924,0.00790686248802075,2.8478087271925547e-05,0.007878384400749042,0.006169639463446383
44,warm,1040,0.11289604753255844,0.00020824636158067733,0.8848876953125,0.1151123046875,2,726,469,0.0899689719080925,0.28914037346839905,0.29987436532974243,0.2985605299472809,0.007190943307072928,8.427728054539053e-06,0.007182515579018542,0.006039746121355147
44,warm,1060,0.11350612342357635,0.00020824636158067733,0.88458251953125,0.11541748046875,2,727,468,0.09058636426925659,0.28916776180267334,0.30085858702659607,0.29860931634902954,0.006576974891508769,4.965307018767835e-06,0.006572009584490225,0.005894034330817685
44,warm,1080,0.11295221745967865,0.00020824636158067733,0.88507080078125,0.11492919921875,2,732,461,0.08996620029211044,0.28996771574020386,0.29986661672592163,0.2998133599758148,0.006970265793647457,1.0943911592751392e-05,0.0069593218820550905,0.005880017307613325
44,warm,1100,0.11342921853065491,0.00020824636158067733,0.88494873046875,0.11505126953125,2,734,464,0.09056936204433441,0.28926220536231995,0.30085036158561707,0.29874366521835327,0.006686922516387028,9.22986126228125e-06,0.006677692655124978,0.005876682670755126
44,warm,1120,0.11327439546585083,0.00020824636158067733,0.88519287109375,0.11480712890625,2,734,459,0.09039194136857986,0.28970399498939514,0.3005806505680084,0.29948389530181885,0.006537958500125285,1.2804453208918251e-05,0.006525154046916674,0.005837172438300495
44,warm,1140,0.11345218867063522,0.00020824636158067733,0.88507080078125,0.11492919921875,2,731,456,0.09073985368013382,0.2883601486682892,0.3011452853679657,0.29715409874916077,0.0067776432813886345,1.0943911592751392e-05,0.006766699369796281,0.005938550116520655
44,warm,1160,0.1135929599404335,0.00020824636158067733,0.8846435546875,0.1153564453125,2,732,464,0.0906774252653122,0.2893271744251251,0.30106639862060547,0.29885467886924744,0.0062029485860009,5.5847480002313e-06,0.006197363838001084,0.005830572162490152
44,warm,1180,0.1136910691857338,0.00020824636158067733,0.884765625,0.115234375,2,736,468,0.09078395366668701,0.2895711660385132,0.3012085258960724,0.2992449998855591,0.005919020208970949,6.933161164135405e-06,0.005912087047807192,0.005747006654241868
44,warm,1200,0.11375899612903595,0.00020824636158067733,0.884765625,0.115234375,2,730,471,0.0907800942659378,0.2901901602745056,0.30120810866355896,0.3002590537071228,0.0063409970833205875,6.933161164135405e-06,0.006334063922156682,0.005697564717816003
44,warm,1220,0.11283653229475021,0.00020824636158067733,0.88592529296875,0.11407470703125,2,722,461,0.09011227637529373,0.2893172800540924,0.3000876009464264,0.29882174730300903,0.007818926424810968,2.7051630565939032e-05,0.007791874794245471,0.006123131193130557
44,warm,1240,0.11386796832084656,0.00020824636158067733,0.8857421875,0.1142578125,2,731,469,0.09110838174819946,0.2903033494949341,0.30179163813591003,0.3005003035068512,0.006691657305786691,2.2993361114625847e-05,0.006668663944672347,0.005771188372132183
44,warm,1260,0.11299532651901245,0.00020824636158067733,0.88507080078125,0.11492919921875,2,726,467,0.09004312008619308,0.28975051641464233,0.30002403259277344,0.2995815575122833,0.006427578777952192,1.0943911592751392e-05,0.006416634866359938,0.005629227592403349
44,warm,1280,0.11376871913671494,0.00020824636158067733,0.88409423828125,0.11590576171875,2,728,470,0.09059936553239822,0.2904975712299347,0.30092236399650574,0.3007774353027344,0.005990513870351322,1.3219412643131114e-06,0.005989191929087331,0.0057266043816025375
44,warm,1300,0.11372233927249908,0.00020824636158067733,0.884765625,0.115234375,2,733,472,0.09067334234714508,0.2906918227672577,0.30103781819343567,0.30113959312438965,0.006105907524037946,6.933161164135405e-06,0.006098974362874134,0.005692999054413103
44,warm,1320,0.1135406568646431,0.00020824636158067733,0.88568115234375,0.11431884765625,2,738,466,0.09068503975868225,0.29061371088027954,0.3010930120944977,0.30099019408226013,0.006430419504617646,2.1714247669711063e-05,0.006408705256948249,0.005645089005379286
44,warm,1340,0.11364849656820297,0.00020824636158067733,0.88433837890625,0.11566162109375,2,731,465,0.09061148017644882,0.2897874414920807,0.30095309019088745,0.2996416389942169,0.005919056432325931,2.852255609380144e-06,0.005916204176716899,0.005623647915167548
44,warm,1360,0.11338307708501816,0.00020824636158067733,0.8841552734375,0.1158447265625,2,727,468,0.0902959480881691,0.28958970308303833,0.30038461089134216,0.2992718815803528,0.0066306848319115375,1.6499466741831063e-06,0.006629034885237683,0.005860528524176498
44,warm,1380,0.1135086640715599,0.00020824636158067733,0.88519287109375,0.11480712890625,2,733,471,0.09060882031917572,0.29007241129875183,0.30094480514526367,0.30009809136390686,0.006911422163106806,1.2804453208918251e-05,0.006898617709898258,0.005630950910240226
44,warm,1400,0.113163061439991,0.00020824636158067733,0.8851318359375,0.1148681640625,2,731,468,0.09014536440372467,0.2905288338661194,0.30018115043640137,0.30082255601882935,0.006718982746683366,1.1855862525988418e-05,0.006707126884157949,0.005668539314906393
44,warm,1420,0.11302077025175095,0.00020824636158067733,0.8853759765625,0.1146240234375,2,730,471,0.08998683094978333,0.29093900322914124,0.29991406202316284,0.30150696635246277,0.007412116506024802,1.5870233359576314e-05,0.007396246272665731,0.005739465895426274
44,warm,1440,0.11363061517477036,0.00020824636158067733,0.884765625,0.115234375,2,731,472,0.09057529270648956,0.29064857959747314,0.30088934302330017,0.3010251820087433,0.006230330943076012,6.933161164135405e-06,0.0062233977819122835,0.005706221623081528
44,warm,1460,0.11353045701980591,0.00020824636158067733,0.88482666015625,0.11517333984375,2,730,465,0.09061452001333237,0.289583683013916,0.3009169101715088,0.2992953956127167,0.00639081499030425,7.66216697504758e-06,0.006383152823329495,0.0057909355102719745
44,warm,1480,0.1120053306221962,0.00020824636158067733,0.88641357421875,0.11358642578125,2,725,452,0.08947800099849701,0.28780561685562134,0.29904264211654663,0.29598677158355713,0.00770360454117025,3.949685434626905e-05,0.007664107686824389,0.00647922873872174
44,warm,1500,0.1136786937713623,0.00020824636158067733,0.88494873046875,0.11505126953125,2,736,468,0.09074860066175461,0.2900518774986267,0.30115917325019836,0.30003443360328674,0.006342505756769867,9.22986126228125e-06,0.006333275895507905,0.005800707747080178
44,warm,1520,0.11277711391448975,0.00020824636158067733,0.88568115234375,0.11431884765625,2,725,459,0.08995234221220016,0.28961125016212463,0.2998763620853424,0.29934224486351013,0.007749691377107126,2.1714247669711063e-05,0.007727977129437709,0.005851549992480595
44,warm,1540,0.11291322857141495,0.00020824636158067733,0.88555908203125,0.11444091796875,2,724,463,0.0901106521487236,0.28936269879341125,0.30011922121047974,0.29891812801361084,0.006935576738037241,1.9266382604199613e-05,0.006916310355433405,0.005844482440120355
44,warm,1560,0.11305763572454453,0.00020824636158067733,0.8853759765625,0.1146240234375,2,727,465,0.09026528149843216,0.2891097962856293,0.30039021372795105,0.29850661754608154,0.007048209042118003,1.5870233359576314e-05,0.007032338808758936,0.005814390359996632
44,warm,1580,0.11314687132835388,0.00020824636158067733,0.8846435546875,0.1153564453125,2,726,459,0.09026685357093811,0.2886088192462921,0.30035367608070374,0.29765990376472473,0.006522153381233409,5.5847480002313e-06,0.006516568633233549,0.005831654788603355
44,warm,1600,0.11379264295101166,0.00020824636158067733,0.88421630859375,0.11578369140625,2,728,459,0.0908411368727684,0.2890686094760895,0.3013347387313843,0.2984117567539215,0.005926406513758309,2.0143230913347715e-06,0.005924392190667315,0.005832989752202575
44,warm,1620,0.11325254291296005,0.00020824636158067733,0.88507080078125,0.11492919921875,2,734,465,0.09023894369602203,0.2904804050922394,0.3003336489200592,0.30067384243011475,0.006990452912582157,1.0943911592751392e-05,0.006979509000989938,0.005802222041206714
44,warm,1640,0.11359789222478867,0.00020824636158067733,0.88458251953125,0.11541748046875,2,734,459,0.09052003175020218,0.2904711961746216,0.30080559849739075,0.3006066381931305,0.006744529248685183,4.965307018767835e-06,0.006739563941666541,0.005767998323103693
44,warm,1660,0.11342097818851471,0.00020824636158067733,0.885009765625,0.114990234375,2,734,460,0.09062889963388443,0.2888377010822296,0.30097872018814087,0.29804471135139465,0.006687151792725388,1.0068583476220477e-05,0.006677083209249494,0.005698818001515046
44,warm,1680,0.1134144514799118,0.00020824636158067733,0.88470458984375,0.11529541015625,2,734,463,0.09046366810798645,0.2895243167877197,0.3006781041622162,0.29918038845062256,0.006002724651629876,6.240693780300158e-06,0.005996483957849754,0.0057172394674534915
44,warm,1700,0.11323879659175873,0.00020824636158067733,0.8846435546875,0.1153564453125,2,733,469,0.0902189239859581,0.28977322578430176,0.3002881407737732,0.29955625534057617,0.006390416209619332,5.5847480002313e-06,0.006384831461619301,0.005706437959129271
44,warm,1720,0.11337112635374069,0.00020824636158067733,0.88470458984375,0.11529541015625,2,728,465,0.09040326625108719,0.2896120548248291,0.30061790347099304,0.2993358075618744,0.0065973858370895755,6.240693780300158e-06,0.006591145143309397,0.005699024071186595
44,warm,1740,0.11411862075328827,0.00020824636158067733,0.88446044921875,0.11553955078125,2,735,463,0.09103219956159592,0.29084622859954834,0.30165722966194153,0.3011864125728607,0.00627764303936118,3.835872321578679e-06,0.006273807167040054,0.006000080314374809
44,warm,1760,0.1130111813545227,0.00020824636158067733,0.88525390625,0.11474609375,2,731,460,0.09026005119085312,0.2885335683822632,0.3003388047218323,0.29751062393188477,0.006987119880072612,1.3789700592723103e-05,0.0069733301794803505,0.005897586853502598
44,warm,1780,0.11361008137464523,0.00020824636158067733,0.88531494140625,0.11468505859375,2,737,460,0.09085012227296829,0.28930631279945374,0.3013191223144531,0.29882609844207764,0.0063511643173157495,1.4811621646955257e-05,0.006336352695669154,0.005687348436590564
44,warm,1800,0.11281194537878036,0.00020824636158067733,0.88507080078125,0.11492919921875,2,728,458,0.08990513533353806,0.28921744227409363,0.299765408039093,0.2986759543418884,0.006985493023243805,1.0943911592751392e-05,0.006974549111651509,0.005808399474740308
44,warm,1820,0.11358589679002762,0.00020824636158067733,0.88458251953125,0.11541748046875,2,733,470,0.09055641293525696,0.29008838534355164,0.30085620284080505,0.3001003563404083,0.006133469666387725,4.965307018767835e-06,0.006128504359369191,0.005585727363036294
44,warm,1840,0.11282609403133392,0.00020824636158067733,0.88433837890625,0.11566162109375,2,728,466,0.08974721282720566,0.2892850339412689,0.299512654542923,0.29870641231536865,0.006536149060416108,2.852255609380144e-06,0.00653329680480702,0.005741547983457149
44,warm,1860,0.11334586143493652,0.00020824636158067733,0.88470458984375,0.11529541015625,2,726,467,0.09034712612628937,0.2898237109184265,0.30050212144851685,0.29966339468955994,0.006905254621237589,6.240693780300158e-06,0.0068990139274574275,0.005688263002634794
44,warm,1880,0.1135452389717102,0.00020824636158067733,0.88494873046875,0.11505126953125,2,728,462,0.09072235226631165,0.28909385204315186,0.3011297881603241,0.29845890402793884,0.00664244444924833,9.22986126228125e-06,0.006633214587986297,0.005611165282284655
44,warm,1900,0.11296724528074265,0.00020824636158067733,0.884033203125,0.115966796875,2,721,470,0.0897737592458725,0.2897748649120331,0.29955926537513733,0.2995045781135559,0.006145685908272469,1.030290218628218e-06,0.006144655618054103,0.005733403793096822
44,warm,1920,0.11400267481803894,0.00020824636158067733,0.88482666015625,0.11517333984375,2,736,458,0.09119066596031189,0.2892574071884155,0.30187520384788513,0.2987183928489685,0.005951565159925565,7.66216697504758e-06,0.005943902992950634,0.005699720045636222
44,warm,1940,0.11312030255794525,0.00020824636158067733,0.88494873046875,0.11505126953125,2,729,464,0.0902884304523468,0.2887381315231323,0.30040913820266724,0.29788753390312195,0.006194806130956465,9.22986126228125e-06,0.0061855762696944785,0.005825959882026818
44,warm,1960,0.11382247507572174,0.00020824636158067733,0.88494873046875,0.11505126953125,2,732,469,0.09091997891664505,0.2899833917617798,0.3014240860939026,0.29993581771850586,0.006423856376208903,9.22986126228125e-06,0.006414626514946885,0.005790896867661086
44,warm,1980,0.11292210221290588,0.00020824636158067733,0.88470458984375,0.11529541015625,2,730,465,0.09002766758203506,0.28859958052635193,0.29995495080947876,0.2976420521736145,0.006866404016186323,6.240693780300158e-06,0.006860163322406255,0.005960162795640808
44,warm,2000,0.1136104166507721,0.00020824636158067733,0.885009765625,0.114990234375,2,729,463,0.09070059657096863,0.28993332386016846,0.3010089099407196,0.2998645305633545,0.006795278067151855,1.0068583476220477e-05,0.006785209483675961,0.006069720687487443
45,scratch,0,0.8382323980331421,0.00020824636158067733,0.37762451171875,0.62237548828125,2,1281,1132,0.9312098622322083,0.7818184494972229,0.7110745906829834,0.712488055229187,6.231315067326072,0.7222667107935884,5.509048356532484,1.889359294478022
45,scratch,20,0.6701372861862183,0.00020824636158067733,0.4931640625,0.5068359375,2,1316,1109,0.6812186241149902,0.6593547463417053,0.705711841583252,0.6512178182601929,4.420834281646243,0.45793705313787747,3.962897228508366,1.402734745455059
45,scratch,40,0.5160603523254395,0.00020824636158067733,0.6046142578125,0.3953857421875,2,1314,1032,0.48988500237464905,0.5560871362686157,0.6519675850868225,0.5851853489875793,2.9275048145871594,0.25401721141691747,2.6734876031702424,1.0567279417530198
45,scratch,60,0.3900016248226166,0.00020824636158067733,0.69989013671875,0.30010986328125,2,1257,902,0.3506776690483093,0.48170945048332214,0.5801242589950562,0.5237906575202942,1.8308013701087518,0.12105960462649096,1.7097417654822609,0.7949277651398415
45,scratch,80,0.3025568425655365,0.00020824636158067733,0.77777099609375,0.22222900390625,2,1182,757,0.26426538825035095,0.43657156825065613,0.5133456587791443,0.47310778498649597,1.1733531178959353,0.04446035210762936,1.1288927657883063,0.6158509318859114
45,scratch,100,0.24782592058181763,0.00020824636158067733,0.83050537109375,0.16949462890625,2,1081,645,0.21450422704219818,0.4110983610153198,0.46236810088157654,0.4324358403682709,0.8295145558679948,0.012213783612961646,0.8173007722550334,0.5165768024755789
45,scratch,120,0.2124735713005066,0.00020824636158067733,0.86627197265625,0.13372802734375,2,1010,548,0.18455645442008972,0.39331695437431335,0.4270678758621216,0.4024848937988281,0.6302607530706652,0.001396648138121074,0.6288641049325443,0.46060689622504014
45,scratch,140,0.18698441982269287,0.00020824636158067733,0.885986328125,0.114013671875,2,945,488,0.16237773001194,0.3781997859477997,0.39953410625457764,0.3757055699825287,0.4866335830990849,2.8478087271925547e-05,0.4866051050118132,0.4191098345702312
45,scratch,160,0.16798050701618195,0.00020824636158067733,0.90020751953125,0.09979248046875,2,894,444,0.14566490054130554,0.36928510665893555,0.37864378094673157,0.3549273908138275,0.3848387357295948,0.0014049511332740044,0.38343378459632105,0.3982130526503579
45,scratch,180,0.15590639412403107,0.00020824636158067733,0.90802001953125,0.09197998046875,2,863,412,0.13509607315063477,0.3613443672657013,0.3656562864780426,0.3405807316303253,0.31698080046117383,0.003103048199577324,0.3138777522615967,0.38596967690795736
45,scratch,200,0.1461784690618515,0.00020824636158067733,0.91619873046875,0.08380126953125,2,848,396,0.12696799635887146,0.35620665550231934,0.3553059995174408,0.32957836985588074,0.2700981874402757,0.005665556427455035,0.26443263101282105,0.38977403537250666
45,scratch,220,0.1391523778438568,0.00020824636158067733,0.9189453125,0.0810546875,2,814,378,0.1207650750875473,0.34761548042297363,0.34688642621040344,0.3199441134929657,0.23487830376671326,0.006717887424389987,0.22816041634232354,0.38885360397511703
45,scratch,240,0.13320104777812958,0.00020824636158067733,0.92095947265625,0.07904052734375,2,789,377,0.11530017852783203,0.34177732467651367,0.3391546607017517,0.3122076094150543,0.2087981885659289,0.007553797190890298,0.20124439137503897,0.3961653670860369
45,scratch,260,0.1283554583787918,0.00020824636158067733,0.92279052734375,0.07720947265625,2,782,360,0.11100196838378906,0.3357604742050171,0.33286312222480774,0.30557990074157715,0.19010063129717736,0.00836204713673283,0.18173858416044492,0.39586727332175087
45,scratch,280,0.12409692257642746,0.00020824636158067733,0.9259033203125,0.0740966796875,2,772,352,0.10741489380598068,0.33255356550216675,0.3275419771671295,0.3016708791255951,0.17619824777903403,0.00984463747774842,0.16635361030128593,0.4034926539836715
45,scratch,300,0.12219316512346268,0.00020824636158067733,0.92523193359375,0.07476806640625,2,760,347,0.10561630874872208,0.3273267149925232,0.3247693181037903,0.29929205775260925,0.16543326706123906,0.009513100283930924,0.15592016677730838,0.3960960404522166
45,scratch,320,0.12044145911931992,0.00020824636158067733,0.923583984375,0.076416015625,2,753,359,0.10348356515169144,0.3253990411758423,0.32158687710762024,0.30160757899284363,0.1562731247184317,0.008726843705504979,0.14754628101292705,0.39559320209923043
45,scratch,340,0.1195950135588646,0.00020824636158067733,0.92034912109375,0.07965087890625,2,747,352,0.10223793238401413,0.32015252113342285,0.31952810287475586,0.30052438378334045,0.1481126765018459,0.0072946646573329305,0.1408180118445134,0.37630980595826713
45,scratch,360,0.11765789240598679,0.00020824636158067733,0.92120361328125,0.07879638671875,2,735,361,0.10049790143966675,0.31827422976493835,0.31682783365249634,0.3020089864730835,0.14104001650303388,0.00765888113047794,0.13338113537255633,0.3680255571391581
45,scratch,380,0.11552700400352478,0.00020824636158067733,0.9224853515625,0.0775146484375,2,731,353,0.09858037531375885,0.3172054886817932,0.313771516084671,0.30350881814956665,0.13404738612080536,0.008224098213793322,0.12582328790701236,0.3583235911512429
45,scratch,400,0.11435753107070923,0.00020824636158067733,0.92218017578125,0.07781982421875,2,731,356,0.09722046554088593,0.31743523478507996,0.311533659696579,0.30705714225769043,0.12834769685360214,0.008087451731392817,0.12026024512220965,0.3529838375263762
45,scratch,420,0.1139802411198616,0.00020824636158067733,0.9210205078125,0.0789794921875,2,730,360,0.0965973362326622,0.316691130399704,0.3105071187019348,0.30998286604881287,0.12399188276759077,0.007579991320714966,0.11641189144687604,0.3312225098281897
45,scratch,440,0.11352914571762085,0.00020824636158067733,0.9207763671875,0.0792236328125,2,722,366,0.09603467583656311,0.3168584108352661,0.30963337421417236,0.3136290907859802,0.11905661174460391,0.007475521715534457,0.11158109002906956,0.3073241648537487
45,scratch,460,0.11365572363138199,0.00020824636158067733,0.9202880859375,0.0797119140625,2,721,380,0.09592636674642563,0.3183442950248718,0.30935797095298767,0.3185064196586609,0.11549300195547829,0.007269031491798618,0.1082239704636801,0.2830365076817952
45,scratch,480,0.11185286194086075,0.00020824636158067733,0.92303466796875,0.07696533203125,2,723,377,0.09455562382936478,0.3192962110042572,0.30722758173942566,0.3219532072544098,0.11101313237377752,0.00847334719987878,0.10253978517389888,0.2745795582243272
45,scratch,500,0.11219491064548492,0.00020824636158067733,0.92193603515625,0.07806396484375,2,723,376,0.09466183185577393,0.31926077604293823,0.30735480785369873,0.32468223571777344,0.10840966256801465,0.007979069157594998,0.10043059341041984,0.25043307057171205
45,scratch,520,0.11184273660182953,0.00020824636158067733,0.923095703125,0.076904296875,2,725,376,0.09455853700637817,0.3193081021308899,0.3071931004524231,0.32725226879119873,0.10429026433558164,0.008501303215791373,0.09578896111979063,0.229119894525179
45,scratch,540,0.11146137863397598,0.00020824636158067733,0.923583984375,0.076416015625,2,723,385,0.0941496267914772,0.3206958770751953,0.30656200647354126,0.3312424421310425,0.10024493733435946,0.008726843705504979,0.09151809362885481,0.2181981874029998
45,scratch,560,0.11090756207704544,0.00020824636158067733,0.92431640625,0.07568359375,2,722,389,0.0935555100440979,0.3228265345096588,0.3055313527584076,0.33470529317855835,0.0979016776407704,0.009071494734263108,0.08883018290650763,0.20497489303783822
45,scratch,580,0.11102442443370819,0.00020824636158067733,0.9246826171875,0.0753173828125,2,722,394,0.09352023154497147,0.3259257376194,0.3054317533969879,0.3384383022785187,0.094836244414914,0.009246691641154957,0.08558955277375926,0.19944643441089738
45,scratch,600,0.11100930720567703,0.00020824636158067733,0.92431640625,0.07568359375,2,718,404,0.09331952780485153,0.3270525634288788,0.3051793575286865,0.3421042561531067,0.09259639291195043,0.009071494734263108,0.0835248981776876,0.18337640925278265
45,scratch,620,0.1106831282377243,0.00020824636158067733,0.9244384765625,0.0755615234375,2,719,405,0.09291540086269379,0.3280581831932068,0.3045952618122101,0.3447810411453247,0.08977752597348143,0.009129680272659722,0.08064784570082185,0.1716348107886415
45,scratch,640,0.11066834628582001,0.00020824636158067733,0.92559814453125,0.07440185546875,2,716,406,0.09316462278366089,0.3284239172935486,0.3049725592136383,0.34638872742652893,0.08633434760559311,0.009693127535784968,0.07664122006980846,0.16157509239678347
45,scratch,660,0.11132659018039703,0.00020824636158067733,0.925537109375,0.074462890625,2,720,412,0.0937240794301033,0.33011725544929504,0.3058239221572876,0.34926435351371765,0.08457243124649239,0.009662987994770965,0.07490944325172172,0.1505486962353143
45,scratch,680,0.11155028641223907,0.00020824636158067733,0.9251708984375,0.0748291015625,2,728,412,0.09394414722919464,0.3292286992073059,0.3063388168811798,0.35062098503112793,0.0824831662837866,0.00948328445658872,0.07299988182719833,0.13317509488956147
45,scratch,700,0.11147525906562805,0.00020824636158067733,0.9261474609375,0.0738525390625,2,731,412,0.09389488399028778,0.3319419026374817,0.30622151494026184,0.35375460982322693,0.08039292928952335,0.009966822577356767,0.07042610671216687,0.12641882329739473
45,scratch,720,0.11049773544073105,0.00020824636158067733,0.9278564453125,0.0721435546875,2,733,406,0.09346921741962433,0.3295057415962219,0.3054908514022827,0.35150399804115295,0.07725949327942061,0.01084666868319567,0.06641282459622527,0.12275859961050171
45,scratch,740,0.11109477281570435,0.00020824636158067733,0.92730712890625,0.07269287109375,2,732,396,0.09407306462526321,0.32823216915130615,0.3065069019794464,0.3515731692314148,0.07557689152672964,0.01055914795769334,0.06501774356903665,0.11268406698331544
45,scratch,760,0.11066238582134247,0.00020824636158067733,0.9285888671875,0.0714111328125,2,732,404,0.09385009109973907,0.3292798101902008,0.30610084533691406,0.35251280665397644,0.07353349362602302,0.01123704738129764,0.06229644624472552,0.10987901660814257
45,scratch,780,0.1108652874827385,0.00020824636158067733,0.9283447265625,0.0716552734375,2,729,422,0.09388568252325058,0.33084800839424133,0.3061869740486145,0.35486122965812683,0.07202684704753182,0.011106026052623466,0.06092082099490849,0.10469666395624243
45,scratch,800,0.11038031429052353,0.00020824636158067733,0.9288330078125,0.0711669921875,2,727,404,0.0935705304145813,0.32977262139320374,0.3056655526161194,0.3541610538959503,0.07058847935768853,0.011368967568814135,0.059219511788874926,0.10241168770266539
45,scratch,820,0.11085516959428787,0.00020824636158067733,0.9276123046875,0.0723876953125,2,731,408,0.09378650039434433,0.32958167791366577,0.30606669187545776,0.354731023311615,0.06943962185760455,0.010718327046248456,0.058721294811356434,0.09442135907851933
45,scratch,840,0.10999883711338043,0.00020824636158067733,0.9296875,0.0703125,2,730,407,0.0933632031083107,0.32995888590812683,0.30529463291168213,0.3540579080581665,0.06735461019780331,0.011837808013405976,0.05551680218439754,0.09528122659070958
45,scratch,860,0.10924860835075378,0.00020824636158067733,0.93035888671875,0.06964111328125,2,729,395,0.09296104311943054,0.32683971524238586,0.30463653802871704,0.3502064049243927,0.0654189721724876,0.012214012489010821,0.053204959683477195,0.09425185141412383
45,scratch,880,0.11045754700899124,0.00020824636158067733,0.9293212890625,0.0706787109375,2,734,408,0.09394414722919464,0.3275846540927887,0.3062480390071869,0.3521425724029541,0.06509564894877684,0.011635515926107072,0.053460133022670206,0.08863692348790662
45,scratch,900,0.10983746498823166,0.00020824636158067733,0.92962646484375,0.07037353515625,2,726,415,0.09329318255186081,0.3283855617046356,0.3052101135253906,0.3530232608318329,0.06407976493283485,0.011803950459203613,0.052275814473631624,0.08800260865359176
45,scratch,920,0.10980470478534698,0.00020824636158067733,0.92987060546875,0.07012939453125,2,728,409,0.09339778125286102,0.3273499608039856,0.30534183979034424,0.3516215682029724,0.06301118990523236,0.01193972279285442,0.05107146711237838,0.08627208857910316
45,scratch,940,0.11031259596347809,0.00020824636158067733,0.92950439453125,0.07049560546875,2,735,409,0.09387300908565521,0.3270731270313263,0.3061806261539459,0.35180148482322693,0.06315106430047734,0.011736406134969617,0.051414658165508,0.08252217287485562
45,scratch,960,0.10991598665714264,0.00020824636158067733,0.92999267578125,0.07000732421875,2,729,417,0.09349297732114792,0.3280829191207886,0.3055000603199005,0.352446585893631,0.06188747671040318,0.01200795153520489,0.04987952517519874,0.08298300107821431
45,scratch,980,0.10986272990703583,0.00020824636158067733,0.92913818359375,0.07086181640625,2,731,404,0.09325805306434631,0.3275826871395111,0.30523914098739624,0.35294389724731445,0.06137757735705662,0.01153513616180045,0.04984244119525647,0.0791382546460636
45,scratch,1000,0.11004039645195007,0.00020824636158067733,0.929931640625,0.070068359375,2,732,418,0.09356895834207535,0.32864558696746826,0.30564525723457336,0.35299620032310486,0.05940544026162087,0.011973808577778605,0.047431631683842686,0.07914727628780836
45,scratch,1020,0.11048229783773422,0.00020824636158067733,0.92767333984375,0.07232666015625,2,736,410,0.0935143306851387,0.3281162679195404,0.30560407042503357,0.3531038165092468,0.059505181034914756,0.010750329128925831,0.048754851905989285,0.07535576357008265
45,scratch,1040,0.11106526851654053,0.00020824636158067733,0.92620849609375,0.07379150390625,2,732,427,0.09355036169290543,0.3309071362018585,0.30569931864738464,0.356838583946228,0.0597811137384312,0.009997504910460857,0.049783608827970754,0.07329774763024487
45,scratch,1060,0.11115458607673645,0.00020824636158067733,0.9261474609375,0.0738525390625,2,735,430,0.09365877509117126,0.33056092262268066,0.30578160285949707,0.3564651608467102,0.05896808168909473,0.009966822577356767,0.04900125911173823,0.07298527351053506
45,scratch,1080,0.1107921451330185,0.00020824636158067733,0.92626953125,0.07373046875,2,739,429,0.09334319829940796,0.33000171184539795,0.3053036332130432,0.35568657517433167,0.057399932765115125,0.01002824174965701,0.04737169101545856,0.07293683166903518
45,scratch,1100,0.10998775064945221,0.00020824636158067733,0.9266357421875,0.0733642578125,2,734,414,0.09287595003843307,0.32612016797065735,0.30451473593711853,0.3504282534122467,0.05653176366904944,0.010213809743103361,0.046317953925946315,0.0717205284829515
45,scratch,1120,0.11069489270448685,0.00020824636158067733,0.92608642578125,0.07391357421875,2,736,419,0.09329056739807129,0.32875916361808777,0.305210143327713,0.3534070551395416,0.05613645319026972,0.00993619470888725,0.04620025848138261,0.07026448082728619
45,scratch,1140,0.11070120334625244,0.00020824636158067733,0.92547607421875,0.07452392578125,2,734,422,0.09320419281721115,0.3279880881309509,0.3051079511642456,0.3531012535095215,0.055911888936684306,0.00963290250758287,0.046278986429101804,0.06871613888619775
45,scratch,1160,0.11043830960988998,0.00020824636158067733,0.92529296875,0.07470703125,2,732,428,0.09282346814870834,0.32860928773880005,0.30450281500816345,0.3541206419467926,0.05551961263409311,0.009542969962227303,0.0459766426718661,0.06818014357963419
45,scratch,1180,0.1102358028292656,0.00020824636158067733,0.9248046875,0.0751953125,2,730,427,0.09265734255313873,0.32642799615859985,0.30420681834220886,0.3512985110282898,0.05476653419901112,0.00930551810623896,0.0454610160927724,0.06740766137340413
45,scratch,1200,0.11085022240877151,0.00020824636158067733,0.92474365234375,0.07525634765625,2,732,427,0.0933113843202591,0.3263661563396454,0.305245965719223,0.35086604952812195,0.054264403087294966,0.009276078108793967,0.04498832497850113,0.06594519133181619
45,scratch,1220,0.10988286882638931,0.00020824636158067733,0.926025390625,0.073974609375,2,729,424,0.0926998034119606,0.32498303055763245,0.30423375964164734,0.3482811450958252,0.053809525718683915,0.0099056212636644,0.04390390445501977,0.06919743574803304
45,scratch,1240,0.10957403481006622,0.00020824636158067733,0.9256591796875,0.0743408203125,2,728,408,0.0925111472606659,0.32203352451324463,0.304022878408432,0.3450300097465515,0.05289286032057561,0.009723321171400352,0.04316953914917543,0.06637653183247037
45,scratch,1260,0.11076929420232773,0.00020824636158067733,0.92352294921875,0.07647705078125,2,729,429,0.09312835335731506,0.3237980306148529,0.30499157309532166,0.3472858965396881,0.05286796413638939,0.00869846680627781,0.044169497330111794,0.06476564877925282
45,scratch,1280,0.11061940342187881,0.00020824636158067733,0.92352294921875,0.07647705078125,2,733,422,0.0930854082107544,0.3223567605018616,0.3048996329307556,0.3455178439617157,0.05226344159455465,0.00869846680627781,0.04356497478827693,0.06378020229135016
45,scratch,1300,0.11020823568105698,0.00020824636158067733,0.92315673828125,0.07684326171875,2,727,428,0.0925167128443718,0.3227452039718628,0.3039364516735077,0.3460153341293335,0.05213216932752829,0.0085293117079583,0.043602857619570105,0.06395616787744528
45,scratch,1320,0.11046502739191055,0.00020824636158067733,0.92254638671875,0.07745361328125,2,728,436,0.09266675263643265,0.3224596381187439,0.3042899966239929,0.34614041447639465,0.05156353782222567,0.008251583652779018,0.043311954169447116,0.061973305412943755
45,scratch,1340,0.11126884818077087,0.00020824636158067733,0.92181396484375,0.07818603515625,2,725,441,0.0933348685503006,0.3227105438709259,0.30528485774993896,0.346133828163147,0.051584222718524586,0.007925188589560716,0.04365903412896416,0.06143306796115665
45,scratch,1360,0.1117759719491005,0.00020824636158067733,0.9207763671875,0.0792236328125,2,730,432,0.09376044571399689,0.32116129994392395,0.30604833364486694,0.3446696698665619,0.051096698066253055,0.007475521715534457,0.04362117635071885,0.058947100559857954
45,scratch,1380,0.11104804277420044,0.00020824636158067733,0.921142578125,0.078857421875,2,725,435,0.09307389706373215,0.32100608944892883,0.30488869547843933,0.34381338953971863,0.049702146935310054,0.0076325332542692866,0.04206961368104111,0.06037409234090317
45,scratch,1400,0.11110414564609528,0.00020824636158067733,0.92034912109375,0.07965087890625,2,722,428,0.09302431344985962,0.3200126886367798,0.30485981702804565,0.34253501892089844,0.04950531670765912,0.0072946646573329305,0.042210652050326494,0.058499665117092245
45,scratch,1420,0.1111835390329361,0.00020824636158067733,0.91937255859375,0.08062744140625,2,726,427,0.09286663681268692,0.3200460374355316,0.30454596877098083,0.34191253781318665,0.04831630217523042,0.006890608120841191,0.04142569405438944,0.05859506536330171
45,scratch,1440,0.11126827448606491,0.00020824636158067733,0.918212890625,0.081787109375,2,724,432,0.09277026355266571,0.31894299387931824,0.30442503094673157,0.3402562141418457,0.048738774596863266,0.006427489936794498,0.04231128466006896,0.055843547846275196
45,scratch,1460,0.11152709275484085,0.00020824636158067733,0.91839599609375,0.08160400390625,2,724,443,0.09292121976613998,0.3209233283996582,0.3046466112136841,0.34303611516952515,0.04791793192344329,0.006499417344212111,0.04141851457923146,0.05672117200560477
45,scratch,1480,0.11217401176691055,0.00020824636158067733,0.9158935546875,0.0841064453125,2,728,447,0.09290947020053864,0.3219590187072754,0.30465278029441833,0.3448881506919861,0.04769051151816228,0.005554750173578569,0.04213576134458391,0.05422101741828099
45,scratch,1500,0.11108288913965225,0.00020824636158067733,0.91851806640625,0.08148193359375,2,729,436,0.09256482869386673,0.31983068585395813,0.30409297347068787,0.3421037197113037,0.04747733729237069,0.006547617428488826,0.04092971986388218,0.05508103974829735
45,scratch,1520,0.11276758462190628,0.00020824636158067733,0.91461181640625,0.08538818359375,2,733,451,0.09325650334358215,0.32175517082214355,0.3051329553127289,0.344776451587677,0.047099099655319776,0.005102520148538705,0.04199657950678129,0.05256295384719577
45,scratch,1540,0.11184969544410706,0.00020824636158067733,0.91534423828125,0.08465576171875,2,727,442,0.0924730896949768,0.3213600218296051,0.3040344715118408,0.34488987922668457,0.04611408747296508,0.0053583429311238676,0.04075574454184137,0.05098552815001765
45,scratch,1560,0.11200954020023346,0.00020824636158067733,0.9151611328125,0.0848388671875,2,727,436,0.0928594246506691,0.31858280301094055,0.304571270942688,0.3407896161079407,0.04533568554034417,0.0052937403367561454,0.04004194520358823,0.05068745176799437
45,scratch,1580,0.11227860301733017,0.00020824636158067733,0.91455078125,0.08544921875,2,730,448,0.09291965514421463,0.31947460770606995,0.3046667277812958,0.34188100695610046,0.04523173379930512,0.005081512378427799,0.0401502214208776,0.05040661740462836
45,scratch,1600,0.11175200343132019,0.00020824636158067733,0.91436767578125,0.08563232421875,2,725,433,0.09254138916730881,0.3168797492980957,0.3040677011013031,0.3385203182697296,0.044826836562428696,0.005018774964149601,0.039808061598279335,0.05020217810783377
45,scratch,1620,0.11163172870874405,0.00020824636158067733,0.914794921875,0.085205078125,2,725,438,0.09260381013154984,0.31592294573783875,0.3041699528694153,0.3369550406932831,0.044068989606607545,0.005165829787398161,0.03890315981920957,0.049654929150387925
45,scratch,1640,0.11167933791875839,0.00020824636158067733,0.91455078125,0.08544921875,2,730,445,0.09247564524412155,0.31721365451812744,0.30395421385765076,0.338914155960083,0.04472001332106146,0.005081512378427799,0.03963850094263385,0.05045780895420192
45,scratch,1660,0.1118701919913292,0.00020824636158067733,0.913330078125,0.086669921875,2,727,448,0.09244616329669952,0.31656119227409363,0.30392390489578247,0.33841949701309204,0.04366508828461946,0.004671326893445585,0.03899376139117424,0.04922188269233173
45,scratch,1680,0.11176513135433197,0.00020824636158067733,0.91357421875,0.08642578125,2,727,436,0.09252824634313583,0.3151109218597412,0.30400291085243225,0.33639171719551086,0.04280795739469312,0.004751850292614997,0.03805610710207832,0.05017406481897067
45,scratch,1700,0.11256294697523117,0.00020824636158067733,0.9122314453125,0.0877685546875,2,730,452,0.09285876154899597,0.31736043095588684,0.3046218752861023,0.3396058678627014,0.04325928224061926,0.004318262205604807,0.03894102003501468,0.04718267945394926
45,scratch,1720,0.11166168749332428,0.00020824636158067733,0.913330078125,0.086669921875,2,726,445,0.09216660261154175,0.31710144877433777,0.303455650806427,0.3385428488254547,0.04233210452439806,0.004671326893445585,0.03766077763095268,0.049002703549599555
45,scratch,1740,0.11312156915664673,0.00020824636158067733,0.9112548828125,0.0887451171875,2,730,442,0.09322016686201096,0.3174736797809601,0.30522260069847107,0.3399064540863037,0.04186891307545437,0.004017088169719789,0.03785182490573494,0.04575304177091764
45,scratch,1760,0.11260710656642914,0.00020824636158067733,0.91015625,0.08984375,2,726,444,0.09250743687152863,0.3162253499031067,0.30398616194725037,0.3383648097515106,0.04068231285491919,0.003692357884045698,0.03698995497087389,0.04562193896094412
45,scratch,1780,0.11229287087917328,0.00020824636158067733,0.9105224609375,0.0894775390625,2,724,442,0.09230995178222656,0.31563878059387207,0.3037168085575104,0.337510883808136,0.0405037786957152,0.0037989531684709914,0.036704825527244696,0.04454931489567114
45,scratch,1800,0.11273258924484253,0.00020824636158067733,0.9111328125,0.0888671875,2,726,456,0.09273283183574677,0.3177851438522339,0.30436474084854126,0.3401240408420563,0.04125746309437517,0.003980273010015314,0.037277190084360215,0.04417939383096835
45,scratch,1820,0.11133627593517303,0.00020824636158067733,0.91192626953125,0.08807373046875,2,724,440,0.09181191772222519,0.3134937882423401,0.3028578460216522,0.3340315818786621,0.039974644726321173,0.004222871389764758,0.03575177333655661,0.044970722193506826
45,scratch,1840,0.11225181072950363,0.00020824636158067733,0.9102783203125,0.0897216796875,2,724,442,0.0923876017332077,0.3137856721878052,0.3038618564605713,0.33471372723579407,0.03985748435734848,0.0037277071188242424,0.03612977723852459,0.04266287808536161
45,scratch,1860,0.11267310380935669,0.00020824636158067733,0.90948486328125,0.09051513671875,2,719,446,0.09266529977321625,0.31370893120765686,0.30422407388687134,0.3342311680316925,0.03827751710996807,0.003501188467224931,0.034776328642743465,0.04171298722325899
45,scratch,1880,0.11274956166744232,0.00020824636158067733,0.90887451171875,0.09112548828125,2,718,449,0.092522032558918,0.3144964277744293,0.30407723784446716,0.33559542894363403,0.038020236876768365,0.003332150608299462,0.034688086268469316,0.04108754876619512
45,scratch,1900,0.11365099996328354,0.00020824636158067733,0.907470703125,0.092529296875,2,716,453,0.09310860186815262,0.31511804461479187,0.30501022934913635,0.33641213178634644,0.037415772917306356,0.00296038920302678,0.03445538371428007,0.039029836393860914
45,scratch,1920,0.11340511590242386,0.00020824636158067733,0.9075927734375,0.0924072265625,2,721,458,0.09283049404621124,0.3154822289943695,0.3045074939727783,0.33730146288871765,0.03677079685513007,0.0029917799650488706,0.0337790168900815,0.03976469435405759
45,scratch,1940,0.11161524057388306,0.00020824636158067733,0.90936279296875,0.09063720703125,2,718,444,0.0917116105556488,0.31130844354629517,0.30275440216064453,0.33047425746917725,0.037929655741031354,0.003467019750915623,0.03446263599011603,0.040367749229740166
45,scratch,1960,0.11224843561649323,0.00020824636158067733,0.908203125,0.091796875,2,717,450,0.0921037569642067,0.3115520179271698,0.3033606708049774,0.33072277903556824,0.03638217257394416,0.0031514031117282036,0.033230769462216384,0.039187163384890464
45,scratch,1980,0.1133088767528534,0.00020824636158067733,0.90692138671875,0.09307861328125,2,718,451,0.09297630935907364,0.3114214539527893,0.3047572076320648,0.3309759199619293,0.03563530047613739,0.002821323854866588,0.032813976621271036,0.0383137688634133
45,scratch,2000,0.11288337409496307,0.00020824636158067733,0.90655517578125,0.09344482421875,2,718,461,0.09237399697303772,0.3118550777435303,0.3036790192127228,0.3318972587585449,0.035593835648619176,0.0027306006798769288,0.03286323496874266,0.03939275532433838
45,mle,0,0.8382323980331421,0.00020824636158067733,0.37762451171875,0.62237548828125,2,1281,1132,0.9312098622322083,0.7818184494972229,0.7110745906829834,0.712488055229187,6.231315067326072,0.7222667107935884,5.509048356532484,1.889359294478022
45,mle,100,0.13007314503192902,0.00020824636158067733,0.87506103515625,0.12493896484375,2,702,523,0.10259008407592773,0.32256200909614563,0.3198319673538208,0.34620147943496704,0.07362883297974321,0.0003449746512275559,0.07328385832851594,0.05450269871766521
45,mle,200,0.12281779199838638,0.00020824636158067733,0.8870849609375,0.1129150390625,2,714,502,0.09844376891851425,0.31430527567863464,0.31373506784439087,0.336290180683136,0.04362239376569477,6.047732502037755e-05,0.04356191644067475,0.03071248479067888
45,mle,300,0.12119493633508682,0.00020824636158067733,0.885009765625,0.114990234375,2,733,500,0.0971776619553566,0.30604130029678345,0.31101831793785095,0.32459399104118347,0.024734450763212124,1.0068583476220477e-05,0.02472438217973599,0.021593042184799724
45,mle,400,0.12163560092449188,0.00020824636158067733,0.87933349609375,0.12066650390625,2,739,505,0.09679093211889267,0.3026861846446991,0.31080007553100586,0.32044461369514465,0.02580564111195116,8.64567927064486e-05,0.025719184319245074,0.01728979405856533
45,mle,500,0.11842648684978485,0.00020824636158067733,0.88299560546875,0.11700439453125,2,711,499,0.09399626404047012,0.3027937412261963,0.30633920431137085,0.3204917013645172,0.023519913164641082,1.6183991253845408e-06,0.023518294765515948,0.018223388005249017
45,mle,600,0.11477379500865936,0.00020824636158067733,0.888916015625,0.111083984375,2,719,472,0.0921705812215805,0.2956492602825165,0.3033176362514496,0.3083580434322357,0.015709428510312762,0.00014063855901900579,0.015568789951294126,0.013859337182334439
45,mle,700,0.11583751440048218,0.00020824636158067733,0.88568115234375,0.11431884765625,2,719,483,0.09263487160205841,0.29559916257858276,0.3040899932384491,0.3083307147026062,0.016015370202516976,2.1714247669711063e-05,0.01599365595484766,0.014594720845020656
45,mle,800,0.11575297266244888,0.00020824636158067733,0.8887939453125,0.1112060546875,2,719,499,0.09247098863124847,0.30182984471321106,0.3039407730102539,0.3186754286289215,0.018344026332492547,0.00013424350346476384,0.018209782829028257,0.013660324265624676
45,mle,900,0.11842970550060272,0.00020824636158067733,0.888427734375,0.111572265625,2,735,489,0.09533880650997162,0.30229780077934265,0.3087286353111267,0.31875696778297424,0.019860669367339767,0.00011596232809220515,0.019744707039247873,0.013676460542451405
45,mle,1000,0.11705353856086731,0.00020824636158067733,0.88092041015625,0.11907958984375,2,737,495,0.09252503514289856,0.2985091805458069,0.30371636152267456,0.31183725595474243,0.016099942754230767,3.397765512811119e-05,0.016065965099102943,0.01391656298914766
45,mle,1100,0.11622896045446396,0.00020824636158067733,0.88128662109375,0.11871337890625,2,707,503,0.09082420915365219,0.30482491850852966,0.3005412220954895,0.3214304745197296,0.026109699611701842,2.5266321090465765e-05,0.02608443329061169,0.01854878672861103
45,mle,1200,0.11631742864847183,0.00020824636158067733,0.88189697265625,0.11810302734375,2,721,507,0.09126392006874084,0.3033965229988098,0.3018624186515808,0.3205779194831848,0.0181581300719742,1.359774097399913e-05,0.01814453233100047,0.01247035483651869
45,mle,1300,0.11824765056371689,0.00020824636158067733,0.880859375,0.119140625,2,722,505,0.09330097585916519,0.30268946290016174,0.3054007589817047,0.3204357326030731,0.015724738594876442,3.555393125569692e-05,0.015689184663621042,0.010073982718718053
45,mle,1400,0.11669811606407166,0.00020824636158067733,0.889892578125,0.110107421875,2,736,501,0.09380573034286499,0.30171528458595276,0.3062407970428467,0.3186696767807007,0.016340082610263096,0.00019724388216570826,0.0161428387280975,0.011509515026086756
45,mle,1500,0.1148207038640976,0.00020824636158067733,0.88671875,0.11328125,2,725,489,0.09145286679267883,0.29773449897766113,0.30219149589538574,0.3117080628871918,0.014500295885959247,4.8477046092050644e-05,0.014451818839867472,0.011495794090701547
45,mle,1600,0.11481449753046036,0.00020824636158067733,0.88250732421875,0.11749267578125,2,717,486,0.09065785259008408,0.2962591350078583,0.30088135600090027,0.30988648533821106,0.013239370212254187,5.505864430475817e-06,0.013233864347824148,0.009572353899097816
45,mle,1700,0.11735956370830536,0.00020824636158067733,0.8826904296875,0.1173095703125,2,744,492,0.093206986784935,0.29909437894821167,0.3052888512611389,0.31418871879577637,0.016919751303070996,3.778160237667065e-06,0.016915973142833683,0.013471342595262267
45,mle,1800,0.11544150114059448,0.00020824636158067733,0.881591796875,0.118408203125,2,726,491,0.09116869419813156,0.29616138339042664,0.30184370279312134,0.30978894233703613,0.011072341437106559,1.8985942325923898e-05,0.011053355494780984,0.00889543896596022
45,mle,1900,0.1154489815235138,0.00020824636158067733,0.88214111328125,0.11785888671875,2,731,497,0.09098288416862488,0.2985709309577942,0.3015134334564209,0.3135376274585724,0.010200666726454699,9.930888481006223e-06,0.01019073583797406,0.008468473782381788
45,mle,2000,0.11514487862586975,0.00020824636158067733,0.88604736328125,0.11395263671875,2,724,490,0.09122180193662643,0.30116066336631775,0.30171871185302734,0.3151414692401886,0.029564611992832113,2.994142272744974e-05,0.029534670570104785,0.021979152342505567
45,mle,2100,0.11725691705942154,0.00020824636158067733,0.88323974609375,0.11676025390625,2,727,510,0.09248989820480347,0.30460846424102783,0.303876668214798,0.32341283559799194,0.016547942611218502,5.395335489349895e-07,0.01654740307766995,0.011477151064577792
45,mle,2200,0.11598951369524002,0.00020824636158067733,0.8829345703125,0.1170654296875,2,731,480,0.09202606230974197,0.29672741889953613,0.30335792899131775,0.3087054193019867,0.013325526659905051,1.9783008966670936e-06,0.01332354835900857,0.011145512094340101
45,mle,2300,0.11454808712005615,0.00020824636158067733,0.8782958984375,0.1217041015625,2,715,479,0.08985725790262222,0.29273322224617004,0.29961830377578735,0.30400407314300537,0.014887407139035247,0.00013361950728928932,0.014753787631746236,0.011423582481479552
45,mle,2400,0.11583392322063446,0.00020824636158067733,0.88311767578125,0.11688232421875,2,735,491,0.0917740911245346,0.2976206839084625,0.3029009699821472,0.3119104504585266,0.01331560449471425,1.0067853577531787e-06,0.013314597709356783,0.01028502986559486
45,mle,2500,0.11399738490581512,0.00020824636158067733,0.88714599609375,0.11285400390625,2,732,482,0.09115400165319443,0.2935693562030792,0.3019007742404938,0.30584627389907837,0.011399844385600488,6.260743941602408e-05,0.01133723694618465,0.008469008216020465
45,mle,2600,0.11265015602111816,0.00020824636158067733,0.88824462890625,0.11175537109375,2,722,471,0.09013744443655014,0.2915838062763214,0.30022019147872925,0.3021717369556427,0.008734231237035317,0.00010732934289700655,0.008626901894138766,0.007993200947789755
45,mle,2700,0.11406220495700836,0.00020824636158067733,0.88360595703125,0.11639404296875,2,726,481,0.09063423424959183,0.29191580414772034,0.3009481430053711,0.3029870092868805,0.008995914854317277,5.260820317814748e-09,0.00899590959349697,0.007852981894070563
45,mle,2800,0.11592160165309906,0.00020824636158067733,0.88702392578125,0.11297607421875,2,728,488,0.0924992635846138,0.29982051253318787,0.30400314927101135,0.3156832456588745,0.010358179207109686,5.838440207678319e-05,0.010299794805033187,0.007761448200876639
45,mle,2900,0.11397796124219894,0.00020824636158067733,0.88177490234375,0.11822509765625,2,732,482,0.08989693969488144,0.29358482360839844,0.2997845709323883,0.3053049147129059,0.016583964469468526,1.564583272699511e-05,0.01656831863674187,0.012506211861586944
45,mle,3000,0.11313963681459427,0.00020824636158067733,0.8878173828125,0.1121826171875,2,734,487,0.09002227336168289,0.2960914075374603,0.3000364899635315,0.309337317943573,0.012692381999663382,8.849836798776635e-05,0.012603883631675802,0.009476852182383463
45,mle,3100,0.11498626321554184,0.00020824636158067733,0.885986328125,0.114013671875,2,734,492,0.09154383838176727,0.29715436697006226,0.30254730582237244,0.31143680214881897,0.01314391218038935,2.8478087271925547e-05,0.013115434093117507,0.01037930708957445
45,mle,3200,0.11595834791660309,0.00020824636158067733,0.88104248046875,0.11895751953125,2,737,483,0.09199583530426025,0.2934334874153137,0.30313464999198914,0.30562907457351685,0.010135531677228471,3.093165732250512e-05,0.01010460001990625,0.008429754977664725
45,mle,3300,0.11461126804351807,0.00020824636158067733,0.88140869140625,0.11859130859375,2,723,511,0.08987583220005035,0.29845306277275085,0.2995535731315613,0.31369614601135254,0.013683727040920246,2.264723559233621e-05,0.013661079805328118,0.010608792204261572
45,mle,3400,0.1170201450586319,0.00020824636158067733,0.882080078125,0.117919921875,2,735,486,0.09326246380805969,0.2947353720664978,0.3051701486110687,0.3074684143066406,0.011772887298143075,1.0793895152769878e-05,0.011762093402990632,0.009917404627453816
45,mle,3500,0.11426801979541779,0.00020824636158067733,0.87994384765625,0.12005615234375,2,728,494,0.08954647928476334,0.2954629957675934,0.2991308867931366,0.3086978495121002,0.010374615682671617,6.344896127035825e-05,0.010311166721401685,0.008691671763922368
45,mle,3600,0.11362694948911667,0.00020824636158067733,0.88671875,0.11328125,2,734,486,0.0902295857667923,0.2967718243598938,0.2998005449771881,0.3105354905128479,0.019611255870408684,4.8477046092050644e-05,0.01956277882431691,0.01508214543104712
45,mle,3700,0.11488823592662811,0.00020824636158067733,0.88409423828125,0.11590576171875,2,738,503,0.09023397415876389,0.3029436469078064,0.30026957392692566,0.3182413876056671,0.012567108803345661,1.3219412643131114e-06,0.012565786862081652,0.009879632730412577
45,mle,3800,0.11527864634990692,0.00020824636158067733,0.8818359375,0.1181640625,2,724,502,0.09087379276752472,0.2974073588848114,0.30122897028923035,0.31202611327171326,0.010980297095379399,1.4603911402492073e-05,0.010965693183977322,0.00909763562344322
45,mle,3900,0.11949574202299118,0.00020824636158067733,0.87982177734375,0.12017822265625,2,738,512,0.09446634352207184,0.3027353584766388,0.30688124895095825,0.31929901242256165,0.012607020283034842,6.77689166735506e-05,0.012539251366361793,0.010132753487819154
45,mle,4000,0.11606352776288986,0.00020824636158067733,0.88232421875,0.11767578125,2,741,505,0.09157402813434601,0.2996840178966522,0.3018948435783386,0.31348979473114014,0.0141474659547427,7.55691922492115e-06,0.014139909035518074,0.012135330959831644
45,mle,4100,0.11541612446308136,0.00020824636158067733,0.88592529296875,0.11407470703125,2,748,456,0.09284772723913193,0.2906864583492279,0.3044763505458832,0.29914554953575134,0.011116900725760104,2.7051630565939032e-05,0.011089849095194584,0.011467173776732106
45,mle,4200,0.11516603827476501,0.00020824636158067733,0.88458251953125,0.11541748046875,2,729,491,0.09160038828849792,0.29577791690826416,0.3025675117969513,0.3088821768760681,0.011504878396230822,4.965307018767835e-06,0.011499913089212194,0.009517146188268252
45,mle,4300,0.11595451831817627,0.00020824636158067733,0.8836669921875,0.1163330078125,2,728,479,0.09257668256759644,0.2935328483581543,0.3036912977695465,0.3056747615337372,0.011015665394374707,4.289582626115036e-08,0.01101562249854865,0.009441651797937975
45,mle,4400,0.11725788563489914,0.00020824636158067733,0.878173828125,0.121826171875,2,740,496,0.09249597787857056,0.2957521080970764,0.30340901017189026,0.3091386556625366,0.010719717251781447,0.00013983166581215886,0.010579885585969576,0.011867604466938228
45,mle,4500,0.11308953166007996,0.00020824636158067733,0.88330078125,0.11669921875,2,731,489,0.08924742043018341,0.2935515344142914,0.2985619306564331,0.30574893951416016,0.00878451446333628,3.600842914774742e-07,0.008784154379045058,0.007186999545633607
45,mle,4600,0.11564642190933228,0.00020824636158067733,0.8873291015625,0.1126708984375,2,734,500,0.09228824079036713,0.29960164427757263,0.30367735028266907,0.3150409460067749,0.013633117018621022,6.922110695421323e-05,0.01356389591166705,0.009964692531179917
45,mle,4700,0.11434631049633026,0.00020824636158067733,0.88427734375,0.11572265625,2,736,471,0.09121245890855789,0.29112017154693604,0.3018050789833069,0.3015648424625397,0.01119366009225331,2.4150871767717385e-06,0.011191245005076757,0.009465428652442806
45,mle,4800,0.11500793695449829,0.00020824636158067733,0.88201904296875,0.11798095703125,2,733,491,0.09101590514183044,0.2943710386753082,0.3015165627002716,0.307119220495224,0.008590560359884591,1.169271682343459e-05,0.00857886764306142,0.007645849474324659
45,mle,4900,0.1140248253941536,0.00020824636158067733,0.889892578125,0.110107421875,2,732,493,0.09130346029996872,0.2976597845554352,0.302137166261673,0.3118435740470886,0.01142185965800735,0.00019724388216570826,0.011224615775841707,0.008953724224961643
45,mle,5000,0.11546420305967331,0.00020824636158067733,0.88189697265625,0.11810302734375,2,740,500,0.0909864604473114,0.29824405908584595,0.3016258180141449,0.3128085434436798,0.010736684079169834,1.359774097399913e-05,0.010723086338196222,0.008053984807015677
45,warm,0,0.11546420305967331,0.00020824636158067733,0.88189697265625,0.11810302734375,2,740,500,0.0909864604473114,0.29824405908584595,0.3016258180141449,0.3128085434436798,0.010736684079169834,1.359774097399913e-05,0.010723086338196222,0.008053984807015677
45,warm,20,0.11354123800992966,0.00020824636158067733,0.8824462890625,0.1175537109375,2,724,484,0.08973865956068039,0.29222121834754944,0.29947373270988464,0.30360329151153564,0.005810548130106952,6.153643083638702e-06,0.005804394487023721,0.0061527481532220735
45,warm,40,0.1134214997291565,0.00020824636158067733,0.88360595703125,0.11639404296875,2,724,480,0.08989525586366653,0.2920210659503937,0.2997662425041199,0.30330297350883484,0.0058186075992168185,5.260820317814748e-09,0.005818602338396648,0.00613975238342844
45,warm,60,0.11287997663021088,0.00020824636158067733,0.885009765625,0.114990234375,2,727,478,0.08973070234060287,0.29104575514793396,0.2995024621486664,0.3017211854457855,0.00627211883402623,1.0068583476220477e-05,0.006262050250550331,0.0063158730056284
45,warm,80,0.11304596066474915,0.00020824636158067733,0.8856201171875,0.1143798828125,2,726,479,0.08990795165300369,0.2921990156173706,0.2997559905052185,0.3036176562309265,0.006254527405694432,2.047192719925508e-05,0.006234055478495401,0.006269788756294456
45,warm,100,0.11351627111434937,0.00020824636158067733,0.88592529296875,0.11407470703125,2,731,476,0.09047067165374756,0.2924927771091461,0.30074837803840637,0.3041052520275116,0.007083105564383629,2.7051630565939032e-05,0.007056053933818121,0.006063361144010723
45,warm,120,0.1128561720252037,0.00020824636158067733,0.8851318359375,0.1148681640625,2,723,472,0.08980314433574677,0.29049432277679443,0.2995723485946655,0.30080801248550415,0.006319195345717787,1.1855862525988418e-05,0.006307339483192306,0.006660467225851771
45,warm,140,0.1134854257106781,0.00020824636158067733,0.88525390625,0.11474609375,2,730,476,0.09028183668851852,0.29249870777130127,0.3003915250301361,0.3040378987789154,0.00648036811690389,1.3789700592723103e-05,0.006466578416311666,0.006390564355792758
45,warm,160,0.113251231610775,0.00020824636158067733,0.88482666015625,0.11517333984375,2,729,472,0.09013369679450989,0.29085323214530945,0.30010083317756653,0.3013448715209961,0.0062059748022917915,7.66216697504758e-06,0.006198312635317003,0.00698808078709133
45,warm,180,0.1132214218378067,0.00020824636158067733,0.88568115234375,0.11431884765625,2,725,477,0.0902198925614357,0.2914249300956726,0.300319641828537,0.30233338475227356,0.0066039112505720254,2.1714247669711063e-05,0.006582197002902666,0.006372710261753109
45,warm,200,0.11388733983039856,0.00020824636158067733,0.88568115234375,0.11431884765625,2,734,483,0.09084215015172958,0.292429119348526,0.3013404309749603,0.304013729095459,0.006535495399297986,2.1714247669711063e-05,0.006513781151628503,0.006193384121838771
45,warm,220,0.11306139826774597,0.00020824636158067733,0.88592529296875,0.11407470703125,2,729,476,0.08996410667896271,0.2924393117427826,0.29990461468696594,0.30400994420051575,0.006645768168532129,2.7051630565939032e-05,0.006618716537966616,0.006153174728065078
45,warm,240,0.113718181848526,0.00020824636158067733,0.8857421875,0.1142578125,2,734,477,0.09065017104148865,0.2925446927547455,0.3010101914405823,0.3041841387748718,0.006526292517087029,2.2993361114625847e-05,0.006503299155972619,0.0061707054931002675
45,warm,260,0.1136525422334671,0.00020824636158067733,0.88580322265625,0.11419677734375,2,729,474,0.09072297066450119,0.2915130853652954,0.301095187664032,0.302507609128952,0.0055023469256454405,2.4309284651640502e-05,0.005478037640993963,0.006148984802389332
45,warm,280,0.11353214085102081,0.00020824636158067733,0.8858642578125,0.1141357421875,2,734,471,0.09050897508859634,0.29222649335861206,0.30076876282691956,0.3035975396633148,0.006061648554172905,2.566203541708124e-05,0.006035986518756168,0.006227552324385197
45,warm,300,0.11302678287029266,0.00020824636158067733,0.88525390625,0.11474609375,2,730,473,0.08999122679233551,0.2907436490058899,0.299944132566452,0.30119189620018005,0.006352575023633733,1.3789700592723103e-05,0.006338785323041518,0.006455188669174258
45,warm,320,0.11364078521728516,0.00020824636158067733,0.88543701171875,0.11456298828125,2,737,466,0.09059572219848633,0.2917519807815552,0.30090364813804626,0.30290138721466064,0.005599588141926404,1.696555273700295e-05,0.005582622589189828,0.006443074308886007
45,warm,340,0.11335253715515137,0.00020824636158067733,0.88629150390625,0.11370849609375,2,732,474,0.09054706990718842,0.2911079227924347,0.300858736038208,0.3018229901790619,0.006725934098362529,3.616389655127731e-05,0.006689770201811322,0.006198157688454539
45,warm,360,0.11267884075641632,0.00020824636158067733,0.88568115234375,0.11431884765625,2,737,464,0.08982127904891968,0.28976696729660034,0.29965630173683167,0.2995772957801819,0.006823622145752495,2.1714247669711063e-05,0.006801907898083034,0.006660096181117278
45,warm,380,0.11319535970687866,0.00020824636158067733,0.885986328125,0.114013671875,2,730,471,0.0903535783290863,0.29069608449935913,0.30055320262908936,0.3011429011821747,0.006880494326473752,2.8478087271925547e-05,0.006852016239202013,0.0064110543910328305
45,warm,400,0.11346222460269928,0.00020824636158067733,0.8861083984375,0.1138916015625,2,736,477,0.09051208198070526,0.29202064871788025,0.30075058341026306,0.3032223880290985,0.006191002303971516,3.144165414372844e-05,0.006159560649828007,0.006595022468213738
45,warm,420,0.11356925964355469,0.00020824636158067733,0.88525390625,0.11474609375,2,733,473,0.09063232690095901,0.2905251979827881,0.301016628742218,0.30084389448165894,0.006532144322413558,1.3789700592723103e-05,0.006518354621821255,0.0064961980326597585
45,warm,440,0.11273543536663055,0.00020824636158067733,0.8843994140625,0.1156005859375,2,730,470,0.08967671543359756,0.2891455888748169,0.2993867099285126,0.29847148060798645,0.005649284907853769,3.325845086035533e-06,0.005645959062768102,0.007508612595524919
45,warm,460,0.11309180408716202,0.00020824636158067733,0.885986328125,0.114013671875,2,730,474,0.09015090018510818,0.2913627624511719,0.30020609498023987,0.3021857440471649,0.007564827022001452,2.8478087271925547e-05,0.007536348934729761,0.007063102713113931
45,warm,480,0.11319486796855927,0.00020824636158067733,0.88702392578125,0.11297607421875,2,738,470,0.09049247205257416,0.2914411425590515,0.30075138807296753,0.30238035321235657,0.006946825401250578,5.838440207678319e-05,0.006888440999173941,0.006508331892514416
45,warm,500,0.11341287195682526,0.00020824636158067733,0.88653564453125,0.11346435546875,2,734,475,0.090512216091156,0.29234352707862854,0.30078333616256714,0.30383867025375366,0.006497987190236643,4.2977810655157184e-05,0.006455009379581907,0.0063537184989809065
45,warm,520,0.11315161734819412,0.00020824636158067733,0.88629150390625,0.11370849609375,2,737,469,0.09029369801282883,0.29131585359573364,0.3004259467124939,0.30215469002723694,0.006270169841450013,3.616389655127731e-05,0.0062340059448987364,0.006472638234522474
45,warm,540,0.11357565969228745,0.00020824636158067733,0.88604736328125,0.11395263671875,2,740,469,0.09073055535554886,0.29120945930480957,0.30115121603012085,0.3020037114620209,0.0064696229826992635,2.994142272744974e-05,0.006439681559972259,0.006394522636805941
45,warm,560,0.11316384375095367,0.00020824636158067733,0.88531494140625,0.11468505859375,2,735,469,0.09017277508974075,0.29064422845840454,0.3002297580242157,0.3010474741458893,0.006658991166482053,1.4811621646955257e-05,0.006644179544835517,0.006525863035899401
45,warm,580,0.11398826539516449,0.00020824636158067733,0.8851318359375,0.1148681640625,2,735,477,0.09086635708808899,0.29215720295906067,0.3013879656791687,0.3035430610179901,0.006035577335573805,1.1855862525988418e-05,0.006023721473048324,0.006331360150620621
45,warm,600,0.11334600299596786,0.00020824636158067733,0.88543701171875,0.11456298828125,2,733,469,0.09029839932918549,0.2914768159389496,0.3004355728626251,0.30242061614990234,0.00633766402898317,1.696555273700295e-05,0.006320698476246706,0.006494903945390415
45,warm,620,0.11359019577503204,0.00020824636158067733,0.8848876953125,0.1151123046875,2,738,467,0.09044568240642548,0.29150593280792236,0.30067381262779236,0.3024229109287262,0.005848682297077801,8.427728054539053e-06,0.005840254569023486,0.006409210677925312
45,warm,640,0.11308544129133224,0.00020824636158067733,0.8861083984375,0.1138916015625,2,738,473,0.09033467620611191,0.2900926470756531,0.3004485070705414,0.30001652240753174,0.006431344831803187,3.144165414372844e-05,0.006399903177659701,0.0069470979881270795
45,warm,660,0.1131644994020462,0.00020824636158067733,0.8848876953125,0.1151123046875,2,733,471,0.09001614898443222,0.29110974073410034,0.2999644875526428,0.30179765820503235,0.006052729532534329,8.427728054539053e-06,0.00604430180447995,0.00652973182263393
45,warm,680,0.11344514042139053,0.00020824636158067733,0.8848876953125,0.1151123046875,2,735,467,0.09040925651788712,0.2905258536338806,0.3006119430065155,0.30085790157318115,0.005749440476215284,8.427728054539053e-06,0.0057410127481609735,0.006591477330625803
45,warm,700,0.11374712735414505,0.00020824636158067733,0.8856201171875,0.1143798828125,2,735,478,0.0907331183552742,0.2919398844242096,0.30115410685539246,0.30320534110069275,0.006683348384108001,2.047192719925508e-05,0.006662876456909057,0.006361557324676123
45,warm,720,0.11383858323097229,0.00020824636158067733,0.88555908203125,0.11444091796875,2,741,475,0.09084121882915497,0.29179540276527405,0.3013181984424591,0.3029429018497467,0.006430585192724436,1.9266382604199613e-05,0.006411318810120586,0.006325001385671367
45,warm,740,0.11307354271411896,0.00020824636158067733,0.88482666015625,0.11517333984375,2,734,473,0.08999775350093842,0.29035484790802,0.2999412417411804,0.30055952072143555,0.00603016631867348,7.66216697504758e-06,0.006022504151698657,0.006617862412208506
45,warm,760,0.11303912103176117,0.00020824636158067733,0.88604736328125,0.11395263671875,2,734,472,0.09008509665727615,0.29151996970176697,0.30007150769233704,0.3024853467941284,0.006511982523811355,2.994142272744974e-05,0.006482041101083986,0.0065412495325699455
45,warm,780,0.11345767229795456,0.00020824636158067733,0.88519287109375,0.11480712890625,2,732,474,0.09033840894699097,0.2917132079601288,0.30047592520713806,0.3028319180011749,0.006147831384446079,1.2804453208918251e-05,0.006135026931237374,0.006448189830957726
45,warm,800,0.11312918365001678,0.00020824636158067733,0.88519287109375,0.11480712890625,2,732,476,0.09006272256374359,0.2909775972366333,0.30001792311668396,0.30160635709762573,0.006396993275124885,1.2804453208918251e-05,0.006384188821916197,0.006659543935934362
45,warm,820,0.11359073221683502,0.00020824636158067733,0.88446044921875,0.11553955078125,2,734,479,0.0902848020195961,0.29199865460395813,0.3003624677658081,0.303235799074173,0.006427238954351822,3.835872321578679e-06,0.006423403082030576,0.006436778117172234
45,warm,840,0.11320988833904266,0.00020824636158067733,0.885009765625,0.114990234375,2,734,479,0.09000054746866226,0.2918380796909332,0.29993703961372375,0.3030148446559906,0.006912392310191251,1.0068583476220477e-05,0.006902323726715425,0.006327509270017781
45,warm,860,0.1138027086853981,0.00020824636158067733,0.88427734375,0.11572265625,2,733,486,0.0903877466917038,0.2927246391773224,0.3005553185939789,0.30444827675819397,0.006459524590177068,2.4150871767717385e-06,0.006457109503000641,0.0065543974208094186
45,warm,880,0.11292187869548798,0.00020824636158067733,0.88543701171875,0.11456298828125,2,729,464,0.090003602206707,0.290053129196167,0.29991114139556885,0.30000656843185425,0.006018295382823169,1.696555273700295e-05,0.006001329830086695,0.006656382430487592
45,warm,900,0.11390800774097443,0.00020824636158067733,0.88531494140625,0.11468505859375,2,734,473,0.09088354557752609,0.2916461229324341,0.3013860285282135,0.30272921919822693,0.0058823216757488694,1.4811621646955257e-05,0.005867510054102333,0.006288213532793616
45,warm,920,0.11268997192382812,0.00020824636158067733,0.8857421875,0.1142578125,2,731,473,0.08972843736410141,0.29069095849990845,0.2994835376739502,0.3011341691017151,0.006336156767069667,2.2993361114625847e-05,0.006313163405955252,0.006431762115648762
45,warm,940,0.11381810903549194,0.00020824636158067733,0.8848876953125,0.1151123046875,2,735,481,0.09055036306381226,0.29268118739128113,0.30084753036499023,0.3042474389076233,0.006300321104212969,8.427728054539053e-06,0.006291893376158652,0.00646835190240834
45,warm,960,0.11269687861204147,0.00020824636158067733,0.8857421875,0.1142578125,2,733,460,0.08988508582115173,0.28953713178634644,0.29972201585769653,0.2992112934589386,0.005865111864117978,2.2993361114625847e-05,0.005842118503003575,0.006764793791485299
45,warm,980,0.11417890340089798,0.00020824636158067733,0.88525390625,0.11474609375,2,737,473,0.09120488166809082,0.291421115398407,0.3019181489944458,0.3023490011692047,0.006383774002465259,1.3789700592723103e-05,0.006369984301872996,0.006464938597896416
45,warm,1000,0.11351469159126282,0.00020824636158067733,0.88543701171875,0.11456298828125,2,732,482,0.09041548520326614,0.29204443097114563,0.30060747265815735,0.3033369779586792,0.006367043116192406,1.696555273700295e-05,0.006350077563455807,0.006394214536380768
45,warm,1020,0.11388055235147476,0.00020824636158067733,0.88421630859375,0.11578369140625,2,728,483,0.0904279351234436,0.2929832637310028,0.30061444640159607,0.3048970401287079,0.00719285032101169,2.0143230913347715e-06,0.007190835997920775,0.006383052162386757
45,warm,1040,0.113999143242836,0.00020824636158067733,0.885009765625,0.114990234375,2,739,475,0.09083358198404312,0.2922903597354889,0.3013083040714264,0.30378347635269165,0.00618586206910976,1.0068583476220477e-05,0.006175793485633746,0.006052108242552076
45,warm,1060,0.11346051096916199,0.00020824636158067733,0.884765625,0.115234375,2,736,478,0.09006565064191818,0.29308536648750305,0.30003610253334045,0.30507633090019226,0.006915420199952393,6.933161164135405e-06,0.006908487038788595,0.0061360852280313155
45,warm,1080,0.11379189789295197,0.00020824636158067733,0.8846435546875,0.1153564453125,2,739,482,0.09053092449903488,0.29217520356178284,0.30079135298728943,0.3035276234149933,0.005512047225060712,5.5847480002313e-06,0.005506462477060822,0.006254727429445647
45,warm,1100,0.11321428418159485,0.00020824636158067733,0.88470458984375,0.11529541015625,2,730,473,0.09011633694171906,0.29045340418815613,0.30012139678001404,0.3007330894470215,0.00582804700098194,6.240693780300158e-06,0.005821806307201775,0.00641785073934896
45,warm,1120,0.11357823014259338,0.00020824636158067733,0.88507080078125,0.11492919921875,2,735,479,0.09036779403686523,0.292322039604187,0.300540030002594,0.3038172125816345,0.005873661157970389,1.0943911592751392e-05,0.005862717246378012,0.006038726708761696
45,warm,1140,0.11304791271686554,0.00020824636158067733,0.88543701171875,0.11456298828125,2,733,474,0.09005053341388702,0.29079073667526245,0.30004364252090454,0.30129891633987427,0.006889660861638447,1.696555273700295e-05,0.006872695308901918,0.006257696151119471
45,warm,1160,0.11398434638977051,0.00020824636158067733,0.88519287109375,0.11480712890625,2,738,478,0.09073752909898758,0.2932232618331909,0.30116647481918335,0.3053228259086609,0.006783729732710242,1.2804453208918251e-05,0.006770925279501598,0.006160329148083274
45,warm,1180,0.11329644173383713,0.00020824636158067733,0.88531494140625,0.11468505859375,2,735,478,0.09018845111131668,0.29167938232421875,0.3002094328403473,0.3027636706829071,0.006141016649785058,1.4811621646955257e-05,0.0061262050281384525,0.00619911500802571
45,warm,1200,0.11307308822870255,0.00020824636158067733,0.8853759765625,0.1146240234375,2,734,473,0.09006102383136749,0.2908223569393158,0.30001482367515564,0.3013489842414856,0.006982110470566738,1.5870233359576314e-05,0.006966240237207584,0.00635971764972508
45,warm,1220,0.11349692940711975,0.00020824636158067733,0.8857421875,0.1142578125,2,734,474,0.09049093723297119,0.291842520236969,0.3007722795009613,0.30305275321006775,0.006950433770548159,2.2993361114625847e-05,0.006927440409433721,0.00629545706874067
45,warm,1240,0.11286167800426483,0.00020824636158067733,0.88555908203125,0.11444091796875,2,732,466,0.08985200524330139,0.29091355204582214,0.299671471118927,0.3014718294143677,0.006278177516655603,1.9266382604199613e-05,0.006258911134051856,0.006480400749974233
45,warm,1260,0.1136360689997673,0.00020824636158067733,0.88525390625,0.11474609375,2,734,475,0.09060551971197128,0.29131433367729187,0.30092334747314453,0.3021621108055115,0.006468130600119082,1.3789700592723103e-05,0.0064543408995269055,0.006360633721892536
45,warm,1280,0.11302550882101059,0.00020824636158067733,0.88592529296875,0.11407470703125,2,733,478,0.09000296145677567,0.2918229401111603,0.29995670914649963,0.3030044138431549,0.006566684995782168,2.7051630565939032e-05,0.006539633365216513,0.006220247975984403
45,warm,1300,0.11271584033966064,0.00020824636158067733,0.88525390625,0.11474609375,2,732,468,0.08978648483753204,0.2896133363246918,0.2995578944683075,0.2993343770503998,0.006842438714379284,1.3789700592723103e-05,0.006828649013787128,0.00680144449983798
45,warm,1320,0.11331164836883545,0.00020824636158067733,0.8858642578125,0.1141357421875,2,735,458,0.09059412777423859,0.28963354229927063,0.3009391725063324,0.29923611879348755,0.00703386812238449,2.566203541708124e-05,0.007008206086967606,0.00690898483412182
45,warm,1340,0.1130613163113594,0.00020824636158067733,0.88580322265625,0.11419677734375,2,736,477,0.09005264937877655,0.29153531789779663,0.30003219842910767,0.30241823196411133,0.006537063961154388,2.4309284651640502e-05,0.0065127546765032275,0.006413588105028775
45,warm,1360,0.11334371566772461,0.00020824636158067733,0.885986328125,0.114013671875,2,737,475,0.09040437638759613,0.29160261154174805,0.3005917966365814,0.30243751406669617,0.006445813080794949,2.8478087271925547e-05,0.006417334993523241,0.006641527951837797
45,warm,1380,0.11359147727489471,0.00020824636158067733,0.8858642578125,0.1141357421875,2,736,470,0.09074484556913376,0.29091551899909973,0.3011102080345154,0.3014121949672699,0.006369214869486939,2.566203541708124e-05,0.006343552834070065,0.006367760631514993
45,warm,1400,0.11322155594825745,0.00020824636158067733,0.885986328125,0.114013671875,2,738,465,0.09035374969244003,0.2909243702888489,0.3004958927631378,0.30151239037513733,0.0066117310205342505,2.8478087271925547e-05,0.006583252933262547,0.00677783067771541
45,warm,1420,0.11358778178691864,0.00020824636158067733,0.8857421875,0.1142578125,2,739,472,0.09075692296028137,0.29057568311691284,0.3011763095855713,0.30094635486602783,0.006196626288151208,2.2993361114625847e-05,0.006173632927036821,0.006447295404764172
45,warm,1440,0.11321493983268738,0.00020824636158067733,0.8853759765625,0.1146240234375,2,731,472,0.09022903442382812,0.2907620072364807,0.30033665895462036,0.30116742849349976,0.006518557311942175,1.5870233359576314e-05,0.006502687078582999,0.006399995706710779
45,warm,1460,0.11307795345783234,0.00020824636158067733,0.8861083984375,0.1138916015625,2,740,468,0.09029250591993332,0.2903551161289215,0.3004109263420105,0.30058029294013977,0.0066228674739292615,3.144165414372844e-05,0.006591425819785638,0.006399612351056003
45,warm,1480,0.11352860927581787,0.00020824636158067733,0.8856201171875,0.1143798828125,2,738,468,0.09061406552791595,0.29095131158828735,0.3009364604949951,0.30155840516090393,0.006369515643022794,2.047192719925508e-05,0.006349043715823718,0.0062640338594473904
45,warm,1500,0.11339789628982544,0.00020824636158067733,0.8856201171875,0.1143798828125,2,737,469,0.09050721675157547,0.29063570499420166,0.3007386326789856,0.30100002884864807,0.0062546580345994585,2.047192719925508e-05,0.006234186107400386,0.006424526146697626
45,warm,1520,0.11358990520238876,0.00020824636158067733,0.88525390625,0.11474609375,2,733,471,0.09055900573730469,0.2912709414958954,0.3007960617542267,0.30196696519851685,0.006272149625878853,1.3789700592723103e-05,0.006258359925286579,0.006858180161766522
45,warm,1540,0.11353664845228195,0.00020824636158067733,0.8861083984375,0.1138916015625,2,738,479,0.0906372219324112,0.2917005717754364,0.3010287582874298,0.30281123518943787,0.007130125698317613,3.144165414372844e-05,0.0070986840441740525,0.00595921964963507
45,warm,1560,0.11383558064699173,0.00020824636158067733,0.88525390625,0.11474609375,2,737,481,0.09058266133069992,0.2932293117046356,0.3008923828601837,0.30531659722328186,0.006186695002547538,1.3789700592723103e-05,0.00617290530195525,0.006022071103184298
45,warm,1580,0.11339840292930603,0.00020824636158067733,0.885009765625,0.114990234375,2,738,474,0.09037446975708008,0.29059964418411255,0.30052971839904785,0.3009907603263855,0.006269916470778014,1.0068583476220477e-05,0.006259847887302066,0.006182610094806459
45,warm,1600,0.11321144551038742,0.00020824636158067733,0.88525390625,0.11474609375,2,734,474,0.0901847779750824,0.29085972905158997,0.3002445101737976,0.30141758918762207,0.00643521985767137,1.3789700592723103e-05,0.006421430157079097,0.00634579400616074
45,warm,1620,0.11286596208810806,0.00020824636158067733,0.885986328125,0.114013671875,2,734,467,0.09011176228523254,0.28968602418899536,0.3001324236392975,0.299456387758255,0.0064005911597675436,2.8478087271925547e-05,0.0063721130724957425,0.006321670495931339
45,warm,1640,0.11345530301332474,0.00020824636158067733,0.88543701171875,0.11456298828125,2,739,468,0.09041254967451096,0.2915487289428711,0.3006342053413391,0.30254417657852173,0.006212533848888313,1.696555273700295e-05,0.006195568296151749,0.006143596169972607
45,warm,1660,0.11323526501655579,0.00020824636158067733,0.88543701171875,0.11456298828125,2,736,477,0.0901736319065094,0.2914746105670929,0.3002248704433441,0.3023609519004822,0.006359946143497552,1.696555273700295e-05,0.006342980590761056,0.006294258987732046
45,warm,1680,0.11383214592933655,0.00020824636158067733,0.8853759765625,0.1146240234375,2,737,471,0.09080005437135696,0.29173606634140015,0.3012215793132782,0.30287450551986694,0.006381519215942433,1.5870233359576314e-05,0.0063656489825834,0.006342786278078147
45,warm,1700,0.1134156882762909,0.00020824636158067733,0.8857421875,0.1142578125,2,736,469,0.09047991037368774,0.2912168502807617,0.3007175326347351,0.3020113706588745,0.00613430724552444,2.2993361114625847e-05,0.006111313884410055,0.006199909535321221
45,warm,1720,0.11367712169885635,0.00020824636158067733,0.88568115234375,0.11431884765625,2,738,472,0.09050307422876358,0.29321718215942383,0.30079853534698486,0.30529943108558655,0.006916927709248455,2.1714247669711063e-05,0.006895213461579019,0.006120723476892617
45,warm,1740,0.1135156974196434,0.00020824636158067733,0.88568115234375,0.11431884765625,2,738,482,0.09030348062515259,0.2933514714241028,0.3004482686519623,0.3054616451263428,0.0069436333513337445,2.1714247669711063e-05,0.006921919103664296,0.005988629994358216
45,warm,1760,0.11280684918165207,0.00020824636158067733,0.88519287109375,0.11480712890625,2,734,479,0.0896311029791832,0.29149797558784485,0.29931455850601196,0.30229756236076355,0.0071357263375873,1.2804453208918251e-05,0.007122921884378659,0.00653986911606351
45,warm,1780,0.11369167268276215,0.00020824636158067733,0.885498046875,0.114501953125,2,735,469,0.09082690626382828,0.2905157506465912,0.30127108097076416,0.3008412718772888,0.006117480265679376,1.809759680408197e-05,0.006099382668875553,0.006071104989355244
45,warm,1800,0.11332963407039642,0.00020824636158067733,0.88543701171875,0.11456298828125,2,735,468,0.09033790975809097,0.29102858901023865,0.3005158007144928,0.3016924262046814,0.006426184569868099,1.696555273700295e-05,0.0064092190171314845,0.005910200315379352
45,warm,1820,0.11332394182682037,0.00020824636158067733,0.885986328125,0.114013671875,2,739,480,0.090465247631073,0.2909560203552246,0.30070653557777405,0.3015795052051544,0.0056435582198943735,2.8478087271925547e-05,0.005615080132622678,0.00595027331405161
45,warm,1840,0.11269889026880264,0.00020824636158067733,0.88616943359375,0.11383056640625,2,740,470,0.08995762467384338,0.2897392809391022,0.2998831272125244,0.2995569109916687,0.006014078674347445,3.297879875076206e-05,0.00598109987559676,0.006152739603971877
45,warm,1860,0.11340489238500595,0.00020824636158067733,0.885986328125,0.114013671875,2,735,464,0.09070385247468948,0.28981178998947144,0.30103781819343567,0.29968005418777466,0.00589997595016456,2.8478087271925547e-05,0.005871497862892748,0.006483098180292454
45,warm,1880,0.11378995329141617,0.00020824636158067733,0.885986328125,0.114013671875,2,742,473,0.09088128805160522,0.29181042313575745,0.30139660835266113,0.30292680859565735,0.006403244857942525,2.8478087271925547e-05,0.00637476677067079,0.006306811127838027
45,warm,1900,0.11362571269273758,0.00020824636158067733,0.8856201171875,0.1143798828125,2,733,486,0.09043470770120621,0.2931888997554779,0.3006770610809326,0.3051337003707886,0.006194569986114118,2.047192719925508e-05,0.006174098058915106,0.006188265034547821
45,warm,1920,0.11309392750263214,0.00020824636158067733,0.885498046875,0.114501953125,2,737,474,0.09018190205097198,0.29028356075286865,0.3002170920372009,0.3002997934818268,0.006343706657212067,1.809759680408197e-05,0.006325609060408198,0.0064351973862767226
45,warm,1940,0.11222944408655167,0.00020824636158067733,0.88653564453125,0.11346435546875,2,735,461,0.08969299495220184,0.2883143424987793,0.29941853880882263,0.2968808114528656,0.006407966463306991,4.2977810655157184e-05,0.006364988652652262,0.007115680128886179
45,warm,1960,0.11350337415933609,0.00020824636158067733,0.8858642578125,0.1141357421875,2,735,471,0.09052756428718567,0.29183003306388855,0.3008200228214264,0.3029559850692749,0.006976679146468712,2.566203541708124e-05,0.006951017111051833,0.006565784425442853
45,warm,1980,0.11356815695762634,0.00020824636158067733,0.8856201171875,0.1143798828125,2,736,473,0.09071584790945053,0.29050901532173157,0.3011559844017029,0.3008401095867157,0.007745056130083583,2.047192719925508e-05,0.007724584202884641,0.006972720673043095
45,warm,2000,0.11397884786128998,0.00020824636158067733,0.88525390625,0.11474609375,2,734,475,0.09106433391571045,0.2907618284225464,0.301643967628479,0.3012264370918274,0.007041305067836845,1.3789700592723103e-05,0.0070275153672444916,0.006740816695350968
46,scratch,0,0.7060337066650391,0.00020824636158067733,0.58880615234375,0.41119384765625,2,1341,1094,0.7434523701667786,0.6524525284767151,0.7082312703132629,0.6192954182624817,4.711114248297967,0.27986186814431707,4.4312523801536505,1.3255332261262491
46,scratch,20,0.49049147963523865,0.00020824636158067733,0.63970947265625,0.36029052734375,2,1310,957,0.4849439263343811,0.5003413558006287,0.6266303062438965,0.5279360413551331,2.6330922193545163,0.20040054902299148,2.432691670331525,0.936616070384157
46,scratch,40,0.33685627579689026,0.00020824636158067733,0.70404052734375,0.29595947265625,2,1201,781,0.30751198530197144,0.406661719083786,0.5355309844017029,0.44574981927871704,1.3239675861685143,0.11620352643636084,1.2077640597321535,0.628367783430117
46,scratch,60,0.24942462146282196,0.00020824636158067733,0.7755126953125,0.2244873046875,2,1066,610,0.21720844507217407,0.36071839928627014,0.4641859531402588,0.3831004798412323,0.7205120705505621,0.046222963475876996,0.6742891070746855,0.4533105409366226
46,scratch,80,0.20410363376140594,0.00020824636158067733,0.834228515625,0.165771484375,2,967,492,0.1766139715909958,0.34244251251220703,0.42019179463386536,0.3417541980743408,0.4927848066738889,0.010634446846581581,0.48215035982730764,0.39132347027884407
46,scratch,100,0.1789260059595108,0.00020824636158067733,0.8660888671875,0.1339111328125,2,905,419,0.1547972410917282,0.33498233556747437,0.3929516673088074,0.3136589527130127,0.3850481576167155,0.0014257819017468691,0.38362237571496904,0.3742954742349366
46,scratch,120,0.16044950485229492,0.00020824636158067733,0.89422607421875,0.10577392578125,2,850,370,0.14033222198486328,0.3305237591266632,0.3741806447505951,0.2947181165218353,0.3130287209685818,0.0005669216200903902,0.31246179934849183,0.38685858849316446
46,scratch,140,0.14734011888504028,0.00020824636158067733,0.91119384765625,0.08880615234375,2,818,329,0.1296314001083374,0.3290400207042694,0.35970309376716614,0.28219008445739746,0.2660813541149807,0.003998657571404492,0.2620826965435764,0.4175381268735191
46,scratch,160,0.1359531134366989,0.00020824636158067733,0.92828369140625,0.07171630859375,2,794,295,0.12097268551588058,0.3298570513725281,0.3476221263408661,0.27402034401893616,0.23292668855247456,0.011073410835435976,0.22185327771703875,0.4721003056922609
46,scratch,180,0.12918013334274292,0.00020824636158067733,0.93463134765625,0.06536865234375,2,782,278,0.11506634950637817,0.33097702264785767,0.33900490403175354,0.26852357387542725,0.2139488727687464,0.014773729479786904,0.19917514328895988,0.5146629219755096
46,scratch,200,0.12175210565328598,0.00020824636158067733,0.9444580078125,0.0555419921875,2,759,258,0.10943414270877838,0.3312113285064697,0.3307130038738251,0.26211830973625183,0.19960490705380352,0.021828084657894806,0.17777682239590886,0.5658425706435491
46,scratch,220,0.11799592524766922,0.00020824636158067733,0.9468994140625,0.0531005859375,2,746,248,0.10600721836090088,0.3317808210849762,0.3253105878829956,0.25856056809425354,0.1927221821977625,0.023855332091594628,0.1688668501061682,0.5944020587132809
46,scratch,240,0.11384601145982742,0.00020824636158067733,0.95037841796875,0.04962158203125,2,726,230,0.10240086913108826,0.33304959535598755,0.31972500681877136,0.2538239359855652,0.1862240763592169,0.02695035184288478,0.1592737245163324,0.6349447542245298
46,scratch,260,0.11063256114721298,0.00020824636158067733,0.95416259765625,0.04583740234375,2,723,225,0.09998340159654617,0.3323081433773041,0.3159267008304596,0.24873387813568115,0.18194568411200152,0.030609089795824197,0.15133659431617763,0.6661637987719996
46,scratch,280,0.1098775789141655,0.00020824636158067733,0.95343017578125,0.04656982421875,2,722,226,0.09901195019483566,0.3323310315608978,0.314198762178421,0.25053641200065613,0.17707023209805328,0.029876160616295618,0.14719407148175778,0.6625304423880561
46,scratch,300,0.11008879542350769,0.00020824636158067733,0.95074462890625,0.04925537109375,2,712,238,0.09870190918445587,0.3298826515674591,0.3137036859989166,0.2509595453739166,0.1744760283589173,0.027290787444472733,0.14718524091444485,0.633033329571158
46,scratch,320,0.108503058552742,0.00020824636158067733,0.95306396484375,0.04693603515625,2,707,232,0.09762468934059143,0.32939478754997253,0.31216341257095337,0.2502557039260864,0.1709368998170291,0.029514238105683946,0.14142266171134532,0.6372967626605214
46,scratch,340,0.10888605564832687,0.00020824636158067733,0.9510498046875,0.0489501953125,2,709,239,0.09759514778852463,0.3282565474510193,0.3118109703063965,0.2521417737007141,0.1680738714902006,0.0275766705762117,0.14049720091398923,0.6107444817910118
46,scratch,360,0.10794336348772049,0.00020824636158067733,0.95172119140625,0.04827880859375,2,708,242,0.09678646177053452,0.3278794288635254,0.31076791882514954,0.2537004053592682,0.16310189261712793,0.028212672104926534,0.1348892205122018,0.5892265145387182
46,scratch,380,0.10896074771881104,0.00020824636158067733,0.94976806640625,0.05023193359375,2,710,255,0.09747802466154099,0.32607215642929077,0.3118550181388855,0.25801852345466614,0.15854453663342127,0.026389268968307344,0.13215526766511432,0.5398054356785406
46,scratch,400,0.10963088274002075,0.00020824636158067733,0.94744873046875,0.05255126953125,2,709,261,0.09777656942605972,0.3233528137207031,0.3123307526111603,0.2596440315246582,0.15246979783551495,0.02432762073514396,0.12814217710037154,0.49768979011536885
46,scratch,420,0.1107449010014534,0.00020824636158067733,0.94354248046875,0.05645751953125,2,713,275,0.09799966216087341,0.3237486779689789,0.3126983940601349,0.2632298469543457,0.14791091957231828,0.021097420437588173,0.12681349913473053,0.4504576173214855
46,scratch,440,0.11088386178016663,0.00020824636158067733,0.94219970703125,0.05780029296875,2,709,278,0.09780555218458176,0.32407253980636597,0.3125367760658264,0.26883164048194885,0.14234051189560404,0.020054176431107712,0.12228633546449658,0.41509751173111453
46,scratch,460,0.11179648339748383,0.00020824636158067733,0.93817138671875,0.06182861328125,2,710,299,0.09789545089006424,0.32272714376449585,0.3124328851699829,0.273237019777298,0.13642341366067257,0.01712031776640978,0.11930309589426306,0.3808935778154091
46,scratch,480,0.11182628571987152,0.00020824636158067733,0.9373779296875,0.0626220703125,2,709,310,0.09795010834932327,0.31953635811805725,0.3128173053264618,0.2769915461540222,0.13133135261960405,0.0165759712764914,0.11475538134311306,0.3304283821719264
46,scratch,500,0.11297845840454102,0.00020824636158067733,0.93316650390625,0.06683349609375,2,713,325,0.09828431904315948,0.31814613938331604,0.3131452798843384,0.28099188208580017,0.1233707705949243,0.013863338524032695,0.10950743207089184,0.2945739285216814
46,scratch,520,0.11347835510969162,0.00020824636158067733,0.92987060546875,0.07012939453125,2,715,340,0.09821795672178268,0.3158215582370758,0.313215434551239,0.28501489758491516,0.11788002939356801,0.01193972279285442,0.10594030660071396,0.25522366984045675
46,scratch,540,0.1149020567536354,0.00020824636158067733,0.925048828125,0.074951171875,2,708,348,0.09864594042301178,0.3155354857444763,0.3138594627380371,0.29185983538627625,0.11127644889420907,0.00942381419333569,0.10185263470087388,0.21839088545061258
46,scratch,560,0.11434999108314514,0.00020824636158067733,0.923583984375,0.076416015625,2,709,360,0.09792740643024445,0.31283771991729736,0.3128012716770172,0.2938636243343353,0.10482458374900006,0.008726843705504979,0.09609774004349536,0.1970204340261671
46,scratch,580,0.11370351910591125,0.00020824636158067733,0.92327880859375,0.07672119140625,2,710,365,0.09722644090652466,0.3119921088218689,0.3115638196468353,0.29641908407211304,0.09860792908221327,0.008585486273950962,0.09002244280826244,0.18623262728328427
46,scratch,600,0.11394879221916199,0.00020824636158067733,0.921875,0.078125,2,707,374,0.09744201600551605,0.30872878432273865,0.3120182752609253,0.2995467782020569,0.0933656379827923,0.007952103011221085,0.08541353497157159,0.16036713890320697
46,scratch,620,0.11447982490062714,0.00020824636158067733,0.9195556640625,0.0804443359375,2,713,380,0.09747832268476486,0.30882319808006287,0.3120586574077606,0.3045514225959778,0.08886209137636314,0.006965384420919266,0.08189670695544418,0.14510233772420633
46,scratch,640,0.11488385498523712,0.00020824636158067733,0.9171142578125,0.0828857421875,2,713,387,0.09759950637817383,0.30613183975219727,0.3121950030326843,0.30559617280960083,0.08242999810027385,0.00600526933013994,0.07642472877013426,0.12581186794090626
46,scratch,660,0.11509733647108078,0.00020824636158067733,0.9166259765625,0.0833740234375,2,714,400,0.09755060821771622,0.30800861120224,0.3121810853481293,0.3114917576313019,0.07820781642003993,0.0058227239238335185,0.0723850924962069,0.11298969776657485
46,scratch,680,0.11522093415260315,0.00020824636158067733,0.91534423828125,0.08465576171875,2,713,405,0.09744851291179657,0.30738604068756104,0.3119942247867584,0.3135911226272583,0.07531035376523931,0.0053583429311238676,0.06995201083411576,0.10258044843180412
46,scratch,700,0.11513505131006241,0.00020824636158067733,0.91424560546875,0.08575439453125,2,718,408,0.09695577621459961,0.30894824862480164,0.311166912317276,0.3171525001525879,0.07152896347979976,0.00497718796010134,0.06655177551969878,0.09902471752252039
46,scratch,720,0.11429107189178467,0.00020824636158067733,0.91552734375,0.08447265625,2,714,414,0.09635757654905319,0.308657169342041,0.3102352023124695,0.3181043863296509,0.06892618179772825,0.005423378200655717,0.06350280359707286,0.09496226771556847
46,scratch,740,0.11329708993434906,0.00020824636158067733,0.91534423828125,0.08465576171875,2,705,409,0.09522154927253723,0.30873966217041016,0.30839425325393677,0.3187205195426941,0.06620702783839505,0.0053583429311238676,0.06084868490727148,0.09394327852464356
46,scratch,760,0.11467870324850082,0.00020824636158067733,0.91241455078125,0.08758544921875,2,716,414,0.0960095152258873,0.3091634511947632,0.30972757935523987,0.3209407329559326,0.06383096156496748,0.004376054800194956,0.05945490676477286,0.08524769098698469
46,scratch,780,0.11398791521787643,0.00020824636158067733,0.91192626953125,0.08807373046875,2,716,405,0.0951695665717125,0.30883532762527466,0.30828869342803955,0.3207789361476898,0.061098502309327785,0.004222871389764758,0.056875630919563276,0.08565149673199356
46,scratch,800,0.11405981332063675,0.00020824636158067733,0.91229248046875,0.08770751953125,2,717,419,0.09522534906864166,0.3099671006202698,0.3084579110145569,0.3235246539115906,0.05940695441750421,0.004337479836578548,0.05506947458092597,0.08155635619300027
46,scratch,820,0.11442636698484421,0.00020824636158067733,0.91064453125,0.08935546875,2,718,437,0.0951734185218811,0.31063809990882874,0.30836960673332214,0.32534316182136536,0.05760139041449719,0.003834850432107347,0.05376653998239013,0.0784289431769548
46,scratch,840,0.1143081784248352,0.00020824636158067733,0.9097900390625,0.0902099609375,2,709,437,0.09505455940961838,0.3084857761859894,0.3081076145172119,0.32283633947372437,0.05560598106313108,0.0035874026602047172,0.052018578402926674,0.07749657955832388
46,scratch,860,0.11415489763021469,0.00020824636158067733,0.91046142578125,0.08953857421875,2,714,431,0.09487684816122055,0.3101811707019806,0.3079215884208679,0.32571956515312195,0.05501238505603823,0.0037810731385005264,0.05123131191753795,0.07345228141025016
46,scratch,880,0.11351250857114792,0.00020824636158067733,0.9105224609375,0.0894775390625,2,712,438,0.09432653337717056,0.308748722076416,0.3070038855075836,0.3239576518535614,0.05342396887572676,0.0037989531684709914,0.04962501570725625,0.07320262326652026
46,scratch,900,0.11366529762744904,0.00020824636158067733,0.91046142578125,0.08953857421875,2,710,437,0.09437680244445801,0.30979791283607483,0.3070339262485504,0.3258068263530731,0.052627242607563574,0.0037810731385005264,0.04884616946906328,0.07172406656286055
46,scratch,920,0.11356210708618164,0.00020824636158067733,0.9095458984375,0.0904541015625,2,712,435,0.09430936723947525,0.3071548044681549,0.30692189931869507,0.3225375711917877,0.0510711131872128,0.003518340690538937,0.04755277249667407,0.06849788245858233
46,scratch,940,0.1139715164899826,0.00020824636158067733,0.90789794921875,0.09210205078125,2,713,453,0.09427106380462646,0.3081691265106201,0.3066190779209137,0.32377249002456665,0.04846560669175659,0.0030710346546695376,0.045394572037087424,0.07017125776587362
46,scratch,960,0.11317458003759384,0.00020824636158067733,0.90838623046875,0.09161376953125,2,717,432,0.093578040599823,0.3074820041656494,0.3056556284427643,0.323212593793869,0.04877197647947895,0.0032001601775189167,0.045571816301960416,0.06763791231173398
46,scratch,980,0.11332565546035767,0.00020824636158067733,0.90753173828125,0.09246826171875,2,710,444,0.09344937652349472,0.3084019124507904,0.3054564297199249,0.3248753249645233,0.04717402890019429,0.002976062387990669,0.044197966512203986,0.06657726308298605
46,scratch,1000,0.11323008686304092,0.00020824636158067733,0.907470703125,0.092529296875,2,714,441,0.09336017072200775,0.30810195207595825,0.30535829067230225,0.3251812756061554,0.046858943464762604,0.00296038920302678,0.043898554261736236,0.06440386064900393
46,scratch,1020,0.11317546665668488,0.00020824636158067733,0.906982421875,0.093017578125,2,713,443,0.09333902597427368,0.30659380555152893,0.3052045404911041,0.32321518659591675,0.0446454320052041,0.0028365986902249805,0.041808833314979324,0.06429885263900813
46,scratch,1040,0.11228466778993607,0.00020824636158067733,0.9083251953125,0.0916748046875,2,710,441,0.09260546416044235,0.3072686195373535,0.30413374304771423,0.32375648617744446,0.04462563466659475,0.0031838630939759506,0.04144177157261905,0.06401511400440084
46,scratch,1060,0.1133015975356102,0.00020824636158067733,0.90655517578125,0.09344482421875,2,708,450,0.09319218248128891,0.30839306116104126,0.3051299750804901,0.3257945477962494,0.043731587910592395,0.0027306006798769288,0.041000987230715956,0.05984820750858942
46,scratch,1080,0.11296039819717407,0.00020824636158067733,0.90655517578125,0.09344482421875,2,710,455,0.0929798036813736,0.3068021833896637,0.3047478497028351,0.3237471878528595,0.04231168870756363,0.0027306006798769288,0.03958108802768702,0.05963798896959359
46,scratch,1100,0.11231819540262222,0.00020824636158067733,0.9073486328125,0.0926513671875,2,712,456,0.0924856960773468,0.3065407872200012,0.3039517104625702,0.3229954242706299,0.04263267582501129,0.0029291759042223454,0.039703499920789045,0.059491027686131
46,scratch,1120,0.11341168731451035,0.00020824636158067733,0.90557861328125,0.09442138671875,2,714,449,0.09335919469594955,0.30573150515556335,0.3052751421928406,0.32259100675582886,0.04123208323726857,0.0024963968816569884,0.038735686355612066,0.057081801927092765
46,scratch,1140,0.11344216763973236,0.00020824636158067733,0.9053955078125,0.0946044921875,2,714,451,0.09332592785358429,0.3059609830379486,0.305293470621109,0.3228803873062134,0.040626166727456337,0.002453728478511507,0.03817243824894519,0.05601241438966552
46,scratch,1160,0.1136246770620346,0.00020824636158067733,0.9041748046875,0.0958251953125,2,713,457,0.09320306032896042,0.3063163757324219,0.3050788640975952,0.3233410120010376,0.040524106531670157,0.0021792431008287143,0.038344863430841994,0.05533750951257842
46,scratch,1180,0.11442446708679199,0.00020824636158067733,0.90234375,0.09765625,2,715,459,0.0935106948018074,0.30766764283180237,0.30555805563926697,0.3255753815174103,0.04018772396812409,0.0017997021938871496,0.038388021774237266,0.05402516044818638
46,scratch,1200,0.11396760493516922,0.00020824636158067733,0.90228271484375,0.09771728515625,2,711,454,0.09302081167697906,0.3073820173740387,0.30480167269706726,0.32514914870262146,0.03858325526453399,0.0017877096639494668,0.036795545600584796,0.052067480509545
46,scratch,1220,0.1138937696814537,0.00020824636158067733,0.9019775390625,0.0980224609375,2,705,455,0.09300803393125534,0.3060789108276367,0.304869681596756,0.32361292839050293,0.03832581665920287,0.0017283803226636578,0.03659743633653957,0.04911099638524773
46,scratch,1240,0.11298654973506927,0.00020824636158067733,0.90313720703125,0.09686279296875,2,708,454,0.09234432876110077,0.3054521381855011,0.3036898374557495,0.3225666880607605,0.03653905657193235,0.001959460759960667,0.03457959581197201,0.051053493073818554
46,scratch,1260,0.11318901181221008,0.00020824636158067733,0.90240478515625,0.09759521484375,2,708,460,0.09239578992128372,0.30545157194137573,0.30380943417549133,0.32272252440452576,0.03596952607841075,0.0018117369992602314,0.034157789079150666,0.04891914896983961
46,scratch,1280,0.1135721430182457,0.00020824636158067733,0.9019775390625,0.0980224609375,2,707,453,0.09286852180957794,0.3040814995765686,0.30441051721572876,0.3203105926513672,0.035408785163603795,0.0017283803226636578,0.03368040484094053,0.04907072653554222
46,scratch,1300,0.11313743889331818,0.00020824636158067733,0.902099609375,0.097900390625,2,708,455,0.0923955887556076,0.3042624890804291,0.3037627935409546,0.3207712471485138,0.03511524058267668,0.001751985491420624,0.03336325509125623,0.04774234345063176
46,scratch,1320,0.1130363941192627,0.00020824636158067733,0.90228271484375,0.09771728515625,2,708,455,0.09237440675497055,0.3038211464881897,0.3038268983364105,0.32035529613494873,0.03408804955397926,0.0017877096639494668,0.032300339890029964,0.046068409699041676
46,scratch,1340,0.11306501924991608,0.00020824636158067733,0.901611328125,0.098388671875,2,706,461,0.0922519862651825,0.30379098653793335,0.3036009669303894,0.3205204904079437,0.03346573181334378,0.0016585752999527421,0.03180715651339128,0.04545988069116445
46,scratch,1360,0.11336040496826172,0.00020824636158067733,0.90106201171875,0.09893798828125,2,709,460,0.09238669276237488,0.30437520146369934,0.3038269877433777,0.32174956798553467,0.032970865235988356,0.0015567008595858585,0.031414164376402716,0.04434573134607943
46,scratch,1380,0.11282270401716232,0.00020824636158067733,0.901123046875,0.098876953125,2,708,458,0.0919155478477478,0.30336177349090576,0.30302664637565613,0.3199338912963867,0.032600333765735456,0.001567852786549969,0.031032480979185643,0.04476562424064921
46,scratch,1400,0.11353130638599396,0.00020824636158067733,0.90020751953125,0.09979248046875,2,708,460,0.09247543662786484,0.30347204208374023,0.3039723336696625,0.3199743628501892,0.032061804170375297,0.0014049511332740044,0.030656853037101695,0.04291529039005125
46,scratch,1420,0.1139620915055275,0.00020824636158067733,0.8995361328125,0.1004638671875,2,707,465,0.0928242951631546,0.3032262921333313,0.30451539158821106,0.3201347887516022,0.03170093289809728,0.0012914242949863524,0.03040950860311121,0.0417825570996183
46,scratch,1440,0.11338558048009872,0.00020824636158067733,0.8997802734375,0.1002197265625,2,710,460,0.09226079285144806,0.3030455410480499,0.3035653531551361,0.3197322189807892,0.030803910541003177,0.001332128107142826,0.029471782433860436,0.042177534961633664
46,scratch,1460,0.11365292966365814,0.00020824636158067733,0.8995361328125,0.1004638671875,2,710,464,0.09246952086687088,0.30332547426223755,0.3039209246635437,0.3202165961265564,0.03030501339963365,0.0012914242949863524,0.0290135891046477,0.04089489234433584
46,scratch,1480,0.11371123790740967,0.00020824636158067733,0.899658203125,0.100341796875,2,713,461,0.09262727946043015,0.3027486503124237,0.3041883707046509,0.31940534710884094,0.029857106991407534,0.0013116936674633338,0.02854541332394451,0.04050069942717981
46,scratch,1500,0.11370741575956345,0.00020824636158067733,0.89862060546875,0.10137939453125,2,710,458,0.09238795936107635,0.3026815950870514,0.303768515586853,0.31921833753585815,0.03009254459248467,0.0011446476036042815,0.028947896988880527,0.03939455382464528
46,scratch,1520,0.11286909878253937,0.00020824636158067733,0.899658203125,0.100341796875,2,714,459,0.09177631884813309,0.30198559165000916,0.30273208022117615,0.3181401789188385,0.02857597270558898,0.0013116936674633338,0.027264279038125873,0.040942480745111406
46,scratch,1540,0.11294617503881454,0.00020824636158067733,0.8983154296875,0.1016845703125,2,708,457,0.09146512299776077,0.30271705985069275,0.3023313283920288,0.3194347321987152,0.029294105673038473,0.0010977702793454266,0.0281963353936933,0.03881258773003081
46,scratch,1560,0.11382123827934265,0.00020824636158067733,0.89739990234375,0.10260009765625,2,712,458,0.09233212471008301,0.30177757143974304,0.3037049174308777,0.3181549310684204,0.028769052730062583,0.0009632449180984048,0.0278058078119644,0.03746100556713371
46,scratch,1580,0.11336292326450348,0.00020824636158067733,0.8975830078125,0.1024169921875,2,714,459,0.09178534895181656,0.3024689555168152,0.30285099148750305,0.31915587186813354,0.02824888656396496,0.0009894193965040866,0.027259467167461318,0.03716221667240914
46,scratch,1600,0.11313455551862717,0.00020824636158067733,0.89764404296875,0.10235595703125,2,716,459,0.09167049825191498,0.30137062072753906,0.3026302456855774,0.31740912795066833,0.028034476309407808,0.0009982252423625469,0.027036251067045755,0.03717754624926327
46,scratch,1620,0.11297430098056793,0.00020824636158067733,0.89752197265625,0.10247802734375,2,711,446,0.09156352281570435,0.3004940152168274,0.3025117814540863,0.31603631377220154,0.02771656841724024,0.0009806540747574425,0.026735914342483284,0.03594190217085723
46,scratch,1640,0.11337076872587204,0.00020824636158067733,0.89697265625,0.10302734375,2,715,462,0.09172999858856201,0.3017788231372833,0.30267032980918884,0.31765466928482056,0.02682620180785733,0.0009035862445906651,0.025922615563267117,0.03633192696110653
46,scratch,1660,0.11324352025985718,0.00020824636158067733,0.89617919921875,0.10382080078125,2,715,467,0.09143563359975815,0.30148881673812866,0.30221065878868103,0.3175754249095917,0.026521769607647627,0.0007980265925725642,0.025723743015075268,0.035717511899970286
46,scratch,1680,0.11345040798187256,0.00020824636158067733,0.8961181640625,0.1038818359375,2,718,460,0.09162924438714981,0.30168670415878296,0.30261072516441345,0.3180549740791321,0.02654873977080996,0.0007901874758413033,0.02575855229496882,0.03458311075632535
46,scratch,1700,0.1138952299952507,0.00020824636158067733,0.89593505859375,0.10406494140625,2,722,458,0.0922580286860466,0.30017831921577454,0.3036229610443115,0.31587132811546326,0.024832851752584872,0.0007669101505015947,0.024065941602083505,0.033581797893243656
46,scratch,1720,0.1133885607123375,0.00020824636158067733,0.89581298828125,0.10418701171875,2,716,457,0.09171686321496964,0.2997244894504547,0.30274349451065063,0.3151214122772217,0.024939741830898754,0.0007515917468864357,0.024188150084012504,0.03301519774071947
46,scratch,1740,0.11234953999519348,0.00020824636158067733,0.89617919921875,0.10382080078125,2,719,461,0.09074261039495468,0.2988600730895996,0.3010597825050354,0.3132360577583313,0.024502865079561786,0.0007980265925725642,0.023704838486989382,0.0339083497904039
46,scratch,1760,0.11391296237707138,0.00020824636158067733,0.8948974609375,0.1051025390625,2,719,457,0.09212062507867813,0.2994641959667206,0.30339616537094116,0.31475672125816345,0.023878858378161283,0.0006417814361069311,0.0232370769420545,0.031512171707840916
46,scratch,1780,0.11341613531112671,0.00020824636158067733,0.8955078125,0.1044921875,2,720,460,0.09161821007728577,0.30022644996643066,0.30258941650390625,0.315976083278656,0.024406006436770156,0.000713993878245384,0.023692012558525048,0.03197242722057579
46,scratch,1800,0.11281660944223404,0.00020824636158067733,0.8955078125,0.1044921875,2,720,451,0.09089973568916321,0.3006463348865509,0.3013991415500641,0.316558301448822,0.024249215487365916,0.000713993878245384,0.023535221609120832,0.03266846425071433
46,scratch,1820,0.11417580395936966,0.00020824636158067733,0.8944091796875,0.1055908203125,2,723,461,0.09220843017101288,0.3002508580684662,0.3034924864768982,0.31603676080703735,0.02318064227511485,0.0005868641839413703,0.02259377809117392,0.030820869456188102
46,scratch,1840,0.114113949239254,0.00020824636158067733,0.8936767578125,0.1063232421875,2,724,465,0.09196753054857254,0.3002608120441437,0.3030824661254883,0.31612852215766907,0.02263803895476002,0.0005092185772819224,0.02212882037747836,0.030587462753142045
46,scratch,1860,0.11435312032699585,0.00020824636158067733,0.893310546875,0.106689453125,2,722,464,0.09207183867692947,0.30091428756713867,0.3033687472343445,0.3171450197696686,0.024065819082174755,0.000472515045416802,0.023593304036758217,0.028888226866224595
46,scratch,1880,0.11296428740024567,0.00020824636158067733,0.89520263671875,0.10479736328125,2,721,453,0.09124698489904404,0.29847830533981323,0.3019818961620331,0.3130866587162018,0.023143632600117314,0.0006773912946614648,0.022466241305456238,0.030536563005848602
46,scratch,1900,0.11439745873212814,0.00020824636158067733,0.89208984375,0.10791015625,2,720,469,0.091878741979599,0.30055904388427734,0.3029729425907135,0.3166434168815613,0.02337565771522776,0.00036030891338937297,0.02301534880183874,0.0291503080236407
46,scratch,1920,0.11344613134860992,0.00020824636158067733,0.89312744140625,0.10687255859375,2,717,460,0.0912589430809021,0.29886314272880554,0.30189570784568787,0.3137112557888031,0.022320433789722927,0.0004546912251593392,0.021865742564563903,0.029532436646372826
46,scratch,1940,0.114081472158432,0.00020824636158067733,0.89215087890625,0.10784912109375,2,721,465,0.09169032424688339,0.29930579662323,0.30262303352355957,0.314728707075119,0.02194144182140434,0.00036555030149976186,0.021575891519904817,0.028619014499095083
46,scratch,1960,0.11379706114530563,0.00020824636158067733,0.89227294921875,0.10772705078125,2,720,455,0.09149011969566345,0.29855915904045105,0.3023686110973358,0.31334760785102844,0.022351952663306918,0.00037614924893713923,0.021975803414370096,0.028216445419498068
46,scratch,1980,0.11400812864303589,0.00020824636158067733,0.8919677734375,0.1080322265625,2,728,464,0.09153657406568527,0.29954445362091064,0.30241164565086365,0.31501883268356323,0.021930457195416864,0.0003499422121278021,0.021580514983289393,0.02784516420910675
46,scratch,2000,0.11342184990644455,0.00020824636158067733,0.89227294921875,0.10772705078125,2,725,462,0.09101588279008865,0.2990041673183441,0.3015565574169159,0.31410688161849976,0.0215415975770199,0.00037614924893713923,0.021165448328083106,0.028138144153895137
46,mle,0,0.7060337066650391,0.00020824636158067733,0.58880615234375,0.41119384765625,2,1341,1094,0.7434523701667786,0.6524525284767151,0.7082312703132629,0.6192954182624817,4.711114248297967,0.27986186814431707,4.4312523801536505,1.3255332261262491
46,mle,100,0.12717099487781525,0.00020824636158067733,0.88507080078125,0.11492919921875,2,731,519,0.10128799825906754,0.3264961540699005,0.3179539144039154,0.35260486602783203,0.06504463437232033,1.0943911592751392e-05,0.06503369046072806,0.04638801600344321
46,mle,200,0.12325402349233627,0.00020824636158067733,0.8880615234375,0.1119384765625,2,737,515,0.09899973124265671,0.31567496061325073,0.3136725127696991,0.33868104219436646,0.04633458218886943,9.90341127188165e-05,0.046235548076150754,0.036994170616931096
46,mle,300,0.11871996521949768,0.00020824636158067733,0.89306640625,0.10693359375,2,725,499,0.09552134573459625,0.31246548891067505,0.3086874485015869,0.3331544101238251,0.03821987533302007,0.00044882803468169336,0.037771047298338745,0.028362443257033174
46,mle,400,0.11633551120758057,0.00020824636158067733,0.89178466796875,0.10821533203125,2,738,463,0.09391004592180252,0.30114009976387024,0.30632421374320984,0.3165379762649536,0.021864916882627483,0.00033468205952456864,0.021530234823103088,0.017850889039659687
46,mle,500,0.11803623288869858,0.00020824636158067733,0.883544921875,0.116455078125,2,737,519,0.09276260435581207,0.30978742241859436,0.3045234978199005,0.32991233468055725,0.02082429557849963,3.847674695552756e-09,0.020824291730825263,0.016202093779834267
46,mle,600,0.11758803576231003,0.00020824636158067733,0.88641357421875,0.11358642578125,2,739,486,0.09401626139879227,0.3015389144420624,0.30641889572143555,0.318004846572876,0.023656343769111743,3.949685434626905e-05,0.02361684691476591,0.01664730411107028
46,mle,700,0.11432872712612152,0.00020824636158067733,0.8834228515625,0.1165771484375,2,711,484,0.08997980505228043,0.298845112323761,0.2999195158481598,0.313308984041214,0.01846408808778932,1.0962104808715195e-07,0.01846397846674152,0.01322595266651204
46,mle,800,0.11415539681911469,0.00020824636158067733,0.8873291015625,0.1126708984375,2,715,500,0.09025418013334274,0.30238714814186096,0.3003304898738861,0.3190528452396393,0.01895940923787265,6.922110695421323e-05,0.01889018813091866,0.013580552070602589
46,mle,900,0.11127489805221558,0.00020824636158067733,0.89178466796875,0.10821533203125,2,718,458,0.08932653814554214,0.29214775562286377,0.2987509071826935,0.3028546869754791,0.02089546091956862,0.00033468205952456864,0.020560778860044315,0.015659708574498818
46,mle,1000,0.11350518465042114,0.00020824636158067733,0.884765625,0.115234375,2,703,476,0.08992338180541992,0.2945655286312103,0.2996934950351715,0.30617448687553406,0.020443046335280712,6.933161164135405e-06,0.020436113174116796,0.014470931063665357
46,mle,1100,0.11630724370479584,0.00020824636158067733,0.887451171875,0.112548828125,2,727,466,0.0937822237610817,0.29391783475875854,0.3059758245944977,0.30561956763267517,0.017668994690033912,7.381649825066033e-05,0.01759517819178346,0.013364543608299737
46,mle,1200,0.11651915311813354,0.00020824636158067733,0.8802490234375,0.1197509765625,2,726,464,0.09256910532712936,0.29256781935691833,0.3042493760585785,0.30246755480766296,0.017757953432742113,5.326644874281477e-05,0.017704686983999587,0.012527340107449145
46,mle,1300,0.1153266429901123,0.00020824636158067733,0.87677001953125,0.12322998046875,2,720,487,0.0901205986738205,0.2946653366088867,0.3001551926136017,0.30671417713165283,0.011354552033303378,0.000221252415689213,0.01113329961761457,0.009273941717078724
46,mle,1400,0.11283291131258011,0.00020824636158067733,0.887939453125,0.112060546875,2,706,455,0.09032753109931946,0.29115983843803406,0.30050209164619446,0.300600528717041,0.01962403611542385,9.369136237621489e-05,0.01953034475304779,0.015410966102758702
46,mle,1500,0.11700699478387833,0.00020824636158067733,0.88238525390625,0.11761474609375,2,721,475,0.09325125813484192,0.295230507850647,0.305202454328537,0.3083188235759735,0.013867580045193506,6.837333399538001e-06,0.01386074271179423,0.01064221533419639
46,mle,1600,0.11829270422458649,0.00020824636158067733,0.88201904296875,0.11798095703125,2,740,491,0.0943717211484909,0.2971246838569641,0.30651986598968506,0.31066542863845825,0.014144174005927823,1.169271682343459e-05,0.014132481289104683,0.012704026951946598
46,mle,1700,0.11638078093528748,0.00020824636158067733,0.88238525390625,0.11761474609375,2,717,510,0.09154132008552551,0.30273473262786865,0.30255424976348877,0.3203476667404175,0.01554297382681824,6.837333399538001e-06,0.015536136493418926,0.009799468062960823
46,mle,1800,0.11587642878293991,0.00020824636158067733,0.88128662109375,0.11871337890625,2,729,470,0.09204360097646713,0.2928029000759125,0.30336788296699524,0.3036993145942688,0.013268705829254657,2.5266321090465765e-05,0.013243439508164569,0.010055481209969894
46,mle,1900,0.11509174853563309,0.00020824636158067733,0.8829345703125,0.1170654296875,2,721,483,0.09108925610780716,0.2961241602897644,0.30176103115081787,0.3097514510154724,0.014699100572038049,1.9783008966670936e-06,0.014697122271141626,0.010108378033005447
46,mle,2000,0.11772896349430084,0.00020824636158067733,0.87725830078125,0.12274169921875,2,729,496,0.09237390756607056,0.298946350812912,0.30367109179496765,0.31387606263160706,0.014115650855096362,0.00019085424068045805,0.013924796614416207,0.009649749307977781
46,mle,2100,0.115913987159729,0.00020824636158067733,0.87640380859375,0.12359619140625,2,721,504,0.09002741426229477,0.29947224259376526,0.299765020608902,0.31448742747306824,0.014694582737142525,0.0002454995899179042,0.014449083147224746,0.011487711607737747
46,mle,2200,0.11717649549245834,0.00020824636158067733,0.878173828125,0.121826171875,2,726,497,0.09230919927358627,0.29643023014068604,0.3034016788005829,0.3103896975517273,0.01338268126419706,0.00013983166581215886,0.01324284959838522,0.009930176683378686
46,mle,2300,0.11666583269834518,0.00020824636158067733,0.8848876953125,0.1151123046875,2,748,494,0.09290241450071335,0.2993393540382385,0.3047587275505066,0.31515559554100037,0.013148464597911413,8.427728054539053e-06,0.013140036869857007,0.009334681367586181
46,mle,2400,0.11866997182369232,0.00020824636158067733,0.87921142578125,0.12078857421875,2,743,515,0.09358388930559158,0.3012697696685791,0.3058818280696869,0.31817352771759033,0.013652386431935781,9.148015990217018e-05,0.013560906272033834,0.008758065575643723
46,mle,2500,0.11819754540920258,0.00020824636158067733,0.88311767578125,0.11688232421875,2,745,491,0.0943191647529602,0.2986132800579071,0.30674850940704346,0.31367260217666626,0.011793885267984194,1.0067853577531787e-06,0.011792878482626692,0.00992509976026211
46,mle,2600,0.12384121119976044,0.00020824636158067733,0.88104248046875,0.11895751953125,2,773,493,0.10046297311782837,0.29698896408081055,0.3160683512687683,0.31133338809013367,0.020543341612942356,3.093165732250512e-05,0.020512409955620203,0.018824943342447095
46,mle,2700,0.11641738563776016,0.00020824636158067733,0.88427734375,0.11572265625,2,744,487,0.09318923950195312,0.29391172528266907,0.30465641617774963,0.30636149644851685,0.010763212755414031,2.4150871767717385e-06,0.010760797668237483,0.010760009741029516
46,mle,2800,0.11602211743593216,0.00020824636158067733,0.880859375,0.119140625,2,733,493,0.09144863486289978,0.2977047562599182,0.3023996353149414,0.31174635887145996,0.011216221316139752,3.555393125569692e-05,0.011180667384884458,0.008682592249210738
46,mle,2900,0.11658260226249695,0.00020824636158067733,0.88067626953125,0.11932373046875,2,740,482,0.09249381721019745,0.29437145590782166,0.30379387736320496,0.30699652433395386,0.011381945347970657,4.049567978297794e-05,0.011341449668187929,0.009315351003574487
46,mle,3000,0.11504697799682617,0.00020824636158067733,0.88092041015625,0.11907958984375,2,738,480,0.09113764017820358,0.2919221520423889,0.30079248547554016,0.30274730920791626,0.0120449226495154,3.397765512811119e-05,0.012010944994387623,0.012372077953154967
46,mle,3100,0.1153351366519928,0.00020824636158067733,0.883544921875,0.116455078125,2,741,475,0.09188362956047058,0.29326170682907104,0.3019395172595978,0.30462169647216797,0.012679830761776145,3.847674695552756e-09,0.01267982691410192,0.01303866435886901
46,mle,3200,0.11430447548627853,0.00020824636158067733,0.8841552734375,0.1158447265625,2,738,479,0.09091813117265701,0.29279476404190063,0.3012762665748596,0.3043975532054901,0.01989996529010085,1.6499466741831063e-06,0.019898315343427203,0.013970817935155519
46,mle,3300,0.11373761296272278,0.00020824636158067733,0.882080078125,0.117919921875,2,730,477,0.08996285498142242,0.2915806174278259,0.2998064160346985,0.3022729158401489,0.010704389552124383,1.0793895152769878e-05,0.010693595656971831,0.008731640425362439
46,mle,3400,0.11539799720048904,0.00020824636158067733,0.88446044921875,0.11553955078125,2,743,487,0.09209064394235611,0.2938168942928314,0.30307865142822266,0.3058764636516571,0.011190623500446861,3.835872321578679e-06,0.011186787628125642,0.009827293711391558
46,mle,3500,0.11727537214756012,0.00020824636158067733,0.88311767578125,0.11688232421875,2,746,487,0.09333977848291397,0.2981235086917877,0.30550187826156616,0.31257399916648865,0.01431718214080746,1.0067853577531787e-06,0.014316175355450097,0.0102108721559898
46,mle,3600,0.11625057458877563,0.00020824636158067733,0.87823486328125,0.12176513671875,2,723,508,0.09089717268943787,0.2991127371788025,0.3014809191226959,0.3137522041797638,0.01110801673785744,0.00013670816862205223,0.010971308569235637,0.008903379473163095
46,mle,3700,0.11442898213863373,0.00020824636158067733,0.88287353515625,0.11712646484375,2,729,481,0.09074201434850693,0.29297617077827454,0.30086663365364075,0.3048931658267975,0.011624178260539964,2.3742441758745894e-06,0.011621804016364316,0.010492514223410562
46,mle,3800,0.11612142622470856,0.00020824636158067733,0.8836669921875,0.1163330078125,2,734,470,0.09287500381469727,0.2927016317844391,0.3044935166835785,0.3039402961730957,0.012434451237645305,4.289582626115036e-08,0.01243440834181923,0.011129375519199111
46,mle,3900,0.11743739247322083,0.00020824636158067733,0.879638671875,0.120361328125,2,749,491,0.09302499890327454,0.2958509027957916,0.30455371737480164,0.30957019329071045,0.01024162918184146,7.451305264871439e-05,0.010167116129193021,0.009959129304884282
46,mle,4000,0.11452751606702805,0.00020824636158067733,0.88348388671875,0.11651611328125,2,740,494,0.0905831977725029,0.2960854470729828,0.30046629905700684,0.3096897304058075,0.014583891127408322,3.8639905732760745e-08,0.01458385248750275,0.01165316913215518
46,mle,4100,0.1164146363735199,0.00020824636158067733,0.88189697265625,0.11810302734375,2,739,491,0.09270189702510834,0.2934820353984833,0.30428749322891235,0.30556729435920715,0.00854492720900879,1.359774097399913e-05,0.008531329468035077,0.008267525904780068
46,mle,4200,0.11588752269744873,0.00020824636158067733,0.88482666015625,0.11517333984375,2,747,478,0.09254968911409378,0.29518193006515503,0.3041377067565918,0.30849316716194153,0.01065949769036223,7.66216697504758e-06,0.010651835523387308,0.009649053231664748
46,mle,4300,0.11642386019229889,0.00020824636158067733,0.88153076171875,0.11846923828125,2,740,496,0.09218698740005493,0.29677072167396545,0.30331721901893616,0.3100970685482025,0.011183102772342579,2.0170707567902617e-05,0.011162932064774856,0.008515189803115372
46,mle,4400,0.11844751983880997,0.00020824636158067733,0.8831787109375,0.1168212890625,2,748,488,0.0949101522564888,0.2963920533657074,0.3073841631412506,0.31038597226142883,0.011830426851524578,7.551060303742207e-07,0.011829671745494591,0.010829769709057455
46,mle,4500,0.11493059247732162,0.00020824636158067733,0.884765625,0.115234375,2,738,488,0.09129490703344345,0.29640448093414307,0.3020113408565521,0.31045979261398315,0.009014965006649334,6.933161164135405e-06,0.00900803184548549,0.007660098389574141
46,mle,4600,0.11777744442224503,0.00020824636158067733,0.8824462890625,0.1175537109375,2,748,486,0.09427070617675781,0.2942366600036621,0.30652567744255066,0.30663612484931946,0.01002176455659054,6.153643083638702e-06,0.010015610913507325,0.009793269594633766
46,mle,4700,0.11585862934589386,0.00020824636158067733,0.88067626953125,0.11932373046875,2,729,481,0.09179990738630295,0.2934255599975586,0.3029657304286957,0.30527782440185547,0.010594204898374926,4.049567978297794e-05,0.0105537092185923,0.009046479827925377
46,mle,4800,0.11827033013105392,0.00020824636158067733,0.8814697265625,0.1185302734375,2,745,496,0.09419471770524979,0.29731249809265137,0.30683091282844543,0.31110212206840515,0.009140894698070667,2.139114395656276e-05,0.009119503554114373,0.008343884264145326
46,mle,4900,0.1112830862402916,0.00020824636158067733,0.88580322265625,0.11419677734375,2,729,452,0.08860510587692261,0.28719186782836914,0.2976539433002472,0.2925899922847748,0.012632626611598141,2.4309284651640502e-05,0.012608317326946863,0.011606829933266435
46,mle,5000,0.11366768181324005,0.00020824636158067733,0.88409423828125,0.11590576171875,2,741,471,0.09073426574468613,0.28859689831733704,0.30107566714286804,0.29758545756340027,0.008513590627266865,1.3219412643131114e-06,0.008512268686002888,0.008365756207463146
46,warm,0,0.11366768181324005,0.00020824636158067733,0.88409423828125,0.11590576171875,2,741,471,0.09073426574468613,0.28859689831733704,0.30107566714286804,0.29758545756340027,0.008513590627266865,1.3219412643131114e-06,0.008512268686002888,0.008365756207463146
46,warm,20,0.11348429322242737,0.00020824636158067733,0.88421630859375,0.11578369140625,2,746,461,0.09044031798839569,0.2894664406776428,0.30062881112098694,0.2987876236438751,0.0059262023940434005,2.0143230913347715e-06,0.005924188070952319,0.006272425941683632
46,warm,40,0.11314712464809418,0.00020824636158067733,0.8846435546875,0.1153564453125,2,740,467,0.09031534940004349,0.2882390022277832,0.30044132471084595,0.2969948351383209,0.006184451362791776,5.5847480002313e-06,0.0061788666147918085,0.006305655065484625
46,warm,60,0.11367899924516678,0.00020824636158067733,0.88555908203125,0.11444091796875,2,734,466,0.09081882238388062,0.29057416319847107,0.30128565430641174,0.30085429549217224,0.006325855233448863,1.9266382604199613e-05,0.006306588850845042,0.0061443523456955335
46,warm,80,0.11328533291816711,0.00020824636158067733,0.88568115234375,0.11431884765625,2,740,457,0.09057993441820145,0.28919458389282227,0.3009209632873535,0.2986427843570709,0.0072350498201601,2.1714247669711063e-05,0.007213335572490756,0.005994111577133462
46,warm,100,0.1131611168384552,0.00020824636158067733,0.885009765625,0.114990234375,2,738,464,0.09028898179531097,0.28919410705566406,0.30043545365333557,0.2986290454864502,0.006074442619869558,1.0068583476220477e-05,0.006064374036393657,0.005950889929631539
46,warm,120,0.11362146586179733,0.00020824636158067733,0.88494873046875,0.11505126953125,2,740,464,0.09077417850494385,0.28935763239860535,0.3011651933193207,0.298880010843277,0.005733232964125534,9.22986126228125e-06,0.005724003102863528,0.006149270129067172
46,warm,140,0.11259710788726807,0.00020824636158067733,0.88543701171875,0.11456298828125,2,736,459,0.08984684944152832,0.28842976689338684,0.2996644079685211,0.2973528206348419,0.006541770203334352,1.696555273700295e-05,0.006524804650597779,0.006270974831973017
46,warm,160,0.11336862295866013,0.00020824636158067733,0.8848876953125,0.1151123046875,2,736,471,0.09043930470943451,0.2896301746368408,0.30065956711769104,0.2993481159210205,0.006377731909019246,8.427728054539053e-06,0.006369304180964884,0.006084599256832898
46,warm,180,0.11371341347694397,0.00020824636158067733,0.88519287109375,0.11480712890625,2,738,477,0.09075114130973816,0.2907584011554718,0.30118608474731445,0.3011607527732849,0.005692154013381412,1.2804453208918251e-05,0.005679349560172694,0.006103926848704741
46,warm,200,0.116485096514225,0.00020824636158067733,0.8836669921875,0.1163330078125,2,756,478,0.09342630207538605,0.2916400730609894,0.3054007589817047,0.3025461435317993,0.007742170634450929,4.289582626115036e-08,0.007742127738624928,0.0075868525102532475
46,warm,220,0.11412004381418228,0.00020824636158067733,0.885009765625,0.114990234375,2,742,469,0.09122991561889648,0.2902914881706238,0.30195632576942444,0.30033841729164124,0.00667950162169717,1.0068583476220477e-05,0.006669433038221121,0.0062152655748331925
46,warm,240,0.11352768540382385,0.00020824636158067733,0.8857421875,0.1142578125,2,737,470,0.09064745903015137,0.29089829325675964,0.30099722743034363,0.30136603116989136,0.00619471532700544,2.2993361114625847e-05,0.0061717219658911195,0.0060059455511190935
46,warm,260,0.1134992390871048,0.00020824636158067733,0.885498046875,0.114501953125,2,739,472,0.09067825973033905,0.28998470306396484,0.30108213424682617,0.29994064569473267,0.006880316887695415,1.809759680408197e-05,0.006862219290891557,0.005932837711266056
46,warm,280,0.11319343745708466,0.00020824636158067733,0.8853759765625,0.1146240234375,2,736,469,0.09030696004629135,0.2899725139141083,0.30044689774513245,0.29982253909111023,0.006473480313438529,1.5870233359576314e-05,0.00645761008007947,0.006022605922448729
46,warm,300,0.11344167590141296,0.00020824636158067733,0.8856201171875,0.1143798828125,2,734,472,0.0906502902507782,0.2899107336997986,0.301018089056015,0.2998228371143341,0.00624873733686826,2.047192719925508e-05,0.006228265409669204,0.005965502198928316
46,warm,320,0.11340399086475372,0.00020824636158067733,0.88568115234375,0.11431884765625,2,738,468,0.09053849428892136,0.29055365920066833,0.3008330464363098,0.30086541175842285,0.005839308771832918,2.1714247669711063e-05,0.005817594524163517,0.006007467732383684
46,warm,340,0.11345945298671722,0.00020824636158067733,0.8851318359375,0.1148681640625,2,733,468,0.09051550924777985,0.290257066488266,0.3007791042327881,0.3004171550273895,0.00635548222344795,1.1855862525988418e-05,0.006343626360922424,0.006093789198753238
46,warm,360,0.1134059876203537,0.00020824636158067733,0.885498046875,0.114501953125,2,737,470,0.09056193381547928,0.29006993770599365,0.3008365035057068,0.300096333026886,0.005823025360591316,1.809759680408197e-05,0.005804927763787521,0.006006511831624248
46,warm,380,0.11355489492416382,0.00020824636158067733,0.88555908203125,0.11444091796875,2,735,471,0.09069767594337463,0.2904270887374878,0.30106431245803833,0.30069515109062195,0.0062874248586055614,1.9266382604199613e-05,0.006268158476001805,0.005902421501782537
46,warm,400,0.1128397062420845,0.00020824636158067733,0.88568115234375,0.11431884765625,2,735,469,0.08992345631122589,0.2903824746608734,0.2997923791408539,0.30055946111679077,0.006110122930117257,2.1714247669711063e-05,0.006088408682447914,0.006019941197559983
46,warm,420,0.11342493444681168,0.00020824636158067733,0.8857421875,0.1142578125,2,737,470,0.09055459499359131,0.29071900248527527,0.30085325241088867,0.3011760115623474,0.0057260988840468485,2.2993361114625847e-05,0.005703105522932409,0.005999475747780689
46,warm,440,0.11325449496507645,0.00020824636158067733,0.8858642578125,0.1141357421875,2,738,468,0.09040956944227219,0.2905654013156891,0.3006223440170288,0.3009023070335388,0.006406637273180138,2.566203541708124e-05,0.006380975237763259,0.006032976031970047
46,warm,460,0.11377251148223877,0.00020824636158067733,0.88543701171875,0.11456298828125,2,737,466,0.09085168689489365,0.29092341661453247,0.30127912759780884,0.3015196621417999,0.005401407172762163,1.696555273700295e-05,0.00538444162002567,0.006103007662427426
46,warm,480,0.11323857307434082,0.00020824636158067733,0.88543701171875,0.11456298828125,2,735,465,0.09048564732074738,0.28909191489219666,0.3007276654243469,0.29846256971359253,0.006123262207260893,1.696555273700295e-05,0.006106296654524397,0.0060392391326285905
46,warm,500,0.11341504007577896,0.00020824636158067733,0.88555908203125,0.11444091796875,2,737,467,0.09057097136974335,0.29018542170524597,0.30088701844215393,0.3002963960170746,0.0062780688465906564,1.9266382604199613e-05,0.0062588024639867795,0.005847333902461269
46,warm,520,0.1132429838180542,0.00020824636158067733,0.88555908203125,0.11444091796875,2,735,469,0.09036503732204437,0.29027557373046875,0.30054619908332825,0.300435334444046,0.006041775316411702,1.9266382604199613e-05,0.0060225089338078,0.005886233965834417
46,warm,540,0.11374454200267792,0.00020824636158067733,0.8843994140625,0.1156005859375,2,732,467,0.09077633172273636,0.28946223855018616,0.301184743642807,0.2991001605987549,0.005178733431243643,3.325845086035533e-06,0.005175407586157974,0.005960637544599176
46,warm,560,0.11326105147600174,0.00020824636158067733,0.8848876953125,0.1151123046875,2,733,462,0.09026504307985306,0.2900351583957672,0.30038246512413025,0.2999749481678009,0.006572647541183585,8.427728054539053e-06,0.006564219813129309,0.005998768728427403
46,warm,580,0.11368999630212784,0.00020824636158067733,0.885498046875,0.114501953125,2,739,464,0.09082448482513428,0.2905197739601135,0.30131083726882935,0.3008435368537903,0.005973310963604206,1.809759680408197e-05,0.00595521336680032,0.005805255053242017
46,warm,600,0.11300787329673767,0.00020824636158067733,0.88592529296875,0.11407470703125,2,737,470,0.09017541259527206,0.2903289794921875,0.3002193570137024,0.30043718218803406,0.006367408132796015,2.7051630565939032e-05,0.006340356502230372,0.005910577471918241
46,warm,620,0.1133018508553505,0.00020824636158067733,0.88568115234375,0.11431884765625,2,738,468,0.09044858068227768,0.29035666584968567,0.30067014694213867,0.30053406953811646,0.006319411052395196,2.1714247669711063e-05,0.006297696804725768,0.005895243944219128
46,warm,640,0.11331480741500854,0.00020824636158067733,0.8851318359375,0.1148681640625,2,735,470,0.09032348543405533,0.2904774844646454,0.3004486560821533,0.30065587162971497,0.007316988758979903,1.1855862525988418e-05,0.00730513289645431,0.006395835918051471
46,warm,660,0.1134713664650917,0.00020824636158067733,0.8843994140625,0.1156005859375,2,729,479,0.09032752364873886,0.2905326783657074,0.3004675507545471,0.30076801776885986,0.00603166654473597,3.325845086035533e-06,0.006028340699650154,0.006217674600743503
46,warm,680,0.11360026895999908,0.00020824636158067733,0.88531494140625,0.11468505859375,2,737,476,0.09067525714635849,0.29057061672210693,0.30106478929519653,0.30092546343803406,0.0059989159242874734,1.4811621646955257e-05,0.00598410430264086,0.005983942844291032
46,warm,700,0.11358027160167694,0.00020824636158067733,0.8861083984375,0.1138916015625,2,735,469,0.09068472683429718,0.2917139530181885,0.30106720328330994,0.30280935764312744,0.0060883615304234695,3.144165414372844e-05,0.006056919876279957,0.005916410810864345
46,warm,720,0.11331642419099808,0.00020824636158067733,0.8858642578125,0.1141357421875,2,740,471,0.09055063128471375,0.29001304507255554,0.30084386467933655,0.3000193238258362,0.005702019320601437,2.566203541708124e-05,0.005676357285184598,0.0058865604744323535
46,warm,740,0.11328526586294174,0.00020824636158067733,0.88531494140625,0.11468505859375,2,736,473,0.09031903743743896,0.29057371616363525,0.3004794716835022,0.30092853307724,0.005768341344086991,1.4811621646955257e-05,0.005753529722440313,0.005863835126770009
46,warm,760,0.11322131007909775,0.00020824636158067733,0.88580322265625,0.11419677734375,2,735,467,0.0903654471039772,0.29050999879837036,0.30053699016571045,0.300793319940567,0.0058019243631903805,2.4309284651640502e-05,0.005777615078538894,0.006055123719529529
46,warm,780,0.11268331855535507,0.00020824636158067733,0.88568115234375,0.11431884765625,2,741,467,0.08989981561899185,0.289197713136673,0.29974669218063354,0.2986451983451843,0.005760360258868502,2.1714247669711063e-05,0.005738646011199028,0.006023265211520065
46,warm,800,0.11288507282733917,0.00020824636158067733,0.88494873046875,0.11505126953125,2,734,471,0.08992210775613785,0.2895109951496124,0.29981380701065063,0.2991686463356018,0.006637105180566039,9.22986126228125e-06,0.006627875319304008,0.006235965135824681
46,warm,820,0.11409671604633331,0.00020824636158067733,0.8848876953125,0.1151123046875,2,738,475,0.0909736379981041,0.2918477952480316,0.3014967739582062,0.30283257365226746,0.006213088353256069,8.427728054539053e-06,0.006204660625201799,0.006122866915798095
46,warm,840,0.11386716365814209,0.00020824636158067733,0.885009765625,0.114990234375,2,739,472,0.09093032777309418,0.2903980314731598,0.3014948070049286,0.300652414560318,0.006060871743834184,1.0068583476220477e-05,0.006050803160358011,0.00572027444399735
46,warm,860,0.1134028509259224,0.00020824636158067733,0.88525390625,0.11474609375,2,738,467,0.09041927009820938,0.29071882367134094,0.30061230063438416,0.30113035440444946,0.005668634378530157,1.3789700592723103e-05,0.0056548446779377814,0.00579418504025396
46,warm,880,0.11300426721572876,0.00020824636158067733,0.8857421875,0.1142578125,2,738,471,0.09021473675966263,0.289671927690506,0.3003218472003937,0.2994367778301239,0.006520793759413834,2.2993361114625847e-05,0.006497800398299405,0.005853376890850068
46,warm,900,0.11360347270965576,0.00020824636158067733,0.8853759765625,0.1146240234375,2,738,469,0.09062876552343369,0.29106405377388,0.30098414421081543,0.30166804790496826,0.005550049951857261,1.5870233359576314e-05,0.00553417971849814,0.005904180093461928
46,warm,920,0.1134503185749054,0.00020824636158067733,0.88433837890625,0.11566162109375,2,737,465,0.09043699502944946,0.2894080877304077,0.30066007375717163,0.2989850342273712,0.005947856389688866,2.852255609380144e-06,0.005945004134079756,0.005977919500987791
46,warm,940,0.11356934159994125,0.00020824636158067733,0.88543701171875,0.11456298828125,2,739,465,0.09074743092060089,0.2899559736251831,0.3011503517627716,0.2999154329299927,0.005884518243696846,1.696555273700295e-05,0.005867552690960204,0.006020550282523782
46,warm,960,0.11312192678451538,0.00020824636158067733,0.8856201171875,0.1143798828125,2,735,473,0.09022259712219238,0.2904267907142639,0.3003338575363159,0.3006666600704193,0.0063235898494937715,2.047192719925508e-05,0.006303117922294715,0.005864890322523006
46,warm,980,0.11412234604358673,0.00020824636158067733,0.88427734375,0.11572265625,2,738,480,0.09087340533733368,0.2917756736278534,0.3013165295124054,0.3027340769767761,0.006065489197503382,2.4150871767717385e-06,0.006063074110326928,0.006072049779727404
46,warm,1000,0.1137150228023529,0.00020824636158067733,0.8841552734375,0.1158447265625,2,740,468,0.09061197936534882,0.29004305601119995,0.3009096086025238,0.3000200688838959,0.006081035114043232,1.6499466741831063e-06,0.0060793851673695285,0.0058555082734937786
46,warm,1020,0.11372868716716766,0.00020824636158067733,0.88421630859375,0.11578369140625,2,737,465,0.09055910259485245,0.2906700372695923,0.30085888504981995,0.3010167181491852,0.0062643870122016665,2.0143230913347715e-06,0.006262372689110596,0.005785608454284538
46,warm,1040,0.11380055546760559,0.00020824636158067733,0.88555908203125,0.11444091796875,2,738,469,0.0909065380692482,0.2909575402736664,0.30145177245140076,0.30158182978630066,0.0061556537992188964,1.9266382604199613e-05,0.006136387416615158,0.0057161006927753805
46,warm,1060,0.11307229101657867,0.00020824636158067733,0.88580322265625,0.11419677734375,2,734,469,0.09031062573194504,0.28963029384613037,0.30044451355934143,0.2993525266647339,0.006139035537493953,2.4309284651640502e-05,0.006114726252842493,0.005763074915416819
46,warm,1080,0.11361143738031387,0.00020824636158067733,0.885009765625,0.114990234375,2,737,470,0.09073673188686371,0.289664089679718,0.3011394441127777,0.2994246184825897,0.006022605536422532,1.0068583476220477e-05,0.006012536952946674,0.005736565713273176
46,warm,1100,0.11359073966741562,0.00020824636158067733,0.88494873046875,0.11505126953125,2,739,474,0.09046892821788788,0.2914385497570038,0.3006901144981384,0.30207550525665283,0.005837085519310392,9.22986126228125e-06,0.00582785565804845,0.005889119486932923
46,warm,1120,0.11327981948852539,0.00020824636158067733,0.8846435546875,0.1153564453125,2,739,473,0.09020817279815674,0.2902113199234009,0.30026111006736755,0.30019161105155945,0.00618479584300502,5.5847480002313e-06,0.006179211095005114,0.005922036894157809
46,warm,1140,0.11367969214916229,0.00020824636158067733,0.88519287109375,0.11480712890625,2,737,458,0.09083477407693863,0.28982001543045044,0.3012942671775818,0.2996450662612915,0.005871395239232413,1.2804453208918251e-05,0.005858590786023832,0.00605694305817904
46,warm,1160,0.11297112703323364,0.00020824636158067733,0.8857421875,0.1142578125,2,735,466,0.09022069722414017,0.2893355190753937,0.3002978563308716,0.2988254725933075,0.006341755172620367,2.2993361114625847e-05,0.006318761811505997,0.006005140524616745
46,warm,1180,0.11316850781440735,0.00020824636158067733,0.88555908203125,0.11444091796875,2,734,465,0.09038048982620239,0.289505273103714,0.3005327582359314,0.2991151213645935,0.00550750462280547,1.9266382604199613e-05,0.00548823824020166,0.005942897617610451
46,warm,1200,0.1136503517627716,0.00020824636158067733,0.88458251953125,0.11541748046875,2,733,467,0.09067562222480774,0.289733350276947,0.3010459840297699,0.29953983426094055,0.005467464238613218,4.965307018767835e-06,0.005462498931594642,0.005909757653394063
46,warm,1220,0.11306673288345337,0.00020824636158067733,0.88470458984375,0.11529541015625,2,736,468,0.09005197137594223,0.28966760635375977,0.3000522255897522,0.2994188666343689,0.006462998899955608,6.240693780300158e-06,0.006456758206175524,0.006003566560361814
46,warm,1240,0.11403819918632507,0.00020824636158067733,0.8848876953125,0.1151123046875,2,733,472,0.09097230434417725,0.2913495600223541,0.3015168607234955,0.302153617143631,0.0063445463281865955,8.427728054539053e-06,0.006336118600132381,0.005854600379502681
46,warm,1260,0.11364568769931793,0.00020824636158067733,0.88458251953125,0.11541748046875,2,741,468,0.09066130965948105,0.28980252146720886,0.3010459542274475,0.29966282844543457,0.005722203540067028,4.965307018767835e-06,0.005717238233048497,0.0057899212199526845
46,warm,1280,0.1123388484120369,0.00020824636158067733,0.88519287109375,0.11480712890625,2,721,461,0.08937143534421921,0.2894236743450165,0.29889264702796936,0.2990177571773529,0.008275780543776534,1.2804453208918251e-05,0.008262976090567824,0.006932545025160816
46,warm,1300,0.1140027642250061,0.00020824636158067733,0.88427734375,0.11572265625,2,733,462,0.09097246080636978,0.2899853587150574,0.3015187978744507,0.2999577224254608,0.00643405549345033,2.4150871767717385e-06,0.006431640406273904,0.006075194070258458
46,warm,1320,0.11299034208059311,0.00020824636158067733,0.88580322265625,0.11419677734375,2,735,462,0.09027309715747833,0.2892037630081177,0.30041220784187317,0.29865211248397827,0.006062154720716251,2.4309284651640502e-05,0.0060378454360650044,0.005908749911436625
46,warm,1340,0.11279812455177307,0.00020824636158067733,0.88616943359375,0.11383056640625,2,730,465,0.0900949165225029,0.2895423471927643,0.30009692907333374,0.2991991341114044,0.006489845342734668,3.297879875076206e-05,0.006456866543984134,0.006025805233771261
46,warm,1360,0.11348902434110641,0.00020824636158067733,0.88531494140625,0.11468505859375,2,734,472,0.09058285504579544,0.2903139293193817,0.30088192224502563,0.3004675507545471,0.0060090450795584616,1.4811621646955257e-05,0.005994233457911892,0.005960438299775869
46,warm,1380,0.11380419135093689,0.00020824636158067733,0.8848876953125,0.1151123046875,2,730,467,0.0908559113740921,0.29021137952804565,0.3012987971305847,0.30031102895736694,0.0052286286161731255,8.427728054539053e-06,0.005220200888118852,0.006006944416408241
46,warm,1400,0.11322903633117676,0.00020824636158067733,0.8846435546875,0.1153564453125,2,734,466,0.09028317779302597,0.28919586539268494,0.30043086409568787,0.29863038659095764,0.005527136331515692,5.5847480002313e-06,0.005521551583515746,0.005926893712280598
46,warm,1420,0.1136527955532074,0.00020824636158067733,0.88531494140625,0.11468505859375,2,729,468,0.09078672528266907,0.29016807675361633,0.3012593388557434,0.3002645969390869,0.005198140618453806,1.4811621646955257e-05,0.005183328996807274,0.005822709828175884
46,warm,1440,0.11329961568117142,0.00020824636158067733,0.88568115234375,0.11431884765625,2,728,460,0.09062499552965164,0.288970410823822,0.3009457588195801,0.2982512414455414,0.005875340478091573,2.1714247669711063e-05,0.00585362623042212,0.005913773130710051
46,warm,1460,0.11391538381576538,0.00020824636158067733,0.88470458984375,0.11529541015625,2,739,470,0.09095323085784912,0.29011252522468567,0.3015027642250061,0.3001708984375,0.00485167964944111,6.240693780300158e-06,0.004845438955660869,0.00589383773444295
46,warm,1480,0.11301606893539429,0.00020824636158067733,0.885009765625,0.114990234375,2,729,469,0.08996991813182831,0.290388286113739,0.29989269375801086,0.3006282448768616,0.006827537254871174,1.0068583476220477e-05,0.006817468671395011,0.006071565797578823
46,warm,1500,0.11310265213251114,0.00020824636158067733,0.8851318359375,0.1148681640625,2,731,463,0.09027265757322311,0.28902220726013184,0.3003581762313843,0.2983468770980835,0.0066085604383303576,1.1855862525988418e-05,0.0065967045758048605,0.006060405184366555
46,warm,1520,0.11346554011106491,0.00020824636158067733,0.88543701171875,0.11456298828125,2,735,465,0.09066317975521088,0.28970077633857727,0.3010352849960327,0.29948797821998596,0.005866219126623662,1.696555273700295e-05,0.005849253573887203,0.005801577442293801
46,warm,1540,0.11341587454080582,0.00020824636158067733,0.8858642578125,0.1141357421875,2,735,471,0.09066754579544067,0.28997698426246643,0.30107319355010986,0.2999431788921356,0.005920145104759911,2.566203541708124e-05,0.005894483069343158,0.00568022124320576
46,warm,1560,0.11339631676673889,0.00020824636158067733,0.885009765625,0.114990234375,2,733,465,0.09053824841976166,0.2893209457397461,0.3008204698562622,0.29884427785873413,0.005501089789326841,1.0068583476220477e-05,0.0054910212058508975,0.005813613200411946
46,warm,1580,0.11317980289459229,0.00020824636158067733,0.8853759765625,0.1146240234375,2,734,459,0.09034360200166702,0.2895705997943878,0.30048081278800964,0.2992370128631592,0.006089129929755188,1.5870233359576314e-05,0.00607325969639598,0.005873339972135891
46,warm,1600,0.1132374107837677,0.00020824636158067733,0.8865966796875,0.1134033203125,2,733,465,0.09053679555654526,0.29071277379989624,0.300871342420578,0.3011757731437683,0.007262961230303233,4.4773831622845796e-05,0.007218187398680765,0.005698351750875172
46,warm,1620,0.11346448212862015,0.00020824636158067733,0.88531494140625,0.11468505859375,2,735,466,0.09062138944864273,0.2898024022579193,0.30095434188842773,0.29965320229530334,0.006007828535807391,1.4811621646955257e-05,0.0059930169141607275,0.0059560511083372875
46,warm,1640,0.11381864547729492,0.00020824636158067733,0.8846435546875,0.1153564453125,2,736,467,0.09083541482686996,0.2900720238685608,0.3013082444667816,0.30009615421295166,0.005240259183487694,5.5847480002313e-06,0.005234674435487862,0.005730742335113045
46,warm,1660,0.1131661981344223,0.00020824636158067733,0.88519287109375,0.11480712890625,2,737,461,0.0902494415640831,0.289860337972641,0.3003227412700653,0.29972052574157715,0.005476985374848198,1.2804453208918251e-05,0.005464180921639463,0.005700161230602116
46,warm,1680,0.11338022351264954,0.00020824636158067733,0.8853759765625,0.1146240234375,2,736,465,0.09041940420866013,0.29073357582092285,0.3006064295768738,0.3011559844017029,0.007306495562083626,1.5870233359576314e-05,0.007290625328724575,0.005550283808811382
46,warm,1700,0.11316168308258057,0.00020824636158067733,0.88494873046875,0.11505126953125,2,728,461,0.09031610190868378,0.2888847887516022,0.3003832697868347,0.2981150448322296,0.006582957980576509,9.22986126228125e-06,0.006573728119314471,0.0060129112546246505
46,warm,1720,0.113576740026474,0.00020824636158067733,0.88336181640625,0.11663818359375,2,736,456,0.09048419445753098,0.288468599319458,0.30073678493499756,0.29741165041923523,0.005392717340150455,2.167746535204336e-07,0.005392500565497207,0.005729968871714827
46,warm,1740,0.11325055360794067,0.00020824636158067733,0.88507080078125,0.11492919921875,2,737,457,0.09034688025712967,0.2896319329738617,0.3005048334598541,0.29934120178222656,0.006356977105319572,1.0943911592751392e-05,0.006346033193727281,0.005628357358768862
46,warm,1760,0.11382074654102325,0.00020824636158067733,0.885009765625,0.114990234375,2,739,463,0.09095077961683273,0.28983694314956665,0.30149123072624207,0.2996717393398285,0.005675990611784698,1.0068583476220477e-05,0.005665922028308909,0.005768171083441284
46,warm,1780,0.11335962265729904,0.00020824636158067733,0.88421630859375,0.11578369140625,2,736,463,0.09041432291269302,0.2885882556438446,0.300632119178772,0.29761990904808044,0.005185870279824201,2.0143230913347715e-06,0.005183855956733216,0.00573191208354272
46,warm,1800,0.11379005014896393,0.00020824636158067733,0.88409423828125,0.11590576171875,2,735,466,0.09069123864173889,0.28998082876205444,0.3010297119617462,0.29992854595184326,0.004598463675215214,1.3219412643131114e-06,0.004597141733951152,0.005704174939860404
46,warm,1820,0.113563671708107,0.00020824636158067733,0.884033203125,0.115966796875,2,730,462,0.0904921367764473,0.28944167494773865,0.30072519183158875,0.2990289032459259,0.004671328265253294,1.030290218628218e-06,0.004670297975034925,0.005756998544934486
46,warm,1840,0.11340667307376862,0.00020824636158067733,0.88531494140625,0.11468505859375,2,742,461,0.09042476117610931,0.29081621766090393,0.300650954246521,0.30128899216651917,0.00632039547490848,1.4811621646955257e-05,0.006305583853261869,0.005662773133049068
46,warm,1860,0.11248854547739029,0.00020824636158067733,0.88555908203125,0.11444091796875,2,734,460,0.08958412706851959,0.28972604870796204,0.299236536026001,0.29934924840927124,0.006498927684155831,1.9266382604199613e-05,0.006479661301551929,0.006229976622530539
46,warm,1880,0.11389424651861191,0.00020824636158067733,0.88525390625,0.11474609375,2,740,464,0.09097267687320709,0.29073166847229004,0.3015632629394531,0.30119797587394714,0.006065773618324499,1.3789700592723103e-05,0.006051983917732294,0.005752182457622421
46,warm,1900,0.11314485967159271,0.00020824636158067733,0.8856201171875,0.1143798828125,2,734,467,0.09024550020694733,0.2904498875141144,0.3003312647342682,0.3007199168205261,0.0059349503688324035,2.047192719925508e-05,0.005914478441633444,0.005718145105897729
46,warm,1920,0.11315058171749115,0.00020824636158067733,0.88525390625,0.11474609375,2,738,468,0.09033512324094772,0.28916940093040466,0.3004707992076874,0.29855582118034363,0.0059171663386266005,1.3789700592723103e-05,0.005903376638034377,0.005846981949839555
46,warm,1940,0.11410129815340042,0.00020824636158067733,0.88433837890625,0.11566162109375,2,743,464,0.09100598096847534,0.29068589210510254,0.3016030788421631,0.3010472357273102,0.005115447362918246,2.852255609380144e-06,0.00511259510730901,0.005678722701527458
46,warm,1960,0.11321505904197693,0.00020824636158067733,0.8851318359375,0.1148681640625,2,732,466,0.09041976183652878,0.2888672649860382,0.3005966544151306,0.298103928565979,0.005949754221369119,1.1855862525988418e-05,0.005937898358843693,0.005839978113040142
46,warm,1980,0.11327442526817322,0.00020824636158067733,0.88525390625,0.11474609375,2,737,462,0.09043683856725693,0.2894640564918518,0.30064570903778076,0.2990892827510834,0.005852374747341571,1.3789700592723103e-05,0.005838585046749305,0.005662130607784074
46,warm,2000,0.11343204975128174,0.00020824636158067733,0.88519287109375,0.11480712890625,2,733,460,0.09055224061012268,0.28984129428863525,0.3008698523044586,0.2997102439403534,0.006446755666551951,1.2804453208918251e-05,0.006433951213343215,0.0056831854901656514
47,scratch,0,0.7132543325424194,0.00020824636158067733,0.54058837890625,0.45941162109375,2,1332,1135,0.6208370327949524,0.822001576423645,0.7235851883888245,0.7076432704925537,4.868840648677001,0.36502671415019633,4.503813934526804,1.351701408662161
47,scratch,20,0.5100861191749573,0.00020824636158067733,0.62298583984375,0.37701416015625,2,1305,1092,0.4249640703201294,0.6507436633110046,0.6351559162139893,0.627817690372467,2.8662202966304946,0.22529619951109658,2.640924097119399,1.0092191800442787
47,scratch,40,0.36531099677085876,0.00020824636158067733,0.70074462890625,0.29925537109375,2,1231,990,0.29555797576904297,0.5286465883255005,0.543443500995636,0.5477821230888367,1.636039994761454,0.12005309821215371,1.5159868965493002,0.759604014712063
47,scratch,60,0.28210049867630005,0.00020824636158067733,0.76678466796875,0.23321533203125,2,1105,820,0.23051324486732483,0.4517131447792053,0.47661131620407104,0.4809109568595886,1.0481974770116764,0.05330877821459783,0.9948886987970791,0.6097452104452213
47,scratch,80,0.23542213439941406,0.00020824636158067733,0.80999755859375,0.19000244140625,2,1017,700,0.19521275162696838,0.4068383574485779,0.4337075650691986,0.43156343698501587,0.7580627245597995,0.022634645067670295,0.7354280794921295,0.5150069637468232
47,scratch,100,0.20740622282028198,0.00020824636158067733,0.839599609375,0.160400390625,2,951,602,0.17444472014904022,0.3799399137496948,0.4097534120082855,0.396569162607193,0.5811152502581578,0.008533154490575491,0.5725820957675827,0.4368716680121406
47,scratch,120,0.1871509999036789,0.00020824636158067733,0.858154296875,0.141845703125,2,906,549,0.15807999670505524,0.36302801966667175,0.39167138934135437,0.3708358108997345,0.45223011862078266,0.002961529777812666,0.4492685888429701,0.37391297700491577
47,scratch,140,0.1710549294948578,0.00020824636158067733,0.87060546875,0.12939453125,2,872,501,0.14482378959655762,0.3475458323955536,0.3768009841442108,0.3482784926891327,0.35091869219723293,0.0007923786594734913,0.3501263135377596,0.3285373655319245
47,scratch,160,0.15928402543067932,0.00020824636158067733,0.874755859375,0.125244140625,2,831,468,0.1339542716741562,0.3361973166465759,0.36395663022994995,0.3320743441581726,0.2782796841518618,0.0003698881089026253,0.27790979604295946,0.2991370594547743
47,scratch,180,0.14881615340709686,0.00020824636158067733,0.88037109375,0.11962890625,2,802,442,0.12491415441036224,0.3247154951095581,0.35241472721099854,0.31678858399391174,0.22812516288814066,4.9440720080319144e-05,0.2280757221680607,0.2881914689362429
47,scratch,200,0.14207012951374054,0.00020824636158067733,0.88262939453125,0.11737060546875,2,787,420,0.11881013214588165,0.31698575615882874,0.34425088763237,0.3073636293411255,0.19467848519780517,4.3181068113155516e-06,0.1946741670909943,0.28710363200047595
47,scratch,220,0.13534893095493317,0.00020824636158067733,0.88580322265625,0.11419677734375,2,746,401,0.11275042593479156,0.31064146757125854,0.3354817032814026,0.29980066418647766,0.17414217580408575,2.4309284651640502e-05,0.17411786651943448,0.29621157334735926
47,scratch,240,0.13053087890148163,0.00020824636158067733,0.8890380859375,0.1109619140625,2,734,384,0.10846328735351562,0.3073386251926422,0.32917800545692444,0.2960800230503082,0.160315065698164,0.00014718452109560402,0.16016788117706882,0.30341149147101987
47,scratch,260,0.12785901129245758,0.00020824636158067733,0.888916015625,0.111083984375,2,718,390,0.10577947646379471,0.3045439124107361,0.3248010575771332,0.29346463084220886,0.1514301278719401,0.00014063855901900579,0.1512894893129215,0.30576195543221274
47,scratch,280,0.12432065606117249,0.00020824636158067733,0.89373779296875,0.10626220703125,2,709,369,0.10311120748519897,0.3027067184448242,0.3209194242954254,0.2914063036441803,0.14602401052143676,0.0005154729377904992,0.14550853758364646,0.31053134737271193
47,scratch,300,0.12260732054710388,0.00020824636158067733,0.8941650390625,0.1058349609375,2,696,368,0.10144348442554474,0.30141371488571167,0.3180914521217346,0.2902646064758301,0.13984464152490972,0.0005603528961540798,0.13928428862875614,0.308150418373084
47,scratch,320,0.12009142339229584,0.00020824636158067733,0.89678955078125,0.10321044921875,2,688,356,0.09929130971431732,0.30082225799560547,0.31491774320602417,0.29006630182266235,0.13592786939698698,0.0008786233373426246,0.13504924605964463,0.30867468580367585
47,scratch,340,0.11971870064735413,0.00020824636158067733,0.89593505859375,0.10406494140625,2,686,364,0.09879167377948761,0.29988765716552734,0.3139157295227051,0.29013052582740784,0.13357065585733352,0.0007669101505015947,0.13280374570683215,0.3022796960151436
47,scratch,360,0.11978981643915176,0.00020824636158067733,0.8968505859375,0.1031494140625,2,680,365,0.09893798828125,0.3010898232460022,0.31417781114578247,0.29229024052619934,0.1292159581869825,0.0008869040301658984,0.1283290541568169,0.2916382372216003
47,scratch,380,0.11816343665122986,0.00020824636158067733,0.898193359375,0.101806640625,2,680,365,0.09755749255418777,0.29996034502983093,0.3118937611579895,0.29128459095954895,0.12592601779834212,0.001079304980945741,0.12484671281739677,0.2906988761835646
47,scratch,400,0.11800996214151382,0.00020824636158067733,0.8997802734375,0.1002197265625,2,682,367,0.09771260619163513,0.3002412021160126,0.31223729252815247,0.292490154504776,0.12291128417637509,0.001332128107142826,0.12157915606923246,0.27873141343411134
47,scratch,420,0.11731358617544174,0.00020824636158067733,0.9005126953125,0.0994873046875,2,685,368,0.09723889082670212,0.299020379781723,0.3116382658481598,0.2925317585468292,0.11916655083478389,0.0014582111910458814,0.1177083396437384,0.26694293876902975
47,scratch,440,0.11715981364250183,0.00020824636158067733,0.8983154296875,0.1016845703125,2,677,365,0.09675116837024689,0.29745662212371826,0.31055518984794617,0.2913847267627716,0.11675507246473416,0.0010977702793454266,0.11565730218538889,0.2595546800232523
47,scratch,460,0.11676817387342453,0.00020824636158067733,0.90093994140625,0.09906005859375,2,687,362,0.09689029306173325,0.29755523800849915,0.31084445118904114,0.2921809256076813,0.11362116770833808,0.0015345223440694639,0.11208664536426893,0.2534629881131377
47,scratch,480,0.11594250798225403,0.00020824636158067733,0.90216064453125,0.09783935546875,2,680,367,0.09624381363391876,0.29758086800575256,0.3099232316017151,0.29265666007995605,0.11015802535694519,0.0017638513362192576,0.10839417402072621,0.24152384610465105
47,scratch,500,0.11617595702409744,0.00020824636158067733,0.90234375,0.09765625,2,680,368,0.09660837054252625,0.29698044061660767,0.31046733260154724,0.2928890585899353,0.10694044777192602,0.0017997021938871496,0.10514074557803892,0.2250408307529551
47,scratch,520,0.11613351106643677,0.00020824636158067733,0.90289306640625,0.09710693359375,2,680,367,0.09660710394382477,0.2976885735988617,0.31049031019210815,0.2937951683998108,0.1041147403673719,0.0019095401935160412,0.10220520017385624,0.2142934672385718
47,scratch,540,0.11630464345216751,0.00020824636158067733,0.9022216796875,0.0977783203125,2,681,371,0.0965842753648758,0.29826870560646057,0.31038719415664673,0.2948257625102997,0.10121472938117648,0.0017757593858994773,0.09943896999527731,0.20734469896091923
47,scratch,560,0.11621440201997757,0.00020824636158067733,0.90155029296875,0.09844970703125,2,684,370,0.09645044058561325,0.29720231890678406,0.31026962399482727,0.294551819562912,0.09776445533935174,0.0016470882469978125,0.0961173670923543,0.18976212755046162
47,scratch,580,0.1162324994802475,0.00020824636158067733,0.90216064453125,0.09783935546875,2,685,367,0.09672559797763824,0.29610249400138855,0.31066662073135376,0.29394474625587463,0.09369477016735317,0.0017638513362192576,0.09193091883113427,0.17463206843353418
47,scratch,600,0.11513160914182663,0.00020824636158067733,0.905029296875,0.094970703125,2,682,365,0.0963294506072998,0.2943078875541687,0.31020480394363403,0.2926585376262665,0.0895045332225024,0.0023695652815200266,0.0871349679409827,0.16153311354832567
47,scratch,620,0.11683478206396103,0.00020824636158067733,0.9014892578125,0.0985107421875,2,693,374,0.09723512828350067,0.2961947023868561,0.3115786612033844,0.295541375875473,0.08469394523563523,0.0016356431656655117,0.08305830206997011,0.14768647343702923
47,scratch,640,0.11682397127151489,0.00020824636158067733,0.90130615234375,0.09869384765625,2,689,385,0.09701424837112427,0.2977330684661865,0.3113037943840027,0.2980455160140991,0.08143710990844255,0.001601559519901763,0.07983555038854126,0.14131242862026283
47,scratch,660,0.11587804555892944,0.00020824636158067733,0.902099609375,0.097900390625,2,692,383,0.09621334075927734,0.2970777153968811,0.30996695160865784,0.29764848947525024,0.07819588029524738,0.001751985491420624,0.07644389480382688,0.13887514249767718
47,scratch,680,0.11521564424037933,0.00020824636158067733,0.902587890625,0.097412109375,2,688,387,0.09585081040859222,0.2946436107158661,0.30934104323387146,0.2962948679924011,0.07453896872612376,0.0018480953039168788,0.07269087342220718,0.12948031733071275
47,scratch,700,0.11533604562282562,0.00020824636158067733,0.9012451171875,0.0987548828125,2,688,390,0.09546946734189987,0.2966400384902954,0.30882176756858826,0.299918532371521,0.0712051572561947,0.0015902820937024366,0.06961487516249264,0.12517180685358198
47,scratch,720,0.11593465507030487,0.00020824636158067733,0.90069580078125,0.09930419921875,2,697,407,0.09595079720020294,0.29718947410583496,0.3096390664577484,0.3018795847892761,0.06826561472262682,0.001490666025540783,0.06677494869708629,0.11732813919774797
47,scratch,740,0.1158994734287262,0.00020824636158067733,0.89990234375,0.10009765625,2,699,402,0.09579425305128098,0.2966502606868744,0.3093283772468567,0.30173739790916443,0.06519444729274682,0.001352727792659797,0.06384171950008725,0.11276574427869944
47,scratch,760,0.11558352410793304,0.00020824636158067733,0.8995361328125,0.1004638671875,2,700,404,0.09531432390213013,0.2970704436302185,0.30854544043540955,0.30299821496009827,0.06299820990243887,0.0012914242949863524,0.06170678560745293,0.10943758058533147
47,scratch,780,0.11629622429609299,0.00020824636158067733,0.8983154296875,0.1016845703125,2,700,413,0.09549540281295776,0.300057590007782,0.30883511900901794,0.3080791234970093,0.06161717449577253,0.0010977702793454266,0.06051940421642722,0.10615101652478641
47,scratch,800,0.11594908684492111,0.00020824636158067733,0.89898681640625,0.10101318359375,2,708,418,0.09544692933559418,0.2984120547771454,0.3087383508682251,0.3064330518245697,0.05925230588837138,0.001202250057894325,0.058050055830477426,0.10114038687720038
47,scratch,820,0.1154073178768158,0.00020824636158067733,0.89886474609375,0.10113525390625,2,703,413,0.09476883709430695,0.29883694648742676,0.30762162804603577,0.3076992630958557,0.05678603690903827,0.0011828853815216058,0.05560315152751695,0.09897219581875559
47,scratch,840,0.11496609449386597,0.00020824636158067733,0.8985595703125,0.1014404296875,2,697,427,0.0940212607383728,0.3004953861236572,0.3064301609992981,0.3105805814266205,0.05573053258631688,0.0011351904427891156,0.0545953421435279,0.09813468465403728
47,scratch,860,0.11591136455535889,0.00020824636158067733,0.8970947265625,0.1029052734375,2,701,426,0.09487352520227432,0.29931238293647766,0.30777737498283386,0.31021958589553833,0.054049402446985084,0.0009204297048472417,0.0531289727421381,0.09164463148158118
47,scratch,880,0.11612796783447266,0.00020824636158067733,0.89739990234375,0.10260009765625,2,698,435,0.09500483423471451,0.30088314414024353,0.3080495297908783,0.3127679228782654,0.05276990406928661,0.0009632449180984048,0.05180665915118839,0.08901981891653575
47,scratch,900,0.11536406725645065,0.00020824636158067733,0.8980712890625,0.1019287109375,2,699,423,0.09458285570144653,0.29846271872520447,0.3073992133140564,0.30915379524230957,0.05082951078730247,0.0010610026400108292,0.04976850814729187,0.08692854906370938
47,scratch,920,0.11576927453279495,0.00020824636158067733,0.8974609375,0.1025390625,2,699,430,0.09466233104467392,0.30050528049468994,0.3075024485588074,0.3125413656234741,0.049513957085586924,0.0009719292557406993,0.048542027829846374,0.08450823721181676
47,scratch,940,0.11525479704141617,0.00020824636158067733,0.897705078125,0.102294921875,2,701,432,0.09415100514888763,0.30045437812805176,0.30669739842414856,0.3125355541706085,0.04878970886493761,0.0010070716337403918,0.047782637231197696,0.08248956934516626
47,scratch,960,0.11487078666687012,0.00020824636158067733,0.89764404296875,0.10235595703125,2,697,428,0.0938374325633049,0.2993296682834625,0.30614665150642395,0.3109005391597748,0.04654778729018716,0.0009982252423625469,0.04554956204782502,0.08043511528489487
47,scratch,980,0.11503155529499054,0.00020824636158067733,0.8974609375,0.1025390625,2,693,430,0.09387437999248505,0.300207257270813,0.30628007650375366,0.3127562999725342,0.046888578094517186,0.0009719292557406993,0.04591664883877665,0.07693242620848194
47,scratch,1000,0.11604175716638565,0.00020824636158067733,0.89715576171875,0.10284423828125,2,703,441,0.09481815993785858,0.3011844754219055,0.30775904655456543,0.31400975584983826,0.04499511850809057,0.0009289119550556189,0.04406620655303526,0.07522650610303115
47,scratch,1020,0.116038478910923,0.00020824636158067733,0.8951416015625,0.1048583984375,2,697,436,0.09449512511491776,0.29994693398475647,0.30707645416259766,0.3126055896282196,0.04402619659668261,0.0006701899866025669,0.043356006610080454,0.07423637081341893
47,scratch,1040,0.11482171714305878,0.00020824636158067733,0.8970947265625,0.1029052734375,2,694,438,0.09362268447875977,0.2996280789375305,0.30583465099334717,0.3123036026954651,0.04231230197256508,0.0009204297048472417,0.041391872267718136,0.072671049188325
47,scratch,1060,0.11447671055793762,0.00020824636158067733,0.89642333984375,0.10357666015625,2,693,439,0.09309560060501099,0.29952356219291687,0.3049930930137634,0.3122307360172272,0.041735813488053,0.0008297836557299952,0.040906029832323346,0.07098722667546552
47,scratch,1080,0.11553669720888138,0.00020824636158067733,0.895263671875,0.104736328125,2,693,444,0.0938381552696228,0.30101123452186584,0.30619096755981445,0.3144930601119995,0.0408607142315347,0.0006846323116732247,0.04017608191986203,0.06726838059079908
47,scratch,1100,0.11529763787984848,0.00020824636158067733,0.89605712890625,0.10394287109375,2,699,446,0.09395786374807358,0.2992607355117798,0.30633434653282166,0.311735063791275,0.04054521686412471,0.0007823883770977941,0.03976282848702713,0.06663107719327398
47,scratch,1120,0.11594487726688385,0.00020824636158067733,0.89556884765625,0.10443115234375,2,699,447,0.09443684667348862,0.3003910183906555,0.30718091130256653,0.31319504976272583,0.039772626438939085,0.0007214337469809533,0.03905119269195843,0.0642585599282438
47,scratch,1140,0.11474791169166565,0.00020824636158067733,0.89569091796875,0.10430908203125,2,695,449,0.09317512810230255,0.2999911606311798,0.30517059564590454,0.3127238154411316,0.03910849051390386,0.0007364330007494126,0.03837205751315477,0.06347691828090772
47,scratch,1160,0.11494851112365723,0.00020824636158067733,0.895263671875,0.104736328125,2,702,436,0.09360339492559433,0.29740211367607117,0.30585625767707825,0.30935221910476685,0.037908762803276375,0.0006846323116732247,0.037224130491603696,0.06097691243598545
47,scratch,1180,0.11488699913024902,0.00020824636158067733,0.8953857421875,0.1046142578125,2,699,443,0.09335371851921082,0.2991887927055359,0.30545684695243835,0.31186172366142273,0.037068988149989934,0.0006992335543061969,0.03636975459568402,0.06030646702242391
47,scratch,1200,0.11497719585895538,0.00020824636158067733,0.895263671875,0.104736328125,2,699,442,0.09338423609733582,0.2995491325855255,0.3054264783859253,0.31258702278137207,0.03666631851665869,0.0006846323116732247,0.035981686204985985,0.05949969787001917
47,scratch,1220,0.11482863128185272,0.00020824636158067733,0.89520263671875,0.10479736328125,2,699,441,0.09330619871616364,0.2986781895160675,0.3053857088088989,0.31164848804473877,0.03533321735158523,0.0006773912946614648,0.034655826056924105,0.05665628550309064
47,scratch,1240,0.1145993024110794,0.00020824636158067733,0.8956298828125,0.1043701171875,2,702,441,0.09317293763160706,0.2984650731086731,0.3051564395427704,0.311244398355484,0.03491429358182785,0.0007289134476231359,0.03418538013420513,0.05627870066495687
47,scratch,1260,0.11488854885101318,0.00020824636158067733,0.89495849609375,0.10504150390625,2,700,442,0.09341192990541458,0.2978704273700714,0.30547967553138733,0.3100720942020416,0.033981292760294934,0.0006488241121884505,0.03333246864810669,0.05430630338491481
47,scratch,1280,0.11502714455127716,0.00020824636158067733,0.894287109375,0.105712890625,2,698,443,0.09340076893568039,0.2979773283004761,0.30554285645484924,0.31066206097602844,0.0339796999658617,0.0005735297293296641,0.03340617023653224,0.05118045735548092
47,scratch,1300,0.11503513157367706,0.00020824636158067733,0.89361572265625,0.10638427734375,2,700,439,0.09307332336902618,0.2995118796825409,0.30495867133140564,0.31307244300842285,0.03320444806814038,0.0005030034226769856,0.032701444645463734,0.050805493601042126
47,scratch,1320,0.11439018696546555,0.00020824636158067733,0.89398193359375,0.10601806640625,2,700,444,0.09274131804704666,0.2969411015510559,0.30445730686187744,0.3092349171638489,0.03245746340035538,0.0005408828360132234,0.03191658056434239,0.04940537484912509
47,scratch,1340,0.11529882252216339,0.00020824636158067733,0.89337158203125,0.10662841796875,2,707,442,0.0934615507721901,0.29825934767723083,0.3056122064590454,0.3112422525882721,0.031662625799803834,0.00047853446729835374,0.031184091332505874,0.047846171373062116
47,scratch,1360,0.1148444265127182,0.00020824636158067733,0.8936767578125,0.1063232421875,2,705,444,0.09306948632001877,0.297868937253952,0.3049931228160858,0.31076371669769287,0.030924371760924885,0.0005092185772819224,0.030415153183643268,0.04729572040491346
47,scratch,1380,0.11453619599342346,0.00020824636158067733,0.89337158203125,0.10662841796875,2,701,448,0.0928240567445755,0.2964484393596649,0.30460384488105774,0.3087727427482605,0.030345776220933374,0.00047853446729835374,0.029867241753635435,0.045887382978658006
47,scratch,1400,0.11410989612340927,0.00020824636158067733,0.89398193359375,0.10601806640625,2,702,451,0.09247829020023346,0.29651525616645813,0.30406007170677185,0.3086215853691101,0.029971208234933044,0.0005408828360132234,0.029430325398920126,0.045077163094215375
47,scratch,1420,0.11503282189369202,0.00020824636158067733,0.89398193359375,0.10601806640625,2,706,444,0.0935269296169281,0.29637810587882996,0.3057306110858917,0.30830201506614685,0.02945375975905762,0.0005408828360132234,0.02891287692304465,0.04346414693395216
47,scratch,1440,0.11488467454910278,0.00020824636158067733,0.89337158203125,0.10662841796875,2,707,446,0.09319505095481873,0.2966081500053406,0.30517491698265076,0.3087891638278961,0.029450780720075898,0.00047853446729835374,0.028972246252777854,0.04294228588082204
47,scratch,1460,0.11522883921861649,0.00020824636158067733,0.89306640625,0.10693359375,2,710,453,0.09351636469364166,0.29656267166137695,0.3056819438934326,0.30892592668533325,0.030076714771716695,0.00044882803468169336,0.02962788673703535,0.041867870089158696
47,scratch,1480,0.11454270035028458,0.00020824636158067733,0.8934326171875,0.1065673828125,2,702,442,0.09301302582025528,0.2950417697429657,0.30491286516189575,0.3063109219074249,0.028309355039532136,0.0004845929962287131,0.027824762043303627,0.04047094226666102
47,scratch,1500,0.11523038148880005,0.00020824636158067733,0.89227294921875,0.10772705078125,2,706,446,0.09351369738578796,0.2951035499572754,0.3056817948818207,0.3067862093448639,0.027978804581657357,0.00037614924893713923,0.027602655332720577,0.039088563529044204
47,scratch,1520,0.11472418159246445,0.00020824636158067733,0.8924560546875,0.1075439453125,2,703,447,0.09293444454669952,0.29554691910743713,0.30475518107414246,0.30756592750549316,0.027561757033986112,0.0003923383875724263,0.027169418646413826,0.03894280622011591
47,scratch,1540,0.1146559864282608,0.00020824636158067733,0.89276123046875,0.10723876953125,2,704,450,0.09291334450244904,0.29566314816474915,0.30476492643356323,0.3076476454734802,0.02700074703243871,0.0004200968223849501,0.026580650210054076,0.03784605814984841
47,scratch,1560,0.11480916291475296,0.00020824636158067733,0.8922119140625,0.1077880859375,2,707,438,0.09301924705505371,0.29517433047294617,0.30489489436149597,0.30727091431617737,0.026587561046476083,0.00037083040692447583,0.026216730639552013,0.037366178317138274
47,scratch,1580,0.11374261975288391,0.00020824636158067733,0.89337158203125,0.10662841796875,2,703,438,0.09222137928009033,0.29405534267425537,0.3036303222179413,0.3054278492927551,0.02594793169264875,0.00047853446729835374,0.025469397225350625,0.036716445117458515
47,scratch,1600,0.11485350877046585,0.00020824636158067733,0.89276123046875,0.10723876953125,2,706,437,0.09326858818531036,0.2945476174354553,0.3053410053253174,0.3061227798461914,0.02558141051923002,0.0004200968223849501,0.025161313696845395,0.0344669001071861
47,scratch,1620,0.11467265337705612,0.00020824636158067733,0.8922119140625,0.1077880859375,2,706,441,0.09293920546770096,0.29457059502601624,0.30477291345596313,0.30592167377471924,0.025754963168587608,0.00037083040692447583,0.025384132761663562,0.03441965248316135
47,scratch,1640,0.11476226896047592,0.00020824636158067733,0.89178466796875,0.10821533203125,2,709,446,0.09295124560594559,0.29450345039367676,0.3047463297843933,0.30578556656837463,0.02448465486741469,0.00033468205952456864,0.024149972807890295,0.033590211148516555
47,scratch,1660,0.11451803892850876,0.00020824636158067733,0.8916015625,0.1083984375,2,705,444,0.09268876910209656,0.2940687835216522,0.3043725788593292,0.305241197347641,0.02459677468214494,0.0003197693262831716,0.024277005355862167,0.0326675804983506
47,scratch,1680,0.11442433297634125,0.00020824636158067733,0.89178466796875,0.10821533203125,2,710,452,0.09244406968355179,0.2955600321292877,0.30395424365997314,0.3073613941669464,0.02358316159807572,0.00033468205952456864,0.023248479538551515,0.03257097188292844
47,scratch,1700,0.11474032700061798,0.00020824636158067733,0.8916015625,0.1083984375,2,710,439,0.09292842447757721,0.2941480875015259,0.30479198694229126,0.30586907267570496,0.023700015973012967,0.0003197693262831716,0.02338024664673013,0.03097105868914239
47,scratch,1720,0.11444894969463348,0.00020824636158067733,0.8916015625,0.1083984375,2,705,443,0.09262969344854355,0.29391732811927795,0.30422765016555786,0.3052414059638977,0.022960892046107517,0.0003197693262831716,0.022641122719824578,0.03082352651949348
47,scratch,1740,0.11432188004255295,0.00020824636158067733,0.891845703125,0.108154296875,2,707,439,0.09265176206827164,0.2930147349834442,0.3043578267097473,0.3037351965904236,0.023298186636388607,0.00033973014939336216,0.022958456486995613,0.029239609409382847
47,scratch,1760,0.11505413800477982,0.00020824636158067733,0.89202880859375,0.10797119140625,2,714,445,0.0933443084359169,0.29441478848457336,0.3053945004940033,0.30589041113853455,0.022145030176766056,0.0003551062233418355,0.021789923953424564,0.02974282650506664
47,scratch,1780,0.11430840939283371,0.00020824636158067733,0.89129638671875,0.10870361328125,2,703,448,0.0923125222325325,0.294659823179245,0.3036978840827942,0.3063510060310364,0.021793304881434494,0.0002956854142323424,0.02149761946720269,0.02932786500718519
47,scratch,1800,0.11503224819898605,0.00020824636158067733,0.89111328125,0.10888671875,2,709,442,0.0932021364569664,0.2936866581439972,0.30517902970314026,0.3051930367946625,0.022242077234118085,0.00028169661656501487,0.0219603806175533,0.02868726826386135
47,scratch,1820,0.11503490060567856,0.00020824636158067733,0.8917236328125,0.1082763671875,2,708,448,0.0931287482380867,0.2954457104206085,0.3050236999988556,0.3073607087135315,0.021622452776504986,0.00032967257179245327,0.021292780204712872,0.028314748132511322
47,scratch,1840,0.11392070353031158,0.00020824636158067733,0.89178466796875,0.10821533203125,2,703,442,0.09223978966474533,0.292589396238327,0.3036510944366455,0.3030606806278229,0.021365825695106366,0.00033468205952456864,0.02103114363558218,0.027155516051830073
47,scratch,1860,0.11510859429836273,0.00020824636158067733,0.89129638671875,0.10870361328125,2,712,449,0.09316952526569366,0.29499420523643494,0.305187851190567,0.3068544268608093,0.02176543061505498,0.0002956854142323424,0.021469745200823093,0.027351836260318105
47,scratch,1880,0.11419789493083954,0.00020824636158067733,0.89154052734375,0.10845947265625,2,708,441,0.09237980097532272,0.2935434877872467,0.3038995563983917,0.30488526821136475,0.02126611233762077,0.00031487553033314637,0.020951236807287985,0.027218499505802338
47,scratch,1900,0.11495349556207657,0.00020824636158067733,0.89117431640625,0.10882568359375,2,708,440,0.09309069067239761,0.29398810863494873,0.3050142526626587,0.30562078952789307,0.02117925703424106,0.00028632113088756725,0.020892935903353678,0.02590475908913957
47,scratch,1920,0.11382047832012177,0.00020824636158067733,0.89129638671875,0.10870361328125,2,705,447,0.09188904613256454,0.2936435043811798,0.3030841052532196,0.3049127757549286,0.021321674191135287,0.0002956854142323424,0.02102598877690342,0.026204255730813183
47,scratch,1940,0.11365615576505661,0.00020824636158067733,0.89202880859375,0.10797119140625,2,710,433,0.09209354966878891,0.29180049896240234,0.303422749042511,0.3018113374710083,0.02070026773872513,0.0003551062233418355,0.020345161515383743,0.025729153997640405
47,scratch,1960,0.11389394104480743,0.00020824636158067733,0.89190673828125,0.10809326171875,2,713,437,0.09242825210094452,0.2910131514072418,0.30396729707717896,0.30068323016166687,0.02053388207132656,0.00034481686054004326,0.02018906521078688,0.02539484624252962
47,scratch,1980,0.11410041153430939,0.00020824636158067733,0.891357421875,0.108642578125,2,708,443,0.09233096241950989,0.292707622051239,0.3038322627544403,0.30364951491355896,0.020915073154178287,0.0003004252211228839,0.020614647933055744,0.02573871235767454
47,scratch,2000,0.11396881937980652,0.00020824636158067733,0.89141845703125,0.10858154296875,2,711,437,0.09229043871164322,0.29194116592407227,0.30374443531036377,0.30253899097442627,0.020049139217739764,0.00030520349677398435,0.019743935720966138,0.024486551397098974
47,mle,0,0.7132543325424194,0.00020824636158067733,0.54058837890625,0.45941162109375,2,1332,1135,0.6208370327949524,0.822001576423645,0.7235851883888245,0.7076432704925537,4.868840648677001,0.36502671415019633,4.503813934526804,1.351701408662161
47,mle,100,0.11871371418237686,0.00020824636158067733,0.89862060546875,0.10137939453125,2,722,486,0.09576912224292755,0.32209303975105286,0.30886736512184143,0.34738922119140625,0.05732612568754547,0.0011446476036042815,0.05618147808394136,0.04401338777938234
47,mle,200,0.1177147626876831,0.00020824636158067733,0.89019775390625,0.10980224609375,2,722,489,0.09408033639192581,0.3093257248401642,0.306557834148407,0.32962659001350403,0.03128175538295608,0.00021692553053585025,0.031064829852420473,0.025159896410737
47,mle,300,0.12127530574798584,0.00020824636158067733,0.884033203125,0.115966796875,2,736,512,0.09599654376506805,0.31397926807403564,0.3096460700035095,0.33715975284576416,0.03121409861778801,1.030290218628218e-06,0.031213068327569794,0.021103030908529927
47,mle,400,0.11870075017213821,0.00020824636158067733,0.88262939453125,0.11737060546875,2,721,498,0.09388535469770432,0.3053130805492401,0.3054746091365814,0.32338640093803406,0.02813164327090334,4.3181068113155516e-06,0.028127325164092467,0.022237571757837013
47,mle,500,0.12336239963769913,0.00020824636158067733,0.879150390625,0.120849609375,2,747,534,0.09672321379184723,0.31715574860572815,0.3107014298439026,0.34018054604530334,0.026969740553617783,9.404446889246104e-05,0.02687569608472553,0.01936587847125791
47,mle,600,0.11704237014055252,0.00020824636158067733,0.88494873046875,0.11505126953125,2,732,474,0.09343738108873367,0.2986066937446594,0.3056221604347229,0.31395477056503296,0.02256182579440491,9.22986126228125e-06,0.022552595933142815,0.016323719924225752
47,mle,700,0.11785417795181274,0.00020824636158067733,0.88153076171875,0.11846923828125,2,723,487,0.09301875531673431,0.30265483260154724,0.30498194694519043,0.31943681836128235,0.020260106572827397,2.0170707567902617e-05,0.02023993586525969,0.015253266902841442
47,mle,800,0.11494003981351852,0.00020824636158067733,0.88543701171875,0.11456298828125,2,724,462,0.09162691980600357,0.2951229512691498,0.3026764988899231,0.30504611134529114,0.02063962660104579,1.696555273700295e-05,0.020622661048309232,0.016338473958280683
47,mle,900,0.11649574339389801,0.00020824636158067733,0.88653564453125,0.11346435546875,2,743,487,0.0925845056772232,0.3033224642276764,0.30421289801597595,0.3180938959121704,0.020242091643744686,4.2977810655157184e-05,0.020199113833089984,0.01667455841492936
47,mle,1000,0.12050457298755646,0.00020824636158067733,0.87835693359375,0.12164306640625,2,736,483,0.0957774892449379,0.2990531921386719,0.3092917799949646,0.3143795132637024,0.01947363440631733,0.00013056569686215914,0.01934306870945529,0.014581590659186058
47,mle,1100,0.1162467822432518,0.00020824636158067733,0.88751220703125,0.11248779296875,2,745,466,0.09346690028905869,0.29597678780555725,0.305702805519104,0.309024453163147,0.020040796371908698,7.617013067565907e-05,0.019964626241233283,0.013472728898018413
47,mle,1200,0.11808130145072937,0.00020824636158067733,0.8790283203125,0.1209716796875,2,725,492,0.09289620071649551,0.3010861873626709,0.3047482371330261,0.3163619339466095,0.017184984860072916,9.927826124621602e-05,0.01708570659882699,0.012651205515107886
47,mle,1300,0.11627072095870972,0.00020824636158067733,0.879150390625,0.120849609375,2,725,491,0.09118469804525375,0.29876527190208435,0.3017588257789612,0.313495010137558,0.015062841023613771,9.404446889246104e-05,0.01496879655472153,0.013181247604047694
47,mle,1400,0.11080415546894073,0.00020824636158067733,0.89068603515625,0.10931396484375,2,713,468,0.08817091584205627,0.29521891474723816,0.2966127097606659,0.3079962730407715,0.020690099478819945,0.000250398965169164,0.0204397005136512,0.015767602804085054
47,mle,1500,0.11711698770523071,0.00020824636158067733,0.88262939453125,0.11737060546875,2,735,485,0.09294205904006958,0.29891300201416016,0.30473825335502625,0.3139492869377136,0.01736234415584903,4.3181068113155516e-06,0.01735802604903799,0.012928178782426566
47,mle,1600,0.11792376637458801,0.00020824636158067733,0.87689208984375,0.12310791015625,2,730,498,0.09261782467365265,0.2981768548488617,0.30407336354255676,0.3133043348789215,0.012300358474753637,0.00021344570215292135,0.012086912772601073,0.010698614213874844
47,mle,1700,0.11323986947536469,0.00020824636158067733,0.8814697265625,0.1185302734375,2,709,492,0.08849123120307922,0.2972871959209442,0.29744717478752136,0.3117886185646057,0.01583125833058574,2.139114395656276e-05,0.015809867186629366,0.012590394152762183
47,mle,1800,0.1154363751411438,0.00020824636158067733,0.88458251953125,0.11541748046875,2,724,474,0.09218473732471466,0.29364144802093506,0.30325567722320557,0.30582812428474426,0.013095971485022062,4.965307018767835e-06,0.013091006178003541,0.011773823616063037
47,mle,1900,0.11495381593704224,0.00020824636158067733,0.8812255859375,0.1187744140625,2,716,482,0.09087041765451431,0.2936362624168396,0.30128178000450134,0.30517664551734924,0.016048482932824015,2.662928323709894e-05,0.016021853649587185,0.012308924656504114
47,mle,2000,0.11075004190206528,0.00020824636158067733,0.8890380859375,0.1109619140625,2,714,478,0.08755136281251907,0.2966202199459076,0.2954575717449188,0.31066834926605225,0.021112721377726018,0.00014718452109560402,0.02096553685663082,0.015271015066214186
47,mle,2100,0.11158166080713272,0.00020824636158067733,0.88543701171875,0.11456298828125,2,713,479,0.087815061211586,0.2952694296836853,0.2962561249732971,0.30864217877388,0.015415471284363491,1.696555273700295e-05,0.015398505731627,0.011772670507748426
47,mle,2200,0.11308875679969788,0.00020824636158067733,0.8851318359375,0.1148681640625,2,705,470,0.089637890458107,0.29379263520240784,0.2986495792865753,0.3045642673969269,0.03291281579077321,1.1855862525988418e-05,0.03290095992824775,0.02680729953248827
47,mle,2300,0.11597329378128052,0.00020824636158067733,0.8853759765625,0.1146240234375,2,739,475,0.09293690323829651,0.29391035437583923,0.30439820885658264,0.3060477077960968,0.013056749293177461,1.5870233359576314e-05,0.013040879059818284,0.01185517668022383
47,mle,2400,0.11686460673809052,0.00020824636158067733,0.88824462890625,0.11175537109375,2,748,490,0.09404349327087402,0.2982495129108429,0.30648308992385864,0.31333306431770325,0.019460877866372073,0.00010732934289700655,0.019353548523475435,0.01415511219351627
47,mle,2500,0.11564121395349503,0.00020824636158067733,0.879638671875,0.120361328125,2,717,476,0.0912385806441307,0.2939833700656891,0.3018341660499573,0.3056832253932953,0.012068350239864856,7.451305264871439e-05,0.011993837187216375,0.009891213784835581
47,mle,2600,0.11765178292989731,0.00020824636158067733,0.88031005859375,0.11968994140625,2,732,504,0.09257904440164566,0.3020598590373993,0.3039540648460388,0.31782522797584534,0.015726153019208766,5.13359062611937e-05,0.01567481711294778,0.012260055803603773
47,mle,2700,0.11464117467403412,0.00020824636158067733,0.88433837890625,0.11566162109375,2,728,499,0.09049241989850998,0.29928040504455566,0.30075228214263916,0.3140130639076233,0.012162325231479088,2.852255609380144e-06,0.012159472975869993,0.011163709300712962
47,mle,2800,0.11667603254318237,0.00020824636158067733,0.88165283203125,0.11834716796875,2,730,490,0.09223895519971848,0.29872530698776245,0.30353856086730957,0.31418123841285706,0.014531055895353973,1.783686414702306e-05,0.014513219031207373,0.010047438002625295
47,mle,2900,0.11792627722024918,0.00020824636158067733,0.88330078125,0.11669921875,2,737,492,0.09419455379247665,0.2975526452064514,0.3066578507423401,0.3121080696582794,0.011990536226953452,3.600842914774742e-07,0.011990176142662103,0.009232737365205121
47,mle,3000,0.12100770324468613,0.00020824636158067733,0.87939453125,0.12060546875,2,751,501,0.09641601145267487,0.3003179132938385,0.30912068486213684,0.31514373421669006,0.01846888132131852,8.399776511304035e-05,0.01838488355620592,0.0169640957913043
47,mle,3100,0.11600078642368317,0.00020824636158067733,0.8824462890625,0.1175537109375,2,741,489,0.09189613163471222,0.2969484031200409,0.3031412363052368,0.3108164370059967,0.012644260918754924,6.153643083638702e-06,0.012638107275671733,0.00851037498909589
47,mle,3200,0.11224481463432312,0.00020824636158067733,0.8848876953125,0.1151123046875,2,720,478,0.08879603445529938,0.29249969124794006,0.29783740639686584,0.3040395975112915,0.011202779795716822,8.427728054539053e-06,0.011194352067662497,0.009658538759363164
47,mle,3300,0.12256750464439392,0.00020824636158067733,0.87945556640625,0.12054443359375,2,766,488,0.09918960183858871,0.2931256592273712,0.31354230642318726,0.30457255244255066,0.02184891767029029,8.157386195699595e-05,0.02176734380833352,0.0193422525710457
47,mle,3400,0.11527003347873688,0.00020824636158067733,0.88677978515625,0.11322021484375,2,728,466,0.09260354936122894,0.29280176758766174,0.30402377247810364,0.3028433918952942,0.014087965439834704,5.0384274413768724e-05,0.01403758116542123,0.010635040483289213
47,mle,3500,0.11644276231527328,0.00020824636158067733,0.88482666015625,0.11517333984375,2,740,503,0.09245619922876358,0.30072104930877686,0.30404725670814514,0.3168071210384369,0.013562812121385548,7.66216697504758e-06,0.013555149954410662,0.009721678238970508
47,mle,3600,0.11266835033893585,0.00020824636158067733,0.89013671875,0.10986328125,2,723,449,0.09075905382633209,0.29018232226371765,0.30111023783683777,0.29736921191215515,0.01522005749648514,0.0002129130509252253,0.0150071444455602,0.013243320493752417
47,mle,3700,0.1152314767241478,0.00020824636158067733,0.88702392578125,0.11297607421875,2,738,486,0.0916900560259819,0.3000653386116028,0.30233994126319885,0.31588342785835266,0.019138489446781648,5.838440207678319e-05,0.01908010504470503,0.013505536976704188
47,mle,3800,0.11240025609731674,0.00020824636158067733,0.88592529296875,0.11407470703125,2,709,488,0.08891333639621735,0.2948041260242462,0.2981466054916382,0.30775368213653564,0.014599425471537586,2.7051630565939032e-05,0.014572373840972017,0.010828146173703299
47,mle,3900,0.11211080104112625,0.00020824636158067733,0.8843994140625,0.1156005859375,2,710,484,0.08804017305374146,0.2962624430656433,0.29652369022369385,0.3096941411495209,0.01921556605594077,3.325845086035533e-06,0.01921224021085515,0.015494369342600275
47,mle,4000,0.11395279318094254,0.00020824636158067733,0.88604736328125,0.11395263671875,2,718,480,0.0905221477150917,0.29613953828811646,0.300747275352478,0.309551864862442,0.01211345219126514,2.994142272744974e-05,0.012083510768537774,0.008591830244081375
47,mle,4100,0.11554807424545288,0.00020824636158067733,0.88446044921875,0.11553955078125,2,736,499,0.09151799231767654,0.29949951171875,0.30232200026512146,0.3153786361217499,0.011058637749378875,3.835872321578679e-06,0.011054801877057763,0.008368837051643804
47,mle,4200,0.11764843016862869,0.00020824636158067733,0.8851318359375,0.1148681640625,2,743,514,0.0936402752995491,0.3026465177536011,0.3059622049331665,0.3201296925544739,0.011966519556885657,1.1855862525988418e-05,0.011954663694360214,0.009157917761735898
47,mle,4300,0.11348247528076172,0.00020824636158067733,0.88531494140625,0.11468505859375,2,733,483,0.08997538685798645,0.2949461340904236,0.2999432384967804,0.3076508045196533,0.011209154615066552,1.4811621646955257e-05,0.011194342993419894,0.008960811742549576
47,mle,4400,0.11900690197944641,0.00020824636158067733,0.88232421875,0.11767578125,2,755,498,0.09494677186012268,0.2994079291820526,0.307729572057724,0.3148646950721741,0.012246079878245553,7.55691922492115e-06,0.012238522959020955,0.009508959113413748
47,mle,4500,0.1118592619895935,0.00020824636158067733,0.88226318359375,0.11773681640625,2,710,479,0.08758144080638885,0.2937855124473572,0.29591554403305054,0.30618414282798767,0.012347059838070606,8.312384423556042e-06,0.012338747453647526,0.010050215715859831
47,mle,4600,0.11384870111942291,0.00020824636158067733,0.88330078125,0.11669921875,2,731,504,0.08937034755945206,0.2991262376308441,0.2988511025905609,0.31463319063186646,0.014741161009446557,3.600842914774742e-07,0.014740800925155421,0.011290558134755865
47,mle,4700,0.11550525575876236,0.00020824636158067733,0.881103515625,0.118896484375,2,734,516,0.09045441448688507,0.30114880204200745,0.30054694414138794,0.31716474890708923,0.015934226223912162,2.9461967161126517e-05,0.015904764256751507,0.01158727914411882
47,mle,4800,0.11543590575456619,0.00020824636158067733,0.8846435546875,0.1153564453125,2,729,483,0.0920027643442154,0.2951396107673645,0.3031592071056366,0.3081760108470917,0.013509990997413013,5.5847480002313e-06,0.013504406249413105,0.009450978484205716
47,mle,4900,0.11403913050889969,0.00020824636158067733,0.8841552734375,0.1158447265625,2,716,469,0.09071853756904602,0.29202762246131897,0.3007758855819702,0.3011433482170105,0.012571291031058252,1.6499466741831063e-06,0.012569641084384412,0.01117688931958126
47,mle,5000,0.11535307765007019,0.00020824636158067733,0.8878173828125,0.1121826171875,2,748,480,0.09272703528404236,0.2944163680076599,0.3044428527355194,0.30683600902557373,0.014254372676809623,8.849836798776635e-05,0.01416587430882214,0.010626260708927457
47,warm,0,0.11535307765007019,0.00020824636158067733,0.8878173828125,0.1121826171875,2,748,480,0.09272703528404236,0.2944163680076599,0.3044428527355194,0.30683600902557373,0.014254372676809623,8.849836798776635e-05,0.01416587430882214,0.010626260708927457
47,warm,20,0.11324017494916916,0.00020824636158067733,0.88519287109375,0.11480712890625,2,723,488,0.08974958211183548,0.2943587303161621,0.29951995611190796,0.3071178197860718,0.008336300613159153,1.2804453208918251e-05,0.00832349615995041,0.006869830257751328
47,warm,40,0.11385248601436615,0.00020824636158067733,0.88543701171875,0.11456298828125,2,731,486,0.09052428603172302,0.2941519618034363,0.3007572293281555,0.30674999952316284,0.0075174169222052,1.696555273700295e-05,0.0075004513694686276,0.0066082899368166
47,warm,60,0.11305723339319229,0.00020824636158067733,0.885986328125,0.114013671875,2,728,480,0.08981537818908691,0.293666809797287,0.2996239960193634,0.30599334836006165,0.007227683105888616,2.8478087271925547e-05,0.007199205018616894,0.006543946795541142
47,warm,80,0.11369217932224274,0.00020824636158067733,0.8861083984375,0.1138916015625,2,731,474,0.09057474136352539,0.2935522794723511,0.30088767409324646,0.3058507442474365,0.007349001899278562,3.144165414372844e-05,0.00731756024513505,0.006226759710666538
47,warm,100,0.11289741843938828,0.00020824636158067733,0.8868408203125,0.1131591796875,2,727,478,0.08992630988359451,0.2929244339466095,0.2997680604457855,0.30478596687316895,0.007580553968004722,5.232860670555638e-05,0.007528225361299494,0.006561889030531329
47,warm,120,0.11292335391044617,0.00020824636158067733,0.88665771484375,0.11334228515625,2,730,473,0.09007666260004044,0.2916492521762848,0.3000476360321045,0.3027307987213135,0.006765028378872273,4.660690430162515e-05,0.006718421474570917,0.006632895712068584
47,warm,140,0.11273927241563797,0.00020824636158067733,0.88775634765625,0.11224365234375,2,734,475,0.09031564742326736,0.29009193181991577,0.30043986439704895,0.30007532238960266,0.006814367440533431,8.59579847680425e-05,0.006728409455765791,0.006638144173161872
47,warm,160,0.11334329843521118,0.00020824636158067733,0.8880615234375,0.1119384765625,2,732,474,0.09077354520559311,0.29239994287490845,0.3011780381202698,0.30393001437187195,0.0062972343810585585,9.90341127188165e-05,0.006198200268339938,0.006480290446456802
47,warm,180,0.11303777992725372,0.00020824636158067733,0.88812255859375,0.11187744140625,2,730,473,0.09044055640697479,0.29242250323295593,0.3006337285041809,0.3038976192474365,0.007163204238899823,0.0001017616909553291,0.007061442547944814,0.006565691620603484
47,warm,200,0.11342906206846237,0.00020824636158067733,0.887451171875,0.112548828125,2,734,475,0.09070079773664474,0.292642205953598,0.30111536383628845,0.30430296063423157,0.006535251731115466,7.381649825066033e-05,0.006461435232864905,0.0064473408212916
47,warm,220,0.11315900832414627,0.00020824636158067733,0.88787841796875,0.11212158203125,2,735,475,0.09056660532951355,0.29206570982933044,0.30087199807167053,0.3034193217754364,0.006699548994951954,9.107615459431808e-05,0.006608472840358015,0.006371845266808104
47,warm,240,0.11281061172485352,0.00020824636158067733,0.88763427734375,0.11236572265625,2,730,477,0.08995309472084045,0.2933737635612488,0.2998919188976288,0.3054094910621643,0.007343783149558192,8.098935743345703e-05,0.007262793792125017,0.006660840700756107
47,warm,260,0.11261996626853943,0.00020824636158067733,0.8880615234375,0.1119384765625,2,735,473,0.0901302844285965,0.29104146361351013,0.30015453696250916,0.30170172452926636,0.006940957479677934,9.90341127188165e-05,0.006841923366959279,0.006639664971994516
47,warm,280,0.11345002055168152,0.00020824636158067733,0.8885498046875,0.1114501953125,2,733,478,0.09103046357631683,0.29219257831573486,0.30159056186676025,0.30358725786209106,0.0061058987965267875,0.00012190553246253007,0.005983993264064517,0.006395078570899368
47,warm,300,0.11304481327533722,0.00020824636158067733,0.88800048828125,0.11199951171875,2,733,473,0.09054840356111526,0.29140999913215637,0.30082494020462036,0.3022882044315338,0.0060842846804050055,9.634400914171858e-05,0.005987940671263647,0.006488164953448158
47,warm,320,0.1127823069691658,0.00020824636158067733,0.88812255859375,0.11187744140625,2,731,472,0.0902760922908783,0.2914445400238037,0.3003820478916168,0.30234843492507935,0.0065638962776617404,0.0001017616909553291,0.006462134586706759,0.006412295902232454
47,warm,340,0.11319012194871902,0.00020824636158067733,0.88848876953125,0.11151123046875,2,736,479,0.09077473729848862,0.29178935289382935,0.3011970520019531,0.302896112203598,0.006225703925160531,0.0001189151302018283,0.006106788794959005,0.006372608303759061
47,warm,360,0.11362887918949127,0.00020824636158067733,0.887939453125,0.112060546875,2,733,477,0.0911918431520462,0.291414350271225,0.30186519026756287,0.3023063540458679,0.00658606971119724,9.369136237621489e-05,0.006492378348821269,0.006200688623034675
47,warm,380,0.1125645861029625,0.00020824636158067733,0.88763427734375,0.11236572265625,2,731,470,0.08995801955461502,0.291145384311676,0.2998749613761902,0.3018262982368469,0.006503436904317539,8.098935743345703e-05,0.006422447546884506,0.006564368480435387
47,warm,400,0.11354519426822662,0.00020824636158067733,0.8873291015625,0.1126708984375,2,732,472,0.09091585129499435,0.29176047444343567,0.3014647662639618,0.302835077047348,0.006797915820065725,6.922110695421323e-05,0.006728694713111855,0.006341922527321894
47,warm,420,0.11325041204690933,0.00020824636158067733,0.88800048828125,0.11199951171875,2,729,478,0.09070098400115967,0.2920360267162323,0.3010861575603485,0.3032488524913788,0.006537888476309206,9.634400914171858e-05,0.006441544467167755,0.006576846711363923
47,warm,440,0.11343367397785187,0.00020824636158067733,0.88763427734375,0.11236572265625,2,729,477,0.09068213403224945,0.29315975308418274,0.3010607361793518,0.3050316572189331,0.006885610801695918,8.098935743345703e-05,0.00680462144426282,0.006416001889415365
47,warm,460,0.11355007439851761,0.00020824636158067733,0.8873291015625,0.1126708984375,2,730,472,0.09096547216176987,0.2914130389690399,0.3014892339706421,0.30233368277549744,0.006729104636910677,6.922110695421323e-05,0.006659883529956756,0.006453219547661301
47,warm,480,0.11283411830663681,0.00020824636158067733,0.887939453125,0.112060546875,2,733,470,0.09023202955722809,0.2919274568557739,0.30031853914260864,0.3031536936759949,0.006648476527338687,9.369136237621489e-05,0.006554785164962737,0.006475431394615025
47,warm,500,0.11308012157678604,0.00020824636158067733,0.8875732421875,0.1124267578125,2,736,469,0.0905340313911438,0.29107430577278137,0.30081188678741455,0.30172455310821533,0.006615823706674462,7.856107783994152e-05,0.006537262628835047,0.006557417015978881
47,warm,520,0.11212622374296188,0.00020824636158067733,0.88720703125,0.11279296875,2,730,467,0.0895213857293129,0.28993138670921326,0.2991485893726349,0.29983991384506226,0.005666456105977602,6.477476281792436e-05,0.005601681343159976,0.006955791695186217
47,warm,540,0.11274193972349167,0.00020824636158067733,0.887451171875,0.112548828125,2,728,466,0.09025141596794128,0.29008039832115173,0.3003489673137665,0.3001115322113037,0.006819156690475836,7.381649825066033e-05,0.006745340192225301,0.006725531218075939
47,warm,560,0.11351609975099564,0.00020824636158067733,0.887451171875,0.112548828125,2,728,468,0.09105948358774185,0.29058724641799927,0.30162113904953003,0.30092504620552063,0.007053389596698878,7.381649825066033e-05,0.006979573098448343,0.006737708806435858
47,warm,580,0.11245409399271011,0.00020824636158067733,0.88848876953125,0.11151123046875,2,735,468,0.09013522416353226,0.29028427600860596,0.3001636862754822,0.30046334862709045,0.00623626597808169,0.0001189151302018283,0.006117350847880162,0.006572196879683342
47,warm,600,0.1128140240907669,0.00020824636158067733,0.88751220703125,0.11248779296875,2,726,467,0.09037686884403229,0.28983989357948303,0.3005228340625763,0.2996908128261566,0.006318599684895787,7.617013067565907e-05,0.006242429554220467,0.006682823878913932
47,warm,620,0.11284217983484268,0.00020824636158067733,0.8875732421875,0.1124267578125,2,722,462,0.09039580821990967,0.29004913568496704,0.3005233108997345,0.30005717277526855,0.0067828210201739125,7.856107783994152e-05,0.006704259942334152,0.00704299561879905
47,warm,640,0.11325623095035553,0.00020824636158067733,0.8870849609375,0.1129150390625,2,732,468,0.09063643217086792,0.2909623086452484,0.30100059509277344,0.3013985753059387,0.007056171580920534,6.047732502037755e-05,0.006995694255900578,0.006863688767448348
47,warm,660,0.11332295835018158,0.00020824636158067733,0.8873291015625,0.1126708984375,2,732,462,0.0908346027135849,0.29042795300483704,0.30131036043167114,0.30062130093574524,0.006198210711595209,6.922110695421323e-05,0.006128989604641342,0.006646115610460565
47,warm,680,0.11296238005161285,0.00020824636158067733,0.88690185546875,0.11309814453125,2,730,467,0.09043899178504944,0.2895881235599518,0.3005611300468445,0.29924476146698,0.00644358584104765,5.431006042537056e-05,0.006389275780622631,0.0070961183603185235
47,warm,700,0.11222170293331146,0.00020824636158067733,0.88775634765625,0.11224365234375,2,732,460,0.0899641364812851,0.2882610857486725,0.29986265301704407,0.29707491397857666,0.007011488742868721,8.59579847680425e-05,0.006925530758101066,0.007273645526988712
47,warm,720,0.11324559152126312,0.00020824636158067733,0.8885498046875,0.1114501953125,2,732,464,0.09109432250261307,0.2898491322994232,0.30175572633743286,0.2997259497642517,0.006291115500793865,0.00012190553246253007,0.006169209968331615,0.006968765513415728
47,warm,740,0.11306239664554596,0.00020824636158067733,0.88861083984375,0.11138916015625,2,736,473,0.09066120535135269,0.29176875948905945,0.3010520935058594,0.30289605259895325,0.00640466839904974,0.00012493355288166908,0.006279734846168247,0.006521485208618269
47,warm,760,0.11249780654907227,0.00020824636158067733,0.8885498046875,0.1114501953125,2,730,463,0.09033818542957306,0.2891680896282196,0.3004888594150543,0.29859763383865356,0.006367320570284107,0.00012190553246253007,0.006245415037821859,0.0066360321954971185
47,warm,780,0.11355451494455338,0.00020824636158067733,0.8870849609375,0.1129150390625,2,734,480,0.09081971645355225,0.29216405749320984,0.30131036043167114,0.3034963011741638,0.007109050301373543,6.047732502037755e-05,0.007048572976353397,0.0063761356880104175
47,warm,800,0.1131587028503418,0.00020824636158067733,0.8865966796875,0.1134033203125,2,731,467,0.09047313779592514,0.2905164361000061,0.30069273710250854,0.3008365035057068,0.006117968391485817,4.4773831622845796e-05,0.00607319455986341,0.0065188982346125884
47,warm,820,0.11375722289085388,0.00020824636158067733,0.88641357421875,0.11358642578125,2,730,473,0.09088977426290512,0.2922118306159973,0.3014080822467804,0.30345115065574646,0.006709232119469277,3.949685434626905e-05,0.00666973526512351,0.006432902156343498
47,warm,840,0.11347904801368713,0.00020824636158067733,0.88726806640625,0.11273193359375,2,731,473,0.09086794406175613,0.2914420962333679,0.3013395369052887,0.302372545003891,0.006893114416747892,6.697931279966724e-05,0.0068261351039483765,0.006422791558402405
47,warm,860,0.11381969600915909,0.00020824636158067733,0.88653564453125,0.11346435546875,2,736,472,0.09105414897203445,0.2916947305202484,0.3016842305660248,0.30280032753944397,0.0070784489405966156,4.2977810655157184e-05,0.007035471129941816,0.006272279709487502
47,warm,880,0.11335698515176773,0.00020824636158067733,0.8865966796875,0.1134033203125,2,730,467,0.09063771367073059,0.29097822308540344,0.3009929955005646,0.3015931248664856,0.006760999419206826,4.4773831622845796e-05,0.006716225587584453,0.006541264557422419
47,warm,900,0.11349844932556152,0.00020824636158067733,0.88702392578125,0.11297607421875,2,732,470,0.09089874476194382,0.29093846678733826,0.30138084292411804,0.30153343081474304,0.006724151659732058,5.838440207678319e-05,0.006665767257655405,0.006438413563269005
47,warm,920,0.11383604258298874,0.00020824636158067733,0.88580322265625,0.11419677734375,2,734,478,0.09073438495397568,0.293031245470047,0.3011529743671417,0.3048986792564392,0.007028718006772294,2.4309284651640502e-05,0.00700440872212077,0.006297450688402914
47,warm,940,0.11308987438678741,0.00020824636158067733,0.88653564453125,0.11346435546875,2,735,469,0.09021622687578201,0.2918093800544739,0.3003159463405609,0.30298835039138794,0.006301423371773751,4.2977810655157184e-05,0.0062584455611189894,0.006294162144736201
47,warm,960,0.11351398378610611,0.00020824636158067733,0.88604736328125,0.11395263671875,2,733,470,0.09061992913484573,0.2915284335613251,0.30092519521713257,0.30248934030532837,0.006122763214811755,2.994142272744974e-05,0.006092821792084457,0.006260930641697068
47,warm,980,0.11327675729990005,0.00020824636158067733,0.8853759765625,0.1146240234375,2,731,466,0.09022048860788345,0.29136747121810913,0.30029579997062683,0.3021450340747833,0.006671083175028514,1.5870233359576314e-05,0.006655212941669347,0.006619601315146592
47,warm,1000,0.11371716111898422,0.00020824636158067733,0.88714599609375,0.11285400390625,2,730,467,0.09113211929798126,0.291258305311203,0.3017924129962921,0.3019731938838959,0.006816829391759427,6.260743941602408e-05,0.006754221952343645,0.006425949724184629
47,warm,1020,0.11289146542549133,0.00020824636158067733,0.887451171875,0.112548828125,2,734,461,0.09045468270778656,0.28980621695518494,0.3006708025932312,0.29965826869010925,0.00650060485423154,7.381649825066033e-05,0.006426788355981055,0.0066810346627289435
47,warm,1040,0.11207851022481918,0.00020824636158067733,0.88751220703125,0.11248779296875,2,729,459,0.08971677720546722,0.2885093092918396,0.2994942367076874,0.29750028252601624,0.007442511651611028,7.617013067565907e-05,0.007366341520935647,0.0069549474803761585
47,warm,1060,0.11335082352161407,0.00020824636158067733,0.8868408203125,0.1131591796875,2,727,467,0.09065643697977066,0.29120907187461853,0.30094507336616516,0.30179300904273987,0.006958314829539347,5.232860670555638e-05,0.006905986222834077,0.007147144068990183
47,warm,1080,0.11358314752578735,0.00020824636158067733,0.88702392578125,0.11297607421875,2,735,475,0.09097576886415482,0.2910833954811096,0.30155766010284424,0.30175796151161194,0.006701242586863998,5.838440207678319e-05,0.006642858184787456,0.00666032407866167
47,warm,1100,0.11250043660402298,0.00020824636158067733,0.88641357421875,0.11358642578125,2,727,461,0.08978457748889923,0.2897719442844391,0.2995645999908447,0.29960718750953674,0.006763551301268933,3.949685434626905e-05,0.006724054446923075,0.006758332675640286
47,warm,1120,0.11406052112579346,0.00020824636158067733,0.885498046875,0.114501953125,2,727,474,0.09119339287281036,0.29090291261672974,0.30187273025512695,0.30146345496177673,0.006874637890000201,1.809759680408197e-05,0.006856540293196483,0.006667292321476434
47,warm,1140,0.113401859998703,0.00020824636158067733,0.88616943359375,0.11383056640625,2,730,474,0.09046129137277603,0.2919939458370209,0.30067741870880127,0.3031337857246399,0.0066383205929057,3.297879875076206e-05,0.006605341794155095,0.0066364202295926406
47,warm,1160,0.11261457949876785,0.00020824636158067733,0.88623046875,0.11376953125,2,733,457,0.09003318846225739,0.2885168492794037,0.2999088168144226,0.2974800169467926,0.006571902377622507,3.45528737973784e-05,0.0065373495038254514,0.0073129010499951436
47,warm,1180,0.11318164318799973,0.00020824636158067733,0.88720703125,0.11279296875,2,731,462,0.09082335233688354,0.289047509431839,0.30126509070396423,0.29839012026786804,0.006998193873009484,6.477476281792436e-05,0.006933419110191859,0.00704327774405554
47,warm,1200,0.11241446435451508,0.00020824636158067733,0.88751220703125,0.11248779296875,2,733,455,0.08997896313667297,0.2894272804260254,0.29989510774612427,0.299021452665329,0.006722903036283867,7.617013067565907e-05,0.006646732905608563,0.00693081347093992
47,warm,1220,0.11305870115756989,0.00020824636158067733,0.88671875,0.11328125,2,732,461,0.09052453190088272,0.2894468605518341,0.3007877469062805,0.2990735173225403,0.007258553011347146,4.8477046092050644e-05,0.007210075965255407,0.006996958554050234
47,warm,1240,0.11350513249635696,0.00020824636158067733,0.88726806640625,0.11273193359375,2,735,469,0.0908825546503067,0.29155850410461426,0.30138644576072693,0.3024007976055145,0.0066656872266364076,6.697931279966724e-05,0.006598707913836991,0.006783226942611673
47,warm,1260,0.11291567981243134,0.00020824636158067733,0.88787841796875,0.11212158203125,2,726,460,0.09070197492837906,0.28882357478141785,0.30104297399520874,0.2979762852191925,0.006572758266706558,9.107615459431808e-05,0.006481682112112653,0.006812579639922642
47,warm,1280,0.11267440021038055,0.00020824636158067733,0.88775634765625,0.11224365234375,2,730,461,0.09023541212081909,0.2901485860347748,0.30032405257225037,0.30022573471069336,0.007176485961103651,8.59579847680425e-05,0.0070905279763360755,0.006816942267728318
47,warm,1300,0.11381644010543823,0.00020824636158067733,0.8873291015625,0.1126708984375,2,736,471,0.09122268110513687,0.2917514443397522,0.30194950103759766,0.3028072118759155,0.0068935238421588,6.922110695421323e-05,0.006824302735204922,0.00652400212970404
47,warm,1320,0.11311628669500351,0.00020824636158067733,0.8868408203125,0.1131591796875,2,732,467,0.0904819443821907,0.2905041575431824,0.30067628622055054,0.30075812339782715,0.005999548958065759,5.232860670555638e-05,0.005947220351360664,0.006649458272700012
47,warm,1340,0.11262576282024384,0.00020824636158067733,0.8868408203125,0.1131591796875,2,728,466,0.09006590396165848,0.28942984342575073,0.30003389716148376,0.29904109239578247,0.00628381405186218,5.232860670555638e-05,0.006231485445157038,0.006777547803035286
47,warm,1360,0.11318914592266083,0.00020824636158067733,0.88739013671875,0.11260986328125,2,734,471,0.09067929536104202,0.2905717194080353,0.30106377601623535,0.3008868396282196,0.0066349610140648,7.150016289393483e-05,0.006563460851171174,0.006791978740916402
47,warm,1380,0.11361509561538696,0.00020824636158067733,0.8868408203125,0.1131591796875,2,736,473,0.0910048857331276,0.290813684463501,0.30153411626815796,0.3012709617614746,0.005601966281396642,5.232860670555638e-05,0.005549637674691459,0.006647393465068471
47,warm,1400,0.11277779936790466,0.00020824636158067733,0.88720703125,0.11279296875,2,729,466,0.09027716517448425,0.28976327180862427,0.300370454788208,0.2995867431163788,0.006245144687277104,6.477476281792436e-05,0.006180369924459573,0.006612299833473098
47,warm,1420,0.11372068524360657,0.00020824636158067733,0.886962890625,0.113037109375,2,734,473,0.09104828536510468,0.2916230857372284,0.3016894459724426,0.30262184143066406,0.006878720862736998,5.632865305032087e-05,0.006822392209687041,0.00641826845207559
47,warm,1440,0.1129666194319725,0.00020824636158067733,0.88665771484375,0.11334228515625,2,731,471,0.09018871188163757,0.2911544442176819,0.3002198338508606,0.3018304705619812,0.005950528215912243,4.660690430162515e-05,0.005903921311610921,0.006461517078828347
47,warm,1460,0.11287113279104233,0.00020824636158067733,0.88623046875,0.11376953125,2,722,473,0.09000301361083984,0.2910068929195404,0.29992353916168213,0.30163639783859253,0.006357944098276391,3.45528737973784e-05,0.006323391224479215,0.0066176571938239975
47,warm,1480,0.11338526755571365,0.00020824636158067733,0.88653564453125,0.11346435546875,2,740,470,0.09063918143510818,0.2911081314086914,0.3009882867336273,0.3018127679824829,0.006557141624220719,4.2977810655157184e-05,0.006514163813565972,0.006288590150911641
47,warm,1500,0.11333102732896805,0.00020824636158067733,0.88690185546875,0.11309814453125,2,737,466,0.09071604162454605,0.2906751036643982,0.30109888315200806,0.3011006712913513,0.006001401860707745,5.431006042537056e-05,0.005947091800282843,0.006427839042994474
47,warm,1520,0.11310912668704987,0.00020824636158067733,0.88677978515625,0.11322021484375,2,736,463,0.09047845751047134,0.2903602719306946,0.3007084131240845,0.30057841539382935,0.006087533650138255,5.0384274413768724e-05,0.0060371493757248726,0.006377650840699953
47,warm,1540,0.11280135810375214,0.00020824636158067733,0.88714599609375,0.11285400390625,2,736,468,0.09018462151288986,0.2905915379524231,0.30023831129074097,0.30094030499458313,0.005922261935488393,6.260743941602408e-05,0.0058596544960726575,0.0065472092621757655
47,warm,1560,0.11347196251153946,0.00020824636158067733,0.886962890625,0.113037109375,2,735,469,0.09078414738178253,0.29149532318115234,0.30122220516204834,0.30242079496383667,0.00625546579686187,5.632865305032087e-05,0.006199137143811933,0.006355894526900538
47,warm,1580,0.11416099965572357,0.00020824636158067733,0.8858642578125,0.1141357421875,2,738,478,0.09115692973136902,0.2927071452140808,0.3017857074737549,0.3042127788066864,0.006568490546492001,2.566203541708124e-05,0.006542828511075188,0.006471217480107025
47,warm,1600,0.1139569878578186,0.00020824636158067733,0.8858642578125,0.1141357421875,2,738,467,0.09117355942726135,0.2907903790473938,0.30182990431785583,0.30127543210983276,0.006665473077013928,2.566203541708124e-05,0.006639811041597188,0.006658796658707597
47,warm,1620,0.11313153803348541,0.00020824636158067733,0.88629150390625,0.11370849609375,2,729,462,0.09032369405031204,0.2909053862094879,0.3005039691925049,0.3014824688434601,0.006850017118999574,3.616389655127731e-05,0.006813853222448436,0.006774541588351876
47,warm,1640,0.11309252679347992,0.00020824636158067733,0.8863525390625,0.1136474609375,2,732,471,0.09040507674217224,0.290035218000412,0.3005872070789337,0.30005592107772827,0.0070135041540240195,3.781188429920288e-05,0.006975692269725248,0.006738759687545989
47,warm,1660,0.11687622964382172,0.00020824636158067733,0.88720703125,0.11279296875,2,757,477,0.09465642273426056,0.2916528284549713,0.30734074115753174,0.3026960790157318,0.010730184739081494,6.477476281792436e-05,0.010665409976264025,0.011607483168741037
47,warm,1680,0.1138262152671814,0.00020824636158067733,0.8865966796875,0.1134033203125,2,729,477,0.09101583808660507,0.2921595275402069,0.3016737401485443,0.30345064401626587,0.007961087089647378,4.4773831622845796e-05,0.007916313258024846,0.007456987377049681
47,warm,1700,0.11361879110336304,0.00020824636158067733,0.8851318359375,0.1148681640625,2,730,478,0.09055658429861069,0.29132774472236633,0.3008476197719574,0.3021117150783539,0.0065344592192602136,1.1855862525988418e-05,0.006522603356734763,0.006603963317725156
47,warm,1720,0.11345212161540985,0.00020824636158067733,0.88653564453125,0.11346435546875,2,734,469,0.09070203453302383,0.2912062406539917,0.30109497904777527,0.3019738495349884,0.0060543727639057465,4.2977810655157184e-05,0.0060113949532509875,0.006453589915731736
47,warm,1740,0.1126926988363266,0.00020824636158067733,0.88641357421875,0.11358642578125,2,724,478,0.08986395597457886,0.29084527492523193,0.29973897337913513,0.3013734519481659,0.006862112379899088,3.949685434626905e-05,0.006822615525553288,0.006491543929992058
47,warm,1760,0.11316104233264923,0.00020824636158067733,0.8861083984375,0.1138916015625,2,736,475,0.09035081416368484,0.2906310260295868,0.30047741532325745,0.3009643256664276,0.005809644689001914,3.144165414372844e-05,0.005778203034858357,0.006622079491758068
47,warm,1780,0.11373402178287506,0.00020824636158067733,0.88714599609375,0.11285400390625,2,739,469,0.09108541905879974,0.2917749881744385,0.3017476201057434,0.30292829871177673,0.006435596315718328,6.260743941602408e-05,0.006372988876302554,0.006285663433341124
47,warm,1800,0.11311261355876923,0.00020824636158067733,0.886962890625,0.113037109375,2,732,472,0.09049151837825775,0.29061245918273926,0.3007173240184784,0.3010186553001404,0.006130424183361072,5.632865305032087e-05,0.006074095530311135,0.006461210913807899
47,warm,1820,0.11293338239192963,0.00020824636158067733,0.88714599609375,0.11285400390625,2,736,469,0.09049294888973236,0.28933775424957275,0.30075541138648987,0.29887059330940247,0.006631223576555101,6.260743941602408e-05,0.006568616137139259,0.006534889989093226
47,warm,1840,0.11320826411247253,0.00020824636158067733,0.887451171875,0.112548828125,2,737,470,0.0906265527009964,0.2912657558917999,0.3009657561779022,0.3020266890525818,0.006311127742087308,7.381649825066033e-05,0.006237311243836919,0.006483754275218398
47,warm,1860,0.11287753283977509,0.00020824636158067733,0.88739013671875,0.11260986328125,2,733,465,0.09042812138795853,0.28978386521339417,0.30059337615966797,0.29963743686676025,0.005498029605227828,7.150016289393483e-05,0.005426529442334161,0.006700776634938829
47,warm,1880,0.11324163526296616,0.00020824636158067733,0.8870849609375,0.1129150390625,2,731,467,0.09071895480155945,0.29018473625183105,0.3011048138141632,0.3003024160861969,0.006083353794387847,6.047732502037755e-05,0.0060228764693678,0.006567079502242432
47,warm,1900,0.11285211145877838,0.00020824636158067733,0.8856201171875,0.1143798828125,2,727,472,0.08977057039737701,0.2915678322315216,0.29953205585479736,0.302404522895813,0.006602901871524125,2.047192719925508e-05,0.00658242994432506,0.00709849174858844
47,warm,1920,0.11367564648389816,0.00020824636158067733,0.8856201171875,0.1143798828125,2,743,473,0.0908229723572731,0.29061925411224365,0.30126887559890747,0.30095458030700684,0.0064230246251142376,2.047192719925508e-05,0.006402552697915205,0.006605861491375417
47,warm,1940,0.11340667307376862,0.00020824636158067733,0.886474609375,0.113525390625,2,738,472,0.09066267311573029,0.29100552201271057,0.3010313808917999,0.30161052942276,0.0059624458379445855,4.121882401711321e-05,0.005921227013927962,0.006421150189676136
47,warm,1960,0.11272446811199188,0.00020824636158067733,0.8865966796875,0.1134033203125,2,730,468,0.09002412110567093,0.2901976704597473,0.29996055364608765,0.30024653673171997,0.006422034734718807,4.4773831622845796e-05,0.006377260903096298,0.006609189994601347
47,warm,1980,0.11294218897819519,0.00020824636158067733,0.8870849609375,0.1129150390625,2,733,470,0.09039938449859619,0.29004335403442383,0.3005555272102356,0.30001160502433777,0.00628532583578334,6.047732502037755e-05,0.006224848510763397,0.006658747131264117
47,warm,2000,0.11315001547336578,0.00020824636158067733,0.88720703125,0.11279296875,2,734,471,0.09052404016256332,0.2911214232444763,0.30079054832458496,0.30169740319252014,0.006164682185776371,6.477476281792436e-05,0.006099907422958745,0.00691298509013448
48,scratch,0,0.8664990067481995,0.00020824636158067733,0.6500244140625,0.3499755859375,2,1340,1085,0.7984694242477417,0.9928531646728516,0.7597692608833313,0.7218818068504333,6.405226348470755,0.18564880012442064,6.219577548346335,1.3635114988512622
48,scratch,20,0.652830958366394,0.00020824636158067733,0.70098876953125,0.29901123046875,2,1335,1051,0.5959005951881409,0.7862962484359741,0.6959161758422852,0.6429994106292725,4.235939767872701,0.11976616423227973,4.11617360364042,1.0592026467140794
48,scratch,40,0.46989479660987854,0.00020824636158067733,0.74102783203125,0.25897216796875,2,1294,942,0.42290669679641724,0.604347288608551,0.6189725399017334,0.5604066252708435,2.535671593420197,0.07666369624306266,2.459007897177135,0.8020666322383886
48,scratch,60,0.3420880436897278,0.00020824636158067733,0.78271484375,0.21728515625,2,1220,767,0.30744466185569763,0.46688205003738403,0.5469650030136108,0.47614046931266785,1.4712057785980548,0.04070496562434352,1.4305008129737113,0.6193590787054245
48,scratch,80,0.26685547828674316,0.00020824636158067733,0.82171630859375,0.17828369140625,2,1126,590,0.24014602601528168,0.38996028900146484,0.48942750692367554,0.40374407172203064,0.9370217043449927,0.01632967874416711,0.9206920256008257,0.5206775077324391
48,scratch,100,0.22401709854602814,0.00020824636158067733,0.85491943359375,0.14508056640625,2,1046,475,0.20157702267169952,0.3562503755092621,0.44771695137023926,0.35022640228271484,0.6830741371299425,0.0037374769865307876,0.679336660143412,0.48382115997923847
48,scratch,120,0.19835761189460754,0.00020824636158067733,0.88006591796875,0.11993408203125,2,994,389,0.17918242514133453,0.33906346559524536,0.42084482312202454,0.3093917667865753,0.547942482461174,5.9270058370743724e-05,0.5478832124028035,0.47310943952583784
48,scratch,140,0.1798510104417801,0.00020824636158067733,0.89801025390625,0.10198974609375,2,946,329,0.16262362897396088,0.3315364420413971,0.4006459712982178,0.28349700570106506,0.4500417915568775,0.001051912524502709,0.4489898790323751,0.4652671231171962
48,scratch,160,0.16535703837871552,0.00020824636158067733,0.91497802734375,0.08502197265625,2,908,292,0.15054713189601898,0.32473641633987427,0.3860533833503723,0.26068559288978577,0.37750475746343426,0.005229569570102691,0.372275187893332,0.47102129086965305
48,scratch,180,0.15400125086307526,0.00020824636158067733,0.9246826171875,0.0753173828125,2,881,258,0.14031027257442474,0.32208752632141113,0.37331581115722656,0.2458793818950653,0.31936829908482167,0.009246691641154957,0.3101216074436668,0.4826564150364402
48,scratch,200,0.14447109401226044,0.00020824636158067733,0.93414306640625,0.06585693359375,2,851,231,0.13218238949775696,0.31877952814102173,0.3629564344882965,0.23277287185192108,0.27607730692198373,0.014466399154481363,0.2616109077675026,0.49215823559029104
48,scratch,220,0.1348825842142105,0.00020824636158067733,0.9451904296875,0.0548095703125,2,830,207,0.12436509132385254,0.3162567913532257,0.3522464334964752,0.2186950445175171,0.2437328230233149,0.022424109133979436,0.22130871388933576,0.5304122054815207
48,scratch,240,0.12732109427452087,0.00020824636158067733,0.95074462890625,0.04925537109375,2,808,186,0.11761549860239029,0.31466180086135864,0.34256184101104736,0.20740355551242828,0.21723366734004657,0.027290787444472733,0.18994287989557423,0.5682002120822699
48,scratch,260,0.12219685316085815,0.00020824636158067733,0.9537353515625,0.0462646484375,2,787,182,0.1128925308585167,0.31400319933891296,0.3357822299003601,0.20307326316833496,0.2006099713478804,0.030180069044022463,0.17042990230385827,0.5700875107588627
48,scratch,280,0.11889451742172241,0.00020824636158067733,0.95391845703125,0.04608154296875,2,771,180,0.10944849997758865,0.3144332766532898,0.33045724034309387,0.20139740407466888,0.18822466101919844,0.030363426385912023,0.15786123463328677,0.5727335913991237
48,scratch,300,0.11524729430675507,0.00020824636158067733,0.95709228515625,0.04290771484375,2,762,174,0.10633295029401779,0.31408917903900146,0.32579299807548523,0.19701050221920013,0.17995672188481393,0.0336653930799712,0.14629132880484297,0.5862565547515669
48,scratch,320,0.11243781447410583,0.00020824636158067733,0.9588623046875,0.0411376953125,2,740,166,0.10379286855459213,0.31393930315971375,0.32190072536468506,0.19523246586322784,0.17253395876905842,0.035612375232532065,0.1369215835365268,0.5908640110076203
48,scratch,340,0.11045017838478088,0.00020824636158067733,0.95928955078125,0.04071044921875,2,736,165,0.10183002054691315,0.31357306241989136,0.31881067156791687,0.19459334015846252,0.16668252950767481,0.036094114987190416,0.13058841452048475,0.5877097275890674
48,scratch,360,0.10967765748500824,0.00020824636158067733,0.95916748046875,0.04083251953125,2,735,164,0.10098256915807724,0.31392771005630493,0.31732499599456787,0.19522331655025482,0.16199403904538912,0.035956000148220424,0.12603803889716905,0.5717169133652032
48,scratch,380,0.10699938982725143,0.00020824636158067733,0.96197509765625,0.03802490234375,2,725,162,0.09878554195165634,0.3147980272769928,0.31414130330085754,0.1941053718328476,0.15695604549983244,0.039231183643269586,0.11772486185656297,0.5686178094122124
48,scratch,400,0.10701335221529007,0.00020824636158067733,0.9610595703125,0.0389404296875,2,727,164,0.09863890707492828,0.3136967718601227,0.31355875730514526,0.1940353810787201,0.15430711354274962,0.0381402245854176,0.11616688895733257,0.5584114421010281
48,scratch,420,0.10504096001386642,0.00020824636158067733,0.96405029296875,0.03594970703125,2,715,159,0.09717422723770142,0.31600043177604675,0.31141164898872375,0.19517455995082855,0.14941177433575348,0.04178971858111453,0.10762205575463923,0.557744479768412
48,scratch,440,0.10535940527915955,0.00020824636158067733,0.9625244140625,0.0374755859375,2,722,163,0.09722287952899933,0.3143382668495178,0.31146538257598877,0.1967787891626358,0.1458404804259814,0.03989672490115,0.10594375552483172,0.5217745026322927
48,scratch,460,0.10623133182525635,0.00020824636158067733,0.960693359375,0.039306640625,2,725,170,0.09782524406909943,0.31168487668037415,0.31238237023353577,0.19985894858837128,0.14117183994749638,0.037710140868512564,0.103461699078984,0.48585457260309795
48,scratch,480,0.10825293511152267,0.00020824636158067733,0.95660400390625,0.04339599609375,2,727,179,0.09920350462198257,0.30773496627807617,0.3145323693752289,0.20554512739181519,0.13712813580132632,0.033141850800582615,0.10398628500074414,0.4303853886533443
48,scratch,500,0.10770852863788605,0.00020824636158067733,0.9564208984375,0.0435791015625,2,722,185,0.0986657366156578,0.3061690032482147,0.3138006925582886,0.2087903916835785,0.13248402132085602,0.03294700646568761,0.09953701485516894,0.405794386083694
48,scratch,520,0.10786275565624237,0.00020824636158067733,0.95440673828125,0.04559326171875,2,719,193,0.09855538606643677,0.3026945888996124,0.3135894238948822,0.2114046961069107,0.1285501491882357,0.030856116029435658,0.09769403315880026,0.3800931969537896
48,scratch,540,0.1079108864068985,0.00020824636158067733,0.953857421875,0.046142578125,2,724,191,0.09856415539979935,0.3011263310909271,0.3135456144809723,0.2131873369216919,0.1246487274591388,0.03030222266755834,0.09434650479158074,0.3673742932817231
48,scratch,560,0.10903027653694153,0.00020824636158067733,0.951416015625,0.048583984375,2,722,197,0.0992065966129303,0.3014066815376282,0.3144511580467224,0.22047509253025055,0.12010853460815696,0.027922372079175688,0.0921861625289815,0.3271714754312097
48,scratch,580,0.11038605123758316,0.00020824636158067733,0.94842529296875,0.05157470703125,2,727,214,0.10015007853507996,0.29861894249916077,0.31610384583473206,0.22593660652637482,0.11647371403960705,0.025182248034951393,0.0912914660046558,0.2822947914912629
48,scratch,600,0.10878316313028336,0.00020824636158067733,0.9478759765625,0.0521240234375,2,714,218,0.09853328764438629,0.2951774597167969,0.3134205639362335,0.22720655798912048,0.11219426521420672,0.024699143295777222,0.08749512191842998,0.2704446987129313
48,scratch,620,0.11010810732841492,0.00020824636158067733,0.9434814453125,0.0565185546875,2,724,234,0.0990092009305954,0.295385479927063,0.31431084871292114,0.23679634928703308,0.10795881665472251,0.02104927162226926,0.08690954503245335,0.25032247169405764
48,scratch,640,0.11074385046958923,0.00020824636158067733,0.9403076171875,0.0596923828125,2,724,242,0.09908796846866608,0.29435357451438904,0.3144569993019104,0.24410845339298248,0.10393005010046608,0.018640185731710286,0.08528986436875609,0.23313215684288024
48,scratch,660,0.11120837926864624,0.00020824636158067733,0.93792724609375,0.06207275390625,2,727,247,0.09920080751180649,0.29264435172080994,0.3147440552711487,0.2502501308917999,0.10077845593769297,0.01695167652952305,0.08382677940817015,0.22023766146707657
48,scratch,680,0.11178973317146301,0.00020824636158067733,0.93499755859375,0.06500244140625,2,730,251,0.09942637383937836,0.2896248400211334,0.3150128424167633,0.25524377822875977,0.0977413785338328,0.015006786699986986,0.0827345918338461,0.22069881726315088
48,scratch,700,0.11276362836360931,0.00020824636158067733,0.93231201171875,0.06768798828125,2,734,255,0.0999835878610611,0.2887917459011078,0.3158426284790039,0.2596396207809448,0.09465606777376223,0.013348211646934394,0.08130785612682798,0.2102418166189136
48,scratch,720,0.11364052444696426,0.00020824636158067733,0.93194580078125,0.06805419921875,2,737,278,0.10073544085025787,0.2903650104999542,0.31703484058380127,0.2646283209323883,0.09190901604306845,0.013130992868335085,0.07877802317473356,0.17450288289659965
48,scratch,740,0.1116812527179718,0.00020824636158067733,0.932373046875,0.067626953125,2,728,273,0.09885364025831223,0.28853559494018555,0.31421926617622375,0.26552876830101013,0.08789619225790801,0.013384621101419025,0.07451157115648928,0.17079217286049697
48,scratch,760,0.11375433951616287,0.00020824636158067733,0.9283447265625,0.0716552734375,2,732,285,0.1001434251666069,0.29009342193603516,0.31610241532325745,0.27194008231163025,0.08636185542928132,0.011106026052623466,0.07525582937665805,0.15510826774083852
48,scratch,780,0.11394710838794708,0.00020824636158067733,0.92681884765625,0.07318115234375,2,736,294,0.10010658204555511,0.289233535528183,0.3162379264831543,0.2750205397605896,0.08273116139462644,0.010307332951359695,0.0724238284432672,0.14367135705219425
48,scratch,800,0.11369924247264862,0.00020824636158067733,0.92523193359375,0.07476806640625,2,736,295,0.09950850903987885,0.2893051505088806,0.31517475843429565,0.27729591727256775,0.08054383231574747,0.009513100283930924,0.0710307320318169,0.13782847061633674
48,scratch,820,0.11343346536159515,0.00020824636158067733,0.92437744140625,0.07562255859375,2,731,304,0.09904539585113525,0.2893068492412567,0.3143901228904724,0.27884525060653687,0.07875461626536406,0.009100560857618463,0.06965405540774589,0.13192141939475277
48,scratch,840,0.11387957632541656,0.00020824636158067733,0.9227294921875,0.0772705078125,2,734,312,0.09913800656795502,0.2899168133735657,0.3145850896835327,0.2818474769592285,0.07622259185955471,0.008334352931094205,0.06788823892846102,0.12087777423698297
48,scratch,860,0.114508256316185,0.00020824636158067733,0.9200439453125,0.0799560546875,2,738,317,0.09917441010475159,0.2909528613090515,0.3146747648715973,0.2857052683830261,0.07413222739779002,0.0071670062989338534,0.06696522109885653,0.11217635625620913
48,scratch,880,0.11415141075849533,0.00020824636158067733,0.91925048828125,0.08074951171875,2,734,323,0.09871283918619156,0.28990378975868225,0.3139481246471405,0.2869611978530884,0.07184300010413125,0.006841008590842433,0.06500199151328917,0.10863248917416511
48,scratch,900,0.11458688974380493,0.00020824636158067733,0.91912841796875,0.08087158203125,2,730,340,0.09897616505622864,0.29200711846351624,0.3143363893032074,0.28995198011398315,0.06874519564080828,0.006791609806654331,0.061953585834154286,0.09819610174713032
48,scratch,920,0.11414523422718048,0.00020824636158067733,0.91839599609375,0.08160400390625,2,732,340,0.09839670360088348,0.2913838028907776,0.3134904205799103,0.2908303141593933,0.06665086628782291,0.006499417344212111,0.06015144894361118,0.09262805304137599
48,scratch,940,0.11517642438411713,0.00020824636158067733,0.91619873046875,0.08380126953125,2,732,348,0.09907174110412598,0.2912488877773285,0.31450366973876953,0.2930840253829956,0.06490244947854507,0.005665556427455035,0.059236893051090464,0.0872336932891312
48,scratch,960,0.11496465653181076,0.00020824636158067733,0.91571044921875,0.08428955078125,2,730,349,0.09859217703342438,0.2928331792354584,0.313641756772995,0.29467150568962097,0.06263362158352237,0.005488846996510203,0.05714477458701244,0.081761975628292
48,scratch,980,0.11442658305168152,0.00020824636158067733,0.91485595703125,0.08514404296875,2,727,352,0.09787892550230026,0.2922278344631195,0.31258007884025574,0.2951818108558655,0.06163905934300118,0.005187028546460842,0.056452030796540605,0.07976922900820226
48,scratch,1000,0.11524906754493713,0.00020824636158067733,0.91387939453125,0.08612060546875,2,731,358,0.09840470552444458,0.29399508237838745,0.3134142756462097,0.29839053750038147,0.059442320046223074,0.004853566356286535,0.05458875368993711,0.07490680824525496
48,scratch,1020,0.11531300097703934,0.00020824636158067733,0.912353515625,0.087646484375,2,732,369,0.09809383004903793,0.29455554485321045,0.3129654824733734,0.3002207279205322,0.05773000389381622,0.004356744025006982,0.05337325986880952,0.07087713750774581
48,scratch,1040,0.11486923694610596,0.00020824636158067733,0.91192626953125,0.08807373046875,2,733,366,0.097550168633461,0.2941931188106537,0.3120550215244293,0.29999351501464844,0.056595956288951754,0.004222871389764758,0.052373084899187294,0.06906946666390011
48,scratch,1060,0.1150832399725914,0.00020824636158067733,0.91192626953125,0.08807373046875,2,734,382,0.09760653227567673,0.2960391938686371,0.3122744858264923,0.3026513159275055,0.055286519422956815,0.004222871389764758,0.051063648033192285,0.0657561255441078
48,scratch,1080,0.11513848602771759,0.00020824636158067733,0.90966796875,0.09033203125,2,735,382,0.09730563312768936,0.2947201132774353,0.31169238686561584,0.3020378053188324,0.054555551477101005,0.0035527810049661816,0.051002770472135014,0.06314674720601486
48,scratch,1100,0.11512608081102371,0.00020824636158067733,0.90838623046875,0.09161376953125,2,733,390,0.09696466475725174,0.29520365595817566,0.31119418144226074,0.3030891418457031,0.0535592962231064,0.0032001601775189167,0.050359136045587734,0.06022905317626735
48,scratch,1120,0.11547913402318954,0.00020824636158067733,0.9083251953125,0.0916748046875,2,736,390,0.09720670431852341,0.29652464389801025,0.31147608160972595,0.30400869250297546,0.052027971080683244,0.0031838630939759506,0.048844107986707574,0.05819660655947244
48,scratch,1140,0.11579834669828415,0.00020824636158067733,0.90679931640625,0.09320068359375,2,738,401,0.09719397872686386,0.296810120344162,0.311473548412323,0.30531421303749084,0.051043535448847877,0.0027909065502335073,0.04825262889861467,0.055525030636313186
48,scratch,1160,0.11534955352544785,0.00020824636158067733,0.90753173828125,0.09246826171875,2,742,393,0.0968615934252739,0.29680001735687256,0.3110509216785431,0.30588608980178833,0.04996756073597197,0.002976062387990669,0.046991498347981796,0.05404843453402007
48,scratch,1180,0.11613272875547409,0.00020824636158067733,0.90618896484375,0.09381103515625,2,746,410,0.09706816077232361,0.3002912402153015,0.31126224994659424,0.3099094331264496,0.04888904386898929,0.002641460625989557,0.04624758324299988,0.052256915835864656
48,scratch,1200,0.11590109765529633,0.00020824636158067733,0.9049072265625,0.0950927734375,2,742,406,0.0967598706483841,0.2980498969554901,0.31083351373672485,0.30904096364974976,0.04739653279175826,0.002341857884175319,0.04505467490758317,0.05057795663128216
48,scratch,1220,0.11543910950422287,0.00020824636158067733,0.90594482421875,0.09405517578125,2,738,409,0.09649550914764404,0.29790496826171875,0.3104093670845032,0.3080478310585022,0.0463334144413281,0.0025829106961375026,0.04375050374519078,0.05019235737676807
48,scratch,1240,0.11516189575195312,0.00020824636158067733,0.90618896484375,0.09381103515625,2,738,395,0.09639197587966919,0.29647424817085266,0.3102802634239197,0.3072979748249054,0.046131263462307004,0.002641460625989557,0.043489802836317606,0.04926547122272039
48,scratch,1260,0.11463978886604309,0.00020824636158067733,0.90606689453125,0.09393310546875,2,736,405,0.09571189433336258,0.2972157299518585,0.30909380316734314,0.3076881766319275,0.04470922060936999,0.002612098120107577,0.04209712248926273,0.048640423666479346
48,scratch,1280,0.11483185738325119,0.00020824636158067733,0.90478515625,0.09521484375,2,734,410,0.09566187113523483,0.29699593782424927,0.30912622809410095,0.3079891800880432,0.04405086826664473,0.002314323655233215,0.04173654461141171,0.047363018603614346
48,scratch,1300,0.11499635130167007,0.00020824636158067733,0.9058837890625,0.0941162109375,2,740,409,0.09606233984231949,0.2972392737865448,0.3097279965877533,0.30850040912628174,0.04377686084699661,0.0025683825762012995,0.04120847827079559,0.046383836045829394
48,scratch,1320,0.11548202484846115,0.00020824636158067733,0.9041748046875,0.0958251953125,2,740,410,0.09598349779844284,0.2994635999202728,0.3096112310886383,0.31112807989120483,0.04210591198425817,0.0021792431008287143,0.039926668883429633,0.04459302467989344
48,scratch,1340,0.11633513122797012,0.00020824636158067733,0.9024658203125,0.0975341796875,2,744,421,0.09656141698360443,0.29929766058921814,0.3104926347732544,0.3109123706817627,0.04109104795571028,0.0018238141036462235,0.039267233852064265,0.043179275061670505
48,scratch,1360,0.1146719753742218,0.00020824636158067733,0.904052734375,0.095947265625,2,741,418,0.09513695538043976,0.2987385392189026,0.30826184153556824,0.31059959530830383,0.0401300419005608,0.002152743728029965,0.037977298172531156,0.04329090422219904
48,scratch,1380,0.11515012383460999,0.00020824636158067733,0.90240478515625,0.09759521484375,2,737,413,0.09539160877466202,0.2978452742099762,0.3086729943752289,0.310577392578125,0.03979746300392861,0.0018117369992602314,0.037985726004668506,0.04197552379013812
48,scratch,1400,0.11439468711614609,0.00020824636158067733,0.9034423828125,0.0965576171875,2,738,417,0.09490115195512772,0.29678621888160706,0.3078937828540802,0.3089732229709625,0.0382701327987931,0.0020228197953862034,0.03624731300340707,0.04205754974941099
48,scratch,1420,0.11434374749660492,0.00020824636158067733,0.90277099609375,0.09722900390625,2,737,419,0.09472254663705826,0.2965266704559326,0.3076033592224121,0.30890974402427673,0.03870208002336284,0.0018848349380800704,0.0368172450852831,0.04175342107304912
48,scratch,1440,0.11495278775691986,0.00020824636158067733,0.902099609375,0.097900390625,2,740,417,0.09492436051368713,0.29950395226478577,0.30789145827293396,0.3123708963394165,0.03706866062639591,0.001751985491420624,0.035316675134975425,0.04077143152357619
48,scratch,1460,0.11532825231552124,0.00020824636158067733,0.90142822265625,0.09857177734375,2,737,428,0.09535089880228043,0.2980189025402069,0.30861496925354004,0.3112623691558838,0.036791937633829264,0.001624240032791064,0.035167697601038536,0.03945371074336888
48,scratch,1480,0.11508136987686157,0.00020824636158067733,0.9007568359375,0.0992431640625,2,743,427,0.09495029598474503,0.29779621958732605,0.30787163972854614,0.31068313121795654,0.03634165127441946,0.0015015675732477224,0.03484008370117204,0.03930968164172098
48,scratch,1500,0.11507714539766312,0.00020824636158067733,0.90087890625,0.09912109375,2,742,427,0.0948835089802742,0.2986103892326355,0.30782750248908997,0.3114255368709564,0.03579922277349823,0.0015234957096783401,0.03427572706382022,0.03871483713850919
48,scratch,1520,0.11488074064254761,0.00020824636158067733,0.90142822265625,0.09857177734375,2,745,429,0.09485569596290588,0.2980075478553772,0.3078051507472992,0.3105539083480835,0.034967591368335604,0.001624240032791064,0.03334335133554478,0.03817653437840361
48,scratch,1540,0.11437827348709106,0.00020824636158067733,0.90155029296875,0.09844970703125,2,741,423,0.09436056017875671,0.29768985509872437,0.30688831210136414,0.3102104365825653,0.03555868753465319,0.0016470882469978125,0.03391159928765589,0.038608695927218814
48,scratch,1560,0.1143534928560257,0.00020824636158067733,0.90106201171875,0.09893798828125,2,739,425,0.09431108087301254,0.2968865633010864,0.3069124221801758,0.3098623752593994,0.03452566290871317,0.0015567008595858585,0.03296896204912756,0.03781998505405225
48,scratch,1580,0.11408928036689758,0.00020824636158067733,0.90283203125,0.09716796875,2,738,423,0.0943097323179245,0.29787012934684753,0.30696237087249756,0.3103836178779602,0.03413487335711096,0.0018971663333500824,0.03223770702376129,0.03807389606776722
48,scratch,1600,0.114250048995018,0.00020824636158067733,0.90142822265625,0.09857177734375,2,744,426,0.09427646547555923,0.29690635204315186,0.3068745732307434,0.30979907512664795,0.03330327521762655,0.001624240032791064,0.031679035184835815,0.036828960715179146
48,scratch,1620,0.11541521549224854,0.00020824636158067733,0.8980712890625,0.1019287109375,2,745,424,0.09476581960916519,0.2973524034023285,0.30762118101119995,0.3110845983028412,0.03470914704376327,0.0010610026400108292,0.03364814440375276,0.035761245200087596
48,scratch,1640,0.11461618542671204,0.00020824636158067733,0.8988037109375,0.1011962890625,2,745,418,0.09410624951124191,0.29678091406822205,0.3065344989299774,0.30989736318588257,0.03370447353591288,0.0011732645230811533,0.03253120901283223,0.035641181451178436
48,scratch,1660,0.1142687201499939,0.00020824636158067733,0.900146484375,0.099853515625,2,741,429,0.0939330905675888,0.29758772253990173,0.3062577247619629,0.3101145625114441,0.032664819533970046,0.0013944236179566794,0.03127039591601389,0.03590063731212011
48,scratch,1680,0.11431385576725006,0.00020824636158067733,0.90087890625,0.09912109375,2,744,431,0.09403471648693085,0.2986242473125458,0.3064223825931549,0.3112761080265045,0.03175172672563775,0.0015234957096783401,0.03022823101595979,0.03578580763973603
48,scratch,1700,0.11536291241645813,0.00020824636158067733,0.89849853515625,0.10150146484375,2,743,436,0.09465460479259491,0.29867446422576904,0.3073577284812927,0.31195950508117676,0.03190107107439388,0.001125774151743678,0.03077529692265058,0.0348461087426085
48,scratch,1720,0.11462630331516266,0.00020824636158067733,0.89874267578125,0.10125732421875,2,739,436,0.09386344999074936,0.298913836479187,0.30614855885505676,0.31216931343078613,0.03168493229969016,0.0011636846218824257,0.030521247677808113,0.0346633372912447
48,scratch,1740,0.11460597068071365,0.00020824636158067733,0.89935302734375,0.10064697265625,2,743,436,0.09394184499979019,0.29925480484962463,0.3063354790210724,0.3124006688594818,0.03197377720498906,0.0012613293475944656,0.03071244785739482,0.03479471458671922
48,scratch,1760,0.11450546979904175,0.00020824636158067733,0.90045166015625,0.09954833984375,2,744,434,0.09414484351873398,0.2986747920513153,0.3066593408584595,0.31157827377319336,0.03175323182659184,0.0014474761066417298,0.030305755719950568,0.03492076760562211
48,scratch,1780,0.11448067426681519,0.00020824636158067733,0.89947509765625,0.10052490234375,2,743,430,0.09400519728660583,0.29769089818000793,0.3064548373222351,0.3108660876750946,0.030644657378438467,0.0012813514532457725,0.029363305925192987,0.033688846227273625
48,scratch,1800,0.11409205943346024,0.00020824636158067733,0.89990234375,0.10009765625,2,744,415,0.09390456974506378,0.29558265209198,0.3062135875225067,0.30844202637672424,0.03166354086425116,0.001352727792659797,0.03031081307159172,0.034069489281359874
48,scratch,1820,0.1141466274857521,0.00020824636158067733,0.89862060546875,0.10137939453125,2,735,430,0.09357897937297821,0.29645705223083496,0.3056613504886627,0.30919480323791504,0.030417735976520532,0.0011446476036042815,0.029273088372916416,0.0331608164281033
48,scratch,1840,0.11488988995552063,0.00020824636158067733,0.89776611328125,0.10223388671875,2,735,426,0.09417825192213058,0.29676902294158936,0.3067054748535156,0.30994030833244324,0.030687849976679615,0.0010159585920711256,0.02967189138460875,0.032393644957887754
48,scratch,1860,0.11514919251203537,0.00020824636158067733,0.8970947265625,0.1029052734375,2,740,440,0.09409772604703903,0.29866909980773926,0.3065459132194519,0.31248676776885986,0.030169129376012904,0.0009204297048472417,0.029248699671165966,0.03209671188346418
48,scratch,1880,0.11438345164060593,0.00020824636158067733,0.89794921875,0.10205078125,2,727,428,0.09364787489175797,0.29683664441108704,0.30584198236465454,0.3099737763404846,0.03137452255105444,0.0010428630835054142,0.03033165946754931,0.03261304117153939
48,scratch,1900,0.11477015167474747,0.00020824636158067733,0.89727783203125,0.10272216796875,2,734,436,0.09374929964542389,0.2983872890472412,0.3059628903865814,0.3113579750061035,0.02967306894861821,0.0009459976016419208,0.02872707134697649,0.03180399684174061
48,scratch,1920,0.11530400067567825,0.00020824636158067733,0.896484375,0.103515625,2,741,437,0.09423565864562988,0.2977639138698578,0.30673718452453613,0.31082883477211,0.029117634145954696,0.000837823174883838,0.02827981097107128,0.03122323315732954
48,scratch,1940,0.11460742354393005,0.00020824636158067733,0.8970947265625,0.1029052734375,2,734,434,0.09367934614419937,0.2970515489578247,0.30582156777381897,0.30961576104164124,0.029018830537829388,0.0009204297048472417,0.028098400832982408,0.03128857143860385
48,scratch,1960,0.11538329720497131,0.00020824636158067733,0.89666748046875,0.10333251953125,2,736,446,0.09418276697397232,0.2993508279323578,0.30656760931015015,0.311926007270813,0.029310916642138807,0.0008621826751003831,0.028448733967038932,0.03180903513679821
48,scratch,1980,0.11512470990419388,0.00020824636158067733,0.89617919921875,0.10382080078125,2,735,441,0.09399393945932388,0.2975251376628876,0.3063177168369293,0.3106500208377838,0.02862537074252458,0.0007980265925725642,0.027827344149952155,0.030538524574917555
48,scratch,2000,0.11463584005832672,0.00020824636158067733,0.8966064453125,0.1033935546875,2,737,433,0.09369883686304092,0.29619690775871277,0.30589255690574646,0.3091861307621002,0.028550239469772976,0.0008540226636076752,0.02769621680616574,0.030490195881834534
48,mle,0,0.8664990067481995,0.00020824636158067733,0.6500244140625,0.3499755859375,2,1340,1085,0.7984694242477417,0.9928531646728516,0.7597692608833313,0.7218818068504333,6.405226348470755,0.18564880012442064,6.219577548346335,1.3635114988512622
48,mle,100,0.12492027878761292,0.00020824636158067733,0.87554931640625,0.12445068359375,2,734,421,0.10080573707818985,0.29457345604896545,0.31715482473373413,0.30180713534355164,0.06228504872415641,0.000306885715053511,0.06197816300910323,0.058870240654182435
48,mle,200,0.126485213637352,0.00020824636158067733,0.8695068359375,0.1304931640625,2,744,471,0.10001432150602341,0.30286699533462524,0.3138805627822876,0.3180777132511139,0.05470130037866028,0.0009299843645876327,0.05377131601407299,0.03962290079038665
48,mle,300,0.12544973194599152,0.00020824636158067733,0.87799072265625,0.12200927734375,2,768,508,0.09991157054901123,0.3092248737812042,0.3131397068500519,0.32550716400146484,0.044841132629521496,0.00014941102227473014,0.04469172160724702,0.037029457185094525
48,mle,400,0.11913813650608063,0.00020824636158067733,0.8822021484375,0.1177978515625,2,739,453,0.09457520395517349,0.3030928373336792,0.3072105944156647,0.3188192844390869,0.041500433879996024,9.103712876214112e-06,0.04149133016712024,0.02981389813180156
48,mle,500,0.11966077983379364,0.00020824636158067733,0.88226318359375,0.11773681640625,2,754,480,0.09537122398614883,0.3016749322414398,0.3079915940761566,0.3168341815471649,0.026019627705686332,8.312384423556042e-06,0.02601131532126298,0.020473299199916237
48,mle,600,0.11993627995252609,0.00020824636158067733,0.87921142578125,0.12078857421875,2,752,481,0.09521128982305527,0.29990771412849426,0.30825650691986084,0.3158397376537323,0.02394040057770752,9.148015990217018e-05,0.023848920417805633,0.017294977327078395
48,mle,700,0.11899039894342422,0.00020824636158067733,0.877685546875,0.122314453125,2,743,487,0.09375497698783875,0.30007097125053406,0.3056686520576477,0.31621432304382324,0.025739301975413298,0.00016607193347879454,0.02557323004193485,0.018374673608600442
48,mle,800,0.118705153465271,0.00020824636158067733,0.88165283203125,0.11834716796875,2,751,474,0.0947878435254097,0.2968823313713074,0.3076431155204773,0.3109084963798523,0.021168350122756863,1.783686414702306e-05,0.021150513258610112,0.015748328537706566
48,mle,900,0.11930439621210098,0.00020824636158067733,0.87896728515625,0.12103271484375,2,752,478,0.09478489309549332,0.29737067222595215,0.3067605495452881,0.31089410185813904,0.024730145357175104,0.00010194771409242822,0.02462819764308298,0.01906139701281516
48,mle,1000,0.1216011494398117,0.00020824636158067733,0.877197265625,0.122802734375,2,765,471,0.0970478281378746,0.2969890534877777,0.3110004961490631,0.3113430142402649,0.022778791539899146,0.00019453307752893053,0.02258425846237061,0.016492921103458666
48,mle,1100,0.11865025013685226,0.00020824636158067733,0.88043212890625,0.11956787109375,2,755,480,0.09421015530824661,0.2986137270927429,0.30692681670188904,0.31389516592025757,0.018564315418920785,4.7580905786756555e-05,0.01851673451313441,0.015454411711511948
48,mle,1200,0.11645107716321945,0.00020824636158067733,0.88262939453125,0.11737060546875,2,720,478,0.09192746132612228,0.3008692264556885,0.3031473159790039,0.31594911217689514,0.028407222253740372,4.3181068113155516e-06,0.028402904146929406,0.023212748209739384
48,mle,1300,0.11499869078397751,0.00020824636158067733,0.88812255859375,0.11187744140625,2,720,464,0.09212124347686768,0.2966078817844391,0.3028714954853058,0.3084254860877991,0.024651483407801322,0.0001017616909553291,0.02454972171684626,0.023746340100155958
48,mle,1400,0.11811710149049759,0.00020824636158067733,0.88250732421875,0.11749267578125,2,754,471,0.09448391944169998,0.29562997817993164,0.3064764440059662,0.3071253299713135,0.01986191088217737,5.505864430475817e-06,0.01985640501774731,0.016356908520942834
48,mle,1500,0.11748933792114258,0.00020824636158067733,0.88525390625,0.11474609375,2,766,467,0.09464018791913986,0.29376810789108276,0.3071674704551697,0.30495211482048035,0.017596901169603996,1.3789700592723103e-05,0.01758311146901176,0.014997979605363962
48,mle,1600,0.1160329207777977,0.00020824636158067733,0.8812255859375,0.1187744140625,2,730,470,0.09196164458990097,0.29462549090385437,0.3031987249851227,0.30634844303131104,0.017025779424152176,2.662928323709894e-05,0.016999150140915298,0.01453706559663713
48,mle,1700,0.11756964027881622,0.00020824636158067733,0.88983154296875,0.11016845703125,2,748,479,0.09497487545013428,0.30006787180900574,0.30802881717681885,0.31006956100463867,0.024146212174677828,0.00019342168485068315,0.02395279048982744,0.023286116747153737
48,mle,1800,0.1205710843205452,0.00020824636158067733,0.88665771484375,0.11334228515625,2,772,491,0.09753976762294769,0.30074119567871094,0.31205594539642334,0.3169184625148773,0.020576567084212627,4.660690430162515e-05,0.02052996017991142,0.015548890886971076
48,mle,1900,0.12019122391939163,0.00020824636158067733,0.885009765625,0.114990234375,2,768,486,0.0970548465847969,0.2982579171657562,0.3099764883518219,0.3111025393009186,0.02666568197019359,1.0068583476220477e-05,0.026655613386717705,0.024390506544700638
48,mle,2000,0.11991088092327118,0.00020824636158067733,0.87774658203125,0.12225341796875,2,744,476,0.09564816206693649,0.2941107153892517,0.30840498208999634,0.3063777983188629,0.02428486531498919,0.00016267028932341002,0.024122195025666086,0.018680202295622603
48,mle,2100,0.11367134004831314,0.00020824636158067733,0.883544921875,0.116455078125,2,734,460,0.09039574861526489,0.290263295173645,0.30047309398651123,0.3004032075405121,0.015860335480105903,3.847674695552756e-09,0.015860331632431498,0.013882850719933212
48,mle,2200,0.11810328811407089,0.00020824636158067733,0.88116455078125,0.11883544921875,2,758,458,0.09490418434143066,0.2901245355606079,0.3076530992984772,0.29990100860595703,0.017568292009677577,2.8027837199422548e-05,0.0175402641724784,0.014614863278661669
48,mle,2300,0.11999144405126572,0.00020824636158067733,0.88287353515625,0.11712646484375,2,763,477,0.09659456461668015,0.29635190963745117,0.31026262044906616,0.30943626165390015,0.017370394359026875,2.3742441758745894e-06,0.01736802011485117,0.015046002846470383
48,mle,2400,0.1145203560590744,0.00020824636158067733,0.88458251953125,0.11541748046875,2,729,481,0.09102318435907364,0.2946074903011322,0.301171213388443,0.3042827248573303,0.019849658838943185,4.965307018767835e-06,0.019844693531924605,0.02038462745371815
48,mle,2500,0.11553826928138733,0.00020824636158067733,0.87646484375,0.12353515625,2,735,450,0.09057570993900299,0.292644202709198,0.30023103952407837,0.29991403222084045,0.02521519393558691,0.00024137233029978156,0.024973821605287355,0.022926452694487107
48,mle,2600,0.1192525252699852,0.00020824636158067733,0.87664794921875,0.12335205078125,2,745,476,0.09481455385684967,0.2929301857948303,0.306606650352478,0.3046722412109375,0.02278980959891186,0.00022919704632156073,0.022560612552590616,0.019039583691887838
48,mle,2700,0.11852534860372543,0.00020824636158067733,0.8802490234375,0.1197509765625,2,746,460,0.09481757879257202,0.29279327392578125,0.30762550234794617,0.30440810322761536,0.015846539249473324,5.326644874281477e-05,0.015793272800730656,0.012380611341764033
48,mle,2800,0.11390025168657303,0.00020824636158067733,0.88330078125,0.11669921875,2,738,454,0.09052664041519165,0.29081597924232483,0.3008701503276825,0.3006742000579834,0.016684207713119292,3.600842914774742e-07,0.01668384762882807,0.013783491239560117
48,mle,2900,0.12185390293598175,0.00020824636158067733,0.876953125,0.123046875,2,767,478,0.09744402021169662,0.29582276940345764,0.3118865191936493,0.3092227578163147,0.014430049411025436,0.00020959410101668591,0.01422045531000921,0.012294427179990616
48,mle,3000,0.11710962653160095,0.00020824636158067733,0.88201904296875,0.11798095703125,2,756,465,0.09371648728847504,0.2919953167438507,0.3055771291255951,0.3032175302505493,0.014046034961943121,1.169271682343459e-05,0.014034342245119945,0.012976972780274973
48,mle,3100,0.11727266013622284,0.00020824636158067733,0.8778076171875,0.1221923828125,2,741,480,0.09269010275602341,0.293869286775589,0.3031744360923767,0.30630049109458923,0.021123053866908492,0.00015930336119208098,0.02096375050571667,0.017646712143000495
48,mle,3200,0.11956322938203812,0.00020824636158067733,0.879638671875,0.120361328125,2,762,490,0.09514093399047852,0.29804909229278564,0.3080105781555176,0.30989697575569153,0.01584664285547177,7.451305264871439e-05,0.015772129802823408,0.014662650866052881
48,mle,3300,0.11967668682336807,0.00020824636158067733,0.883544921875,0.116455078125,2,765,472,0.0966452807188034,0.29441604018211365,0.31028950214385986,0.30625349283218384,0.016205633372742057,3.847674695552756e-09,0.016205629525067808,0.013922152809068375
48,mle,3400,0.11546704918146133,0.00020824636158067733,0.8818359375,0.1181640625,2,737,443,0.09187790006399155,0.2915084660053253,0.3029521405696869,0.2990803122520447,0.019627889786356434,1.4603911402492073e-05,0.019613285874954398,0.017475572343068943
48,mle,3500,0.11615556478500366,0.00020824636158067733,0.888916015625,0.111083984375,2,761,482,0.09351105242967606,0.29736143350601196,0.3054366707801819,0.30870509147644043,0.012228696578681308,0.00014063855901900579,0.012088058019662729,0.01267519077486666
48,mle,3600,0.11385475844144821,0.00020824636158067733,0.88751220703125,0.11248779296875,2,744,484,0.09033940732479095,0.2993873953819275,0.3002733588218689,0.3102549612522125,0.016965666335458707,7.617013067565907e-05,0.016889496204783392,0.01813664675978087
48,mle,3700,0.1148441880941391,0.00020824636158067733,0.88372802734375,0.11627197265625,2,735,454,0.09202410280704498,0.28828877210617065,0.30319130420684814,0.2965320348739624,0.011380575379739355,1.1676919338521178e-07,0.01138045861054636,0.013050502945811768
48,mle,3800,0.11855672299861908,0.00020824636158067733,0.88140869140625,0.11859130859375,2,758,473,0.0951462909579277,0.29255056381225586,0.3082960546016693,0.3041747510433197,0.014185300465037187,2.264723559233621e-05,0.014162653229445231,0.01117191426714724
48,mle,3900,0.11319199204444885,0.00020824636158067733,0.88067626953125,0.11932373046875,2,733,440,0.08988020569086075,0.2852461338043213,0.2993090748786926,0.2916657626628876,0.014475894310457704,4.049567978297794e-05,0.014435398630674954,0.014390840443634242
48,mle,4000,0.11438468098640442,0.00020824636158067733,0.882568359375,0.117431640625,2,741,473,0.09064266830682755,0.2928199768066406,0.3010520339012146,0.30427640676498413,0.011970770746124515,4.894013610506464e-06,0.011965876732514166,0.010932549617104978
48,mle,4100,0.11656433343887329,0.00020824636158067733,0.88519287109375,0.11480712890625,2,751,476,0.09293460100889206,0.2987557053565979,0.3046574592590332,0.30757689476013184,0.017562872720013445,1.2804453208918251e-05,0.017550068266804816,0.018556547235898488
48,mle,4200,0.11667419970035553,0.00020824636158067733,0.8822021484375,0.1177978515625,2,751,466,0.09327004849910736,0.29195070266723633,0.3052128553390503,0.3022480607032776,0.014227468110043162,9.103712876214112e-06,0.014218364397167081,0.01255021824294543
48,mle,4300,0.11542168259620667,0.00020824636158067733,0.879638671875,0.120361328125,2,744,475,0.09117615967988968,0.2926156520843506,0.301930695772171,0.3035087287425995,0.01177665619325552,7.451305264871439e-05,0.011702143140607128,0.011333603463976924
48,mle,4400,0.11725366860628128,0.00020824636158067733,0.87640380859375,0.12359619140625,2,741,468,0.09253542870283127,0.2925274074077606,0.3038659989833832,0.3025062084197998,0.016761151325049184,0.0002454995899179042,0.016515651735131476,0.01379544975611223
48,mle,4500,0.11596057564020157,0.00020824636158067733,0.88360595703125,0.11639404296875,2,751,480,0.09230677038431168,0.2955286204814911,0.30339762568473816,0.3086399734020233,0.014557846069514824,5.260820317814748e-09,0.014557840808694548,0.014119983433597535
48,mle,4600,0.1152074784040451,0.00020824636158067733,0.88153076171875,0.11846923828125,2,747,458,0.0918034017086029,0.2893575131893158,0.3028658628463745,0.2988780736923218,0.01164098513327616,2.0170707567902617e-05,0.011620814425708479,0.011303914879358654
48,mle,4700,0.1164301261305809,0.00020824636158067733,0.88140869140625,0.11859130859375,2,745,468,0.09290638566017151,0.29126614332199097,0.3045676648616791,0.30022385716438293,0.01508120877479513,2.264723559233621e-05,0.0150585615392031,0.013400106379090157
48,mle,4800,0.11458941549062729,0.00020824636158067733,0.88128662109375,0.11871337890625,2,742,457,0.09120722860097885,0.2881707549095154,0.30195367336273193,0.295626699924469,0.012926984881055148,2.5266321090465765e-05,0.012901718559964956,0.012425660506091826
48,mle,4900,0.11853985488414764,0.00020824636158067733,0.87945556640625,0.12054443359375,2,758,482,0.094387486577034,0.2947481572628021,0.3069334924221039,0.30761435627937317,0.012065665149570748,8.157386195699595e-05,0.011984091287613997,0.010995298108578008
48,mle,5000,0.11716163158416748,0.00020824636158067733,0.880859375,0.119140625,2,752,482,0.09311825037002563,0.2949250042438507,0.3049195408821106,0.3077464997768402,0.01135902705282632,3.555393125569692e-05,0.01132347312157093,0.009266609690935165
48,warm,0,0.11716163158416748,0.00020824636158067733,0.880859375,0.119140625,2,752,482,0.09311825037002563,0.2949250042438507,0.3049195408821106,0.3077464997768402,0.01135902705282632,3.555393125569692e-05,0.01132347312157093,0.009266609690935165
48,warm,20,0.11457815766334534,0.00020824636158067733,0.884033203125,0.115966796875,2,749,452,0.09168738126754761,0.2890782356262207,0.30263692140579224,0.29842060804367065,0.009421511837722107,1.030290218628218e-06,0.009420481547503906,0.008319565081587807
48,warm,40,0.1148822009563446,0.00020824636158067733,0.88330078125,0.11669921875,2,752,461,0.09186095744371414,0.2891308069229126,0.30286335945129395,0.298319011926651,0.0092143684494701,3.600842914774742e-07,0.00921400836517889,0.008221270932376665
48,warm,60,0.11458375304937363,0.00020824636158067733,0.8834228515625,0.1165771484375,2,746,452,0.09169671684503555,0.2880220115184784,0.3026183247566223,0.29667770862579346,0.008971169540750168,1.0962104808715195e-07,0.008971059919702302,0.008342076821686514
48,warm,80,0.11371560394763947,0.00020824636158067733,0.88372802734375,0.11627197265625,2,741,457,0.09058912098407745,0.2894890606403351,0.3008626401424408,0.29907703399658203,0.008882150604044625,1.1676919338521178e-07,0.008882033834851501,0.007792969410043024
48,warm,100,0.11445821821689606,0.00020824636158067733,0.88299560546875,0.11700439453125,2,743,459,0.0913173258304596,0.28909528255462646,0.3020591735839844,0.29838451743125916,0.008364581514619829,1.6183991253845408e-06,0.008362963115494637,0.007749130644920096
48,warm,120,0.11353715509176254,0.00020824636158067733,0.8837890625,0.1162109375,2,738,452,0.09060393273830414,0.2879452407360077,0.30083397030830383,0.2965090274810791,0.009139333863281252,2.268974402916033e-07,0.009139106965841219,0.008414780074640457
48,warm,140,0.11434052884578705,0.00020824636158067733,0.88348388671875,0.11651611328125,2,746,458,0.09129004180431366,0.2891208827495575,0.30205783247947693,0.2984401285648346,0.008364793408695448,3.8639905732760745e-08,0.008364754768789832,0.007941056291424484
48,warm,160,0.11438804119825363,0.00020824636158067733,0.88360595703125,0.11639404296875,2,744,465,0.09121956676244736,0.2902716398239136,0.30188891291618347,0.29990822076797485,0.008590309684954889,5.260820317814748e-09,0.00859030442413463,0.00798223282003617
48,warm,180,0.11376485228538513,0.00020824636158067733,0.8834228515625,0.1165771484375,2,738,460,0.09047738462686539,0.2902374863624573,0.3006533086299896,0.2997310161590576,0.008394533721734376,1.0962104808715195e-07,0.00839442410068645,0.0083081802524657
48,warm,200,0.11448067426681519,0.00020824636158067733,0.88427734375,0.11572265625,2,741,462,0.09154096990823746,0.2897709608078003,0.3024066984653473,0.2991062104701996,0.00812968867904118,2.4150871767717385e-06,0.008127273591864685,0.008441873368833494
48,warm,220,0.1139892041683197,0.00020824636158067733,0.88470458984375,0.11529541015625,2,743,471,0.09094420075416565,0.2908220887184143,0.30146342515945435,0.3008711636066437,0.008527512444565843,6.240693780300158e-06,0.008521271750785687,0.008016545741379541
48,warm,240,0.11414709687232971,0.00020824636158067733,0.8861083984375,0.1138916015625,2,740,464,0.09141691029071808,0.2909943759441376,0.302189439535141,0.30106762051582336,0.008232926226632742,3.144165414372844e-05,0.008201484572489218,0.007887022352629156
48,warm,260,0.11437568813562393,0.00020824636158067733,0.88427734375,0.11572265625,2,743,458,0.09155621379613876,0.28874731063842773,0.302412748336792,0.2976076304912567,0.008493454192652905,2.4150871767717385e-06,0.008491039105476465,0.007985321384007857
48,warm,280,0.11416225880384445,0.00020824636158067733,0.88421630859375,0.11578369140625,2,740,453,0.09130078554153442,0.28875067830085754,0.3020188510417938,0.2977748215198517,0.008037671560309434,2.0143230913347715e-06,0.00803565723721842,0.007948077794248984
48,warm,300,0.11394806951284409,0.00020824636158067733,0.8836669921875,0.1163330078125,2,737,459,0.09082647413015366,0.2895798981189728,0.3012884557247162,0.2990349233150482,0.007592157086769191,4.289582626115036e-08,0.007592114190943097,0.007823896944723838
48,warm,320,0.11531353741884232,0.00020824636158067733,0.88397216796875,0.11602783203125,2,747,464,0.09229063242673874,0.290716290473938,0.3036276400089264,0.30091604590415955,0.007797803115686008,7.749769118839509e-07,0.007797028138774525,0.007636263203717117
48,warm,340,0.1135755255818367,0.00020824636158067733,0.884521484375,0.115478515625,2,739,457,0.0906326025724411,0.28930962085723877,0.30087894201278687,0.29848581552505493,0.008008021578284286,4.382354048857546e-06,0.00800363922423569,0.008296054316128884
48,warm,360,0.11448711156845093,0.00020824636158067733,0.88446044921875,0.11553955078125,2,738,459,0.0917123332619667,0.28882908821105957,0.302651047706604,0.2977966070175171,0.007744249037209272,3.835872321578679e-06,0.007740413164888153,0.008001007584648487
48,warm,380,0.1139935553073883,0.00020824636158067733,0.8843994140625,0.1156005859375,2,742,455,0.09133343398571014,0.2873542606830597,0.30210161209106445,0.29543089866638184,0.007883907867658024,3.325845086035533e-06,0.007880582022572254,0.008082913032235392
48,warm,400,0.11395741254091263,0.00020824636158067733,0.885009765625,0.114990234375,2,742,459,0.09136216342449188,0.2878592908382416,0.3021222949028015,0.29617172479629517,0.007591394962950915,1.0068583476220477e-05,0.0075813263794748086,0.008180326856058837
48,warm,420,0.1139799952507019,0.00020824636158067733,0.8848876953125,0.1151123046875,2,742,455,0.09121707081794739,0.28896236419677734,0.3018655478954315,0.29778197407722473,0.00785902161151597,8.427728054539053e-06,0.007850593883461588,0.00829244824239593
48,warm,440,0.11452727019786835,0.00020824636158067733,0.8851318359375,0.1148681640625,2,744,461,0.09183282405138016,0.2894023656845093,0.30293089151382446,0.2987857758998871,0.007527031474459989,1.1855862525988418e-05,0.00751517561193446,0.007893698181983363
48,warm,460,0.11352512985467911,0.00020824636158067733,0.88525390625,0.11474609375,2,744,452,0.09103183448314667,0.287058562040329,0.3016338646411896,0.29491740465164185,0.0069928991622916215,1.3789700592723103e-05,0.00697910946169938,0.007995908222478629
48,warm,480,0.11448973417282104,0.00020824636158067733,0.88482666015625,0.11517333984375,2,744,458,0.0918874591588974,0.2881331145763397,0.30300071835517883,0.2965550422668457,0.007415745586335731,7.66216697504758e-06,0.0074080834193608475,0.008143650594543014
48,warm,500,0.11349309235811234,0.00020824636158067733,0.88482666015625,0.11517333984375,2,740,455,0.09066607058048248,0.2888632118701935,0.30101150274276733,0.2977663576602936,0.00789494031123894,7.66216697504758e-06,0.007887278144264216,0.008350240125987493
48,warm,520,0.11384715139865875,0.00020824636158067733,0.88470458984375,0.11529541015625,2,740,454,0.09123585373163223,0.2873520851135254,0.30196794867515564,0.2953912317752838,0.007606876152571829,6.240693780300158e-06,0.007600635458791739,0.008007185505671241
48,warm,540,0.11374767869710922,0.00020824636158067733,0.8843994140625,0.1156005859375,2,742,453,0.09122283011674881,0.2860735356807709,0.30188897252082825,0.2933639585971832,0.007697936639310399,3.325845086035533e-06,0.007694610794224636,0.00819303909633616
48,warm,560,0.11485026776790619,0.00020824636158067733,0.88409423828125,0.11590576171875,2,747,454,0.09207797050476074,0.28855040669441223,0.30332908034324646,0.29735586047172546,0.00698269789136674,1.3219412643131114e-06,0.00698137595010275,0.0080630516542851
48,warm,580,0.1142045333981514,0.00020824636158067733,0.88397216796875,0.11602783203125,2,737,452,0.09133929014205933,0.2884061932563782,0.3020584285259247,0.2969963252544403,0.006761463279694624,7.749769118839509e-07,0.00676068830278305,0.008256269998350926
48,warm,600,0.1141500324010849,0.00020824636158067733,0.884521484375,0.115478515625,2,741,454,0.09148720651865005,0.2877386808395386,0.3023354709148407,0.2958284020423889,0.007168402568645149,4.382354048857546e-06,0.0071640202145966,0.008234672074872815
48,warm,620,0.11443057656288147,0.00020824636158067733,0.8839111328125,0.1160888671875,2,738,457,0.0916052758693695,0.2882244884967804,0.3025493621826172,0.29684481024742126,0.007217264054638406,5.559847367119972e-07,0.007216708069902016,0.007632235029855092
48,warm,640,0.11422508955001831,0.00020824636158067733,0.88372802734375,0.11627197265625,2,739,458,0.09132401645183563,0.2882852852344513,0.30205729603767395,0.2967594563961029,0.007736026684874275,1.1676919338521178e-07,0.007735909915681258,0.008581866285790038
48,warm,660,0.11354579031467438,0.00020824636158067733,0.884521484375,0.115478515625,2,738,453,0.0908728763461113,0.28721174597740173,0.30133894085884094,0.29512935876846313,0.007332124675308194,4.382354048857546e-06,0.007327742321259594,0.008401385400470626
48,warm,680,0.11452001333236694,0.00020824636158067733,0.88458251953125,0.11541748046875,2,741,455,0.09188500791788101,0.28799909353256226,0.30295509099960327,0.2964966595172882,0.0065258186085017655,4.965307018767835e-06,0.006520853301483211,0.00847212652410688
48,warm,700,0.11355357617139816,0.00020824636158067733,0.885009765625,0.114990234375,2,733,457,0.09089264273643494,0.287960946559906,0.3013782501220703,0.29624098539352417,0.007860029295265747,1.0068583476220477e-05,0.007849960711789684,0.008538511182673555
48,warm,720,0.11415611952543259,0.00020824636158067733,0.88470458984375,0.11529541015625,2,741,462,0.09144280105829239,0.2884439527988434,0.3022611141204834,0.2970193326473236,0.0069354586419692055,6.240693780300158e-06,0.006929217948189001,0.008461610640774761
48,warm,740,0.11451799422502518,0.00020824636158067733,0.88433837890625,0.11566162109375,2,743,459,0.09186484664678574,0.2877219021320343,0.30281221866607666,0.29593777656555176,0.0072616626392161265,2.852255609380144e-06,0.007258810383607069,0.008523013800408971
48,warm,760,0.11368751525878906,0.00020824636158067733,0.88409423828125,0.11590576171875,2,732,449,0.09093698114156723,0.287221759557724,0.30149322748184204,0.29526081681251526,0.00865678353221,1.3219412643131114e-06,0.00865546159094601,0.00833922386777429
48,warm,780,0.11369159072637558,0.00020824636158067733,0.88397216796875,0.11602783203125,2,735,453,0.09080808609724045,0.2880324125289917,0.301262766122818,0.2966392934322357,0.007543104865185057,7.749769118839509e-07,0.007542329888273528,0.008116430938794092
48,warm,800,0.11420926451683044,0.00020824636158067733,0.8837890625,0.1162109375,2,735,457,0.09133297204971313,0.2881845533847809,0.30206528306007385,0.2967741787433624,0.006895043516855992,2.268974402916033e-07,0.006894816619415859,0.008327410746683181
48,warm,820,0.11362185329198837,0.00020824636158067733,0.88433837890625,0.11566162109375,2,734,454,0.09088446199893951,0.2874700427055359,0.3013002872467041,0.29549723863601685,0.0076969069275989455,2.852255609380144e-06,0.00769405467198979,0.008580398936142028
48,warm,840,0.11409057676792145,0.00020824636158067733,0.884765625,0.115234375,2,737,459,0.09125439822673798,0.2894259989261627,0.3019718825817108,0.2984532415866852,0.007410238923334589,6.933161164135405e-06,0.007403305762170812,0.008875003500402254
48,warm,860,0.11406296491622925,0.00020824636158067733,0.8841552734375,0.1158447265625,2,738,461,0.09112466871738434,0.2891336977481842,0.3017674684524536,0.29807204008102417,0.007608075445027396,1.6499466741831063e-06,0.007606425498353748,0.009347303342333343
48,warm,880,0.11374989151954651,0.00020824636158067733,0.88531494140625,0.11468505859375,2,737,447,0.09131770581007004,0.28691595792770386,0.3020307421684265,0.294745534658432,0.008393462915414318,1.4811621646955257e-05,0.008378651293767749,0.008623939663489164
48,warm,900,0.11385893821716309,0.00020824636158067733,0.8848876953125,0.1151123046875,2,735,459,0.09109705686569214,0.2888334095478058,0.301716685295105,0.2975406348705292,0.007472485159091491,8.427728054539053e-06,0.0074640574310371605,0.008868286278125179
48,warm,920,0.11462164670228958,0.00020824636158067733,0.8843994140625,0.1156005859375,2,740,450,0.09181724488735199,0.2890862226486206,0.30288177728652954,0.2983822226524353,0.006892082194831062,3.325845086035533e-06,0.006888756349745399,0.008522266734184977
48,warm,940,0.11409974098205566,0.00020824636158067733,0.88531494140625,0.11468505859375,2,744,461,0.09145880490541458,0.2888771593570709,0.30231326818466187,0.29774293303489685,0.007277267090834982,1.4811621646955257e-05,0.007262455469188451,0.008683888941272908
48,warm,960,0.11284317076206207,0.00020824636158067733,0.8848876953125,0.1151123046875,2,735,451,0.09031589329242706,0.286014199256897,0.3004307448863983,0.29300251603126526,0.007465595969556205,8.427728054539053e-06,0.007457168241501977,0.009199487905102596
48,warm,980,0.11440791934728622,0.00020824636158067733,0.8848876953125,0.1151123046875,2,740,451,0.09190935641527176,0.28735825419425964,0.302908331155777,0.29510965943336487,0.006909818112767141,8.427728054539053e-06,0.0069013903847128955,0.009674373244019971
48,warm,1000,0.1141124963760376,0.00020824636158067733,0.8841552734375,0.1158447265625,2,736,459,0.0912843570113182,0.2883423864841461,0.3020411729812622,0.2971093952655792,0.007299531331959486,1.6499466741831063e-06,0.007297881385285686,0.00826571280890219
48,warm,1020,0.11428654193878174,0.00020824636158067733,0.884521484375,0.115478515625,2,738,458,0.09154687076807022,0.28846386075019836,0.30243730545043945,0.29716113209724426,0.00719500418272645,4.382354048857546e-06,0.007190621828677916,0.008460997655897681
48,warm,1040,0.11377149075269699,0.00020824636158067733,0.88433837890625,0.11566162109375,2,739,453,0.09112384170293808,0.2869333326816559,0.3017059564590454,0.29479897022247314,0.0070033433155956,2.852255609380144e-06,0.007000491059986415,0.008505372608165071
48,warm,1060,0.11467119306325912,0.00020824636158067733,0.8841552734375,0.1158447265625,2,738,458,0.09208917617797852,0.2870226800441742,0.3033391237258911,0.2949771583080292,0.007132541592731911,1.6499466741831063e-06,0.007130891646058129,0.008435449207577203
48,warm,1080,0.11367552727460861,0.00020824636158067733,0.884521484375,0.115478515625,2,732,453,0.09100242704153061,0.28734293580055237,0.3015442192554474,0.2954428791999817,0.006987478639352673,4.382354048857546e-06,0.006983096285304151,0.008649575110434835
48,warm,1100,0.1148386001586914,0.00020824636158067733,0.88433837890625,0.11566162109375,2,742,462,0.0921001061797142,0.2886950969696045,0.3033290207386017,0.29760876297950745,0.007437540506366247,2.852255609380144e-06,0.007434688250757073,0.008587556273819227
48,warm,1120,0.11330901086330414,0.00020824636158067733,0.8846435546875,0.1153564453125,2,739,454,0.09067490696907043,0.2868850827217102,0.30097711086273193,0.2947129011154175,0.0063275813270635695,5.5847480002313e-06,0.0063219965790637135,0.008649245887904708
48,warm,1140,0.11487085372209549,0.00020824636158067733,0.88525390625,0.11474609375,2,750,456,0.09232053905725479,0.28884419798851013,0.3036821782588959,0.29766491055488586,0.007064000296672646,1.3789700592723103e-05,0.007050210596080502,0.00862087923564557
48,warm,1160,0.1144464984536171,0.00020824636158067733,0.88507080078125,0.11492919921875,2,742,460,0.0918271467089653,0.2886383831501007,0.3028520941734314,0.29714545607566833,0.006633904905179122,1.0943911592751392e-05,0.006622960993586771,0.008614229767085799
48,warm,1180,0.1146308034658432,0.00020824636158067733,0.88446044921875,0.11553955078125,2,740,464,0.0918990969657898,0.28864291310310364,0.3030397891998291,0.29749101400375366,0.006141633098017962,3.835872321578679e-06,0.00613779722569684,0.008100560139832833
48,warm,1200,0.11363107711076736,0.00020824636158067733,0.88470458984375,0.11529541015625,2,740,456,0.09104466438293457,0.286945104598999,0.3016214370727539,0.2947179079055786,0.006463091679329125,6.240693780300158e-06,0.006456850985548939,0.00827052765930146
48,warm,1220,0.1140836775302887,0.00020824636158067733,0.8846435546875,0.1153564453125,2,739,457,0.09147213399410248,0.2874867022037506,0.30235764384269714,0.29567664861679077,0.006155384883463455,5.5847480002313e-06,0.006149800135463479,0.008459742102099863
48,warm,1240,0.11404674500226974,0.00020824636158067733,0.88482666015625,0.11517333984375,2,742,461,0.09137877821922302,0.288194864988327,0.3021380305290222,0.2966129183769226,0.006579145713480727,7.66216697504758e-06,0.006571483546505981,0.00845835801851079
48,warm,1260,0.11437899619340897,0.00020824636158067733,0.8848876953125,0.1151123046875,2,742,453,0.09195836633443832,0.2867301404476166,0.3030056953430176,0.29446086287498474,0.00659928668465426,8.427728054539053e-06,0.006590858956599862,0.008336104773884453
48,warm,1280,0.11436155438423157,0.00020824636158067733,0.8856201171875,0.1143798828125,2,744,459,0.09165722131729126,0.2901565432548523,0.3026011288166046,0.2987717092037201,0.007111577405161995,2.047192719925508e-05,0.007091105477962924,0.008965603564542998
48,warm,1300,0.11382671445608139,0.00020824636158067733,0.88531494140625,0.11468505859375,2,737,460,0.09116891026496887,0.28873443603515625,0.3017873764038086,0.2968865633010864,0.007125351465951724,1.4811621646955257e-05,0.00711053984430514,0.009393152323577833
48,warm,1320,0.11357630789279938,0.00020824636158067733,0.8848876953125,0.1151123046875,2,734,458,0.09109021723270416,0.2864307165145874,0.3016700744628906,0.29378199577331543,0.0072307239686821845,8.427728054539053e-06,0.00722229624062792,0.009013836746130419
48,warm,1340,0.11476034671068192,0.00020824636158067733,0.8843994140625,0.1156005859375,2,744,462,0.0921129584312439,0.2880236506462097,0.3033313453197479,0.2964160144329071,0.006887922777245592,3.325845086035533e-06,0.006884596932159865,0.008267828482753412
48,warm,1360,0.11326202750205994,0.00020824636158067733,0.88519287109375,0.11480712890625,2,736,458,0.09076360613107681,0.2867307662963867,0.30112484097480774,0.2943480610847473,0.006087319405928326,1.2804453208918251e-05,0.006074514952719601,0.00839708629905088
48,warm,1380,0.11350955069065094,0.00020824636158067733,0.885498046875,0.114501953125,2,734,450,0.0911540612578392,0.28639525175094604,0.3017643094062805,0.2938472032546997,0.006091470390678921,1.809759680408197e-05,0.006073372793875086,0.008345967843747512
48,warm,1400,0.11345309764146805,0.00020824636158067733,0.88580322265625,0.11419677734375,2,733,452,0.09118516743183136,0.28618124127388,0.3018486499786377,0.29348114132881165,0.006465729042979262,2.4309284651640502e-05,0.0064414197583278,0.008652470817874
48,warm,1420,0.11419665813446045,0.00020824636158067733,0.885009765625,0.114990234375,2,737,447,0.09175905585289001,0.28688523173332214,0.3027898073196411,0.29447630047798157,0.006720546542787531,1.0068583476220477e-05,0.0067104779593114535,0.00814865011602249
48,warm,1440,0.11443649977445602,0.00020824636158067733,0.8848876953125,0.1151123046875,2,736,461,0.09178593754768372,0.2885551452636719,0.3028410077095032,0.2970663905143738,0.006212874982161054,8.427728054539053e-06,0.006204447254106751,0.008768383160027024
48,warm,1460,0.11417927592992783,0.00020824636158067733,0.8843994140625,0.1156005859375,2,735,455,0.09156964719295502,0.2871537208557129,0.3024420738220215,0.29507559537887573,0.006491112647204034,3.325845086035533e-06,0.006487786802118435,0.008190755420623627
48,warm,1480,0.11461887508630753,0.00020824636158067733,0.8846435546875,0.1153564453125,2,738,462,0.09205713868141174,0.2876400947570801,0.30328139662742615,0.2957460284233093,0.005919762847774734,5.5847480002313e-06,0.005914178099774721,0.008415938501680084
48,warm,1500,0.113773413002491,0.00020824636158067733,0.88433837890625,0.11566162109375,2,739,447,0.09116120636463165,0.28666430711746216,0.30183640122413635,0.294263631105423,0.006039965367385491,2.852255609380144e-06,0.006037113111776272,0.008502715421168414
48,warm,1520,0.11331072449684143,0.00020824636158067733,0.8841552734375,0.1158447265625,2,735,452,0.09051450341939926,0.28729701042175293,0.3007720112800598,0.29533058404922485,0.006233128756143458,1.6499466741831063e-06,0.0062314788094696445,0.008394042547702138
48,warm,1540,0.113676056265831,0.00020824636158067733,0.8843994140625,0.1156005859375,2,739,467,0.09082243591547012,0.2885170876979828,0.30122625827789307,0.2971268892288208,0.006533389187829641,3.325845086035533e-06,0.0065300633427438776,0.008357645355540608
48,warm,1560,0.11341262608766556,0.00020824636158067733,0.8846435546875,0.1153564453125,2,739,464,0.0906301736831665,0.2881262004375458,0.30095767974853516,0.2963704466819763,0.006688051130190331,5.5847480002313e-06,0.006682466382190397,0.0087524919447287
48,warm,1580,0.11393141746520996,0.00020824636158067733,0.88629150390625,0.11370849609375,2,741,463,0.09143484383821487,0.2892792224884033,0.3022758960723877,0.2978159189224243,0.006974468830598823,3.616389655127731e-05,0.006938304934047736,0.008757795761307516
48,warm,1600,0.1138446107506752,0.00020824636158067733,0.88531494140625,0.11468505859375,2,737,455,0.09137408435344696,0.2873065173625946,0.3021683692932129,0.29534634947776794,0.005971054208934845,1.4811621646955257e-05,0.005956242587288175,0.008189796012852621
48,warm,1620,0.11427170783281326,0.00020824636158067733,0.885009765625,0.114990234375,2,739,459,0.09176067262887955,0.2875254452228546,0.3027862310409546,0.29569634795188904,0.00574027052135051,1.0068583476220477e-05,0.005730201937874473,0.007570783375963383
48,warm,1640,0.1136983186006546,0.00020824636158067733,0.88433837890625,0.11566162109375,2,737,461,0.09090830385684967,0.28794872760772705,0.3014182448387146,0.2961491048336029,0.006428532412250831,2.852255609380144e-06,0.0064256801566418,0.008759734840391484
48,warm,1660,0.1139502301812172,0.00020824636158067733,0.88507080078125,0.11492919921875,2,737,460,0.09139120578765869,0.2876775562763214,0.3021582365036011,0.29564738273620605,0.006144591847991876,1.0943911592751392e-05,0.006133647936399514,0.008525577040240914
48,warm,1680,0.11376454681158066,0.00020824636158067733,0.884521484375,0.115478515625,2,739,454,0.09125648438930511,0.28616786003112793,0.3018716275691986,0.29344624280929565,0.00588869927087643,4.382354048857546e-06,0.005884316916827909,0.008292732142986078
48,warm,1700,0.1139969676733017,0.00020824636158067733,0.8841552734375,0.1158447265625,2,735,459,0.09133639931678772,0.2869481146335602,0.30215832591056824,0.2947642505168915,0.006324321181459425,1.6499466741831063e-06,0.006322671234785684,0.008415713347171713
48,warm,1720,0.11343307793140411,0.00020824636158067733,0.8843994140625,0.1156005859375,2,731,454,0.09080322831869125,0.2865621745586395,0.30123454332351685,0.2939753830432892,0.0064731010541478895,3.325845086035533e-06,0.006469775209062105,0.008471878464883939
48,warm,1740,0.11440125107765198,0.00020824636158067733,0.8831787109375,0.1168212890625,2,730,453,0.09167830646038055,0.28618863224983215,0.3026536703109741,0.29340699315071106,0.006343599529650135,7.551060303742207e-07,0.006342844423620091,0.008609041732820497
48,warm,1760,0.11385895311832428,0.00020824636158067733,0.884033203125,0.115966796875,2,738,453,0.09101840853691101,0.28797608613967896,0.3015562891960144,0.2962455451488495,0.006475251477972677,1.030290218628218e-06,0.006474221187754367,0.00826346077632932
48,warm,1780,0.1137983500957489,0.00020824636158067733,0.88470458984375,0.11529541015625,2,736,452,0.09122446924448013,0.2870160937309265,0.3019036650657654,0.2948229908943176,0.0063141172911898025,6.240693780300158e-06,0.006307876597409689,0.008123922177442164
48,warm,1800,0.11401006579399109,0.00020824636158067733,0.884521484375,0.115478515625,2,732,457,0.09141846746206284,0.2870531976222992,0.30220577120780945,0.29438093304634094,0.006572445862552456,4.382354048857546e-06,0.006568063508503914,0.009621468533846364
48,warm,1820,0.11363046616315842,0.00020824636158067733,0.8841552734375,0.1158447265625,2,734,455,0.09092243760824203,0.2869437038898468,0.3014417588710785,0.2946884036064148,0.006578570716378351,1.6499466741831063e-06,0.006576920769704632,0.008740456521304604
48,warm,1840,0.1143096536397934,0.00020824636158067733,0.88421630859375,0.11578369140625,2,739,462,0.09132758527994156,0.28981903195381165,0.3021247982978821,0.2989099621772766,0.006421197053718686,2.0143230913347715e-06,0.006419182730627642,0.008660217377150711
48,warm,1860,0.1141807809472084,0.00020824636158067733,0.88470458984375,0.11529541015625,2,739,463,0.0914287194609642,0.2887658476829529,0.302225798368454,0.29766786098480225,0.006454426053828399,6.240693780300158e-06,0.006448185360048292,0.008372411751447525
48,warm,1880,0.11465242505073547,0.00020824636158067733,0.8841552734375,0.1158447265625,2,736,455,0.09200906753540039,0.28747209906578064,0.30309194326400757,0.29559755325317383,0.006424397812956784,1.6499466741831063e-06,0.006422747866283,0.008135566001551506
48,warm,1900,0.11400672793388367,0.00020824636158067733,0.8848876953125,0.1151123046875,2,736,459,0.09131985902786255,0.28840452432632446,0.3020971119403839,0.297207236289978,0.006269106292897675,8.427728054539053e-06,0.00626067856484327,0.008080168162673526
48,warm,1920,0.11324607580900192,0.00020824636158067733,0.88580322265625,0.11419677734375,2,732,455,0.09084407240152359,0.2870142459869385,0.3012462854385376,0.29458335041999817,0.005673667787782222,2.4309284651640502e-05,0.00564935850313073,0.008480058918617014
48,warm,1940,0.11403707414865494,0.00020824636158067733,0.88446044921875,0.11553955078125,2,731,458,0.09144589304924011,0.2869734466075897,0.3022860288619995,0.29486578702926636,0.006582197923130195,3.835872321578679e-06,0.0065783620508090696,0.008001108465800807
48,warm,1960,0.1143372431397438,0.00020824636158067733,0.88446044921875,0.11553955078125,2,732,462,0.0916772112250328,0.28780072927474976,0.30262380838394165,0.2962295413017273,0.005734109709742086,3.835872321578679e-06,0.005730273837420903,0.007754671541301814
48,warm,1980,0.11378220468759537,0.00020824636158067733,0.885009765625,0.114990234375,2,732,456,0.09126817435026169,0.2870590388774872,0.3019349277019501,0.29491591453552246,0.007008840421626417,1.0068583476220477e-05,0.00699877183815057,0.008133568998568971
48,warm,2000,0.11476889252662659,0.00020824636158067733,0.8848876953125,0.1151123046875,2,739,465,0.0921003445982933,0.2890259623527527,0.30334922671318054,0.2977635860443115,0.006223643450361749,8.427728054539053e-06,0.0062152157223074045,0.008320067661084049
49,scratch,0,0.8177340626716614,0.00020824636158067733,0.5762939453125,0.4237060546875,2,1338,1115,0.679446816444397,1.0058221817016602,0.7231155633926392,0.6196210384368896,5.868780307654383,0.3010505570819352,5.567729750572449,1.3998840946308018
49,scratch,20,0.6046572327613831,0.00020824636158067733,0.63134765625,0.36865234375,2,1327,1057,0.5107561945915222,0.7654705047607422,0.6502811312675476,0.5714554786682129,3.715602157954713,0.2126981590657737,3.5029039988889394,1.060568158152132
49,scratch,40,0.4270591139793396,0.00020824636158067733,0.6915283203125,0.3084716796875,2,1261,940,0.3588580787181854,0.5799514055252075,0.5704479217529297,0.5115243196487427,2.0888113360259055,0.13109158101008062,1.9577197550158254,0.764088180561198
49,scratch,60,0.30602195858955383,0.00020824636158067733,0.7393798828125,0.2606201171875,2,1139,792,0.2544405162334442,0.4523586332798004,0.49757277965545654,0.44954338669776917,1.1015185505237284,0.07827815942096791,1.0232403911027608,0.543473396360464
49,scratch,80,0.23906481266021729,0.00020824636158067733,0.78326416015625,0.21673583984375,2,1031,648,0.20010104775428772,0.37987640500068665,0.4468456506729126,0.3946932554244995,0.6501344789799575,0.04029652898297112,0.6098379499969866,0.41536419578300865
49,scratch,100,0.2019127458333969,0.00020824636158067733,0.82696533203125,0.17303466796875,2,954,525,0.1713254153728485,0.34809547662734985,0.4137219488620758,0.35162776708602905,0.4633189550746195,0.013806808705226062,0.44951214636939385,0.36114784989444615
49,scratch,120,0.17961132526397705,0.00020824636158067733,0.85675048828125,0.14324951171875,2,894,449,0.1532977670431137,0.33698800206184387,0.3909186124801636,0.32179105281829834,0.37019210202429775,0.0032877980048714936,0.36690430401942664,0.3445491905888457
49,scratch,140,0.16164208948612213,0.00020824636158067733,0.8914794921875,0.1085205078125,2,860,372,0.14042823016643524,0.33591052889823914,0.3743002414703369,0.30234652757644653,0.3093010663576976,0.0003100202601740449,0.3089910460975239,0.35768704491897096
49,scratch,160,0.1484050154685974,0.00020824636158067733,0.91204833984375,0.08795166015625,2,835,322,0.13030092418193817,0.33614224195480347,0.36060577630996704,0.2857198119163513,0.26648080152863685,0.0042608883649805085,0.26221991316365667,0.39116292436051026
49,scratch,180,0.13522201776504517,0.00020824636158067733,0.93682861328125,0.06317138671875,2,803,257,0.12157004326581955,0.33767998218536377,0.3485541343688965,0.2685328722000122,0.23584285541146954,0.016205406557239246,0.21963744885423048,0.45715849563679967
49,scratch,200,0.12664195895195007,0.00020824636158067733,0.94757080078125,0.05242919921875,2,784,230,0.11495403945446014,0.33788180351257324,0.3388422727584839,0.2558991312980652,0.2131502182444862,0.024433394698616523,0.18871682354587013,0.5172720329076083
49,scratch,220,0.12049584090709686,0.00020824636158067733,0.95501708984375,0.04498291015625,2,771,213,0.11016561836004257,0.33981314301490784,0.33171287178993225,0.25054189562797546,0.20057149947279385,0.03147968974277513,0.16909180973001903,0.5576239423255583
49,scratch,240,0.11500106751918793,0.00020824636158067733,0.9615478515625,0.0384521484375,2,761,194,0.10601700842380524,0.3396594226360321,0.3253431022167206,0.24556471407413483,0.19029372997902527,0.038719249631433986,0.15157448034759172,0.6010596634889634
49,scratch,260,0.11071949452161789,0.00020824636158067733,0.9652099609375,0.0347900390625,2,746,170,0.10240312665700912,0.341447651386261,0.31968700885772705,0.23656021058559418,0.18418898633608904,0.04327318792786263,0.14091579840822677,0.6430362995827136
49,scratch,280,0.1071607694029808,0.00020824636158067733,0.96868896484375,0.03131103515625,2,729,158,0.09952937811613083,0.3432577848434448,0.3151983916759491,0.2352411299943924,0.1781028208613904,0.0479693558657152,0.13013346499567538,0.6766426470651322
49,scratch,300,0.1054757609963417,0.00020824636158067733,0.96954345703125,0.03045654296875,2,724,163,0.09793328493833542,0.34558022022247314,0.3126172721385956,0.2341986745595932,0.1739272305683741,0.04918228612926965,0.12474494443910486,0.6808944988454141
49,scratch,320,0.10437339544296265,0.00020824636158067733,0.970458984375,0.029541015625,2,725,155,0.09699746966362,0.3466813266277313,0.3111116886138916,0.23185406625270844,0.17128447021678284,0.05050931499336189,0.12077515522342125,0.6778686093177794
49,scratch,340,0.10261467844247818,0.00020824636158067733,0.97235107421875,0.02764892578125,2,714,154,0.09566493332386017,0.34702160954475403,0.30905821919441223,0.2292131930589676,0.16915356498503087,0.05334552922306211,0.11580803576196902,0.6869090838019883
49,scratch,360,0.1021469384431839,0.00020824636158067733,0.97235107421875,0.02764892578125,2,723,154,0.09526200592517853,0.3442744314670563,0.30837196111679077,0.2253316342830658,0.16540796793633916,0.05334552922306211,0.1120624387132774,0.6731275844151651
49,scratch,380,0.10177796334028244,0.00020824636158067733,0.971923828125,0.028076171875,2,716,152,0.09472943097352982,0.3457798361778259,0.30744683742523193,0.226793110370636,0.16227408187551617,0.052693759528893144,0.10958032234662318,0.6611000279528935
49,scratch,400,0.10184461623430252,0.00020824636158067733,0.97186279296875,0.02813720703125,2,717,149,0.09478024393320084,0.3458489179611206,0.30747464299201965,0.2263324111700058,0.1599515030509835,0.05260119796846974,0.10735030508251406,0.6445322751326285
49,scratch,420,0.10215692222118378,0.00020824636158067733,0.97149658203125,0.02850341796875,2,715,153,0.09509995579719543,0.342682808637619,0.3080807626247406,0.2239229381084442,0.155937235442984,0.052048679468946896,0.10388855597403741,0.6163627893122293
49,scratch,440,0.10090485960245132,0.00020824636158067733,0.9737548828125,0.0262451171875,2,718,140,0.09448897838592529,0.3389488756656647,0.3070937693119049,0.2147418111562729,0.1526725676420071,0.055535426766740115,0.09713714087526729,0.6234404564977422
49,scratch,460,0.10008666664361954,0.00020824636158067733,0.9755859375,0.0244140625,2,724,136,0.09401551634073257,0.3426905870437622,0.30639463663101196,0.21828590333461761,0.14973077649556643,0.058508388972382995,0.09122238752318385,0.6162985353523663
49,scratch,480,0.1014171913266182,0.00020824636158067733,0.9737548828125,0.0262451171875,2,723,146,0.09501372277736664,0.3390011787414551,0.30778300762176514,0.2180040329694748,0.14578154250994402,0.055535426766740115,0.09024611574320437,0.5831207294916066
49,scratch,500,0.10144440829753876,0.00020824636158067733,0.97406005859375,0.02593994140625,2,728,150,0.09504956752061844,0.34157484769821167,0.3080977499485016,0.22034098207950592,0.14204838895312122,0.05602156047551976,0.08602682847760179,0.5622320027407522
49,scratch,520,0.10114231705665588,0.00020824636158067733,0.975341796875,0.024658203125,2,722,145,0.09508620202541351,0.3406881093978882,0.30805885791778564,0.21882478892803192,0.13865793380755775,0.05810407735545994,0.08055385645209827,0.5587861319447666
49,scratch,540,0.10147644579410553,0.00020824636158067733,0.9747314453125,0.0252685546875,2,728,147,0.09528546780347824,0.3402928113937378,0.30839237570762634,0.21807093918323517,0.13731853673453287,0.05710408956429076,0.08021444717024248,0.5428395748833691
49,scratch,560,0.10138894617557526,0.00020824636158067733,0.97467041015625,0.02532958984375,2,727,142,0.09530196338891983,0.3356136679649353,0.308566153049469,0.21465156972408295,0.13590880257543603,0.057004928603556944,0.07890387397187953,0.5296509113552429
49,scratch,580,0.10197269916534424,0.00020824636158067733,0.9736328125,0.0263671875,2,734,143,0.09579205513000488,0.3301984667778015,0.3091835677623749,0.20820213854312897,0.13410091941914715,0.055341995984803535,0.07875892343434399,0.5222188645941469
49,scratch,600,0.10211977362632751,0.00020824636158067733,0.97320556640625,0.02679443359375,2,732,144,0.09592100232839584,0.3272661566734314,0.30916205048561096,0.20375029742717743,0.132483624271849,0.05466954224879964,0.07781408202304979,0.5185288156583238
49,scratch,620,0.10185733437538147,0.00020824636158067733,0.9742431640625,0.0257568359375,2,732,143,0.09595861285924911,0.32497459650039673,0.3094056248664856,0.20112037658691406,0.1294836823479315,0.05631500726903884,0.07316867507889294,0.5113824086522482
49,scratch,640,0.10276885330677032,0.00020824636158067733,0.97265625,0.02734375,2,736,149,0.09650832414627075,0.3254648745059967,0.31044724583625793,0.20751048624515533,0.1285285004021759,0.05381523018814846,0.07471327021402788,0.4815532637523984
49,scratch,660,0.10297074913978577,0.00020824636158067733,0.97271728515625,0.02728271484375,2,736,148,0.0968785434961319,0.320176899433136,0.3109888732433319,0.2012655884027481,0.12552515300995282,0.05390958938040265,0.07161556362955038,0.4735881605458826
49,scratch,680,0.10320556163787842,0.00020824636158067733,0.97222900390625,0.02777099609375,2,741,146,0.09712012112140656,0.31624966859817505,0.3113895058631897,0.19669322669506073,0.12256017018153642,0.053158620898637834,0.06940154928289904,0.4676643877694414
49,scratch,700,0.10491316020488739,0.00020824636158067733,0.96929931640625,0.03070068359375,2,739,155,0.09822362661361694,0.3161192238330841,0.31304556131362915,0.20109042525291443,0.1217190161485675,0.04883324043419575,0.07288577571437213,0.4362282315789753
49,scratch,720,0.10406450927257538,0.00020824636158067733,0.97119140625,0.02880859375,2,739,150,0.0978303924202919,0.31422853469848633,0.3125082850456238,0.19868482649326324,0.11917448342574488,0.05159194963310809,0.06758253379263708,0.4412448263985834
49,scratch,740,0.10483384877443314,0.00020824636158067733,0.9693603515625,0.0306396484375,2,741,152,0.09830503910779953,0.3113887310028076,0.3131906986236572,0.1947447955608368,0.1176592115196442,0.04892031347463539,0.06873889804500911,0.4273920553398466
49,scratch,760,0.10646408796310425,0.00020824636158067733,0.965576171875,0.034423828125,2,742,166,0.09911714494228363,0.31254327297210693,0.31441551446914673,0.2026568502187729,0.11631976438075498,0.04374991251048196,0.07256985187027339,0.402298850103075
49,scratch,780,0.10649685561656952,0.00020824636158067733,0.96533203125,0.03466796875,2,747,162,0.09918561577796936,0.31007882952690125,0.31468185782432556,0.2004435509443283,0.11349821937692894,0.04343165035420553,0.0700665690227237,0.3957574727767178
49,scratch,800,0.10605594515800476,0.00020824636158067733,0.96484375,0.03515625,2,744,161,0.09868325293064117,0.30839523673057556,0.31377866864204407,0.19979853928089142,0.11152929268865108,0.04280045721274128,0.0687288354759101,0.39406541609900614
49,scratch,820,0.10496880114078522,0.00020824636158067733,0.9666748046875,0.0333251953125,2,743,161,0.09794222563505173,0.308790922164917,0.3126770853996277,0.19905990362167358,0.11024992563107361,0.04520446348899689,0.06504546214207702,0.40446048017588054
49,scratch,840,0.10650843381881714,0.00020824636158067733,0.96490478515625,0.03509521484375,2,753,167,0.09917627274990082,0.30809807777404785,0.3145594894886017,0.20260559022426605,0.10670471194026021,0.04287897002569229,0.06382574191456845,0.37271534420983243
49,scratch,860,0.10776745527982712,0.00020824636158067733,0.96368408203125,0.03631591796875,2,753,179,0.10023412108421326,0.30767327547073364,0.3162810206413269,0.2082359343767166,0.10569179716986099,0.04132937444718455,0.06436242272267667,0.3417974938431553
49,scratch,880,0.1085868626832962,0.00020824636158067733,0.960205078125,0.039794921875,2,749,189,0.10041825473308563,0.30568575859069824,0.3164137601852417,0.2112886756658554,0.10401010934292998,0.03714221509480725,0.06686789424812299,0.3279799650565519
49,scratch,900,0.10899058729410172,0.00020824636158067733,0.95904541015625,0.04095458984375,2,752,188,0.1005210429430008,0.3073245882987976,0.31657499074935913,0.2170894593000412,0.10290619812149515,0.03581826577897917,0.06708793234251637,0.3129806045628766
49,scratch,920,0.10914121568202972,0.00020824636158067733,0.95855712890625,0.04144287109375,2,758,193,0.10061222314834595,0.3064133822917938,0.31683915853500366,0.21934299170970917,0.09997147645190552,0.03527111138077619,0.06470036507112961,0.3006390715902353
49,scratch,940,0.10849852859973907,0.00020824636158067733,0.95867919921875,0.04132080078125,2,751,197,0.09997424483299255,0.30626940727233887,0.31597891449928284,0.22113464772701263,0.09880579469318462,0.03540733466431592,0.06339846002886905,0.29154297287572717
49,scratch,960,0.10874193906784058,0.00020824636158067733,0.9576416015625,0.0423583984375,2,754,204,0.10004836320877075,0.3052869439125061,0.316176176071167,0.2238396406173706,0.09733434697846377,0.0342613210177498,0.06307302596071424,0.2780887970741287
49,scratch,980,0.10737335681915283,0.00020824636158067733,0.959228515625,0.040771484375,2,754,198,0.09894530475139618,0.30565953254699707,0.3143291473388672,0.2242361158132553,0.09503153164478562,0.036025009940875305,0.059006521703910714,0.2742479909659278
49,scratch,1000,0.10808472335338593,0.00020824636158067733,0.95562744140625,0.04437255859375,2,745,213,0.09894922375679016,0.3048311173915863,0.3144451975822449,0.2279338240623474,0.0934588540520096,0.032111935354057874,0.061346918697952106,0.2601865225162737
49,scratch,1020,0.10942702740430832,0.00020824636158067733,0.950927734375,0.049072265625,2,746,219,0.09959382563829422,0.2999759614467621,0.31544190645217896,0.2299209088087082,0.09021780996481965,0.02746207792155706,0.06275573204326286,0.24897765617174172
49,scratch,1040,0.10925187170505524,0.00020824636158067733,0.95098876953125,0.04901123046875,2,745,225,0.09970249980688095,0.29454314708709717,0.31559455394744873,0.23031096160411835,0.08721374567613083,0.027519334285778164,0.059694411390353086,0.24765830444197945
49,scratch,1060,0.11006400734186172,0.00020824636158067733,0.947998046875,0.052001953125,2,754,234,0.09999637305736542,0.293597549200058,0.31599727272987366,0.235170379281044,0.08412045644654853,0.024805969951944055,0.0593144864946049,0.23411524188235944
49,scratch,1080,0.11073629558086395,0.00020824636158067733,0.9442138671875,0.0557861328125,2,747,245,0.09987862408161163,0.2945088744163513,0.31564003229141235,0.24188604950904846,0.08283098595421023,0.021631688660034926,0.061199297294175684,0.2272773019369606
49,scratch,1100,0.11054135859012604,0.00020824636158067733,0.9437255859375,0.0562744140625,2,750,250,0.09964239597320557,0.2933175265789032,0.3154110610485077,0.2451847344636917,0.08012000805756969,0.02124228676128971,0.05887772129628045,0.21194563205903705
49,scratch,1120,0.11013245582580566,0.00020824636158067733,0.941162109375,0.058837890625,2,743,249,0.09886659681797028,0.29033926129341125,0.314325213432312,0.24787268042564392,0.0786577350198101,0.01927074860985222,0.059386986409958376,0.21785187821046292
49,scratch,1140,0.11150870472192764,0.00020824636158067733,0.93853759765625,0.06146240234375,2,749,262,0.09976675361394882,0.29080936312675476,0.31565535068511963,0.25267162919044495,0.07639281102893136,0.017375207494820154,0.05901760353411146,0.19182062593722093
49,scratch,1160,0.11097452789545059,0.00020824636158067733,0.937744140625,0.062255859375,2,745,257,0.09907212853431702,0.29025736451148987,0.314592182636261,0.2545863389968872,0.07407246553048452,0.016825867669542256,0.05724659786094264,0.18262692716347828
49,scratch,1180,0.11218852549791336,0.00020824636158067733,0.9339599609375,0.0660400390625,2,745,278,0.0995723083615303,0.2906111180782318,0.3153062164783478,0.26034221053123474,0.0726237722781704,0.014352150870072855,0.058271621408097954,0.1636795489696351
49,scratch,1200,0.1134791374206543,0.00020824636158067733,0.928955078125,0.071044921875,2,744,292,0.09993558377027512,0.29056933522224426,0.3157820999622345,0.2641902565956116,0.06974554024491653,0.011435265623402198,0.05831027462151472,0.14643124949474895
49,scratch,1220,0.11300090700387955,0.00020824636158067733,0.9285888671875,0.0714111328125,2,742,297,0.09920796006917953,0.2923564910888672,0.3147396743297577,0.26921677589416504,0.06661715145747138,0.01123704738129764,0.05538010407617386,0.12810929226656753
49,scratch,1240,0.11407609283924103,0.00020824636158067733,0.92620849609375,0.07379150390625,2,745,309,0.09979239851236343,0.29336079955101013,0.3155811131000519,0.2757997512817383,0.06463917348519743,0.009997504910460857,0.05464166857473691,0.11121413311161175
49,scratch,1260,0.11539984494447708,0.00020824636158067733,0.9215087890625,0.0784912109375,2,751,332,0.10021264851093292,0.29370155930519104,0.31618890166282654,0.2818230986595154,0.061549996004764296,0.0077913910605233935,0.05375860494424112,0.09766480053189751
49,scratch,1280,0.11485398560762405,0.00020824636158067733,0.919921875,0.080078125,2,747,332,0.0993744432926178,0.29267987608909607,0.3149844706058502,0.28437289595603943,0.05938810045773124,0.007116297688563367,0.052271802769168305,0.09235772297074162
49,scratch,1300,0.1147516667842865,0.00020824636158067733,0.91845703125,0.08154296875,2,745,333,0.09887941926717758,0.293528288602829,0.31424832344055176,0.2881290912628174,0.05687560248843937,0.006523492515834169,0.05035210997260551,0.08675462738869553
49,scratch,1320,0.11620953679084778,0.00020824636158067733,0.914306640625,0.085693359375,2,748,357,0.09948941320180893,0.2946050465106964,0.31513234972953796,0.29354801774024963,0.05656986983813539,0.004997957688735375,0.051571912149400406,0.08026533493215991
49,scratch,1340,0.11525896191596985,0.00020824636158067733,0.9140625,0.0859375,2,741,361,0.09833464026451111,0.29527223110198975,0.3133549392223358,0.2952437102794647,0.05415568161043183,0.004915163748408974,0.04924051786202316,0.07773109462254522
49,scratch,1360,0.11621131002902985,0.00020824636158067733,0.91070556640625,0.08929443359375,2,746,366,0.09868373721837997,0.2949734330177307,0.3137868046760559,0.296354204416275,0.05365572162991583,0.003852867722101583,0.0498028539078145,0.07422468336266773
49,scratch,1380,0.11642663180828094,0.00020824636158067733,0.90936279296875,0.09063720703125,2,746,380,0.09855669736862183,0.2957155704498291,0.3136679530143738,0.298184335231781,0.05116897738553661,0.003467019750915623,0.04770195763462122,0.07171315117852371
49,scratch,1400,0.11606165766716003,0.00020824636158067733,0.90728759765625,0.09271240234375,2,734,383,0.09778088331222534,0.29495811462402344,0.3125047981739044,0.2989891469478607,0.05224126174726251,0.002913635737889917,0.04932762600937298,0.07051017002344905
49,scratch,1420,0.1165042296051979,0.00020824636158067733,0.90728759765625,0.09271240234375,2,740,391,0.0977993831038475,0.29955074191093445,0.31251728534698486,0.30466994643211365,0.05092213864991635,0.002913635737889917,0.04800850291202668,0.06991442870025365
49,scratch,1440,0.11584273725748062,0.00020824636158067733,0.90545654296875,0.09454345703125,2,739,384,0.0970580130815506,0.295746773481369,0.3113473355770111,0.30110806226730347,0.050106010247695565,0.002467907753956222,0.04763810249373969,0.06829896122621447
49,scratch,1460,0.11588577926158905,0.00020824636158067733,0.9056396484375,0.0943603515625,2,739,392,0.09689943492412567,0.2981105148792267,0.310940682888031,0.3035152852535248,0.04922552888529452,0.0025107067842995434,0.046714822100995215,0.06856460448147571
49,scratch,1480,0.11597264558076859,0.00020824636158067733,0.904052734375,0.095947265625,2,737,391,0.09665874391794205,0.2979559004306793,0.3106232285499573,0.3035247027873993,0.04874908344282147,0.002152743728029965,0.046596339714791886,0.0661114043698444
49,scratch,1500,0.11598916351795197,0.00020824636158067733,0.9041748046875,0.0958251953125,2,744,393,0.09672759473323822,0.2977350056171417,0.310809463262558,0.30252039432525635,0.048148783317451205,0.0021792431008287143,0.045969540216623,0.06636870940678362
49,scratch,1520,0.1157134473323822,0.00020824636158067733,0.90423583984375,0.09576416015625,2,729,398,0.0963626429438591,0.29843002557754517,0.3102990388870239,0.3048371970653534,0.04742332273672645,0.0021925572689911466,0.0452307654677358,0.06518550367149599
49,scratch,1540,0.1152263879776001,0.00020824636158067733,0.903564453125,0.096435546875,2,730,395,0.09585411846637726,0.2967371344566345,0.3094920217990875,0.3022821843624115,0.04671161586593797,0.0020484621722773565,0.044663153693660786,0.06474724823896848
49,scratch,1560,0.11523061245679855,0.00020824636158067733,0.90350341796875,0.09649658203125,2,731,399,0.09576301276683807,0.2975069284439087,0.3092617094516754,0.3025728762149811,0.04564558115526296,0.0020356196195438873,0.04360996153571943,0.0650302301885358
49,scratch,1580,0.11546257883310318,0.00020824636158067733,0.9019775390625,0.0980224609375,2,731,405,0.09569108486175537,0.2973948121070862,0.309140145778656,0.3023760914802551,0.046122751035731824,0.0017283803226636578,0.044394370713068565,0.06298379477197612
49,scratch,1600,0.1166519969701767,0.00020824636158067733,0.89794921875,0.10205078125,2,735,405,0.09615210443735123,0.297031432390213,0.30980050563812256,0.30448341369628906,0.04461785958920217,0.0010428630835054142,0.04357499650569708,0.06068785896172356
49,scratch,1620,0.1164550706744194,0.00020824636158067733,0.9000244140625,0.0999755859375,2,736,407,0.09623845666646957,0.29845383763313293,0.310041218996048,0.30631598830223083,0.043842119183686634,0.0013734929030911596,0.0424686262805958,0.05912191946230903
49,scratch,1640,0.11559946835041046,0.00020824636158067733,0.89990234375,0.10009765625,2,730,408,0.0953650027513504,0.2975122332572937,0.30865615606307983,0.3052753210067749,0.04376535788542668,0.001352727792659797,0.04241263009276719,0.05834538817839073
49,scratch,1660,0.11555726826190948,0.00020824636158067733,0.8997802734375,0.1002197265625,2,728,412,0.09529998898506165,0.2974287271499634,0.3086519241333008,0.3058856129646301,0.04188684266119225,0.001332128107142826,0.04055471455404957,0.05921393948778585
49,scratch,1680,0.11621510237455368,0.00020824636158067733,0.89813232421875,0.10186767578125,2,726,417,0.09553911536931992,0.2985081076622009,0.30882570147514343,0.3076726496219635,0.04225738951645752,0.0010701334516197512,0.04118725606483806,0.05688724322794313
49,scratch,1700,0.11519163101911545,0.00020824636158067733,0.900390625,0.099609375,2,730,415,0.09497550874948502,0.2979294955730438,0.3079476058483124,0.30566248297691345,0.04144259928289529,0.0014367825812980697,0.04000581670159763,0.05788411927027935
49,scratch,1720,0.11460332572460175,0.00020824636158067733,0.9017333984375,0.0982666015625,2,733,406,0.09465547651052475,0.29765263199806213,0.3074909448623657,0.3044430613517761,0.041724553834505684,0.0016816754135354425,0.04004287842097049,0.05914706577572813
49,scratch,1740,0.11553488671779633,0.00020824636158067733,0.8994140625,0.1005859375,2,725,427,0.09501367807388306,0.2990303337574005,0.3080497086048126,0.3075747787952423,0.04073073908585201,0.0012713198115170913,0.03945941927433522,0.056270922637163476
49,scratch,1760,0.11456933617591858,0.00020824636158067733,0.90032958984375,0.09967041015625,2,732,408,0.09440605342388153,0.29670560359954834,0.30710217356681824,0.3047572076320648,0.03985323806846708,0.001426130592365231,0.038427107476102264,0.057784472513271776
49,scratch,1780,0.11495216190814972,0.00020824636158067733,0.90032958984375,0.09967041015625,2,732,410,0.09484053403139114,0.2966219484806061,0.30783259868621826,0.3056430518627167,0.039786720223496275,0.001426130592365231,0.03836058963113134,0.05450228304948267
49,scratch,1800,0.11471317708492279,0.00020824636158067733,0.8995361328125,0.1004638671875,2,731,411,0.09439051896333694,0.2966787815093994,0.30707165598869324,0.3057238757610321,0.039164593360332844,0.0012914242949863524,0.037873169065346934,0.05517926682045525
49,scratch,1820,0.11513729393482208,0.00020824636158067733,0.89886474609375,0.10113525390625,2,732,418,0.0945989191532135,0.2976771891117096,0.30741381645202637,0.3071959614753723,0.0389228880856578,0.0011828853815216058,0.037740002704136535,0.0529264455265047
49,scratch,1840,0.11511997133493423,0.00020824636158067733,0.8992919921875,0.1007080078125,2,734,416,0.09464374929666519,0.29796648025512695,0.3074810802936554,0.3073562979698181,0.03803418273746928,0.0012513800392993796,0.03678280269817012,0.05352647470248938
49,scratch,1860,0.11478861421346664,0.00020824636158067733,0.90032958984375,0.09967041015625,2,734,419,0.09438526630401611,0.2990933954715729,0.307010293006897,0.3091426193714142,0.03809308652926546,0.001426130592365231,0.03666695593690063,0.05211866071590064
49,scratch,1880,0.1152048110961914,0.00020824636158067733,0.9007568359375,0.0992431640625,2,731,429,0.09484520554542542,0.29999396204948425,0.3077661693096161,0.3102003037929535,0.03780907228502173,0.0015015675732477224,0.03630750471177438,0.052148561125472934
49,scratch,1900,0.11428384482860565,0.00020824636158067733,0.90118408203125,0.09881591796875,2,732,420,0.0940043032169342,0.2992297112941742,0.30643782019615173,0.30922654271125793,0.03707363519497875,0.001579046523591695,0.035494588671387266,0.052286683109964524
49,scratch,1920,0.1147693544626236,0.00020824636158067733,0.8983154296875,0.1016845703125,2,726,416,0.09421849250793457,0.29632267355918884,0.3068176507949829,0.3059990704059601,0.03617847981586664,0.0010977702793454266,0.03508070953652134,0.0519430396391226
49,scratch,1940,0.11508376896381378,0.00020824636158067733,0.89825439453125,0.10174560546875,2,734,416,0.09434673190116882,0.29815933108329773,0.30705147981643677,0.3083156645298004,0.036055158442472646,0.0010885172496313354,0.03496664119284157,0.050952294806161244
49,scratch,1960,0.11437394469976425,0.00020824636158067733,0.90032958984375,0.09967041015625,2,730,424,0.09393435716629028,0.2990061342716217,0.30638137459754944,0.30927547812461853,0.03621355994692266,0.001426130592365231,0.034787429354557683,0.0506542924715586
49,scratch,1980,0.11574456095695496,0.00020824636158067733,0.89752197265625,0.10247802734375,2,732,431,0.09461728483438492,0.3007812798023224,0.30723729729652405,0.31220126152038574,0.036263910643178576,0.0009806540747574425,0.03528325656842148,0.048278343020906486
49,scratch,2000,0.11445366591215134,0.00020824636158067733,0.90032958984375,0.09967041015625,2,730,425,0.09416888654232025,0.2976875305175781,0.3067038655281067,0.3073652386665344,0.03614747485408287,0.001426130592365231,0.034721344261718044,0.049808003526090924
49,mle,0,0.8177340626716614,0.00020824636158067733,0.5762939453125,0.4237060546875,2,1338,1115,0.679446816444397,1.0058221817016602,0.7231155633926392,0.6196210384368896,5.868780307654383,0.3010505570819352,5.567729750572449,1.3998840946308018
49,mle,100,0.12964805960655212,0.00020824636158067733,0.87249755859375,0.12750244140625,2,747,473,0.10338304936885834,0.3093792796134949,0.32004421949386597,0.3229697048664093,0.0653280082850003,0.0005805513656812981,0.06474745691931924,0.049434452042301
49,mle,200,0.11883516609668732,0.00020824636158067733,0.8974609375,0.1025390625,2,747,500,0.09620486944913864,0.3169041872024536,0.310143381357193,0.33739930391311646,0.044187692562267955,0.0009719292557406993,0.0432157633065273,0.03679262477202881
49,mle,300,0.11754068732261658,0.00020824636158067733,0.88177490234375,0.11822509765625,2,721,465,0.09340744465589523,0.2975369393825531,0.30559805035591125,0.3111623525619507,0.03445543279740804,1.564583272699511e-05,0.03443978696468142,0.025589454912956153
49,mle,400,0.11524885892868042,0.00020824636158067733,0.89141845703125,0.10858154296875,2,733,458,0.09330770373344421,0.2953784465789795,0.30496564507484436,0.3077070713043213,0.02821848270905747,0.00030520349677398435,0.027913279212284002,0.023629900469354634
49,mle,500,0.1180664598941803,0.00020824636158067733,0.884521484375,0.115478515625,2,733,498,0.09353139251470566,0.30599573254585266,0.30562639236450195,0.3231090009212494,0.022792872820723176,4.382354048857546e-06,0.02278849046667452,0.017276719766637125
49,mle,600,0.11839953064918518,0.00020824636158067733,0.88128662109375,0.11871337890625,2,739,495,0.09354902803897858,0.3028809428215027,0.30476006865501404,0.32033494114875793,0.025892798502177072,2.5266321090465765e-05,0.025867532181087005,0.020893778776776326
49,mle,700,0.1206967830657959,0.00020824636158067733,0.8779296875,0.1220703125,2,742,502,0.09499454498291016,0.3055472671985626,0.30819177627563477,0.32483112812042236,0.020254366122394174,0.00015267371271926976,0.020101692409675378,0.013961330050046836
49,mle,800,0.12104982882738113,0.00020824636158067733,0.88641357421875,0.11358642578125,2,775,493,0.0973358303308487,0.30611076951026917,0.31041431427001953,0.32328617572784424,0.030320981012486925,3.949685434626905e-05,0.03028148415814103,0.026720704315489438
49,mle,900,0.12397356331348419,0.00020824636158067733,0.87542724609375,0.12457275390625,2,769,532,0.09748464077711105,0.3101228177547455,0.3105529248714447,0.32849472761154175,0.026674614754305992,0.00031620310414579716,0.02635841165016052,0.021053229889043887
49,mle,1000,0.12032172083854675,0.00020824636158067733,0.87969970703125,0.12030029296875,2,759,499,0.09573037922382355,0.3001466989517212,0.3092038333415985,0.31618577241897583,0.01658301518255456,7.222980085730022e-05,0.01651078538169759,0.011687475978073944
49,mle,1100,0.11588755249977112,0.00020824636158067733,0.8807373046875,0.1192626953125,2,738,460,0.09216853976249695,0.29104891419410706,0.3035086691379547,0.30139318108558655,0.015814481158308524,3.88129592921037e-05,0.015775668199016497,0.012113936966893543
49,mle,1200,0.1147070825099945,0.00020824636158067733,0.88427734375,0.11572265625,2,732,483,0.09047703444957733,0.2998572885990143,0.3007361888885498,0.3157567083835602,0.01669485376333313,2.4150871767717385e-06,0.016692438676156704,0.01165147870164672
49,mle,1300,0.1125490665435791,0.00020824636158067733,0.88897705078125,0.11102294921875,2,734,477,0.0894036516547203,0.29787778854370117,0.2989656925201416,0.31180933117866516,0.01372594705099317,0.00014389266767021215,0.013582054383323335,0.010578315873540287
49,mle,1400,0.1237248107790947,0.00020824636158067733,0.8868408203125,0.1131591796875,2,785,511,0.10007262974977493,0.3090895414352417,0.31577974557876587,0.32773837447166443,0.02038477239403136,5.232860670555638e-05,0.020332443787326265,0.017441157914840896
49,mle,1500,0.11584673821926117,0.00020824636158067733,0.883544921875,0.116455078125,2,742,456,0.0931062325835228,0.288379043340683,0.30480414628982544,0.2967261075973511,0.013335539625408899,3.847674695552756e-09,0.013335535777734553,0.010661306908555143
49,mle,1600,0.11650198698043823,0.00020824636158067733,0.88238525390625,0.11761474609375,2,740,458,0.09338055551052094,0.28996673226356506,0.30488404631614685,0.29914620518684387,0.014188852485681025,6.837333399538001e-06,0.014182015152281728,0.012617896013803129
49,mle,1700,0.11960282921791077,0.00020824636158067733,0.87847900390625,0.12152099609375,2,757,497,0.09504158049821854,0.29715681076049805,0.3075796067714691,0.3113969564437866,0.013885548451803231,0.00012456268899519157,0.013760985762808256,0.01011473332732292
49,mle,1800,0.11445280909538269,0.00020824636158067733,0.88055419921875,0.11944580078125,2,737,493,0.08974523842334747,0.2965971529483795,0.2992653250694275,0.31042546033859253,0.015192264291549407,4.3967455288231386e-05,0.015148296836261451,0.01332713135456741
49,mle,1900,0.114204540848732,0.00020824636158067733,0.88330078125,0.11669921875,2,741,479,0.09025681018829346,0.2954657971858978,0.3002137839794159,0.30790185928344727,0.011948142248733973,3.600842914774742e-07,0.011947782164442648,0.010249283616981283
49,mle,2000,0.11270365118980408,0.00020824636158067733,0.887451171875,0.112548828125,2,739,472,0.0895700752735138,0.2951126992702484,0.2990504801273346,0.3076876103878021,0.012357349566450182,7.381649825066033e-05,0.012283533068199654,0.010202569313373697
49,mle,2100,0.11565171927213669,0.00020824636158067733,0.88232421875,0.11767578125,2,739,455,0.09250762313604355,0.28918442130088806,0.30406203866004944,0.2985073924064636,0.009983794458825912,7.55691922492115e-06,0.009976237539601147,0.006568628393547424
49,mle,2200,0.11638006567955017,0.00020824636158067733,0.88177490234375,0.11822509765625,2,747,467,0.09280896186828613,0.2921837568283081,0.30462124943733215,0.3027961850166321,0.011932037262162964,1.564583272699511e-05,0.011916391429436313,0.008683342895205878
49,mle,2300,0.11383652687072754,0.00020824636158067733,0.88592529296875,0.11407470703125,2,734,496,0.08985346555709839,0.30009350180625916,0.2995719015598297,0.3133135735988617,0.014266779770700566,2.7051630565939032e-05,0.014239728140134928,0.011097217052561045
49,mle,2400,0.11472415924072266,0.00020824636158067733,0.8824462890625,0.1175537109375,2,741,473,0.09094935655593872,0.2931956648826599,0.30134138464927673,0.30526331067085266,0.009005024171351295,6.153643083638702e-06,0.00899887052826807,0.006262836556966231
49,mle,2500,0.12173982709646225,0.00020824636158067733,0.87677001953125,0.12322998046875,2,752,502,0.09672875702381134,0.2996913492679596,0.3108169436454773,0.3144700527191162,0.013124992784291578,0.000221252415689213,0.012903740368602836,0.009723734031690565
49,mle,2600,0.11678851395845413,0.00020824636158067733,0.8807373046875,0.1192626953125,2,742,454,0.09364361315965652,0.28771016001701355,0.30562806129455566,0.2948606312274933,0.014638969959200665,3.88129592921037e-05,0.014600156999908702,0.011199979934867751
49,mle,2700,0.11654835194349289,0.00020824636158067733,0.88482666015625,0.11517333984375,2,752,479,0.09358515590429306,0.2929646074771881,0.3057231605052948,0.30394408106803894,0.007946103037106411,7.66216697504758e-06,0.007938440870131638,0.006518868854295742
49,mle,2800,0.11658098548650742,0.00020824636158067733,0.88067626953125,0.11932373046875,2,749,478,0.09264092147350311,0.2932721972465515,0.30398187041282654,0.30482155084609985,0.013730164770827002,4.049567978297794e-05,0.013689669091044228,0.00860392912840778
49,mle,2900,0.1137971580028534,0.00020824636158067733,0.88446044921875,0.11553955078125,2,732,448,0.09135796129703522,0.2855701744556427,0.3019120395183563,0.2919337749481201,0.011768766421305088,3.835872321578679e-06,0.011764930548983856,0.00956542646712931
49,mle,3000,0.11565878987312317,0.00020824636158067733,0.88348388671875,0.11651611328125,2,732,493,0.09206473082304001,0.29456084966659546,0.30314475297927856,0.3073628544807434,0.009862121275368452,3.8639905732760745e-08,0.009862082635462992,0.006352785313761142
49,mle,3100,0.11617626249790192,0.00020824636158067733,0.88043212890625,0.11956787109375,2,729,490,0.09216703474521637,0.29296693205833435,0.3034311830997467,0.30482473969459534,0.009850286959412813,4.7580905786756555e-05,0.009802706053626388,0.006967140966703464
49,mle,3200,0.11851008236408234,0.00020824636158067733,0.87982177734375,0.12017822265625,2,744,490,0.09395546466112137,0.29827389121055603,0.3063643276691437,0.31334081292152405,0.013098375857957478,6.77689166735506e-05,0.013030606941284342,0.008798093485206646
49,mle,3300,0.11811168491840363,0.00020824636158067733,0.883544921875,0.116455078125,2,738,485,0.09483890980482101,0.2946822941303253,0.30612874031066895,0.30701303482055664,0.02335827772986221,3.847674695552756e-09,0.023358273882187933,0.019854742168940884
49,mle,3400,0.11728189140558243,0.00020824636158067733,0.8800048828125,0.1199951171875,2,741,499,0.09284656494855881,0.29648256301879883,0.30422452092170715,0.31017181277275085,0.012256549813905337,6.134187051487971e-05,0.012195207943390844,0.008793626352821757
49,mle,3500,0.1150098443031311,0.00020824636158067733,0.88232421875,0.11767578125,2,747,446,0.09228964149951935,0.2853642404079437,0.30350303649902344,0.2912954092025757,0.008259320825168004,7.55691922492115e-06,0.008251763905943234,0.005737434571751673
49,mle,3600,0.11846952885389328,0.00020824636158067733,0.88079833984375,0.11920166015625,2,758,473,0.09499233216047287,0.2919459342956543,0.3077583909034729,0.30305540561676025,0.011390741318614062,3.716570454942317e-05,0.01135357561406496,0.007333499278724939
49,mle,3700,0.11803936213254929,0.00020824636158067733,0.87957763671875,0.12042236328125,2,750,476,0.09427107125520706,0.29164546728134155,0.3069944977760315,0.3025452196598053,0.009827829228747476,7.683149035538506e-05,0.009750997738392428,0.0062624593931513844
49,mle,3800,0.11900153011083603,0.00020824636158067733,0.87774658203125,0.12225341796875,2,741,502,0.09415838122367859,0.2973686456680298,0.30640342831611633,0.31131303310394287,0.015944521394708033,0.00016267028932341002,0.015781851105385013,0.011076661613737979
49,mle,3900,0.11263291537761688,0.00020824636158067733,0.8797607421875,0.1202392578125,2,717,472,0.08848080039024353,0.28934794664382935,0.2973557114601135,0.29887086153030396,0.010483200586172359,6.998175039044877e-05,0.010413218835782207,0.007428603320699931
49,mle,4000,0.11063264310359955,0.00020824636158067733,0.88433837890625,0.11566162109375,2,711,440,0.088167205452919,0.28240135312080383,0.296501100063324,0.2868473529815674,0.01111534894226196,2.852255609380144e-06,0.011112496686652946,0.009156933128219844
49,mle,4100,0.11937317252159119,0.00020824636158067733,0.87860107421875,0.12139892578125,2,757,499,0.09518232941627502,0.2944495975971222,0.30842363834381104,0.3071851134300232,0.009859734419300992,0.00011869926571668465,0.00974103515358457,0.006506913830203284
49,mle,4200,0.11415456980466843,0.00020824636158067733,0.88134765625,0.11865234375,2,731,470,0.09026899188756943,0.29157617688179016,0.3003635108470917,0.3025234341621399,0.010153379404805207,2.3938966592362398e-05,0.010129440438213096,0.006287178171301075
49,mle,4300,0.11657880246639252,0.00020824636158067733,0.88372802734375,0.11627197265625,2,755,485,0.09345576167106628,0.2923260033130646,0.30537766218185425,0.30359506607055664,0.008839422783061934,1.1676919338521178e-07,0.00883930601386865,0.005751327001457848
49,mle,4400,0.11713006347417831,0.00020824636158067733,0.88079833984375,0.11920166015625,2,737,532,0.09062675386667252,0.31296679377555847,0.3009900152683258,0.32757100462913513,0.017162116779950054,3.716570454942317e-05,0.017124951075400928,0.012387391486522556
49,mle,4500,0.11648648232221603,0.00020824636158067733,0.88238525390625,0.11761474609375,2,739,483,0.09307960420846939,0.2920926511287689,0.30444735288619995,0.30344268679618835,0.010243182162234632,6.837333399538001e-06,0.010236344828835273,0.007086738515904453
49,mle,4600,0.11526264250278473,0.00020824636158067733,0.8798828125,0.1201171875,2,744,470,0.09150361269712448,0.2893022298812866,0.30245229601860046,0.2984635531902313,0.010277943038822457,6.55913151477107e-05,0.010212351723675035,0.006854708904252202
49,mle,4700,0.1130763441324234,0.00020824636158067733,0.88287353515625,0.11712646484375,2,735,456,0.09029687196016312,0.2847830355167389,0.2997659146785736,0.29098135232925415,0.011664264032155813,2.3742441758745894e-06,0.01166188978798004,0.00860768452661885
49,mle,4800,0.11729851365089417,0.00020824636158067733,0.880126953125,0.119873046875,2,751,506,0.09235697984695435,0.30042320489883423,0.3037061095237732,0.3135652244091034,0.01325404558956933,5.7233540343548835e-05,0.013196812049226042,0.00896032241257215
49,mle,4900,0.11559738218784332,0.00020824636158067733,0.88287353515625,0.11712646484375,2,739,478,0.09218375384807587,0.2920841574668884,0.30315807461738586,0.30313047766685486,0.011425790148500425,2.3742441758745894e-06,0.011423415904324804,0.009336616452169419
49,mle,5000,0.1172247901558876,0.00020824636158067733,0.88250732421875,0.11749267578125,2,750,473,0.09443944692611694,0.2883693277835846,0.30708470940589905,0.296234130859375,0.008050936158547017,5.505864430475817e-06,0.008045430294116957,0.00557395164764328
49,warm,0,0.1172247901558876,0.00020824636158067733,0.88250732421875,0.11749267578125,2,750,473,0.09443944692611694,0.2883693277835846,0.30708470940589905,0.296234130859375,0.008050936158547017,5.505864430475817e-06,0.008045430294116957,0.00557395164764328
49,warm,20,0.1130114272236824,0.00020824636158067733,0.88470458984375,0.11529541015625,2,740,479,0.09036894887685776,0.2867554724216461,0.30051684379577637,0.2945040166378021,0.00538508619211342,6.240693780300158e-06,0.005378845498333206,0.0031609912923567934
49,warm,40,0.11498291790485382,0.00020824636158067733,0.88446044921875,0.11553955078125,2,741,472,0.09233575314283371,0.28834813833236694,0.3037359118461609,0.2970981001853943,0.005942493332263155,3.835872321578679e-06,0.005938657459941979,0.003313491143894662
49,warm,60,0.11374568939208984,0.00020824636158067733,0.88458251953125,0.11541748046875,2,742,469,0.0912213996052742,0.28637629747390747,0.3018970489501953,0.2938132882118225,0.005766992228750212,4.965307018767835e-06,0.005762026921731664,0.0033837177991199313
49,warm,80,0.11403491348028183,0.00020824636158067733,0.88409423828125,0.11590576171875,2,733,468,0.09131745249032974,0.2873169481754303,0.30203208327293396,0.29543235898017883,0.0055844675742307,1.3219412643131114e-06,0.005583145632966739,0.003422221904879716
49,warm,100,0.11392416805028915,0.00020824636158067733,0.88482666015625,0.11517333984375,2,733,474,0.09130948781967163,0.28766298294067383,0.3020893931388855,0.29590854048728943,0.006006694475949814,7.66216697504758e-06,0.00599903230897504,0.0033452412546875893
49,warm,120,0.11431999504566193,0.00020824636158067733,0.88446044921875,0.11553955078125,2,729,478,0.09154678881168365,0.2886500358581543,0.3024474084377289,0.29749900102615356,0.005399673865035481,3.835872321578679e-06,0.005395837992714269,0.003786419592183829
49,warm,140,0.1141645684838295,0.00020824636158067733,0.8846435546875,0.1153564453125,2,728,470,0.09150530397891998,0.2879336178302765,0.30238303542137146,0.29642271995544434,0.00587391943263782,5.5847480002313e-06,0.005868334684637792,0.0035673792165152735
49,warm,160,0.11358945816755295,0.00020824636158067733,0.884521484375,0.115478515625,2,728,475,0.09092550724744797,0.2871865928173065,0.3014446496963501,0.2951914966106415,0.006084799872773772,4.382354048857546e-06,0.006080417518725177,0.0036722749148293404
49,warm,180,0.11409049481153488,0.00020824636158067733,0.88330078125,0.11669921875,2,727,472,0.09124670177698135,0.28699609637260437,0.3019505441188812,0.29479891061782837,0.005442184491407431,3.600842914774742e-07,0.0054418244071161555,0.003623714067766723
49,warm,200,0.11356556415557861,0.00020824636158067733,0.88446044921875,0.11553955078125,2,724,468,0.09097903221845627,0.2864665687084198,0.30149900913238525,0.2940216064453125,0.0060432459693444684,3.835872321578679e-06,0.006039410097023254,0.0038310448446691042
49,warm,220,0.11304491013288498,0.00020824636158067733,0.885009765625,0.114990234375,2,721,462,0.09050337225198746,0.28653329610824585,0.30077946186065674,0.2941441833972931,0.005792023170947402,1.0068583476220477e-05,0.005781954587471284,0.003486377042686381
49,warm,240,0.11387716233730316,0.00020824636158067733,0.88397216796875,0.11602783203125,2,723,469,0.09103181213140488,0.2879272699356079,0.3016226291656494,0.29651209712028503,0.0056790363240040165,7.749769118839509e-07,0.005678261347092462,0.003402646137369611
49,warm,260,0.11360951513051987,0.00020824636158067733,0.883544921875,0.116455078125,2,728,469,0.09071412682533264,0.2873168885707855,0.3010919988155365,0.2954687774181366,0.005579205070539217,3.847674695552756e-09,0.005579201222864949,0.0035366269451014704
49,warm,280,0.11499547958374023,0.00020824636158067733,0.88323974609375,0.11676025390625,2,731,472,0.0918973982334137,0.2897222638130188,0.30304768681526184,0.2995246946811676,0.006013207938671883,5.395335489349895e-07,0.006012668405123151,0.0036272723166302784
49,warm,300,0.11433269083499908,0.00020824636158067733,0.8829345703125,0.1170654296875,2,734,478,0.0911073312163353,0.28950369358062744,0.30173417925834656,0.29911479353904724,0.005207086379236614,1.9783008966670936e-06,0.005205108078340289,0.0033959197401099844
49,warm,320,0.11441658437252045,0.00020824636158067733,0.8834228515625,0.1165771484375,2,729,470,0.09131134301424026,0.28950831294059753,0.3020983338356018,0.2990979552268982,0.005955377798095185,1.0962104808715195e-07,0.00595526817704734,0.0035033308679385117
49,warm,340,0.1136130541563034,0.00020824636158067733,0.88323974609375,0.11676025390625,2,721,480,0.09050651639699936,0.2884037494659424,0.3007752001285553,0.2972758710384369,0.005601990557629222,5.395335489349895e-07,0.005601451024080485,0.003421563416163717
49,warm,360,0.1141129806637764,0.00020824636158067733,0.88372802734375,0.11627197265625,2,723,471,0.09120798110961914,0.28820306062698364,0.30191612243652344,0.29689863324165344,0.005264490552512768,1.1676919338521178e-07,0.005264373783319471,0.0033615547301860532
49,warm,380,0.11421460658311844,0.00020824636158067733,0.88385009765625,0.11614990234375,2,724,476,0.0912584513425827,0.2889009118080139,0.30200791358947754,0.29809853434562683,0.005394908585735436,3.732971035144976e-07,0.005394535288632422,0.003251362353007589
49,warm,400,0.11388592422008514,0.00020824636158067733,0.8837890625,0.1162109375,2,726,471,0.09102652221918106,0.2877326011657715,0.301629900932312,0.29615452885627747,0.006081853753862276,2.268974402916033e-07,0.006081626856422115,0.003381202864370589
49,warm,420,0.1139800101518631,0.00020824636158067733,0.88348388671875,0.11651611328125,2,733,468,0.09090850502252579,0.2889197766780853,0.30139535665512085,0.29815366864204407,0.005258723792216813,3.8639905732760745e-08,0.005258685152311282,0.0032354044462817727
49,warm,440,0.1141105592250824,0.00020824636158067733,0.88348388671875,0.11651611328125,2,727,473,0.09109887480735779,0.28859686851501465,0.3016887307167053,0.29756689071655273,0.005839448255578361,3.8639905732760745e-08,0.0058394096156728454,0.0033340840757273144
49,warm,460,0.11426436901092529,0.00020824636158067733,0.8834228515625,0.1165771484375,2,726,471,0.09124402701854706,0.28871282935142517,0.30196481943130493,0.2978039085865021,0.005862249989881718,1.0962104808715195e-07,0.005862140368833906,0.003335127811847069
49,warm,480,0.11358145624399185,0.00020824636158067733,0.88348388671875,0.11651611328125,2,724,473,0.09059366583824158,0.28788647055625916,0.3009054362773895,0.29641294479370117,0.006295497882824463,3.8639905732760745e-08,0.006295459242918924,0.003380723567938712
49,warm,500,0.11426497250795364,0.00020824636158067733,0.88287353515625,0.11712646484375,2,726,481,0.09096590429544449,0.2898881733417511,0.3015191853046417,0.29977473616600037,0.004859546960510386,2.3742441758745894e-06,0.004857172716334655,0.0031412176842832013
49,warm,520,0.11475802958011627,0.00020824636158067733,0.88287353515625,0.11712646484375,2,731,470,0.09146639704704285,0.2903253138065338,0.3023380935192108,0.30043908953666687,0.005964591994420232,2.3742441758745894e-06,0.0059622177502445355,0.003495800339119323
49,warm,540,0.11352284997701645,0.00020824636158067733,0.88348388671875,0.11651611328125,2,723,469,0.09052995592355728,0.28786641359329224,0.30080804228782654,0.296394020318985,0.005500230993497723,3.8639905732760745e-08,0.005500192353592153,0.0031881379338710575
49,warm,560,0.11410266160964966,0.00020824636158067733,0.88311767578125,0.11688232421875,2,728,473,0.09093137085437775,0.28917595744132996,0.30143454670906067,0.29858800768852234,0.006108583570316739,1.0067853577531787e-06,0.006107576784959238,0.0033725595651458024
49,warm,580,0.11426202952861786,0.00020824636158067733,0.8834228515625,0.1165771484375,2,729,471,0.09112856537103653,0.28956761956214905,0.3017786145210266,0.29922810196876526,0.005230741845302589,1.0962104808715195e-07,0.005230632224254624,0.0031538564955962828
49,warm,600,0.11366866528987885,0.00020824636158067733,0.88330078125,0.11669921875,2,721,472,0.0906568318605423,0.28784608840942383,0.3010266125202179,0.2963631749153137,0.005949198403691014,3.600842914774742e-07,0.005948838319399729,0.0032039443333314738
49,warm,620,0.11423256993293762,0.00020824636158067733,0.883544921875,0.116455078125,2,728,480,0.09104131907224655,0.29018473625183105,0.3016436696052551,0.3002597987651825,0.0061551809565614235,3.847674695552756e-09,0.006155177108887138,0.0030906507029112434
49,warm,640,0.11447100341320038,0.00020824636158067733,0.88385009765625,0.11614990234375,2,729,475,0.09127209335565567,0.29100462794303894,0.30202504992485046,0.3014358580112457,0.005588268341675473,3.732971035144976e-07,0.005587895044572429,0.003369651976067853
49,warm,660,0.11377876251935959,0.00020824636158067733,0.88372802734375,0.11627197265625,2,728,476,0.09075814485549927,0.2887474596500397,0.3011722266674042,0.2978346049785614,0.006107186448211621,1.1676919338521178e-07,0.006107069679018608,0.003406194534586557
49,warm,680,0.11396726965904236,0.00020824636158067733,0.88323974609375,0.11676025390625,2,728,476,0.09081689268350601,0.2890895903110504,0.3012649714946747,0.29840338230133057,0.00537155970669545,5.395335489349895e-07,0.00537102017314681,0.00325977779834373
49,warm,700,0.11419668048620224,0.00020824636158067733,0.88360595703125,0.11639404296875,2,727,473,0.09102342277765274,0.2901166081428528,0.3016040027141571,0.30011802911758423,0.005337381034046018,5.260820317814748e-09,0.0053373757732257665,0.003358420982517582
49,warm,720,0.11377716064453125,0.00020824636158067733,0.88458251953125,0.11541748046875,2,733,478,0.09077724069356918,0.2900531589984894,0.3012068271636963,0.3000485301017761,0.005517407386655293,4.965307018767835e-06,0.005512442079636832,0.0035481536990528
49,warm,740,0.11497361212968826,0.00020824636158067733,0.88397216796875,0.11602783203125,2,735,486,0.09174026548862457,0.29197958111763,0.3028094470500946,0.3029782176017761,0.005632660854466565,7.749769118839509e-07,0.005631885877555125,0.003539196209426318
49,warm,760,0.11385934054851532,0.00020824636158067733,0.8837890625,0.1162109375,2,728,472,0.09066151827573776,0.29027971625328064,0.3010290265083313,0.3003791868686676,0.0053311262934627734,2.268974402916033e-07,0.005330899396022732,0.0033133899498761638
49,warm,780,0.11354352533817291,0.00020824636158067733,0.88348388671875,0.11651611328125,2,728,470,0.09024389833211899,0.29021307826042175,0.3002992570400238,0.3001834750175476,0.005918817995556935,3.8639905732760745e-08,0.005918779355651488,0.003626413673596271
49,warm,800,0.11413842439651489,0.00020824636158067733,0.883544921875,0.116455078125,2,731,466,0.09120278060436249,0.28815117478370667,0.30186906456947327,0.2968559265136719,0.005145495427136382,3.847674695552756e-09,0.00514549157946214,0.0035476701243578462
49,warm,820,0.11441484838724136,0.00020824636158067733,0.88287353515625,0.11712646484375,2,729,475,0.09116919338703156,0.2896355390548706,0.3018210828304291,0.29927828907966614,0.005506866128420995,2.3742441758745894e-06,0.005504491884245232,0.0036157520164533524
49,warm,840,0.11392515897750854,0.00020824636158067733,0.88348388671875,0.11651611328125,2,730,468,0.09091593325138092,0.2883926331996918,0.3014214038848877,0.2972608208656311,0.005518342016152644,3.8639905732760745e-08,0.005518303376247215,0.003321396828364395
49,warm,860,0.1138545423746109,0.00020824636158067733,0.88397216796875,0.11602783203125,2,721,478,0.09074320644140244,0.289931058883667,0.30112993717193604,0.2998499870300293,0.004911436281695103,7.749769118839509e-07,0.004910661304783638,0.0033623178180687135
49,warm,880,0.11433690786361694,0.00020824636158067733,0.8829345703125,0.1170654296875,2,725,475,0.09106207638978958,0.2898811101913452,0.3016776740550995,0.29971009492874146,0.005261044258809022,1.9783008966670936e-06,0.005259065957912526,0.0028953407247581525
49,warm,900,0.1144731417298317,0.00020824636158067733,0.88323974609375,0.11676025390625,2,733,478,0.0914205014705658,0.2888562083244324,0.3023104965686798,0.2979975938796997,0.004965662000181226,5.395335489349895e-07,0.004965122466632459,0.00306083751751883
49,warm,920,0.11402644217014313,0.00020824636158067733,0.88323974609375,0.11676025390625,2,727,465,0.0909852683544159,0.288322776556015,0.3015289902687073,0.2971752882003784,0.005068091359866855,5.395335489349895e-07,0.005067551826318094,0.003180066954196245
49,warm,940,0.11382410675287247,0.00020824636158067733,0.8831787109375,0.1168212890625,2,726,474,0.09061125665903091,0.2893151640892029,0.3009517192840576,0.2987965941429138,0.00477615723939806,7.551060303742207e-07,0.004775402133368065,0.0028578881403927697
49,warm,960,0.11388120800256729,0.00020824636158067733,0.88299560546875,0.11700439453125,2,728,473,0.09058037400245667,0.2897253930568695,0.30090567469596863,0.2995007634162903,0.005099592098126493,1.6183991253845408e-06,0.005097973699001446,0.0030891462240515283
49,warm,980,0.11425779014825821,0.00020824636158067733,0.883056640625,0.116943359375,2,732,479,0.09091346710920334,0.29053419828414917,0.30142074823379517,0.3007500469684601,0.005040581728103177,1.29455517048e-06,0.005039287172932966,0.003468575873962418
49,warm,1000,0.11363746970891953,0.00020824636158067733,0.88311767578125,0.11688232421875,2,727,472,0.09053437411785126,0.28819552063941956,0.30082884430885315,0.29691171646118164,0.0057491838568282105,1.0067853577531787e-06,0.005748177071470795,0.002978395388022345
49,warm,1020,0.11433174461126328,0.00020824636158067733,0.88330078125,0.11669921875,2,733,472,0.0912070944905281,0.2893630564212799,0.3019089102745056,0.29890313744544983,0.004999243389470109,3.600842914774742e-07,0.004998883305178853,0.0029485143543251796
49,warm,1040,0.1141563355922699,0.00020824636158067733,0.88336181640625,0.11663818359375,2,722,471,0.09106267988681793,0.2890566289424896,0.30164265632629395,0.29842090606689453,0.005362284235893355,2.167746535204336e-07,0.005362067461239995,0.003205217756881193
49,warm,1060,0.11429591476917267,0.00020824636158067733,0.88311767578125,0.11688232421875,2,731,475,0.09101168811321259,0.29022255539894104,0.3015969693660736,0.30029839277267456,0.005058324278074622,1.0067853577531787e-06,0.005057317492717202,0.0028102143999103463
49,warm,1080,0.1140260323882103,0.00020824636158067733,0.88336181640625,0.11663818359375,2,726,474,0.09081192314624786,0.28983861207962036,0.30126655101776123,0.2996480166912079,0.004927679824326958,2.167746535204336e-07,0.004927463049673605,0.0029595619646397425
49,warm,1100,0.11424955725669861,0.00020824636158067733,0.88299560546875,0.11700439453125,2,725,475,0.09109016507863998,0.2890262305736542,0.30172041058540344,0.2982481122016907,0.005361932872624209,1.6183991253845408e-06,0.005360314473499004,0.002934659635907319
49,warm,1120,0.11441620439291,0.00020824636158067733,0.8831787109375,0.1168212890625,2,727,469,0.09115911275148392,0.29024168848991394,0.30181261897087097,0.3002671003341675,0.004618098447103591,7.551060303742207e-07,0.0046173433410735595,0.0030792392728880985
49,warm,1140,0.11407709866762161,0.00020824636158067733,0.88360595703125,0.11639404296875,2,723,477,0.09094573557376862,0.2896789312362671,0.30146294832229614,0.2993220090866089,0.006325446717532657,5.260820317814748e-09,0.006325441456712532,0.0034708949035529985
49,warm,1160,0.11437387019395828,0.00020824636158067733,0.8829345703125,0.1170654296875,2,722,476,0.09095941483974457,0.29097115993499756,0.30151256918907166,0.30149948596954346,0.005644823268816879,1.9783008966670936e-06,0.00564284496792055,0.003328819294661098
49,warm,1180,0.11353377997875214,0.00020824636158067733,0.88336181640625,0.11663818359375,2,725,468,0.09038951992988586,0.2888173460960388,0.3005996644496918,0.2979147732257843,0.004877895524991516,2.167746535204336e-07,0.0048776787503382905,0.0032024381373457617
49,warm,1200,0.11418591439723969,0.00020824636158067733,0.88287353515625,0.11712646484375,2,721,472,0.0909254252910614,0.2895183265209198,0.3014504015445709,0.29913148283958435,0.005687387875518368,2.3742441758745894e-06,0.0056850136313427195,0.0032301822004637687
49,warm,1220,0.11395101994276047,0.00020824636158067733,0.88348388671875,0.11651611328125,2,730,476,0.09079497307538986,0.289531946182251,0.30123406648635864,0.2991410195827484,0.005355596393933126,3.8639905732760745e-08,0.00535555775402761,0.0031382272948076023
49,warm,1240,0.11358320713043213,0.00020824636158067733,0.8831787109375,0.1168212890625,2,723,479,0.09029065817594528,0.28967681527137756,0.3004032075405121,0.2993736267089844,0.005646301263190878,7.551060303742207e-07,0.005645546157160902,0.0031319667480101815
49,warm,1260,0.11410185694694519,0.00020824636158067733,0.883056640625,0.116943359375,2,726,470,0.09097864478826523,0.2887086868286133,0.30152300000190735,0.2977328896522522,0.0050218412987348415,1.29455517048e-06,0.0050205467435645405,0.0030636226085743873
49,warm,1280,0.11392240226268768,0.00020824636158067733,0.88299560546875,0.11700439453125,2,724,469,0.09070836752653122,0.2891114056110382,0.3011041581630707,0.2984939217567444,0.005273940377087172,1.6183991253845408e-06,0.005272321977962139,0.0031423977936765185
49,warm,1300,0.11316700279712677,0.00020824636158067733,0.8834228515625,0.1165771484375,2,721,472,0.09006157517433167,0.2882601320743561,0.3000434637069702,0.2969173789024353,0.004783313845841519,1.0962104808715195e-07,0.004783204224793591,0.003127602555873618
49,warm,1320,0.11386317014694214,0.00020824636158067733,0.8829345703125,0.1170654296875,2,716,464,0.09074853360652924,0.2881990671157837,0.3011755645275116,0.29692891240119934,0.004777447321252737,1.9783008966670936e-06,0.004775469020356231,0.0030053155144241644
49,warm,1340,0.11449924856424332,0.00020824636158067733,0.8829345703125,0.1170654296875,2,725,476,0.09115501493215561,0.2905668616294861,0.30179479718208313,0.30086058378219604,0.005451334313697487,1.9783008966670936e-06,0.005449356012801045,0.0033157521768270998
49,warm,1360,0.1137208640575409,0.00020824636158067733,0.8829345703125,0.1170654296875,2,720,471,0.09052782505750656,0.2886480987071991,0.30078670382499695,0.29771170020103455,0.005236663805412434,1.9783008966670936e-06,0.005234685504516106,0.00335720343832234
49,warm,1380,0.11394685506820679,0.00020824636158067733,0.88299560546875,0.11700439453125,2,718,472,0.0906640887260437,0.28965455293655396,0.3010243773460388,0.2993495464324951,0.005123904572251092,1.6183991253845408e-06,0.0051222861731258775,0.003166167037529685
49,warm,1400,0.1136808916926384,0.00020824636158067733,0.883056640625,0.116943359375,2,724,474,0.09054769575595856,0.2883630394935608,0.30085423588752747,0.2971888482570648,0.005368157239722393,1.29455517048e-06,0.005366862684552101,0.003101790106707067
49,warm,1420,0.11454575508832932,0.00020824636158067733,0.88299560546875,0.11700439453125,2,730,487,0.09102637320756912,0.29203924536705017,0.30161798000335693,0.3030853867530823,0.005285618671045711,1.6183991253845408e-06,0.005284000271920577,0.0034416446953809826
49,warm,1440,0.11420713365077972,0.00020824636158067733,0.88262939453125,0.11737060546875,2,725,474,0.09100501239299774,0.2886875867843628,0.301567405462265,0.2976836860179901,0.004618421375930382,4.3181068113155516e-06,0.004614103269119456,0.0029582605359291664
49,warm,1460,0.11415818333625793,0.00020824636158067733,0.88299560546875,0.11700439453125,2,725,473,0.09092354029417038,0.289502888917923,0.30138957500457764,0.29914435744285583,0.004774758698481207,1.6183991253845408e-06,0.004773140299356132,0.003145338553845231
49,warm,1480,0.11432790756225586,0.00020824636158067733,0.88299560546875,0.11700439453125,2,722,476,0.091162770986557,0.28914788365364075,0.30185002088546753,0.2985033392906189,0.00532366217230873,1.6183991253845408e-06,0.005322043773183637,0.0031420202660637914
49,warm,1500,0.11393531411886215,0.00020824636158067733,0.883056640625,0.116943359375,2,726,470,0.0908377543091774,0.2883482575416565,0.3012995421886444,0.2971620559692383,0.005096808407692777,1.29455517048e-06,0.005095513852522436,0.003054113637740538
49,warm,1520,0.11340899020433426,0.00020824636158067733,0.883056640625,0.116943359375,2,722,470,0.09045333415269852,0.28675055503845215,0.3006610572338104,0.2945089638233185,0.0047144413918474015,1.29455517048e-06,0.004713146836677059,0.0032842485245464376
49,warm,1540,0.1142982766032219,0.00020824636158067733,0.8829345703125,0.1170654296875,2,725,466,0.09124622493982315,0.28816211223602295,0.30196017026901245,0.29690295457839966,0.004774275978711273,1.9783008966670936e-06,0.004772297677814894,0.003150943987970986
49,warm,1560,0.11430054903030396,0.00020824636158067733,0.8829345703125,0.1170654296875,2,725,474,0.09084609150886536,0.29119962453842163,0.3013334572315216,0.30193284153938293,0.005257080466257946,1.9783008966670936e-06,0.0052551021653614955,0.0031521335779370746
49,warm,1580,0.11359770596027374,0.00020824636158067733,0.88311767578125,0.11688232421875,2,721,473,0.09044433385133743,0.2885356545448303,0.3006742596626282,0.2974975109100342,0.004781297419690134,1.0067853577531787e-06,0.004780290634332737,0.0031580945153518586
49,warm,1600,0.11442528665065765,0.00020824636158067733,0.88275146484375,0.11724853515625,2,726,474,0.09125801920890808,0.2888490855693817,0.30196821689605713,0.29806074500083923,0.00534190079343233,3.274190111531277e-06,0.005338626603320939,0.003021765530543216
49,warm,1620,0.11431168019771576,0.00020824636158067733,0.88250732421875,0.11749267578125,2,722,473,0.09096584469079971,0.28966623544692993,0.30150148272514343,0.29941579699516296,0.005202885903422327,5.505864430475817e-06,0.005197380038992293,0.0031016594377842738
49,warm,1640,0.11413797736167908,0.00020824636158067733,0.88275146484375,0.11724853515625,2,726,473,0.09087669104337692,0.28926965594291687,0.30137795209884644,0.2987494170665741,0.005831267216130698,3.274190111531277e-06,0.005827993026019361,0.003213617260594201
49,warm,1660,0.11412723362445831,0.00020824636158067733,0.88232421875,0.11767578125,2,726,474,0.09081140160560608,0.2889476418495178,0.3012773096561432,0.2981674373149872,0.005415033353351362,7.55691922492115e-06,0.00540747643412689,0.002905524598868378
49,warm,1680,0.11418300867080688,0.00020824636158067733,0.88238525390625,0.11761474609375,2,726,476,0.09083901345729828,0.28931745886802673,0.30130869150161743,0.2987784743309021,0.00458887929999463,6.837333399538001e-06,0.00458204196659538,0.0028379732841540134
49,warm,1700,0.11440329253673553,0.00020824636158067733,0.882568359375,0.117431640625,2,723,475,0.0909758061170578,0.29047468304634094,0.30154183506965637,0.3007567822933197,0.004930699233959501,4.894013610506464e-06,0.00492580522034921,0.0029415906112671836
49,warm,1720,0.11382443457841873,0.00020824636158067733,0.88226318359375,0.11773681640625,2,723,464,0.09069514274597168,0.28714412450790405,0.3010823428630829,0.2950788140296936,0.004607932122603131,8.312384423556042e-06,0.004599619738179878,0.00289943278152803
49,warm,1740,0.11375190317630768,0.00020824636158067733,0.88262939453125,0.11737060546875,2,722,475,0.09047121554613113,0.2888231575489044,0.3007088899612427,0.29800328612327576,0.005360186355396479,4.3181068113155516e-06,0.005355868248585512,0.00319106579376692
49,warm,1760,0.11459068953990936,0.00020824636158067733,0.88262939453125,0.11737060546875,2,727,479,0.09129578620195389,0.2897687554359436,0.30204570293426514,0.2995794415473938,0.004853787341566829,4.3181068113155516e-06,0.004849469234755928,0.003049519438031875
49,warm,1780,0.11432076245546341,0.00020824636158067733,0.88214111328125,0.11785888671875,2,728,477,0.090945303440094,0.2892795503139496,0.3014907240867615,0.29869019985198975,0.00490895535113367,9.930888481006223e-06,0.004899024462652918,0.002912920529747662
49,warm,1800,0.11436004936695099,0.00020824636158067733,0.8822021484375,0.1177978515625,2,728,480,0.09102252870798111,0.28913751244544983,0.3015947639942169,0.29850631952285767,0.005422957667910566,9.103712876214112e-06,0.00541385395503451,0.0029370969070850877
49,warm,1820,0.11416424065828323,0.00020824636158067733,0.8824462890625,0.1175537109375,2,724,469,0.0909615159034729,0.2883412837982178,0.30146345496177673,0.2970982491970062,0.004762975095950139,6.153643083638702e-06,0.004756821452866881,0.003516009042182286
49,warm,1840,0.11345454305410385,0.00020824636158067733,0.883056640625,0.116943359375,2,721,474,0.09030260145664215,0.2882782518863678,0.3004075884819031,0.2970816195011139,0.004725878447793264,1.29455517048e-06,0.004724583892623123,0.0030231054272416985
49,warm,1860,0.11385233700275421,0.00020824636158067733,0.88299560546875,0.11700439453125,2,721,468,0.09081126004457474,0.28773611783981323,0.3012714087963104,0.2961958646774292,0.004486620281390685,1.6183991253845408e-06,0.004485001882265603,0.0028321621805343783
49,warm,1880,0.11356962472200394,0.00020824636158067733,0.88336181640625,0.11663818359375,2,724,474,0.09050780534744263,0.2882288694381714,0.300747275352478,0.2970004677772522,0.004090827101030925,2.167746535204336e-07,0.004090610326377646,0.002881923320496735
49,warm,1900,0.11469119787216187,0.00020824636158067733,0.882568359375,0.117431640625,2,725,476,0.09140463918447495,0.2897036373615265,0.3022378087043762,0.299245685338974,0.004396369055761795,4.894013610506464e-06,0.004391475042151555,0.00295623554233769
49,warm,1920,0.113639235496521,0.00020824636158067733,0.8826904296875,0.1173095703125,2,727,476,0.09039222449064255,0.28856027126312256,0.30054745078086853,0.2975316345691681,0.004659975897816082,3.778160237667065e-06,0.004656197737578801,0.0028241738411861478
49,warm,1940,0.11423614621162415,0.00020824636158067733,0.88238525390625,0.11761474609375,2,721,469,0.09096560627222061,0.28881949186325073,0.30152037739753723,0.29800716042518616,0.004715685242267398,6.837333399538001e-06,0.004708847908868164,0.0026480568060332915
49,warm,1960,0.11425922065973282,0.00020824636158067733,0.883056640625,0.116943359375,2,726,476,0.09103656560182571,0.2896169126033783,0.3016158938407898,0.29926034808158875,0.004573501046984063,1.29455517048e-06,0.004572206491813761,0.0028259028997535823
49,warm,1980,0.11374711990356445,0.00020824636158067733,0.8826904296875,0.1173095703125,2,724,470,0.09050684422254562,0.28861746191978455,0.3007901608943939,0.29766416549682617,0.0042645911060432695,3.778160237667065e-06,0.004260812945805988,0.0029278943704821175
49,warm,2000,0.11356894671916962,0.00020824636158067733,0.88348388671875,0.11651611328125,2,730,471,0.09056563675403595,0.28799164295196533,0.30085888504981995,0.29628467559814453,0.0043158576052562125,3.8639905732760745e-08,0.00431581896535067,0.0032953490529007284
50,scratch,0,0.8590648174285889,0.00020824636158067733,0.778564453125,0.221435546875,2,1335,959,0.9044234156608582,0.6995844841003418,0.7381370663642883,0.6700583696365356,6.50318404704813,0.043848050025463214,6.4593359970226665,1.2809599451695657
50,scratch,20,0.6452512145042419,0.00020824636158067733,0.7998046875,0.2001953125,2,1333,900,0.6471273899078369,0.6377561092376709,0.6771996021270752,0.6115842461585999,4.27754302126305,0.028846078768007544,4.248696942495042,0.9818865144418351
50,scratch,40,0.4451630413532257,0.00020824636158067733,0.8275146484375,0.1724853515625,2,1287,759,0.4324062764644623,0.5063643455505371,0.5962459444999695,0.5179407000541687,2.3953721498081038,0.013553838516770084,2.381818311291334,0.7148658231974377
50,scratch,60,0.30370742082595825,0.00020824636158067733,0.8541259765625,0.1458740234375,2,1175,585,0.28496053814888,0.4134746789932251,0.5154634118080139,0.42940855026245117,1.2129648677540033,0.003940749385420297,1.209024118368583,0.5235740848595424
50,scratch,80,0.22499559819698334,0.00020824636158067733,0.881103515625,0.118896484375,2,1050,444,0.20570045709609985,0.36798572540283203,0.4518295228481293,0.3562047481536865,0.6725127139006801,2.9461967161126517e-05,0.6724832519335193,0.45321532781349105
50,scratch,100,0.18624939024448395,0.00020824636158067733,0.903076171875,0.096923828125,2,959,355,0.16798673570156097,0.3564094007015228,0.4094677269458771,0.3152633011341095,0.4746302335595871,0.0019469168017242737,0.4726833167578631,0.47149541298972053
50,scratch,120,0.16288357973098755,0.00020824636158067733,0.927978515625,0.072021484375,2,895,288,0.14800255000591278,0.3546220064163208,0.38361483812332153,0.2909768223762512,0.38080929629614246,0.010911173241206863,0.3698981230549359,0.513987447434597
50,scratch,140,0.14724142849445343,0.00020824636158067733,0.941650390625,0.058349609375,2,851,241,0.13450896739959717,0.35271885991096497,0.36547648906707764,0.2729507088661194,0.3135725078926086,0.01963697888113311,0.2939355290114759,0.5611069494491358
50,scratch,160,0.13502103090286255,0.00020824636158067733,0.95452880859375,0.04547119140625,2,819,208,0.12470600754022598,0.3515534996986389,0.35235264897346497,0.26240283250808716,0.263207429429535,0.030980142373204213,0.23222728705633122,0.6126353534793861
50,scratch,180,0.12546192109584808,0.00020824636158067733,0.96435546875,0.03564453125,2,801,180,0.11726116389036179,0.3473316431045532,0.34194517135620117,0.2500360310077667,0.22790582517045976,0.042176293079260296,0.1857295320911998,0.6727416572550692
50,scratch,200,0.11698625981807709,0.00020824636158067733,0.970703125,0.029296875,2,781,159,0.11007265746593475,0.3460572063922882,0.3316314220428467,0.23732183873653412,0.20191908099405254,0.05086809158032855,0.15105098941372408,0.7297951073644481
50,scratch,220,0.11239224672317505,0.00020824636158067733,0.9718017578125,0.0281982421875,2,753,150,0.10555850714445114,0.34790465235710144,0.32464683055877686,0.23199540376663208,0.18644079540973024,0.0525087726385965,0.13393202277113408,0.77049458545775
50,scratch,240,0.10846665501594543,0.00020824636158067733,0.9744873046875,0.0255126953125,2,744,144,0.10221546143293381,0.34723830223083496,0.31959429383277893,0.22849875688552856,0.1774349661871426,0.05670834967930762,0.12072661650783506,0.7952134123490805
50,scratch,260,0.10516196489334106,0.00020824636158067733,0.97564697265625,0.02435302734375,2,735,134,0.09913022071123123,0.3468097150325775,0.31462377309799194,0.22312866151332855,0.16798156668374276,0.05860985694468832,0.10937170973905483,0.8243064759819799
50,scratch,280,0.10340823978185654,0.00020824636158067733,0.9755859375,0.0244140625,2,714,137,0.09731612354516983,0.3468492031097412,0.3114587664604187,0.22026506066322327,0.16487881281937433,0.058508388972382995,0.10637042384699169,0.8457552982301831
50,scratch,300,0.10183624923229218,0.00020824636158067733,0.97662353515625,0.02337646484375,2,708,130,0.09600379317998886,0.3455045521259308,0.30961543321609497,0.21503351628780365,0.1637944685106092,0.060254933667812455,0.10353953484279714,0.8508026845022368
50,scratch,320,0.10192669928073883,0.00020824636158067733,0.97589111328125,0.02410888671875,2,709,135,0.09592877328395844,0.3447134792804718,0.30932262539863586,0.21527688205242157,0.16021299468848582,0.05901730057223951,0.10119569411624668,0.8322131238103293
50,scratch,340,0.10074686259031296,0.00020824636158067733,0.9766845703125,0.0233154296875,2,706,130,0.0948905423283577,0.3460680842399597,0.30769625306129456,0.21389342844486237,0.1584769024928434,0.06035912064041131,0.09811778185243239,0.8462882585893067
50,scratch,360,0.09913618117570877,0.00020824636158067733,0.9786376953125,0.0213623046875,2,703,119,0.09369777888059616,0.3482775092124939,0.3057928681373596,0.2144574671983719,0.1571895617387824,0.06378186193998898,0.09340769979879376,0.8732591745876971
50,scratch,380,0.09783843159675598,0.00020824636158067733,0.980224609375,0.019775390625,2,698,117,0.09271629899740219,0.351732075214386,0.30415117740631104,0.2157379388809204,0.15610576291583556,0.06669659819373513,0.08940916472210086,0.9077909194832
50,scratch,400,0.0976460874080658,0.00020824636158067733,0.98028564453125,0.01971435546875,2,700,114,0.09253663569688797,0.3517111539840698,0.30378392338752747,0.2150566577911377,0.15491415231809214,0.06681123499702973,0.08810291732106271,0.9036881865260921
50,scratch,420,0.09659841656684875,0.00020824636158067733,0.98138427734375,0.01861572265625,2,701,114,0.0917586013674736,0.3517434895038605,0.30268892645835876,0.21321068704128265,0.15322132713554737,0.06890824308029475,0.08431308405525281,0.9144228550951493
50,scratch,440,0.09693560749292374,0.00020824636158067733,0.98126220703125,0.01873779296875,2,698,112,0.09205050766468048,0.3527587354183197,0.3030725121498108,0.21469010412693024,0.15267239835957724,0.06867204754622383,0.08400035081335372,0.9086390078384693
50,scratch,460,0.09651871770620346,0.00020824636158067733,0.98175048828125,0.01824951171875,2,697,109,0.09180182963609695,0.3502683937549591,0.30264121294021606,0.2117815464735031,0.15105991499950022,0.06962174478364117,0.0814381702158593,0.9089719314881631
50,scratch,480,0.09797009825706482,0.00020824636158067733,0.9803466796875,0.0196533203125,2,694,118,0.09289483726024628,0.3511340022087097,0.30420395731925964,0.21730093657970428,0.15040225239209093,0.06692606456416722,0.08347618782792406,0.8722870606009064
50,scratch,500,0.09754974395036697,0.00020824636158067733,0.9803466796875,0.0196533203125,2,698,118,0.09243329614400864,0.3527689278125763,0.3036588132381439,0.21803511679172516,0.1488697411412474,0.06692606456416722,0.0819436765770806,0.8664417219563302
50,scratch,520,0.09821569174528122,0.00020824636158067733,0.97998046875,0.02001953125,2,699,122,0.09307863563299179,0.34968101978302,0.30460381507873535,0.2186284363269806,0.14738059924712132,0.06623996701289808,0.08114063223422363,0.840182209199379
50,scratch,540,0.09912316501140594,0.00020824636158067733,0.97821044921875,0.02178955078125,2,698,130,0.09353736788034439,0.3498891592025757,0.30509334802627563,0.2211763709783554,0.14642872581753608,0.06301808637597575,0.08341063944156049,0.8157131235723182
50,scratch,560,0.0998382493853569,0.00020824636158067733,0.97808837890625,0.02191162109375,2,698,131,0.0942639634013176,0.3486631214618683,0.3064364194869995,0.22192992269992828,0.1454393841384487,0.06280144502141288,0.08263793911703615,0.7900279700781948
50,scratch,580,0.09855016320943832,0.00020824636158067733,0.98016357421875,0.01983642578125,2,698,123,0.09348491579294205,0.34883609414100647,0.30535888671875,0.21830971539020538,0.14383012039325394,0.06658215357129711,0.07724796682195714,0.8152601248450492
50,scratch,600,0.0976715013384819,0.00020824636158067733,0.98101806640625,0.01898193359375,2,697,114,0.09285084903240204,0.3468111753463745,0.3044551908969879,0.2133200764656067,0.14269265309558676,0.0682020826456432,0.074490570449944,0.8177797639375467
50,scratch,620,0.09841153770685196,0.00020824636158067733,0.98004150390625,0.01995849609375,2,695,122,0.09342078119516373,0.343476802110672,0.305257111787796,0.21416553854942322,0.1409661788573473,0.066353838554958,0.07461234030238975,0.7858401685746185
50,scratch,640,0.0989534854888916,0.00020824636158067733,0.97906494140625,0.02093505859375,2,698,130,0.09374744445085526,0.34242305159568787,0.3056866526603699,0.21427175402641296,0.14045473767401262,0.06455436951943849,0.07590036815457446,0.7658752814615991
50,scratch,660,0.09792497009038925,0.00020824636158067733,0.98004150390625,0.01995849609375,2,694,128,0.0929432064294815,0.34254956245422363,0.30463463068008423,0.21254858374595642,0.1380895570335312,0.066353838554958,0.07173571847857371,0.7569218430810406
50,scratch,680,0.09853088110685349,0.00020824636158067733,0.97967529296875,0.02032470703125,2,699,126,0.09348460286855698,0.34176838397979736,0.3053782284259796,0.21315725147724152,0.13658899479269593,0.06567344631360264,0.07091554847909359,0.7479807654319711
50,scratch,700,0.09811188280582428,0.00020824636158067733,0.97998046875,0.02001953125,2,704,125,0.09314893186092377,0.3410540521144867,0.3049437999725342,0.21212142705917358,0.13587441777490739,0.06623996701289808,0.06963445076200972,0.7322497276120384
50,scratch,720,0.09949924051761627,0.00020824636158067733,0.97802734375,0.02197265625,2,706,137,0.09411918371915817,0.33897221088409424,0.30631503462791443,0.21427559852600098,0.13437701767616517,0.06269338531645693,0.07168363235970834,0.6894392658734841
50,scratch,740,0.1005633994936943,0.00020824636158067733,0.97705078125,0.02294921875,2,708,138,0.09498951584100723,0.3378680944442749,0.3077564239501953,0.2169998735189438,0.132974611061222,0.06098769266137081,0.07198691839985152,0.6576040329903162
50,scratch,760,0.0996176153421402,0.00020824636158067733,0.9774169921875,0.0225830078125,2,701,137,0.0941145196557045,0.33779728412628174,0.30638399720191956,0.21528342366218567,0.13148676882047283,0.06162224598239681,0.0698645228380763,0.6564127093454272
50,scratch,780,0.10022179037332535,0.00020824636158067733,0.97576904296875,0.02423095703125,2,701,145,0.0943961963057518,0.3348163366317749,0.3068118989467621,0.21641947329044342,0.12956740936424893,0.058813263639669246,0.07075414572457984,0.6167751050027118
50,scratch,800,0.1021442711353302,0.00020824636158067733,0.9732666015625,0.0267333984375,2,707,155,0.09585759043693542,0.33101943135261536,0.3091098964214325,0.21616555750370026,0.12626836925192464,0.05476517593546558,0.07150319331645925,0.5629940586597922
50,scratch,820,0.10037890821695328,0.00020824636158067733,0.97552490234375,0.02447509765625,2,707,148,0.09456083923578262,0.33227500319480896,0.307233601808548,0.21820083260536194,0.12386759672227043,0.058407077406643026,0.06546051931562777,0.5695160913103291
50,scratch,840,0.10179458558559418,0.00020824636158067733,0.97265625,0.02734375,2,706,164,0.09544596076011658,0.327623575925827,0.30851471424102783,0.21871139109134674,0.12052277093317088,0.05381523018814846,0.06670754074502283,0.5171024948660897
50,scratch,860,0.1044834703207016,0.00020824636158067733,0.96600341796875,0.03399658203125,2,707,184,0.09674765169620514,0.3242948055267334,0.3105994760990143,0.22301436960697174,0.11775675986501,0.044311193686882036,0.07344556617812838,0.4315275745041117
50,scratch,880,0.10649671405553818,0.00020824636158067733,0.96148681640625,0.03851318359375,2,720,192,0.09793858230113983,0.320151686668396,0.3126116096973419,0.22541391849517822,0.11264310227561936,0.038646520458344394,0.07399658181727524,0.3740674804660057
50,scratch,900,0.10810474306344986,0.00020824636158067733,0.955078125,0.044921875,2,723,216,0.09851526468992233,0.31198573112487793,0.3133194148540497,0.22574326395988464,0.10693145106852597,0.03154252221716544,0.07538892885136086,0.3194193179381227
50,scratch,920,0.10886622965335846,0.00020824636158067733,0.94989013671875,0.05010986328125,2,721,225,0.09853536635637283,0.3046998381614685,0.3135732114315033,0.22847212851047516,0.10024177564337577,0.026500857976604057,0.0737409176667719,0.27549948184718687
50,scratch,940,0.11045659333467484,0.00020824636158067733,0.94329833984375,0.05670166015625,2,726,246,0.09903145581483841,0.30052706599235535,0.31441837549209595,0.23529615998268127,0.09285972975776957,0.02090524406003262,0.0719544856977371,0.24117218395371764
50,scratch,960,0.11081170290708542,0.00020824636158067733,0.93988037109375,0.06011962890625,2,724,265,0.09899994730949402,0.29547056555747986,0.3144837021827698,0.24055594205856323,0.08646440641387443,0.018329793499311867,0.06813461291456295,0.21915095207190916
50,scratch,980,0.11182861775159836,0.00020824636158067733,0.93328857421875,0.06671142578125,2,717,277,0.09881869703531265,0.2938365042209625,0.314057320356369,0.24836915731430054,0.07886779691107648,0.013937880569364083,0.06492991634171252,0.21060911854260211
50,scratch,1000,0.11399205774068832,0.00020824636158067733,0.9261474609375,0.0738525390625,2,730,298,0.10004965960979462,0.28883659839630127,0.31603047251701355,0.25219497084617615,0.07361481558182703,0.009966822577356767,0.06364799300447058,0.15177240013985738
50,scratch,1020,0.1139349639415741,0.00020824636158067733,0.92193603515625,0.07806396484375,2,727,307,0.09926643967628479,0.2871703505516052,0.31492894887924194,0.25711607933044434,0.06896727851272288,0.007979069157594998,0.06098820935512805,0.13030633230777766
50,scratch,1040,0.1144036278128624,0.00020824636158067733,0.920654296875,0.079345703125,2,734,310,0.09967294335365295,0.28532472252845764,0.31552207469940186,0.25821107625961304,0.06453641617627426,0.00742359346677569,0.057112822709498884,0.10805953079511253
50,scratch,1060,0.11535222828388214,0.00020824636158067733,0.91571044921875,0.08428955078125,2,733,334,0.09969422221183777,0.2854587435722351,0.3155808746814728,0.2648372948169708,0.06065785357059639,0.005488846996510203,0.05516900657408641,0.09488837681532912
50,scratch,1080,0.11672291159629822,0.00020824636158067733,0.90850830078125,0.09149169921875,2,729,342,0.09988656640052795,0.2839069664478302,0.3158029317855835,0.2683977484703064,0.05609752538367019,0.003232888663428156,0.052864636720242164,0.07407092338803066
50,scratch,1100,0.11824607104063034,0.00020824636158067733,0.90093994140625,0.09906005859375,2,726,365,0.09989972412586212,0.28510409593582153,0.31584641337394714,0.27582016587257385,0.05203984103427928,0.0015345223440694639,0.05050531869021001,0.06440127082282286
50,scratch,1120,0.1173652783036232,0.00020824636158067733,0.90118408203125,0.09881591796875,2,728,371,0.09896227717399597,0.28519755601882935,0.31439247727394104,0.2778805196285248,0.04832069922922955,0.001579046523591695,0.04674165270563799,0.05659677232437842
50,scratch,1140,0.11750869452953339,0.00020824636158067733,0.89886474609375,0.10113525390625,2,733,381,0.09862342476844788,0.285356342792511,0.3138614892959595,0.2820960581302643,0.04578693094736508,0.0011828853815216058,0.04460404556584395,0.05102793058289988
50,scratch,1160,0.117621049284935,0.00020824636158067733,0.89898681640625,0.10101318359375,2,735,388,0.0987231656908989,0.2858065366744995,0.3141448497772217,0.2849673628807068,0.043034520761288775,0.001202250057894325,0.041832270703394736,0.04834234547274262
50,scratch,1180,0.1162472739815712,0.00020824636158067733,0.89703369140625,0.10296630859375,2,725,385,0.09690000116825104,0.2847990393638611,0.3112007677555084,0.2851039171218872,0.04039362981421135,0.0009119878084177073,0.03948164200579388,0.04450519587521283
50,scratch,1200,0.11638801544904709,0.00020824636158067733,0.8974609375,0.1025390625,2,729,397,0.0970899760723114,0.285291850566864,0.31141355633735657,0.2864159941673279,0.037671675095047874,0.0009719292557406993,0.03669974583930724,0.043025503227222525
50,scratch,1220,0.11649131774902344,0.00020824636158067733,0.895263671875,0.104736328125,2,730,391,0.09666398912668228,0.28597089648246765,0.31068989634513855,0.2883281111717224,0.037461370001260264,0.0006846323116732247,0.03677673768958757,0.04126469695006106
50,scratch,1240,0.11659670621156693,0.00020824636158067733,0.89453125,0.10546875,2,732,400,0.09650660306215286,0.2869906723499298,0.3104252219200134,0.29082757234573364,0.03645436712104555,0.0006003564206732877,0.03585401070037247,0.03935431937974952
50,scratch,1260,0.11601492017507553,0.00020824636158067733,0.89404296875,0.10595703125,2,727,400,0.09569577127695084,0.28746357560157776,0.3091481626033783,0.2919568717479706,0.03572543681439555,0.0005473335241070344,0.03517810329028902,0.03762827685681712
50,scratch,1280,0.11555981636047363,0.00020824636158067733,0.8948974609375,0.1051025390625,2,725,395,0.0953676849603653,0.2874860465526581,0.3086228668689728,0.2923802137374878,0.03402263486059809,0.0006417814361069311,0.03338085342449151,0.03681913118748069
50,scratch,1300,0.11618759483098984,0.00020824636158067733,0.89324951171875,0.10675048828125,2,727,411,0.09553640335798264,0.2889891564846039,0.30889269709587097,0.29543551802635193,0.0328533010477301,0.0004665347108820505,0.03238676633684835,0.03526288837860646
50,scratch,1320,0.11639254540205002,0.00020824636158067733,0.89312744140625,0.10687255859375,2,731,415,0.0955662950873375,0.2904362380504608,0.30896005034446716,0.298054575920105,0.032951252528441444,0.0004546912251593392,0.03249656130328253,0.03428278537580352
50,scratch,1340,0.11572447419166565,0.00020824636158067733,0.89398193359375,0.10601806640625,2,735,413,0.09498673677444458,0.2905922830104828,0.30808255076408386,0.29778823256492615,0.03172080712538872,0.0005408828360132234,0.03117992428937589,0.033341480463827775
50,scratch,1360,0.11603914201259613,0.00020824636158067733,0.8931884765625,0.1068115234375,2,733,416,0.09503035992383957,0.29172059893608093,0.30817657709121704,0.3002382814884186,0.03164234348223971,0.00046059344401498843,0.031181750038225025,0.03225394719742779
50,scratch,1380,0.1154746264219284,0.00020824636158067733,0.894775390625,0.105224609375,2,736,417,0.09482212364673615,0.2910926342010498,0.3077985644340515,0.29934728145599365,0.030565561549160236,0.0006278148851247417,0.029937746664035706,0.031932601699049865
50,scratch,1400,0.11534571647644043,0.00020824636158067733,0.89251708984375,0.10748291015625,2,739,419,0.09415153414011002,0.2913382053375244,0.3066558241844177,0.2999255955219269,0.030375409228149408,0.0003978123691178257,0.02997759685903187,0.03142486114779329
50,scratch,1420,0.11578642576932907,0.00020824636158067733,0.89178466796875,0.10821533203125,2,736,429,0.09439908713102341,0.29203590750694275,0.30708232522010803,0.30092987418174744,0.029678842533762406,0.00033468205952456864,0.029344160474238115,0.030573973346004077
50,scratch,1440,0.11494511365890503,0.00020824636158067733,0.8934326171875,0.1065673828125,2,734,420,0.0937514454126358,0.2926272749900818,0.3061060905456543,0.3015980124473572,0.029857934431497313,0.0004845929962287131,0.02937334143526892,0.030114173359147553
50,scratch,1460,0.11482375115156174,0.00020824636158067733,0.89239501953125,0.10760498046875,2,735,428,0.09342527389526367,0.2922865152359009,0.3055405020713806,0.301706463098526,0.02948232633280412,0.00038690321993191043,0.029095423112872623,0.029693147830807884
50,scratch,1480,0.11518196016550064,0.00020824636158067733,0.8924560546875,0.1075439453125,2,733,435,0.09379112720489502,0.2926943004131317,0.30607062578201294,0.30246424674987793,0.02955122811982136,0.0003923383875724263,0.029158889732249116,0.029266410391978734
50,scratch,1500,0.11520610749721527,0.00020824636158067733,0.89190673828125,0.10809326171875,2,739,432,0.09361278265714645,0.2933785319328308,0.3058083951473236,0.3034537136554718,0.02895275369228756,0.00034481686054004326,0.028607936831747866,0.028930557325334103
50,scratch,1520,0.11537128686904907,0.00020824636158067733,0.8919677734375,0.1080322265625,2,738,436,0.09376660734415054,0.2937502861022949,0.30608758330345154,0.3042711317539215,0.028054691280708255,0.0003499422121278021,0.02770474906858083,0.028284279252370634
50,scratch,1540,0.11541847884654999,0.00020824636158067733,0.89178466796875,0.10821533203125,2,737,440,0.09377583861351013,0.2937719225883484,0.3061061501502991,0.3044850826263428,0.027914296458042998,0.00033468205952456864,0.02757961439851865,0.027720769308184554
50,scratch,1560,0.11531804502010345,0.00020824636158067733,0.8919677734375,0.1080322265625,2,738,438,0.09374500811100006,0.2934359014034271,0.3060445785522461,0.30397850275039673,0.027825104513617305,0.0003499422121278021,0.027475162301489754,0.027183434716102947
50,scratch,1580,0.11624576896429062,0.00020824636158067733,0.8900146484375,0.1099853515625,2,736,438,0.09425777196884155,0.29417529702186584,0.30683183670043945,0.30551427602767944,0.027684188201241966,0.00020500235365848544,0.027479185847583666,0.026566404675800168
50,scratch,1600,0.1154128685593605,0.00020824636158067733,0.89208984375,0.10791015625,2,739,439,0.09383484721183777,0.29379767179489136,0.30614057183265686,0.30505669116973877,0.02751690749283142,0.00036030891338937297,0.027156598579442515,0.026995630892311037
50,scratch,1620,0.11438819020986557,0.00020824636158067733,0.89300537109375,0.10699462890625,2,739,439,0.09295038133859634,0.293313592672348,0.30477842688560486,0.3042782247066498,0.026899242381482225,0.000443003852971368,0.026456238528511047,0.026644466955299304
50,scratch,1640,0.11464334279298782,0.00020824636158067733,0.892578125,0.107421875,2,738,432,0.09313348680734634,0.29337063431739807,0.3050549030303955,0.3040708601474762,0.026742050730540257,0.0004033251839533191,0.026338725546587283,0.0263141950720137
50,scratch,1660,0.11518204212188721,0.00020824636158067733,0.89208984375,0.10791015625,2,735,442,0.09350298345088959,0.294402152299881,0.305630087852478,0.30605244636535645,0.026552394840841487,0.00036030891338937297,0.02619208592745253,0.025869609658225254
50,scratch,1680,0.11523091048002243,0.00020824636158067733,0.8919677734375,0.1080322265625,2,737,442,0.09356745332479477,0.2940952181816101,0.3056909739971161,0.3056289851665497,0.02652584801472102,0.0003499422121278021,0.026175905802593456,0.02585901101815123
50,scratch,1700,0.11503207683563232,0.00020824636158067733,0.89190673828125,0.10809326171875,2,735,441,0.09343475103378296,0.2932374179363251,0.30542895197868347,0.30435582995414734,0.026073716639807287,0.00034481686054004326,0.025728899779267705,0.02554534220802905
50,scratch,1720,0.11517634987831116,0.00020824636158067733,0.8914794921875,0.1085205078125,2,734,440,0.09342167526483536,0.29388782382011414,0.30552801489830017,0.30545440316200256,0.025058765667203886,0.0003100202601740449,0.024748745407030197,0.024763861715878174
50,scratch,1740,0.1144922599196434,0.00020824636158067733,0.89239501953125,0.10760498046875,2,742,441,0.09287219494581223,0.29379281401634216,0.30468881130218506,0.3048182725906372,0.02540860433582992,0.00038690321993191043,0.025021701115898083,0.02502979155655792
50,scratch,1760,0.11486880481243134,0.00020824636158067733,0.89208984375,0.10791015625,2,736,441,0.09320681542158127,0.2939479649066925,0.30513522028923035,0.30540427565574646,0.024817775626438277,0.00036030891338937297,0.024457466713049297,0.024801941189475638
50,scratch,1780,0.11500649899244308,0.00020824636158067733,0.89202880859375,0.10797119140625,2,740,446,0.09333062916994095,0.29408663511276245,0.30531150102615356,0.30565521121025085,0.024758674263289038,0.0003551062233418355,0.024403568039947553,0.024651884713643976
50,scratch,1800,0.1151483878493309,0.00020824636158067733,0.89080810546875,0.10919189453125,2,736,454,0.09302208572626114,0.29565897583961487,0.3048778474330902,0.30851539969444275,0.025332093701585734,0.00025914956302015586,0.02507294413856595,0.02442506721967673
50,scratch,1820,0.11429653316736221,0.00020824636158067733,0.89404296875,0.10595703125,2,745,438,0.09298146516084671,0.2941485345363617,0.304797887802124,0.30607423186302185,0.024368718467307815,0.0005473335241070344,0.023821384943201275,0.02453762459594598
50,scratch,1840,0.11470549553632736,0.00020824636158067733,0.89111328125,0.10888671875,2,742,447,0.09262721240520477,0.29539093375205994,0.30424225330352783,0.30784231424331665,0.025174630199039427,0.00028169661656501487,0.024892933582474734,0.023961536783867796
50,scratch,1860,0.11537161469459534,0.00020824636158067733,0.8917236328125,0.1082763671875,2,741,450,0.09358155727386475,0.2948263883590698,0.3056609034538269,0.3071555197238922,0.024115523131335692,0.00032967257179245327,0.02378585055954361,0.02407295808483921
50,scratch,1880,0.11393903195858002,0.00020824636158067733,0.89453125,0.10546875,2,740,438,0.09273404628038406,0.2937885522842407,0.3044126629829407,0.3050355911254883,0.02348354915812223,0.0006003564206732877,0.022883192737449255,0.02420415957862586
50,scratch,1900,0.11468187719583511,0.00020824636158067733,0.89190673828125,0.10809326171875,2,738,449,0.0929386094212532,0.2940915822982788,0.3047100007534027,0.30551260709762573,0.023376299283704327,0.00034481686054004326,0.023031482423164728,0.023650145988763124
50,scratch,1920,0.11505594849586487,0.00020824636158067733,0.89154052734375,0.10845947265625,2,740,447,0.09312444925308228,0.29533371329307556,0.30503955483436584,0.30800074338912964,0.022905120761429032,0.00031487553033314637,0.02259024523109615,0.02302298745893948
50,scratch,1940,0.11511914432048798,0.00020824636158067733,0.89105224609375,0.10894775390625,2,741,448,0.09306062012910843,0.29552939534187317,0.30491364002227783,0.30824634432792664,0.023451146412121204,0.0002771104952659538,0.0231740359168554,0.02280606536191497
50,scratch,1960,0.11439491808414459,0.00020824636158067733,0.8914794921875,0.1085205078125,2,736,444,0.09251401573419571,0.2941431403160095,0.3039872646331787,0.3060074746608734,0.02350814902893461,0.0003100202601740449,0.023198128768760942,0.02325503555152407
50,scratch,1980,0.11470465362071991,0.00020824636158067733,0.89263916015625,0.10736083984375,2,742,441,0.09309426695108414,0.29438164830207825,0.30497410893440247,0.30637800693511963,0.02321936838125538,0.000408876851485945,0.022810491529769744,0.022885188359618933
50,scratch,2000,0.11523275077342987,0.00020824636158067733,0.8912353515625,0.1087646484375,2,743,451,0.09333602339029312,0.29465824365615845,0.3053124248981476,0.30700457096099854,0.022696142107456296,0.00029098405713545803,0.02240515805032105,0.022398396221656167
50,mle,0,0.8590648174285889,0.00020824636158067733,0.778564453125,0.221435546875,2,1335,959,0.9044234156608582,0.6995844841003418,0.7381370663642883,0.6700583696365356,6.50318404704813,0.043848050025463214,6.4593359970226665,1.2809599451695657
50,mle,100,0.1217808648943901,0.00020824636158067733,0.878662109375,0.121337890625,2,728,460,0.09733510762453079,0.29880356788635254,0.3119467794895172,0.30997201800346375,0.05014465930508294,0.00011581993608319237,0.050028839369,0.041174898041613214
50,mle,200,0.11901313811540604,0.00020824636158067733,0.88616943359375,0.11383056640625,2,747,455,0.095916748046875,0.2988182008266449,0.3096272945404053,0.3117508292198181,0.03505123941868504,3.297879875076206e-05,0.03501826061993453,0.02719796718269661
50,mle,300,0.11679047346115112,0.00020824636158067733,0.886474609375,0.113525390625,2,731,489,0.09283626824617386,0.30383938550949097,0.30466920137405396,0.31901291012763977,0.027040331883476654,4.121882401711321e-05,0.02699911305945985,0.020615705857603625
50,mle,400,0.11827189475297928,0.00020824636158067733,0.88470458984375,0.11529541015625,2,742,492,0.09425138682126999,0.30259013175964355,0.3064907193183899,0.31868118047714233,0.024840038696133604,6.240693780300158e-06,0.02483379800235341,0.019699474492194877
50,mle,500,0.11719658970832825,0.00020824636158067733,0.8841552734375,0.1158447265625,2,727,483,0.09331472963094711,0.2994687557220459,0.30480891466140747,0.31485119462013245,0.029444578984843872,1.6499466741831063e-06,0.029442929038170185,0.02218613188710604
50,mle,600,0.12067144364118576,0.00020824636158067733,0.8817138671875,0.1182861328125,2,756,505,0.09587041288614273,0.30554017424583435,0.30907243490219116,0.3232530951499939,0.020977091685203675,1.6723488964066023e-05,0.020960368196239795,0.016396019514327217
50,mle,700,0.11808478087186813,0.00020824636158067733,0.8909912109375,0.1090087890625,2,757,503,0.09473533928394318,0.30893298983573914,0.3075752854347229,0.32451286911964417,0.023063099616415172,0.0002725627481100388,0.022790536868305532,0.0186603058839364
50,mle,800,0.11577017605304718,0.00020824636158067733,0.8841552734375,0.1158447265625,2,740,460,0.09269709140062332,0.2918696403503418,0.30400288105010986,0.30260539054870605,0.01661664187195555,1.6499466741831063e-06,0.016614991925281767,0.014117730804396142
50,mle,900,0.11643052846193314,0.00020824636158067733,0.87713623046875,0.12286376953125,2,725,471,0.09159884601831436,0.2937062978744507,0.30220431089401245,0.3060866892337799,0.017544749626544842,0.00019824649675362176,0.017346503129791378,0.013504500152744167
50,mle,1000,0.11984691023826599,0.00020824636158067733,0.87994384765625,0.12005615234375,2,753,494,0.0954294353723526,0.2988131642341614,0.30868324637413025,0.3132558763027191,0.016895376597680922,6.344896127035825e-05,0.016831927636410955,0.015969711407929008
50,mle,1100,0.1147771030664444,0.00020824636158067733,0.8858642578125,0.1141357421875,2,748,476,0.09171833842992783,0.2937477231025696,0.3027745485305786,0.3058072030544281,0.01281725539666212,2.566203541708124e-05,0.012791593361245388,0.011648005326828734
50,mle,1200,0.11859186738729477,0.00020824636158067733,0.88482666015625,0.11517333984375,2,756,492,0.09488947689533234,0.3006870746612549,0.307774156332016,0.3146882951259613,0.015156683047102604,7.66216697504758e-06,0.015149020880127859,0.014157862840188482
50,mle,1300,0.11815193295478821,0.00020824636158067733,0.88311767578125,0.11688232421875,2,751,458,0.09514599293470383,0.2919759154319763,0.3077969253063202,0.30211636424064636,0.01852015350669234,1.0067853577531787e-06,0.018519146721334808,0.01676186173539916
50,mle,1400,0.11507397890090942,0.00020824636158067733,0.886962890625,0.113037109375,2,755,449,0.09267831593751907,0.290804922580719,0.3041417598724365,0.30037549138069153,0.014350623151408115,5.632865305032087e-05,0.01429429449835816,0.012654650004374143
50,mle,1500,0.11962421238422394,0.00020824636158067733,0.87921142578125,0.12078857421875,2,755,485,0.09541420638561249,0.29584717750549316,0.30861788988113403,0.30955490469932556,0.013977167120906131,9.148015990217018e-05,0.013885686961004166,0.011170382736277115
50,mle,1600,0.11545213311910629,0.00020824636158067733,0.8802490234375,0.1197509765625,2,725,464,0.09152305126190186,0.29134681820869446,0.3021642565727234,0.3018476665019989,0.015047076078921862,5.326644874281477e-05,0.014993809630179253,0.012238467542597373
50,mle,1700,0.11778675019741058,0.00020824636158067733,0.87939453125,0.12060546875,2,747,466,0.093807153403759,0.29263386130332947,0.3061649799346924,0.30418485403060913,0.016534904255244953,8.399776511304035e-05,0.016450906490132335,0.013474047447057255
50,mle,1800,0.11539529263973236,0.00020824636158067733,0.8846435546875,0.1153564453125,2,748,460,0.09229385852813721,0.2925551235675812,0.30342546105384827,0.3026982545852661,0.01323482923981345,5.5847480002313e-06,0.013229244491813567,0.015216355060369988
50,mle,1900,0.1186361089348793,0.00020824636158067733,0.88116455078125,0.11883544921875,2,752,475,0.09504873305559158,0.29353654384613037,0.30797532200813293,0.3057023584842682,0.013220808400369322,2.8027837199422548e-05,0.013192780563170092,0.011488764657083247
50,mle,2000,0.11734182387590408,0.00020824636158067733,0.8843994140625,0.1156005859375,2,759,473,0.09429263323545456,0.29367905855178833,0.3067164123058319,0.30600062012672424,0.01205296081825935,3.325845086035533e-06,0.012049634973173518,0.009943559621428885
50,mle,2100,0.11525622010231018,0.00020824636158067733,0.8878173828125,0.1121826171875,2,752,463,0.09305253624916077,0.29097700119018555,0.305002361536026,0.3014550507068634,0.010644801689345229,8.849836798776635e-05,0.010556303321357707,0.010421790911318549
50,mle,2200,0.1182636097073555,0.00020824636158067733,0.8779296875,0.1220703125,2,762,476,0.09412223100662231,0.29188835620880127,0.3064909279346466,0.30217212438583374,0.012452224368466602,0.00015267371271926976,0.012299550655747806,0.010704949564792496
50,mle,2300,0.12282521277666092,0.00020824636158067733,0.880859375,0.119140625,2,783,472,0.09968551993370056,0.2939072549343109,0.31458067893981934,0.30439940094947815,0.02045560583501782,3.555393125569692e-05,0.020420051903762358,0.01906775881183874
50,mle,2400,0.1155286356806755,0.00020824636158067733,0.88604736328125,0.11395263671875,2,759,448,0.09304745495319366,0.29033276438713074,0.3044080436229706,0.3002430498600006,0.013719230778228564,2.994142272744974e-05,0.013689289355501452,0.014051790095659253
50,mle,2500,0.11817794293165207,0.00020824636158067733,0.8807373046875,0.1192626953125,2,757,466,0.09493748098611832,0.28980541229248047,0.30799269676208496,0.2973823547363281,0.013251748918996498,3.88129592921037e-05,0.013212935959704623,0.010756245386114624
50,mle,2600,0.11749915778636932,0.00020824636158067733,0.8858642578125,0.1141357421875,2,763,496,0.094237320125103,0.2980458438396454,0.30667486786842346,0.31109026074409485,0.012631529728245994,2.566203541708124e-05,0.012605867692829115,0.010892986008225289
50,mle,2700,0.11761410534381866,0.00020824636158067733,0.87860107421875,0.12139892578125,2,740,468,0.09375609457492828,0.2902817726135254,0.30515235662460327,0.29985642433166504,0.015733484554225186,0.00011869926571668465,0.015614785288508778,0.01344219089628039
50,mle,2800,0.11539854109287262,0.00020824636158067733,0.8841552734375,0.1158447265625,2,746,474,0.0919676199555397,0.29422906041145325,0.302775502204895,0.3062686026096344,0.011672328008721422,1.6499466741831063e-06,0.011670678062047652,0.011103870777556021
50,mle,2900,0.11477448046207428,0.00020824636158067733,0.88507080078125,0.11492919921875,2,738,456,0.09212469309568405,0.2892006039619446,0.3033665716648102,0.2977674901485443,0.011685087706432284,1.0943911592751392e-05,0.011674143794839898,0.01170199230659362
50,mle,3000,0.11741393059492111,0.00020824636158067733,0.881103515625,0.118896484375,2,751,481,0.09338926523923874,0.2954530119895935,0.30527597665786743,0.3083399534225464,0.008485664792537762,2.9461967161126517e-05,0.00845620282537702,0.009840156018294674
50,mle,3100,0.11456004530191422,0.00020824636158067733,0.88421630859375,0.11578369140625,2,737,469,0.09156867861747742,0.2901404798030853,0.30257052183151245,0.3001571595668793,0.009110253039402494,2.0143230913347715e-06,0.009108238716311518,0.007367385821676162
50,mle,3200,0.11909105628728867,0.00020824636158067733,0.87786865234375,0.12213134765625,2,752,483,0.0948152169585228,0.293583482503891,0.3073457181453705,0.30556929111480713,0.011044419142130835,0.00015597116401036993,0.01088844797812068,0.01003534893356571
50,mle,3300,0.12016408145427704,0.00020824636158067733,0.87884521484375,0.12115478515625,2,756,500,0.09523364156484604,0.30100712180137634,0.30834710597991943,0.3136897683143616,0.014526649513577183,0.00010739165694795185,0.014419257856629546,0.011804440954842885
50,mle,3400,0.11214204132556915,0.00020824636158067733,0.881591796875,0.118408203125,2,716,475,0.08829239010810852,0.2897113263607025,0.2968423664569855,0.2994009554386139,0.010160358590660223,1.8985942325923898e-05,0.010141372648334722,0.009945099650617503
50,mle,3500,0.11723921447992325,0.00020824636158067733,0.882080078125,0.117919921875,2,744,484,0.09381061047315598,0.29249295592308044,0.30607813596725464,0.30398350954055786,0.012009763145037766,1.0793895152769878e-05,0.01199896924988533,0.009656103023412452
50,mle,3600,0.11261157691478729,0.00020824636158067733,0.8856201171875,0.1143798828125,2,735,455,0.08999181538820267,0.28775179386138916,0.2998420298099518,0.29579198360443115,0.006591963924442723,2.047192719925508e-05,0.0065714919972436675,0.007658998250230961
50,mle,3700,0.11733781546354294,0.00020824636158067733,0.8836669921875,0.1163330078125,2,756,482,0.0941329374909401,0.2936023473739624,0.3065910041332245,0.30562713742256165,0.009081465640342401,4.289582626115036e-08,0.009081422744516347,0.008140157225393505
50,mle,3800,0.1177598088979721,0.00020824636158067733,0.87567138671875,0.12432861328125,2,742,458,0.09325414896011353,0.2903580367565155,0.30529698729515076,0.2966916859149933,0.01442173266769231,0.0002977050806652823,0.014124027587027282,0.010579208764506784
50,mle,3900,0.11824601888656616,0.00020824636158067733,0.877197265625,0.122802734375,2,747,471,0.09399929642677307,0.2914438545703888,0.3060484230518341,0.3017342984676361,0.011586848952724438,0.00019453307752893053,0.011392315875195604,0.008835593923545257
50,mle,4000,0.11511163413524628,0.00020824636158067733,0.88525390625,0.11474609375,2,747,469,0.09214313328266144,0.29231125116348267,0.30330172181129456,0.3037797212600708,0.010065369781663946,1.3789700592723103e-05,0.010051580081071768,0.008769665627592058
50,mle,4100,0.11260919272899628,0.00020824636158067733,0.88507080078125,0.11492919921875,2,725,466,0.08956380933523178,0.2900818884372711,0.2992112934589386,0.299718976020813,0.009912091297159975,1.0943911592751392e-05,0.009901147385567625,0.009211577148785163
50,mle,4200,0.11419859528541565,0.00020824636158067733,0.88079833984375,0.11920166015625,2,728,465,0.09047397971153259,0.289503276348114,0.30009734630584717,0.29904794692993164,0.01359036291324145,3.716570454942317e-05,0.01355319720869231,0.012196492419429869
50,mle,4300,0.11578138917684555,0.00020824636158067733,0.8795166015625,0.1204833984375,2,741,471,0.09189298003911972,0.29016444087028503,0.3027605712413788,0.29981523752212524,0.009207238705862153,7.918509858395855e-05,0.009128053607278351,0.008060540895935428
50,mle,4400,0.11510682106018066,0.00020824636158067733,0.88323974609375,0.11676025390625,2,745,466,0.09213731437921524,0.288860946893692,0.3033681809902191,0.2980881631374359,0.008421678966264778,5.395335489349895e-07,0.00842113943271601,0.008326119286034536
50,mle,4500,0.11909297108650208,0.00020824636158067733,0.87994384765625,0.12005615234375,2,759,480,0.09523344039916992,0.2939697802066803,0.3078947067260742,0.30635392665863037,0.011168628917225476,6.344896127035825e-05,0.011105179955955434,0.00885072654022677
50,mle,4600,0.11586949974298477,0.00020824636158067733,0.88507080078125,0.11492919921875,2,755,466,0.09309347718954086,0.29126784205436707,0.3048374354839325,0.30151474475860596,0.007951244927248524,1.0943911592751392e-05,0.007940301015656334,0.00860106954609817
50,mle,4700,0.11743642389774323,0.00020824636158067733,0.8814697265625,0.1185302734375,2,750,480,0.09385309368371964,0.29281771183013916,0.30632254481315613,0.30451419949531555,0.008424119056876123,2.139114395656276e-05,0.00840272791291971,0.006902333699367755
50,mle,4800,0.11517734825611115,0.00020824636158067733,0.8856201171875,0.1143798828125,2,750,458,0.09275296330451965,0.288804829120636,0.3043402433395386,0.2971956133842468,0.010692319502418002,2.047192719925508e-05,0.010671847575219044,0.010443099884691928
50,mle,4900,0.11789211630821228,0.00020824636158067733,0.88037109375,0.11962890625,2,747,470,0.09450345486402512,0.29001352190971375,0.30693307518959045,0.29967567324638367,0.010155545632009932,4.9440720080319144e-05,0.010106104911929906,0.008120690000619088
50,mle,5000,0.11387760192155838,0.00020824636158067733,0.88238525390625,0.11761474609375,2,727,464,0.09047631174325943,0.28944194316864014,0.3002474009990692,0.2986934185028076,0.010990472420239428,6.837333399538001e-06,0.010983635086840136,0.011820455628590007
50,warm,0,0.11387760192155838,0.00020824636158067733,0.88238525390625,0.11761474609375,2,727,464,0.09047631174325943,0.28944194316864014,0.3002474009990692,0.2986934185028076,0.010990472420239428,6.837333399538001e-06,0.010983635086840136,0.011820455628590007
50,warm,20,0.11455024033784866,0.00020824636158067733,0.884765625,0.115234375,2,738,473,0.09155876934528351,0.2910778522491455,0.302429735660553,0.3016590178012848,0.006320317040085399,6.933161164135405e-06,0.006313383878921559,0.00661743099157773
50,warm,40,0.1148265078663826,0.00020824636158067733,0.88360595703125,0.11639404296875,2,734,476,0.09173062443733215,0.2901589572429657,0.3026789724826813,0.29981112480163574,0.005786217178687991,5.260820317814748e-09,0.005786211917867845,0.006141735023670644
50,warm,60,0.11431065946817398,0.00020824636158067733,0.88433837890625,0.11566162109375,2,735,472,0.09136432409286499,0.28975623846054077,0.302175372838974,0.2992991507053375,0.005007755335832087,2.852255609380144e-06,0.005004903080223022,0.005890890695122816
50,warm,80,0.11424484848976135,0.00020824636158067733,0.8846435546875,0.1153564453125,2,733,463,0.0914774239063263,0.2888432443141937,0.30232205986976624,0.2977559268474579,0.0051363931823331654,5.5847480002313e-06,0.005130808434333337,0.0058476896895126446
50,warm,100,0.11359629034996033,0.00020824636158067733,0.88482666015625,0.11517333984375,2,722,472,0.09083928912878036,0.2884283661842346,0.30129531025886536,0.2969391644001007,0.005352021817820685,7.66216697504758e-06,0.005344359650845834,0.005627306099308935
50,warm,120,0.11429262161254883,0.00020824636158067733,0.88482666015625,0.11517333984375,2,731,463,0.09156167507171631,0.28892457485198975,0.30245232582092285,0.29775771498680115,0.005079263567317582,7.66216697504758e-06,0.00507160140034273,0.006199315322414786
50,warm,140,0.11441436409950256,0.00020824636158067733,0.88372802734375,0.11627197265625,2,735,469,0.09157536923885345,0.28800278902053833,0.302461177110672,0.2964041829109192,0.00564457596629353,1.1676919338521178e-07,0.005644459197100439,0.005583969571712241
50,warm,160,0.11420848965644836,0.00020824636158067733,0.88470458984375,0.11529541015625,2,730,468,0.09154267609119415,0.2881317138671875,0.30242931842803955,0.29666009545326233,0.004908180159695519,6.240693780300158e-06,0.004901939465915337,0.00566928804732468
50,warm,180,0.11396779865026474,0.00020824636158067733,0.88482666015625,0.11517333984375,2,732,462,0.09128270298242569,0.2882474362850189,0.30195966362953186,0.29678237438201904,0.004674361011716144,7.66216697504758e-06,0.004666698844741414,0.006044698400041834
50,warm,200,0.11395193636417389,0.00020824636158067733,0.88482666015625,0.11517333984375,2,727,464,0.09129926562309265,0.2879825532436371,0.3020235598087311,0.29636847972869873,0.005380669478476818,7.66216697504758e-06,0.005373007311501895,0.0056417503885722725
50,warm,220,0.11432790756225586,0.00020824636158067733,0.884765625,0.115234375,2,738,462,0.0917322039604187,0.28781697154045105,0.3027423918247223,0.2960527837276459,0.004863491835571665,6.933161164135405e-06,0.004856558674407867,0.005639801552429144
50,warm,240,0.11370943486690521,0.00020824636158067733,0.88458251953125,0.11541748046875,2,726,460,0.09102242439985275,0.2875872254371643,0.30156442523002625,0.29569685459136963,0.005513736738798514,4.965307018767835e-06,0.005508771431779877,0.005833896540248115
50,warm,260,0.11486279964447021,0.00020824636158067733,0.88482666015625,0.11517333984375,2,739,468,0.09219493716955185,0.289010226726532,0.3035169839859009,0.2979784607887268,0.0053609999056831725,7.66216697504758e-06,0.005353337738708405,0.005775700229828526
50,warm,280,0.11392558366060257,0.00020824636158067733,0.8843994140625,0.1156005859375,2,731,458,0.09122519195079803,0.28759440779685974,0.3018539845943451,0.29563087224960327,0.005298784112532928,3.325845086035533e-06,0.005295458267447274,0.005944873673111015
50,warm,300,0.11370515823364258,0.00020824636158067733,0.8846435546875,0.1153564453125,2,732,457,0.09102363139390945,0.2876448929309845,0.30156010389328003,0.29582539200782776,0.004902853733078416,5.5847480002313e-06,0.004897268985078531,0.005992466825086903
50,warm,320,0.11389385163784027,0.00020824636158067733,0.885009765625,0.114990234375,2,739,460,0.09146659821271896,0.28650274872779846,0.3022879958152771,0.29388049244880676,0.004996838776428092,1.0068583476220477e-05,0.004986770192952094,0.0056177087765217765
50,warm,340,0.11392427980899811,0.00020824636158067733,0.884765625,0.115234375,2,732,458,0.09135995805263519,0.2871723473072052,0.3021150529384613,0.2951065003871918,0.0054956021493168805,6.933161164135405e-06,0.005488668988153068,0.005658246970820055
50,warm,360,0.1139536201953888,0.00020824636158067733,0.88531494140625,0.11468505859375,2,735,467,0.09135503321886063,0.2884041368961334,0.3021150231361389,0.29707735776901245,0.00548144441636822,1.4811621646955257e-05,0.005466632794721734,0.0058409174755479215
50,warm,380,0.11371412873268127,0.00020824636158067733,0.88568115234375,0.11431884765625,2,729,462,0.09121895581483841,0.2879946529865265,0.3019261658191681,0.2964582145214081,0.004809873663184305,2.1714247669711063e-05,0.004788159415514791,0.006075125181491767
50,warm,400,0.11421709507703781,0.00020824636158067733,0.88531494140625,0.11468505859375,2,743,460,0.09185384213924408,0.2868507504463196,0.30287429690361023,0.29449066519737244,0.005141503734925834,1.4811621646955257e-05,0.005126692113279364,0.005736886415656936
50,warm,420,0.11423443257808685,0.00020824636158067733,0.8851318359375,0.1148681640625,2,737,464,0.09166326373815536,0.2881595492362976,0.30260521173477173,0.2966195046901703,0.0044355817961374555,1.1855862525988418e-05,0.0044237259336118735,0.005767251722540986
50,warm,440,0.11401475965976715,0.00020824636158067733,0.885009765625,0.114990234375,2,731,463,0.09146773815155029,0.2875453233718872,0.3022710680961609,0.29559576511383057,0.004581363697802487,1.0068583476220477e-05,0.004571295114326534,0.005869856374597457
50,warm,460,0.11369214951992035,0.00020824636158067733,0.88458251953125,0.11541748046875,2,739,460,0.09109455347061157,0.2868846356868744,0.3017035722732544,0.294616162776947,0.004650877491080507,4.965307018767835e-06,0.004645912184062061,0.0057933684377030475
50,warm,480,0.1139630377292633,0.00020824636158067733,0.88531494140625,0.11468505859375,2,743,458,0.09141355752944946,0.28803443908691406,0.302239328622818,0.29631972312927246,0.004615370043033806,1.4811621646955257e-05,0.004600558421387279,0.005904437298563589
50,warm,500,0.11390892416238785,0.00020824636158067733,0.8853759765625,0.1146240234375,2,739,461,0.09137797355651855,0.28794190287590027,0.3021835386753082,0.29624301195144653,0.004662866701259816,1.5870233359576314e-05,0.004646996467900622,0.0058753564528569585
50,warm,520,0.11372165381908417,0.00020824636158067733,0.8843994140625,0.1156005859375,2,730,455,0.09121264517307281,0.2859262526035309,0.3019201457500458,0.2929031252861023,0.005251169456464311,3.325845086035533e-06,0.005247843611378561,0.005838111757152528
50,warm,540,0.11375650018453598,0.00020824636158067733,0.884765625,0.115234375,2,739,461,0.09112941473722458,0.2874864935874939,0.3017592430114746,0.2955143451690674,0.004242838412032768,6.933161164135405e-06,0.004235905250869046,0.0056205116572937
50,warm,560,0.11432476341724396,0.00020824636158067733,0.88458251953125,0.11541748046875,2,746,464,0.09174425154924393,0.28738638758659363,0.3027542233467102,0.2954168915748596,0.004205374317102439,4.965307018767835e-06,0.004200409010083869,0.005574982810908277
50,warm,580,0.11407548934221268,0.00020824636158067733,0.88531494140625,0.11468505859375,2,735,464,0.09161707013845444,0.28744393587112427,0.3025664687156677,0.295499712228775,0.00375546885407374,1.4811621646955257e-05,0.003740657232427159,0.005524045759780147
50,warm,600,0.11404328793287277,0.00020824636158067733,0.88555908203125,0.11444091796875,2,742,464,0.09156804531812668,0.28795966506004333,0.3024769723415375,0.2962490916252136,0.004518464484867479,1.9266382604199613e-05,0.004499198102263677,0.005784841801182647
50,warm,620,0.11346106231212616,0.00020824636158067733,0.88543701171875,0.11456298828125,2,736,459,0.09108356386423111,0.28641277551651,0.3016498386859894,0.293760746717453,0.004343698427696552,1.696555273700295e-05,0.00432673287496004,0.00583281758121755
50,warm,640,0.11397066712379456,0.00020824636158067733,0.88519287109375,0.11480712890625,2,738,460,0.09151503443717957,0.2871094346046448,0.3024008870124817,0.2948566675186157,0.004366107183891188,1.2804453208918251e-05,0.0043533027306826705,0.005876793141619582
50,warm,660,0.11419673264026642,0.00020824636158067733,0.884765625,0.115234375,2,742,457,0.09163010120391846,0.28746265172958374,0.3025546073913574,0.2954157292842865,0.0052403389534489975,6.933161164135405e-06,0.0052334057922852305,0.005555103686897364
50,warm,680,0.11339068412780762,0.00020824636158067733,0.8843994140625,0.1156005859375,2,733,458,0.09063640981912613,0.2874716520309448,0.3010008633136749,0.29557234048843384,0.005317156440291626,3.325845086035533e-06,0.005313830595206001,0.006101221473040805
50,warm,700,0.11411909759044647,0.00020824636158067733,0.883056640625,0.116943359375,2,734,460,0.0912315621972084,0.28694620728492737,0.3019530475139618,0.2947310507297516,0.004796666665065175,1.29455517048e-06,0.004795372109894872,0.005807255526856334
50,warm,720,0.11392581462860107,0.00020824636158067733,0.88519287109375,0.11480712890625,2,746,459,0.09143801033496857,0.2873126268386841,0.3022703528404236,0.2952116131782532,0.004570060217524485,1.2804453208918251e-05,0.004557255764315822,0.0055135723825924104
50,warm,740,0.11331786960363388,0.00020824636158067733,0.885009765625,0.114990234375,2,735,459,0.09078711271286011,0.28672340512275696,0.3012342154979706,0.2942868769168854,0.005078461392990619,1.0068583476220477e-05,0.005068392809514618,0.005759731474649907
50,warm,760,0.11369304358959198,0.00020824636158067733,0.88482666015625,0.11517333984375,2,740,448,0.09127926826477051,0.2858883738517761,0.3020164668560028,0.2929299473762512,0.004378326496230045,7.66216697504758e-06,0.004370664329255119,0.005574813579410129
50,warm,780,0.11346397548913956,0.00020824636158067733,0.88446044921875,0.11553955078125,2,735,453,0.09087733924388885,0.2863657772541046,0.30135905742645264,0.29373669624328613,0.004702930113857917,3.835872321578679e-06,0.004699094241536621,0.005658836890911498
50,warm,800,0.11450504511594772,0.00020824636158067733,0.8853759765625,0.1146240234375,2,741,458,0.09201136231422424,0.2882501780986786,0.3031919002532959,0.29647377133369446,0.004344625042726591,1.5870233359576314e-05,0.004328754809367509,0.00592280275418032
50,warm,820,0.11340311914682388,0.00020824636158067733,0.8857421875,0.1142578125,2,734,455,0.0909736156463623,0.28727975487709045,0.3014647364616394,0.29508063197135925,0.0047913172937157356,2.2993361114625847e-05,0.004768323932601258,0.0058956609147980815
50,warm,840,0.11418618261814117,0.00020824636158067733,0.88507080078125,0.11492919921875,2,735,462,0.09166037291288376,0.28765764832496643,0.302635133266449,0.2957371175289154,0.004584280374551497,1.0943911592751392e-05,0.004573336462959227,0.005597880853424594
50,warm,860,0.11411257833242416,0.00020824636158067733,0.8856201171875,0.1143798828125,2,740,456,0.09176640212535858,0.28713440895080566,0.30277031660079956,0.2948589324951172,0.004122506947901172,2.047192719925508e-05,0.004102035020702099,0.005722691422529333
50,warm,880,0.11418396234512329,0.00020824636158067733,0.8861083984375,0.1138916015625,2,745,464,0.09193041920661926,0.2873227000236511,0.3030930459499359,0.29523757100105286,0.005041246837940605,3.144165414372844e-05,0.005009805183797119,0.005747443284458295
50,warm,900,0.1132308691740036,0.00020824636158067733,0.88592529296875,0.11407470703125,2,731,454,0.09091766923666,0.28651925921440125,0.30140918493270874,0.29380086064338684,0.004160647983376009,2.7051630565939032e-05,0.004133596352810423,0.0057250106776746
50,warm,920,0.11354296654462814,0.00020824636158067733,0.88604736328125,0.11395263671875,2,741,459,0.09129581600427628,0.2865273952484131,0.3020375370979309,0.29398584365844727,0.00441936155475986,2.994142272744974e-05,0.004389420132032751,0.005617357224077732
50,warm,940,0.11403661966323853,0.00020824636158067733,0.885498046875,0.114501953125,2,741,459,0.09156671166419983,0.2878072261810303,0.3024323284626007,0.2959453761577606,0.004550894624848922,1.809759680408197e-05,0.004532797028045147,0.005747093216309604
50,warm,960,0.11333685368299484,0.00020824636158067733,0.885986328125,0.114013671875,2,732,460,0.09102245420217514,0.28673937916755676,0.3016102910041809,0.29421350359916687,0.00474216754883372,2.8478087271925547e-05,0.004713689461561995,0.006008111399974023
50,warm,980,0.11446841061115265,0.00020824636158067733,0.88507080078125,0.11492919921875,2,740,462,0.09200521558523178,0.2874577045440674,0.303173691034317,0.29521238803863525,0.004977114895886814,1.0943911592751392e-05,0.004966170984294427,0.005874799689304364
50,warm,1000,0.11374936997890472,0.00020824636158067733,0.88616943359375,0.11383056640625,2,743,462,0.09146340936422348,0.2872452437877655,0.3023451864719391,0.2948935627937317,0.004708276640307929,3.297879875076206e-05,0.004675297841557238,0.0058518230227900675
50,warm,1020,0.11345688998699188,0.00020824636158067733,0.88604736328125,0.11395263671875,2,738,453,0.09127084910869598,0.2859661281108856,0.3019702136516571,0.292971670627594,0.004539636997655805,2.994142272744974e-05,0.004509695574928498,0.005691268766208832
50,warm,1040,0.1136750653386116,0.00020824636158067733,0.88580322265625,0.11419677734375,2,735,457,0.09133382886648178,0.28697192668914795,0.3021210730075836,0.29464900493621826,0.004047134844590516,2.4309284651640502e-05,0.004022825559939125,0.0057371489176557405
50,warm,1060,0.11373113095760345,0.00020824636158067733,0.885986328125,0.114013671875,2,740,451,0.09153775870800018,0.2861931324005127,0.3024734556674957,0.29340827465057373,0.005425206226213675,2.8478087271925547e-05,0.005396728138941959,0.005534501951155998
50,warm,1080,0.11352787911891937,0.00020824636158067733,0.88525390625,0.11474609375,2,737,462,0.09100408852100372,0.28729650378227234,0.30153948068618774,0.29524651169776917,0.005151553192995095,1.3789700592723103e-05,0.005137763492402914,0.0054719397387498064
50,warm,1100,0.11379469931125641,0.00020824636158067733,0.8846435546875,0.1153564453125,2,738,459,0.09126988798379898,0.28653252124786377,0.30204060673713684,0.29404765367507935,0.0046408214446316265,5.5847480002313e-06,0.004635236696631811,0.005676986359726452
50,warm,1120,0.11343693733215332,0.00020824636158067733,0.8851318359375,0.1148681640625,2,734,456,0.09088587760925293,0.28720709681510925,0.3013753294944763,0.2950286269187927,0.005070179876206282,1.1855862525988418e-05,0.005058324013680837,0.006002759074585792
50,warm,1140,0.11464401334524155,0.00020824636158067733,0.8857421875,0.1142578125,2,746,469,0.09204227477312088,0.2898557186126709,0.3032057583332062,0.29862627387046814,0.004927808612414708,2.2993361114625847e-05,0.0049048152513003485,0.0059526994821180595
50,warm,1160,0.11480309814214706,0.00020824636158067733,0.88568115234375,0.11431884765625,2,747,459,0.09244567155838013,0.2880164682865143,0.30390748381614685,0.29656100273132324,0.007107076847027827,2.1714247669711063e-05,0.007085362599358488,0.006632092613695004
50,warm,1180,0.11365479975938797,0.00020824636158067733,0.8848876953125,0.1151123046875,2,734,454,0.091204434633255,0.28623461723327637,0.30185067653656006,0.2935184836387634,0.005463833164689902,8.427728054539053e-06,0.005455405436635639,0.005396541034538113
50,warm,1200,0.11425510048866272,0.00020824636158067733,0.88592529296875,0.11407470703125,2,740,466,0.09203334897756577,0.2868334949016571,0.3032225966453552,0.29450488090515137,0.005163318038107434,2.7051630565939032e-05,0.005136266407541859,0.0053581878757949924
50,warm,1220,0.11403609067201614,0.00020824636158067733,0.8858642578125,0.1141357421875,2,739,469,0.09160193800926208,0.28815868496894836,0.3024981915950775,0.2964986264705658,0.0042459295116756834,2.566203541708124e-05,0.004220267476258923,0.005570526563355979
50,warm,1240,0.1136307641863823,0.00020824636158067733,0.8861083984375,0.1138916015625,2,738,463,0.09113646298646927,0.2886427044868469,0.30175551772117615,0.2970867156982422,0.0051570450748883445,3.144165414372844e-05,0.005125603420744875,0.0058716759533535695
50,warm,1260,0.11393175274133682,0.00020824636158067733,0.88604736328125,0.11395263671875,2,743,458,0.09156331419944763,0.2878592014312744,0.3024323284626007,0.2958630323410034,0.004873536236850384,2.994142272744974e-05,0.004843594814123184,0.005849230584540219
50,warm,1280,0.11406898498535156,0.00020824636158067733,0.8851318359375,0.1148681640625,2,739,462,0.09149382263422012,0.28802499175071716,0.30238234996795654,0.29635438323020935,0.0046974482909760695,1.1855862525988418e-05,0.004685592428450538,0.005416985580491182
50,warm,1300,0.11345111578702927,0.00020824636158067733,0.88519287109375,0.11480712890625,2,735,459,0.09093183279037476,0.2870806157588959,0.30142566561698914,0.2948835790157318,0.005073242286748325,1.2804453208918251e-05,0.005060437833539606,0.005502089182523359
50,warm,1320,0.11378872394561768,0.00020824636158067733,0.88482666015625,0.11517333984375,2,742,454,0.09134016185998917,0.2862512469291687,0.30208438634872437,0.29346194863319397,0.00529720385821264,7.66216697504758e-06,0.005289541691237852,0.0054807154895070015
50,warm,1340,0.11369659751653671,0.00020824636158067733,0.88555908203125,0.11444091796875,2,738,459,0.09146849066019058,0.28570061922073364,0.3023132085800171,0.292575865983963,0.005006144606163332,1.9266382604199613e-05,0.0049868782235595235,0.005387339443809633
50,warm,1360,0.11401298642158508,0.00020824636158067733,0.885009765625,0.114990234375,2,738,458,0.09157925099134445,0.2866716980934143,0.3024759590625763,0.29406437277793884,0.004831494349495813,1.0068583476220477e-05,0.004821425766019633,0.005512159900940769
50,warm,1380,0.11352661997079849,0.00020824636158067733,0.8857421875,0.1142578125,2,738,456,0.0912366732954979,0.2863213121891022,0.3019019365310669,0.2934896945953369,0.004879306205843648,2.2993361114625847e-05,0.004856312844729314,0.00618675984264426
50,warm,1400,0.11392594128847122,0.00020824636158067733,0.88433837890625,0.11566162109375,2,738,453,0.09148713201284409,0.28549107909202576,0.3023296594619751,0.29219579696655273,0.00549244455105935,2.852255609380144e-06,0.005489592295450285,0.0056147061488854705
50,warm,1420,0.11359541118144989,0.00020824636158067733,0.88507080078125,0.11492919921875,2,740,459,0.09125592559576035,0.28563201427459717,0.30196094512939453,0.29249268770217896,0.005485301452431202,1.0943911592751392e-05,0.005474357540838894,0.005609820823560749
50,warm,1440,0.11400026082992554,0.00020824636158067733,0.885009765625,0.114990234375,2,739,458,0.09163682162761688,0.28611814975738525,0.30254900455474854,0.29328852891921997,0.005341301945740895,1.0068583476220477e-05,0.005331233362264924,0.0055546245214327244
50,warm,1460,0.11365710943937302,0.00020824636158067733,0.88482666015625,0.11517333984375,2,736,454,0.09112556278705597,0.28675714135169983,0.30174168944358826,0.2942635715007782,0.0050740775630444546,7.66216697504758e-06,0.005066415396069691,0.00588948158223955
50,warm,1480,0.11385150253772736,0.00020824636158067733,0.885009765625,0.114990234375,2,737,450,0.09149544686079025,0.28591254353523254,0.30225807428359985,0.2929590046405792,0.005186509305353582,1.0068583476220477e-05,0.005176440721877671,0.005910063745654934
50,warm,1500,0.11409290879964828,0.00020824636158067733,0.8848876953125,0.1151123046875,2,739,454,0.0916086807847023,0.28693288564682007,0.30253762006759644,0.29468846321105957,0.005589607841834265,8.427728054539053e-06,0.005581180113780013,0.005705522148896289
50,warm,1520,0.11369343101978302,0.00020824636158067733,0.8857421875,0.1142578125,2,734,457,0.09136708825826645,0.2867702841758728,0.3021484911441803,0.29437464475631714,0.004567723052609551,2.2993361114625847e-05,0.004544729691495092,0.005603695740542189
50,warm,1540,0.11342783272266388,0.00020824636158067733,0.88580322265625,0.11419677734375,2,734,457,0.09107078611850739,0.2868472933769226,0.3016560673713684,0.29430925846099854,0.00503182361062926,2.4309284651640502e-05,0.005007514325977935,0.005925051905473974
50,warm,1560,0.11380214989185333,0.00020824636158067733,0.88555908203125,0.11444091796875,2,739,461,0.0914260670542717,0.2869512140750885,0.3022702932357788,0.2946052849292755,0.0053454858651136306,1.9266382604199613e-05,0.0053262194825099175,0.00538784633794874
50,warm,1580,0.11297837644815445,0.00020824636158067733,0.884765625,0.115234375,2,736,456,0.09028172492980957,0.2872425317764282,0.3003944456577301,0.2950062155723572,0.006209223735645253,6.933161164135405e-06,0.0062022905744815076,0.00609556489620898
50,warm,1600,0.114146888256073,0.00020824636158067733,0.884521484375,0.115478515625,2,736,454,0.09153445065021515,0.28734952211380005,0.30243533849716187,0.2952946722507477,0.004769464842688365,4.382354048857546e-06,0.004765082488639757,0.005296231321376563
50,warm,1620,0.11321161687374115,0.00020824636158067733,0.8856201171875,0.1143798828125,2,737,451,0.09088318794965744,0.28609606623649597,0.30135875940322876,0.29324331879615784,0.005284332736486874,2.047192719925508e-05,0.005263860809287851,0.005454980994950329
50,warm,1640,0.11389968544244766,0.00020824636158067733,0.88525390625,0.11474609375,2,733,462,0.09146401286125183,0.28698861598968506,0.3023209869861603,0.29469093680381775,0.00509026462605533,1.3789700592723103e-05,0.005076474925463103,0.005465665229389724
50,warm,1660,0.11426521092653275,0.00020824636158067733,0.884765625,0.115234375,2,742,459,0.09168893843889236,0.2876051962375641,0.3026854693889618,0.29572513699531555,0.005426409298529222,6.933161164135405e-06,0.0054194761373654,0.005499762957010698
50,warm,1680,0.11340215802192688,0.00020824636158067733,0.884521484375,0.115478515625,2,737,456,0.09076084196567535,0.28682607412338257,0.3011620342731476,0.2945059835910797,0.0060319204210870225,4.382354048857546e-06,0.00602753806703844,0.005655250782406238
50,warm,1700,0.11376536637544632,0.00020824636158067733,0.88446044921875,0.11553955078125,2,742,455,0.0911882072687149,0.28659459948539734,0.3018527626991272,0.2941400110721588,0.0059038994120825805,3.835872321578679e-06,0.005900063539761338,0.005568863221237716
50,warm,1720,0.11398114264011383,0.00020824636158067733,0.8851318359375,0.1148681640625,2,740,458,0.0914817526936531,0.28735312819480896,0.3023298680782318,0.2952593266963959,0.0055124769685832575,1.1855862525988418e-05,0.0055006211060577796,0.005920005250341073
50,warm,1740,0.11449158191680908,0.00020824636158067733,0.88525390625,0.11474609375,2,740,457,0.09207496047019958,0.2874334156513214,0.30330416560173035,0.29546862840652466,0.005197850646077029,1.3789700592723103e-05,0.005184060945484838,0.005806254617023096
50,warm,1760,0.1136133223772049,0.00020824636158067733,0.885009765625,0.114990234375,2,737,458,0.09112180024385452,0.2867167592048645,0.3017270863056183,0.29426488280296326,0.005553529973262528,1.0068583476220477e-05,0.005543461389786711,0.005692266394585185
50,warm,1780,0.11411235481500626,0.00020824636158067733,0.88519287109375,0.11480712890625,2,741,463,0.09158115088939667,0.2878338694572449,0.302536278963089,0.29599687457084656,0.005207331102432988,1.2804453208918251e-05,0.0051945266492244395,0.0064429823844375095
50,warm,1800,0.11315646022558212,0.00020824636158067733,0.88555908203125,0.11444091796875,2,736,456,0.09073632955551147,0.28664645552635193,0.3011118471622467,0.2941119372844696,0.005105981207456978,1.9266382604199613e-05,0.005086714824853085,0.0059877289033874875
50,warm,1820,0.11367832124233246,0.00020824636158067733,0.88519287109375,0.11480712890625,2,735,455,0.09129057079553604,0.2862936556339264,0.30203908681869507,0.2935999631881714,0.005110790459006864,1.2804453208918251e-05,0.0050979860057983155,0.005824776469348744
50,warm,1840,0.1136728897690773,0.00020824636158067733,0.8856201171875,0.1143798828125,2,741,455,0.09138458222150803,0.28624677658081055,0.30218055844306946,0.29349467158317566,0.004908438634451784,2.047192719925508e-05,0.004887966707252657,0.00558920040316023
50,warm,1860,0.1138375848531723,0.00020824636158067733,0.8853759765625,0.1146240234375,2,739,460,0.09154031425714493,0.2860656976699829,0.30243608355522156,0.29319092631340027,0.005329954369521772,1.5870233359576314e-05,0.005314084136162682,0.006051228484689072
50,warm,1880,0.11396318674087524,0.00020824636158067733,0.88525390625,0.11474609375,2,738,468,0.09152625501155853,0.2870616912841797,0.30242007970809937,0.2947870194911957,0.005007807391670838,1.3789700592723103e-05,0.004994017691078466,0.005594239971510415
50,warm,1900,0.11409403383731842,0.00020824636158067733,0.8861083984375,0.1138916015625,2,738,469,0.09177195280790329,0.2877660095691681,0.3028028905391693,0.2959730327129364,0.005304290357166508,3.144165414372844e-05,0.005272848703022943,0.005843125248470624
50,warm,1920,0.11382090300321579,0.00020824636158067733,0.88555908203125,0.11444091796875,2,738,460,0.09151166677474976,0.2864527404308319,0.3023766279220581,0.29383015632629395,0.005243242977307716,1.9266382604199613e-05,0.005223976594703819,0.005597782344234456
50,warm,1940,0.11385542154312134,0.00020824636158067733,0.88494873046875,0.11505126953125,2,738,459,0.09142715483903885,0.28636863827705383,0.3022642135620117,0.2937626838684082,0.00554566050123384,9.22986126228125e-06,0.005536430639971771,0.005391601343258098
50,warm,1960,0.11436694115400314,0.00020824636158067733,0.885009765625,0.114990234375,2,743,467,0.09186442941427231,0.287555068731308,0.30292806029319763,0.29552555084228516,0.004762424960794931,1.0068583476220477e-05,0.004752356377318957,0.005510390278909635
50,warm,1980,0.11357223242521286,0.00020824636158067733,0.88494873046875,0.11505126953125,2,733,459,0.09104092419147491,0.28687816858291626,0.3015814423561096,0.29424920678138733,0.005686333840280611,9.22986126228125e-06,0.0056771039790185895,0.005999685921092332
50,warm,2000,0.11385354399681091,0.00020824636158067733,0.88494873046875,0.11505126953125,2,738,457,0.0913388580083847,0.28703147172927856,0.3021053075790405,0.2946908473968506,0.005619322652641756,9.22986126228125e-06,0.005610092791379794,0.005727984601658118
51,scratch,0,0.8036784529685974,0.00020824636158067733,0.57659912109375,0.42340087890625,2,1292,1076,0.6153594851493835,1.0601364374160767,0.6150924563407898,0.570644199848175,5.721816018792019,0.3005261103126783,5.421289908479341,1.3808711454705598
51,scratch,20,0.5827661156654358,0.00020824636158067733,0.6463623046875,0.3536376953125,2,1250,1005,0.4607425630092621,0.8057950139045715,0.5701396465301514,0.5210573077201843,3.5729655403254625,0.19083288031194742,3.382132660013515,1.0515027167759807
51,scratch,40,0.4217067360877991,0.00020824636158067733,0.6998291015625,0.3001708984375,2,1187,888,0.34467920660972595,0.6012914776802063,0.5249379873275757,0.46743953227996826,2.106005387840746,0.12113163102714297,1.9848737568136035,0.7717232995757922
51,scratch,60,0.31198444962501526,0.00020824636158067733,0.73895263671875,0.26104736328125,2,1107,746,0.261780709028244,0.4540972113609314,0.48054632544517517,0.41238293051719666,1.1856738157246625,0.07869902683306704,1.1069747888915957,0.564272073498837
51,scratch,80,0.23987771570682526,0.00020824636158067733,0.78082275390625,0.21917724609375,2,1007,599,0.20403766632080078,0.36755844950675964,0.43920302391052246,0.3594425320625305,0.6646765694791341,0.042125363419787176,0.6225512060593471,0.4312503770354351
51,scratch,100,0.1987970769405365,0.00020824636158067733,0.81536865234375,0.18463134765625,2,920,492,0.16993097960948944,0.3262755572795868,0.40818020701408386,0.31973984837532043,0.4256492629961528,0.01963146172254704,0.40601780127360587,0.36491478503125563
51,scratch,120,0.17330805957317352,0.00020824636158067733,0.8443603515625,0.1556396484375,2,860,410,0.14877615869045258,0.3063960671424866,0.3846237361431122,0.2893970012664795,0.3149007288919208,0.006849570277403162,0.30805115861451804,0.3493649211170532
51,scratch,140,0.15887410938739777,0.00020824636158067733,0.86175537109375,0.13824462890625,2,822,367,0.13611020147800446,0.30077415704727173,0.36854085326194763,0.27016523480415344,0.2683965467902496,0.002198936360309659,0.2661976104299403,0.3605137661299932
51,scratch,160,0.14725758135318756,0.00020824636158067733,0.88323974609375,0.11676025390625,2,783,313,0.12750345468521118,0.2966887652873993,0.3569166362285614,0.2519931495189667,0.2394406439587371,5.395335489349895e-07,0.23944010442518843,0.38660227573677275
51,scratch,180,0.140449658036232,0.00020824636158067733,0.89178466796875,0.10821533203125,2,764,293,0.12145492434501648,0.29698219895362854,0.3481982946395874,0.24147939682006836,0.22241333953461861,0.00033468205952456864,0.2220786574750943,0.41128495804991416
51,scratch,200,0.1330379694700241,0.00020824636158067733,0.90740966796875,0.09259033203125,2,755,269,0.11606729030609131,0.29935505986213684,0.3405243456363678,0.23306037485599518,0.21008240863266536,0.0029447603838583906,0.20713764824880726,0.44486523312047666
51,scratch,220,0.12742142379283905,0.00020824636158067733,0.9176025390625,0.0823974609375,2,744,247,0.11198631674051285,0.29931139945983887,0.33437612652778625,0.22423401474952698,0.19943578331440648,0.006190951191909506,0.1932448321224974,0.4790135194864388
51,scratch,240,0.1220734640955925,0.00020824636158067733,0.92913818359375,0.07086181640625,2,731,230,0.10851966589689255,0.2997906506061554,0.32930678129196167,0.21646586060523987,0.19121037327095536,0.01153513616180045,0.17967523710915526,0.5097030327099173
51,scratch,260,0.12046181410551071,0.00020824636158067733,0.92950439453125,0.07049560546875,2,724,224,0.1068718358874321,0.29964953660964966,0.32639622688293457,0.2142011672258377,0.18438823702745566,0.011736406134969617,0.17265183089248637,0.5185170806446376
51,scratch,280,0.11719737946987152,0.00020824636158067733,0.93634033203125,0.06365966796875,2,715,213,0.10467077791690826,0.30144524574279785,0.3230990469455719,0.21039341390132904,0.17893368630102913,0.015880297467521225,0.16305338883350842,0.5380319359767282
51,scratch,300,0.11524698883295059,0.00020824636158067733,0.9388427734375,0.0611572265625,2,714,210,0.10308009386062622,0.30202463269233704,0.3206903636455536,0.21013349294662476,0.17448097181550537,0.0175893910145183,0.15689158080098747,0.538849665275161
51,scratch,320,0.11437242478132248,0.00020824636158067733,0.9393310546875,0.0606689453125,2,708,208,0.10226297378540039,0.3018619120121002,0.31927067041397095,0.20992609858512878,0.16972642045657693,0.017935461646691908,0.15179095880988525,0.5282158429411038
51,scratch,340,0.11322775483131409,0.00020824636158067733,0.94024658203125,0.05975341796875,2,706,206,0.10132644325494766,0.30050018429756165,0.3177705407142639,0.20796015858650208,0.16454112300271362,0.018595645381070947,0.14594547762164287,0.5227007238001943
51,scratch,360,0.11148558557033539,0.00020824636158067733,0.9443359375,0.0556640625,2,701,199,0.10050501674413681,0.2977699041366577,0.3166748285293579,0.20522640645503998,0.16026541903993774,0.021729744920074193,0.13853567411986367,0.5192493706720097
51,scratch,380,0.11041522771120071,0.00020824636158067733,0.9461669921875,0.0538330078125,2,707,197,0.09974202513694763,0.29800671339035034,0.3154665529727936,0.2058628797531128,0.15486550771020546,0.023234939281970957,0.13163056842823476,0.5076411784186757
51,scratch,400,0.11086080968379974,0.00020824636158067733,0.9423828125,0.0576171875,2,703,204,0.09945563226938248,0.29740291833877563,0.3148283362388611,0.20698828995227814,0.15123305186062197,0.02019447114166875,0.1310385807189536,0.484527567344453
51,scratch,420,0.11076304316520691,0.00020824636158067733,0.9423828125,0.0576171875,2,703,207,0.09939327836036682,0.29672613739967346,0.31479454040527344,0.2096634954214096,0.14613879093740678,0.02019447114166875,0.12594431979573847,0.4619107847549867
51,scratch,440,0.11108916997909546,0.00020824636158067733,0.94268798828125,0.05731201171875,2,713,210,0.09989644587039948,0.29519087076187134,0.31557247042655945,0.21177801489830017,0.1407230243501587,0.020429668752482227,0.12029335559767676,0.4314166638807774
51,scratch,460,0.11037692427635193,0.00020824636158067733,0.9432373046875,0.0567626953125,2,705,215,0.0992976650595665,0.294483482837677,0.31477752327919006,0.21352723240852356,0.13535307237980732,0.020857374264877916,0.1144956981149296,0.414847894551026
51,scratch,480,0.11106801778078079,0.00020824636158067733,0.94091796875,0.05908203125,2,709,219,0.09976813942193985,0.2910252809524536,0.31545308232307434,0.21599654853343964,0.12904802764460754,0.01908925012467258,0.1099587775199353,0.39056063626162085
51,scratch,500,0.11115552484989166,0.00020824636158067733,0.9400634765625,0.0599365234375,2,709,221,0.09967663884162903,0.29119375348091125,0.3151234984397888,0.21874578297138214,0.1241197231400335,0.0184624219144527,0.1056573012255811,0.3765428677736463
51,scratch,520,0.11064348369836807,0.00020824636158067733,0.94036865234375,0.05963134765625,2,707,218,0.09925002604722977,0.2903148829936981,0.3147137761116028,0.22021634876728058,0.11959489754809027,0.018684792452274036,0.10091010509581644,0.3647494799381502
51,scratch,540,0.11114553362131119,0.00020824636158067733,0.93914794921875,0.06085205078125,2,715,226,0.09969177097082138,0.2879149615764618,0.3154017925262451,0.22486437857151031,0.11456113876629814,0.01780519657277039,0.09675594219352793,0.34362392792649643
51,scratch,560,0.11294440180063248,0.00020824636158067733,0.93438720703125,0.06561279296875,2,720,243,0.10069401562213898,0.287401407957077,0.31678566336631775,0.23173126578330994,0.11139070110294114,0.014619578205923967,0.09677112289701736,0.3167516667101563
51,scratch,580,0.11289671808481216,0.00020824636158067733,0.934326171875,0.065673828125,2,717,242,0.10069365054368973,0.286506712436676,0.3168093264102936,0.23438714444637299,0.10703894721228124,0.014581192428538767,0.09245775478374281,0.30067882555999403
51,scratch,600,0.11250399053096771,0.00020824636158067733,0.93408203125,0.06591796875,2,714,241,0.10028589516878128,0.2856387197971344,0.3163495659828186,0.23774884641170502,0.10295174181811007,0.014428255908126596,0.08852348590998374,0.2867699165519707
51,scratch,620,0.11341338604688644,0.00020824636158067733,0.93109130859375,0.06890869140625,2,715,253,0.10077662765979767,0.2841605842113495,0.3169949948787689,0.24316006898880005,0.09882932633336594,0.012632354204497508,0.08619697212886875,0.2677915741962761
51,scratch,640,0.11395779252052307,0.00020824636158067733,0.92926025390625,0.07073974609375,2,719,257,0.10104231536388397,0.2836197316646576,0.3174651563167572,0.246453657746315,0.09581287813198713,0.011601999348920491,0.08421087878306686,0.24945802871047362
51,scratch,660,0.11418633908033371,0.00020824636158067733,0.928466796875,0.071533203125,2,715,259,0.10119588673114777,0.282796174287796,0.3177165389060974,0.24948859214782715,0.09238334293768702,0.011171424536746834,0.08121191840094043,0.23183107083718368
51,scratch,680,0.1128021627664566,0.00020824636158067733,0.92999267578125,0.07000732421875,2,722,253,0.10011695325374603,0.2813151180744171,0.3161509335041046,0.24823546409606934,0.08909530682722533,0.01200795153520489,0.07708735529202079,0.2247891103045231
51,scratch,700,0.11368324607610703,0.00020824636158067733,0.9273681640625,0.0726318359375,2,722,268,0.10055135190486908,0.28135231137275696,0.3167312741279602,0.2521161139011383,0.08748347427609104,0.010590873075366679,0.0768926012007248,0.21098328573247727
51,scratch,720,0.11402279883623123,0.00020824636158067733,0.9263916015625,0.0736083984375,2,728,271,0.10073532909154892,0.28125104308128357,0.3170599043369293,0.2555207908153534,0.08593717253170752,0.010089879112500214,0.0758472934192077,0.19714003687226522
51,scratch,740,0.11374958604574203,0.00020824636158067733,0.92626953125,0.07373046875,2,726,281,0.10042770206928253,0.28111135959625244,0.3165658414363861,0.2573419511318207,0.08360780106959709,0.01002824174965701,0.07357955931994042,0.18710486892927747
51,scratch,760,0.11394155025482178,0.00020824636158067733,0.92529296875,0.07470703125,2,725,280,0.10043155401945114,0.2812712788581848,0.3165799677371979,0.26048147678375244,0.08139145491514199,0.009542969962227303,0.07184848495291499,0.17698833200233366
51,scratch,780,0.11486887186765671,0.00020824636158067733,0.92364501953125,0.07635498046875,2,731,286,0.10110180079936981,0.2814054489135742,0.3177071511745453,0.26314976811408997,0.07922785824194278,0.00875527338837781,0.07047258485356547,0.1607196383567907
51,scratch,800,0.11420485377311707,0.00020824636158067733,0.92279052734375,0.07720947265625,2,735,291,0.10020064562559128,0.2815801501274109,0.3163672983646393,0.26469624042510986,0.07683355036788697,0.00836204713673283,0.06847150323115454,0.15331486569743447
51,scratch,820,0.11560361832380295,0.00020824636158067733,0.9195556640625,0.0804443359375,2,739,299,0.10105563700199127,0.28190094232559204,0.3175960183143616,0.26784783601760864,0.07428072940893315,0.006965384420919266,0.06731534498801424,0.14085713728240534
51,scratch,840,0.11452822387218475,0.00020824636158067733,0.9207763671875,0.0792236328125,2,731,300,0.10006245970726013,0.28265655040740967,0.3161890506744385,0.2683863043785095,0.07185755536266214,0.007475521715534457,0.06438203364712781,0.13402533124576166
51,scratch,860,0.11544150859117508,0.00020824636158067733,0.91815185546875,0.08184814453125,2,736,310,0.10043741762638092,0.28375348448753357,0.31667855381965637,0.2720414996147156,0.07008415356249742,0.006403613390810952,0.06368054017168674,0.12688565137909336
51,scratch,880,0.1161084920167923,0.00020824636158067733,0.9151611328125,0.0848388671875,2,742,322,0.10055337101221085,0.2839024066925049,0.3167519271373749,0.27523645758628845,0.06850028349872872,0.0052937403367561454,0.06320654316197288,0.11884277730973279
51,scratch,900,0.115899458527565,0.00020824636158067733,0.9141845703125,0.0858154296875,2,745,322,0.1001458540558815,0.28372135758399963,0.3161553740501404,0.2761867344379425,0.0657560774532655,0.00495646574757835,0.06079961170568745,0.11367696031197282
51,scratch,920,0.11562389135360718,0.00020824636158067733,0.9144287109375,0.0855712890625,2,744,327,0.09983710944652557,0.2843238115310669,0.3157708942890167,0.27790898084640503,0.06418580962854747,0.005039639817057327,0.059146169811490415,0.11054623815402463
51,scratch,940,0.11497265100479126,0.00020824636158067733,0.913818359375,0.086181640625,2,740,327,0.09904775023460388,0.28383076190948486,0.31449875235557556,0.2788688838481903,0.06242844411172399,0.0048331285988376035,0.05759531551288672,0.10747202092283713
51,scratch,960,0.11481031030416489,0.00020824636158067733,0.91326904296875,0.08673095703125,2,738,331,0.09874334186315536,0.28399401903152466,0.31394121050834656,0.2788991332054138,0.06078749063890854,0.004651313772020802,0.05613617686688804,0.10511948081807075
51,scratch,980,0.11499573290348053,0.00020824636158067733,0.91253662109375,0.08746337890625,2,740,336,0.09875155240297318,0.2844770550727844,0.3140009939670563,0.28147560358047485,0.06005124986477739,0.004414816228275425,0.05563643363650239,0.1013415055579071
51,scratch,1000,0.11483567953109741,0.00020824636158067733,0.911376953125,0.088623046875,2,738,334,0.09832021594047546,0.28467661142349243,0.3132544755935669,0.2819271385669708,0.05822684722152616,0.004054087591475523,0.05417275963005118,0.09739312833084567
51,scratch,1020,0.11551491916179657,0.00020824636158067733,0.90899658203125,0.09100341796875,2,737,341,0.09843524545431137,0.2861170172691345,0.3134344220161438,0.28487628698349,0.0572372816939648,0.0033655974722177316,0.05387168422174742,0.094219439707781
51,scratch,1040,0.11539298295974731,0.00020824636158067733,0.9080810546875,0.0919189453125,2,735,347,0.09805456548929214,0.2866817116737366,0.31292277574539185,0.2859383523464203,0.05563616193540355,0.0031191218643716254,0.05251704007103216,0.09034144648580421
51,scratch,1060,0.11501553654670715,0.00020824636158067733,0.90789794921875,0.09210205078125,2,733,355,0.09758492559194565,0.28683826327323914,0.3121843934059143,0.2856055796146393,0.053835077786793306,0.0030710346546695376,0.0507640431321241,0.08864296913201995
51,scratch,1080,0.11493910849094391,0.00020824636158067733,0.90704345703125,0.09295654296875,2,732,351,0.09730536490678787,0.2870040237903595,0.3116331696510315,0.28680112957954407,0.05166385013290409,0.0028519176822469974,0.04881193245065735,0.08630296140585868
51,scratch,1100,0.11546256393194199,0.00020824636158067733,0.90582275390625,0.09417724609375,2,735,354,0.09763451665639877,0.2869376242160797,0.3120325803756714,0.2879302203655243,0.05118456275231864,0.0025538981504081813,0.04863066460191079,0.08224675379573908
51,scratch,1120,0.11559313535690308,0.00020824636158067733,0.90447998046875,0.09552001953125,2,728,359,0.09740164875984192,0.2878485321998596,0.3117082715034485,0.28909602761268616,0.04933678418893095,0.002246244392083742,0.04709053979684755,0.08063434375184896
51,scratch,1140,0.11552445590496063,0.00020824636158067733,0.903076171875,0.096923828125,2,730,367,0.09703973680734634,0.2877536416053772,0.31129881739616394,0.29052525758743286,0.048059336201554004,0.0019469168017242737,0.04611241939983006,0.07681499922295641
51,scratch,1160,0.11609403789043427,0.00020824636158067733,0.90185546875,0.09814453125,2,730,372,0.09726257622241974,0.2891373336315155,0.311667263507843,0.2921072244644165,0.04714135695467547,0.0017049436923155768,0.04543641326236023,0.07506493613731889
51,scratch,1180,0.11591333150863647,0.00020824636158067733,0.9014892578125,0.0985107421875,2,735,378,0.09701257199048996,0.28887739777565,0.31121504306793213,0.2934342324733734,0.04680325601730573,0.0016356431656655117,0.045167612851640615,0.07242188444910878
51,scratch,1200,0.1156311109662056,0.00020824636158067733,0.902099609375,0.097900390625,2,732,382,0.09669797122478485,0.29008975625038147,0.3107694387435913,0.29420703649520874,0.04573709261676839,0.001751985491420624,0.04398510712534809,0.07241386179634444
51,scratch,1220,0.11468903720378876,0.00020824636158067733,0.90252685546875,0.09747314453125,2,724,370,0.09591434895992279,0.28852829337120056,0.3095579445362091,0.29288023710250854,0.044513778950936,0.0018359335306527731,0.0426778454202837,0.0710612430714218
51,scratch,1240,0.1156466081738472,0.00020824636158067733,0.90087890625,0.09912109375,2,729,386,0.0964452400803566,0.29016152024269104,0.31037431955337524,0.2948954105377197,0.044271372812367815,0.0015234957096783401,0.04274787710268968,0.06928135789461974
51,scratch,1260,0.11525188386440277,0.00020824636158067733,0.902099609375,0.097900390625,2,733,377,0.09631192684173584,0.28977349400520325,0.3102116584777832,0.2954886853694916,0.04283249074506301,0.001751985491420624,0.04108050525364261,0.06782800360201234
51,scratch,1280,0.11579310148954391,0.00020824636158067733,0.9007568359375,0.0992431640625,2,728,390,0.09649486094713211,0.29094892740249634,0.310350626707077,0.29583093523979187,0.04246573538039655,0.0015015675732477224,0.04096416780714923,0.06628106238462804
51,scratch,1300,0.11488719284534454,0.00020824636158067733,0.90032958984375,0.09967041015625,2,731,388,0.09548603743314743,0.2901391386985779,0.30888524651527405,0.2964838147163391,0.04229389491302271,0.001426130592365231,0.040867764320657904,0.06519401141963042
51,scratch,1320,0.11487218737602234,0.00020824636158067733,0.899658203125,0.100341796875,2,725,383,0.0952594205737114,0.29071900248527527,0.30845189094543457,0.29636868834495544,0.041037876883642355,0.0013116936674633338,0.039726183216179364,0.06479799682824249
51,scratch,1340,0.11426655948162079,0.00020824636158067733,0.9005126953125,0.0994873046875,2,726,392,0.09489530324935913,0.2896060645580292,0.307950496673584,0.29593542218208313,0.039518329126444485,0.0014582111910458814,0.03806011793539903,0.06317140446594292
51,scratch,1360,0.11494848132133484,0.00020824636158067733,0.89990234375,0.10009765625,2,734,400,0.09537099301815033,0.2909550070762634,0.3085993230342865,0.2963595390319824,0.039290486100803435,0.001352727792659797,0.03793775830814396,0.06216797161436714
51,scratch,1380,0.11563284695148468,0.00020824636158067733,0.89837646484375,0.10162353515625,2,738,403,0.09575977921485901,0.2913154065608978,0.30920523405075073,0.2986259162425995,0.0390211598576613,0.001107064091783301,0.03791409576587828,0.060563440632217844
51,scratch,1400,0.11514753848314285,0.00020824636158067733,0.8997802734375,0.1002197265625,2,733,398,0.09555809944868088,0.29102301597595215,0.30889949202537537,0.29811421036720276,0.037568748485504955,0.001332128107142826,0.03623662037836233,0.059534148416100816
51,scratch,1420,0.11502646654844284,0.00020824636158067733,0.89947509765625,0.10052490234375,2,740,399,0.09528432041406631,0.2916748821735382,0.3084869682788849,0.29828378558158875,0.03710790283076193,0.0012813514532457725,0.03582655137751658,0.059866381897559204
51,scratch,1440,0.11519555747509003,0.00020824636158067733,0.89892578125,0.10107421875,2,733,406,0.09534213691949844,0.29176631569862366,0.3085533082485199,0.2998400628566742,0.03704229478608312,0.0011925472191387405,0.0358497475669448,0.05885793709716834
51,scratch,1460,0.11505188047885895,0.00020824636158067733,0.898193359375,0.101806640625,2,732,409,0.09498471021652222,0.292095422744751,0.30799275636672974,0.3005962073802948,0.03650897766129191,0.001079304980945741,0.035429672680346656,0.057424442931046524
51,scratch,1480,0.11573635041713715,0.00020824636158067733,0.8966064453125,0.1033935546875,2,730,418,0.09522499144077301,0.2936064600944519,0.30839863419532776,0.30214306712150574,0.036577121853774486,0.0008540226636076752,0.035723099190167217,0.055821959898134973
51,scratch,1500,0.1150275319814682,0.00020824636158067733,0.900146484375,0.099853515625,2,735,403,0.09535619616508484,0.2923581302165985,0.3086179494857788,0.29995444416999817,0.03611369044374868,0.0013944236179566794,0.03471926682579237,0.055560482521509566
51,scratch,1520,0.1149277538061142,0.00020824636158067733,0.89862060546875,0.10137939453125,2,726,409,0.0948294997215271,0.2930774390697479,0.3078031539916992,0.3007615804672241,0.034956061223788026,0.0011446476036042815,0.03381141362018384,0.05458199466488166
51,scratch,1540,0.11527562141418457,0.00020824636158067733,0.89727783203125,0.10272216796875,2,730,412,0.09489846229553223,0.293270081281662,0.3078937828540802,0.3017424941062927,0.03444053054482055,0.0009459976016419208,0.03349453294317895,0.05302861697532078
51,scratch,1560,0.1146228089928627,0.00020824636158067733,0.89862060546875,0.10137939453125,2,730,408,0.09456232935190201,0.29243752360343933,0.30737319588661194,0.30096033215522766,0.03426953981834657,0.0011446476036042815,0.033124892214742394,0.052568433749224805
51,scratch,1580,0.11501046270132065,0.00020824636158067733,0.896240234375,0.103759765625,2,733,414,0.09447784721851349,0.2923639714717865,0.30715179443359375,0.3013828992843628,0.0338640054731556,0.0008059057480906632,0.033058099725065106,0.05121575530324206
51,scratch,1600,0.11509128659963608,0.00020824636158067733,0.89776611328125,0.10223388671875,2,732,416,0.0948837623000145,0.2925434112548828,0.30783313512802124,0.3009710907936096,0.03358807443219547,0.0010159585920711256,0.032572115840124566,0.050540899655284174
51,scratch,1620,0.1153612956404686,0.00020824636158067733,0.89654541015625,0.10345458984375,2,732,410,0.09486597776412964,0.29297542572021484,0.30776429176330566,0.30183669924736023,0.03371482854418417,0.0008459028371934647,0.032868925706991105,0.049585839509059024
51,scratch,1640,0.11562741547822952,0.00020824636158067733,0.89569091796875,0.10430908203125,2,726,414,0.09489259123802185,0.2936752736568451,0.30777111649513245,0.3027172386646271,0.03290620712578374,0.0007364330007494126,0.03216977412503466,0.04831675309946602
51,scratch,1660,0.11539074778556824,0.00020824636158067733,0.89520263671875,0.10479736328125,2,731,421,0.09454042464494705,0.29349881410598755,0.3072342574596405,0.3028266131877899,0.0331133828629433,0.0006773912946614648,0.03243599156828229,0.048154044286316075
51,scratch,1680,0.11499200016260147,0.00020824636158067733,0.8968505859375,0.1031494140625,2,735,415,0.09445258229970932,0.293575644493103,0.30711275339126587,0.3023456931114197,0.032020581726833086,0.0008869040301658984,0.031133677696667375,0.048378264088792075
51,scratch,1700,0.11510027199983597,0.00020824636158067733,0.89654541015625,0.10345458984375,2,731,416,0.09461276978254318,0.2926466166973114,0.30740752816200256,0.30225101113319397,0.031578736555097464,0.0008459028371934647,0.03073283371790441,0.04722025711930199
51,scratch,1720,0.11458822339773178,0.00020824636158067733,0.89752197265625,0.10247802734375,2,729,417,0.09411720931529999,0.2938772737979889,0.3066578805446625,0.30310770869255066,0.030953501013577522,0.0009806540747574425,0.029972846938820408,0.048220629935935885
51,scratch,1740,0.11441852897405624,0.00020824636158067733,0.8973388671875,0.1026611328125,2,731,419,0.09393256902694702,0.2934819161891937,0.30637258291244507,0.30292820930480957,0.03147087958569017,0.000954601040500264,0.030516278545190033,0.047857956343473215
51,scratch,1760,0.1146722286939621,0.00020824636158067733,0.896728515625,0.103271484375,2,729,418,0.09412801265716553,0.29306209087371826,0.3067128658294678,0.30248329043388367,0.030368628832370348,0.0008703828926706139,0.029498245939699904,0.046325226839367115
51,scratch,1780,0.11491244286298752,0.00020824636158067733,0.89569091796875,0.10430908203125,2,732,420,0.09417198598384857,0.2930084764957428,0.30669838190078735,0.3022550344467163,0.030038994686769627,0.0007364330007494126,0.02930256168602046,0.04509385524692787
51,scratch,1800,0.11492512375116348,0.00020824636158067733,0.89471435546875,0.10528564453125,2,735,421,0.09397599846124649,0.29295027256011963,0.3064197897911072,0.3026641607284546,0.02995763641666116,0.00062089096967324,0.02933674544698813,0.04377876089824438
51,scratch,1820,0.11495967954397202,0.00020824636158067733,0.8956298828125,0.1043701171875,2,728,417,0.09427745640277863,0.2924398183822632,0.3068908154964447,0.301933228969574,0.02911244698116633,0.0007289134476231359,0.028383533533543493,0.04307021117824204
51,scratch,1840,0.11560723185539246,0.00020824636158067733,0.8951416015625,0.1048583984375,2,731,415,0.0948081836104393,0.2931618392467499,0.30767253041267395,0.3026750683784485,0.028644366219673145,0.0006701899866025669,0.027974176233071107,0.04309956340261577
51,scratch,1860,0.11421370506286621,0.00020824636158067733,0.89654541015625,0.10345458984375,2,732,413,0.09370367228984833,0.2919551730155945,0.30598753690719604,0.30127018690109253,0.02931007565057797,0.0008459028371934647,0.02846417281338487,0.043119500610596315
51,scratch,1880,0.11517959833145142,0.00020824636158067733,0.8958740234375,0.1041259765625,2,732,421,0.09455883502960205,0.2925955057144165,0.30736252665519714,0.3025524318218231,0.02833235300277437,0.000759230981174551,0.027573122021600102,0.042204004342461285
51,scratch,1900,0.1148492693901062,0.00020824636158067733,0.89544677734375,0.10455322265625,2,743,415,0.09413924068212509,0.29222041368484497,0.30658861994743347,0.30165132880210876,0.02764669295793709,0.0007065938208633566,0.026940099137074094,0.04214836556024691
51,scratch,1920,0.11451421678066254,0.00020824636158067733,0.89617919921875,0.10382080078125,2,741,421,0.09391389042139053,0.29233574867248535,0.3062715530395508,0.3019551932811737,0.027885174059342432,0.0007980265925725642,0.0270871474667701,0.04110530844013281
51,scratch,1940,0.11473271995782852,0.00020824636158067733,0.89495849609375,0.10504150390625,2,734,421,0.09388286620378494,0.29237449169158936,0.3062152862548828,0.30262234807014465,0.027630103858250266,0.0006488241121884505,0.02698127974606208,0.04023869072374962
51,scratch,1960,0.11570500582456589,0.00020824636158067733,0.89447021484375,0.10552978515625,2,742,428,0.09462329745292664,0.29439350962638855,0.30739259719848633,0.30521783232688904,0.027174193871182695,0.0005935905694847993,0.02658060330169819,0.039635933114591335
51,scratch,1980,0.11390496790409088,0.00020824636158067733,0.89556884765625,0.10443115234375,2,731,423,0.09301970899105072,0.29301053285598755,0.3048924207687378,0.30243420600891113,0.027578607376931075,0.0007214337469809533,0.02685717362995044,0.040294943072917686
51,scratch,2000,0.11433117091655731,0.00020824636158067733,0.8956298828125,0.1043701171875,2,735,413,0.09357473999261856,0.2924480736255646,0.30575454235076904,0.30191296339035034,0.026341790727023806,0.0007289134476231359,0.025612877279400988,0.039878805351004284
51,mle,0,0.8036784529685974,0.00020824636158067733,0.57659912109375,0.42340087890625,2,1292,1076,0.6153594851493835,1.0601364374160767,0.6150924563407898,0.570644199848175,5.721816018792019,0.3005261103126783,5.421289908479341,1.3808711454705598
51,mle,100,0.1217542439699173,0.00020824636158067733,0.89044189453125,0.10955810546875,2,714,495,0.09807468205690384,0.31421181559562683,0.3123972713947296,0.3348182439804077,0.05470210161075073,0.00023335675550874378,0.05446874485524235,0.03691835360336425
51,mle,200,0.12238819897174835,0.00020824636158067733,0.89111328125,0.10888671875,2,737,530,0.09795535355806351,0.32234299182891846,0.31253376603126526,0.34620293974876404,0.039420415447970925,0.00028169661656501487,0.039138718831406134,0.02760635502749663
51,mle,300,0.1178547814488411,0.00020824636158067733,0.88726806640625,0.11273193359375,2,713,483,0.09381820261478424,0.30703702569007874,0.3062971532344818,0.3266395628452301,0.027905497176838878,6.697931279966724e-05,0.027838517864039364,0.017446398255965487
51,mle,400,0.11847975105047226,0.00020824636158067733,0.88995361328125,0.11004638671875,2,729,510,0.0940706729888916,0.3158778250217438,0.30660298466682434,0.33483392000198364,0.02798697921826232,0.00020110409894234706,0.02778587511932004,0.019799526789251995
51,mle,500,0.120371013879776,0.00020824636158067733,0.8818359375,0.1181640625,2,736,482,0.09614966064691544,0.30113038420677185,0.3097025454044342,0.3177793622016907,0.02265630499896787,1.4603911402492073e-05,0.02264170108756578,0.015628391077593715
51,mle,600,0.11963850259780884,0.00020824636158067733,0.8768310546875,0.1231689453125,2,727,487,0.09383709728717804,0.30331695079803467,0.3059638738632202,0.3200671672821045,0.02767769916027163,0.00021733181194359946,0.02746036734832822,0.020687168887202442
51,mle,700,0.12124722450971603,0.00020824636158067733,0.87738037109375,0.12261962890625,2,737,516,0.094744972884655,0.3108789026737213,0.30766725540161133,0.3315756916999817,0.024525904257465925,0.00018360037328457243,0.024342303884181633,0.01605307759859441
51,mle,800,0.1197061762213707,0.00020824636158067733,0.88043212890625,0.11956787109375,2,737,521,0.09399203956127167,0.30905094742774963,0.30650728940963745,0.3288004994392395,0.022767084793308356,4.7580905786756555e-05,0.02271950388752205,0.015921563566048444
51,mle,900,0.11640620976686478,0.00020824636158067733,0.88592529296875,0.11407470703125,2,738,495,0.09252085536718369,0.3019043505191803,0.3037510812282562,0.3191432058811188,0.02487165587154294,2.7051630565939032e-05,0.024844604240977418,0.016626331534321234
51,mle,1000,0.11992572247982025,0.00020824636158067733,0.8779296875,0.1220703125,2,739,471,0.09592366218566895,0.2925485372543335,0.3094627559185028,0.30333128571510315,0.02526768854368555,0.00015267371271926976,0.025115014830966648,0.016984294700928312
51,mle,1100,0.11367212235927582,0.00020824636158067733,0.88702392578125,0.11297607421875,2,720,487,0.08978822082281113,0.3011948764324188,0.29959943890571594,0.3169756531715393,0.016010397201903004,5.838440207678319e-05,0.01595201279982639,0.013147507075013873
51,mle,1200,0.1131884753704071,0.00020824636158067733,0.882080078125,0.117919921875,2,711,457,0.08952019363641739,0.2902349829673767,0.2991938591003418,0.2991548776626587,0.019936589859575804,1.0793895152769878e-05,0.019925795964423267,0.016793059651940875
51,mle,1300,0.11688054352998734,0.00020824636158067733,0.8837890625,0.1162109375,2,733,463,0.09372521191835403,0.2929776906967163,0.3058260381221771,0.30452701449394226,0.01831256700898365,2.268974402916033e-07,0.01831234011154361,0.014914798580543884
51,mle,1400,0.11752033233642578,0.00020824636158067733,0.8812255859375,0.1187744140625,2,735,500,0.09254458546638489,0.3028235137462616,0.3037775456905365,0.31924372911453247,0.01791819457576338,2.662928323709894e-05,0.017891565292526636,0.014597474911392946
51,mle,1500,0.11542966216802597,0.00020824636158067733,0.88275146484375,0.11724853515625,2,733,477,0.09120889753103256,0.2977851629257202,0.30169054865837097,0.3116775155067444,0.016250686640709944,3.274190111531277e-06,0.016247412450598617,0.012641967151689623
51,mle,1600,0.11947355419397354,0.00020824636158067733,0.88311767578125,0.11688232421875,2,749,487,0.09543661028146744,0.3010874390602112,0.3087223172187805,0.317249059677124,0.015761307077632125,1.0067853577531787e-06,0.01576030029227476,0.012370245539609623
51,mle,1700,0.11654029041528702,0.00020824636158067733,0.8831787109375,0.1168212890625,2,747,468,0.09295041859149933,0.2948818802833557,0.30462202429771423,0.3074001669883728,0.020094545893520888,7.551060303742207e-07,0.020093790787490805,0.015019624873498269
51,mle,1800,0.11653368175029755,0.00020824636158067733,0.88275146484375,0.11724853515625,2,735,457,0.09305496513843536,0.29330235719680786,0.3049718737602234,0.30354416370391846,0.01597036923413242,3.274190111531277e-06,0.015967095044021162,0.011545717630037852
51,mle,1900,0.11627035588026047,0.00020824636158067733,0.875,0.125,2,712,481,0.090667724609375,0.29548877477645874,0.3009696900844574,0.30847346782684326,0.020138348704499265,0.0003498892516475959,0.019788459452851792,0.016731265955281724
51,mle,2000,0.11623822152614594,0.00020824636158067733,0.88482666015625,0.11517333984375,2,734,478,0.0926482230424881,0.2974698841571808,0.3041704595088959,0.31207340955734253,0.014759205711747825,7.66216697504758e-06,0.014751543544772993,0.01170190597008057
51,mle,2100,0.11670875549316406,0.00020824636158067733,0.88299560546875,0.11700439453125,2,740,485,0.09205006062984467,0.3028002381324768,0.3029640018939972,0.318386971950531,0.01813722157822184,1.6183991253845408e-06,0.01813560317909673,0.014567583647699375
51,mle,2200,0.11703130602836609,0.00020824636158067733,0.88671875,0.11328125,2,741,487,0.09354255348443985,0.3008914291858673,0.30553191900253296,0.31674250960350037,0.020361776286158317,4.8477046092050644e-05,0.020313299240066675,0.016145903378169332
51,mle,2300,0.11587706953287125,0.00020824636158067733,0.88018798828125,0.11981201171875,2,723,459,0.09187722206115723,0.2921898066997528,0.3029610514640808,0.3020823299884796,0.01964797786859407,5.5232331954944546e-05,0.019592745536639387,0.014909104634393752
51,mle,2400,0.11725512146949768,0.00020824636158067733,0.87969970703125,0.12030029296875,2,728,474,0.09297042340040207,0.2948377728462219,0.3046250641345978,0.30739453434944153,0.017212564810328956,7.222980085730022e-05,0.017140335009471867,0.014503761763303355
51,mle,2500,0.11739307641983032,0.00020824636158067733,0.88128662109375,0.11871337890625,2,739,467,0.09359996020793915,0.294024795293808,0.305672287940979,0.3063807785511017,0.01567609285921634,2.5266321090465765e-05,0.015650826538126134,0.010812672700235434
51,mle,2600,0.11455142498016357,0.00020824636158067733,0.88934326171875,0.11065673828125,2,731,482,0.09135126322507858,0.3010101616382599,0.3018767535686493,0.3167418837547302,0.015598945018432175,0.0001642105964629586,0.015434734421969652,0.012549347943827324
51,mle,2700,0.11991546303033829,0.00020824636158067733,0.87652587890625,0.12347412109375,2,738,493,0.09483771026134491,0.2979389727115631,0.307762086391449,0.3127950131893158,0.014876981892307128,0.00023727947675157048,0.014639702415555862,0.011153530090491567
51,mle,2800,0.11918023973703384,0.00020824636158067733,0.88323974609375,0.11676025390625,2,747,481,0.0956626683473587,0.29708021879196167,0.30840855836868286,0.31155404448509216,0.019015648097415294,5.395335489349895e-07,0.019015108563866734,0.015261921618043725
51,mle,2900,0.11632770299911499,0.00020824636158067733,0.8800048828125,0.1199951171875,2,734,455,0.092561274766922,0.29062286019325256,0.3033210337162018,0.2995709180831909,0.020313457331944562,6.134187051487971e-05,0.020252115461429986,0.015414477305280325
51,mle,3000,0.11487902700901031,0.00020824636158067733,0.885498046875,0.114501953125,2,740,455,0.09224238246679306,0.28993895649909973,0.3037078082561493,0.2988869249820709,0.015435879621513493,1.809759680408197e-05,0.015417782024709649,0.010815067079643068
51,mle,3100,0.11696887016296387,0.00020824636158067733,0.87982177734375,0.12017822265625,2,734,483,0.09244949370622635,0.2964746356010437,0.3035959005355835,0.3100661635398865,0.02074759657335079,6.77689166735506e-05,0.020679827656677717,0.01633124206386581
51,mle,3200,0.11673440784215927,0.00020824636158067733,0.8802490234375,0.1197509765625,2,735,482,0.09221527725458145,0.2969662845134735,0.3035142123699188,0.31097060441970825,0.01569605970217225,5.326644874281477e-05,0.01564279325342971,0.01064675473866826
51,mle,3300,0.11414895951747894,0.00020824636158067733,0.88702392578125,0.11297607421875,2,726,449,0.09167212247848511,0.29062438011169434,0.30269888043403625,0.30033957958221436,0.015620565821159005,5.838440207678319e-05,0.015562181419082565,0.011199513545984682
51,mle,3400,0.11582935601472855,0.00020824636158067733,0.8817138671875,0.1182861328125,2,735,460,0.09212762862443924,0.29250380396842957,0.30319175124168396,0.30306121706962585,0.01702029592052412,1.6723488964066023e-05,0.01700357243156026,0.012689622149305232
51,mle,3500,0.11776801943778992,0.00020824636158067733,0.8837890625,0.1162109375,2,742,492,0.09360210597515106,0.30155083537101746,0.30583369731903076,0.3185175061225891,0.016177082103972396,2.268974402916033e-07,0.016176855206532247,0.011361397214609478
51,mle,3600,0.11669132113456726,0.00020824636158067733,0.88238525390625,0.11761474609375,2,740,481,0.09276674687862396,0.29618149995803833,0.3042827248573303,0.3099003732204437,0.01472251457817464,6.837333399538001e-06,0.014715677244775375,0.01171667251150664
51,mle,3700,0.11936283856630325,0.00020824636158067733,0.88238525390625,0.11761474609375,2,746,484,0.09546102583408356,0.29868221282958984,0.3083518147468567,0.3138972818851471,0.016471460127654325,6.837333399538001e-06,0.01646462279425508,0.01311099616691079
51,mle,3800,0.11721234768629074,0.00020824636158067733,0.8853759765625,0.1146240234375,2,748,472,0.09425771981477737,0.29451796412467957,0.3069640100002289,0.30711036920547485,0.015608637179688856,1.5870233359576314e-05,0.015592766946329648,0.01181658711106591
51,mle,3900,0.11425010859966278,0.00020824636158067733,0.88494873046875,0.11505126953125,2,733,469,0.0908288061618805,0.29440152645111084,0.30087172985076904,0.3072066903114319,0.01956252432210448,9.22986126228125e-06,0.01955329446084255,0.014909372971710563
51,mle,4000,0.11666104197502136,0.00020824636158067733,0.882080078125,0.117919921875,2,739,469,0.09270966798067093,0.295825332403183,0.30428415536880493,0.30890581011772156,0.013422628043194607,1.0793895152769878e-05,0.013411834148042001,0.011344498199146055
51,mle,4100,0.11795683205127716,0.00020824636158067733,0.8822021484375,0.1177978515625,2,745,495,0.09354482591152191,0.3007812201976776,0.3057953417301178,0.31719961762428284,0.01694840613054538,9.103712876214112e-06,0.01693930241766959,0.012516316500518751
51,mle,4200,0.11533236503601074,0.00020824636158067733,0.8837890625,0.1162109375,2,731,473,0.09155508130788803,0.296159565448761,0.30242985486984253,0.309967041015625,0.017144861460842264,2.268974402916033e-07,0.01714463456340225,0.012157648926627171
51,mle,4300,0.11714278906583786,0.00020824636158067733,0.878662109375,0.121337890625,2,742,473,0.09293542057275772,0.2924392521381378,0.30464261770248413,0.302687406539917,0.017863842237424876,0.00011581993608319237,0.017748022301342044,0.011368792912658118
51,mle,4400,0.11738137155771255,0.00020824636158067733,0.8814697265625,0.1185302734375,2,748,472,0.09365647286176682,0.29381540417671204,0.30586814880371094,0.3062468469142914,0.016283893241784142,2.139114395656276e-05,0.01626250209782782,0.012163231295967289
51,mle,4500,0.11703550815582275,0.00020824636158067733,0.88250732421875,0.11749267578125,2,744,479,0.0930790901184082,0.29697614908218384,0.3048531711101532,0.3112775385379791,0.014309451781450377,5.505864430475817e-06,0.014303945917020285,0.010838898831248098
51,mle,4600,0.11939407140016556,0.00020824636158067733,0.87615966796875,0.12384033203125,2,742,481,0.09431444853544235,0.2968301475048065,0.3066984713077545,0.31099486351013184,0.016760589017216887,0.0002623523973964174,0.016498236619820847,0.01254223682303289
51,mle,4700,0.11738321185112,0.00020824636158067733,0.8818359375,0.1181640625,2,734,478,0.09321668744087219,0.29773345589637756,0.30451473593711853,0.31248265504837036,0.017137460153030304,1.4603911402492073e-05,0.01712285624162814,0.015348655049133395
51,mle,4800,0.11465097963809967,0.00020824636158067733,0.88818359375,0.11181640625,2,741,471,0.09207691997289658,0.29396194219589233,0.303162157535553,0.3063875138759613,0.01747142851018424,0.00010452676171889257,0.01736690174846556,0.01415347769329399
51,mle,4900,0.11875736713409424,0.00020824636158067733,0.87982177734375,0.12017822265625,2,746,462,0.09536948055028915,0.2899795472621918,0.3085385262966156,0.2991103529930115,0.01566498122411275,6.77689166735506e-05,0.015597212307439656,0.011794779348970205
51,mle,5000,0.11759644001722336,0.00020824636158067733,0.8837890625,0.1162109375,2,740,503,0.0930248275399208,0.30446451902389526,0.30494192242622375,0.322035014629364,0.01437664135010408,2.268974402916033e-07,0.014376414452664054,0.011132362532630377
51,warm,0,0.11759644001722336,0.00020824636158067733,0.8837890625,0.1162109375,2,740,503,0.0930248275399208,0.30446451902389526,0.30494192242622375,0.322035014629364,0.01437664135010408,2.268974402916033e-07,0.014376414452664054,0.011132362532630377
51,warm,20,0.11470937728881836,0.00020824636158067733,0.884033203125,0.115966796875,2,729,471,0.0912908986210823,0.2932322323322296,0.302028626203537,0.30531975626945496,0.011443470660019273,1.030290218628218e-06,0.011442440369801035,0.008833971137614735
51,warm,40,0.11442488431930542,0.00020824636158067733,0.884521484375,0.115478515625,2,730,470,0.09111049771308899,0.2930043339729309,0.30176815390586853,0.30495092272758484,0.011639503435439735,4.382354048857546e-06,0.011635121081391094,0.008820582502489724
51,warm,60,0.11427618563175201,0.00020824636158067733,0.88494873046875,0.11505126953125,2,736,471,0.09107653796672821,0.29272276163101196,0.3017123341560364,0.3044971823692322,0.011976608781701259,9.22986126228125e-06,0.011967378920439215,0.009036401389716939
51,warm,80,0.1144171878695488,0.00020824636158067733,0.88421630859375,0.11578369140625,2,732,475,0.09104181081056595,0.29293009638786316,0.30163466930389404,0.30483007431030273,0.011568135342535868,2.0143230913347715e-06,0.01156612101944476,0.00901278161586104
51,warm,100,0.11472786217927933,0.00020824636158067733,0.88494873046875,0.11505126953125,2,734,471,0.09153977036476135,0.29308557510375977,0.3024526536464691,0.3050660490989685,0.01196650771526464,9.22986126228125e-06,0.011957277854002725,0.009033602532549576
51,warm,120,0.11494135111570358,0.00020824636158067733,0.88427734375,0.11572265625,2,737,469,0.09169316291809082,0.29258888959884644,0.30269649624824524,0.3042801320552826,0.011907635981337705,2.4150871767717385e-06,0.011905220894161243,0.009116143425894715
51,warm,140,0.11462891101837158,0.00020824636158067733,0.8851318359375,0.1148681640625,2,734,467,0.09144430607557297,0.2932809591293335,0.3023206889629364,0.30541253089904785,0.012662026529874026,1.1855862525988418e-05,0.012650170667348453,0.009117930255565607
51,warm,160,0.11387660354375839,0.00020824636158067733,0.88519287109375,0.11480712890625,2,728,462,0.09088330715894699,0.2911609709262848,0.3013920485973358,0.3019152581691742,0.012277252161588592,1.2804453208918251e-05,0.012264447708379974,0.009384921585701686
51,warm,180,0.11420359462499619,0.00020824636158067733,0.88616943359375,0.11383056640625,2,735,465,0.0912841260433197,0.2926312983036041,0.30204716324806213,0.3043367564678192,0.011564072538753578,3.297879875076206e-05,0.011531093740002916,0.009123211356604752
51,warm,200,0.11362515389919281,0.00020824636158067733,0.88629150390625,0.11370849609375,2,725,459,0.09077125042676926,0.29175806045532227,0.30122873187065125,0.3028838038444519,0.011201489673844378,3.616389655127731e-05,0.011165325777293202,0.009274312223392353
51,warm,220,0.11422497034072876,0.00020824636158067733,0.88641357421875,0.11358642578125,2,733,455,0.09151066839694977,0.29148444533348083,0.30243581533432007,0.3024403154850006,0.011941886267599955,3.949685434626905e-05,0.011902389413254059,0.009220177039646824
51,warm,240,0.11430800706148148,0.00020824636158067733,0.8856201171875,0.1143798828125,2,730,470,0.0911833792924881,0.29335737228393555,0.3019048869609833,0.3054782748222351,0.012452767129438769,2.047192719925508e-05,0.012432295202239697,0.00963061725746682
51,warm,260,0.11385922133922577,0.00020824636158067733,0.886962890625,0.113037109375,2,728,458,0.09124644100666046,0.29129382967948914,0.3019809126853943,0.30214500427246094,0.011657753789044989,5.632865305032087e-05,0.011601425135995016,0.009376142466176116
51,warm,280,0.1139449030160904,0.00020824636158067733,0.885009765625,0.114990234375,2,724,466,0.09079716354608536,0.29209890961647034,0.3012428879737854,0.30344465374946594,0.014136898834117062,1.0068583476220477e-05,0.014126830250640907,0.01054512796076322
51,warm,300,0.11380204558372498,0.00020824636158067733,0.885498046875,0.114501953125,2,727,460,0.09087042510509491,0.29114317893981934,0.3013584315776825,0.3018973171710968,0.012181770013562243,1.809759680408197e-05,0.012163672416758427,0.009306628192684893
51,warm,320,0.11435460299253464,0.00020824636158067733,0.8853759765625,0.1146240234375,2,730,467,0.09126191586256027,0.2927264869213104,0.3020291030406952,0.30449673533439636,0.012400258067650327,1.5870233359576314e-05,0.012384387834291088,0.008834912595598307
51,warm,340,0.11420612037181854,0.00020824636158067733,0.8863525390625,0.1136474609375,2,730,461,0.09152394533157349,0.29110753536224365,0.30241161584854126,0.3017740547657013,0.011893741834505533,3.781188429920288e-05,0.011855929950206658,0.008679660933235009
51,warm,360,0.11395081132650375,0.00020824636158067733,0.8853759765625,0.1146240234375,2,725,461,0.09088132530450821,0.29214364290237427,0.3013891279697418,0.3035392165184021,0.011836900787606908,1.5870233359576314e-05,0.011821030554247769,0.008941409513904527
51,warm,380,0.1134968027472496,0.00020824636158067733,0.885986328125,0.114013671875,2,725,457,0.0907081589102745,0.29058459401130676,0.3010917901992798,0.30091461539268494,0.012186131248022036,2.8478087271925547e-05,0.0121576531607503,0.008977946782802046
51,warm,400,0.11426740884780884,0.00020824636158067733,0.885498046875,0.114501953125,2,729,467,0.09115664660930634,0.2929938733577728,0.3018319010734558,0.3049399256706238,0.011500144963797254,1.809759680408197e-05,0.01148204736699348,0.008789164269951452
51,warm,420,0.11436042189598083,0.00020824636158067733,0.8851318359375,0.1148681640625,2,727,466,0.09122730046510696,0.29261574149131775,0.30194753408432007,0.30432063341140747,0.012348157270757554,1.1855862525988418e-05,0.01233630140823213,0.008769357141541131
51,warm,440,0.11436371505260468,0.00020824636158067733,0.88580322265625,0.11419677734375,2,734,469,0.09126512706279755,0.2935352325439453,0.3019998073577881,0.3058202266693115,0.012841234148076808,2.4309284651640502e-05,0.012816924863425385,0.008698276507170685
51,warm,460,0.11447249352931976,0.00020824636158067733,0.8848876953125,0.1151123046875,2,727,461,0.09133796393871307,0.29231154918670654,0.3021285831928253,0.30382049083709717,0.012594564691248422,8.427728054539053e-06,0.012586136963194163,0.008789482520337497
51,warm,480,0.11515147984027863,0.00020824636158067733,0.88543701171875,0.11456298828125,2,733,465,0.09208415448665619,0.29343482851982117,0.30335283279418945,0.3056241571903229,0.012989699470203675,1.696555273700295e-05,0.012972733917467148,0.008734920245155972
51,warm,500,0.11412215232849121,0.00020824636158067733,0.88543701171875,0.11456298828125,2,730,459,0.09103245288133621,0.2925782799720764,0.301581472158432,0.30423977971076965,0.01172629455032137,1.696555273700295e-05,0.011709328997584758,0.00888416423662873
51,warm,520,0.11459784209728241,0.00020824636158067733,0.88446044921875,0.11553955078125,2,730,461,0.09149464219808578,0.29145389795303345,0.30237045884132385,0.3023800551891327,0.012154007720532434,3.835872321578679e-06,0.012150171848211298,0.008889903803033103
51,warm,540,0.11420624703168869,0.00020824636158067733,0.8853759765625,0.1146240234375,2,731,457,0.0913754403591156,0.29055529832839966,0.30218005180358887,0.3008730113506317,0.012933703223829696,1.5870233359576314e-05,0.012917832990470642,0.0089163628883807
51,warm,560,0.11388500034809113,0.00020824636158067733,0.88690185546875,0.11309814453125,2,732,457,0.09131432324647903,0.2908814251422882,0.3020930290222168,0.3014487624168396,0.01184520299357672,5.431006042537056e-05,0.011790892933151834,0.008922677459163406
51,warm,580,0.11422590911388397,0.00020824636158067733,0.88665771484375,0.11334228515625,2,738,456,0.09164337813854218,0.290885329246521,0.3026132583618164,0.301445335149765,0.012008828213588174,4.660690430162515e-05,0.011962221309286921,0.008895554959276505
51,warm,600,0.11429129540920258,0.00020824636158067733,0.88665771484375,0.11334228515625,2,732,460,0.09162251651287079,0.2916254699230194,0.3025761544704437,0.30263301730155945,0.01221665228950286,4.660690430162515e-05,0.012170045385201445,0.009145581724847016
51,warm,620,0.11372169852256775,0.00020824636158067733,0.88623046875,0.11376953125,2,728,463,0.09097092598676682,0.2909434139728546,0.30152180790901184,0.30155953764915466,0.01161646281689599,3.45528737973784e-05,0.01158190994309893,0.00916013142090831
51,warm,640,0.11415409296751022,0.00020824636158067733,0.885986328125,0.114013671875,2,738,465,0.09133152663707733,0.29150545597076416,0.30205613374710083,0.3024727404117584,0.011755511816595288,2.8478087271925547e-05,0.01172703372932349,0.009278718848913722
51,warm,660,0.11422235518693924,0.00020824636158067733,0.88604736328125,0.11395263671875,2,736,461,0.09134005010128021,0.2921454906463623,0.30214354395866394,0.30354973673820496,0.012994638928653046,2.994142272744974e-05,0.012964697505925944,0.009285119916280546
51,warm,680,0.11401356756687164,0.00020824636158067733,0.8858642578125,0.1141357421875,2,734,465,0.091180220246315,0.29123446345329285,0.3018515706062317,0.3020503520965576,0.012361567304473908,2.566203541708124e-05,0.012335905269057007,0.009088171872685943
51,warm,700,0.11451666802167892,0.00020824636158067733,0.8856201171875,0.1143798828125,2,739,467,0.09162932634353638,0.2917287349700928,0.3025863766670227,0.30286282300949097,0.012332181927199315,2.047192719925508e-05,0.012311710000000285,0.008939150183546171
51,warm,720,0.11406424641609192,0.00020824636158067733,0.88543701171875,0.11456298828125,2,733,463,0.09113758057355881,0.2912602722644806,0.3018186688423157,0.30207177996635437,0.012160877170394713,1.696555273700295e-05,0.012143911617658102,0.009067440130133927
51,warm,740,0.11414912343025208,0.00020824636158067733,0.8863525390625,0.1136474609375,2,733,458,0.09155067801475525,0.290397584438324,0.3024859130382538,0.3006603419780731,0.01205002767601826,3.781188429920288e-05,0.012012215791719507,0.009025019209043403
51,warm,760,0.11399973183870316,0.00020824636158067733,0.88592529296875,0.11407470703125,2,734,453,0.09127547591924667,0.29048052430152893,0.30203157663345337,0.3007658123970032,0.011936544332279198,2.7051630565939032e-05,0.011909492701713575,0.00898288769644294
51,warm,780,0.11380971968173981,0.00020824636158067733,0.88555908203125,0.11444091796875,2,731,453,0.0909673422574997,0.290567010641098,0.3015335500240326,0.3009299039840698,0.012225913830484103,1.9266382604199613e-05,0.012206647447880394,0.008804089696463943
51,warm,800,0.11324036866426468,0.00020824636158067733,0.88592529296875,0.11407470703125,2,728,460,0.09028175473213196,0.29154127836227417,0.30040329694747925,0.30254846811294556,0.013583624426978247,2.7051630565939032e-05,0.013556572796412583,0.010053247898435966
51,warm,820,0.1139087826013565,0.00020824636158067733,0.88702392578125,0.11297607421875,2,730,449,0.09142187237739563,0.29046326875686646,0.302284300327301,0.3007603585720062,0.012936079988143945,5.838440207678319e-05,0.012877695586067384,0.010030409882569966
51,warm,840,0.11437065899372101,0.00020824636158067733,0.88555908203125,0.11444091796875,2,736,466,0.09140424430370331,0.29208773374557495,0.30223318934440613,0.3034427762031555,0.013385677725459288,1.9266382604199613e-05,0.013366411342855572,0.008942269561198354
51,warm,860,0.11316202580928802,0.00020824636158067733,0.8870849609375,0.1129150390625,2,725,454,0.09060049802064896,0.2904103100299835,0.30091893672943115,0.3005763292312622,0.012257483661237245,6.047732502037755e-05,0.012197006336217276,0.008509804081081693
51,warm,880,0.11435455828905106,0.00020824636158067733,0.885986328125,0.114013671875,2,732,459,0.09127786755561829,0.2936806380748749,0.30203792452812195,0.3060314655303955,0.01217282603538905,2.8478087271925547e-05,0.012144347948117269,0.008596544606230036
51,warm,900,0.11400860548019409,0.00020824636158067733,0.8856201171875,0.1143798828125,2,737,461,0.09105173498392105,0.2917589545249939,0.30165234208106995,0.30287376046180725,0.01228684237940314,2.047192719925508e-05,0.012266370452204073,0.008840067305977736
51,warm,920,0.11446702480316162,0.00020824636158067733,0.8857421875,0.1142578125,2,734,460,0.09164806455373764,0.29136282205581665,0.3026459813117981,0.3021980822086334,0.012630867859847683,2.2993361114625847e-05,0.012607874498733277,0.00873176908612093
51,warm,940,0.114127978682518,0.00020824636158067733,0.88568115234375,0.11431884765625,2,729,464,0.09120392054319382,0.2917313277721405,0.301920086145401,0.30284854769706726,0.012713171127693101,2.1714247669711063e-05,0.012691456880023695,0.008720426719487459
51,warm,960,0.1144358292222023,0.00020824636158067733,0.88671875,0.11328125,2,726,465,0.09154413640499115,0.29362255334854126,0.3024766147136688,0.30597764253616333,0.013250596283619132,4.8477046092050644e-05,0.013202119237527458,0.009094987458634005
51,warm,980,0.11378609389066696,0.00020824636158067733,0.88775634765625,0.11224365234375,2,731,464,0.0914197489619255,0.2906857430934906,0.30222442746162415,0.3010900318622589,0.012581788691754525,8.59579847680425e-05,0.012495830706986979,0.008985507965230663
51,warm,1000,0.11391547322273254,0.00020824636158067733,0.88677978515625,0.11322021484375,2,733,469,0.09113290905952454,0.2923562824726105,0.30180808901786804,0.3038950264453888,0.012709676430681327,5.0384274413768724e-05,0.012659292156267841,0.008552099710182101
51,warm,1020,0.11391977965831757,0.00020824636158067733,0.88690185546875,0.11309814453125,2,740,460,0.0912625715136528,0.29159489274024963,0.30202025175094604,0.30261656641960144,0.012309357655617248,5.431006042537056e-05,0.012255047595192334,0.00827797712667687
51,warm,1040,0.11369281262159348,0.00020824636158067733,0.88519287109375,0.11480712890625,2,729,462,0.090628981590271,0.29152098298072815,0.30097874999046326,0.30252039432525635,0.0124297697046174,1.2804453208918251e-05,0.012416965251408785,0.00850048856340889
51,warm,1060,0.11449179798364639,0.00020824636158067733,0.8843994140625,0.1156005859375,2,729,469,0.09136735647916794,0.2914048731327057,0.30218377709388733,0.30223193764686584,0.012353223461836649,3.325845086035533e-06,0.012349897616751,0.008575812565363758
51,warm,1080,0.11505352705717087,0.00020824636158067733,0.8841552734375,0.1158447265625,2,735,467,0.09174409508705139,0.29295670986175537,0.3027513027191162,0.3048499822616577,0.012518709511645909,1.6499466741831063e-06,0.01251705956497216,0.008780473713381962
51,warm,1100,0.11424713581800461,0.00020824636158067733,0.8846435546875,0.1153564453125,2,732,467,0.09111633151769638,0.2916322350502014,0.3017372190952301,0.30270636081695557,0.012272019118249489,5.5847480002313e-06,0.012266434370249525,0.008594183870850411
51,warm,1120,0.11410900205373764,0.00020824636158067733,0.88519287109375,0.11480712890625,2,733,463,0.09112539142370224,0.2913186252117157,0.3017873466014862,0.30216965079307556,0.01224236413400348,1.2804453208918251e-05,0.012229559680794918,0.008520748823907506
51,warm,1140,0.11408355087041855,0.00020824636158067733,0.88555908203125,0.11444091796875,2,731,460,0.0912179946899414,0.2910201847553253,0.3019479215145111,0.3016529083251953,0.012655614272084392,1.9266382604199613e-05,0.01263634788948062,0.008612472827048787
51,warm,1160,0.11434593796730042,0.00020824636158067733,0.885498046875,0.114501953125,2,733,463,0.09144636243581772,0.29143935441970825,0.30228883028030396,0.30237841606140137,0.013176718101753693,1.809759680408197e-05,0.013158620504949849,0.008730862800116465
51,warm,1180,0.11447744071483612,0.00020824636158067733,0.88525390625,0.11474609375,2,731,466,0.09144947677850723,0.2921358048915863,0.3022836148738861,0.3035166263580322,0.012719513387132508,1.3789700592723103e-05,0.012705723686540143,0.008969387397196424
51,warm,1200,0.11465255916118622,0.00020824636158067733,0.8856201171875,0.1143798828125,2,736,459,0.09174665808677673,0.29200831055641174,0.3027345836162567,0.3033224642276764,0.013103308669819569,2.047192719925508e-05,0.013082836742620596,0.00875019678755505
51,warm,1220,0.1139950379729271,0.00020824636158067733,0.885498046875,0.114501953125,2,729,455,0.09119286388158798,0.2903350591659546,0.30190011858940125,0.3005444407463074,0.012245868657196013,1.809759680408197e-05,0.012227771060392292,0.008792254245458916
51,warm,1240,0.11388763040304184,0.00020824636158067733,0.88641357421875,0.11358642578125,2,730,462,0.09119760990142822,0.29095762968063354,0.30188655853271484,0.3015734851360321,0.012263231402179997,3.949685434626905e-05,0.012223734547834243,0.008818250841836725
51,warm,1260,0.11371220648288727,0.00020824636158067733,0.88671875,0.11328125,2,738,466,0.09101297706365585,0.29139241576194763,0.30159786343574524,0.3023005425930023,0.012228853317360233,4.8477046092050644e-05,0.012180376271268474,0.008745973901791312
51,warm,1280,0.1140473335981369,0.00020824636158067733,0.88690185546875,0.11309814453125,2,733,468,0.09141968935728073,0.2914905846118927,0.3022938072681427,0.3024581968784332,0.01214424838763506,5.431006042537056e-05,0.012089938327210014,0.008701128937213962
51,warm,1300,0.11385515332221985,0.00020824636158067733,0.88641357421875,0.11358642578125,2,737,457,0.09124039113521576,0.2903377115726471,0.3019742965698242,0.3005463480949402,0.01142134023830721,3.949685434626905e-05,0.011381843383961324,0.008549891064144485
51,warm,1320,0.11355887353420258,0.00020824636158067733,0.88604736328125,0.11395263671875,2,730,455,0.09087641537189484,0.28992804884910583,0.3013806641101837,0.2998736500740051,0.011222955520501898,2.994142272744974e-05,0.011193014097774527,0.0089365397591291
51,warm,1340,0.11502543836832047,0.00020824636158067733,0.88555908203125,0.11444091796875,2,734,469,0.09216523915529251,0.29192066192626953,0.3034391403198242,0.30318161845207214,0.013322104980765914,1.9266382604199613e-05,0.013302838598162097,0.008834457593588904
51,warm,1360,0.1143948957324028,0.00020824636158067733,0.88568115234375,0.11431884765625,2,737,464,0.09150195121765137,0.29175713658332825,0.30240702629089355,0.3029087483882904,0.012101281686049958,2.1714247669711063e-05,0.012079567438380498,0.008627014163034782
51,warm,1380,0.1143171638250351,0.00020824636158067733,0.8863525390625,0.1136474609375,2,735,465,0.0916006863117218,0.2914859652519226,0.302577942609787,0.3024580776691437,0.011869061535257686,3.781188429920288e-05,0.011831249650958903,0.008577083311361075
51,warm,1400,0.11373183131217957,0.00020824636158067733,0.8856201171875,0.1143798828125,2,733,462,0.09096740186214447,0.289992094039917,0.3015010952949524,0.29995065927505493,0.01106195342872951,2.047192719925508e-05,0.011041481501530434,0.00891048635207424
51,warm,1420,0.11347109824419022,0.00020824636158067733,0.88519287109375,0.11480712890625,2,732,470,0.09053219109773636,0.2903359532356262,0.30082547664642334,0.30051860213279724,0.011437076424776649,1.2804453208918251e-05,0.011424271971567947,0.009343897015464772
51,warm,1440,0.11392948031425476,0.00020824636158067733,0.8857421875,0.1142578125,2,735,458,0.09120291471481323,0.29010888934135437,0.30194684863090515,0.300171822309494,0.01179630714687363,2.2993361114625847e-05,0.011773313785759219,0.008502040350545012
51,warm,1460,0.11420931667089462,0.00020824636158067733,0.884521484375,0.115478515625,2,735,465,0.09132160246372223,0.2895205020904541,0.30212488770484924,0.2991569936275482,0.011904538253297403,4.382354048857546e-06,0.011900155899248786,0.008393771227242705
51,warm,1480,0.1136632114648819,0.00020824636158067733,0.884765625,0.115234375,2,727,468,0.09047261625528336,0.29171982407569885,0.30072200298309326,0.3027663826942444,0.011889480637186978,6.933161164135405e-06,0.011882547476023117,0.009270619085550588
51,warm,1500,0.11468788981437683,0.00020824636158067733,0.8851318359375,0.1148681640625,2,736,463,0.09180916100740433,0.2909829318523407,0.3029267489910126,0.30160728096961975,0.012168033638594977,1.1855862525988418e-05,0.012156177776069409,0.008197399417663273
51,warm,1520,0.11392611265182495,0.00020824636158067733,0.88482666015625,0.11517333984375,2,732,466,0.0908871591091156,0.2909242808818817,0.3014107048511505,0.30150097608566284,0.011047747270644948,7.66216697504758e-06,0.011040085103670078,0.008458715595447738
51,warm,1540,0.11456171423196793,0.00020824636158067733,0.8848876953125,0.1151123046875,2,737,467,0.09160639345645905,0.2910231947898865,0.30256733298301697,0.30169013142585754,0.011337422941146258,8.427728054539053e-06,0.011328995213091926,0.008414752549692803
51,warm,1560,0.11478319019079208,0.00020824636158067733,0.884765625,0.115234375,2,729,463,0.0918334573507309,0.29099053144454956,0.3028615415096283,0.30159324407577515,0.012415982401584813,6.933161164135405e-06,0.012409049240420997,0.008850679013671633
51,warm,1580,0.11511506885290146,0.00020824636158067733,0.88385009765625,0.11614990234375,2,737,466,0.0920855849981308,0.29035940766334534,0.3032852113246918,0.3004217743873596,0.010503595062623106,3.732971035144976e-07,0.010503221765519918,0.009260909683912341
51,warm,1600,0.11418159306049347,0.00020824636158067733,0.8861083984375,0.1138916015625,2,733,465,0.09135527908802032,0.29177650809288025,0.3021200895309448,0.30289125442504883,0.010563203989299552,3.144165414372844e-05,0.010531762335156115,0.00896284821032621
51,warm,1620,0.1138005256652832,0.00020824636158067733,0.88543701171875,0.11456298828125,2,731,463,0.09107982367277145,0.28940480947494507,0.3017386496067047,0.29891642928123474,0.01072090667440051,1.696555273700295e-05,0.010703941121663844,0.00887780860034125
51,warm,1640,0.11441291868686676,0.00020824636158067733,0.8853759765625,0.1146240234375,2,733,462,0.09156516939401627,0.2908928394317627,0.30252739787101746,0.30146828293800354,0.010857368721922,1.5870233359576314e-05,0.010841498488562848,0.008550107829473727
51,warm,1660,0.1145249754190445,0.00020824636158067733,0.88531494140625,0.11468505859375,2,735,467,0.09163796901702881,0.2912019193172455,0.30260658264160156,0.3019849956035614,0.011647682896004596,1.4811621646955257e-05,0.011632871274357895,0.008917899170451146
51,warm,1680,0.11461004614830017,0.00020824636158067733,0.8856201171875,0.1143798828125,2,737,463,0.0919254794716835,0.29025208950042725,0.3030860126018524,0.30041491985321045,0.011188922927253486,2.047192719925508e-05,0.011168451000054478,0.0084174240121183
51,warm,1700,0.11467072367668152,0.00020824636158067733,0.88604736328125,0.11395263671875,2,735,465,0.09198116511106491,0.29109522700309753,0.30317530035972595,0.3017961382865906,0.010436941681113865,2.994142272744974e-05,0.010407000258386503,0.008397283077324555
51,warm,1720,0.11386433243751526,0.00020824636158067733,0.88671875,0.11328125,2,741,465,0.09114829450845718,0.2916760742664337,0.30185163021087646,0.302766352891922,0.010768155979171468,4.8477046092050644e-05,0.010719678933079829,0.008474358460484818
51,warm,1740,0.11445270478725433,0.00020824636158067733,0.88555908203125,0.11444091796875,2,731,460,0.0917283296585083,0.2902969419956207,0.30277740955352783,0.30048781633377075,0.010968582468926513,1.9266382604199613e-05,0.010949316086322644,0.008555568697597646
51,warm,1760,0.11481423676013947,0.00020824636158067733,0.8843994140625,0.1156005859375,2,739,467,0.09197826683521271,0.2895202934741974,0.30312609672546387,0.29919305443763733,0.010477407981674958,3.325845086035533e-06,0.010474082136589187,0.008500223740379606
51,warm,1780,0.11417866498231888,0.00020824636158067733,0.88507080078125,0.11492919921875,2,734,464,0.09143318980932236,0.2893417477607727,0.30226343870162964,0.2989002466201782,0.010439365746428564,1.0943911592751392e-05,0.010428421834836187,0.00838115596820442
51,warm,1800,0.11422988772392273,0.00020824636158067733,0.8853759765625,0.1146240234375,2,735,461,0.0915512815117836,0.2894034683704376,0.3025248348712921,0.2989863455295563,0.010152540868880067,1.5870233359576314e-05,0.010136670635520954,0.008203363199977484
51,warm,1820,0.11412174999713898,0.00020824636158067733,0.8853759765625,0.1146240234375,2,733,464,0.09133151918649673,0.2901574671268463,0.3021045923233032,0.3001231849193573,0.010293867821751235,1.5870233359576314e-05,0.010277997588392124,0.008624695337171015
51,warm,1840,0.11423307657241821,0.00020824636158067733,0.88616943359375,0.11383056640625,2,736,460,0.09172508120536804,0.28945744037628174,0.30274149775505066,0.2990659177303314,0.010039870620680347,3.297879875076206e-05,0.010006891821929804,0.008356536950709578
51,warm,1860,0.113973468542099,0.00020824636158067733,0.8863525390625,0.1136474609375,2,736,462,0.09146153926849365,0.2895471453666687,0.3023507297039032,0.29921868443489075,0.009061549187030948,3.781188429920288e-05,0.00902373730273219,0.008329820638432447
51,warm,1880,0.1136108785867691,0.00020824636158067733,0.88623046875,0.11376953125,2,729,464,0.09104957431554794,0.289356529712677,0.3016586899757385,0.298868328332901,0.009789466116494339,3.45528737973784e-05,0.009754913242697318,0.008225461403749232
51,warm,1900,0.11421208083629608,0.00020824636158067733,0.88616943359375,0.11383056640625,2,732,461,0.09161470085382462,0.2901323437690735,0.30258384346961975,0.3001256585121155,0.00937810444957421,3.297879875076206e-05,0.00934512565082366,0.008183287843389717
51,warm,1920,0.1136283203959465,0.00020824636158067733,0.88604736328125,0.11395263671875,2,733,459,0.09106113016605377,0.28910133242607117,0.3016708791255951,0.2984657883644104,0.009807982144415917,2.994142272744974e-05,0.009778040721688561,0.00845560096171992
51,warm,1940,0.11299683898687363,0.00020824636158067733,0.886474609375,0.113525390625,2,726,466,0.09036725014448166,0.28970229625701904,0.30056318640708923,0.2993922531604767,0.00988109197788134,4.121882401711321e-05,0.009839873153864576,0.009066212363218237
51,warm,1960,0.11406075209379196,0.00020824636158067733,0.8863525390625,0.1136474609375,2,738,466,0.09122823923826218,0.29213467240333557,0.3020118772983551,0.3034082055091858,0.00986066722617096,3.781188429920288e-05,0.00982285534187214,0.008340810899649095
51,warm,1980,0.11395735293626785,0.00020824636158067733,0.88629150390625,0.11370849609375,2,732,462,0.09142318367958069,0.2895979881286621,0.3022511601448059,0.2993083894252777,0.009894446059483641,3.616389655127731e-05,0.009858282162932504,0.008361636014565174
51,warm,2000,0.11381418257951736,0.00020824636158067733,0.88580322265625,0.11419677734375,2,734,458,0.0910518541932106,0.29037734866142273,0.30165985226631165,0.30062785744667053,0.008698932790871083,2.4309284651640502e-05,0.008674623506219684,0.008113061435547006
